YYYYMM,date,cp_balance_amt,abcp_balance_amt,ab_balance_amt,cp_balance_share,abcp_balance_share,ab_balance_share,cp_share_baseline,abcp_share_baseline,ab_share_baseline,cp_share_z,abcp_share_z,ab_share_z,balance_core,credit_core,tenor_core,precursor_avg,precursor_max,MSI_precursor_v562_raw,trend_avg,trend_max,MSI_trend_v562_raw,MSI_total_v562_raw,hidden_risk_boost_v562,MSI_precursor_v562,MSI_trend_v562,MSI_total_v562,MSI_precursor_v562_상태,MSI_trend_v562_상태,MSI_v562_상태,anchor_month_v562,anchor_raw_v562,target_anchor_v562,scale_factor_v562,total_balance_amt,cp_issue_share_top,cp_issue_share_high,ab_issue_share_top,ab_issue_share_high,abcp_short_pressure,ab_short_pressure,cp_short_pressure,cp_share_risk,abcp_share_risk,ab_share_risk,cp_credit_top_z,cp_credit_top_risk,cp_credit_high_z,cp_credit_high_risk,cp_credit_core,ab_credit_top_z,ab_credit_top_risk,ab_credit_high_z,ab_credit_high_risk,ab_credit_core,abcp_tenor_z,abcp_tenor_risk,ab_tenor_z,ab_tenor_risk,cp_tenor_z,cp_tenor_risk
201601,2016-01-01,35117600000000.0,90478100000000.0,22034800000000.0,0.23787496486159704,0.6128686145478068,0.14925642059059613,,,,,,,,,,,0.0,,,0.0,,,0.0,,,,-,-,-,202210,0.4805479311485996,1.0,2.080957871590067,147630500000000.0,0.8392034194989163,0.1504338509781321,0.535560457715363,0.4225481306380477,0.0870893137491005,0.10529065292604001,0.5368187750538268,,,,,,,,,,,,,,,,,,,
201602,2016-02-01,33980200000000.0,90587400000000.0,22316400000000.0,0.23134037744070152,0.6167274856349227,0.1519321369243757,,,,,,,,,,,0.0,,,0.0,,,0.0,,,,-,-,-,202210,0.4805479311485996,1.0,2.080957871590067,146884000000000.0,0.8324460352035397,0.1570146640107574,0.470726253323686,0.4742338028923885,0.0715550364977668,0.1167830111332043,0.5243342367226071,,,,,,,,,,,,,,,,,,,
201603,2016-03-01,34839900000000.0,93314800000000.0,22975300000000.0,0.2305293455965063,0.6174472308608483,0.1520234235426454,,,,,,,,,,,0.0,,,0.0,,,0.0,,,,-,-,-,202210,0.4805479311485996,1.0,2.080957871590067,151130000000000.0,0.8311318233628047,0.1485956125175954,0.5806581655719224,0.3501354791490873,0.1751777815269013,0.4117821479423279,0.4780260217499466,,,,,,,,,,,,,,,,,,,
201604,2016-04-01,34477500000000.0,92927700000000.0,23516400000000.0,0.22844642516379365,0.6157349246231156,0.15581865021309077,,,,,,,,,,,0.0,,,0.0,,,0.0,,,,-,-,-,202210,0.4805479311485996,1.0,2.080957871590067,150921600000000.0,0.8054965340439688,0.1776372865134285,0.660272653027035,0.3044581382045989,0.1008738857843644,0.370961706437742,0.4971265182514432,,,,,,,,,,,,,,,,,,,
201605,2016-05-01,33393400000000.0,95659800000000.0,23685600000000.0,0.21863076048783936,0.6262966580855683,0.15507258142659233,,,,,,,,,,,0.0,,,0.0,,,0.0,,,,-,-,-,202210,0.4805479311485996,1.0,2.080957871590067,152738800000000.0,0.8373255660453688,0.1533656118655544,0.5744255736489042,0.3796273152854221,0.1108332015891626,0.3431773327012953,0.5768941438474059,,,,,,,,,,,,,,,,,,,
201606,2016-06-01,32941500000000.0,98811200000000.0,25641900000000.0,0.20929244078259357,0.6277928213547351,0.16291473786267127,,,,,,,,,,,0.0,,,0.0,,,0.0,,,,-,-,-,202210,0.4805479311485996,1.0,2.080957871590067,157394600000000.0,0.8546171745190452,0.1299706110646462,0.6692027344429347,0.2789005658852061,0.1359762235790853,0.4007045018321409,0.5201702525275079,,,,,,,,,,,,,,,,,,,
201607,2016-07-01,34403900000000.0,101511200000000.0,25760200000000.0,0.2127962651066675,0.6278708003015921,0.15933293459174036,,,,,,,,,,,0.0,,,0.0,,,0.0,,,,-,-,-,202210,0.4805479311485996,1.0,2.080957871590067,161675300000000.0,0.8050608577071537,0.186333245018525,0.6609005071577411,0.2830172259583541,0.0879982222063123,0.3166035776161487,0.3852161910144152,,,,,,,,,,,,,,,,,,,
201608,2016-08-01,34624600000000.0,107164200000000.0,26194200000000.0,0.20611966687105243,0.6379466969871951,0.15593363614175243,,,,,,,,,,,0.0,,,0.0,,,0.0,,,,-,-,-,202210,0.4805479311485996,1.0,2.080957871590067,167983000000000.0,0.8083872732666055,0.1631984714214687,0.61408215468246,0.3166248206469331,0.1766274702541683,0.3917213927521699,0.5366230635897147,,,,,,,,,,,,,,,,,,,
201609,2016-09-01,35760900000000.0,105597400000000.0,26416300000000.0,0.21314847420288888,0.6294003979148214,0.15745112788228968,,,,,,,,,,,0.0,,,0.0,,,0.0,,,,-,-,-,202210,0.4805479311485996,1.0,2.080957871590067,167774600000000.0,0.8367790877508593,0.1417126737983457,0.7013403412124631,0.2377031827056526,0.1160578926193874,0.3881392273170945,0.470010074865885,,,,,,,,,,,,,,,,,,,
201610,2016-10-01,36258300000000.0,104361100000000.0,27196000000000.0,0.2160606237568185,0.6218803518628206,0.1620590243803608,,,,,,,,,,,0.0,,,0.0,,,0.0,,,,-,-,-,202210,0.4805479311485996,1.0,2.080957871590067,167815400000000.0,0.8361773069172406,0.1406544943797408,0.6664606640354396,0.2819900805666213,0.08643389057138881,0.367140174102451,0.39854121293430855,,,,,,,,,,,,,,,,,,,
201611,2016-11-01,36207500000000.0,106368400000000.0,25650500000000.0,0.2152307842288725,0.6322931478055763,0.1524760679655512,,,,,,,,,,,0.0,,,0.0,,,0.0,,,,-,-,-,202210,0.4805479311485996,1.0,2.080957871590067,168226400000000.0,0.8416366973982826,0.1409895509948157,0.5923862885050912,0.354836105638257,0.09254403538868289,0.3484408045481459,0.48417140494924227,,,,,,,,,,,,,,,,,,,
201612,2016-12-01,36403600000000.0,102657700000000.0,25697000000000.0,0.22095153931546999,0.6230805974570022,0.15596786322752784,,,,,,,,,,,0.0,,,0.0,,,0.0,,,,-,-,-,202210,0.4805479311485996,1.0,2.080957871590067,164758300000000.0,0.8423868571094493,0.1422278149633633,0.7278089927962283,0.2109010244110632,0.1041205816904766,0.3746170713999642,0.4469959753095145,,,,,,,,,,,,,,,,,,,
201701,2017-01-01,38114100000000.0,104913200000000.0,26581200000000.0,0.224718100802731,0.6185609801395567,0.15672091905771232,0.2076954961636012,0.6329027821498435,0.15940172168655506,,,,,,,,0.0,,,0.0,,,0.0,,,,-,-,-,202210,0.4805479311485996,1.0,2.080957871590067,169608500000000.0,0.8038483678496131,0.1752768885944162,0.6670374148370488,0.2790992800995248,0.10515648939459599,0.3640744363965135,0.3521289715135303,,,,,,,,,,,,,,,,,,,
201702,2017-02-01,39300800000000.0,106992600000000.0,27228500000000.0,0.2264889907268189,0.6165942166377846,0.15691679263539646,0.211034814080108,0.6298424027923467,0.15912278312754538,,,,,,,,0.0,,,0.0,,,0.0,,,,-,-,-,202210,0.4805479311485996,1.0,2.080957871590067,173521900000000.0,0.8090741387857264,0.1710645006623162,0.6286533452845774,0.3235109692320428,0.1215229050768627,0.3114807894880731,0.40447139621538675,,,,,,,,,,,,,,,,,,,
201703,2017-03-01,40076000000000.0,104972700000000.0,27552500000000.0,0.23218842047448104,0.6081805920236939,0.15963098750182503,0.21411307130250748,0.6269368828880204,0.1589500458094718,,,,,,,,0.0,,,0.0,,,0.0,,,,-,-,-,202210,0.4805479311485996,1.0,2.080957871590067,172601200000000.0,0.8150808909124844,0.157373663353905,0.6925503516213894,0.2439709252730718,0.1216607694536902,0.4071249669574476,0.34700064459717417,,,,,,,,,,,,,,,,,,,
201704,2017-04-01,42509100000000.0,105612800000000.0,26919000000000.0,0.2428523847854987,0.6033607002706225,0.15378691494387883,0.2180374904997077,0.6224363618596188,0.15952614764067372,,,,,,,,0.0,,,0.0,,,0.0,,,,-,-,-,202210,0.4805479311485996,1.0,2.080957871590067,175040900000000.0,0.8300827232265056,0.1515271596050117,0.6773169284731161,0.2857599428189538,0.1394657769718951,0.36233103397520317,0.4149797772873554,,,,,,,,,,,,,,,,,,,
201705,2017-05-01,42788100000000.0,103386600000000.0,28279200000000.0,0.2452688074041337,0.5926299154103176,0.16210127718554873,0.22379742388512872,0.6176996957261803,0.15850288038869156,,,,,,,,0.0,,,0.0,,,0.0,,,,-,-,-,202210,0.4805479311485996,1.0,2.080957871590067,174453900000000.0,0.8417076791706085,0.1320726638817139,0.6666619762413601,0.2845740635525861,0.136482095110709,0.3550239813368753,0.4806192435544455,,,,,,,,,,,,,,,,,,,
201706,2017-06-01,40917400000000.0,107050100000000.0,25992100000000.0,0.23521208372518676,0.6153733395570006,0.14941457671781264,0.228953111312819,0.6114123864982655,0.15963450218891567,,,,,,,,0.0,,,0.0,,,0.0,,,,-,-,-,202210,0.4805479311485996,1.0,2.080957871590067,173959600000000.0,0.8427910195959684,0.1243586970627676,0.6559659739063646,0.2798211668531529,0.11951366728913951,0.3982915806030934,0.4961303990661074,,,,,,,,,,,,,,,,,,,
201707,2017-07-01,43332700000000.0,106421400000000.0,26834500000000.0,0.2453878676199936,0.6026515867955236,0.1519605455844828,0.2308685987790279,0.6114124965802884,0.15771890464068372,,,,,,,,0.0,,,0.0,,,0.0,,,,-,-,-,202210,0.4805479311485996,1.0,2.080957871590067,176588600000000.0,0.8177219979818365,0.1618125630676084,0.7376516407419764,0.2279535902067047,0.099839402991579,0.40777060219583705,0.3868880347804171,,,,,,,,,,,,,,,,,,,
201708,2017-08-01,45354400000000.0,107632500000000.0,25730500000000.0,0.2537771923718675,0.602249697007678,0.14397311062045443,0.2345596981975285,0.6087574832160698,0.1566828185864013,,,,,,,,0.0,,,0.0,,,0.0,,,,-,-,-,202210,0.4805479311485996,1.0,2.080957871590067,178717400000000.0,0.8000575315724534,0.152242260091839,0.6464963113924801,0.3058981789253586,0.15359714620967302,0.2754346493735486,0.36340092487062287,,,,,,,,,,,,,,,,,,,
201709,2017-09-01,44574500000000.0,101332600000000.0,29566100000000.0,0.2540245461985078,0.5774819174665989,0.1684935363348933,0.23926685988712998,0.6065069845156276,0.15422615559724223,,,,,,,,0.0,,,0.0,,,0.0,,,,-,-,-,202210,0.4805479311485996,1.0,2.080957871590067,175473200000000.0,0.8203376174650026,0.1435842610453901,0.7010228842086678,0.1779023396800416,0.15943339791211208,0.4303740996470582,0.4315316777579397,,,,,,,,,,,,,,,,,,,
201710,2017-10-01,44807800000000.0,97812900000000.0,27956300000000.0,0.26268371468603624,0.5734237323906506,0.16389255292331323,0.2432160462417595,0.5999364904826427,0.1568474632755974,,,,,,,,0.0,,,0.0,,,0.0,,,,-,-,-,202210,0.4805479311485996,1.0,2.080957871590067,170577000000000.0,0.8274605056656191,0.1411358866031994,0.7346311448177348,0.2242923617633159,0.1606469691359132,0.3801180170305697,0.3986245864751003,,,,,,,,,,,,,,,,,,,
201711,2017-11-01,46304100000000.0,98373900000000.0,30072800000000.0,0.2649721775236508,0.5629381954188478,0.1720896270575013,0.24808547907211698,0.5936971302554873,0.15821739067239565,,,,,,,,0.0,,,0.0,,,0.0,,,,-,-,-,202210,0.4805479311485996,1.0,2.080957871590067,174750800000000.0,0.8564311544770664,0.1140843529718574,0.7121248071593579,0.2257520780840696,0.1155061147198696,0.29572554038244503,0.39386230970993197,,,,,,,,,,,,,,,,,,,
201712,2017-12-01,45154600000000.0,99757800000000.0,29146800000000.0,0.25942093264820243,0.5731256951657827,0.16745337218601486,0.2525829948620142,0.5866145109972787,0.16080249414070735,,,,,,,,0.0,,,0.0,,,0.0,,,,-,-,-,202210,0.4805479311485996,1.0,2.080957871590067,174059200000000.0,0.8618239633990072,0.1148986750684335,0.6505603206700076,0.1871523392449803,0.1293645779143997,0.412688296512308,0.4454758359726929,,,,,,,,,,,,,,,,,,,
201801,2018-01-01,49056700000000.0,99609900000000.0,27326300000000.0,0.2787424947256395,0.5659881733865401,0.15526933188782047,0.25546690089772894,0.5822987994905184,0.16223429961175223,0.9259507879758606,0.6647734435991844,0.7571466853951331,0.3398435806639247,0.24594900817031926,0.43110550479370385,0.3344906899482879,0.15292961129876614,0.30725652815085963,0.34844324340413735,0.16992179033196236,0.3127389527897024,0.30890125554251247,0.0,0.6393878908529663,0.6507965855605655,0.6428104992652461,주의,주의,주의,202210,0.4805479311485996,1.0,2.080957871590067,175992900000000.0,0.8068316258464017,0.1421891912301457,0.7257450081475392,0.228526796206699,0.1120020577769155,0.4862717981870205,0.4232365667136244,0.4607606303806885,0.2518187548793476,0.21182530027250557,-0.9398803774554599,0.0,0.3166727090955018,0.0,0.0,1.3618198890680684,0.8094559112544548,0.8213104700995774,0.3770483760796619,0.6148725204257981,-0.22664443468557352,0.0,1.8896625171203707,1.2317300136962968,-0.22808607681281926,0.0
201802,2018-02-01,50181000000000.0,98334700000000.0,26747600000000.0,0.2863177858684619,0.5610684039385313,0.15261381019300674,0.26359970228698704,0.5752781801675609,0.16112211754545214,0.9001640920155374,0.5876146445643136,0.8628597079839947,0.31680538435003536,0.011798273054929056,0.0,0.14610190487399463,0.14256242295751592,0.14557098258652282,0.16076234678600348,0.15840269217501768,0.16029041586380632,0.14998681256970786,0.0,0.3029270820885252,0.3335576026322331,0.3121162382516376,정상,정상,정상,202210,0.4805479311485996,1.0,2.080957871590067,175263300000000.0,0.8117060510859172,0.1477257205299822,0.6861114446286294,0.2565860096574142,0.0904096497503728,0.30433149349639066,0.43175675675675673,0.44013127361242993,0.19009171565145086,0.28473083309241015,-0.6629320092349885,0.0,-0.10185701052102801,0.0,0.0,0.4170356423575514,0.05362851388604115,0.30389607411702674,0.0,0.029495682637322638,-1.0847546185258985,0.0,-1.0951282565595952,0.0,-0.07040128192913193,0.0
201803,2018-03-01,49595700000000.0,95400200000000.0,30499500000000.0,0.28260398848060975,0.543605131530513,0.1737908799888772,0.2719352628430363,0.5683106861240972,0.15975405103286636,0.4100499360539848,1.0872657930392173,-1.3906901684465531,0.25754303075198415,0.3977251608875964,0.2949614254848441,0.3089522684758828,0.11931754826627891,0.28050706044444224,0.2968049751989646,0.12877151537599207,0.2631982832343701,0.28050706044444224,0.0,0.5837233754684528,0.5477045392855544,0.5837233754684528,주의,주의,주의,202210,0.4805479311485996,1.0,2.080957871590067,175495400000000.0,0.8209013183002029,0.1401924222845627,0.7368202481257026,0.1741391373863329,0.1366098509955121,0.4280337693300563,0.422738924696638,0.04803994884318787,0.5898126344313739,0.0,-0.2784245094226812,0.0,0.34720770428835845,0.0,0.0,1.535296491047746,0.948237192838197,1.663284572661063,1.0506276581288503,0.9943129022189909,0.7376514308267076,0.3101211446613661,0.8496459041220038,0.39971672329760305,-0.09408223909699838,0.0
201804,2018-04-01,50986600000000.0,94599500000000.0,28888900000000.0,0.29222868605817454,0.5421951568992692,0.16557615704255624,0.27897787509084815,0.5591054387842364,0.16191668612491525,0.5250400712760525,0.6992882308038902,-0.35438488968744647,0.17478665951662378,0.21167889111594676,0.0,0.14215766411726471,0.07865399678248071,0.1326321140170471,0.12972910798150125,0.08739332975831189,0.12126195233686339,0.1326321140170471,0.0,0.27600184168940545,0.2523410142397754,0.27600184168940545,정상,정상,정상,202210,0.4805479311485996,1.0,2.080957871590067,174475000000000.0,0.8014532119639113,0.1541451539469323,0.7258021752686264,0.2194697829350184,0.1213694486288894,0.3828325309973779,0.3538331616507512,0.14003205702084198,0.2794305846431122,0.0,-0.8110387507049441,0.0,-0.7295236922961896,0.0,0.0,1.2304521078736699,0.7043616862989359,0.7438841675707003,0.3151073340565603,0.5291972277898669,0.1388982006823231,0.0,0.14872197073505697,0.0,-0.7868738842115587,0.0
201805,2018-05-01,51669100000000.0,99950400000000.0,31269000000000.0,0.28251694338353694,0.5465100320687195,0.17097302454774357,0.2868623577323743,0.5503065229761614,0.1628311192914645,-0.17286948166120095,0.15416183304553827,-0.8066542399152022,0.0,0.6447142421695738,0.9041267513637358,0.4194459604918061,0.22603168784093394,0.3904338195941753,0.40018087384303547,0.27123802540912073,0.3743923041562525,0.3904338195941753,0.0,0.8124763302194752,0.7790946123966962,0.8124763302194752,경고,경고,경고,202210,0.4805479311485996,1.0,2.080957871590067,182888500000000.0,0.8228548561156979,0.1109219551077041,0.7546021692136651,0.1960920804832601,0.18705403684254182,0.38689040189154633,0.395111829359837,0.0,0.0,0.0,-0.046911380137851295,0.0,2.032948417941562,1.3463587343532495,0.6058614304589622,1.5228419759439007,0.9382735807551207,0.869286084222708,0.4154288673781664,0.7029934597354913,2.6103168784093396,1.8082535027274715,0.14645936763093328,0.0,-0.2945022422078313,0.0
201806,2018-06-01,50406200000000.0,94007300000000.0,27985500000000.0,0.292381046293772,0.5452891258069943,0.16232982789923375,0.2915102670866132,0.54402104423689,0.16446868867649658,0.034780779111952674,-0.05243877799941007,0.20712828648347667,0.0,0.46066727971386323,0.14627810838579505,0.17476971101060773,0.13820018391415897,0.1692842819461404,0.13601688845851118,0.09213345594277265,0.12724020195536348,0.1692842819461404,0.0,0.3522734590522931,0.26478149984172344,0.3522734590522931,정상,정상,정상,202210,0.4805479311485996,1.0,2.080957871590067,172399000000000.0,0.8445036365956361,0.1113149164221003,0.6113291933035211,0.2358297267420183,0.139911604846428,0.3873472463989096,0.4205445189657643,0.0,0.0,0.0,0.8073935019408678,0.36591480155269424,1.9236823851920102,1.258945908153608,0.7677787995231055,-1.1740446756618406,0.0,0.17033666751281154,0.0,0.0,0.7156952709644876,0.2925562167715901,0.093934568697986,0.0,0.018028515991092474,0.0
201807,2018-07-01,53559000000000.0,96205900000000.0,29317900000000.0,0.2990739479168295,0.5372146292106221,0.16371142287254833,0.29622808177725557,0.5385402699722913,0.1652316482504531,0.11870491494239926,0.058340072818914346,0.15061539137511482,0.0,0.11041835344781428,0.21623998303783848,0.08718550179380391,0.05405999575945962,0.08221667588865227,0.08695566560091439,0.06487199491135154,0.08253893146300181,0.08231335256095712,0.0,0.1710894388664602,0.17176003914056667,0.1712906189486921,정상,정상,정상,202210,0.4805479311485996,1.0,2.080957871590067,179082800000000.0,0.8000591943646965,0.1610501080297155,0.7314888900223071,0.1899380112719493,0.1269203602273346,0.4510936772809311,0.38501198685885096,0.0,0.0,0.0,-0.7718787734848978,0.0,-1.151591535912346,0.0,0.0,0.7584995659577979,0.32679965276623835,0.6175168738836239,0.2140134991068991,0.2760458836195357,0.2058833330610132,0.0,1.122285653706566,0.6178285229652528,-0.4186323089560025,0.0
201808,2018-08-01,53479000000000.0,97397400000000.0,28562900000000.0,0.2980339312514037,0.5427874495720837,0.1591786191765126,0.30148831346265503,0.5326178714172154,0.16589381512012916,-0.15076499605595142,-0.4782722902124729,0.6810134814063734,0.023897946352383456,0.2883909979725601,0.02611182780951204,0.10379933220271861,0.08651729939176804,0.10120702728107603,0.07746072111355737,0.05767819959451203,0.07350421680974831,0.10120702728107603,0.0,0.21060756008078582,0.15295917856530866,0.21060756008078582,정상,정상,정상,202210,0.4805479311485996,1.0,2.080957871590067,179439300000000.0,0.817307095898872,0.1533576259644307,0.7897832023120965,0.1520664000017826,0.11116214114976389,0.34408193588659564,0.46200743291071966,0.0,0.0,0.15931964234922305,-0.1603206617676876,0.0,-0.6690900235349716,0.0,0.0,1.4089806876104238,0.847184550088339,1.0584055343967047,0.5667244275173637,0.7209774949314003,-0.404241060108414,0.0,-0.6523545009317009,0.0,0.7024143354919498,0.1740788520634136
201809,2018-09-01,51688900000000.0,98734200000000.0,27451500000000.0,0.2905917989415015,0.5550775658806822,0.15433063517781628,0.3050084532307863,0.5295588480930307,0.16543269867618296,-0.6437140347273951,-1.2056874192516864,1.120484481378142,0.06936046359084229,0.1553692639915659,0.4320036218393411,0.18582389327318408,0.10800090545983528,0.17415044510118174,0.19535517114553666,0.12960108655180233,0.18220435422678982,0.17656661783886415,0.0,0.36239973957421795,0.37915958516622317,0.3674276932518195,정상,정상,정상,202210,0.4805479311485996,1.0,2.080957871590067,177874600000000.0,0.8224964897987485,0.1487631957565567,0.7418330618948404,0.1425539135302054,0.1521269124192372,0.41174432895188606,0.4793034171010928,0.0,0.0,0.46240309060561524,0.021876996084737022,0.0,-0.3949466206537995,0.0,0.0,0.629502015635625,0.22360161250850003,1.087339647497888,0.5898717179983104,0.3884231599789147,1.2022738566885982,0.6818190853508785,0.48795324962872466,0.11036259970297975,0.9571826362559698,0.3497811284523929
201810,2018-10-01,51794200000000.0,104794100000000.0,28260900000000.0,0.2801970471065063,0.5669167083222432,0.15288624457125052,0.3069513035468567,0.5287774309882628,0.16427126546488038,-1.222786442599129,-1.793679072994713,1.1435394370734682,0.07174545900760015,0.4441112409312099,1.2599808900525538,0.4805140513459215,0.31499522251313844,0.45568622702100403,0.5026892447058082,0.3779942670157661,0.47775024916779985,0.46230543366504273,0.0,0.9482638410945367,0.994178141659849,0.9620381312641302,경고,경고,경고,202210,0.4805479311485996,1.0,2.080957871590067,184849200000000.0,0.8490004888913032,0.1221481340648595,0.7409603933316351,0.1772239531889051,0.1822771502744676,0.5039565361182096,0.4135816720082568,0.0,0.0,0.47830306005066775,0.9742579866801407,0.49940638934411263,1.2557951472486908,0.7246361177989527,0.6007597671487906,0.6195974991765245,0.21567799934121962,0.6014320887976887,0.201145671038151,0.20913845160483874,2.3520814980754374,1.6016651984603498,1.9898153243656387,1.311852259492511,-0.0637286555112758,0.0
201811,2018-11-01,52085900000000.0,101521300000000.0,27742800000000.0,0.2872120209539564,0.5598086572925283,0.1529793217535153,0.30659425288385667,0.5300686510250245,0.16333709609111857,-0.8654306656220159,-1.30882678131929,1.0213654235774572,0.05910676795628868,0.3978334465854343,0.0,0.14594807955596018,0.11935003397563028,0.1419583727189107,0.10912007329523121,0.07956668931708687,0.10320939649960235,0.1419583727189107,0.0,0.29540939314753384,0.21477440606790782,0.29540939314753384,정상,정상,정상,202210,0.4805479311485996,1.0,2.080957871590067,181350000000000.0,0.8412596401028277,0.1314070615392686,0.7771684534560657,0.1321055820052329,0.1229266036676229,0.2885535600802052,0.4448252811492384,0.0,0.0,0.3940451197085912,0.6919928092497851,0.2735942473998281,0.6928596246355629,0.27428769970845035,0.27390630093870816,1.0225162600139783,0.5380130080111827,1.1494916962482586,0.639593356998607,0.5837241650555236,-0.05129840438859531,0.0,-1.552534625602664,0.0,0.4209266634185461,0.0
201812,2018-12-01,51433300000000.0,106839500000000.0,29385400000000.0,0.2740796831686545,0.5693303037117483,0.15659001311959722,0.3066310562034908,0.5317535423580418,0.1616154014384671,-1.4206903947189873,-1.5539059103286186,0.48666097506994765,0.003792514662408377,0.8013548380996725,0.2694347320547246,0.30947176604166665,0.24040645142990172,0.2991119688499019,0.24299764456755607,0.1602709676199345,0.22645230917803177,0.2991119688499019,0.0,0.6224394060650063,0.4712377153237728,0.6224394060650063,주의,정상,주의,202210,0.4805479311485996,1.0,2.080957871590067,187658200000000.0,0.8629936616284739,0.1193683215411584,0.8049237476688699,0.1180485946559483,0.1114067271075096,0.4668929816408286,0.4120425337109806,0.0,0.0,0.025283431082722515,1.4483516626803907,0.8786813301443125,1.412564149597246,0.850051319677797,0.8657978254343806,1.2061108593995342,0.6848886875196274,1.2611154971161536,0.7288923976929229,0.7046903570976104,-0.5238913238908055,0.0,1.3122669001954452,0.7698135201563562,-0.09080152107931758,0.0
201901,2019-01-01,54801200000000.0,103003000000000.0,29201100000000.0,0.2930462398659289,0.5508025708362276,0.15615118929784344,0.3042356435229524,0.5349454007119302,0.16081895576511737,-0.46672511784478976,-0.6439026124057755,0.46028182499591547,0.0010636370685429782,0.10645637671095486,0.27416039168774325,0.1009556476160666,0.06854009792193581,0.09609331516194698,0.10407121138278544,0.08224811750632298,0.09970659260749296,0.09717729839561076,0.0,0.1999661405934387,0.20748521873598644,0.202221864036203,정상,정상,정상,202210,0.4805479311485996,1.0,2.080957871590067,187005300000000.0,0.8153569692783874,0.1514081804926713,0.7575517135638743,0.1517587224758633,0.0727587046341822,0.4735404152399738,0.3527468173219489,0.0,0.0,0.007090913790286522,-0.22054185137334895,0.0,-0.5055518393219947,0.0,0.0,0.5396509693177395,0.1517207754541916,0.8574847646599493,0.40598781172795945,0.2661409417773871,-2.0441605080851497,0.0,1.3291442560276545,0.7833154048221236,-1.1032951913932842,0.0
201902,2019-02-01,56152300000000.0,105173000000000.0,29580100000000.0,0.29413678188254494,0.5509168415351268,0.1549463765823282,0.3047786648104715,0.5352077848582393,0.16001355033128906,-0.4751677649455541,-0.6378882583330046,0.4996668100461373,0.005137945866841786,0.7898894440223047,0.0,0.23927890884677017,0.23696683320669137,0.23893209750075833,0.16054686173788185,0.15797788880446095,0.1600330671511977,0.23893209750075833,0.0,0.49720762906972843,0.3330220708029866,0.49720762906972843,정상,정상,정상,202210,0.4805479311485996,1.0,2.080957871590067,190905400000000.0,0.8611055141379542,0.1084357579421049,0.7760971296116557,0.1433741048993869,0.09402685288109819,0.3834545397885104,0.3818596538306722,0.0,0.0,0.03425297244561191,1.3940728377378304,0.8352582701902644,2.075809526596362,1.3806476212770895,1.0806834781793357,0.7032468214008677,0.2825974571206942,0.9007494204732676,0.44059953637861404,0.35369839278675813,-1.1620182477291199,0.0,-0.1253371154788049,0.0,-0.5813057074848552,0.0
201903,2019-03-01,54066600000000.0,106847300000000.0,31783000000000.0,0.28057846286058574,0.5544837514251656,0.16493778571424864,0.3049275689008929,0.53604044374735,0.1590319873517567,-1.1219231603999855,-0.7489163515343875,-0.5823623926784067,0.0,0.4151761977787597,0.3894361571921241,0.22191189863165894,0.1245528593336279,0.2073080427369543,0.19986608671338918,0.11683084715763722,0.1832590388022388,0.2073080427369543,0.0,0.43139930337739507,0.3813543393355483,0.43139930337739507,정상,정상,정상,202210,0.4805479311485996,1.0,2.080957871590067,192696900000000.0,0.8530808123460144,0.1207650534061326,0.7636177864506786,0.1740464071340723,0.1350640753132029,0.5044451916181868,0.4162190147128479,0.0,0.0,0.0,1.0756311911726553,0.5805049529381242,1.259157631167801,0.7273261049342408,0.6465744713363767,0.4803241742153359,0.10425933937226875,0.3798226410766292,0.023858112861303394,0.06807878744233434,0.36684518150310347,0.013476145202482793,1.716778873538867,1.0934230988310936,0.04012073107207842,0.0
201904,2019-04-01,56324000000000.0,107506200000000.0,33037200000000.0,0.28610120314485793,0.5460843186835402,0.1678144781716018,0.30261835387885744,0.5373888843041548,0.1599927618169877,-0.7610535648255736,-0.3530902972599195,-0.7712883460523163,0.0,1.043032982795894,0.0,0.3129098948387682,0.3129098948387682,0.3129098948387682,0.2086065965591788,0.2086065965591788,0.2086065965591788,0.3129098948387682,0.0,0.6511523087631548,0.4341015391754365,0.6511523087631548,주의,정상,주의,202210,0.4805479311485996,1.0,2.080957871590067,196867400000000.0,0.8737846617285061,0.0964514932503062,0.8105146881100044,0.1209987032455155,0.12221832568111529,0.3877299030469154,0.37275464237168165,0.0,0.0,0.0,1.7055007450674449,1.0844005960539558,2.6230020436441475,1.8184016349153178,1.4147010635415689,1.0637962009969975,0.571036960797598,0.8262792589963963,0.3810234071971171,0.48553086167738163,-0.2143112714103724,0.0,-0.0681167284363397,0.0,-0.9585351366420388,0.0
201905,2019-05-01,56773600000000.0,110318500000000.0,33910100000000.0,0.2824526298717128,0.5488422514778445,0.16870511865044263,0.3017081931974186,0.5374670329410353,0.16082477386154614,-0.8872302098440964,-0.4770286242587246,-0.7587720165024773,0.0,0.6994009406063847,0.052707267873046706,0.22299709915017707,0.2098202821819154,0.22102057660493782,0.15569236848319096,0.13988018812127695,0.15252993241080814,0.22102057660493782,0.0,0.45993450866942076,0.3174083635033721,0.45993450866942076,정상,정상,정상,202210,0.4805479311485996,1.0,2.080957871590067,201002200000000.0,0.8682112240670512,0.0944580770579049,0.7887938629287471,0.137496861818477,0.1158377532950155,0.3923305207827596,0.45778838504375485,0.0,0.0,0.0,1.4035513516935127,0.8428410813548102,1.852900698991227,1.2023205591929815,1.0046068463819873,0.715177158078794,0.2921417264630352,0.5747614788564206,0.1798091830851365,0.24159208194298082,-0.38216025076016397,0.0,-0.009103907424745303,0.0,0.9595035894394515,0.3513817858203114
201906,2019-06-01,54142800000000.0,113961300000000.0,33109700000000.0,0.2690809477282373,0.5663692052930763,0.16454984697868635,0.2999474751335224,0.537616535371145,0.16243598949533267,-1.4222235477468614,-1.228744271196541,-0.19180681299655958,0.0,0.029321327082681134,0.6392745728084155,0.16861504132690822,0.15981864320210387,0.16729558160818755,0.19764663725906087,0.19178237184252464,0.19647378417575362,0.17604904237845737,0.0,0.34813505742979634,0.4088536677416224,0.36635064052334415,정상,정상,정상,202210,0.4805479311485996,1.0,2.080957871590067,201213800000000.0,0.8050273134267055,0.1664818389671554,0.776830255694733,0.1640534518009608,0.1381881575806607,0.5048616342933127,0.5095292170034613,0.0,0.0,0.0,-0.6109986381987949,0.0,-1.3641657470967454,0.0,0.0,0.5165984493334155,0.1332787594667324,0.20800058370317207,0.0,0.07330331770670283,0.7766603847545536,0.34132830780364287,1.4661974703596599,0.8929579762877278,1.9587262296569303,1.0405008480392623
201907,2019-07-01,53254100000000.0,116068700000000.0,32115600000000.0,0.2643691570226928,0.5761994733873979,0.15943136958990936,0.29460659887522306,0.5433056461168772,0.16208775500789951,-1.3042354203253665,-1.379428194604343,0.255774458378542,0.0,0.5134529424333504,0.28922277411618347,0.22634157625905096,0.1540358827300051,0.2154957222296941,0.1894574207215251,0.10269058848667008,0.1721040542745541,0.2154957222296941,0.0,0.44843751946786853,0.3581412864751975,0.44843751946786853,정상,정상,정상,202210,0.4805479311485996,1.0,2.080957871590067,201438400000000.0,0.8608830610442957,0.1135223178295849,0.798444588851929,0.1215363603578527,0.102699695646521,0.4739359287004832,0.5233925019043912,0.0,0.0,0.0,1.159673917137234,0.6477391337097871,1.2067611857122367,0.6854089485697894,0.6646905503967881,0.7715980786780346,0.33727846294242775,0.6308149329718288,0.22465194637746305,0.28659653048819367,-1.0259271852648142,0.0,0.830505951198032,0.3844047609584257,1.9452507085470998,1.0312073852048964
201908,2019-08-01,51922100000000.0,122900600000000.0,32543800000000.0,0.2503880810063342,0.5926733585222299,0.15693856047143584,0.2890708726777962,0.5499673625268566,0.160961764795347,-1.5621664071252583,-1.7341368082238307,0.3873808747501553,0.0,0.26484143167026586,0.47481011163911785,0.1981549574108592,0.11870252790977946,0.1862370929856972,0.19541131982578852,0.14244303349173534,0.1848176625589779,0.1862370929856972,0.0,0.38755154463063785,0.38459776971098186,0.38755154463063785,정상,정상,정상,202210,0.4805479311485996,1.0,2.080957871590067,207366500000000.0,0.8545277019230267,0.1194699275797432,0.8032482795428189,0.1435916272401052,0.15774411221309798,0.4164217130081074,0.49479159896741853,0.0,0.0,0.0,0.8735783235432526,0.4188626588346021,0.5562851249740499,0.16502809997923995,0.30463710734968913,0.8069951161707797,0.36559609293662376,0.3613057417666331,0.0090445934133065,0.205147918151131,1.2990894225230518,0.7592715380184415,0.14564972071938934,0.0,1.3700186454223389,0.6344956175326475
201909,2019-09-01,50787600000000.0,123280200000000.0,32323800000000.0,0.2460739681266098,0.5973120999110428,0.1566139319623473,0.2817889474897466,0.5596243902482225,0.15858666226203078,-1.4423142328019956,-1.4380441832231468,0.19452813437201533,0.0,0.44835942724884253,0.1081833002043778,0.16155365322574722,0.13450782817465276,0.15749677946808305,0.12212687551108184,0.08967188544976851,0.11563587749881918,0.15749677946808305,0.0,0.32774416298419223,0.24063338951939248,0.32774416298419223,정상,정상,정상,202210,0.4805479311485996,1.0,2.080957871590067,206391600000000.0,0.8781549839023302,0.1033757291766281,0.8118710038991138,0.1273326489146234,0.1225587015557126,0.44498578990389726,0.5022959589848103,0.0,0.0,0.0,1.3026304919822722,0.7621043935858178,0.7971989851274125,0.35775918810193,0.5801490511180684,0.7753231369595828,0.34025850956766623,0.5264800310632979,0.14118402485063833,0.2506749914450037,-0.09360152954623208,0.0,0.3683441909551512,0.014675352764120974,1.4461202917903762,0.6869795115795698
201910,2019-10-01,50508200000000.0,127314500000000.0,32476300000000.0,0.24017327709594435,0.6053975530078602,0.15442916989619543,0.2738481431028633,0.567825435546667,0.15832642135046954,-1.2568879107938384,-1.4336335492349606,0.39333316506296107,0.0,0.35162604199872594,0.30709761568999683,0.182262216522117,0.10548781259961777,0.17074605593374212,0.16245449310674426,0.09212928470699905,0.14838945142679522,0.17074605593374212,0.0,0.3553153491382785,0.3087921970075214,0.3553153491382785,정상,정상,정상,202210,0.4805479311485996,1.0,2.080957871590067,210299000000000.0,0.883132507820164,0.0997464230847539,0.8016796191704283,0.1167116512892854,0.1237850445484171,0.5013992860410946,0.4852599749970747,0.0,0.0,0.0,1.138674113517635,0.630939290814108,0.7030691434606414,0.28245531476851315,0.47412150159359034,0.5265948933126671,0.14127591465013367,0.6005030543023774,0.20040244344190192,0.16788285260642938,0.04826808479768681,0.0,1.1936024945497818,0.6748819956398255,1.1352595330885598,0.4725927814403861
201911,2019-11-01,52071300000000.0,136063800000000.0,33287200000000.0,0.23516737022422765,0.6144990816191503,0.15033354815662198,0.26582602830830193,0.5767762181028852,0.1573977535888126,-1.14431032031775,-1.4393855434415461,0.7589175881123099,0.03195699187368723,0.03822340044741784,0.18371146146614853,0.07177553184392174,0.04592786536653713,0.06789838187231405,0.07873661446617174,0.05511343843984456,0.0740119792609063,0.06973246108889172,0.0,0.14129367222542022,0.15401581083494376,0.14511031380827727,정상,정상,정상,202210,0.4805479311485996,1.0,2.080957871590067,221422300000000.0,0.8577594685580365,0.1247674660402066,0.8071496285404736,0.1478060671722643,0.1388345243045851,0.3629928078774144,0.42912565759554433,0.0,0.0,0.2130466124912482,0.2924072592402589,0.0,-0.14722074955509493,0.0,0.0,0.5671784116330558,0.1737427293064447,0.12126083237489312,0.0,0.09555850111854458,0.8092786536653713,0.36742292293229706,-0.5622891753830135,0.0,0.10953024706102754,0.0
201912,2019-12-01,51567000000000.0,131081800000000.0,36009600000000.0,0.23583361078284668,0.5994821145677458,0.16468427464940746,0.25742985420377434,0.5859086125902659,0.1566615332059595,-0.754000922177849,-0.5179220424726149,-0.8618944684939763,0.0,0.22067850160464253,0.0,0.06620355048139276,0.06620355048139276,0.06620355048139276,0.044135700320928506,0.044135700320928506,0.044135700320928506,0.06620355048139276,0.0,0.13776679950146462,0.09184453300097642,0.13776679950146462,정상,정상,정상,202210,0.4805479311485996,1.0,2.080957871590067,218658400000000.0,0.8791422622638205,0.1047200223125968,0.8124476607746106,0.1297846700294975,0.0813050000186845,0.412861871807519,0.4252915286537501,0.0,0.0,0.0,0.9163002491692704,0.4530401993354164,0.5420025076755154,0.15360200614041233,0.3182930123976646,0.5187653077616122,0.1350122462092898,0.27135570645471047,0.0,0.0742567354151094,-1.947168499102385,0.0,-0.021384498222620913,0.0,-0.018413518722937193,0.0
202001,2020-01-01,57180200000000.0,129828100000000.0,36396500000000.0,0.25594884263901224,0.5811338879021399,0.1629172694588478,0.24894574213125042,0.5929374268256713,0.15811683104307792,0.23053696067175744,0.4503858324714672,-0.5130897414803756,0.03212346639086951,0.0,0.0,0.014455559875891278,0.014455559875891278,0.014455559875891276,0.016061733195434753,0.016061733195434753,0.016061733195434753,0.01493741187175432,0.0,0.03008141111197748,0.03342379012441943,0.031084124815710067,정상,정상,정상,202210,0.4805479311485996,1.0,2.080957871590067,223404800000000.0,0.8298708525586033,0.1443576248000185,0.7596356194557731,0.1595354989324997,0.1019843167868199,0.43127504462855476,0.362891362514913,0.0,0.08030866597717376,0.0,-0.47755979672040005,0.0,-0.7801376469212853,0.0,0.0,-0.20497250562252944,0.0,-0.12375243812412891,0.0,0.0,-0.8831523879523153,0.0,0.2100802255286643,0.0,-1.270355268923389,0.0
202002,2020-02-01,58400700000000.0,128864100000000.0,37100500000000.0,0.26029292408407184,0.5743495094829726,0.16535756643295554,0.24589069978696243,0.5959493452238157,0.15815995498922167,0.5028323764358764,0.8241816343734386,-0.8848509519193054,0.20675777851641589,0.03643510100668009,0.0,0.10397153063439117,0.09304100033238714,0.10233195108909057,0.11066590945954397,0.10337888925820794,0.10920850541927676,0.10439491738814644,0.0,0.21294847913401274,0.22725829899683048,0.21724142509285807,정상,정상,정상,202210,0.4805479311485996,1.0,2.080957871590067,224365300000000.0,0.8393928853754941,0.129195256916996,0.8191559017123712,0.1340714555183573,0.11262304840851821,0.4331502993683593,0.4114790844514601,0.12226590114870114,0.3793453074987509,0.0,-0.21889047408881654,0.0,-0.2506113554828998,0.0,0.0,0.5570176193561368,0.16561409548490946,0.20499531358047535,0.0,0.09108775251670022,-0.39502968035765795,0.0,0.27038300587605746,0.0,-0.22370584320416814,0.0
202003,2020-03-01,63486700000000.0,124330000000000.0,35474700000000.0,0.28432219064415376,0.5568060391040587,0.1588717702517876,0.24452104248776846,0.5972024500115369,0.15827650750069422,1.500892920969608,1.3608824656067084,-0.07317966745837932,0.7378038405432056,0.7025318631799505,0.2202791261838365,0.5978410687443868,0.3320117282444425,0.5579666676693952,0.5754920307627439,0.3689019202716028,0.5341740086645157,0.5979666676693952,0.04,1.1611051291715069,1.1115936081292446,1.2443434440351095,위험,위험,초위험,202210,0.4805479311485996,1.0,2.080957871590067,223291400000000.0,0.9129465968191754,0.0713141629607296,0.7534398746515746,0.1669724580098617,0.10904251847647839,0.4842033702508015,0.2649902104747919,0.9207143367756864,0.8087059724853667,0.0,1.968882148291701,1.2951057186333608,1.6238285927358398,1.019062874188672,1.170886438633251,-0.30738735965260744,0.0,-0.2775766892629237,0.0,0.0,-0.5828649405640974,0.0,1.1367111649422732,0.6293689319538186,-2.795426041900383,0.0
202004,2020-04-01,65211500000000.0,118898700000000.0,32770700000000.0,0.3006788518491024,0.5482211665480916,0.15109998160280597,0.2470892914024615,0.593742192347549,0.1591685162499894,1.8710003035396965,1.5335215291476323,1.0784480740303652,0.9912988683288121,0.3176889615027718,0.0,0.541391179198797,0.44608449074796547,0.5270951759311722,0.5591872264649604,0.49564943416440604,0.5464796680048496,0.5329105235532754,0.0,1.096862855431124,1.1372011667986182,1.1089643488413723,위험,위험,위험,202210,0.4805479311485996,1.0,2.080957871590067,216880900000000.0,0.894173165315292,0.0939936993234519,0.7772290432165782,0.1794197774466479,0.1236625128113776,0.4240249066590849,0.2001431113173976,1.216800242831757,0.9468172233181058,0.4334124648485278,1.16301812735472,0.650414501883776,0.8270934068570636,0.38167472548565085,0.5294816025046197,0.0030954163410623183,0.0,-0.4456876570288375,0.0,0.0,0.05862366987080004,0.0,0.0032377431335703145,0.0,-3.433924112122534,0.0
202005,2020-05-01,65711700000000.0,117202700000000.0,34421400000000.0,0.30235101626147187,0.5392701064435772,0.15837887729495095,0.25327164881698655,0.5885748107679539,0.15815354041505905,1.6156569779062304,1.4115699644899624,-0.027702183458161108,0.7953389006830309,0.10155312943972697,0.5209550360650541,0.5186072031555455,0.35790250530736395,0.4945014984783183,0.5742665870489772,0.39766945034151546,0.5389471597074849,0.5078351968470682,0.0,1.0290367857715401,1.1215263343643995,1.0567836503493977,위험,위험,위험,202210,0.4805479311485996,1.0,2.080957871590067,217335800000000.0,0.8589588858363374,0.1228343205602578,0.843402331929386,0.1254139297508159,0.15865204656414209,0.4122655920925623,0.1632823167052994,1.0125255823249844,0.8492559715919701,0.0,0.12269810866578407,0.0,-0.10327084028687156,0.0,0.0,0.9270064172711758,0.4616051338169407,0.26849730507915154,0.0,0.2538828235993174,1.652387590162635,1.0419100721301082,-0.28216898815839186,0.0,-4.0139183899821385,0.0
202006,2020-06-01,63580600000000.0,113122500000000.0,36235600000000.0,0.2985864006871461,0.5312444379532701,0.17016916135958376,0.2587259763621483,0.5822565594805751,0.1590174641572766,1.1703246657732376,1.2679684837094682,-1.4905465361292327,0.5890667944653953,0.017420811931501815,0.15475987603023922,0.30899627009643826,0.2650800575094279,0.3024088382083867,0.34444552242806975,0.29453339723269767,0.3344630973889954,0.3120251159625693,0.0,0.6293000523081493,0.6960036152680251,0.6493111211961121,주의,주의,주의,202210,0.4805479311485996,1.0,2.080957871590067,212938700000000.0,0.8397775790928173,0.1065153261009882,0.8068673638580002,0.1305942447963924,0.1380621515254897,0.4492223959980361,0.2426251116321939,0.65625973261859,0.7343747869675746,0.0,-0.3895679236856345,0.0,0.43065190709028617,0.06452152567222895,0.029034686552503026,0.3340390532903634,0.0,0.17803256574325427,0.0,0.0,0.7049339213636356,0.2839471370909085,0.39566538387423195,0.036532307099385576,-2.7210309685150214,0.0
202007,2020-07-01,64120900000000.0,112094100000000.0,35751400000000.0,0.30250501966349386,0.5288295692147434,0.1686654111217627,0.2642665073153292,0.5745643787131832,0.16116911397148762,1.0093865445637067,1.0547544890309442,-0.9215704016733993,0.46290059253283655,0.05991715231884044,0.5693295279502945,0.3686127943230022,0.20830526663977644,0.3445666651705183,0.4142325851152747,0.23145029626641828,0.3776761273455035,0.3544995038230139,0.0,0.7170287141741291,0.785928110111278,0.7376985329552738,주의,경고,주의,202210,0.4805479311485996,1.0,2.080957871590067,211966400000000.0,0.8580405112125857,0.1060582504328226,0.8276323900229291,0.1260781468664256,0.1608908450122566,0.4415797766931033,0.2176051169204259,0.5275092356509654,0.5638035912247553,0.0,0.045153442180617044,0.0,0.45529894839564056,0.08423915871651247,0.037907621422430614,0.561207837871489,0.1689662702971912,0.23324708942165936,0.0,0.09293144866345517,1.773323819875736,1.138659055900589,0.17180450843907955,0.0,-2.519908443269809,0.0
202008,2020-08-01,63432300000000.0,112690200000000.0,35701000000000.0,0.299458275403815,0.5320004626493283,0.1685412619468567,0.27102318265956565,0.5658617384895709,0.1631150788508631,0.6730526682077133,0.7292901094570963,-0.5799717944099555,0.2376717955810476,0.07455404251131616,0.7495137864432807,0.3166969673756864,0.18737844661082018,0.29729918926095644,0.35860084222577127,0.2248541359329842,0.3318515009672139,0.30766488277283366,0.0,0.6186670881099324,0.6905689931367025,0.6402376596179634,주의,주의,주의,202210,0.4805479311485996,1.0,2.080957871590067,211823500000000.0,0.8399964526427811,0.1293455125931181,0.8460985873851696,0.1249769449333829,0.1722550107135416,0.4528885054096166,0.2649012487822159,0.2584421345661706,0.303432087565677,0.0,-0.42616651657404386,0.0,-0.32145934014327027,0.0,0.0,0.7736025142688417,0.3388820114150734,0.2521915639234847,0.0,0.18638510627829039,2.1590703696814812,1.4472562957451849,0.4424487091810296,0.07395896734482368,-1.6463397311639416,0.0
202009,2020-09-01,62132700000000.0,120013100000000.0,34236900000000.0,0.28714264125551625,0.5546335266174237,0.15822383212706007,0.27713680045131567,0.5583036982926858,0.16455950125599844,0.23005132502312553,0.0741665210687949,0.7542106026603351,0.03147006234417259,0.0,0.27512336400079873,0.08294236905507735,0.06878084100019968,0.0808181398468457,0.09827204037232591,0.08253700920023961,0.09512503413790865,0.08511020813416457,0.0,0.16817914428156042,0.19795118857455485,0.1771107575694587,정상,정상,정상,202210,0.4805479311485996,1.0,2.080957871590067,216382700000000.0,0.8247159348401077,0.140907854947554,0.8011636587999816,0.1427676385106047,0.14768805565915058,0.4464985668460148,0.2576720403146913,0.0,0.0,0.20980041562781732,-0.7898960385784188,0.0,-0.6958979507975838,0.0,0.0,0.016392624918306373,0.0,-0.13965638910678993,0.0,0.0,1.0378084100019969,0.5502467280015975,0.23766610624436943,0.0,-1.700432885926207,0.0
202010,2020-10-01,62443100000000.0,126979900000000.0,34910300000000.0,0.2783496698885096,0.5660323277908362,0.15561800232065415,0.28048126011503505,0.5557928498614679,0.16372589002349697,-0.049008890468520416,-0.2069185102976764,0.965179012068779,0.0532943805588392,0.20132510068409296,1.380984612671484,0.42962615462457654,0.345246153167871,0.41696915440607074,0.4812075942176834,0.4142953838014452,0.46782515213443576,0.43222595372458017,0.0,0.867695244071567,0.9735244328619748,0.8994440007086891,경고,경고,경고,202210,0.4805479311485996,1.0,2.080957871590067,224333300000000.0,0.885046848820904,0.0892218440119652,0.8132134320471095,0.1444115526341808,0.1694806207061019,0.5600683867488644,0.20576829994269522,0.0,0.0,0.35529587039226135,0.6126392759755918,0.21011142078047343,0.9610570917895219,0.48884567343161756,0.3355418344734883,0.1771835525814372,0.0,-0.17684310899043115,0.0,0.0,1.9649615316787095,1.2919692253429678,3.728949878242039,2.1,-2.220337921286043,0.0
202011,2020-11-01,60088800000000.0,129956500000000.0,34361000000000.0,0.26776788352198666,0.5791125293719472,0.1531195871060661,0.28141849964276106,0.5563019096738996,0.1622795906833393,-0.3138509184203521,-0.4912856625621523,1.0904249697685313,0.0662508589415722,0.11417810910572507,0.0,0.06406631925542501,0.03425343273171752,0.05959438627686888,0.055961051291931116,0.0331254294707861,0.051393926927702116,0.05959438627686888,0.0,0.12401340722542936,0.10694859679212643,0.12401340722542936,정상,정상,정상,202210,0.4805479311485996,1.0,2.080957871590067,224406300000000.0,0.8777856854994298,0.0916457302590398,0.8114997118678657,0.1498686204947554,0.1125326650574745,0.3202766898868118,0.2581655442697859,0.0,0.0,0.4416723929438147,0.4352383133846801,0.0681906507077441,0.7744221961674514,0.33953775693396115,0.1902968485095418,0.13804963201649878,0.0,-0.35043243112474765,0.0,0.0,-0.4578590375832042,0.0,-3.9275693535761262,0.0,-1.334297328021172,0.0
202012,2020-12-01,61047300000000.0,132155100000000.0,34438600000000.0,0.26817357154466903,0.5805417301804157,0.15128469827491534,0.281273019166239,0.5583310169050008,0.16039596392875996,-0.30117861570894383,-0.48602666973544584,1.0846231108246065,0.06565066663702826,0.5192617753005563,0.0,0.1853213325768296,0.15577853259016688,0.1808899125788302,0.13667768837862537,0.10385235506011126,0.13011262171492255,0.1808899125788302,0.0,0.3764242874721558,0.27075888435088874,0.3764242874721558,정상,정상,정상,202210,0.4805479311485996,1.0,2.080957871590067,227641000000000.0,0.9184049742339618,0.0661739747585398,0.8192392449789396,0.1185543191454183,0.09411141123080849,0.45031489272435227,0.1851509122595968,0.0,0.0,0.4376711109135218,1.3198431533969384,0.7758745227175508,1.3548436220130886,0.803874897610471,0.788474691419365,0.23969102940049797,0.0,0.6706733364509533,0.2565386691607626,0.11544240112234318,-1.233755411341804,0.0,0.22453438448396232,0.0,-1.650378804568949,0.0
202101,2021-01-01,63760500000000.0,132405800000000.0,33816700000000.0,0.2772400568737689,0.5757199445176383,0.14703999860859282,0.28016939839595445,0.561285466265997,0.15854513533804857,-0.07486383552508656,-0.3776299871614719,1.2678395651444838,0.08460409294598109,0.15715516398485907,0.32776906723484933,0.16716065782986156,0.08194226680871233,0.15437789917668918,0.17206379944041716,0.0983307201704548,0.1573171835864247,0.15525968449960983,0.0,0.32125390449126906,0.3273704315205502,0.3230888626000534,정상,정상,정상,202210,0.4805479311485996,1.0,2.080957871590067,229983000000000.0,0.8759141248089822,0.0922299836499449,0.8434440289672916,0.1111458062860596,0.1304023236247805,0.4874522967316006,0.1911079635435757,0.0,0.0,0.5640272863065406,0.3609269381151472,0.008741550492117778,0.46100476334793855,0.08880381067835086,0.04476956757592267,0.6300734975812842,0.22405879806502735,0.9125033879513852,0.45000271036110817,0.3257335585982637,0.2669290455401538,0.0,1.5206038115530334,0.9364830492424268,-1.3600016596781785,0.0
202102,2021-02-01,64050000000000.0,134777200000000.0,33586800000000.0,0.27558580808385036,0.5799013828771072,0.1445128090390424,0.28242775999574093,0.5615690552115682,0.15600318479269074,-0.17485662177763767,-0.4796042184753169,1.1567499730529909,0.07311206617789562,0.0,0.0,0.03290042978005303,0.03290042978005303,0.03290042978005303,0.03655603308894781,0.03655603308894781,0.03655603308894781,0.03399711077272146,0.0,0.06846440832949761,0.0760715648105529,0.07074655527381418,정상,정상,정상,202210,0.4805479311485996,1.0,2.080957871590067,232414000000000.0,0.8642034528019675,0.0975052437413058,0.7767024085193073,0.1696927935541927,0.1079717262094107,0.3901414261558852,0.19397180571463402,0.0,0.0,0.4874137745193041,0.07242313580076505,0.0,0.2655418553507613,0.0,0.0,-0.49744593233029966,0.0,-1.0674556818281202,0.0,0.0,-0.6701627178518018,0.0,-1.829473406913402,0.0,-1.1545926530111592,0.0
202103,2021-03-01,64219500000000.0,134463100000000.0,37026200000000.0,0.2724527043538468,0.570462791376478,0.15708450426967513,0.28468495201970245,0.562289474163164,0.15302557381713383,-0.31261393402689047,-0.21382758839790106,-0.3839217832363019,0.0,0.0,0.0,0.0,0.0,0.0,0.0,0.0,0.0,0.0,0.0,0.0,0.0,0.0,정상,정상,정상,202210,0.4805479311485996,1.0,2.080957871590067,235708800000000.0,0.8518267298610346,0.109298559473644,0.7907787322206027,0.15098977413938,0.0777987415879959,0.4415916105417682,0.1823448322522262,0.0,0.0,0.0,-0.2557890131643112,0.0,-0.12208040913607647,0.0,0.0,-0.2807579646492281,0.0,-0.4786780914315663,0.0,0.0,-1.975023246014944,0.0,-0.05399893701780148,0.0,-0.7187182066194123,0.0
202104,2021-04-01,65142600000000.0,138720800000000.0,36337700000000.0,0.2712002567848357,0.5775194201858359,0.15128032302932834,0.28534436815687025,0.5614577584194191,0.15319787342371058,-0.38136388722255377,-0.420199817472043,0.1813752108996533,0.0,0.2947444602844703,0.32115609400824663,0.16871236158740277,0.0884233380853411,0.15666900806209352,0.15529572025936805,0.09634682820247399,0.14350594184798926,0.15666900806209352,0.0,0.32602160556102117,0.2986298193085197,0.32602160556102117,정상,정상,정상,202210,0.4805479311485996,1.0,2.080957871590067,240201100000000.0,0.8976252023604365,0.075963496788344,0.8264970678327414,0.1280921414005098,0.09583998843310479,0.4850691736295031,0.1903282821719127,0.0,0.0,0.0,1.0010083003579755,0.5208066402863805,0.9188808749535406,0.45510469996283254,0.4912407671407839,0.33713193321520263,0.0,0.2496813427366073,0.0,0.0,-1.1552458332707538,0.0,1.4969860500294523,0.9175888400235618,-0.37266804860270886,0.0
202105,2021-05-01,66493700000000.0,141832200000000.0,34756900000000.0,0.2735434181274858,0.5834727919869279,0.1429837898855863,0.28640362463728736,0.5608372113499289,0.15275916401278353,-0.346746304243591,-0.5921844819275275,0.9840986927366563,0.055251588903792025,0.4397659014041496,0.0,0.15679298542795128,0.13192977042124487,0.1530635031769453,0.11557897473272595,0.08795318028082993,0.11005381584234675,0.1530635031769453,0.0,0.31851870178921554,0.22901735437565507,0.31851870178921554,정상,정상,정상,202210,0.4805479311485996,1.0,2.080957871590067,243082800000000.0,0.913130564327006,0.0717793728749527,0.8118896617283764,0.1457843149374588,0.1266609902918302,0.4449599322928242,0.2344656290254854,0.0,0.0,0.36834392602528016,1.4434294898079318,0.8747435918463455,1.049539426365072,0.5596315410920576,0.732943169006916,0.08581515105105136,0.0,-0.348050615928106,0.0,0.0,0.12996944985916953,0.0,0.0533622333557372,0.0,-0.1351867751884333,0.0
202106,2021-06-01,68659300000000.0,142664200000000.0,35538100000000.0,0.2781287166574307,0.5779116719651821,0.14395961137738716,0.2876716686385023,0.5611270122912915,0.1512013190702063,-0.25730405872476775,-0.43911464665792543,0.7290314397130518,0.02886532134962605,0.11891425417988188,0.0009746424057762408,0.048907331462740344,0.03567427625396456,0.046922373181423976,0.038507904232522275,0.02378285083597638,0.0355628935532131,0.046922373181423976,0.0,0.09764348182557088,0.07400488327607845,0.09764348182557088,정상,정상,정상,202210,0.4805479311485996,1.0,2.080957871590067,246861600000000.0,0.8384147631879683,0.1369799235316525,0.8217277564115014,0.1075994347833031,0.1098875869604975,0.43294068662433977,0.3499064552884412,0.0,0.0,0.19243547566417368,-0.6884687323625631,0.0,-0.9864924112135036,0.0,0.0,0.24372246840958203,0.0,1.1757934318047352,0.6606347454437882,0.2972856354497047,-0.5065037127176405,0.0,-0.38418584324014693,0.0,0.459421543255837,0.006497616038508272
202107,2021-07-01,70915700000000.0,141947500000000.0,35570000000000.0,0.2854517834170312,0.5713708956773893,0.14317732090557944,0.2885411171030497,0.5617646308292786,0.14969425206767162,-0.11576753991199396,-0.2851431726026533,0.6164165319492368,0.017215503305093464,0.015467529622488983,0.20627640105172154,0.06395633563696915,0.051569100262930385,0.06209825033086333,0.073584177892561,0.06188292031551646,0.0712439263771521,0.06484195314474996,0.0,0.12922384283798052,0.14825560939751786,0.13493337280584172,정상,정상,정상,202210,0.4805479311485996,1.0,2.080957871590067,248433200000000.0,0.8336846299176167,0.1376482835734574,0.8292665148294415,0.1338529808982874,0.1110093820649594,0.4748415699167355,0.2228655330717345,0.0,0.0,0.11477002203395643,-0.7592293853691187,0.0,-1.0073634362336013,0.0,0.0,0.4378836910368692,0.07030695282949537,-0.0551677496870101,0.0,0.038668824056222455,-0.44299150917384705,0.0,1.086701432327577,0.5893611458620616,-0.17506937259505848,0.0
202108,2021-08-01,71247200000000.0,149643300000000.0,35289700000000.0,0.27811360909234983,0.5841329657795568,0.13775342512809344,0.29008886703792286,0.5621126981397206,0.14779843482235633,-0.5659010613658845,-0.6623721047397247,0.9501266600990399,0.05173724069990069,0.1405519345074263,0.7666523545629397,0.2571104273079181,0.19166308864073492,0.24729332650784064,0.2839747136203175,0.2299957063688819,0.27317891217003043,0.2550590022064976,0.0,0.5146069943881836,0.5684738076326363,0.5307670383615194,주의,주의,주의,202210,0.4805479311485996,1.0,2.080957871590067,256180200000000.0,0.8807036184404698,0.0896346142494539,0.831836924307282,0.1202785937570876,0.16817242854505987,0.4682859139633073,0.3113106030454457,0.0,0.0,0.3449149379993379,0.5030844083592622,0.12246752668740975,0.49196990371566335,0.11357592297253069,0.11846630501571417,0.5677707744982797,0.1742166195986238,0.5662812165715316,0.17302497325722532,0.17368037874499448,1.9089219003012332,1.2471375202409867,0.8610128372944512,0.408810269835561,0.30546653704241733,0.0
202109,2021-09-01,73378400000000.0,145478400000000.0,34918800000000.0,0.2891467895258646,0.5732560577139804,0.13759715276015502,0.2888673710505363,0.5661921494042766,0.144940479545187,0.01356121801767926,-0.2154390783154555,0.6860442675281745,0.0244183725029146,0.2696838516492336,0.44057309920737037,0.20203669792292422,0.11014327480184259,0.18825268445476195,0.1983178863435151,0.1321719297622111,0.1850886950272543,0.18825268445476195,0.0,0.39174590556409794,0.38516177685929814,0.39174590556409794,정상,정상,정상,202210,0.4805479311485996,1.0,2.080957871590067,253775600000000.0,0.8986147520259751,0.0741526833357729,0.8108359613214957,0.1239168807257625,0.1348357047922485,0.4986498965842603,0.268057454632346,0.0,0.0,0.16278915001943067,0.8872953450154235,0.4298362760123388,0.9335437035711616,0.46683496285692927,0.44648568509240455,-0.04131318653825105,0.0,0.36244750412354776,0.009958003298838225,0.004481101484477202,0.4967019736920621,0.1173615789536497,1.7139011061805198,1.0911208849444158,0.08944378412781881,0.0
202110,2021-10-01,76169600000000.0,151279200000000.0,35378500000000.0,0.2898085548951726,0.5755840432101231,0.13460740189470424,0.28877697209507286,0.5689885958982549,0.142234432006672,0.05202178753696589,-0.2039687172516096,0.7054301229913761,0.026423805826694076,0.0,0.8147459535625465,0.21557720101264896,0.20368648839063663,0.2137935941193471,0.257635688982111,0.24442378606876394,0.25499330839944157,0.22615350840337542,0.0,0.4448954625781872,0.5306303323166115,0.47061592349971443,정상,주의,정상,202210,0.4805479311485996,1.0,2.080957871590067,262827300000000.0,0.8795216213031696,0.1037094165408057,0.8093836229938055,0.1431624227141648,0.1540260797198905,0.5060484867390314,0.1946749172974187,0.0,0.0,0.17615870551129384,0.29403060793401853,0.0,-0.04609742756376545,0.0,0.0,-0.09524526814856106,0.0,-0.48774456128583443,0.0,0.0,1.2836748346387585,0.7469398677110068,1.9259857846680113,1.260788627734409,-0.27705665139072566,0.0
202111,2021-11-01,80069300000000.0,149608400000000.0,38558700000000.0,0.29850273862906,0.5577483145464225,0.14374894682451747,0.2877728223279902,0.5731961918122732,0.1390309858597363,0.5575751786525465,0.5218575494299212,-0.4288816331450159,0.12972148013249155,0.0,0.0,0.058374666059621196,0.058374666059621196,0.05837466605962119,0.06486074006624577,0.06486074006624577,0.06486074006624577,0.06032048826160856,0.0,0.12147522083821023,0.13497246759801138,0.12552439486615058,정상,정상,정상,202210,0.4805479311485996,1.0,2.080957871590067,268236400000000.0,0.8726378055802754,0.1177999965101467,0.8001426450550634,0.1596914312289801,0.1320098086513533,0.3648159184967132,0.1834062657996128,0.1660601429220372,0.137486039543937,0.0,0.09058025579470255,0.0,-0.4794282019411225,0.0,0.0,-0.43763130233995423,0.0,-1.1913756413096956,0.0,0.0,0.2506879361220584,0.0,-2.583552656641988,0.0,-0.2753857601275081,0.0
202112,2021-12-01,82003100000000.0,156668300000000.0,41231400000000.0,0.29296991669965433,0.5597239470273252,0.1473061362730205,0.28720661835690936,0.5756126165478733,0.1371807650952171,0.30983748732393074,0.6103462502863537,-0.9204369767686752,0.08331080009163319,0.5363590563973724,0.23659479235754613,0.2575462750498332,0.1609077169192117,0.24305049133023995,0.2199056490325549,0.10727181127947448,0.19737888148193883,0.24305049133023995,0.0,0.5057778331274961,0.4107371371054835,0.5057778331274961,주의,정상,주의,202210,0.4805479311485996,1.0,2.080957871590067,279902800000000.0,0.8338004852290567,0.1374054516911659,0.8662266647105443,0.0910756352926005,0.08766406893611679,0.48315443054983065,0.1619728336703021,0.0,0.20827700022908296,0.0,-1.4215802566769178,0.0,-1.171310161207679,0.0,0.0,2.1192932045825446,1.4154345636660355,1.9122461971586422,1.249796957726914,1.3408976409934308,-1.385459953005439,0.0,1.1949814012769504,0.6759851210215604,-0.3330890678870571,0.0
202201,2022-01-01,84085000000000.0,156369500000000.0,39476800000000.0,0.300377271137597,0.5585995563911574,0.14102317247124563,0.2850926112719045,0.5775605277037746,0.13734686102432075,0.8517492059392663,0.7283654384954313,-0.33419150117533647,0.3017066544566739,0.0,0.7904896212349559,0.33339039981424223,0.19762240530873898,0.31302520063841677,0.3880002135988237,0.23714688637048675,0.3578295481531563,0.3264665048928386,0.0,0.6513922552745735,0.7446282149168275,0.6793630431672496,주의,주의,주의,202210,0.4805479311485996,1.0,2.080957871590067,279931300000000.0,0.8479081018750627,0.135315351448912,0.8058811157895783,0.1330229759120913,0.1427414564062458,0.5417602196980607,0.3244468375511839,0.401399364751413,0.3026923507963451,0.0,-0.7204412121081273,0.0,-0.924797835854525,0.0,0.0,-0.2615079801954727,0.0,0.04187935683073385,0.0,0.0,0.6495328607774348,0.23962628862194785,2.7192366345367978,1.8953893076294381,0.520472119452227,0.04860146169119106
202202,2022-02-01,87713200000000.0,147506300000000.0,42874700000000.0,0.3154082321745653,0.5304184697127807,0.1541732981126539,0.2854870296023171,0.5780247382801535,0.1364882321175292,1.6085771846890413,1.7220245524892712,-1.6076436500610762,0.8921356432846217,0.0,0.4359134195251997,0.5104393943593797,0.40146103947807976,0.49409264112718465,0.5768418474998708,0.44606782164231085,0.5506870423283587,0.5110709614875368,0.0,1.028185970848341,1.1459565355158505,1.0635171402485937,위험,위험,위험,202210,0.4805479311485996,1.0,2.080957871590067,278094200000000.0,0.8301513139170856,0.1536618916611327,0.8032316532745344,0.1525353393273188,0.16410702635772298,0.441075473735794,0.178482542842921,1.006861747751233,1.097619641991417,0.0,-1.2971489003373835,0.0,-1.4215400185789602,0.0,0.0,-0.3718432949776898,0.0,-0.8515216955119227,0.0,0.0,1.4397835488129993,0.8718268390503994,-0.20727762186670104,0.0,-0.2085293504284485,0.0
202203,2022-03-01,91622500000000.0,134780400000000.0,46678500000000.0,0.33551351355310177,0.49355393666503833,0.17093254978185993,0.2883129154681512,0.5733979313508414,0.13828915318100732,2.5375251880266867,2.8881347636644525,-2.9117493767624127,1.5997121920622321,0.07186441307198561,0.31304218028619835,0.8196903554211497,0.7198704864280044,0.8047173750721779,0.9081416327313727,0.7998560960311161,0.8864845253913215,0.869247520167921,0.04,1.674582956061745,1.8447369511558551,1.8088674694535807,초위험,초위험,초위험,202210,0.4805479311485996,1.0,2.080957871590067,273081400000000.0,0.8417016654208723,0.146430127071021,0.8279076451210204,0.123904952197026,0.12181850743180521,0.5113365167373196,0.1983699005735931,1.7500201504213493,2.030507810931562,0.0,-0.8074051059515178,0.0,-1.1005785863066073,0.0,0.0,0.69690547062278,0.277524376498224,0.42506284890539114,0.06005027912431293,0.17966103267996403,-0.30170781633669597,0.0,1.4680077867364225,0.8944062293891382,-0.06650922762981192,0.0
202204,2022-04-01,97446800000000.0,133214500000000.0,45302000000000.0,0.353115070011121,0.4827254203729264,0.16415950961595255,0.2961542286879829,0.5614519011217561,0.14239387019026079,3.062240214170914,2.8477118005730784,-1.8706842209254146,1.7756742532849141,0.0,0.40345569421608024,0.8999173375322315,0.7990534139782114,0.8847877489991285,1.0088738349072812,0.8878371266424571,0.9846664932543164,0.9547513722756849,0.04,1.8412060309661928,2.0490494900285574,1.9867973835485049,초위험,초위험,초위험,202210,0.4805479311485996,1.0,2.080957871590067,275963300000000.0,0.8722036106458217,0.1141308393820956,0.8148931781299894,0.1356285156113825,0.1182967904793921,0.5248790871928289,0.25773914660221253,2.169792171336731,1.9981694404584627,0.0,0.32099348756829765,0.0,-0.20779217452395052,0.0,0.0,0.10070771428119336,0.0,-0.17687840167572613,0.0,0.0,-0.41489267778099836,0.0,1.790913193628858,1.1527305549030864,0.313399106566487,0.0
202205,2022-05-01,100073500000000.0,134379400000000.0,48851200000000.0,0.3532370339857418,0.4743291749042813,0.17243379110997686,0.3079135521240127,0.5475799211514564,0.14450652672453065,2.436610583328133,2.6496423122783286,-2.3942523230357344,1.4870653499271929,0.3071399405380329,0.47884152880543696,0.8810317718300059,0.6691794074672368,0.8492539171755905,0.9486131217128341,0.7435326749635964,0.9075970323629865,0.9067568517318094,0.04,1.7672616239252439,1.8886711887275416,1.886922808229536,초위험,초위험,초위험,202210,0.4805479311485996,1.0,2.080957871590067,283304100000000.0,0.8827678356963737,0.0971988603336698,0.8459429675406676,0.1202911481377735,0.17862414024301762,0.4668827512847491,0.2901430098549685,1.6692884666625063,1.8397138498226628,0.0,0.7181278472383149,0.29450227779065197,0.31206588166553373,0.0,0.16197625278485858,1.3714947754414704,0.8171958203531762,0.5595215860376317,0.16761726883010536,0.5248854721677944,1.5239748736328698,0.9391798989062959,0.298790612734288,0.0,0.5394319337387934,0.06167719568192647
202206,2022-06-01,104386200000000.0,125081500000000.0,50769100000000.0,0.37249283463128324,0.44634216491196016,0.18116500045675657,0.31928076673057937,0.5321772614139478,0.1485419718554724,2.860704484337336,3.104846233275487,-2.555750666935215,1.7854044090095968,0.16491240760412795,0.4372820409288655,0.9622262165677733,0.8034319840543186,0.938407081690755,1.0568692983042838,0.8927022045047984,1.0240358795443867,1.0040957210468444,0.04,1.9527856034002398,2.1309755243285493,2.089480894542335,초위험,초위험,초위험,202210,0.4805479311485996,1.0,2.080957871590067,280236800000000.0,0.8918447448757086,0.098008093388371,0.8295111129813549,0.1306583654327559,0.1418899169422099,0.5576568298658166,0.2126816981761902,2.008563587469869,2.2038769866203896,0.0,0.7648003906744518,0.3318403125395615,0.24126618631238178,0.0,0.18251217189675883,0.6648017299208674,0.2518413839366939,0.058393978342541016,0.0,0.13851276116518166,0.34336949541897005,0.0,1.9117215747459484,1.2493772597967587,-0.059783301895132285,0.0
202207,2022-07-01,110987000000000.0,127995600000000.0,48536900000000.0,0.3860155572056852,0.44517189268901763,0.1688125501052972,0.332949534857398,0.5120599384671032,0.15499052667549837,2.8528530103541136,2.4194892934085312,-1.0828438411052972,1.563263657618211,0.0,0.30234954522899604,0.7790560322354441,0.703468645928195,0.7677179242893567,0.8723366923778043,0.7816318288091055,0.8541957196640646,0.833661262901769,0.04,1.597588657710724,1.7775453067134774,1.7348139672751526,초위험,초위험,초위험,202210,0.4805479311485996,1.0,2.080957871590067,287519500000000.0,0.8591319429003424,0.1359985769555743,0.8196144297840596,0.1412294412595679,0.145772663539817,0.5432174735937114,0.1896321961620469,2.002282408283291,1.655591434726825,0.0,-0.3998917385783927,0.0,-0.9067776509387215,0.0,0.0,0.1122960664002252,0.0,-0.5025687254978716,0.0,0.0,0.46815752966810753,0.09452602373448604,1.2610233334348322,0.7288186667478658,-0.2248207346979734,0.0
202208,2022-08-01,115256000000000.0,122777900000000.0,50026200000000.0,0.4001109490693088,0.42622320828188287,0.17366584264880836,0.3484379045420978,0.49244293330890676,0.1591191621489954,2.77796590191151,2.3953146463105863,-1.0739923378143932,1.528568411507531,0.0,0.8339194069187741,0.8963356369080825,0.687855785178389,0.8650636591486285,1.0144600278293978,0.7642842057537655,0.9644248634142715,0.9348720204283214,0.04,1.800161030931845,2.0069275110791036,1.9454292898396253,초위험,초위험,초위험,202210,0.4805479311485996,1.0,2.080957871590067,288060100000000.0,0.855585056380203,0.1309515620915931,0.7943886874520547,0.1720575557475365,0.1913670929378272,0.4382897279632403,0.23118011113503412,1.942372721529208,1.636251717048469,0.0,-0.5066263067926499,0.0,-0.6081915415524675,0.0,0.0,-1.1101469135155815,0.0,-2.3199352016832893,0.0,0.0,2.4347985172969353,1.6678388138375482,-0.5120878152797688,0.0,0.20958884439386816,0.0
202209,2022-09-01,113081300000000.0,125429100000000.0,51903000000000.0,0.38938044869830385,0.4318984592308757,0.17872109207082043,0.3650807708295092,0.4708758440063193,0.16404338516417122,1.306361511394939,1.4098986455984583,-1.045659382490524,0.6834577106936847,0.0,0.1182178751913737,0.3371104386100015,0.3075559698121581,0.332677268290325,0.37719421790425445,0.34172885534684233,0.37010114539277206,0.3439044314210591,0.0,0.6922873801478324,0.7701648917895888,0.7156506336403593,주의,경고,주의,202210,0.4805479311485996,1.0,2.080957871590067,290413400000000.0,0.86312081375435,0.1244522455646365,0.8175807652458836,0.1431736290835185,0.1266006874816144,0.49997284388026253,0.3378119118820383,0.7650892091159511,0.8479189164787666,0.0,-0.27985677105194573,0.0,-0.44650558760358067,0.0,0.0,0.17268194660622632,0.0,-0.5065756394130977,0.0,0.0,-0.18638593323287778,0.0,0.43721671081793817,0.06977336865435055,1.356706229569393,0.62531464108234
202210,2022-10-01,112146600000000.0,121598400000000.0,47343300000000.0,0.3989728494569144,0.43259858201141776,0.1684285685316678,0.37768100115344794,0.4535364828556395,0.16878251599091218,1.1064211302808153,0.6892139429288459,0.024089774723945793,0.3808600686383242,0.19327356189071304,1.090916897229596,0.5020983237618588,0.272729224307399,0.46769295884368983,0.5563598158661835,0.3272750691688788,0.5105428665267226,0.4805479311485996,0.0,0.9732493441930256,1.0624181968829405,0.9999999999999999,경고,위험,경고,202210,0.4805479311485996,1.0,2.080957871590067,281088300000000.0,0.9045450770819596,0.0903290894861297,0.800255180262537,0.1590147550654601,0.1805431960614527,0.5725761726061027,0.239700873633614,0.6051369042246523,0.2713711543430767,0.0,1.039233045268162,0.5513864362145295,0.40238906453665857,0.04191125162932687,0.3221226031511884,-0.7823665556802036,0.0,-1.458175535860139,0.0,0.0,2.314173134955655,1.571338507964524,1.4401701544547643,0.8721361235638113,0.32154756637946225,0.0
202211,2022-11-01,114810800000000.0,112431100000000.0,44319200000000.0,0.4227807296405855,0.4140176925192894,0.16320157784012512,0.38994036103182717,0.43872168576500814,0.1713379532031646,1.6561100846536896,0.775760036072914,0.5537642507266928,0.6171770748524567,0.42983141911555456,1.05,0.669179109418272,0.2777296836836055,0.610461695558072,0.7095548212493392,0.315,0.6306438569994715,0.6565163439904919,0.04,1.2703450706757888,1.3123432983929706,1.3661828538545462,초위험,초위험,초위험,202210,0.4805479311485996,1.0,2.080957871590067,271561100000000.0,0.9197220754859368,0.074498611096138,0.8247579687401486,0.1490996114522745,0.2634640849626219,0.46358911650202084,0.1649593034532797,1.0448880677229517,0.3406080288583312,0.07156155222530536,1.5302135306641325,0.9441708245313059,0.8766933744479846,0.42135469955838767,0.7089035682934928,0.37550726215601665,0.02040580972481334,-0.7686113437063338,0.0,0.011223195348647337,6.003610070116768,2.1,-0.23714306339320118,0.0,-0.6108381889946631,0.0
202212,2022-12-01,114018700000000.0,98780600000000.0,43661700000000.0,0.4445849466390601,0.385168115229996,0.17024693813094388,0.4038597444761991,0.42349263346354027,0.17264762206026013,2.016533342293083,1.2034746509042102,0.1633912987088147,0.8730638915148572,0.5837527602737839,0.07920190210230588,0.5878050547893974,0.39287875118168575,0.5585661092482406,0.5770430684428772,0.4365319457574286,0.5489408439057876,0.5985661092482406,0.04,1.1623525418435636,1.142322770163043,1.2455908567071663,위험,위험,초위험,202210,0.4805479311485996,1.0,2.080957871590067,256461000000000.0,0.934407717785138,0.0629559650565719,0.8294165775516358,0.1557776810056511,0.1152298428641131,0.5169556541664293,0.1497990987191155,1.3332266738344665,0.6827797207233682,0.0,1.8653420893723156,1.2122736714978526,1.0904394623384788,0.5923515698707831,0.9333087257656714,0.485042754627165,0.10803420370173203,-1.126079754833785,0.0,0.05941881203595262,-0.646579468613433,0.0,0.6328639360796638,0.22629114886373108,-0.6796167740370681,0.0
202301,2023-01-01,120359200000000.0,97829400000000.0,43758400000000.0,0.45947920762597017,0.3734702058049911,0.16705058656903876,0.41976645883420816,0.40538446223551716,0.17484907893027443,1.820387394164789,1.0021782500315293,0.5307678279980738,0.7463917944609383,0.150840459521924,0.39453403909602813,0.4797619551380065,0.33587630750742226,0.4581791079934189,0.5217242008636623,0.37319589723046914,0.49201854013702373,0.46833093763650036,0.0,0.9534514213770203,1.0238698540663929,0.9745769511838321,경고,위험,경고,202210,0.4805479311485996,1.0,2.080957871590067,261947000000000.0,0.9006037765205703,0.0889500685029194,0.7488568470945131,0.220508033442825,0.1552113494502242,0.5324708624401754,0.1833407510791739,1.176309915331831,0.5217426000252234,0.05570195034349914,0.8480980771021192,0.3984784616816953,0.4395489220692802,0.07163913765542418,0.2514007658698733,-3.37673956539184,0.0,-4.393585473437398,0.0,0.0,1.0206253817940243,0.5365003054352194,0.8010138799229229,0.3608111039383384,-0.27055847156150387,0.0
202302,2023-02-01,117792500000000.0,95347300000000.0,44128500000000.0,0.45785858576435573,0.37061425756690586,0.17152715666873844,0.43709212427435956,0.3869960395004971,0.17591183622514325,0.7658897518183212,0.49486734501020324,0.3302218854359267,0.19607786105786068,0.5589437573183751,1.05,0.5184181646715498,0.2625,0.4800304399708173,0.5248276819926054,0.315,0.48286214559408436,0.4808799516577974,0.0,0.9989231226601154,1.0048157827668789,1.0006909206921444,경고,위험,위험,202210,0.4805479311485996,1.0,2.080957871590067,257268300000000.0,0.8619469821608055,0.1188718127249552,0.8597849378179789,0.103296333506906,0.2384314133232186,0.4828233318130813,0.23193316913616951,0.33271180145465695,0.11589387600816262,0.0,-0.29577034620675363,0.0,-0.30968946973277495,0.0,0.0,2.1085253504889243,1.4068202803911394,2.082245108557808,1.3857960868462462,1.3973593932959376,4.22145191581511,2.1,-0.021342072569909214,0.0,0.32407413428827236,0.0
202303,2023-03-01,120062200000000.0,83742500000000.0,44627700000000.0,0.4832791536047633,0.33708364931466267,0.17963719708057402,0.45201099070571105,0.37072389573117315,0.1772651135631156,1.0028975032419305,1.0162178630574688,-0.20081100651937944,0.44823281734548504,0.0,0.5990633924447983,0.35147061591666784,0.20170476780546828,0.3290057386999879,0.403835426406182,0.22411640867274252,0.3678916228594941,0.34067150394783974,0.0,0.6846470817460445,0.7655669684815085,0.7089230477666837,주의,경고,주의,202210,0.4805479311485996,1.0,2.080957871590067,248432400000000.0,0.8746553280135836,0.1173477213557259,0.7952317239361228,0.187151349550198,0.1953204896743876,0.4683846905642336,0.22804471021356,0.5223180025935444,0.532974290445975,0.0,0.06310402856016847,0.0,-0.14105047683364846,0.0,0.0,-1.131339558550218,0.0,-2.6080454013743624,0.0,0.0,1.847658481111996,1.1981267848895967,-0.2814378474708922,0.0,0.1287714322658063,0.0
202304,2023-04-01,121433800000000.0,83790500000000.0,43417400000000.0,0.48838871355850605,0.33699295009646413,0.17461833634502982,0.46889024514661726,0.3502490346332664,0.18086072022011618,0.5769289985193322,0.37774343085829254,0.5284549973938324,0.0986883715547683,0.10969800559503833,0.27983788329495357,0.14727863970189564,0.06995947082373839,0.13568076437017204,0.15523515188487788,0.08395136498848607,0.14097839450559954,0.13727005341080029,0.0,0.2823459546394666,0.2933700997705572,0.28565319817879375,정상,정상,정상,202210,0.4805479311485996,1.0,2.080957871590067,248641700000000.0,0.8899789524085028,0.1027541421859569,0.8352536881895497,0.1422869914412706,0.16777156522975178,0.5215385182750586,0.1971847138839579,0.1815431988154658,0.02219474468663405,0.05410689475436716,0.4612146020187438,0.08897168161499507,0.3251469559170595,0.0,0.04893442488824729,0.8064622196709655,0.36516977573677245,-0.20651443778290868,0.0,0.20084337665522486,0.8257669710613212,0.380613576849057,0.6697539102515181,0.2558031282012145,-0.4032719612717135,0.0
202305,2023-05-01,117646200000000.0,83728800000000.0,44237600000000.0,0.4789908986753937,0.34089782038869343,0.1801112809359129,0.48421151688218006,0.33296054169185074,0.1828279414259691,-0.15446987784212815,-0.22617952369720287,0.22998150080488547,0.0,0.17507558639491858,0.3417689318570236,0.13796490888273147,0.0854422329642559,0.13008650749496012,0.1375457968360908,0.10253067955710708,0.13054277338029407,0.1302233872605603,0.0,0.2707045417592975,0.2716540118449212,0.2709893827849846,정상,정상,정상,202210,0.4805479311485996,1.0,2.080957871590067,245612600000000.0,0.8729021358278716,0.120096766347399,0.8428136214314577,0.1312867912773662,0.1800616234701716,0.4769071165927507,0.2605326971985094,0.0,0.0,0.0,-0.022401764927229357,0.0,-0.13864966970681034,0.0,0.0,1.172502526604384,0.6580020212835073,0.5605218174482426,0.1684174539585941,0.4376889659872964,1.1614694768721827,0.6491755814977462,-0.2522188540310047,0.0,0.6160843640454551,0.1145409407210035
202306,2023-06-01,117425900000000.0,82227300000000.0,44280200000000.0,0.4813850829775668,0.3370891399045805,0.18152577711785267,0.4958264746321075,0.3194981034987652,0.18467542186912722,-0.42729805482565664,-0.5078728386694272,0.2754404311502672,0.0,0.25381781883977916,0.0,0.07614534565193375,0.07614534565193375,0.07614534565193373,0.050763563767955835,0.050763563767955835,0.05076356376795584,0.07614534565193373,0.0,0.15845525641933797,0.10563683761289203,0.15845525641933797,정상,정상,정상,202210,0.4805479311485996,1.0,2.080957871590067,243933400000000.0,0.8999161477249935,0.094426844327164,0.8092540695054232,0.1757049644552929,0.12322574486319449,0.4251573521002514,0.1901092293090998,0.0,0.0,0.0,0.8781870311644494,0.42254962493155956,0.8795205676498358,0.42361645411986865,0.42302969806629864,-0.489871186705119,0.0,-1.9953352371084354,0.0,0.0,-0.7274845190240034,0.0,-1.1848535440499908,0.0,-0.6206004625078834,0.0
202307,2023-07-01,118449400000000.0,85154200000000.0,43279400000000.0,0.47977949068992193,0.3449172279986876,0.17530328131139042,0.5060392867227408,0.30751369607365076,0.18644701720360807,-0.7769860435447686,-1.079881679327953,0.9745338478363457,0.0542621221899668,0.2625638485859069,0.0,0.10318710956125714,0.07876915457577208,0.09952441631343438,0.07964383081216478,0.052512769717181385,0.07421761859316811,0.09952441631343438,0.0,0.20710611754284813,0.1544437376221225,0.20710611754284813,정상,정상,정상,202210,0.4805479311485996,1.0,2.080957871590067,246883000000000.0,0.8843671173259042,0.0997906898452861,0.8474433987402704,0.1285988258619015,0.1556186179491539,0.472999454847836,0.1629601506943328,0.0,0.0,0.36174748126644535,0.3425374680431509,0.0,0.606000973752145,0.20480077900171603,0.09216035055077222,1.2376892071201795,0.7101513656961436,0.7044051236270276,0.28352409890162206,0.5181690956386089,0.14799982350482604,0.0,-0.32036379906657625,0.0,-1.049967480953585,0.0
202308,2023-08-01,118549800000000.0,84890800000000.0,43106900000000.0,0.48083959480424665,0.3443182348229043,0.17484217037284905,0.514465045884235,0.2988354461305226,0.18669950798524235,-0.8971634507439231,-1.0836689888387487,1.0037942943661742,0.05728906493443182,0.22140416545781672,1.000628457865961,0.3423584433243296,0.25015711446649025,0.32852824399565367,0.37311390291856755,0.3001885373597883,0.35852882980681167,0.33752841973900105,0.0,0.6836534353824176,0.7460833905784602,0.7023824219412304,주의,주의,주의,202210,0.4805479311485996,1.0,2.080957871590067,246547500000000.0,0.8924019755630958,0.0943161449111709,0.8433929526896592,0.1368715105363694,0.2648136958163393,0.45010323449440004,0.2010097078863557,0.0,0.0,0.3819270995628788,0.521196972163677,0.1369575777309416,0.5840851945388926,0.18726815563111412,0.15959733778601926,1.0638963794670748,0.5711171035736599,0.2455788161840188,0.0,0.31411440696551296,2.8515711446649026,2.001256915731922,-0.730085045819683,0.0,-0.07901723338949516,0.0
202309,2023-09-01,117218400000000.0,78137900000000.0,42347800000000.0,0.4931273797969829,0.3287191933163963,0.1781534268866208,0.5202639540855787,0.2937210408961133,0.18601500501830784,-0.6515857338234353,-0.7201924926901178,0.6655294410317898,0.022296149072254114,0.3060299989543114,0.2193970659545194,0.15669153325743762,0.09180899968629341,0.146959153221766,0.13817319411334517,0.06581911978635582,0.1237023792479473,0.146959153221766,0.0,0.30581580669904473,0.2574194398304357,0.30581580669904473,정상,정상,정상,202210,0.4805479311485996,1.0,2.080957871590067,237704100000000.0,0.9034284057327238,0.0831220270595421,0.7721782968728297,0.2114459513653614,0.1893397077921986,0.4699580707267141,0.2045660523930775,0.0,0.0,0.14864099381502743,0.9513738322628507,0.48109906581028056,1.031793089059809,0.5454344712478473,0.5100499982571857,-1.9917168172280788,0.0,-3.809540371972531,0.0,0.0,0.8984926648862985,0.4387941319090388,-0.3587407311814071,0.0,0.09340591781400683,0.0
202310,2023-10-01,117618000000000.0,81970800000000.0,43354800000000.0,0.48413705897171194,0.33740670674181167,0.17845623428647636,0.5269466407064933,0.28758884100179666,0.18546451829170973,-1.0121203063200088,-0.979093063589171,0.5909534369975163,0.014581390034225828,0.6775847943040659,0.16972732232727064,0.2522688943884391,0.20327543829121977,0.24491987597385617,0.1937258505761073,0.1355169588608132,0.1820840722330485,0.24491987597385617,0.0,0.5096679438166589,0.3789092834045366,0.5096679438166589,주의,정상,주의,202210,0.4805479311485996,1.0,2.080957871590067,242943600000000.0,0.9235603872940376,0.072399561103485,0.8387422713116148,0.1408503116388246,0.16785983078777278,0.5364219322690479,0.1776339017557051,0.0,0.0,0.09720926689483886,1.6785222972672091,1.0628178378137672,1.460637301787123,0.8885098414296984,0.9843792394409363,0.8440752877244556,0.3952602301795645,0.09188536580601595,0.0,0.2173931265987605,0.2946484484639368,0.0,0.956169008311681,0.48493520664934475,-0.4224870730357421,0.0
202311,2023-11-01,122159500000000.0,83912000000000.0,42650100000000.0,0.49114954229950275,0.3373731915523219,0.17147726614817532,0.5299761004101117,0.28578187238886255,0.1842420272010255,-0.8559707872823012,-0.9612447102471449,1.0763518446171558,0.06479501840867129,0.5066811869783705,0.224928077691819,0.23739413380036797,0.15200435609351115,0.22458566714433945,0.20121216990755544,0.1013362373956741,0.1812369834051792,0.22458566714433945,0.0,0.46735331189031987,0.37714652724024594,0.46735331189031987,정상,정상,정상,202210,0.4805479311485996,1.0,2.080957871590067,248721600000000.0,0.9246099087805292,0.0739994276109205,0.8233128345664444,0.1545473530776202,0.1951181609052473,0.4252495116678556,0.1692361611872715,0.0,0.0,0.43196678939114197,1.484824748144165,0.9078597985153319,1.3087382105014393,0.7669905684011515,0.8444686449639508,0.046238338209052855,0.0,-0.626940549543793,0.0,0.0,0.9123201942295475,0.449856155383638,-1.0332293321198993,0.0,-0.6266855759370943,0.0
202312,2023-12-01,114903700000000.0,83445500000000.0,43200700000000.0,0.4756934281488007,0.3454586402229933,0.178847931628206,0.5328810582946353,0.2848780246651757,0.18224091704018902,-1.203350854637222,-1.0791527132042984,0.2506372873266046,0.0,0.1898874077039136,0.0,0.056966222311174076,0.056966222311174076,0.05696622231117407,0.037977481540782725,0.037977481540782725,0.03797748154078273,0.05696622231117407,0.0,0.11854430873318737,0.0790295391554583,0.11854430873318737,정상,정상,정상,202210,0.4805479311485996,1.0,2.080957871590067,241549900000000.0,0.9116327982431722,0.0822430484674151,0.7828130808467723,0.1991066904611257,0.1691236516627973,0.4487631106177297,0.2125668036205245,0.0,0.0,0.0,0.8445547890675101,0.39564383125400815,0.6246525156948654,0.2197220125558923,0.316479012839856,-1.6918088789434835,0.0,-2.9813650336441966,0.0,0.0,0.06996764894000576,0.0,-0.6124602737914914,0.0,0.2850971889626906,0.0
202401,2024-01-01,116622300000000.0,85292100000000.0,41688000000000.0,0.47874035723785974,0.35012832385887827,0.17113131890326203,0.5305948022947089,0.28790324379778104,0.18150195390751014,-1.05243098459984,-1.0858786103628404,0.874474036016624,0.04391110717413352,0.16894017934025152,0.0,0.07044205203043553,0.05068205380207545,0.06747805229618152,0.055743589455117065,0.033788035868050306,0.05135247873770372,0.06747805229618152,0.0,0.14041898408530512,0.10686234485488609,0.14041898408530512,정상,정상,정상,202210,0.4805479311485996,1.0,2.080957871590067,243602400000000.0,0.8867610922973018,0.1062216495586072,0.8480753133175403,0.1308793041976564,0.1387145185881024,0.4904687141934394,0.14963798804618822,0.0,0.0,0.29274071449422345,-0.012396368498929135,0.0,-0.2671234459285732,0.0,0.0,1.092172336716438,0.5937378693731504,0.6160961672094332,0.21287693376754654,0.42235044835062874,-0.7530659072167654,0.0,0.18974638922006076,0.0,-1.2209345436848889,0.0
202402,2024-02-01,116470400000000.0,86148600000000.0,41055800000000.0,0.4779747433874984,0.3535392252296914,0.1684860313828102,0.5275280369438252,0.29392979340547054,0.1785421696507041,-0.9226311037820373,-0.9520702904642584,0.7329949249612367,0.029275337064955522,0.0,0.5235125911867303,0.14405204947591257,0.13087814779668258,0.14207596422402807,0.17169144588849683,0.15705377735601908,0.1687639121820013,0.15008234861142003,0.0,0.29565409611573995,0.3511905914954704,0.31231504472965904,정상,정상,정상,202210,0.4805479311485996,1.0,2.080957871590067,243674800000000.0,0.8634171564851261,0.1257136224053691,0.8141902653086928,0.1552859782235876,0.2363994511149639,0.46160514097949057,0.18916468082414212,0.0,0.0,0.19516891376637016,-0.7508933113542782,0.0,-1.0188643281172718,0.0,0.0,-0.36088671448199494,0.0,-0.6527293012415006,0.0,0.0,1.6587814779668257,1.0470251823734606,-0.34377752846451365,0.0,-0.2417782282627,0.0
202403,2024-03-01,116579500000000.0,74805700000000.0,39852400000000.0,0.5041546011548295,0.3235014547807104,0.1723439440644601,0.5238109001854914,0.30013607818350985,0.17605302163099867,-0.33761418542108323,-0.3731872658894328,0.2750294539352063,0.0,0.0,0.34047795759506483,0.08511948939876621,0.08511948939876621,0.08511948939876621,0.10214338727851945,0.10214338727851945,0.10214338727851946,0.09022665876269217,0.0,0.1771300714900898,0.21255608578810778,0.18775787577949518,정상,정상,정상,202210,0.4805479311485996,1.0,2.080957871590067,231237600000000.0,0.851464309009488,0.1352327601800034,0.7991316111839676,0.1784321677025303,0.2181561817413778,0.4660304894686626,0.1333764050788157,0.0,0.0,0.0,-1.110583988515537,0.0,-1.3805644264528698,0.0,0.0,-0.9128819354086749,0.0,-1.9002374045162285,0.0,0.0,1.201194893987662,0.6809559151901297,-0.2604627183627697,0.0,-1.6360494879516985,0.0
202404,2024-04-01,116120900000000.0,74409300000000.0,39012200000000.0,0.5058799594323314,0.32416364035576867,0.16995640021189984,0.5245840215412894,0.2997859225034146,0.17563005595529604,-0.34825030245829763,-0.4254111422490766,0.478414738814375,0.002939455739418104,0.24254415850172434,0.0,0.07408600263325545,0.0727632475505173,0.07388758937084472,0.04997855957005392,0.04850883170034487,0.04968461399611211,0.07388758937084472,0.0,0.15375696071407388,0.10339158859212351,0.15375696071407388,정상,정상,정상,202210,0.4805479311485996,1.0,2.080957871590067,229542400000000.0,0.8749587594853184,0.114483668756186,0.853288754999249,0.1223465491852935,0.16372243744379428,0.4514875183797464,0.1427376213776842,0.0,0.0,0.019596371596120696,-0.4035779953070453,0.0,-0.5921581037323879,0.0,0.0,1.0025525226237135,0.5220420180989709,1.23677023972188,0.709416191777504,0.6063603962543108,-0.21456696560731942,0.0,-0.46896277796941443,0.0,-1.2946662163769906,0.0
202405,2024-05-01,116088200000000.0,77181600000000.0,38996600000000.0,0.49980625695322267,0.33229774086996655,0.16789600217681078,0.5254697649473352,0.3003744500063291,0.17415578504633566,-0.5208631768582056,-0.5686654985706684,0.53922690881022,0.009230369876919305,0.21591185877336622,0.2671346805334841,0.13571089420999458,0.06678367013337103,0.12537181059850105,0.12793796085317813,0.08014040416004523,0.11837844951455155,0.12537181059850105,0.0,0.26089345614044973,0.2463405663439334,0.26089345614044973,정상,정상,정상,202210,0.4805479311485996,1.0,2.080957871590067,232266400000000.0,0.8601331584787653,0.1252547160294562,0.85008553900462,0.1187129771884305,0.22202915141544421,0.4330465565126286,0.1398164027035206,0.0,0.0,0.06153579917946203,-0.8497169154462468,0.0,-1.0014271940801083,0.0,0.0,0.7632180860412808,0.33057446883302466,1.3443435807645887,0.7954748646116709,0.5397796469334155,1.0178367013337102,0.5342693610669682,-0.840494764674945,0.0,-1.2365707338037206,0.0
202406,2024-06-01,112274500000000.0,73372600000000.0,40522400000000.0,0.49641750987644223,0.3244142114652948,0.17916827865826293,0.5236942260382995,0.30325120787706905,0.17305456608463132,-0.5739608307139947,-0.39430713503700415,-0.5569939782907323,0.0,0.0,0.16150767275165018,0.040376918187912544,0.040376918187912544,0.040376918187912544,0.04845230182549505,0.04845230182549505,0.04845230182549506,0.0427995332791873,0.0,0.08402266573368475,0.10082719888042171,0.08906402567770584,정상,정상,정상,202210,0.4805479311485996,1.0,2.080957871590067,226169500000000.0,0.8488804802025344,0.1305366889436361,0.8055739279143406,0.1651703903229293,0.21025449517646652,0.4474586357104996,0.1309423021954838,0.0,0.0,0.0,-1.0962377233509006,0.0,-1.0675905559845185,0.0,0.0,-0.540885081046661,0.0,-0.7254026460594187,0.0,0.0,0.7537691818791254,0.32301534550330036,-0.4800416435408326,0.0,-1.3536759756018488,0.0
202407,2024-07-01,112827200000000.0,76613800000000.0,39219500000000.0,0.4934267177759167,0.3350548083293792,0.17151847389470415,0.521574704456618,0.3037214066524745,0.17470388889090738,-0.6485813009964864,-0.615809525052958,0.32386526241056446,0.0,0.049868904616980556,0.0,0.014960671385094167,0.014960671385094167,0.014960671385094167,0.009973780923396111,0.009973780923396111,0.009973780923396111,0.014960671385094167,0.0,0.031132526883083975,0.020755017922055984,0.031132526883083975,정상,정상,정상,202210,0.4805479311485996,1.0,2.080957871590067,228660500000000.0,0.8627610208816705,0.1145011600928074,0.8314367743205754,0.1311399485668475,0.169565754841937,0.44145897020524677,0.1453407510431154,0.0,0.0,0.0,-0.5997126425241873,0.0,-0.3202671184211489,0.0,0.0,0.2921935634087792,0.0,0.6963118376179205,0.2770494700943364,0.12467226154245138,-0.20697782610528556,0.0,-0.6060577351475084,0.0,-0.9754386455437486,0.0
202408,2024-08-01,112934400000000.0,80548000000000.0,40374800000000.0,0.482920346262591,0.34443241431095556,0.1726472394264534,0.5188835898480335,0.30718009904487775,0.17393631110708863,-0.8753091756970478,-0.766473056775917,0.13909059999798543,0.0,0.18715504946852768,0.0,0.056146514840558305,0.056146514840558305,0.056146514840558305,0.037431009893705534,0.037431009893705534,0.037431009893705534,0.056146514840558305,0.0,0.11683853201980832,0.07789235467987221,0.11683853201980832,정상,정상,정상,202210,0.4805479311485996,1.0,2.080957871590067,233857200000000.0,0.8817175858572499,0.1054632201305921,0.853270973314733,0.1199504281474,0.18623349308706671,0.4483185890774903,0.1552802637315267,0.0,0.0,0.0,-0.10116202061627375,0.0,-0.03558082477414417,0.0,0.0,0.8565450825398667,0.4052360660318934,1.0305771870938274,0.5444617496750619,0.4678876236713192,0.11433754190541852,0.0,-0.4540311209968669,0.0,-0.6373618102287444,0.0
202409,2024-09-01,115391800000000.0,86355400000000.0,42289600000000.0,0.47284589865135096,0.35386220438884625,0.1732918969598028,0.5146017274754291,0.3116136296026649,0.17378464292190585,-1.0162948740070143,-0.8692719910023404,0.05379572741072246,0.0,0.0,0.0,0.0,0.0,0.0,0.0,0.0,0.0,0.0,0.0,0.0,0.0,0.0,정상,정상,정상,202210,0.4805479311485996,1.0,2.080957871590067,244036800000000.0,0.8428584214242385,0.1415586869400053,0.8158817223426124,0.1561145176194416,0.1855539021064509,0.4730322826315901,0.17889994928350508,0.0,0.0,0.0,-1.123143620123205,0.0,-1.4229934574553547,0.0,0.0,-0.31768554301134627,0.0,-0.32262340934579997,0.0,0.0,0.11099851074891234,0.0,0.15188512043947727,0.0,-0.032420007824201215,0.0
202410,2024-10-01,116780400000000.0,92209300000000.0,39165500000000.0,0.47059420878546976,0.371579156914705,0.15782663429982527,0.5067298441196981,0.3190424472987474,0.1742277085815544,-0.8204217975463786,-1.0809522072567659,1.8769877636783494,0.14761942382879478,0.22154240977105114,0.0,0.13289146365427298,0.06646272293131533,0.12292715254582934,0.11811819386860761,0.07380971191439739,0.10925649747776557,0.12292715254582934,0.0,0.2558062257223965,0.22735816844871656,0.2558062257223965,정상,정상,정상,202210,0.4805479311485996,1.0,2.080957871590067,248155200000000.0,0.8848405112232843,0.109189847134214,0.8595681792111056,0.1149959487930726,0.14793183007760718,0.4604288861713312,0.1510301166034766,0.0,0.0,0.9841294921919652,-0.018249867351280306,0.0,-0.18736421870558775,0.0,0.0,0.9208573913035603,0.4566859130428482,1.1907743673723925,0.672619493897914,0.5538560244276278,-0.7422468241890563,0.0,-0.1925697372182968,0.0,-0.5979325032902846,0.0
202411,2024-11-01,117764500000000.0,94042400000000.0,42267900000000.0,0.4635032675416846,0.3701366684141835,0.1663600640441319,0.498479077923511,0.33033826417240136,0.17118265790408738,-0.73596634809435,-0.7821760518284903,0.5265085148450811,0.007914673949491146,0.4894593711810581,0.0,0.15039941463158843,0.14683781135431742,0.14986517413999778,0.10184921121095719,0.09789187423621162,0.10105774381600809,0.14986517413999778,0.0,0.3118631138038445,0.21029690747905444,0.3118631138038445,정상,정상,정상,202210,0.4805479311485996,1.0,2.080957871590067,254074800000000.0,0.9075693427768764,0.0847940489850829,0.8763839089942246,0.098500160180319,0.1889004861462255,0.394898379968544,0.1424445059945396,0.0,0.0,0.05276449299660765,0.6039848744752208,0.20318789958017663,0.7761435840231365,0.3409148672185093,0.26516503501742633,1.2649196820660729,0.7319357456528583,1.5259339314373157,0.9407471451498527,0.8259008754265058,0.1287792450729039,0.0,-2.1236098746824164,0.0,-0.6805844641787981,0.0
202412,2024-12-01,113267700000000.0,89775300000000.0,45012300000000.0,0.45662277725974815,0.3619164758825955,0.18146074685765634,0.4905107664721635,0.3403065472687755,0.1691826862590608,-0.7044494574889638,-0.40347689446782636,-1.4051378043533522,0.0,0.05623636066341699,0.0,0.016870908199025095,0.016870908199025095,0.016870908199025095,0.011247272132683398,0.011247272132683398,0.011247272132683398,0.016870908199025095,0.0,0.03510764921763467,0.023405099478423116,0.03510764921763467,정상,정상,정상,202210,0.4805479311485996,1.0,2.080957871590067,248055300000000.0,0.8606391841062278,0.1288718350036604,0.8475134842354725,0.1183646187425444,0.1473215479063503,0.4572684922892608,0.1596952419395529,0.0,0.0,0.0,-0.6746437068825154,0.0,-0.849192013898531,0.0,0.0,0.3845682089452077,0.02765456715616619,0.6982802492295862,0.278624199383669,0.14059090165854246,-0.8582772639782061,0.0,-0.18605347354476454,0.0,-0.3017401980962608,0.0
202501,2025-01-01,118046200000000.0,95677900000000.0,43204100000000.0,0.4594520959552124,0.3723915864432164,0.16815631760157118,0.483007090800845,0.3466640521272536,0.17032885707190154,-0.4896514584017275,-0.5056348765213875,0.23718782115658307,0.0,0.1660338025790825,0.0,0.049810140773724754,0.049810140773724754,0.049810140773724754,0.0332067605158165,0.0332067605158165,0.0332067605158165,0.049810140773724754,0.0,0.10365280452809188,0.06910186968539458,0.10365280452809188,정상,정상,정상,202210,0.4805479311485996,1.0,2.080957871590067,256928200000000.0,0.870842332613391,0.1099373868272356,0.8675867051685409,0.1069498426419658,0.1480532952274382,0.4718078621178215,0.1704557839440241,0.0,0.0,0.0,-0.3506828146043384,0.0,-0.082290010279735,0.0,0.0,0.8302683022505413,0.384214641800433,0.9160179262707447,0.4528143410165958,0.4150845064477063,-0.7345900728589961,0.0,0.3277798038148862,0.0,-0.06843788533131834,0.0
202502,2025-02-01,116340200000000.0,96710600000000.0,45561100000000.0,0.44986406271327806,0.37396036299953717,0.17617557428718478,0.4772472048171672,0.3539181669813135,0.16883462820151907,-0.6217055950324109,-0.3938983496993818,-0.8401197226432134,0.0,0.2123237301992508,0.055669366043695,0.07761446057069898,0.06369711905977524,0.07552685934406042,0.05916555585295866,0.04246474603985016,0.05582539389033696,0.07552685934406042,0.0,0.15716821246849833,0.11617029285071272,0.15716821246849833,정상,정상,정상,202210,0.4805479311485996,1.0,2.080957871590067,258611900000000.0,0.8722193962397042,0.1136208009703989,0.8745861492450241,0.0946902889762079,0.1526084425356393,0.4151452834746834,0.2128616985893998,0.0,0.0,0.0,-0.18034447378173127,0.0,-0.15647186178860395,0.0,0.0,0.9176544239215927,0.45412353913727416,1.1306704971461838,0.6245363977169471,0.530809325498127,-0.5863699852503704,0.0,-1.5534850617218234,0.0,0.9881372050890516,0.37112910695796664
202503,2025-03-01,111648000000000.0,91904900000000.0,48511400000000.0,0.44293460041743316,0.3646089509700501,0.19245644861251673,0.469736940708422,0.36117643011611933,0.1690866291754584,-0.6085190974670415,-0.06746088594496595,-2.551408905936124,0.0,0.0,0.735,0.18375,0.18375,0.18375,0.2205,0.2205,0.2205,0.19477499999999998,0.0,0.38237600890467477,0.45885121068560974,0.4053185694389552,정상,정상,정상,202210,0.4805479311485996,1.0,2.080957871590067,252064300000000.0,0.8836212756278468,0.1105163427361681,0.851803208689368,0.1259139070406064,0.1500485324268753,0.5680337961463036,0.182590315699865,0.0,0.0,0.0,0.15571388059196556,0.0,-0.03674340949475725,0.0,0.0,0.2992581646150825,0.0,0.23438606471641518,0.0,0.0,-0.5145960788116293,0.0,3.316576336307419,2.1,0.27987915047660356,0.0
202504,2025-04-01,114911600000000.0,99169600000000.0,43873400000000.0,0.44547218774156383,0.3844459451391834,0.17008186711925277,0.4635533543800932,0.36368107338058964,0.17276557223931688,-0.43923399668507174,-0.4185717891189962,0.2895712945795545,0.0,0.2073933537104848,0.19979820544731505,0.1121675574749742,0.062218006113145444,0.10467512477069989,0.10141813237629148,0.059939461634194516,0.09312239822787209,0.10467512477069989,0.0,0.21782452485126033,0.19378378761363532,0.21782452485126033,정상,정상,정상,202210,0.4805479311485996,1.0,2.080957871590067,257954600000000.0,0.8387915704434449,0.1566017847228369,0.8820122656679531,0.101047494347898,0.1285291498460068,0.4962875536700213,0.1604957123453912,0.0,0.0,0.0,-1.2932535964983456,0.0,-1.8141030085066838,0.0,0.0,1.0561045342444388,0.5648836273955511,0.9272149700240525,0.461771976019242,0.518483384276212,-0.9284816744265646,0.0,1.0635650194546966,0.5708520155637573,-0.2053415275797458,0.0
202505,2025-05-01,114535100000000.0,108395100000000.0,46013000000000.0,0.4258709645754196,0.40304086513434806,0.1710881702902323,0.45871256238245045,0.3691841501491933,0.17210328746835604,-0.797799530897919,-0.6824730694117164,0.11066996542340993,0.0,0.08727963005643648,0.00037990024842465256,0.026278864079037106,0.02618388901693094,0.02626461781972118,0.017569896085814694,0.017455926011287298,0.017547102070909218,0.02626461781972118,0.0,0.05465556319625353,0.0365147801780529,0.05465556319625353,정상,정상,정상,202210,0.4805479311485996,1.0,2.080957871590067,268943200000000.0,0.8615036951639055,0.1341328421758521,0.866917465076522,0.1070343838562247,0.1736786149883554,0.4408616601846333,0.1867562018583757,0.0,0.0,0.0,-0.48389776812943486,0.0,-0.8046539278074152,0.0,0.0,0.5691836774870291,0.17534694198962333,0.6882173806855509,0.27057390454844077,0.2181990751410912,0.09005450721123633,0.0,-0.5109763659547248,0.0,0.453672369068105,0.002532668322831017
202506,2025-06-01,109077100000000.0,106887100000000.0,52272800000000.0,0.4066444972170133,0.3984800754556605,0.1948754273273262,0.45018608243135577,0.3776384369259396,0.1721754806427044,-0.9630626975641747,-0.40832240712551043,-2.47479046640081,0.0,0.0,0.4707195187959026,0.11767987969897566,0.11767987969897566,0.11767987969897566,0.1412158556387708,0.1412158556387708,0.1412158556387708,0.1247406724809142,0.0,0.2448868719873555,0.2938642463848266,0.25958008430659685,정상,정상,정상,202210,0.4805479311485996,1.0,2.080957871590067,268237000000000.0,0.8647751324581183,0.1276393634632322,0.8590369577557428,0.124774800614585,0.1519450177897188,0.5098114036521305,0.2381709943235528,0.0,0.0,0.0,-0.38986210800567184,0.0,-0.5329019681315497,0.0,0.0,0.30600633746548106,0.0,0.1402000833944832,0.0,0.0,-0.395812080066953,0.0,1.5747545830361567,0.9798036664289252,1.685286276942528,0.8519215703051919
202507,2025-07-01,110525600000000.0,112752100000000.0,47919800000000.0,0.4075465297430839,0.41575641368375443,0.17669705657316162,0.43925812094283245,0.3842983354706442,0.17644354358652314,-0.6436023741293841,-0.616316140460948,-0.025774993223808492,0.0,0.1606117408364805,0.142440010841724,0.08379352496137515,0.04818352225094415,0.0784520245548105,0.07485435141981331,0.0427320032525172,0.06842988178635409,0.0784520245548105,0.0,0.16325535803951013,0.1423997011552913,0.16325535803951013,정상,정상,정상,202210,0.4805479311485996,1.0,2.080957871590067,271197500000000.0,0.8481796091299924,0.1415605723898731,0.8827952976198742,0.1007600291576188,0.1236536858551725,0.4890765442244791,0.15937247089584752,0.0,0.0,0.0,-0.7489172580303283,0.0,-0.9926744963990513,0.0,0.0,0.9266325032418008,0.4613060025934407,0.760586251846691,0.32846900147735286,0.4015293520912012,-1.039389859959358,0.0,0.8587143244347286,0.4069714595477829,-0.15726735568683242,0.0
202508,2025-08-01,111948800000000.0,114292300000000.0,50657400000000.0,0.4042954367755694,0.4127588267903221,0.18294573643410852,0.42914164443257774,0.39390775953087726,0.1769505960365446,-0.5042660311630487,-0.38658770271303655,-0.653601372142288,0.0,0.0389603918172132,0.08882397175241387,0.033894110483267424,0.022205992938103467,0.03214089285149283,0.0344392698891668,0.02664719152572416,0.03288085421647827,0.03236288126098846,0.0,0.06688384397924692,0.06842367240638589,0.06734579250738862,정상,정상,정상,202210,0.4805479311485996,1.0,2.080957871590067,276898500000000.0,0.8671416172110094,0.1254785853699371,0.8679582347783454,0.1098534371434143,0.1860681018296264,0.4844364540735331,0.1493582880632327,0.0,0.0,0.0,-0.12616648960066254,0.0,-0.34969850019346627,0.0,0.0,0.4997811951349598,0.11982495610796784,0.437492371343474,0.06999389707477924,0.09740097954303298,0.3474960981014909,0.0,0.6672284705443352,0.2537827764354682,-0.4243940110580648,0.0
202509,2025-09-01,114723500000000.0,115661300000000.0,53641600000000.0,0.40391843856768245,0.40722024431531717,0.18886131711700038,0.4193683248545961,0.4021911677334168,0.17844050741198708,-0.3228595115384002,-0.10703668073450859,-1.1609257902487402,0.0,0.08954962466628252,0.19471430514593605,0.07554346368636877,0.04867857628648401,0.07151373057638606,0.07632421647703731,0.05841429154378081,0.07274223149038601,0.07188228085058604,0.0,0.14881706056970184,0.1513735192169456,0.14958399816387496,정상,정상,정상,202210,0.4805479311485996,1.0,2.080957871590067,284026400000000.0,0.8825159830044077,0.1052019219314617,0.8780055525688583,0.1075211065912734,0.1490087247645772,0.49946120120114923,0.1100345471151172,0.0,0.0,0.0,0.3887401512232992,0.03099212097863937,0.28433149228038357,0.0,0.017045666538251653,0.7164321091275754,0.2931456873020603,0.4529873162283212,0.082389852982657,0.19830556185832882,-0.46260755475885534,0.0,1.0454082326640572,0.5563265861312459,-1.3700051696013127,0.0
202510,2025-10-01,114070000000000.0,120394800000000.0,50432300000000.0,0.40039017596177706,0.42259047213888806,0.17701935189933488,0.4115217189227533,0.4073380844543557,0.18114019662289071,-0.23261818606999285,-0.327674855607524,0.4590809210233349,0.0009394056231036113,0.06615621793841298,0.1909659311520946,0.06801108069994416,0.04774148278802365,0.06497064101315608,0.07099072574486277,0.05728977934562837,0.0682505364650159,0.06595460964871402,0.0,0.1352011668385796,0.14202649109711973,0.13724876411614162,정상,정상,정상,202210,0.4805479311485996,1.0,2.080957871590067,284897100000000.0,0.8890078432285242,0.1037074964507645,0.8587506605514018,0.1271098471636169,0.1472194793252752,0.5017936359090511,0.146391416668606,0.0,0.0,0.006262704154024076,0.5899465815030251,0.19195726520242012,0.3630107426926589,0.010408594154127159,0.1102603632306883,0.1645013612749977,0.0,-0.1711227957700513,0.0,0.0,-0.5327239649198079,0.0,1.0320211826860521,0.5456169461488417,-0.30731096279390313,0.0
202511,2025-11-01,116336400000000.0,119961800000000.0,49303700000000.0,0.4073376262552875,0.42003151939815525,0.17263085434655723,0.40320981734728445,0.4150118224649625,0.18177836018775273,0.09302334108983272,-0.11867100102370329,1.0575055194403058,0.06284539856279026,0.597933098262381,0.3865682747447065,0.3043024275181465,0.17937992947871428,0.2855640528122317,0.2669798013572833,0.11958661965247619,0.23750116501632185,0.2855640528122317,0.0,0.5942467635427752,0.4942299188525264,0.5942467635427752,주의,정상,주의,202210,0.4805479311485996,1.0,2.080957871590067,285601900000000.0,0.9172325050525612,0.0719717347369033,0.8698736562577091,0.1067768331443776,0.2189891903727911,0.43918543101802826,0.1189714584817599,0.0,0.0,0.4189693237519351,1.5197845862643826,0.9358276690115062,1.5740031180150174,0.979202494412014,0.9553463404417347,0.43931292111591175,0.07145033689272942,0.41254319361763647,0.0500345548941092,0.06181323499335033,1.3164206868617663,0.773136549489413,-0.552538546876913,0.0,-0.8968566100388088,0.0
202512,2025-12-01,114155800000000.0,113695400000000.0,54328200000000.0,0.4045504384799174,0.4029188523329485,0.19253070918713414,0.3976267126162137,0.42133000063067205,0.18104328675311415,0.16819355984397535,0.4956825426784371,-1.3280136508260356,0.04661841365709988,0.9066533434424128,0.0,0.2929742891784188,0.2719960030327238,0.2898275462565645,0.20463987551703253,0.18133066868848258,0.19997803415132256,0.2898275462565645,0.0,0.6031189137862321,0.41614586431230194,0.6031189137862321,주의,정상,주의,202210,0.4805479311485996,1.0,2.080957871590067,282179400000000.0,0.911573265597714,0.0746150182568661,0.9218203534388956,0.0692418212866274,0.1611071465484451,0.44970747519871307,0.1361792762785217,0.0,0.1165460341427497,0.0,1.3414941556154882,0.7931953244923906,1.476155752150047,0.9009246017200375,0.8416734992448318,1.7420414623927398,1.113633169914192,1.4378468507943847,0.8702774806355077,1.0041231097387842,-0.13312671099879822,0.0,-0.30753893518911285,0.0,-0.39341152346820824,0.0
202601,2026-01-01,121622700000000.0,118534100000000.0,50891500000000.0,0.41787806353790763,0.4072660792040359,0.17485585725805647,0.3910340649233578,0.42465928023442645,0.18430665484221534,0.6624982057175531,0.4914450354747235,1.052862010194103,0.2201268009475517,0.513,0.0,0.25295706042639826,0.1539,0.2380985013624385,0.21266340047377585,0.11006340047377584,0.19214340047377587,0.2380985013624385,0.0,0.4954729506239647,0.3998423216899865,0.4954729506239647,정상,정상,정상,202210,0.4805479311485996,1.0,2.080957871590067,291048300000000.0,0.0,0.0,0.839169432488647,0.1442381523687609,0.028356300975069,0.2351511857190361,0.0766741936571062,0.24999856457404251,0.11315602837977883,0.4157669035821401,-27.3769920275823,0.0,4.015720204098322,1.9,0.855,-0.5221936901019679,0.0,-0.7377085905817221,0.0,0.0,-3.3572438701437566,0.0,-6.416407046345203,0.0,-1.7070443103351727,0.0
202602,2026-02-01,126696700000000.0,118701600000000.0,50939500000000.0,0.4275414746279415,0.40056179130708264,0.17189673406497585,0.38772301099133466,0.42852842786091006,0.18374856114775517,0.9924919096284374,0.8388264555712142,1.3203476612136678,0.47775751820216406,0.5837235781442659,0.0,0.39010795663425357,0.21499088319097384,0.3638403956177616,0.3556234747299352,0.23887875910108203,0.3322745316041646,0.3638403956177616,0.0,0.7571365352632251,0.6914493020705887,0.7571365352632251,경고,주의,경고,202210,0.4805479311485996,1.0,2.080957871590067,296337800000000.0,0.0,0.0,0.8821779020655248,0.1029023325613401,0.0672871719864174,0.40481762201172244,0.09159197122560331,0.5139935277027499,0.39106116445697137,0.6002397663542537,-25.523208630470634,0.0,3.5039906735306614,1.9,0.855,0.6768906533420752,0.2615125226736602,0.4416029385837547,0.07328235086700378,0.17680894536066483,-2.3346970330939865,0.0,-1.4692604000326321,0.0,-1.3580884757964444,0.0
202603,2026-03-01,131442700000000.0,100469500000000.0,57403000000000.0,0.45432351981506675,0.34726657984094855,0.1984099003439847,0.3866119492010938,0.4309804484089362,0.1824076023899698,1.6877393019458429,2.510899282360405,-1.782729070383387,1.1730739190558332,0.7005965124818025,0.0,0.7380622173196657,0.5278832635751249,0.7065353742579845,0.7266562620242771,0.5865369595279166,0.698632401525005,0.7465353742579846,0.04,1.4702703486189868,1.4538245953013316,1.5535086634825896,초위험,초위험,초위험,202210,0.4805479311485996,1.0,2.080957871590067,289315200000000.0,0.0,0.0,0.8982211047917206,0.0901619157988781,0.0082279008888067,0.3187395666799563,0.08423799750308089,1.0701914415566744,1.728719425888324,0.0,-25.523208630470634,0.0,3.4905191690219004,1.9,0.855,1.0894935104162353,0.5915948083329883,0.7489281572815626,0.3191425258252501,0.46899128120450617,-3.647792005159928,0.0,-3.4328920314342026,0.0,-1.3854231078749615,0.0
