발행인,종목코드,종목명,발행일,만기일,통화,발행금액,잔존일물,신용등급,업종
KB금융지주,KRZF10556NG3,KB금융지주 20260313-17-22,20260313,20260330,KRW,10000000000,-23,AAA0(A1),금융 및 보험업
KB금융지주,KRZF10556XG3,KB금융지주 20260313-17-30,20260313,20260330,KRW,5000000000,-23,AAA0(A1),금융 및 보험업
KB금융지주,KRZF10556MG3,KB금융지주 20260313-17-21,20260313,20260330,KRW,10000000000,-23,AAA0(A1),금융 및 보험업
KB금융지주,KRZF10556CGF,KB금융지주 20260313-17-45,20260313,20260330,KRW,5000000000,-23,AAA0(A1),금융 및 보험업
KB금융지주,KRZF10556YG3,KB금융지주 20260313-17-31,20260313,20260330,KRW,5000000000,-23,AAA0(A1),금융 및 보험업
KB금융지주,KRZF10556WG3,KB금융지주 20260313-17-29,20260313,20260330,KRW,5000000000,-23,AAA0(A1),금융 및 보험업
KB금융지주,KRZF105568GF,KB금융지주 20260313-17-41,20260313,20260330,KRW,5000000000,-23,AAA0(A1),금융 및 보험업
KB금융지주,KRZF105561GF,KB금융지주 20260313-17-34,20260313,20260330,KRW,5000000000,-23,AAA0(A1),금융 및 보험업
KB금융지주,KRZF105569GF,KB금융지주 20260313-17-42,20260313,20260330,KRW,5000000000,-23,AAA0(A1),금융 및 보험업
KB금융지주,KRZF105567GF,KB금융지주 20260313-17-40,20260313,20260330,KRW,5000000000,-23,AAA0(A1),금융 및 보험업
KB금융지주,KRZF105563GF,KB금융지주 20260313-17-36,20260313,20260330,KRW,5000000000,-23,AAA0(A1),금융 및 보험업
KB금융지주,KRZF105562GF,KB금융지주 20260313-17-35,20260313,20260330,KRW,5000000000,-23,AAA0(A1),금융 및 보험업
KB금융지주,KRZF10556ZG3,KB금융지주 20260313-17-32,20260313,20260330,KRW,5000000000,-23,AAA0(A1),금융 및 보험업
KB금융지주,KRZF10556RG3,KB금융지주 20260313-17-25,20260313,20260330,KRW,10000000000,-23,AAA0(A1),금융 및 보험업
KB금융지주,KRZF10556VG3,KB금융지주 20260313-17-28,20260313,20260330,KRW,5000000000,-23,AAA0(A1),금융 및 보험업
KB금융지주,KRZF10556AGF,KB금융지주 20260313-17-43,20260313,20260330,KRW,5000000000,-23,AAA0(A1),금융 및 보험업
KB금융지주,KRZF105560GF,KB금융지주 20260313-17-33,20260313,20260330,KRW,5000000000,-23,AAA0(A1),금융 및 보험업
KB금융지주,KRZF10556BGF,KB금융지주 20260313-17-44,20260313,20260330,KRW,5000000000,-23,AAA0(A1),금융 및 보험업
KB금융지주,KRZF10556PG3,KB금융지주 20260313-17-23,20260313,20260330,KRW,10000000000,-23,AAA0(A1),금융 및 보험업
KB금융지주,KRZF10556TG3,KB금융지주 20260313-17-27,20260313,20260330,KRW,5000000000,-23,AAA0(A1),금융 및 보험업
KB금융지주,KRZF10556QG3,KB금융지주 20260313-17-24,20260313,20260330,KRW,10000000000,-23,AAA0(A1),금융 및 보험업
KB금융지주,KRZF10556SG3,KB금융지주 20260313-17-26,20260313,20260330,KRW,5000000000,-23,AAA0(A1),금융 및 보험업
KB금융지주,KRZF105566GF,KB금융지주 20260313-17-39,20260313,20260330,KRW,5000000000,-23,AAA0(A1),금융 및 보험업
KB금융지주,KRZF105565GF,KB금융지주 20260313-17-38,20260313,20260330,KRW,5000000000,-23,AAA0(A1),금융 및 보험업
KB금융지주,KRZF105564GF,KB금융지주 20260313-17-37,20260313,20260330,KRW,5000000000,-23,AAA0(A1),금융 및 보험업
다올투자증권,KRZF030214G3,다올투자증권 20260313-91-4,20260313,20260612,KRW,5000000000,51,AA-(A2-),금융 및 보험업
다올투자증권,KRZF030211G3,다올투자증권 20260313-91-1,20260313,20260612,KRW,5000000000,51,AA-(A2-),금융 및 보험업
다올투자증권,KRZF030213G3,다올투자증권 20260313-91-3,20260313,20260612,KRW,5000000000,51,AA-(A2-),금융 및 보험업
다올투자증권,KRZF030212G3,다올투자증권 20260313-91-2,20260313,20260612,KRW,5000000000,51,AA-(A2-),금융 및 보험업
대신증권,KRZF00354BG3,대신증권 20260313-112-11,20260313,20260703,KRW,5000000000,72,AAA0(A1),금융 및 보험업
대신증권,KRZF00354PG3,대신증권 20260313-115-23,20260313,20260706,KRW,5000000000,75,AAA0(A1),금융 및 보험업
대신증권,KRZF003548G3,대신증권 20260313-112-8,20260313,20260703,KRW,5000000000,72,AAA0(A1),금융 및 보험업
대신증권,KRZF00354CG3,대신증권 20260313-112-12,20260313,20260703,KRW,5000000000,72,AAA0(A1),금융 및 보험업
대신증권,KRZF003544G3,대신증권 20260313-112-4,20260313,20260703,KRW,5000000000,72,AAA0(A1),금융 및 보험업
대신증권,KRZF00354GG3,대신증권 20260313-115-16,20260313,20260706,KRW,5000000000,75,AAA0(A1),금융 및 보험업
대신증권,KRZF00354AG3,대신증권 20260313-112-10,20260313,20260703,KRW,5000000000,72,AAA0(A1),금융 및 보험업
대신증권,KRZF00354KG3,대신증권 20260313-115-19,20260313,20260706,KRW,5000000000,75,AAA0(A1),금융 및 보험업
대신증권,KRZF00354HG3,대신증권 20260313-115-17,20260313,20260706,KRW,5000000000,75,AAA0(A1),금융 및 보험업
대신증권,KRZF00354MG3,대신증권 20260313-115-21,20260313,20260706,KRW,5000000000,75,AAA0(A1),금융 및 보험업
대신증권,KRZF00354DG3,대신증권 20260313-115-13,20260313,20260706,KRW,5000000000,75,AAA0(A1),금융 및 보험업
대신증권,KRZF003542G3,대신증권 20260313-112-2,20260313,20260703,KRW,5000000000,72,AAA0(A1),금융 및 보험업
대신증권,KRZF00354JG3,대신증권 20260313-115-18,20260313,20260706,KRW,5000000000,75,AAA0(A1),금융 및 보험업
대신증권,KRZF003545G3,대신증권 20260313-112-5,20260313,20260703,KRW,5000000000,72,AAA0(A1),금융 및 보험업
대신증권,KRZF003541G3,대신증권 20260313-112-1,20260313,20260703,KRW,5000000000,72,AAA0(A1),금융 및 보험업
대신증권,KRZF003547G3,대신증권 20260313-112-7,20260313,20260703,KRW,5000000000,72,AAA0(A1),금융 및 보험업
대신증권,KRZF00354QG3,대신증권 20260313-115-24,20260313,20260706,KRW,5000000000,75,AAA0(A1),금융 및 보험업
대신증권,KRZF00354EG3,대신증권 20260313-115-14,20260313,20260706,KRW,5000000000,75,AAA0(A1),금융 및 보험업
대신증권,KRZF00354FG3,대신증권 20260313-115-15,20260313,20260706,KRW,5000000000,75,AAA0(A1),금융 및 보험업
대신증권,KRZF003549G3,대신증권 20260313-112-9,20260313,20260703,KRW,5000000000,72,AAA0(A1),금융 및 보험업
대신증권,KRZF00354LG3,대신증권 20260313-115-20,20260313,20260706,KRW,5000000000,75,AAA0(A1),금융 및 보험업
대신증권,KRZF003546G3,대신증권 20260313-112-6,20260313,20260703,KRW,5000000000,72,AAA0(A1),금융 및 보험업
대신증권,KRZF003543G3,대신증권 20260313-112-3,20260313,20260703,KRW,5000000000,72,AAA0(A1),금융 및 보험업
대신증권,KRZF00354NG3,대신증권 20260313-115-22,20260313,20260706,KRW,5000000000,75,AAA0(A1),금융 및 보험업
롯데오토리스,KRZF198034G3,롯데오토리스 20260313-182-4,20260313,20260911,KRW,5000000000,142,AA0(A2),금융 및 보험업
롯데오토리스,KRZF198033G3,롯데오토리스 20260313-182-3,20260313,20260911,KRW,5000000000,142,AA0(A2),금융 및 보험업
메리츠증권,KRZF008560GF,메리츠증권 20260313-213-33,20260313,20261012,KRW,5000000000,173,AAA0(A1),금융 및 보험업
메리츠증권,KRZF008561GF,메리츠증권 20260313-213-34,20260313,20261012,KRW,5000000000,173,AAA0(A1),금융 및 보험업
비엔케이투자증권,KRZF15399QGF,비엔케이투자증권 20260313-124-57,20260313,20260715,KRW,5000000000,84,AAA0(A1),금융 및 보험업
비엔케이투자증권,KRZF15399RGF,비엔케이투자증권 20260313-124-58,20260313,20260715,KRW,5000000000,84,AAA0(A1),금융 및 보험업
비엔케이투자증권,KRZF15399LGF,비엔케이투자증권 20260313-124-53,20260313,20260715,KRW,5000000000,84,AAA0(A1),금융 및 보험업
비엔케이투자증권,KRZF15399MGF,비엔케이투자증권 20260313-124-54,20260313,20260715,KRW,5000000000,84,AAA0(A1),금융 및 보험업
비엔케이투자증권,KRZF15399PGF,비엔케이투자증권 20260313-124-56,20260313,20260715,KRW,5000000000,84,AAA0(A1),금융 및 보험업
비엔케이투자증권,KRZF15399NGF,비엔케이투자증권 20260313-124-55,20260313,20260715,KRW,5000000000,84,AAA0(A1),금융 및 보험업
삼성물산(구 제일모직),KRZF02826HG3,삼성물산(구 제일모직) 20260313-17-17,20260313,20260330,KRW,10000000000,-23,AAA0(A1),건설업
삼성물산(구 제일모직),KRZF02826GG3,삼성물산(구 제일모직) 20260313-17-16,20260313,20260330,KRW,10000000000,-23,AAA0(A1),건설업
삼성물산(구 제일모직),KRZF02826NG3,삼성물산(구 제일모직) 20260313-17-22,20260313,20260330,KRW,10000000000,-23,AAA0(A1),건설업
삼성물산(구 제일모직),KRZF02826QG3,삼성물산(구 제일모직) 20260313-17-24,20260313,20260330,KRW,10000000000,-23,AAA0(A1),건설업
삼성물산(구 제일모직),KRZF02826KG3,삼성물산(구 제일모직) 20260313-17-19,20260313,20260330,KRW,10000000000,-23,AAA0(A1),건설업
삼성물산(구 제일모직),KRZF02826LG3,삼성물산(구 제일모직) 20260313-17-20,20260313,20260330,KRW,10000000000,-23,AAA0(A1),건설업
삼성물산(구 제일모직),KRZF02826MG3,삼성물산(구 제일모직) 20260313-17-21,20260313,20260330,KRW,10000000000,-23,AAA0(A1),건설업
삼성물산(구 제일모직),KRZF02826PG3,삼성물산(구 제일모직) 20260313-17-23,20260313,20260330,KRW,10000000000,-23,AAA0(A1),건설업
삼성물산(구 제일모직),KRZF02826JG3,삼성물산(구 제일모직) 20260313-17-18,20260313,20260330,KRW,10000000000,-23,AAA0(A1),건설업
삼성물산(구 제일모직),KRZF02826RG3,삼성물산(구 제일모직) 20260313-17-25,20260313,20260330,KRW,10000000000,-23,AAA0(A1),건설업
아이비케이투자증권,KRZF104779G3,아이비케이투자증권 20260313-217-9,20260313,20261016,KRW,5000000000,177,AAA0(A1),금융 및 보험업
아이비케이투자증권,KRZF10477EG3,아이비케이투자증권 20260313-217-14,20260313,20261016,KRW,5000000000,177,AAA0(A1),금융 및 보험업
아이비케이투자증권,KRZF10477BG3,아이비케이투자증권 20260313-217-11,20260313,20261016,KRW,5000000000,177,AAA0(A1),금융 및 보험업
아이비케이투자증권,KRZF10477DG3,아이비케이투자증권 20260313-217-13,20260313,20261016,KRW,5000000000,177,AAA0(A1),금융 및 보험업
아이비케이투자증권,KRZF10477CG3,아이비케이투자증권 20260313-217-12,20260313,20261016,KRW,5000000000,177,AAA0(A1),금융 및 보험업
아이비케이투자증권,KRZF10477AG3,아이비케이투자증권 20260313-217-10,20260313,20261016,KRW,5000000000,177,AAA0(A1),금융 및 보험업
엘아이지디펜스앤에어로스페이스,KRZF079556G3,엘아이지넥스원 20260313-91-6,20260313,20260612,KRW,10000000000,51,AAA0(A1),제조업
엘아이지디펜스앤에어로스페이스,KRZF079555G3,엘아이지넥스원 20260313-91-5,20260313,20260612,KRW,10000000000,51,AAA0(A1),제조업
엘아이지디펜스앤에어로스페이스,KRZF079558G3,엘아이지넥스원 20260313-91-8,20260313,20260612,KRW,10000000000,51,AAA0(A1),제조업
엘아이지디펜스앤에어로스페이스,KRZF079557G3,엘아이지넥스원 20260313-91-7,20260313,20260612,KRW,10000000000,51,AAA0(A1),제조업
우리투자증권,KRZFA3647HG3,우리투자증권 20260313-166-17,20260313,20260826,KRW,5000000000,126,AAA0(A1),금융 및 보험업
우리투자증권,KRZFA3647SG3,우리투자증권 20260313-129-26,20260313,20260720,KRW,5000000000,89,AAA0(A1),금융 및 보험업
우리투자증권,KRZFA3647LG3,우리투자증권 20260313-166-20,20260313,20260826,KRW,5000000000,126,AAA0(A1),금융 및 보험업
우리투자증권,KRZFA3647KG3,우리투자증권 20260313-166-19,20260313,20260826,KRW,5000000000,126,AAA0(A1),금융 및 보험업
우리투자증권,KRZFA36473GF,우리투자증권 20260313-122-36,20260313,20260713,KRW,5000000000,82,AAA0(A1),금융 및 보험업
우리투자증권,KRZFA3647YG3,우리투자증권 20260313-129-31,20260313,20260720,KRW,5000000000,89,AAA0(A1),금융 및 보험업
우리투자증권,KRZFA3647MG3,우리투자증권 20260313-166-21,20260313,20260826,KRW,5000000000,126,AAA0(A1),금융 및 보험업
우리투자증권,KRZFA3647JG3,우리투자증권 20260313-166-18,20260313,20260826,KRW,5000000000,126,AAA0(A1),금융 및 보험업
우리투자증권,KRZFA3647EG3,우리투자증권 20260313-166-14,20260313,20260826,KRW,5000000000,126,AAA0(A1),금융 및 보험업
우리투자증권,KRZFA3647DG3,우리투자증권 20260313-166-13,20260313,20260826,KRW,5000000000,126,AAA0(A1),금융 및 보험업
우리투자증권,KRZFA3647NG3,우리투자증권 20260313-166-22,20260313,20260826,KRW,5000000000,126,AAA0(A1),금융 및 보험업
우리투자증권,KRZFA3647XG3,우리투자증권 20260313-129-30,20260313,20260720,KRW,5000000000,89,AAA0(A1),금융 및 보험업
우리투자증권,KRZFA3647VG3,우리투자증권 20260313-129-28,20260313,20260720,KRW,5000000000,89,AAA0(A1),금융 및 보험업
우리투자증권,KRZFA3647GG3,우리투자증권 20260313-166-16,20260313,20260826,KRW,5000000000,126,AAA0(A1),금융 및 보험업
우리투자증권,KRZFA3647RG3,우리투자증권 20260313-129-25,20260313,20260720,KRW,5000000000,89,AAA0(A1),금융 및 보험업
우리투자증권,KRZFA3647FG3,우리투자증권 20260313-166-15,20260313,20260826,KRW,5000000000,126,AAA0(A1),금융 및 보험업
우리투자증권,KRZFA3647WG3,우리투자증권 20260313-129-29,20260313,20260720,KRW,5000000000,89,AAA0(A1),금융 및 보험업
우리투자증권,KRZFA3647QG3,우리투자증권 20260313-129-24,20260313,20260720,KRW,5000000000,89,AAA0(A1),금융 및 보험업
우리투자증권,KRZFA36471GF,우리투자증권 20260313-122-34,20260313,20260713,KRW,5000000000,82,AAA0(A1),금융 및 보험업
우리투자증권,KRZFA36472GF,우리투자증권 20260313-122-35,20260313,20260713,KRW,5000000000,82,AAA0(A1),금융 및 보험업
우리투자증권,KRZFA3647ZG3,우리투자증권 20260313-129-32,20260313,20260720,KRW,5000000000,89,AAA0(A1),금융 및 보험업
우리투자증권,KRZFA3647TG3,우리투자증권 20260313-129-27,20260313,20260720,KRW,5000000000,89,AAA0(A1),금융 및 보험업
우리투자증권,KRZFA3647PG3,우리투자증권 20260313-129-23,20260313,20260720,KRW,5000000000,89,AAA0(A1),금융 및 보험업
우리투자증권,KRZFA36470GF,우리투자증권 20260313-122-33,20260313,20260713,KRW,5000000000,82,AAA0(A1),금융 및 보험업
카카오엔터테인먼트,KRZF33914CG3,카카오엔터테인먼트 20260313-364-12,20260313,20270312,KRW,5000000000,324,AA+(A2+),정보통신업
카카오엔터테인먼트,KRZF33914BG3,카카오엔터테인먼트 20260313-364-11,20260313,20270312,KRW,5000000000,324,AA+(A2+),정보통신업
케이비증권,KRZFA0345HG3,케이비증권 20260313-327-83,20260313,20270203,KRW,5000000000,287,AAA0(A1),금융 및 보험업
케이비증권,KRZFA0345PG3,케이비증권 20260313-327-89,20260313,20270203,KRW,5000000000,287,AAA0(A1),금융 및 보험업
케이비증권,KRZFA0345NG3,케이비증권 20260313-327-88,20260313,20270203,KRW,5000000000,287,AAA0(A1),금융 및 보험업
케이비증권,KRZFA0345GG3,케이비증권 20260313-327-82,20260313,20270203,KRW,5000000000,287,AAA0(A1),금융 및 보험업
케이비증권,KRZFA0345ZG3,케이비증권 20260313-327-98,20260313,20270203,KRW,5000000000,287,AAA0(A1),금융 및 보험업
케이비증권,KRZFA0345WG3,케이비증권 20260313-327-95,20260313,20270203,KRW,5000000000,287,AAA0(A1),금융 및 보험업
케이비증권,KRZFA0345VG3,케이비증권 20260313-327-94,20260313,20270203,KRW,5000000000,287,AAA0(A1),금융 및 보험업
케이비증권,KRZFA0345CG3,케이비증권 20260313-364-78,20260313,20270312,KRW,5000000000,324,AAA0(A1),금융 및 보험업
케이비증권,KRZFA0345LG3,케이비증권 20260313-327-86,20260313,20270203,KRW,5000000000,287,AAA0(A1),금융 및 보험업
케이비증권,KRZFA0345EG3,케이비증권 20260313-364-80,20260313,20270312,KRW,5000000000,324,AAA0(A1),금융 및 보험업
케이비증권,KRZFA03450GF,케이비증권 20260313-327-99,20260313,20270203,KRW,5000000000,287,AAA0(A1),금융 및 보험업
케이비증권,KRZFA0345DG3,케이비증권 20260313-364-79,20260313,20270312,KRW,5000000000,324,AAA0(A1),금융 및 보험업
케이비증권,KRZFA0345QG3,케이비증권 20260313-327-90,20260313,20270203,KRW,5000000000,287,AAA0(A1),금융 및 보험업
케이비증권,KRZFA0345BG3,케이비증권 20260313-364-77,20260313,20270312,KRW,5000000000,324,AAA0(A1),금융 및 보험업
케이비증권,KRZFA03451GF,케이비증권 20260313-327-100,20260313,20270203,KRW,5000000000,287,AAA0(A1),금융 및 보험업
케이비증권,KRZFA0345TG3,케이비증권 20260313-327-93,20260313,20270203,KRW,5000000000,287,AAA0(A1),금융 및 보험업
케이비증권,KRZFA0345SG3,케이비증권 20260313-327-92,20260313,20270203,KRW,5000000000,287,AAA0(A1),금융 및 보험업
케이비증권,KRZFA0345RG3,케이비증권 20260313-327-91,20260313,20270203,KRW,5000000000,287,AAA0(A1),금융 및 보험업
케이비증권,KRZFA0345MG3,케이비증권 20260313-327-87,20260313,20270203,KRW,5000000000,287,AAA0(A1),금융 및 보험업
케이비증권,KRZFA0345KG3,케이비증권 20260313-327-85,20260313,20270203,KRW,5000000000,287,AAA0(A1),금융 및 보험업
케이비증권,KRZFA0345FG3,케이비증권 20260313-327-81,20260313,20270203,KRW,5000000000,287,AAA0(A1),금융 및 보험업
케이비증권,KRZFA0345YG3,케이비증권 20260313-327-97,20260313,20270203,KRW,5000000000,287,AAA0(A1),금융 및 보험업
케이비증권,KRZFA0345XG3,케이비증권 20260313-327-96,20260313,20270203,KRW,5000000000,287,AAA0(A1),금융 및 보험업
케이비증권,KRZFA0345JG3,케이비증권 20260313-327-84,20260313,20270203,KRW,5000000000,287,AAA0(A1),금융 및 보험업
케이티에스테이트,KRZF357793G3,케이티에스테이트 20260313-306-3,20260313,20270113,KRW,10000000000,266,AAA0(A1),부동산업
케이티에스테이트,KRZF357794G3,케이티에스테이트 20260313-306-4,20260313,20270113,KRW,10000000000,266,AAA0(A1),부동산업
케이티에스테이트,KRZF357796G3,케이티에스테이트 20260313-306-6,20260313,20270113,KRW,10000000000,266,AAA0(A1),부동산업
케이티에스테이트,KRZF357797G3,케이티에스테이트 20260313-306-7,20260313,20270113,KRW,10000000000,266,AAA0(A1),부동산업
케이티에스테이트,KRZF357792G3,케이티에스테이트 20260313-306-2,20260313,20270113,KRW,10000000000,266,AAA0(A1),부동산업
케이티에스테이트,KRZF357791G3,케이티에스테이트 20260313-306-1,20260313,20270113,KRW,10000000000,266,AAA0(A1),부동산업
케이티에스테이트,KRZF357795G3,케이티에스테이트 20260313-306-5,20260313,20270113,KRW,10000000000,266,AAA0(A1),부동산업
키움증권,KRZF03949TG3,키움증권 20260313-364-27,20260313,20270312,KRW,5000000000,324,AAA0(A1),금융 및 보험업
키움증권,KRZF03949SG3,키움증권 20260313-364-26,20260313,20270312,KRW,5000000000,324,AAA0(A1),금융 및 보험업
키움증권,KRZF03949RG3,키움증권 20260313-364-25,20260313,20270312,KRW,5000000000,324,AAA0(A1),금융 및 보험업
키움증권,KRZF03949XG3,키움증권 20260313-364-30,20260313,20270312,KRW,5000000000,324,AAA0(A1),금융 및 보험업
키움증권,KRZF03949WG3,키움증권 20260313-364-29,20260313,20270312,KRW,5000000000,324,AAA0(A1),금융 및 보험업
키움증권,KRZF03949VG3,키움증권 20260313-364-28,20260313,20270312,KRW,5000000000,324,AAA0(A1),금융 및 보험업
키움캐피탈,KRZF310101G3,키움캐피탈 20260313-273-1,20260313,20261211,KRW,5000000000,233,AA-(A2-),금융 및 보험업
하이프라자,KRZF069707G3,하이프라자 20260313-5-7,20260313,20260318,KRW,5000000000,-35,AA+(A2+),도매 및 소매업
하이프라자,KRZF069706G3,하이프라자 20260313-5-6,20260313,20260318,KRW,5000000000,-35,AA+(A2+),도매 및 소매업
하이프라자,KRZF06970FG3,하이프라자 20260313-18-15,20260313,20260331,KRW,5000000000,-22,AA+(A2+),도매 및 소매업
하이프라자,KRZF06970JG3,하이프라자 20260313-18-18,20260313,20260331,KRW,5000000000,-22,AA+(A2+),도매 및 소매업
하이프라자,KRZF06970KG3,하이프라자 20260313-18-19,20260313,20260331,KRW,5000000000,-22,AA+(A2+),도매 및 소매업
하이프라자,KRZF06970GG3,하이프라자 20260313-18-16,20260313,20260331,KRW,5000000000,-22,AA+(A2+),도매 및 소매업
하이프라자,KRZF06970HG3,하이프라자 20260313-18-17,20260313,20260331,KRW,5000000000,-22,AA+(A2+),도매 및 소매업
하이프라자,KRZF06970LG3,하이프라자 20260313-18-20,20260313,20260331,KRW,5000000000,-22,AA+(A2+),도매 및 소매업
하이프라자,KRZF06970CG3,하이프라자 20260313-17-12,20260313,20260330,KRW,5000000000,-23,AA+(A2+),도매 및 소매업
하이프라자,KRZF06970DG3,하이프라자 20260313-17-13,20260313,20260330,KRW,5000000000,-23,AA+(A2+),도매 및 소매업
하이프라자,KRZF06970BG3,하이프라자 20260313-31-11,20260313,20260413,KRW,5000000000,-9,AA+(A2+),도매 및 소매업
하이프라자,KRZF06970EG3,하이프라자 20260313-17-14,20260313,20260330,KRW,5000000000,-23,AA+(A2+),도매 및 소매업
하이프라자,KRZF069708G3,하이프라자 20260313-31-8,20260313,20260413,KRW,5000000000,-9,AA+(A2+),도매 및 소매업
하이프라자,KRZF06970AG3,하이프라자 20260313-31-10,20260313,20260413,KRW,5000000000,-9,AA+(A2+),도매 및 소매업
하이프라자,KRZF069709G3,하이프라자 20260313-31-9,20260313,20260413,KRW,5000000000,-9,AA+(A2+),도매 및 소매업
한국도로공사,KRZF09692YG3,한국도로공사 20260313-91-31,20260313,20260612,KRW,10000000000,51,AAA0(A1),건설업
한국도로공사,KRZF096921GF,한국도로공사 20260313-91-34,20260313,20260612,KRW,10000000000,51,AAA0(A1),건설업
한국도로공사,KRZF09692XG3,한국도로공사 20260313-91-30,20260313,20260612,KRW,10000000000,51,AAA0(A1),건설업
한국도로공사,KRZF09692QG3,한국도로공사 20260313-91-24,20260313,20260612,KRW,10000000000,51,AAA0(A1),건설업
한국도로공사,KRZF096923GF,한국도로공사 20260313-91-36,20260313,20260612,KRW,10000000000,51,AAA0(A1),건설업
한국도로공사,KRZF096920GF,한국도로공사 20260313-91-33,20260313,20260612,KRW,10000000000,51,AAA0(A1),건설업
한국도로공사,KRZF09692VG3,한국도로공사 20260313-91-28,20260313,20260612,KRW,10000000000,51,AAA0(A1),건설업
한국도로공사,KRZF09692SG3,한국도로공사 20260313-91-26,20260313,20260612,KRW,10000000000,51,AAA0(A1),건설업
한국도로공사,KRZF096925GF,한국도로공사 20260313-91-38,20260313,20260612,KRW,10000000000,51,AAA0(A1),건설업
한국도로공사,KRZF096922GF,한국도로공사 20260313-91-35,20260313,20260612,KRW,10000000000,51,AAA0(A1),건설업
한국도로공사,KRZF09692PG3,한국도로공사 20260313-91-23,20260313,20260612,KRW,10000000000,51,AAA0(A1),건설업
한국도로공사,KRZF09692NG3,한국도로공사 20260313-91-22,20260313,20260612,KRW,10000000000,51,AAA0(A1),건설업
한국도로공사,KRZF09692MG3,한국도로공사 20260313-91-21,20260313,20260612,KRW,10000000000,51,AAA0(A1),건설업
한국도로공사,KRZF096926GF,한국도로공사 20260313-91-39,20260313,20260612,KRW,10000000000,51,AAA0(A1),건설업
한국도로공사,KRZF09692ZG3,한국도로공사 20260313-91-32,20260313,20260612,KRW,10000000000,51,AAA0(A1),건설업
한국도로공사,KRZF096927GF,한국도로공사 20260313-91-40,20260313,20260612,KRW,10000000000,51,AAA0(A1),건설업
한국도로공사,KRZF09692RG3,한국도로공사 20260313-91-25,20260313,20260612,KRW,10000000000,51,AAA0(A1),건설업
한국도로공사,KRZF096924GF,한국도로공사 20260313-91-37,20260313,20260612,KRW,10000000000,51,AAA0(A1),건설업
한국도로공사,KRZF09692WG3,한국도로공사 20260313-91-29,20260313,20260612,KRW,10000000000,51,AAA0(A1),건설업
한국도로공사,KRZF09692TG3,한국도로공사 20260313-91-27,20260313,20260612,KRW,10000000000,51,AAA0(A1),건설업
한국전력공사,KRZF015768GF,한국전력공사 20260313-91-41,20260313,20260612,KRW,10000000000,51,AAA0(A1),"전기, 가스, 증기 및 공기조절 공급업"
한국전력공사,KRZFA1576CG3,한국전력공사 20260313-90-78,20260313,20260611,KRW,10000000000,50,AAA0(A1),"전기, 가스, 증기 및 공기조절 공급업"
한국전력공사,KRZFA1576AG3,한국전력공사 20260313-90-76,20260313,20260611,KRW,10000000000,50,AAA0(A1),"전기, 가스, 증기 및 공기조절 공급업"
한국전력공사,KRZFA15766G3,한국전력공사 20260313-90-72,20260313,20260611,KRW,10000000000,50,AAA0(A1),"전기, 가스, 증기 및 공기조절 공급업"
한국전력공사,KRZF01576LGF,한국전력공사 20260313-91-53,20260313,20260612,KRW,10000000000,51,AAA0(A1),"전기, 가스, 증기 및 공기조절 공급업"
한국전력공사,KRZFA15761G3,한국전력공사 20260313-90-67,20260313,20260611,KRW,10000000000,50,AAA0(A1),"전기, 가스, 증기 및 공기조절 공급업"
한국전력공사,KRZF01576XGF,한국전력공사 20260313-90-63,20260313,20260611,KRW,10000000000,50,AAA0(A1),"전기, 가스, 증기 및 공기조절 공급업"
한국전력공사,KRZF01576QGF,한국전력공사 20260313-91-57,20260313,20260612,KRW,10000000000,51,AAA0(A1),"전기, 가스, 증기 및 공기조절 공급업"
한국전력공사,KRZF01576NGF,한국전력공사 20260313-91-55,20260313,20260612,KRW,10000000000,51,AAA0(A1),"전기, 가스, 증기 및 공기조절 공급업"
한국전력공사,KRZFA1576PG3,한국전력공사 20260313-90-89,20260313,20260611,KRW,10000000000,50,AAA0(A1),"전기, 가스, 증기 및 공기조절 공급업"
한국전력공사,KRZFA1576HG3,한국전력공사 20260313-90-83,20260313,20260611,KRW,10000000000,50,AAA0(A1),"전기, 가스, 증기 및 공기조절 공급업"
한국전력공사,KRZFA1576FG3,한국전력공사 20260313-90-81,20260313,20260611,KRW,10000000000,50,AAA0(A1),"전기, 가스, 증기 및 공기조절 공급업"
한국전력공사,KRZFA1576QG3,한국전력공사 20260313-90-90,20260313,20260611,KRW,10000000000,50,AAA0(A1),"전기, 가스, 증기 및 공기조절 공급업"
한국전력공사,KRZFA1576DG3,한국전력공사 20260313-90-79,20260313,20260611,KRW,10000000000,50,AAA0(A1),"전기, 가스, 증기 및 공기조절 공급업"
한국전력공사,KRZFA15760G3,한국전력공사 20260313-90-66,20260313,20260611,KRW,10000000000,50,AAA0(A1),"전기, 가스, 증기 및 공기조절 공급업"
한국전력공사,KRZF01576ZGF,한국전력공사 20260313-90-65,20260313,20260611,KRW,10000000000,50,AAA0(A1),"전기, 가스, 증기 및 공기조절 공급업"
한국전력공사,KRZF01576EGF,한국전력공사 20260313-91-47,20260313,20260612,KRW,10000000000,51,AAA0(A1),"전기, 가스, 증기 및 공기조절 공급업"
한국전력공사,KRZF01576DGF,한국전력공사 20260313-91-46,20260313,20260612,KRW,10000000000,51,AAA0(A1),"전기, 가스, 증기 및 공기조절 공급업"
한국전력공사,KRZFA1576NG3,한국전력공사 20260313-90-88,20260313,20260611,KRW,10000000000,50,AAA0(A1),"전기, 가스, 증기 및 공기조절 공급업"
한국전력공사,KRZFA1576BG3,한국전력공사 20260313-90-77,20260313,20260611,KRW,10000000000,50,AAA0(A1),"전기, 가스, 증기 및 공기조절 공급업"
한국전력공사,KRZFA15769G3,한국전력공사 20260313-90-75,20260313,20260611,KRW,10000000000,50,AAA0(A1),"전기, 가스, 증기 및 공기조절 공급업"
한국전력공사,KRZFA15768G3,한국전력공사 20260313-90-74,20260313,20260611,KRW,10000000000,50,AAA0(A1),"전기, 가스, 증기 및 공기조절 공급업"
한국전력공사,KRZFA1576MG3,한국전력공사 20260313-90-87,20260313,20260611,KRW,10000000000,50,AAA0(A1),"전기, 가스, 증기 및 공기조절 공급업"
한국전력공사,KRZFA1576KG3,한국전력공사 20260313-90-85,20260313,20260611,KRW,10000000000,50,AAA0(A1),"전기, 가스, 증기 및 공기조절 공급업"
한국전력공사,KRZFA1576EG3,한국전력공사 20260313-90-80,20260313,20260611,KRW,10000000000,50,AAA0(A1),"전기, 가스, 증기 및 공기조절 공급업"
한국전력공사,KRZFA15767G3,한국전력공사 20260313-90-73,20260313,20260611,KRW,10000000000,50,AAA0(A1),"전기, 가스, 증기 및 공기조절 공급업"
한국전력공사,KRZFA15762G3,한국전력공사 20260313-90-68,20260313,20260611,KRW,10000000000,50,AAA0(A1),"전기, 가스, 증기 및 공기조절 공급업"
한국전력공사,KRZF01576YGF,한국전력공사 20260313-90-64,20260313,20260611,KRW,10000000000,50,AAA0(A1),"전기, 가스, 증기 및 공기조절 공급업"
한국전력공사,KRZF01576RGF,한국전력공사 20260313-91-58,20260313,20260612,KRW,10000000000,51,AAA0(A1),"전기, 가스, 증기 및 공기조절 공급업"
한국전력공사,KRZF01576MGF,한국전력공사 20260313-91-54,20260313,20260612,KRW,10000000000,51,AAA0(A1),"전기, 가스, 증기 및 공기조절 공급업"
한국전력공사,KRZF015769GF,한국전력공사 20260313-91-42,20260313,20260612,KRW,10000000000,51,AAA0(A1),"전기, 가스, 증기 및 공기조절 공급업"
한국전력공사,KRZFA15764G3,한국전력공사 20260313-90-70,20260313,20260611,KRW,10000000000,50,AAA0(A1),"전기, 가스, 증기 및 공기조절 공급업"
한국전력공사,KRZFA15763G3,한국전력공사 20260313-90-69,20260313,20260611,KRW,10000000000,50,AAA0(A1),"전기, 가스, 증기 및 공기조절 공급업"
한국전력공사,KRZF01576VGF,한국전력공사 20260313-90-61,20260313,20260611,KRW,10000000000,50,AAA0(A1),"전기, 가스, 증기 및 공기조절 공급업"
한국전력공사,KRZF01576SGF,한국전력공사 20260313-91-59,20260313,20260612,KRW,10000000000,51,AAA0(A1),"전기, 가스, 증기 및 공기조절 공급업"
한국전력공사,KRZF01576KGF,한국전력공사 20260313-91-52,20260313,20260612,KRW,10000000000,51,AAA0(A1),"전기, 가스, 증기 및 공기조절 공급업"
한국전력공사,KRZF01576HGF,한국전력공사 20260313-91-50,20260313,20260612,KRW,10000000000,51,AAA0(A1),"전기, 가스, 증기 및 공기조절 공급업"
한국전력공사,KRZF01576FGF,한국전력공사 20260313-91-48,20260313,20260612,KRW,10000000000,51,AAA0(A1),"전기, 가스, 증기 및 공기조절 공급업"
한국전력공사,KRZF01576AGF,한국전력공사 20260313-91-43,20260313,20260612,KRW,10000000000,51,AAA0(A1),"전기, 가스, 증기 및 공기조절 공급업"
한국전력공사,KRZFA1576LG3,한국전력공사 20260313-90-86,20260313,20260611,KRW,10000000000,50,AAA0(A1),"전기, 가스, 증기 및 공기조절 공급업"
한국전력공사,KRZFA1576GG3,한국전력공사 20260313-90-82,20260313,20260611,KRW,10000000000,50,AAA0(A1),"전기, 가스, 증기 및 공기조절 공급업"
한국전력공사,KRZFA15765G3,한국전력공사 20260313-90-71,20260313,20260611,KRW,10000000000,50,AAA0(A1),"전기, 가스, 증기 및 공기조절 공급업"
한국전력공사,KRZF01576WGF,한국전력공사 20260313-90-62,20260313,20260611,KRW,10000000000,50,AAA0(A1),"전기, 가스, 증기 및 공기조절 공급업"
한국전력공사,KRZF01576TGF,한국전력공사 20260313-91-60,20260313,20260612,KRW,10000000000,51,AAA0(A1),"전기, 가스, 증기 및 공기조절 공급업"
한국전력공사,KRZF01576GGF,한국전력공사 20260313-91-49,20260313,20260612,KRW,10000000000,51,AAA0(A1),"전기, 가스, 증기 및 공기조절 공급업"
한국전력공사,KRZF01576BGF,한국전력공사 20260313-91-44,20260313,20260612,KRW,10000000000,51,AAA0(A1),"전기, 가스, 증기 및 공기조절 공급업"
한국전력공사,KRZFA1576JG3,한국전력공사 20260313-90-84,20260313,20260611,KRW,10000000000,50,AAA0(A1),"전기, 가스, 증기 및 공기조절 공급업"
한국전력공사,KRZF01576PGF,한국전력공사 20260313-91-56,20260313,20260612,KRW,10000000000,51,AAA0(A1),"전기, 가스, 증기 및 공기조절 공급업"
한국전력공사,KRZF01576JGF,한국전력공사 20260313-91-51,20260313,20260612,KRW,10000000000,51,AAA0(A1),"전기, 가스, 증기 및 공기조절 공급업"
한국전력공사,KRZF01576CGF,한국전력공사 20260313-91-45,20260313,20260612,KRW,10000000000,51,AAA0(A1),"전기, 가스, 증기 및 공기조절 공급업"
한국조폐공사,KRZF128935G3,한국조폐공사 20260313-91-5,20260313,20260612,KRW,10000000000,51,AAA0(A1),제조업
한국조폐공사,KRZF128937G3,한국조폐공사 20260313-91-7,20260313,20260612,KRW,10000000000,51,AAA0(A1),제조업
한국조폐공사,KRZF128938G3,한국조폐공사 20260313-91-8,20260313,20260612,KRW,10000000000,51,AAA0(A1),제조업
한국조폐공사,KRZF128936G3,한국조폐공사 20260313-91-6,20260313,20260612,KRW,10000000000,51,AAA0(A1),제조업
한국투자금융지주,KRZF07105MGF,한국투자금융지주 20260313-91-54,20260313,20260612,KRW,5000000000,51,AAA0(A1),금융 및 보험업
한국투자금융지주,KRZF07105KGF,한국투자금융지주 20260313-91-52,20260313,20260612,KRW,5000000000,51,AAA0(A1),금융 및 보험업
한국투자금융지주,KRZF07105RGF,한국투자금융지주 20260313-91-58,20260313,20260612,KRW,5000000000,51,AAA0(A1),금융 및 보험업
한국투자금융지주,KRZF07105QGF,한국투자금융지주 20260313-91-57,20260313,20260612,KRW,5000000000,51,AAA0(A1),금융 및 보험업
한국투자금융지주,KRZF07105LGF,한국투자금융지주 20260313-91-53,20260313,20260612,KRW,5000000000,51,AAA0(A1),금융 및 보험업
한국투자금융지주,KRZF07105JGF,한국투자금융지주 20260313-91-51,20260313,20260612,KRW,5000000000,51,AAA0(A1),금융 및 보험업
한국투자금융지주,KRZF07105PGF,한국투자금융지주 20260313-91-56,20260313,20260612,KRW,5000000000,51,AAA0(A1),금융 및 보험업
한국투자금융지주,KRZF07105NGF,한국투자금융지주 20260313-91-55,20260313,20260612,KRW,5000000000,51,AAA0(A1),금융 및 보험업
한무쇼핑,KRZF01991MG3,한무쇼핑 20260313-91-21,20260313,20260612,KRW,50000000000,51,AAA0(A1),도매 및 소매업
현대백화점,KRZF06996YG3,현대백화점 20260313-153-31,20260313,20260813,KRW,50000000000,113,AAA0(A1),도매 및 소매업
효성티앤씨,KRZF298028G3,효성티앤씨 20260313-31-8,20260313,20260413,KRW,5000000000,-9,AA+(A2+),제조업
효성티앤씨,KRZF298025G3,효성티앤씨 20260313-31-5,20260313,20260413,KRW,5000000000,-9,AA+(A2+),제조업
효성티앤씨,KRZF298026G3,효성티앤씨 20260313-31-6,20260313,20260413,KRW,5000000000,-9,AA+(A2+),제조업
효성티앤씨,KRZF298027G3,효성티앤씨 20260313-31-7,20260313,20260413,KRW,5000000000,-9,AA+(A2+),제조업
NH투자증권,KRZF00594PG3,NH투자증권 20260312-363-23,20260312,20270310,KRW,10000000000,322,AAA0(A1),금융 및 보험업
NH투자증권,KRZF005947G3,NH투자증권 20260312-327-7,20260312,20270202,KRW,10000000000,286,AAA0(A1),금융 및 보험업
NH투자증권,KRZF005946G3,NH투자증권 20260312-327-6,20260312,20270202,KRW,10000000000,286,AAA0(A1),금융 및 보험업
NH투자증권,KRZF005942G3,NH투자증권 20260312-327-2,20260312,20270202,KRW,10000000000,286,AAA0(A1),금융 및 보험업
NH투자증권,KRZF005943G3,NH투자증권 20260312-327-3,20260312,20270202,KRW,10000000000,286,AAA0(A1),금융 및 보험업
NH투자증권,KRZF005942GF,NH투자증권 20260312-363-35,20260312,20270310,KRW,10000000000,322,AAA0(A1),금융 및 보험업
NH투자증권,KRZF005940GF,NH투자증권 20260312-363-33,20260312,20270310,KRW,10000000000,322,AAA0(A1),금융 및 보험업
NH투자증권,KRZF00594TG3,NH투자증권 20260312-363-27,20260312,20270310,KRW,10000000000,322,AAA0(A1),금융 및 보험업
NH투자증권,KRZF00594WG3,NH투자증권 20260312-363-29,20260312,20270310,KRW,10000000000,322,AAA0(A1),금융 및 보험업
NH투자증권,KRZF00594SG3,NH투자증권 20260312-363-26,20260312,20270310,KRW,10000000000,322,AAA0(A1),금융 및 보험업
NH투자증권,KRZF00594QG3,NH투자증권 20260312-363-24,20260312,20270310,KRW,10000000000,322,AAA0(A1),금융 및 보험업
NH투자증권,KRZF005948G3,NH투자증권 20260312-327-8,20260312,20270202,KRW,10000000000,286,AAA0(A1),금융 및 보험업
NH투자증권,KRZF005945G3,NH투자증권 20260312-327-5,20260312,20270202,KRW,10000000000,286,AAA0(A1),금융 및 보험업
NH투자증권,KRZF005944G3,NH투자증권 20260312-327-4,20260312,20270202,KRW,10000000000,286,AAA0(A1),금융 및 보험업
NH투자증권,KRZF00594HG3,NH투자증권 20260312-328-17,20260312,20270203,KRW,10000000000,287,AAA0(A1),금융 및 보험업
NH투자증권,KRZF00594DG3,NH투자증권 20260312-328-13,20260312,20270203,KRW,10000000000,287,AAA0(A1),금융 및 보험업
NH투자증권,KRZF005943GF,NH투자증권 20260312-363-36,20260312,20270310,KRW,10000000000,322,AAA0(A1),금융 및 보험업
NH투자증권,KRZF00594MG3,NH투자증권 20260312-363-21,20260312,20270310,KRW,10000000000,322,AAA0(A1),금융 및 보험업
NH투자증권,KRZF00594GG3,NH투자증권 20260312-328-16,20260312,20270203,KRW,10000000000,287,AAA0(A1),금융 및 보험업
NH투자증권,KRZF00594AG3,NH투자증권 20260312-327-10,20260312,20270202,KRW,10000000000,286,AAA0(A1),금융 및 보험업
NH투자증권,KRZF005949G3,NH투자증권 20260312-327-9,20260312,20270202,KRW,10000000000,286,AAA0(A1),금융 및 보험업
NH투자증권,KRZF005941GF,NH투자증권 20260312-363-34,20260312,20270310,KRW,10000000000,322,AAA0(A1),금융 및 보험업
NH투자증권,KRZF00594LG3,NH투자증권 20260312-328-20,20260312,20270203,KRW,10000000000,287,AAA0(A1),금융 및 보험업
NH투자증권,KRZF005947GF,NH투자증권 20260312-363-40,20260312,20270310,KRW,10000000000,322,AAA0(A1),금융 및 보험업
NH투자증권,KRZF005944GF,NH투자증권 20260312-363-37,20260312,20270310,KRW,10000000000,322,AAA0(A1),금융 및 보험업
NH투자증권,KRZF00594EG3,NH투자증권 20260312-328-14,20260312,20270203,KRW,10000000000,287,AAA0(A1),금융 및 보험업
NH투자증권,KRZF005941G3,NH투자증권 20260312-327-1,20260312,20270202,KRW,10000000000,286,AAA0(A1),금융 및 보험업
NH투자증권,KRZF005945GF,NH투자증권 20260312-363-38,20260312,20270310,KRW,10000000000,322,AAA0(A1),금융 및 보험업
NH투자증권,KRZF00594FG3,NH투자증권 20260312-328-15,20260312,20270203,KRW,10000000000,287,AAA0(A1),금융 및 보험업
NH투자증권,KRZF005949GF,NH투자증권 20260312-363-42,20260312,20270310,KRW,1000000000,322,AAA0(A1),금융 및 보험업
NH투자증권,KRZF00594CG3,NH투자증권 20260312-328-12,20260312,20270203,KRW,10000000000,287,AAA0(A1),금융 및 보험업
NH투자증권,KRZF005948GF,NH투자증권 20260312-363-41,20260312,20270310,KRW,10000000000,322,AAA0(A1),금융 및 보험업
NH투자증권,KRZF00594VG3,NH투자증권 20260312-363-28,20260312,20270310,KRW,10000000000,322,AAA0(A1),금융 및 보험업
NH투자증권,KRZF00594KG3,NH투자증권 20260312-328-19,20260312,20270203,KRW,10000000000,287,AAA0(A1),금융 및 보험업
NH투자증권,KRZF00594JG3,NH투자증권 20260312-328-18,20260312,20270203,KRW,10000000000,287,AAA0(A1),금융 및 보험업
NH투자증권,KRZF00594BG3,NH투자증권 20260312-328-11,20260312,20270203,KRW,10000000000,287,AAA0(A1),금융 및 보험업
NH투자증권,KRZF005946GF,NH투자증권 20260312-363-39,20260312,20270310,KRW,10000000000,322,AAA0(A1),금융 및 보험업
NH투자증권,KRZF00594ZG3,NH투자증권 20260312-363-32,20260312,20270310,KRW,10000000000,322,AAA0(A1),금융 및 보험업
NH투자증권,KRZF00594XG3,NH투자증권 20260312-363-30,20260312,20270310,KRW,10000000000,322,AAA0(A1),금융 및 보험업
NH투자증권,KRZF00594NG3,NH투자증권 20260312-363-22,20260312,20270310,KRW,10000000000,322,AAA0(A1),금융 및 보험업
NH투자증권,KRZF00594YG3,NH투자증권 20260312-363-31,20260312,20270310,KRW,10000000000,322,AAA0(A1),금융 및 보험업
NH투자증권,KRZF00594RG3,NH투자증권 20260312-363-25,20260312,20270310,KRW,10000000000,322,AAA0(A1),금융 및 보험업
SK가스,KRZF018671G3,SK가스 20260312-90-1,20260312,20260610,KRW,10000000000,49,AAA0(A1),도매 및 소매업
SK가스,KRZF018674G3,SK가스 20260312-90-4,20260312,20260610,KRW,10000000000,49,AAA0(A1),도매 및 소매업
SK가스,KRZF018675G3,SK가스 20260312-90-5,20260312,20260610,KRW,10000000000,49,AAA0(A1),도매 및 소매업
SK가스,KRZF018676G3,SK가스 20260312-90-6,20260312,20260610,KRW,10000000000,49,AAA0(A1),도매 및 소매업
SK가스,KRZF018672G3,SK가스 20260312-90-2,20260312,20260610,KRW,10000000000,49,AAA0(A1),도매 및 소매업
SK가스,KRZF018677G3,SK가스 20260312-90-7,20260312,20260610,KRW,10000000000,49,AAA0(A1),도매 및 소매업
SK가스,KRZF018673G3,SK가스 20260312-90-3,20260312,20260610,KRW,10000000000,49,AAA0(A1),도매 및 소매업
SK인천석유화학,KRZF18165AGF,SK인천석유화학 20260312-60-43,20260312,20260511,KRW,5000000000,19,AA+(A2+),제조업
SK인천석유화학,KRZF18165SGF,SK인천석유화학 20260312-60-59,20260312,20260511,KRW,5000000000,19,AA+(A2+),제조업
SK인천석유화학,KRZF18165KGF,SK인천석유화학 20260312-60-52,20260312,20260511,KRW,5000000000,19,AA+(A2+),제조업
SK인천석유화학,KRZF18165BGF,SK인천석유화학 20260312-60-44,20260312,20260511,KRW,5000000000,19,AA+(A2+),제조업
SK인천석유화학,KRZF18165LGF,SK인천석유화학 20260312-60-53,20260312,20260511,KRW,5000000000,19,AA+(A2+),제조업
SK인천석유화학,KRZF181659GF,SK인천석유화학 20260312-60-42,20260312,20260511,KRW,5000000000,19,AA+(A2+),제조업
SK인천석유화학,KRZF18165DGF,SK인천석유화학 20260312-60-46,20260312,20260511,KRW,5000000000,19,AA+(A2+),제조업
SK인천석유화학,KRZF18165QGF,SK인천석유화학 20260312-60-57,20260312,20260511,KRW,5000000000,19,AA+(A2+),제조업
SK인천석유화학,KRZF18165GGF,SK인천석유화학 20260312-60-49,20260312,20260511,KRW,5000000000,19,AA+(A2+),제조업
SK인천석유화학,KRZF18165RGF,SK인천석유화학 20260312-60-58,20260312,20260511,KRW,5000000000,19,AA+(A2+),제조업
SK인천석유화학,KRZF18165JGF,SK인천석유화학 20260312-60-51,20260312,20260511,KRW,5000000000,19,AA+(A2+),제조업
SK인천석유화학,KRZF18165HGF,SK인천석유화학 20260312-60-50,20260312,20260511,KRW,5000000000,19,AA+(A2+),제조업
SK인천석유화학,KRZF18165CGF,SK인천석유화학 20260312-60-45,20260312,20260511,KRW,5000000000,19,AA+(A2+),제조업
SK인천석유화학,KRZF18165PGF,SK인천석유화학 20260312-60-56,20260312,20260511,KRW,5000000000,19,AA+(A2+),제조업
SK인천석유화학,KRZF18165MGF,SK인천석유화학 20260312-60-54,20260312,20260511,KRW,5000000000,19,AA+(A2+),제조업
SK인천석유화학,KRZF18165EGF,SK인천석유화학 20260312-60-47,20260312,20260511,KRW,5000000000,19,AA+(A2+),제조업
SK인천석유화학,KRZF181658GF,SK인천석유화학 20260312-60-41,20260312,20260511,KRW,5000000000,19,AA+(A2+),제조업
SK인천석유화학,KRZF18165TGF,SK인천석유화학 20260312-60-60,20260312,20260511,KRW,5000000000,19,AA+(A2+),제조업
SK인천석유화학,KRZF18165NGF,SK인천석유화학 20260312-60-55,20260312,20260511,KRW,5000000000,19,AA+(A2+),제조업
SK인천석유화학,KRZF18165FGF,SK인천석유화학 20260312-60-48,20260312,20260511,KRW,5000000000,19,AA+(A2+),제조업
대한석탄공사,KRZF07686NG3,대한석탄공사 20260312-112-22,20260312,20260702,KRW,5000000000,71,AAA0(A1),광업
대한석탄공사,KRZF07686LG3,대한석탄공사 20260312-112-20,20260312,20260702,KRW,5000000000,71,AAA0(A1),광업
대한석탄공사,KRZF07686DG3,대한석탄공사 20260312-112-13,20260312,20260702,KRW,5000000000,71,AAA0(A1),광업
대한석탄공사,KRZF07686HG3,대한석탄공사 20260312-112-17,20260312,20260702,KRW,5000000000,71,AAA0(A1),광업
대한석탄공사,KRZF07686JG3,대한석탄공사 20260312-112-18,20260312,20260702,KRW,5000000000,71,AAA0(A1),광업
대한석탄공사,KRZF07686KG3,대한석탄공사 20260312-112-19,20260312,20260702,KRW,5000000000,71,AAA0(A1),광업
대한석탄공사,KRZF07686GG3,대한석탄공사 20260312-112-16,20260312,20260702,KRW,5000000000,71,AAA0(A1),광업
대한석탄공사,KRZF07686FG3,대한석탄공사 20260312-112-15,20260312,20260702,KRW,5000000000,71,AAA0(A1),광업
대한석탄공사,KRZF07686EG3,대한석탄공사 20260312-112-14,20260312,20260702,KRW,5000000000,71,AAA0(A1),광업
대한석탄공사,KRZF07686MG3,대한석탄공사 20260312-112-21,20260312,20260702,KRW,5000000000,71,AAA0(A1),광업
디비증권,KRZF01661KG3,디비증권 20260312-125-19,20260312,20260715,KRW,5000000000,84,AAA0(A1),금융 및 보험업
디비증권,KRZF01661MG3,디비증권 20260312-153-21,20260312,20260812,KRW,5000000000,112,AAA0(A1),금융 및 보험업
디비증권,KRZF01661LG3,디비증권 20260312-153-20,20260312,20260812,KRW,5000000000,112,AAA0(A1),금융 및 보험업
디비증권,KRZF01661PG3,디비증권 20260312-153-23,20260312,20260812,KRW,5000000000,112,AAA0(A1),금융 및 보험업
디비증권,KRZF01661XG3,디비증권 20260312-123-30,20260312,20260713,KRW,5000000000,82,AAA0(A1),금융 및 보험업
디비증권,KRZF01661JG3,디비증권 20260312-125-18,20260312,20260715,KRW,5000000000,84,AAA0(A1),금융 및 보험업
디비증권,KRZF01661WG3,디비증권 20260312-123-29,20260312,20260713,KRW,5000000000,82,AAA0(A1),금융 및 보험업
디비증권,KRZF01661QG3,디비증권 20260312-153-24,20260312,20260812,KRW,5000000000,112,AAA0(A1),금융 및 보험업
디비증권,KRZF01661VG3,디비증권 20260312-123-28,20260312,20260713,KRW,5000000000,82,AAA0(A1),금융 및 보험업
디비증권,KRZF01661TG3,디비증권 20260312-123-27,20260312,20260713,KRW,5000000000,82,AAA0(A1),금융 및 보험업
디비증권,KRZF01661RG3,디비증권 20260312-153-25,20260312,20260812,KRW,5000000000,112,AAA0(A1),금융 및 보험업
디비증권,KRZF01661NG3,디비증권 20260312-153-22,20260312,20260812,KRW,5000000000,112,AAA0(A1),금융 및 보험업
디비증권,KRZF01661YG3,디비증권 20260312-123-31,20260312,20260713,KRW,5000000000,82,AAA0(A1),금융 및 보험업
디비증권,KRZF01661SG3,디비증권 20260312-123-26,20260312,20260713,KRW,5000000000,82,AAA0(A1),금융 및 보험업
미래에셋증권,KRZF00680YG3,미래에셋증권 20260312-125-31,20260312,20260715,KRW,5000000000,84,AAA0(A1),금융 및 보험업
미래에셋증권,KRZF006803GF,미래에셋증권 20260312-125-36,20260312,20260715,KRW,5000000000,84,AAA0(A1),금융 및 보험업
미래에셋증권,KRZF00680BG3,미래에셋증권 20260312-327-11,20260312,20270202,KRW,20000000000,286,AAA0(A1),금융 및 보험업
미래에셋증권,KRZF006807GF,미래에셋증권 20260312-125-40,20260312,20260715,KRW,5000000000,84,AAA0(A1),금융 및 보험업
미래에셋증권,KRZF006800GF,미래에셋증권 20260312-125-33,20260312,20260715,KRW,5000000000,84,AAA0(A1),금융 및 보험업
미래에셋증권,KRZF00680WG3,미래에셋증권 20260312-125-29,20260312,20260715,KRW,5000000000,84,AAA0(A1),금융 및 보험업
미래에셋증권,KRZF00680CG3,미래에셋증권 20260312-327-12,20260312,20270202,KRW,20000000000,286,AAA0(A1),금융 및 보험업
미래에셋증권,KRZF006803G3,미래에셋증권 20260312-125-3,20260312,20260715,KRW,5000000000,84,AAA0(A1),금융 및 보험업
미래에셋증권,KRZF00680XG3,미래에셋증권 20260312-125-30,20260312,20260715,KRW,5000000000,84,AAA0(A1),금융 및 보험업
미래에셋증권,KRZF006808G3,미래에셋증권 20260312-327-8,20260312,20270202,KRW,20000000000,286,AAA0(A1),금융 및 보험업
미래에셋증권,KRZF00680SG3,미래에셋증권 20260312-125-26,20260312,20260715,KRW,5000000000,84,AAA0(A1),금융 및 보험업
미래에셋증권,KRZF00680MG3,미래에셋증권 20260312-125-21,20260312,20260715,KRW,5000000000,84,AAA0(A1),금융 및 보험업
미래에셋증권,KRZF006804G3,미래에셋증권 20260312-327-4,20260312,20270202,KRW,20000000000,286,AAA0(A1),금융 및 보험업
미래에셋증권,KRZF00680ZG3,미래에셋증권 20260312-125-32,20260312,20260715,KRW,5000000000,84,AAA0(A1),금융 및 보험업
미래에셋증권,KRZF00680VG3,미래에셋증권 20260312-125-28,20260312,20260715,KRW,5000000000,84,AAA0(A1),금융 및 보험업
미래에셋증권,KRZF00680JG3,미래에셋증권 20260312-125-18,20260312,20260715,KRW,5000000000,84,AAA0(A1),금융 및 보험업
미래에셋증권,KRZF00680HG3,미래에셋증권 20260312-125-17,20260312,20260715,KRW,5000000000,84,AAA0(A1),금융 및 보험업
미래에셋증권,KRZF00680AG3,미래에셋증권 20260312-327-10,20260312,20270202,KRW,20000000000,286,AAA0(A1),금융 및 보험업
미래에셋증권,KRZF006807G3,미래에셋증권 20260312-327-7,20260312,20270202,KRW,20000000000,286,AAA0(A1),금융 및 보험업
미래에셋증권,KRZF006806G3,미래에셋증권 20260312-327-6,20260312,20270202,KRW,20000000000,286,AAA0(A1),금융 및 보험업
미래에셋증권,KRZF00680TG3,미래에셋증권 20260312-125-27,20260312,20260715,KRW,5000000000,84,AAA0(A1),금융 및 보험업
미래에셋증권,KRZF006804GF,미래에셋증권 20260312-125-37,20260312,20260715,KRW,5000000000,84,AAA0(A1),금융 및 보험업
미래에셋증권,KRZF006802GF,미래에셋증권 20260312-125-35,20260312,20260715,KRW,5000000000,84,AAA0(A1),금융 및 보험업
미래에셋증권,KRZF00680FG3,미래에셋증권 20260312-125-15,20260312,20260715,KRW,5000000000,84,AAA0(A1),금융 및 보험업
미래에셋증권,KRZF00680DG3,미래에셋증권 20260312-125-13,20260312,20260715,KRW,5000000000,84,AAA0(A1),금융 및 보험업
미래에셋증권,KRZF006805G3,미래에셋증권 20260312-327-5,20260312,20270202,KRW,20000000000,286,AAA0(A1),금융 및 보험업
미래에셋증권,KRZF00680QG3,미래에셋증권 20260312-125-24,20260312,20260715,KRW,5000000000,84,AAA0(A1),금융 및 보험업
미래에셋증권,KRZF00680PG3,미래에셋증권 20260312-125-23,20260312,20260715,KRW,5000000000,84,AAA0(A1),금융 및 보험업
미래에셋증권,KRZF00680KG3,미래에셋증권 20260312-125-19,20260312,20260715,KRW,5000000000,84,AAA0(A1),금융 및 보험업
미래에셋증권,KRZF006802G3,미래에셋증권 20260312-125-2,20260312,20260715,KRW,5000000000,84,AAA0(A1),금융 및 보험업
미래에셋증권,KRZF006806GF,미래에셋증권 20260312-125-39,20260312,20260715,KRW,5000000000,84,AAA0(A1),금융 및 보험업
미래에셋증권,KRZF00680NG3,미래에셋증권 20260312-125-22,20260312,20260715,KRW,5000000000,84,AAA0(A1),금융 및 보험업
미래에셋증권,KRZF00680LG3,미래에셋증권 20260312-125-20,20260312,20260715,KRW,5000000000,84,AAA0(A1),금융 및 보험업
미래에셋증권,KRZF00680GG3,미래에셋증권 20260312-125-16,20260312,20260715,KRW,5000000000,84,AAA0(A1),금융 및 보험업
미래에셋증권,KRZF00680EG3,미래에셋증권 20260312-327-14,20260312,20270202,KRW,20000000000,286,AAA0(A1),금융 및 보험업
미래에셋증권,KRZF006809G3,미래에셋증권 20260312-327-9,20260312,20270202,KRW,20000000000,286,AAA0(A1),금융 및 보험업
미래에셋증권,KRZF006805GF,미래에셋증권 20260312-125-38,20260312,20260715,KRW,5000000000,84,AAA0(A1),금융 및 보험업
미래에셋증권,KRZF00680RG3,미래에셋증권 20260312-125-25,20260312,20260715,KRW,5000000000,84,AAA0(A1),금융 및 보험업
미래에셋증권,KRZF006801G3,미래에셋증권 20260312-125-1,20260312,20260715,KRW,5000000000,84,AAA0(A1),금융 및 보험업
미래에셋증권,KRZF006801GF,미래에셋증권 20260312-125-34,20260312,20260715,KRW,5000000000,84,AAA0(A1),금융 및 보험업
부국증권,KRZF001273G3,부국증권 20260312-263-3,20260312,20261130,KRW,5000000000,222,AA+(A2+),금융 및 보험업
부국증권,KRZF001276G3,부국증권 20260312-263-6,20260312,20261130,KRW,5000000000,222,AA+(A2+),금융 및 보험업
부국증권,KRZF001275G3,부국증권 20260312-263-5,20260312,20261130,KRW,5000000000,222,AA+(A2+),금융 및 보험업
부국증권,KRZF001274G3,부국증권 20260312-263-4,20260312,20261130,KRW,5000000000,222,AA+(A2+),금융 및 보험업
비엔케이투자증권,KRZF153998GF,비엔케이투자증권 20260312-203-41,20260312,20261001,KRW,5000000000,162,AAA0(A1),금융 및 보험업
비엔케이투자증권,KRZF153996GF,비엔케이투자증권 20260312-203-39,20260312,20261001,KRW,5000000000,162,AAA0(A1),금융 및 보험업
비엔케이투자증권,KRZF153994GF,비엔케이투자증권 20260312-203-37,20260312,20261001,KRW,5000000000,162,AAA0(A1),금융 및 보험업
비엔케이투자증권,KRZF15399DGF,비엔케이투자증권 20260312-203-46,20260312,20261001,KRW,5000000000,162,AAA0(A1),금융 및 보험업
비엔케이투자증권,KRZF15399AGF,비엔케이투자증권 20260312-203-43,20260312,20261001,KRW,5000000000,162,AAA0(A1),금융 및 보험업
비엔케이투자증권,KRZF153995GF,비엔케이투자증권 20260312-203-38,20260312,20261001,KRW,5000000000,162,AAA0(A1),금융 및 보험업
비엔케이투자증권,KRZF15399JGF,비엔케이투자증권 20260312-153-51,20260312,20260812,KRW,5000000000,112,AAA0(A1),금융 및 보험업
비엔케이투자증권,KRZF15399FGF,비엔케이투자증권 20260312-153-48,20260312,20260812,KRW,5000000000,112,AAA0(A1),금융 및 보험업
비엔케이투자증권,KRZF153997GF,비엔케이투자증권 20260312-203-40,20260312,20261001,KRW,5000000000,162,AAA0(A1),금융 및 보험업
비엔케이투자증권,KRZF15399HGF,비엔케이투자증권 20260312-153-50,20260312,20260812,KRW,5000000000,112,AAA0(A1),금융 및 보험업
비엔케이투자증권,KRZF15399EGF,비엔케이투자증권 20260312-153-47,20260312,20260812,KRW,5000000000,112,AAA0(A1),금융 및 보험업
비엔케이투자증권,KRZF15399CGF,비엔케이투자증권 20260312-203-45,20260312,20261001,KRW,5000000000,162,AAA0(A1),금융 및 보험업
비엔케이투자증권,KRZF15399GGF,비엔케이투자증권 20260312-153-49,20260312,20260812,KRW,5000000000,112,AAA0(A1),금융 및 보험업
비엔케이투자증권,KRZF153999GF,비엔케이투자증권 20260312-203-42,20260312,20261001,KRW,5000000000,162,AAA0(A1),금융 및 보험업
비엔케이투자증권,KRZF15399KGF,비엔케이투자증권 20260312-153-52,20260312,20260812,KRW,5000000000,112,AAA0(A1),금융 및 보험업
비엔케이투자증권,KRZF15399BGF,비엔케이투자증권 20260312-203-44,20260312,20261001,KRW,5000000000,162,AAA0(A1),금융 및 보험업
삼성카드,KRZF029789G3,삼성카드 20260312-173-9,20260312,20260901,KRW,10000000000,132,AAA0(A1),금융 및 보험업
삼성카드,KRZF02978MG3,삼성카드 20260312-173-21,20260312,20260901,KRW,10000000000,132,AAA0(A1),금융 및 보험업
삼성카드,KRZF02978KG3,삼성카드 20260312-173-19,20260312,20260901,KRW,10000000000,132,AAA0(A1),금융 및 보험업
삼성카드,KRZF02978DG3,삼성카드 20260312-173-13,20260312,20260901,KRW,10000000000,132,AAA0(A1),금융 및 보험업
삼성카드,KRZF02978BG3,삼성카드 20260312-173-11,20260312,20260901,KRW,10000000000,132,AAA0(A1),금융 및 보험업
삼성카드,KRZF029784GF,삼성카드 20260312-263-37,20260312,20261130,KRW,10000000000,222,AAA0(A1),금융 및 보험업
삼성카드,KRZF029781GF,삼성카드 20260312-263-34,20260312,20261130,KRW,10000000000,222,AAA0(A1),금융 및 보험업
삼성카드,KRZF029780GF,삼성카드 20260312-263-33,20260312,20261130,KRW,10000000000,222,AAA0(A1),금융 및 보험업
삼성카드,KRZF02978YG3,삼성카드 20260312-263-31,20260312,20261130,KRW,10000000000,222,AAA0(A1),금융 및 보험업
삼성카드,KRZF02978FG3,삼성카드 20260312-173-15,20260312,20260901,KRW,10000000000,132,AAA0(A1),금융 및 보험업
삼성카드,KRZF02978EG3,삼성카드 20260312-173-14,20260312,20260901,KRW,10000000000,132,AAA0(A1),금융 및 보험업
삼성카드,KRZF02978SG3,삼성카드 20260312-173-26,20260312,20260901,KRW,10000000000,132,AAA0(A1),금융 및 보험업
삼성카드,KRZF02978GG3,삼성카드 20260312-173-16,20260312,20260901,KRW,10000000000,132,AAA0(A1),금융 및 보험업
삼성카드,KRZF02978CG3,삼성카드 20260312-173-12,20260312,20260901,KRW,10000000000,132,AAA0(A1),금융 및 보험업
삼성카드,KRZF02978AGF,삼성카드 20260312-263-43,20260312,20261130,KRW,10000000000,222,AAA0(A1),금융 및 보험업
삼성카드,KRZF02978ZG3,삼성카드 20260312-263-32,20260312,20261130,KRW,10000000000,222,AAA0(A1),금융 및 보험업
삼성카드,KRZF02978WG3,삼성카드 20260312-173-29,20260312,20260901,KRW,2500000000,132,AAA0(A1),금융 및 보험업
삼성카드,KRZF02978CGF,삼성카드 20260312-263-45,20260312,20261130,KRW,10000000000,222,AAA0(A1),금융 및 보험업
삼성카드,KRZF02978BGF,삼성카드 20260312-263-44,20260312,20261130,KRW,10000000000,222,AAA0(A1),금융 및 보험업
삼성카드,KRZF029788GF,삼성카드 20260312-263-41,20260312,20261130,KRW,10000000000,222,AAA0(A1),금융 및 보험업
삼성카드,KRZF02978VG3,삼성카드 20260312-173-28,20260312,20260901,KRW,10000000000,132,AAA0(A1),금융 및 보험업
삼성카드,KRZF02978RG3,삼성카드 20260312-173-25,20260312,20260901,KRW,10000000000,132,AAA0(A1),금융 및 보험업
삼성카드,KRZF02978EGF,삼성카드 20260312-263-47,20260312,20261130,KRW,10000000000,222,AAA0(A1),금융 및 보험업
삼성카드,KRZF029782GF,삼성카드 20260312-263-35,20260312,20261130,KRW,10000000000,222,AAA0(A1),금융 및 보험업
삼성카드,KRZF02978NG3,삼성카드 20260312-173-22,20260312,20260901,KRW,10000000000,132,AAA0(A1),금융 및 보험업
삼성카드,KRZF02978LG3,삼성카드 20260312-173-20,20260312,20260901,KRW,10000000000,132,AAA0(A1),금융 및 보험업
삼성카드,KRZF02978HGF,삼성카드 20260312-263-50,20260312,20261130,KRW,4500000000,222,AAA0(A1),금융 및 보험업
삼성카드,KRZF02978DGF,삼성카드 20260312-263-46,20260312,20261130,KRW,10000000000,222,AAA0(A1),금융 및 보험업
삼성카드,KRZF029789GF,삼성카드 20260312-263-42,20260312,20261130,KRW,10000000000,222,AAA0(A1),금융 및 보험업
삼성카드,KRZF029787GF,삼성카드 20260312-263-40,20260312,20261130,KRW,10000000000,222,AAA0(A1),금융 및 보험업
삼성카드,KRZF02978GGF,삼성카드 20260312-263-49,20260312,20261130,KRW,10000000000,222,AAA0(A1),금융 및 보험업
삼성카드,KRZF029785GF,삼성카드 20260312-263-38,20260312,20261130,KRW,10000000000,222,AAA0(A1),금융 및 보험업
삼성카드,KRZF02978PG3,삼성카드 20260312-173-23,20260312,20260901,KRW,10000000000,132,AAA0(A1),금융 및 보험업
삼성카드,KRZF02978QG3,삼성카드 20260312-173-24,20260312,20260901,KRW,10000000000,132,AAA0(A1),금융 및 보험업
삼성카드,KRZF02978FGF,삼성카드 20260312-263-48,20260312,20261130,KRW,10000000000,222,AAA0(A1),금융 및 보험업
삼성카드,KRZF029786GF,삼성카드 20260312-263-39,20260312,20261130,KRW,10000000000,222,AAA0(A1),금융 및 보험업
삼성카드,KRZF029783GF,삼성카드 20260312-263-36,20260312,20261130,KRW,10000000000,222,AAA0(A1),금융 및 보험업
삼성카드,KRZF02978XG3,삼성카드 20260312-263-30,20260312,20261130,KRW,10000000000,222,AAA0(A1),금융 및 보험업
삼성카드,KRZF02978TG3,삼성카드 20260312-173-27,20260312,20260901,KRW,10000000000,132,AAA0(A1),금융 및 보험업
삼성카드,KRZF02978JG3,삼성카드 20260312-173-18,20260312,20260901,KRW,10000000000,132,AAA0(A1),금융 및 보험업
삼성카드,KRZF02978HG3,삼성카드 20260312-173-17,20260312,20260901,KRW,10000000000,132,AAA0(A1),금융 및 보험업
삼성카드,KRZF02978AG3,삼성카드 20260312-173-10,20260312,20260901,KRW,10000000000,132,AAA0(A1),금융 및 보험업
신한카드,KRZF03271BGF,신한카드 20260312-202-44,20260312,20260930,KRW,5000000000,161,AAA0(A1),금융 및 보험업
신한카드,KRZF03271JGF,신한카드 20260312-202-51,20260312,20260930,KRW,5000000000,161,AAA0(A1),금융 및 보험업
신한카드,KRZF032718GF,신한카드 20260312-202-41,20260312,20260930,KRW,5000000000,161,AAA0(A1),금융 및 보험업
신한카드,KRZF03271TGF,신한카드 20260312-202-60,20260312,20260930,KRW,5000000000,161,AAA0(A1),금융 및 보험업
신한카드,KRZF03271RGF,신한카드 20260312-202-58,20260312,20260930,KRW,5000000000,161,AAA0(A1),금융 및 보험업
신한카드,KRZF03271QGF,신한카드 20260312-202-57,20260312,20260930,KRW,5000000000,161,AAA0(A1),금융 및 보험업
신한카드,KRZF03271LGF,신한카드 20260312-202-53,20260312,20260930,KRW,5000000000,161,AAA0(A1),금융 및 보험업
신한카드,KRZF03271KGF,신한카드 20260312-202-52,20260312,20260930,KRW,5000000000,161,AAA0(A1),금융 및 보험업
신한카드,KRZF03271FGF,신한카드 20260312-202-48,20260312,20260930,KRW,5000000000,161,AAA0(A1),금융 및 보험업
신한카드,KRZF03271GGF,신한카드 20260312-202-49,20260312,20260930,KRW,5000000000,161,AAA0(A1),금융 및 보험업
신한카드,KRZF03271PGF,신한카드 20260312-202-56,20260312,20260930,KRW,5000000000,161,AAA0(A1),금융 및 보험업
신한카드,KRZF03271CGF,신한카드 20260312-202-45,20260312,20260930,KRW,5000000000,161,AAA0(A1),금융 및 보험업
신한카드,KRZF03271EGF,신한카드 20260312-202-47,20260312,20260930,KRW,5000000000,161,AAA0(A1),금융 및 보험업
신한카드,KRZF03271AGF,신한카드 20260312-202-43,20260312,20260930,KRW,5000000000,161,AAA0(A1),금융 및 보험업
신한카드,KRZF03271SGF,신한카드 20260312-202-59,20260312,20260930,KRW,5000000000,161,AAA0(A1),금융 및 보험업
신한카드,KRZF03271DGF,신한카드 20260312-202-46,20260312,20260930,KRW,5000000000,161,AAA0(A1),금융 및 보험업
신한카드,KRZF03271NGF,신한카드 20260312-202-55,20260312,20260930,KRW,5000000000,161,AAA0(A1),금융 및 보험업
신한카드,KRZF032719GF,신한카드 20260312-202-42,20260312,20260930,KRW,5000000000,161,AAA0(A1),금융 및 보험업
신한카드,KRZF03271MGF,신한카드 20260312-202-54,20260312,20260930,KRW,5000000000,161,AAA0(A1),금융 및 보험업
신한카드,KRZF03271HGF,신한카드 20260312-202-50,20260312,20260930,KRW,5000000000,161,AAA0(A1),금융 및 보험업
신한투자증권,KRZF00867WG3,신한투자증권 20260312-363-29,20260312,20270310,KRW,10000000000,322,AAA0(A1),금융 및 보험업
신한투자증권,KRZF00867TGF,신한투자증권 20260312-323-60,20260312,20270129,KRW,1000000000,282,AAA0(A1),금융 및 보험업
신한투자증권,KRZF008674GF,신한투자증권 20260312-363-37,20260312,20270310,KRW,4000000000,322,AAA0(A1),금융 및 보험업
신한투자증권,KRZF00867XGF,신한투자증권 20260312-323-63,20260312,20270129,KRW,1000000000,282,AAA0(A1),금융 및 보험업
신한투자증권,KRZF00867QGF,신한투자증권 20260312-363-57,20260312,20270310,KRW,10000000000,322,AAA0(A1),금융 및 보험업
신한투자증권,KRZF00867KGF,신한투자증권 20260312-363-52,20260312,20270310,KRW,10000000000,322,AAA0(A1),금융 및 보험업
신한투자증권,KRZF008679GF,신한투자증권 20260312-363-42,20260312,20270310,KRW,10000000000,322,AAA0(A1),금융 및 보험업
신한투자증권,KRZF008675GF,신한투자증권 20260312-363-38,20260312,20270310,KRW,10000000000,322,AAA0(A1),금융 및 보험업
신한투자증권,KRZF00867ZG3,신한투자증권 20260312-363-32,20260312,20270310,KRW,10000000000,322,AAA0(A1),금융 및 보험업
신한투자증권,KRZF00867RGF,신한투자증권 20260312-363-58,20260312,20270310,KRW,5000000000,322,AAA0(A1),금융 및 보험업
신한투자증권,KRZF00867CGF,신한투자증권 20260312-363-45,20260312,20270310,KRW,10000000000,322,AAA0(A1),금융 및 보험업
신한투자증권,KRZF00867SGF,신한투자증권 20260312-323-59,20260312,20270129,KRW,5000000000,282,AAA0(A1),금융 및 보험업
신한투자증권,KRZF008671GF,신한투자증권 20260312-363-34,20260312,20270310,KRW,10000000000,322,AAA0(A1),금융 및 보험업
신한투자증권,KRZF00867XG3,신한투자증권 20260312-363-30,20260312,20270310,KRW,10000000000,322,AAA0(A1),금융 및 보험업
신한투자증권,KRZF008677GF,신한투자증권 20260312-363-40,20260312,20270310,KRW,10000000000,322,AAA0(A1),금융 및 보험업
신한투자증권,KRZF008678GF,신한투자증권 20260312-363-41,20260312,20270310,KRW,10000000000,322,AAA0(A1),금융 및 보험업
신한투자증권,KRZF008673GF,신한투자증권 20260312-363-36,20260312,20270310,KRW,10000000000,322,AAA0(A1),금융 및 보험업
신한투자증권,KRZF00867VGF,신한투자증권 20260312-323-61,20260312,20270129,KRW,1000000000,282,AAA0(A1),금융 및 보험업
신한투자증권,KRZF00867NGF,신한투자증권 20260312-363-55,20260312,20270310,KRW,10000000000,322,AAA0(A1),금융 및 보험업
신한투자증권,KRZF00867LGF,신한투자증권 20260312-363-53,20260312,20270310,KRW,10000000000,322,AAA0(A1),금융 및 보험업
신한투자증권,KRZF00867FGF,신한투자증권 20260312-363-48,20260312,20270310,KRW,10000000000,322,AAA0(A1),금융 및 보험업
신한투자증권,KRZF00867BGF,신한투자증권 20260312-363-44,20260312,20270310,KRW,10000000000,322,AAA0(A1),금융 및 보험업
신한투자증권,KRZF00867AGF,신한투자증권 20260312-363-43,20260312,20270310,KRW,10000000000,322,AAA0(A1),금융 및 보험업
신한투자증권,KRZF008676GF,신한투자증권 20260312-363-39,20260312,20270310,KRW,10000000000,322,AAA0(A1),금융 및 보험업
신한투자증권,KRZF00867DGF,신한투자증권 20260312-363-46,20260312,20270310,KRW,10000000000,322,AAA0(A1),금융 및 보험업
신한투자증권,KRZF008670GF,신한투자증권 20260312-363-33,20260312,20270310,KRW,10000000000,322,AAA0(A1),금융 및 보험업
신한투자증권,KRZF00867YG3,신한투자증권 20260312-363-31,20260312,20270310,KRW,10000000000,322,AAA0(A1),금융 및 보험업
신한투자증권,KRZF00867VG3,신한투자증권 20260312-363-28,20260312,20270310,KRW,10000000000,322,AAA0(A1),금융 및 보험업
신한투자증권,KRZF00867TG3,신한투자증권 20260312-363-27,20260312,20270310,KRW,10000000000,322,AAA0(A1),금융 및 보험업
신한투자증권,KRZF00867PGF,신한투자증권 20260312-363-56,20260312,20270310,KRW,10000000000,322,AAA0(A1),금융 및 보험업
신한투자증권,KRZF00867HGF,신한투자증권 20260312-363-50,20260312,20270310,KRW,10000000000,322,AAA0(A1),금융 및 보험업
신한투자증권,KRZF00867GGF,신한투자증권 20260312-363-49,20260312,20270310,KRW,10000000000,322,AAA0(A1),금융 및 보험업
신한투자증권,KRZF008672GF,신한투자증권 20260312-363-35,20260312,20270310,KRW,10000000000,322,AAA0(A1),금융 및 보험업
신한투자증권,KRZF00867WGF,신한투자증권 20260312-323-62,20260312,20270129,KRW,1000000000,282,AAA0(A1),금융 및 보험업
신한투자증권,KRZF00867MGF,신한투자증권 20260312-363-54,20260312,20270310,KRW,10000000000,322,AAA0(A1),금융 및 보험업
신한투자증권,KRZF00867JGF,신한투자증권 20260312-363-51,20260312,20270310,KRW,10000000000,322,AAA0(A1),금융 및 보험업
신한투자증권,KRZF00867EGF,신한투자증권 20260312-363-47,20260312,20270310,KRW,10000000000,322,AAA0(A1),금융 및 보험업
씨제이씨지브이,KRZF079164G3,씨제이씨지브이 20260312-49-4,20260312,20260430,KRW,100000000000,8,AA-(A2-),정보통신업
씨제이씨지브이,KRZF079165G3,씨제이씨지브이 20260312-49-5,20260312,20260430,KRW,100000000000,8,AA-(A2-),정보통신업
아이엠증권,KRZF03001EG3,아이엠증권 20260312-190-14,20260312,20260918,KRW,5000000000,149,AAA0(A1),금융 및 보험업
아이엠증권,KRZF03001JG3,아이엠증권 20260312-190-18,20260312,20260918,KRW,5000000000,149,AAA0(A1),금융 및 보험업
아이엠증권,KRZF03001DG3,아이엠증권 20260312-190-13,20260312,20260918,KRW,5000000000,149,AAA0(A1),금융 및 보험업
아이엠증권,KRZF03001NG3,아이엠증권 20260312-190-22,20260312,20260918,KRW,5000000000,149,AAA0(A1),금융 및 보험업
아이엠증권,KRZF03001LG3,아이엠증권 20260312-190-20,20260312,20260918,KRW,5000000000,149,AAA0(A1),금융 및 보험업
아이엠증권,KRZF03001FG3,아이엠증권 20260312-190-15,20260312,20260918,KRW,5000000000,149,AAA0(A1),금융 및 보험업
아이엠증권,KRZF03001MG3,아이엠증권 20260312-190-21,20260312,20260918,KRW,5000000000,149,AAA0(A1),금융 및 보험업
아이엠증권,KRZF03001GG3,아이엠증권 20260312-190-16,20260312,20260918,KRW,5000000000,149,AAA0(A1),금융 및 보험업
아이엠증권,KRZF03001KG3,아이엠증권 20260312-190-19,20260312,20260918,KRW,5000000000,149,AAA0(A1),금융 및 보험업
아이엠증권,KRZF03001HG3,아이엠증권 20260312-190-17,20260312,20260918,KRW,5000000000,149,AAA0(A1),금융 및 보험업
연합자산관리,KRZF131799G3,연합자산관리 20260312-134-9,20260312,20260724,KRW,5000000000,93,AAA0(A1),금융 및 보험업
연합자산관리,KRZF131791G3,연합자산관리 20260312-134-1,20260312,20260724,KRW,5000000000,93,AAA0(A1),금융 및 보험업
연합자산관리,KRZF13179DG3,연합자산관리 20260312-155-13,20260312,20260814,KRW,5000000000,114,AAA0(A1),금융 및 보험업
연합자산관리,KRZF13179LG3,연합자산관리 20260312-155-20,20260312,20260814,KRW,5000000000,114,AAA0(A1),금융 및 보험업
연합자산관리,KRZF13179JG3,연합자산관리 20260312-155-18,20260312,20260814,KRW,5000000000,114,AAA0(A1),금융 및 보험업
연합자산관리,KRZF13179EG3,연합자산관리 20260312-155-14,20260312,20260814,KRW,5000000000,114,AAA0(A1),금융 및 보험업
연합자산관리,KRZF13179PG3,연합자산관리 20260312-141-23,20260312,20260731,KRW,5000000000,100,AAA0(A1),금융 및 보험업
연합자산관리,KRZF13179GG3,연합자산관리 20260312-155-16,20260312,20260814,KRW,5000000000,114,AAA0(A1),금융 및 보험업
연합자산관리,KRZF13179BG3,연합자산관리 20260312-134-11,20260312,20260724,KRW,5000000000,93,AAA0(A1),금융 및 보험업
연합자산관리,KRZF131796G3,연합자산관리 20260312-134-6,20260312,20260724,KRW,5000000000,93,AAA0(A1),금융 및 보험업
연합자산관리,KRZF131792G3,연합자산관리 20260312-134-2,20260312,20260724,KRW,5000000000,93,AAA0(A1),금융 및 보험업
연합자산관리,KRZF13179SG3,연합자산관리 20260312-141-26,20260312,20260731,KRW,5000000000,100,AAA0(A1),금융 및 보험업
연합자산관리,KRZF13179KG3,연합자산관리 20260312-155-19,20260312,20260814,KRW,5000000000,114,AAA0(A1),금융 및 보험업
연합자산관리,KRZF131794G3,연합자산관리 20260312-134-4,20260312,20260724,KRW,5000000000,93,AAA0(A1),금융 및 보험업
연합자산관리,KRZF131793G3,연합자산관리 20260312-134-3,20260312,20260724,KRW,5000000000,93,AAA0(A1),금융 및 보험업
연합자산관리,KRZF13179MG3,연합자산관리 20260312-141-21,20260312,20260731,KRW,5000000000,100,AAA0(A1),금융 및 보험업
연합자산관리,KRZF13179CG3,연합자산관리 20260312-134-12,20260312,20260724,KRW,5000000000,93,AAA0(A1),금융 및 보험업
연합자산관리,KRZF13179AG3,연합자산관리 20260312-134-10,20260312,20260724,KRW,5000000000,93,AAA0(A1),금융 및 보험업
연합자산관리,KRZF131798G3,연합자산관리 20260312-134-8,20260312,20260724,KRW,5000000000,93,AAA0(A1),금융 및 보험업
연합자산관리,KRZF131797G3,연합자산관리 20260312-134-7,20260312,20260724,KRW,5000000000,93,AAA0(A1),금융 및 보험업
연합자산관리,KRZF131795G3,연합자산관리 20260312-134-5,20260312,20260724,KRW,5000000000,93,AAA0(A1),금융 및 보험업
연합자산관리,KRZF13179RG3,연합자산관리 20260312-141-25,20260312,20260731,KRW,5000000000,100,AAA0(A1),금융 및 보험업
연합자산관리,KRZF13179QG3,연합자산관리 20260312-141-24,20260312,20260731,KRW,5000000000,100,AAA0(A1),금융 및 보험업
연합자산관리,KRZF13179NG3,연합자산관리 20260312-141-22,20260312,20260731,KRW,5000000000,100,AAA0(A1),금융 및 보험업
연합자산관리,KRZF13179HG3,연합자산관리 20260312-155-17,20260312,20260814,KRW,5000000000,114,AAA0(A1),금융 및 보험업
연합자산관리,KRZF13179FG3,연합자산관리 20260312-155-15,20260312,20260814,KRW,5000000000,114,AAA0(A1),금융 및 보험업
제이비우리캐피탈,KRZF079315G3,제이비우리캐피탈 20260312-32-5,20260312,20260413,KRW,5000000000,-9,AAA0(A1),금융 및 보험업
제이비우리캐피탈,KRZF079314G3,제이비우리캐피탈 20260312-32-4,20260312,20260413,KRW,5000000000,-9,AAA0(A1),금융 및 보험업
제이비우리캐피탈,KRZF079313G3,제이비우리캐피탈 20260312-32-3,20260312,20260413,KRW,5000000000,-9,AAA0(A1),금융 및 보험업
제이비우리캐피탈,KRZF07931FG3,제이비우리캐피탈 20260312-32-15,20260312,20260413,KRW,5000000000,-9,AAA0(A1),금융 및 보험업
제이비우리캐피탈,KRZF07931KG3,제이비우리캐피탈 20260312-32-19,20260312,20260413,KRW,5000000000,-9,AAA0(A1),금융 및 보험업
제이비우리캐피탈,KRZF079312G3,제이비우리캐피탈 20260312-32-2,20260312,20260413,KRW,5000000000,-9,AAA0(A1),금융 및 보험업
제이비우리캐피탈,KRZF079319G3,제이비우리캐피탈 20260312-32-9,20260312,20260413,KRW,5000000000,-9,AAA0(A1),금융 및 보험업
제이비우리캐피탈,KRZF079311G3,제이비우리캐피탈 20260312-32-1,20260312,20260413,KRW,5000000000,-9,AAA0(A1),금융 및 보험업
제이비우리캐피탈,KRZF07931JG3,제이비우리캐피탈 20260312-32-18,20260312,20260413,KRW,5000000000,-9,AAA0(A1),금융 및 보험업
제이비우리캐피탈,KRZF07931AG3,제이비우리캐피탈 20260312-32-10,20260312,20260413,KRW,5000000000,-9,AAA0(A1),금융 및 보험업
제이비우리캐피탈,KRZF07931LG3,제이비우리캐피탈 20260312-32-20,20260312,20260413,KRW,5000000000,-9,AAA0(A1),금융 및 보험업
제이비우리캐피탈,KRZF07931HG3,제이비우리캐피탈 20260312-32-17,20260312,20260413,KRW,5000000000,-9,AAA0(A1),금융 및 보험업
제이비우리캐피탈,KRZF07931GG3,제이비우리캐피탈 20260312-32-16,20260312,20260413,KRW,5000000000,-9,AAA0(A1),금융 및 보험업
제이비우리캐피탈,KRZF07931EG3,제이비우리캐피탈 20260312-32-14,20260312,20260413,KRW,5000000000,-9,AAA0(A1),금융 및 보험업
제이비우리캐피탈,KRZF07931DG3,제이비우리캐피탈 20260312-32-13,20260312,20260413,KRW,5000000000,-9,AAA0(A1),금융 및 보험업
제이비우리캐피탈,KRZF07931BG3,제이비우리캐피탈 20260312-32-11,20260312,20260413,KRW,5000000000,-9,AAA0(A1),금융 및 보험업
제이비우리캐피탈,KRZF079317G3,제이비우리캐피탈 20260312-32-7,20260312,20260413,KRW,5000000000,-9,AAA0(A1),금융 및 보험업
제이비우리캐피탈,KRZF07931CG3,제이비우리캐피탈 20260312-32-12,20260312,20260413,KRW,5000000000,-9,AAA0(A1),금융 및 보험업
제이비우리캐피탈,KRZF079318G3,제이비우리캐피탈 20260312-32-8,20260312,20260413,KRW,5000000000,-9,AAA0(A1),금융 및 보험업
제이비우리캐피탈,KRZF079316G3,제이비우리캐피탈 20260312-32-6,20260312,20260413,KRW,5000000000,-9,AAA0(A1),금융 및 보험업
케이비증권,KRZF003455GF,케이비증권 20260312-328-38,20260312,20270203,KRW,10000000000,287,AAA0(A1),금융 및 보험업
케이비증권,KRZF00345PGF,케이비증권 20260312-328-56,20260312,20270203,KRW,10000000000,287,AAA0(A1),금융 및 보험업
케이비증권,KRZF00345NGF,케이비증권 20260312-328-55,20260312,20270203,KRW,10000000000,287,AAA0(A1),금융 및 보험업
케이비증권,KRZF00345MGF,케이비증권 20260312-328-54,20260312,20270203,KRW,10000000000,287,AAA0(A1),금융 및 보험업
케이비증권,KRZF00345JGF,케이비증권 20260312-328-51,20260312,20270203,KRW,10000000000,287,AAA0(A1),금융 및 보험업
케이비증권,KRZFA03453G3,케이비증권 20260312-363-69,20260312,20270310,KRW,10000000000,322,AAA0(A1),금융 및 보험업
케이비증권,KRZF00345YGF,케이비증권 20260312-363-64,20260312,20270310,KRW,10000000000,322,AAA0(A1),금융 및 보험업
케이비증권,KRZF00345XGF,케이비증권 20260312-363-63,20260312,20270310,KRW,10000000000,322,AAA0(A1),금융 및 보험업
케이비증권,KRZF00345KGF,케이비증권 20260312-328-52,20260312,20270203,KRW,10000000000,287,AAA0(A1),금융 및 보험업
케이비증권,KRZF00345BGF,케이비증권 20260312-328-44,20260312,20270203,KRW,10000000000,287,AAA0(A1),금융 및 보험업
케이비증권,KRZFA03454G3,케이비증권 20260312-363-70,20260312,20270310,KRW,10000000000,322,AAA0(A1),금융 및 보험업
케이비증권,KRZF00345QGF,케이비증권 20260312-363-57,20260312,20270310,KRW,10000000000,322,AAA0(A1),금융 및 보험업
케이비증권,KRZF00345EGF,케이비증권 20260312-328-47,20260312,20270203,KRW,10000000000,287,AAA0(A1),금융 및 보험업
케이비증권,KRZF003457GF,케이비증권 20260312-328-40,20260312,20270203,KRW,10000000000,287,AAA0(A1),금융 및 보험업
케이비증권,KRZF003454GF,케이비증권 20260312-328-37,20260312,20270203,KRW,10000000000,287,AAA0(A1),금융 및 보험업
케이비증권,KRZFA03456G3,케이비증권 20260312-363-72,20260312,20270310,KRW,10000000000,322,AAA0(A1),금융 및 보험업
케이비증권,KRZFA03452G3,케이비증권 20260312-363-68,20260312,20270310,KRW,10000000000,322,AAA0(A1),금융 및 보험업
케이비증권,KRZF00345VGF,케이비증권 20260312-363-61,20260312,20270310,KRW,10000000000,322,AAA0(A1),금융 및 보험업
케이비증권,KRZF00345HGF,케이비증권 20260312-328-50,20260312,20270203,KRW,10000000000,287,AAA0(A1),금융 및 보험업
케이비증권,KRZF00345AGF,케이비증권 20260312-328-43,20260312,20270203,KRW,10000000000,287,AAA0(A1),금융 및 보험업
케이비증권,KRZF003459GF,케이비증권 20260312-328-42,20260312,20270203,KRW,10000000000,287,AAA0(A1),금융 및 보험업
케이비증권,KRZFA03450G3,케이비증권 20260312-363-66,20260312,20270310,KRW,10000000000,322,AAA0(A1),금융 및 보험업
케이비증권,KRZFA03459G3,케이비증권 20260312-363-75,20260312,20270310,KRW,10000000000,322,AAA0(A1),금융 및 보험업
케이비증권,KRZFA0345AG3,케이비증권 20260312-363-76,20260312,20270310,KRW,10000000000,322,AAA0(A1),금융 및 보험업
케이비증권,KRZFA03455G3,케이비증권 20260312-363-71,20260312,20270310,KRW,10000000000,322,AAA0(A1),금융 및 보험업
케이비증권,KRZF00345LGF,케이비증권 20260312-328-53,20260312,20270203,KRW,10000000000,287,AAA0(A1),금융 및 보험업
케이비증권,KRZF003456GF,케이비증권 20260312-328-39,20260312,20270203,KRW,10000000000,287,AAA0(A1),금융 및 보험업
케이비증권,KRZFA03458G3,케이비증권 20260312-363-74,20260312,20270310,KRW,10000000000,322,AAA0(A1),금융 및 보험업
케이비증권,KRZFA03457G3,케이비증권 20260312-363-73,20260312,20270310,KRW,10000000000,322,AAA0(A1),금융 및 보험업
케이비증권,KRZF00345TGF,케이비증권 20260312-363-60,20260312,20270310,KRW,10000000000,322,AAA0(A1),금융 및 보험업
케이비증권,KRZF00345SGF,케이비증권 20260312-363-59,20260312,20270310,KRW,10000000000,322,AAA0(A1),금융 및 보험업
케이비증권,KRZF00345RGF,케이비증권 20260312-363-58,20260312,20270310,KRW,10000000000,322,AAA0(A1),금융 및 보험업
케이비증권,KRZFA03451G3,케이비증권 20260312-363-67,20260312,20270310,KRW,10000000000,322,AAA0(A1),금융 및 보험업
케이비증권,KRZF00345WGF,케이비증권 20260312-363-62,20260312,20270310,KRW,10000000000,322,AAA0(A1),금융 및 보험업
케이비증권,KRZF00345FGF,케이비증권 20260312-328-48,20260312,20270203,KRW,10000000000,287,AAA0(A1),금융 및 보험업
케이비증권,KRZF00345CGF,케이비증권 20260312-328-45,20260312,20270203,KRW,10000000000,287,AAA0(A1),금융 및 보험업
케이비증권,KRZF003458GF,케이비증권 20260312-328-41,20260312,20270203,KRW,10000000000,287,AAA0(A1),금융 및 보험업
케이비증권,KRZF00345ZGF,케이비증권 20260312-363-65,20260312,20270310,KRW,10000000000,322,AAA0(A1),금융 및 보험업
케이비증권,KRZF00345GGF,케이비증권 20260312-328-49,20260312,20270203,KRW,10000000000,287,AAA0(A1),금융 및 보험업
케이비증권,KRZF00345DGF,케이비증권 20260312-328-46,20260312,20270203,KRW,10000000000,287,AAA0(A1),금융 및 보험업
하나증권,KRZF030757G3,하나증권 20260312-361-7,20260312,20270308,KRW,5000000000,320,AAA0(A1),금융 및 보험업
하나증권,KRZF03075NG3,하나증권 20260312-361-22,20260312,20270308,KRW,5000000000,320,AAA0(A1),금융 및 보험업
하나증권,KRZF03075GG3,하나증권 20260312-361-16,20260312,20270308,KRW,5000000000,320,AAA0(A1),금융 및 보험업
하나증권,KRZF03075CG3,하나증권 20260312-361-12,20260312,20270308,KRW,5000000000,320,AAA0(A1),금융 및 보험업
하나증권,KRZF03075BG3,하나증권 20260312-361-11,20260312,20270308,KRW,5000000000,320,AAA0(A1),금융 및 보험업
하나증권,KRZF03075AG3,하나증권 20260312-361-10,20260312,20270308,KRW,5000000000,320,AAA0(A1),금융 및 보험업
하나증권,KRZF030755G3,하나증권 20260312-361-5,20260312,20270308,KRW,5000000000,320,AAA0(A1),금융 및 보험업
하나증권,KRZF030754G3,하나증권 20260312-361-4,20260312,20270308,KRW,5000000000,320,AAA0(A1),금융 및 보험업
하나증권,KRZF030752G3,하나증권 20260312-361-2,20260312,20270308,KRW,5000000000,320,AAA0(A1),금융 및 보험업
하나증권,KRZF030753GF,하나증권 20260312-361-36,20260312,20270308,KRW,5000000000,320,AAA0(A1),금융 및 보험업
하나증권,KRZF030752GF,하나증권 20260312-361-35,20260312,20270308,KRW,5000000000,320,AAA0(A1),금융 및 보험업
하나증권,KRZF03075KG3,하나증권 20260312-361-19,20260312,20270308,KRW,5000000000,320,AAA0(A1),금융 및 보험업
하나증권,KRZF030750GF,하나증권 20260312-361-33,20260312,20270308,KRW,5000000000,320,AAA0(A1),금융 및 보험업
하나증권,KRZF03075JG3,하나증권 20260312-361-18,20260312,20270308,KRW,5000000000,320,AAA0(A1),금융 및 보험업
하나증권,KRZF030756G3,하나증권 20260312-361-6,20260312,20270308,KRW,5000000000,320,AAA0(A1),금융 및 보험업
하나증권,KRZF030756GF,하나증권 20260312-361-39,20260312,20270308,KRW,5000000000,320,AAA0(A1),금융 및 보험업
하나증권,KRZF03075ZG3,하나증권 20260312-361-32,20260312,20270308,KRW,5000000000,320,AAA0(A1),금융 및 보험업
하나증권,KRZF03075MG3,하나증권 20260312-361-21,20260312,20270308,KRW,5000000000,320,AAA0(A1),금융 및 보험업
하나증권,KRZF03075LG3,하나증권 20260312-361-20,20260312,20270308,KRW,5000000000,320,AAA0(A1),금융 및 보험업
하나증권,KRZF03075FG3,하나증권 20260312-361-15,20260312,20270308,KRW,5000000000,320,AAA0(A1),금융 및 보험업
하나증권,KRZF030757GF,하나증권 20260312-361-40,20260312,20270308,KRW,5000000000,320,AAA0(A1),금융 및 보험업
하나증권,KRZF03075WG3,하나증권 20260312-361-29,20260312,20270308,KRW,5000000000,320,AAA0(A1),금융 및 보험업
하나증권,KRZF03075VG3,하나증권 20260312-361-28,20260312,20270308,KRW,5000000000,320,AAA0(A1),금융 및 보험업
하나증권,KRZF030759G3,하나증권 20260312-361-9,20260312,20270308,KRW,5000000000,320,AAA0(A1),금융 및 보험업
하나증권,KRZF03075YG3,하나증권 20260312-361-31,20260312,20270308,KRW,5000000000,320,AAA0(A1),금융 및 보험업
하나증권,KRZF03075XG3,하나증권 20260312-361-30,20260312,20270308,KRW,5000000000,320,AAA0(A1),금융 및 보험업
하나증권,KRZF03075HG3,하나증권 20260312-361-17,20260312,20270308,KRW,5000000000,320,AAA0(A1),금융 및 보험업
하나증권,KRZF030758G3,하나증권 20260312-361-8,20260312,20270308,KRW,5000000000,320,AAA0(A1),금융 및 보험업
하나증권,KRZF030753G3,하나증권 20260312-361-3,20260312,20270308,KRW,5000000000,320,AAA0(A1),금융 및 보험업
하나증권,KRZF03075TG3,하나증권 20260312-361-27,20260312,20270308,KRW,5000000000,320,AAA0(A1),금융 및 보험업
하나증권,KRZF030758GF,하나증권 20260312-361-41,20260312,20270308,KRW,5000000000,320,AAA0(A1),금융 및 보험업
하나증권,KRZF030751G3,하나증권 20260312-361-1,20260312,20270308,KRW,5000000000,320,AAA0(A1),금융 및 보험업
하나증권,KRZF03075RG3,하나증권 20260312-361-25,20260312,20270308,KRW,5000000000,320,AAA0(A1),금융 및 보험업
하나증권,KRZF03075PG3,하나증권 20260312-361-23,20260312,20270308,KRW,5000000000,320,AAA0(A1),금융 및 보험업
하나증권,KRZF030755GF,하나증권 20260312-361-38,20260312,20270308,KRW,5000000000,320,AAA0(A1),금융 및 보험업
하나증권,KRZF030751GF,하나증권 20260312-361-34,20260312,20270308,KRW,5000000000,320,AAA0(A1),금융 및 보험업
하나증권,KRZF03075SG3,하나증권 20260312-361-26,20260312,20270308,KRW,5000000000,320,AAA0(A1),금융 및 보험업
하나증권,KRZF03075QG3,하나증권 20260312-361-24,20260312,20270308,KRW,5000000000,320,AAA0(A1),금융 및 보험업
하나증권,KRZF03075EG3,하나증권 20260312-361-14,20260312,20270308,KRW,5000000000,320,AAA0(A1),금융 및 보험업
하나증권,KRZF03075DG3,하나증권 20260312-361-13,20260312,20270308,KRW,5000000000,320,AAA0(A1),금융 및 보험업
하나증권,KRZF030754GF,하나증권 20260312-361-37,20260312,20270308,KRW,5000000000,320,AAA0(A1),금융 및 보험업
한국가스공사,KRZF036464G3,한국가스공사 20260312-91-4,20260312,20260611,KRW,10000000000,50,AAA0(A1),"전기, 가스, 증기 및 공기조절 공급업"
한국가스공사,KRZF03646EG3,한국가스공사 20260312-91-14,20260312,20260611,KRW,10000000000,50,AAA0(A1),"전기, 가스, 증기 및 공기조절 공급업"
한국가스공사,KRZF036463G3,한국가스공사 20260312-91-3,20260312,20260611,KRW,10000000000,50,AAA0(A1),"전기, 가스, 증기 및 공기조절 공급업"
한국가스공사,KRZF036467G3,한국가스공사 20260312-91-7,20260312,20260611,KRW,10000000000,50,AAA0(A1),"전기, 가스, 증기 및 공기조절 공급업"
한국가스공사,KRZF03646KG3,한국가스공사 20260312-91-19,20260312,20260611,KRW,10000000000,50,AAA0(A1),"전기, 가스, 증기 및 공기조절 공급업"
한국가스공사,KRZF03646JG3,한국가스공사 20260312-91-18,20260312,20260611,KRW,10000000000,50,AAA0(A1),"전기, 가스, 증기 및 공기조절 공급업"
한국가스공사,KRZF03646DG3,한국가스공사 20260312-91-13,20260312,20260611,KRW,10000000000,50,AAA0(A1),"전기, 가스, 증기 및 공기조절 공급업"
한국가스공사,KRZF03646BG3,한국가스공사 20260312-91-11,20260312,20260611,KRW,10000000000,50,AAA0(A1),"전기, 가스, 증기 및 공기조절 공급업"
한국가스공사,KRZF03646AG3,한국가스공사 20260312-91-10,20260312,20260611,KRW,10000000000,50,AAA0(A1),"전기, 가스, 증기 및 공기조절 공급업"
한국가스공사,KRZF036469G3,한국가스공사 20260312-91-9,20260312,20260611,KRW,10000000000,50,AAA0(A1),"전기, 가스, 증기 및 공기조절 공급업"
한국가스공사,KRZF036466G3,한국가스공사 20260312-91-6,20260312,20260611,KRW,10000000000,50,AAA0(A1),"전기, 가스, 증기 및 공기조절 공급업"
한국가스공사,KRZF03646FG3,한국가스공사 20260312-91-15,20260312,20260611,KRW,10000000000,50,AAA0(A1),"전기, 가스, 증기 및 공기조절 공급업"
한국가스공사,KRZF03646CG3,한국가스공사 20260312-91-12,20260312,20260611,KRW,10000000000,50,AAA0(A1),"전기, 가스, 증기 및 공기조절 공급업"
한국가스공사,KRZF036462G3,한국가스공사 20260312-91-2,20260312,20260611,KRW,10000000000,50,AAA0(A1),"전기, 가스, 증기 및 공기조절 공급업"
한국가스공사,KRZF036461G3,한국가스공사 20260312-91-1,20260312,20260611,KRW,10000000000,50,AAA0(A1),"전기, 가스, 증기 및 공기조절 공급업"
한국가스공사,KRZF03646LG3,한국가스공사 20260312-91-20,20260312,20260611,KRW,10000000000,50,AAA0(A1),"전기, 가스, 증기 및 공기조절 공급업"
한국가스공사,KRZF03646HG3,한국가스공사 20260312-91-17,20260312,20260611,KRW,10000000000,50,AAA0(A1),"전기, 가스, 증기 및 공기조절 공급업"
한국가스공사,KRZF03646GG3,한국가스공사 20260312-91-16,20260312,20260611,KRW,10000000000,50,AAA0(A1),"전기, 가스, 증기 및 공기조절 공급업"
한국가스공사,KRZF036468G3,한국가스공사 20260312-91-8,20260312,20260611,KRW,10000000000,50,AAA0(A1),"전기, 가스, 증기 및 공기조절 공급업"
한국가스공사,KRZF036465G3,한국가스공사 20260312-91-5,20260312,20260611,KRW,10000000000,50,AAA0(A1),"전기, 가스, 증기 및 공기조절 공급업"
한국도로공사,KRZF09692BG3,한국도로공사 20260312-91-11,20260312,20260611,KRW,10000000000,50,AAA0(A1),건설업
한국도로공사,KRZF09692DG3,한국도로공사 20260312-91-13,20260312,20260611,KRW,10000000000,50,AAA0(A1),건설업
한국도로공사,KRZF09692LG3,한국도로공사 20260312-91-20,20260312,20260611,KRW,10000000000,50,AAA0(A1),건설업
한국도로공사,KRZF09692EG3,한국도로공사 20260312-91-14,20260312,20260611,KRW,10000000000,50,AAA0(A1),건설업
한국도로공사,KRZF09692CG3,한국도로공사 20260312-91-12,20260312,20260611,KRW,10000000000,50,AAA0(A1),건설업
한국도로공사,KRZF09692JG3,한국도로공사 20260312-91-18,20260312,20260611,KRW,10000000000,50,AAA0(A1),건설업
한국도로공사,KRZF09692GG3,한국도로공사 20260312-91-16,20260312,20260611,KRW,10000000000,50,AAA0(A1),건설업
한국도로공사,KRZF09692FG3,한국도로공사 20260312-91-15,20260312,20260611,KRW,10000000000,50,AAA0(A1),건설업
한국도로공사,KRZF09692HG3,한국도로공사 20260312-91-17,20260312,20260611,KRW,10000000000,50,AAA0(A1),건설업
한국도로공사,KRZF09692KG3,한국도로공사 20260312-91-19,20260312,20260611,KRW,10000000000,50,AAA0(A1),건설업
한국수자원공사,KRZF262851G3,한국수자원공사 20260312-36-1,20260312,20260417,KRW,10000000000,-5,AAA0(A1),건설업
한국수자원공사,KRZF26285AG3,한국수자원공사 20260312-36-10,20260312,20260417,KRW,10000000000,-5,AAA0(A1),건설업
한국수자원공사,KRZF262857G3,한국수자원공사 20260312-36-7,20260312,20260417,KRW,10000000000,-5,AAA0(A1),건설업
한국수자원공사,KRZF262855G3,한국수자원공사 20260312-36-5,20260312,20260417,KRW,10000000000,-5,AAA0(A1),건설업
한국수자원공사,KRZF262852G3,한국수자원공사 20260312-36-2,20260312,20260417,KRW,10000000000,-5,AAA0(A1),건설업
한국수자원공사,KRZF262858G3,한국수자원공사 20260312-36-8,20260312,20260417,KRW,10000000000,-5,AAA0(A1),건설업
한국수자원공사,KRZF262859G3,한국수자원공사 20260312-36-9,20260312,20260417,KRW,10000000000,-5,AAA0(A1),건설업
한국수자원공사,KRZF262854G3,한국수자원공사 20260312-36-4,20260312,20260417,KRW,10000000000,-5,AAA0(A1),건설업
한국수자원공사,KRZF262856G3,한국수자원공사 20260312-36-6,20260312,20260417,KRW,10000000000,-5,AAA0(A1),건설업
한국수자원공사,KRZF262853G3,한국수자원공사 20260312-36-3,20260312,20260417,KRW,10000000000,-5,AAA0(A1),건설업
한국전력공사,KRZF015760GF,한국전력공사 20260312-92-33,20260312,20260612,KRW,10000000000,51,AAA0(A1),"전기, 가스, 증기 및 공기조절 공급업"
한국전력공사,KRZF01576YG3,한국전력공사 20260312-92-31,20260312,20260612,KRW,10000000000,51,AAA0(A1),"전기, 가스, 증기 및 공기조절 공급업"
한국전력공사,KRZF015767GF,한국전력공사 20260312-92-40,20260312,20260612,KRW,10000000000,51,AAA0(A1),"전기, 가스, 증기 및 공기조절 공급업"
한국전력공사,KRZF015766GF,한국전력공사 20260312-92-39,20260312,20260612,KRW,10000000000,51,AAA0(A1),"전기, 가스, 증기 및 공기조절 공급업"
한국전력공사,KRZF015765GF,한국전력공사 20260312-92-38,20260312,20260612,KRW,10000000000,51,AAA0(A1),"전기, 가스, 증기 및 공기조절 공급업"
한국전력공사,KRZF015761GF,한국전력공사 20260312-92-34,20260312,20260612,KRW,10000000000,51,AAA0(A1),"전기, 가스, 증기 및 공기조절 공급업"
한국전력공사,KRZF015764GF,한국전력공사 20260312-92-37,20260312,20260612,KRW,10000000000,51,AAA0(A1),"전기, 가스, 증기 및 공기조절 공급업"
한국전력공사,KRZF01576ZG3,한국전력공사 20260312-92-32,20260312,20260612,KRW,10000000000,51,AAA0(A1),"전기, 가스, 증기 및 공기조절 공급업"
한국전력공사,KRZF015762GF,한국전력공사 20260312-92-35,20260312,20260612,KRW,10000000000,51,AAA0(A1),"전기, 가스, 증기 및 공기조절 공급업"
한국전력공사,KRZF015763GF,한국전력공사 20260312-92-36,20260312,20260612,KRW,10000000000,51,AAA0(A1),"전기, 가스, 증기 및 공기조절 공급업"
한국토지주택공사,KRZFB1760RG3,한국토지주택공사 20260312-92-91,20260312,20260612,KRW,10000000000,51,AAA0(A1),건설업
한국토지주택공사,KRZFB17606GF,한국토지주택공사 20260312-92-105,20260312,20260612,KRW,10000000000,51,AAA0(A1),건설업
한국토지주택공사,KRZFB17605GF,한국토지주택공사 20260312-92-104,20260312,20260612,KRW,10000000000,51,AAA0(A1),건설업
한국토지주택공사,KRZFB1760BGF,한국토지주택공사 20260312-92-110,20260312,20260612,KRW,10000000000,51,AAA0(A1),건설업
한국토지주택공사,KRZFB17609GF,한국토지주택공사 20260312-92-108,20260312,20260612,KRW,10000000000,51,AAA0(A1),건설업
한국토지주택공사,KRZFB17607GF,한국토지주택공사 20260312-92-106,20260312,20260612,KRW,10000000000,51,AAA0(A1),건설업
한국토지주택공사,KRZFB1760WG3,한국토지주택공사 20260312-92-95,20260312,20260612,KRW,10000000000,51,AAA0(A1),건설업
한국토지주택공사,KRZFB17608GF,한국토지주택공사 20260312-92-107,20260312,20260612,KRW,10000000000,51,AAA0(A1),건설업
한국토지주택공사,KRZFB1760ZG3,한국토지주택공사 20260312-92-98,20260312,20260612,KRW,10000000000,51,AAA0(A1),건설업
한국토지주택공사,KRZFB1760XG3,한국토지주택공사 20260312-92-96,20260312,20260612,KRW,10000000000,51,AAA0(A1),건설업
한국토지주택공사,KRZFB1760TG3,한국토지주택공사 20260312-92-93,20260312,20260612,KRW,10000000000,51,AAA0(A1),건설업
한국토지주택공사,KRZFB17604GF,한국토지주택공사 20260312-92-103,20260312,20260612,KRW,10000000000,51,AAA0(A1),건설업
한국토지주택공사,KRZFB17602GF,한국토지주택공사 20260312-92-101,20260312,20260612,KRW,10000000000,51,AAA0(A1),건설업
한국토지주택공사,KRZFB1760VG3,한국토지주택공사 20260312-92-94,20260312,20260612,KRW,10000000000,51,AAA0(A1),건설업
한국토지주택공사,KRZFB17600GF,한국토지주택공사 20260312-92-99,20260312,20260612,KRW,10000000000,51,AAA0(A1),건설업
한국토지주택공사,KRZFB1760YG3,한국토지주택공사 20260312-92-97,20260312,20260612,KRW,10000000000,51,AAA0(A1),건설업
한국토지주택공사,KRZFB1760SG3,한국토지주택공사 20260312-92-92,20260312,20260612,KRW,10000000000,51,AAA0(A1),건설업
한국토지주택공사,KRZFB1760AGF,한국토지주택공사 20260312-92-109,20260312,20260612,KRW,10000000000,51,AAA0(A1),건설업
한국토지주택공사,KRZFB17603GF,한국토지주택공사 20260312-92-102,20260312,20260612,KRW,10000000000,51,AAA0(A1),건설업
한국토지주택공사,KRZFB17601GF,한국토지주택공사 20260312-92-100,20260312,20260612,KRW,10000000000,51,AAA0(A1),건설업
한국투자금융지주,KRZF07105DGF,한국투자금융지주 20260312-251-46,20260312,20261118,KRW,5000000000,210,AAA0(A1),금융 및 보험업
한국투자금융지주,KRZF07105EGF,한국투자금융지주 20260312-251-47,20260312,20261118,KRW,5000000000,210,AAA0(A1),금융 및 보험업
한국투자금융지주,KRZF07105BGF,한국투자금융지주 20260312-251-44,20260312,20261118,KRW,5000000000,210,AAA0(A1),금융 및 보험업
한국투자금융지주,KRZF07105FGF,한국투자금융지주 20260312-258-48,20260312,20261125,KRW,5000000000,217,AAA0(A1),금융 및 보험업
한국투자금융지주,KRZF07105CGF,한국투자금융지주 20260312-251-45,20260312,20261118,KRW,5000000000,210,AAA0(A1),금융 및 보험업
한국투자금융지주,KRZF07105HGF,한국투자금융지주 20260312-258-50,20260312,20261125,KRW,5000000000,217,AAA0(A1),금융 및 보험업
한국투자금융지주,KRZF07105GGF,한국투자금융지주 20260312-258-49,20260312,20261125,KRW,5000000000,217,AAA0(A1),금융 및 보험업
한국투자증권,KRZF03049QG3,한국투자증권 20260312-328-24,20260312,20270203,KRW,10000000000,287,AAA0(A1),금융 및 보험업
한국투자증권,KRZF03049AGF,한국투자증권 20260312-328-43,20260312,20270203,KRW,10000000000,287,AAA0(A1),금융 및 보험업
한국투자증권,KRZF030495GF,한국투자증권 20260312-328-38,20260312,20270203,KRW,10000000000,287,AAA0(A1),금융 및 보험업
한국투자증권,KRZF030492GF,한국투자증권 20260312-328-35,20260312,20270203,KRW,10000000000,287,AAA0(A1),금융 및 보험업
한국투자증권,KRZF030491GF,한국투자증권 20260312-328-34,20260312,20270203,KRW,10000000000,287,AAA0(A1),금융 및 보험업
한국투자증권,KRZF03049ZG3,한국투자증권 20260312-328-32,20260312,20270203,KRW,10000000000,287,AAA0(A1),금융 및 보험업
한국투자증권,KRZF030494GF,한국투자증권 20260312-328-37,20260312,20270203,KRW,10000000000,287,AAA0(A1),금융 및 보험업
한국투자증권,KRZF030493GF,한국투자증권 20260312-328-36,20260312,20270203,KRW,10000000000,287,AAA0(A1),금융 및 보험업
한국투자증권,KRZF03049FGF,한국투자증권 20260312-328-48,20260312,20270203,KRW,10000000000,287,AAA0(A1),금융 및 보험업
한국투자증권,KRZF030499GF,한국투자증권 20260312-328-42,20260312,20270203,KRW,10000000000,287,AAA0(A1),금융 및 보험업
한국투자증권,KRZF03049XG3,한국투자증권 20260312-328-30,20260312,20270203,KRW,10000000000,287,AAA0(A1),금융 및 보험업
한국투자증권,KRZF03049VG3,한국투자증권 20260312-328-28,20260312,20270203,KRW,10000000000,287,AAA0(A1),금융 및 보험업
한국투자증권,KRZF03049RG3,한국투자증권 20260312-328-25,20260312,20270203,KRW,10000000000,287,AAA0(A1),금융 및 보험업
한국투자증권,KRZF03049MG3,한국투자증권 20260312-328-21,20260312,20270203,KRW,10000000000,287,AAA0(A1),금융 및 보험업
한국투자증권,KRZF03049DGF,한국투자증권 20260312-328-46,20260312,20270203,KRW,10000000000,287,AAA0(A1),금융 및 보험업
한국투자증권,KRZF030496GF,한국투자증권 20260312-328-39,20260312,20270203,KRW,10000000000,287,AAA0(A1),금융 및 보험업
한국투자증권,KRZF03049WG3,한국투자증권 20260312-328-29,20260312,20270203,KRW,10000000000,287,AAA0(A1),금융 및 보험업
한국투자증권,KRZF03049PG3,한국투자증권 20260312-328-23,20260312,20270203,KRW,10000000000,287,AAA0(A1),금융 및 보험업
한국투자증권,KRZF03049YG3,한국투자증권 20260312-328-31,20260312,20270203,KRW,10000000000,287,AAA0(A1),금융 및 보험업
한국투자증권,KRZF03049CGF,한국투자증권 20260312-328-45,20260312,20270203,KRW,10000000000,287,AAA0(A1),금융 및 보험업
한국투자증권,KRZF030497GF,한국투자증권 20260312-328-40,20260312,20270203,KRW,10000000000,287,AAA0(A1),금융 및 보험업
한국투자증권,KRZF030490GF,한국투자증권 20260312-328-33,20260312,20270203,KRW,10000000000,287,AAA0(A1),금융 및 보험업
한국투자증권,KRZF03049TG3,한국투자증권 20260312-328-27,20260312,20270203,KRW,10000000000,287,AAA0(A1),금융 및 보험업
한국투자증권,KRZF03049SG3,한국투자증권 20260312-328-26,20260312,20270203,KRW,10000000000,287,AAA0(A1),금융 및 보험업
한국투자증권,KRZF03049NG3,한국투자증권 20260312-328-22,20260312,20270203,KRW,10000000000,287,AAA0(A1),금융 및 보험업
한국투자증권,KRZF03049HGF,한국투자증권 20260312-328-50,20260312,20270203,KRW,10000000000,287,AAA0(A1),금융 및 보험업
한국투자증권,KRZF03049GGF,한국투자증권 20260312-328-49,20260312,20270203,KRW,10000000000,287,AAA0(A1),금융 및 보험업
한국투자증권,KRZF03049EGF,한국투자증권 20260312-328-47,20260312,20270203,KRW,10000000000,287,AAA0(A1),금융 및 보험업
한국투자증권,KRZF03049BGF,한국투자증권 20260312-328-44,20260312,20270203,KRW,10000000000,287,AAA0(A1),금융 및 보험업
한국투자증권,KRZF030498GF,한국투자증권 20260312-328-41,20260312,20270203,KRW,10000000000,287,AAA0(A1),금융 및 보험업
현대커머셜,KRZF095921G3,현대커머셜 20260312-92-1,20260312,20260612,KRW,5000000000,51,AAA0(A1),금융 및 보험업
현대커머셜,KRZF095927G3,현대커머셜 20260312-92-7,20260312,20260612,KRW,5000000000,51,AAA0(A1),금융 및 보험업
현대커머셜,KRZF095922G3,현대커머셜 20260312-92-2,20260312,20260612,KRW,5000000000,51,AAA0(A1),금융 및 보험업
현대커머셜,KRZF095924G3,현대커머셜 20260312-92-4,20260312,20260612,KRW,5000000000,51,AAA0(A1),금융 및 보험업
현대커머셜,KRZF095926G3,현대커머셜 20260312-92-6,20260312,20260612,KRW,5000000000,51,AAA0(A1),금융 및 보험업
현대커머셜,KRZF095925G3,현대커머셜 20260312-92-5,20260312,20260612,KRW,5000000000,51,AAA0(A1),금융 및 보험업
현대커머셜,KRZF095928G3,현대커머셜 20260312-92-8,20260312,20260612,KRW,5000000000,51,AAA0(A1),금융 및 보험업
현대커머셜,KRZF095923G3,현대커머셜 20260312-92-3,20260312,20260612,KRW,5000000000,51,AAA0(A1),금융 및 보험업
SK,KRZF03473JG3,SK 20260311-92-18,20260311,20260611,KRW,5000000000,50,AAA0(A1),금융 및 보험업
SK,KRZF03473GG3,SK 20260311-92-16,20260311,20260611,KRW,5000000000,50,AAA0(A1),금융 및 보험업
SK,KRZF03473EG3,SK 20260311-92-14,20260311,20260611,KRW,5000000000,50,AAA0(A1),금융 및 보험업
SK,KRZF034734G3,SK 20260311-92-4,20260311,20260611,KRW,5000000000,50,AAA0(A1),금융 및 보험업
SK,KRZF034733G3,SK 20260311-92-3,20260311,20260611,KRW,5000000000,50,AAA0(A1),금융 및 보험업
SK,KRZF03473KG3,SK 20260311-92-19,20260311,20260611,KRW,5000000000,50,AAA0(A1),금융 및 보험업
SK,KRZF03473CG3,SK 20260311-92-12,20260311,20260611,KRW,5000000000,50,AAA0(A1),금융 및 보험업
SK,KRZF03473HG3,SK 20260311-92-17,20260311,20260611,KRW,5000000000,50,AAA0(A1),금융 및 보험업
SK,KRZF03473BG3,SK 20260311-92-11,20260311,20260611,KRW,5000000000,50,AAA0(A1),금융 및 보험업
SK,KRZF034738G3,SK 20260311-92-8,20260311,20260611,KRW,5000000000,50,AAA0(A1),금융 및 보험업
SK,KRZF034735G3,SK 20260311-92-5,20260311,20260611,KRW,5000000000,50,AAA0(A1),금융 및 보험업
SK,KRZF03473DG3,SK 20260311-92-13,20260311,20260611,KRW,5000000000,50,AAA0(A1),금융 및 보험업
SK,KRZF034737G3,SK 20260311-92-7,20260311,20260611,KRW,5000000000,50,AAA0(A1),금융 및 보험업
SK,KRZF03473LG3,SK 20260311-92-20,20260311,20260611,KRW,5000000000,50,AAA0(A1),금융 및 보험업
SK,KRZF03473AG3,SK 20260311-92-10,20260311,20260611,KRW,5000000000,50,AAA0(A1),금융 및 보험업
SK,KRZF034736G3,SK 20260311-92-6,20260311,20260611,KRW,5000000000,50,AAA0(A1),금융 및 보험업
SK,KRZF034731G3,SK 20260311-92-1,20260311,20260611,KRW,5000000000,50,AAA0(A1),금융 및 보험업
SK,KRZF03473FG3,SK 20260311-92-15,20260311,20260611,KRW,5000000000,50,AAA0(A1),금융 및 보험업
SK,KRZF034739G3,SK 20260311-92-9,20260311,20260611,KRW,5000000000,50,AAA0(A1),금융 및 보험업
SK,KRZF034732G3,SK 20260311-92-2,20260311,20260611,KRW,5000000000,50,AAA0(A1),금융 및 보험업
농심태경,KRZF035371G3,농심태경 20260311-92-1,20260311,20260611,KRW,5000000000,50,AAA0(A1),제조업
농심태경,KRZF035373G3,농심태경 20260311-92-3,20260311,20260611,KRW,5000000000,50,AAA0(A1),제조업
농심태경,KRZF035379G3,농심태경 20260311-92-9,20260311,20260611,KRW,5000000000,50,AAA0(A1),제조업
농심태경,KRZF035378G3,농심태경 20260311-92-8,20260311,20260611,KRW,5000000000,50,AAA0(A1),제조업
농심태경,KRZF035372G3,농심태경 20260311-92-2,20260311,20260611,KRW,5000000000,50,AAA0(A1),제조업
농심태경,KRZF035375G3,농심태경 20260311-92-5,20260311,20260611,KRW,5000000000,50,AAA0(A1),제조업
농심태경,KRZF035377G3,농심태경 20260311-92-7,20260311,20260611,KRW,5000000000,50,AAA0(A1),제조업
농심태경,KRZF035376G3,농심태경 20260311-92-6,20260311,20260611,KRW,5000000000,50,AAA0(A1),제조업
농심태경,KRZF03537AG3,농심태경 20260311-92-10,20260311,20260611,KRW,5000000000,50,AAA0(A1),제조업
농심태경,KRZF035374G3,농심태경 20260311-92-4,20260311,20260611,KRW,5000000000,50,AAA0(A1),제조업
동화기업,KRZF025903G3,동화기업 20260311-364-3,20260311,20270310,KRW,10000000000,322,A+(A3+),제조업
동화기업,KRZF025904G3,동화기업 20260311-364-4,20260311,20270310,KRW,10000000000,322,A+(A3+),제조업
동화기업,KRZF025902G3,동화기업 20260311-364-2,20260311,20270310,KRW,10000000000,322,A+(A3+),제조업
동화기업,KRZF025901G3,동화기업 20260311-364-1,20260311,20270310,KRW,10000000000,322,A+(A3+),제조업
디비증권,KRZF01661HG3,디비증권 20260311-168-17,20260311,20260826,KRW,5000000000,126,AAA0(A1),금융 및 보험업
디비증권,KRZF01661GG3,디비증권 20260311-168-16,20260311,20260826,KRW,5000000000,126,AAA0(A1),금융 및 보험업
디비증권,KRZF01661FG3,디비증권 20260311-168-15,20260311,20260826,KRW,5000000000,126,AAA0(A1),금융 및 보험업
디비증권,KRZF01661DG3,디비증권 20260311-168-13,20260311,20260826,KRW,5000000000,126,AAA0(A1),금융 및 보험업
디비증권,KRZF01661BG3,디비증권 20260311-126-11,20260311,20260715,KRW,5000000000,84,AAA0(A1),금융 및 보험업
디비증권,KRZF01661CG3,디비증권 20260311-168-12,20260311,20260826,KRW,5000000000,126,AAA0(A1),금융 및 보험업
디비증권,KRZF016619G3,디비증권 20260311-126-9,20260311,20260715,KRW,5000000000,84,AAA0(A1),금융 및 보험업
디비증권,KRZF01661EG3,디비증권 20260311-168-14,20260311,20260826,KRW,5000000000,126,AAA0(A1),금융 및 보험업
디비증권,KRZF01661AG3,디비증권 20260311-126-10,20260311,20260715,KRW,5000000000,84,AAA0(A1),금융 및 보험업
디비증권,KRZF016618G3,디비증권 20260311-126-8,20260311,20260715,KRW,5000000000,84,AAA0(A1),금융 및 보험업
롯데건설,KRZF000827G3,롯데건설 20260311-92-7,20260311,20260611,KRW,1000000000,50,AA0(A2),건설업
롯데건설,KRZF000821G3,롯데건설 20260311-92-1,20260311,20260611,KRW,10000000000,50,AA0(A2),건설업
롯데건설,KRZF00082AG3,롯데건설 20260311-92-10,20260311,20260611,KRW,1000000000,50,AA0(A2),건설업
롯데건설,KRZF000824G3,롯데건설 20260311-92-4,20260311,20260611,KRW,3000000000,50,AA0(A2),건설업
롯데건설,KRZF000826G3,롯데건설 20260311-92-6,20260311,20260611,KRW,1000000000,50,AA0(A2),건설업
롯데건설,KRZF000825G3,롯데건설 20260311-92-5,20260311,20260611,KRW,2000000000,50,AA0(A2),건설업
롯데건설,KRZF000823G3,롯데건설 20260311-92-3,20260311,20260611,KRW,5000000000,50,AA0(A2),건설업
롯데건설,KRZF000822G3,롯데건설 20260311-92-2,20260311,20260611,KRW,5000000000,50,AA0(A2),건설업
롯데건설,KRZF000829G3,롯데건설 20260311-92-9,20260311,20260611,KRW,1000000000,50,AA0(A2),건설업
롯데건설,KRZF000828G3,롯데건설 20260311-92-8,20260311,20260611,KRW,1000000000,50,AA0(A2),건설업
우리금융에프앤아이,KRZFA53787G3,우리금융에프앤아이 20260311-62-7,20260311,20260512,KRW,5000000000,20,AA0(A2),금융 및 보험업
우리금융에프앤아이,KRZFA53784G3,우리금융에프앤아이 20260311-184-4,20260311,20260911,KRW,5000000000,142,AA0(A2),금융 및 보험업
우리금융에프앤아이,KRZFA5378PG3,우리금융에프앤아이 20260311-184-23,20260311,20260911,KRW,5000000000,142,AA0(A2),금융 및 보험업
우리금융에프앤아이,KRZFA5378NG3,우리금융에프앤아이 20260311-62-22,20260311,20260512,KRW,5000000000,20,AA0(A2),금융 및 보험업
우리금융에프앤아이,KRZFA5378LG3,우리금융에프앤아이 20260311-62-20,20260311,20260512,KRW,5000000000,20,AA0(A2),금융 및 보험업
우리금융에프앤아이,KRZFA53783G3,우리금융에프앤아이 20260311-62-3,20260311,20260512,KRW,5000000000,20,AA0(A2),금융 및 보험업
우리금융에프앤아이,KRZFA53782G3,우리금융에프앤아이 20260311-62-2,20260311,20260512,KRW,5000000000,20,AA0(A2),금융 및 보험업
우리금융에프앤아이,KRZFA53781G3,우리금융에프앤아이 20260311-62-1,20260311,20260512,KRW,5000000000,20,AA0(A2),금융 및 보험업
우리금융에프앤아이,KRZFA5378CG3,우리금융에프앤아이 20260311-62-12,20260311,20260512,KRW,5000000000,20,AA0(A2),금융 및 보험업
우리금융에프앤아이,KRZFA5378BG3,우리금융에프앤아이 20260311-62-11,20260311,20260512,KRW,5000000000,20,AA0(A2),금융 및 보험업
우리금융에프앤아이,KRZFA5378AG3,우리금융에프앤아이 20260311-62-10,20260311,20260512,KRW,5000000000,20,AA0(A2),금융 및 보험업
우리금융에프앤아이,KRZFA53789G3,우리금융에프앤아이 20260311-62-9,20260311,20260512,KRW,5000000000,20,AA0(A2),금융 및 보험업
우리금융에프앤아이,KRZFA5378MG3,우리금융에프앤아이 20260311-62-21,20260311,20260512,KRW,5000000000,20,AA0(A2),금융 및 보험업
우리금융에프앤아이,KRZFA53785G3,우리금융에프앤아이 20260311-184-5,20260311,20260911,KRW,5000000000,142,AA0(A2),금융 및 보험업
우리금융에프앤아이,KRZFA5378QG3,우리금융에프앤아이 20260311-184-24,20260311,20260911,KRW,5000000000,142,AA0(A2),금융 및 보험업
우리금융에프앤아이,KRZFA53786G3,우리금융에프앤아이 20260311-184-6,20260311,20260911,KRW,5000000000,142,AA0(A2),금융 및 보험업
우리금융에프앤아이,KRZFA5378EG3,우리금융에프앤아이 20260311-62-14,20260311,20260512,KRW,5000000000,20,AA0(A2),금융 및 보험업
우리금융에프앤아이,KRZFA5378DG3,우리금융에프앤아이 20260311-62-13,20260311,20260512,KRW,5000000000,20,AA0(A2),금융 및 보험업
우리금융에프앤아이,KRZFA5378FG3,우리금융에프앤아이 20260311-62-15,20260311,20260512,KRW,5000000000,20,AA0(A2),금융 및 보험업
우리금융에프앤아이,KRZFA5378KG3,우리금융에프앤아이 20260311-62-19,20260311,20260512,KRW,5000000000,20,AA0(A2),금융 및 보험업
우리금융에프앤아이,KRZFA5378JG3,우리금융에프앤아이 20260311-62-18,20260311,20260512,KRW,5000000000,20,AA0(A2),금융 및 보험업
우리금융에프앤아이,KRZFA53788G3,우리금융에프앤아이 20260311-62-8,20260311,20260512,KRW,5000000000,20,AA0(A2),금융 및 보험업
우리금융에프앤아이,KRZFA5378HG3,우리금융에프앤아이 20260311-62-17,20260311,20260512,KRW,5000000000,20,AA0(A2),금융 및 보험업
우리금융에프앤아이,KRZFA5378GG3,우리금융에프앤아이 20260311-62-16,20260311,20260512,KRW,5000000000,20,AA0(A2),금융 및 보험업
평택상공회의소,KRZF0027Y1G3,평택상공회의소 20260311-364-1,20260311,20270310,KRW,5000000000,322,AAA0(A1),부동산업
평택상공회의소,KRZF0027Y4G3,평택상공회의소 20260311-364-4,20260311,20270310,KRW,5000000000,322,AAA0(A1),부동산업
평택상공회의소,KRZF0027Y6G3,평택상공회의소 20260311-364-6,20260311,20270310,KRW,36000000,322,AAA0(A1),부동산업
평택상공회의소,KRZF0027Y3G3,평택상공회의소 20260311-364-3,20260311,20270310,KRW,5000000000,322,AAA0(A1),부동산업
평택상공회의소,KRZF0027Y5G3,평택상공회의소 20260311-364-5,20260311,20270310,KRW,2000000000,322,AAA0(A1),부동산업
평택상공회의소,KRZF0027Y2G3,평택상공회의소 20260311-364-2,20260311,20270310,KRW,5000000000,322,AAA0(A1),부동산업
한국증권금융,KRZF02882NG3,한국증권금융 20260311-30-22,20260311,20260410,KRW,10000000000,-12,AAA0(A1),금융 및 보험업
한국증권금융,KRZF028820GF,한국증권금융 20260311-30-33,20260311,20260410,KRW,10000000000,-12,AAA0(A1),금융 및 보험업
한국증권금융,KRZF02882WG3,한국증권금융 20260311-30-29,20260311,20260410,KRW,10000000000,-12,AAA0(A1),금융 및 보험업
한국증권금융,KRZF028824GF,한국증권금융 20260311-30-37,20260311,20260410,KRW,10000000000,-12,AAA0(A1),금융 및 보험업
한국증권금융,KRZF02882VG3,한국증권금융 20260311-30-28,20260311,20260410,KRW,10000000000,-12,AAA0(A1),금융 및 보험업
한국증권금융,KRZF02882RG3,한국증권금융 20260311-30-25,20260311,20260410,KRW,10000000000,-12,AAA0(A1),금융 및 보험업
한국증권금융,KRZF02882YG3,한국증권금융 20260311-30-31,20260311,20260410,KRW,10000000000,-12,AAA0(A1),금융 및 보험업
한국증권금융,KRZF028823GF,한국증권금융 20260311-30-36,20260311,20260410,KRW,10000000000,-12,AAA0(A1),금융 및 보험업
한국증권금융,KRZF028827GF,한국증권금융 20260311-30-40,20260311,20260410,KRW,10000000000,-12,AAA0(A1),금융 및 보험업
한국증권금융,KRZF02882TG3,한국증권금융 20260311-30-27,20260311,20260410,KRW,10000000000,-12,AAA0(A1),금융 및 보험업
한국증권금융,KRZF02882SG3,한국증권금융 20260311-30-26,20260311,20260410,KRW,10000000000,-12,AAA0(A1),금융 및 보험업
한국증권금융,KRZF02882PG3,한국증권금융 20260311-30-23,20260311,20260410,KRW,10000000000,-12,AAA0(A1),금융 및 보험업
한국증권금융,KRZF02882XG3,한국증권금융 20260311-30-30,20260311,20260410,KRW,10000000000,-12,AAA0(A1),금융 및 보험업
한국증권금융,KRZF02882MG3,한국증권금융 20260311-30-21,20260311,20260410,KRW,10000000000,-12,AAA0(A1),금융 및 보험업
한국증권금융,KRZF028821GF,한국증권금융 20260311-30-34,20260311,20260410,KRW,10000000000,-12,AAA0(A1),금융 및 보험업
한국증권금융,KRZF02882ZG3,한국증권금융 20260311-30-32,20260311,20260410,KRW,10000000000,-12,AAA0(A1),금융 및 보험업
한국증권금융,KRZF02882QG3,한국증권금융 20260311-30-24,20260311,20260410,KRW,10000000000,-12,AAA0(A1),금융 및 보험업
한국증권금융,KRZF028826GF,한국증권금융 20260311-30-39,20260311,20260410,KRW,10000000000,-12,AAA0(A1),금융 및 보험업
한국증권금융,KRZF028825GF,한국증권금융 20260311-30-38,20260311,20260410,KRW,10000000000,-12,AAA0(A1),금융 및 보험업
한국증권금융,KRZF028822GF,한국증권금융 20260311-30-35,20260311,20260410,KRW,10000000000,-12,AAA0(A1),금융 및 보험업
한국토지주택공사,KRZFB1760GG3,한국토지주택공사 20260311-92-82,20260311,20260611,KRW,10000000000,50,AAA0(A1),건설업
한국토지주택공사,KRZFB1760MG3,한국토지주택공사 20260311-92-87,20260311,20260611,KRW,10000000000,50,AAA0(A1),건설업
한국토지주택공사,KRZFB17605G3,한국토지주택공사 20260311-92-71,20260311,20260611,KRW,10000000000,50,AAA0(A1),건설업
한국토지주택공사,KRZFB1760LG3,한국토지주택공사 20260311-92-86,20260311,20260611,KRW,10000000000,50,AAA0(A1),건설업
한국토지주택공사,KRZFB1760FG3,한국토지주택공사 20260311-92-81,20260311,20260611,KRW,10000000000,50,AAA0(A1),건설업
한국토지주택공사,KRZFB1760EG3,한국토지주택공사 20260311-92-80,20260311,20260611,KRW,10000000000,50,AAA0(A1),건설업
한국토지주택공사,KRZFB1760CG3,한국토지주택공사 20260311-92-78,20260311,20260611,KRW,10000000000,50,AAA0(A1),건설업
한국토지주택공사,KRZFB17608G3,한국토지주택공사 20260311-92-74,20260311,20260611,KRW,10000000000,50,AAA0(A1),건설업
한국토지주택공사,KRZFB17607G3,한국토지주택공사 20260311-92-73,20260311,20260611,KRW,10000000000,50,AAA0(A1),건설업
한국토지주택공사,KRZFB1760DG3,한국토지주택공사 20260311-92-79,20260311,20260611,KRW,10000000000,50,AAA0(A1),건설업
한국토지주택공사,KRZFB1760BG3,한국토지주택공사 20260311-92-77,20260311,20260611,KRW,10000000000,50,AAA0(A1),건설업
한국토지주택공사,KRZFB17609G3,한국토지주택공사 20260311-92-75,20260311,20260611,KRW,10000000000,50,AAA0(A1),건설업
한국토지주택공사,KRZFB1760KG3,한국토지주택공사 20260311-92-85,20260311,20260611,KRW,10000000000,50,AAA0(A1),건설업
한국토지주택공사,KRZFB1760JG3,한국토지주택공사 20260311-92-84,20260311,20260611,KRW,10000000000,50,AAA0(A1),건설업
한국토지주택공사,KRZFB1760HG3,한국토지주택공사 20260311-92-83,20260311,20260611,KRW,10000000000,50,AAA0(A1),건설업
한국토지주택공사,KRZFB17606G3,한국토지주택공사 20260311-92-72,20260311,20260611,KRW,10000000000,50,AAA0(A1),건설업
한국토지주택공사,KRZFB1760QG3,한국토지주택공사 20260311-92-90,20260311,20260611,KRW,10000000000,50,AAA0(A1),건설업
한국토지주택공사,KRZFB1760PG3,한국토지주택공사 20260311-92-89,20260311,20260611,KRW,10000000000,50,AAA0(A1),건설업
한국토지주택공사,KRZFB1760AG3,한국토지주택공사 20260311-92-76,20260311,20260611,KRW,10000000000,50,AAA0(A1),건설업
한국토지주택공사,KRZFB1760NG3,한국토지주택공사 20260311-92-88,20260311,20260611,KRW,10000000000,50,AAA0(A1),건설업
현대차증권,KRZF001505G3,현대차증권 20260311-61-5,20260311,20260511,KRW,5000000000,19,AAA0(A1),금융 및 보험업
현대차증권,KRZF001506G3,현대차증권 20260311-61-6,20260311,20260511,KRW,5000000000,19,AAA0(A1),금융 및 보험업
효성티앤씨,KRZF298024G3,효성티앤씨 20260311-29-4,20260311,20260409,KRW,5000000000,-13,AA+(A2+),제조업
효성티앤씨,KRZF298023G3,효성티앤씨 20260311-29-3,20260311,20260409,KRW,5000000000,-13,AA+(A2+),제조업
효성티앤씨,KRZF298021G3,효성티앤씨 20260311-29-1,20260311,20260409,KRW,5000000000,-13,AA+(A2+),제조업
효성티앤씨,KRZF298022G3,효성티앤씨 20260311-29-2,20260311,20260409,KRW,5000000000,-13,AA+(A2+),제조업
GS스포츠,KRZF139841G3,GS스포츠 20260310-92-1,20260310,20260610,KRW,500000000,49,A+(A3+),"예술, 스포츠 및 여가관련 서비스업"
GS스포츠,KRZF139844G3,GS스포츠 20260310-92-4,20260310,20260610,KRW,1000000000,49,A+(A3+),"예술, 스포츠 및 여가관련 서비스업"
GS스포츠,KRZF139843G3,GS스포츠 20260310-92-3,20260310,20260610,KRW,1000000000,49,A+(A3+),"예술, 스포츠 및 여가관련 서비스업"
GS스포츠,KRZF139842G3,GS스포츠 20260310-92-2,20260310,20260610,KRW,1000000000,49,A+(A3+),"예술, 스포츠 및 여가관련 서비스업"
대한석탄공사,KRZF076861G3,대한석탄공사 20260310-106-1,20260310,20260624,KRW,5000000000,63,AAA0(A1),광업
대한석탄공사,KRZF07686BG3,대한석탄공사 20260310-106-11,20260310,20260624,KRW,5000000000,63,AAA0(A1),광업
대한석탄공사,KRZF076869G3,대한석탄공사 20260310-106-9,20260310,20260624,KRW,5000000000,63,AAA0(A1),광업
대한석탄공사,KRZF076865G3,대한석탄공사 20260310-106-5,20260310,20260624,KRW,5000000000,63,AAA0(A1),광업
대한석탄공사,KRZF076864G3,대한석탄공사 20260310-106-4,20260310,20260624,KRW,5000000000,63,AAA0(A1),광업
대한석탄공사,KRZF076862G3,대한석탄공사 20260310-106-2,20260310,20260624,KRW,5000000000,63,AAA0(A1),광업
대한석탄공사,KRZF07686AG3,대한석탄공사 20260310-106-10,20260310,20260624,KRW,5000000000,63,AAA0(A1),광업
대한석탄공사,KRZF076868G3,대한석탄공사 20260310-106-8,20260310,20260624,KRW,5000000000,63,AAA0(A1),광업
대한석탄공사,KRZF076866G3,대한석탄공사 20260310-106-6,20260310,20260624,KRW,5000000000,63,AAA0(A1),광업
대한석탄공사,KRZF07686CG3,대한석탄공사 20260310-106-12,20260310,20260624,KRW,5000000000,63,AAA0(A1),광업
대한석탄공사,KRZF076867G3,대한석탄공사 20260310-106-7,20260310,20260624,KRW,5000000000,63,AAA0(A1),광업
대한석탄공사,KRZF076863G3,대한석탄공사 20260310-106-3,20260310,20260624,KRW,5000000000,63,AAA0(A1),광업
비엔케이투자증권,KRZF15399TG3,비엔케이투자증권 20260310-121-27,20260310,20260709,KRW,5000000000,78,AAA0(A1),금융 및 보험업
비엔케이투자증권,KRZF15399XG3,비엔케이투자증권 20260310-121-30,20260310,20260709,KRW,5000000000,78,AAA0(A1),금융 및 보험업
비엔케이투자증권,KRZF15399ZG3,비엔케이투자증권 20260310-121-32,20260310,20260709,KRW,5000000000,78,AAA0(A1),금융 및 보험업
비엔케이투자증권,KRZF153991GF,비엔케이투자증권 20260310-121-34,20260310,20260709,KRW,5000000000,78,AAA0(A1),금융 및 보험업
비엔케이투자증권,KRZF153990GF,비엔케이투자증권 20260310-121-33,20260310,20260709,KRW,5000000000,78,AAA0(A1),금융 및 보험업
비엔케이투자증권,KRZF153992GF,비엔케이투자증권 20260310-121-35,20260310,20260709,KRW,5000000000,78,AAA0(A1),금융 및 보험업
비엔케이투자증권,KRZF15399VG3,비엔케이투자증권 20260310-121-28,20260310,20260709,KRW,5000000000,78,AAA0(A1),금융 및 보험업
비엔케이투자증권,KRZF15399YG3,비엔케이투자증권 20260310-121-31,20260310,20260709,KRW,5000000000,78,AAA0(A1),금융 및 보험업
비엔케이투자증권,KRZF153993GF,비엔케이투자증권 20260310-121-36,20260310,20260709,KRW,5000000000,78,AAA0(A1),금융 및 보험업
비엔케이투자증권,KRZF15399WG3,비엔케이투자증권 20260310-121-29,20260310,20260709,KRW,5000000000,78,AAA0(A1),금융 및 보험업
삼성물산(구 제일모직),KRZF028262G3,삼성물산(구 제일모직) 20260310-20-2,20260310,20260330,KRW,5000000000,-23,AAA0(A1),건설업
삼성물산(구 제일모직),KRZF028268G3,삼성물산(구 제일모직) 20260310-20-8,20260310,20260330,KRW,5000000000,-23,AAA0(A1),건설업
삼성물산(구 제일모직),KRZF028263G3,삼성물산(구 제일모직) 20260310-20-3,20260310,20260330,KRW,5000000000,-23,AAA0(A1),건설업
삼성물산(구 제일모직),KRZF02826BG3,삼성물산(구 제일모직) 20260310-20-11,20260310,20260330,KRW,10000000000,-23,AAA0(A1),건설업
삼성물산(구 제일모직),KRZF028261G3,삼성물산(구 제일모직) 20260310-20-1,20260310,20260330,KRW,5000000000,-23,AAA0(A1),건설업
삼성물산(구 제일모직),KRZF02826FG3,삼성물산(구 제일모직) 20260310-20-15,20260310,20260330,KRW,10000000000,-23,AAA0(A1),건설업
삼성물산(구 제일모직),KRZF02826EG3,삼성물산(구 제일모직) 20260310-20-14,20260310,20260330,KRW,10000000000,-23,AAA0(A1),건설업
삼성물산(구 제일모직),KRZF028267G3,삼성물산(구 제일모직) 20260310-20-7,20260310,20260330,KRW,5000000000,-23,AAA0(A1),건설업
삼성물산(구 제일모직),KRZF028266G3,삼성물산(구 제일모직) 20260310-20-6,20260310,20260330,KRW,5000000000,-23,AAA0(A1),건설업
삼성물산(구 제일모직),KRZF028264G3,삼성물산(구 제일모직) 20260310-20-4,20260310,20260330,KRW,5000000000,-23,AAA0(A1),건설업
삼성물산(구 제일모직),KRZF02826CG3,삼성물산(구 제일모직) 20260310-20-12,20260310,20260330,KRW,10000000000,-23,AAA0(A1),건설업
삼성물산(구 제일모직),KRZF028265G3,삼성물산(구 제일모직) 20260310-20-5,20260310,20260330,KRW,5000000000,-23,AAA0(A1),건설업
삼성물산(구 제일모직),KRZF02826DG3,삼성물산(구 제일모직) 20260310-20-13,20260310,20260330,KRW,10000000000,-23,AAA0(A1),건설업
삼성물산(구 제일모직),KRZF02826AG3,삼성물산(구 제일모직) 20260310-20-10,20260310,20260330,KRW,5000000000,-23,AAA0(A1),건설업
삼성물산(구 제일모직),KRZF028269G3,삼성물산(구 제일모직) 20260310-20-9,20260310,20260330,KRW,5000000000,-23,AAA0(A1),건설업
세아창원특수강,KRZF032434G3,세아창원특수강 20260310-36-4,20260310,20260415,KRW,5000000000,-7,AA+(A2+),제조업
세아창원특수강,KRZF032433G3,세아창원특수강 20260310-36-3,20260310,20260415,KRW,5000000000,-7,AA+(A2+),제조업
세아창원특수강,KRZF032432G3,세아창원특수강 20260310-36-2,20260310,20260415,KRW,5000000000,-7,AA+(A2+),제조업
세아창원특수강,KRZF032431G3,세아창원특수강 20260310-36-1,20260310,20260415,KRW,5000000000,-7,AA+(A2+),제조업
씨제이제일제당,KRZF097951G3,씨제이제일제당 20260310-6-1,20260310,20260316,KRW,10000000000,-37,AAA0(A1),제조업
씨제이제일제당,KRZF097954G3,씨제이제일제당 20260310-6-4,20260310,20260316,KRW,10000000000,-37,AAA0(A1),제조업
씨제이제일제당,KRZF097957G3,씨제이제일제당 20260310-6-7,20260310,20260316,KRW,10000000000,-37,AAA0(A1),제조업
씨제이제일제당,KRZF097952G3,씨제이제일제당 20260310-6-2,20260310,20260316,KRW,10000000000,-37,AAA0(A1),제조업
씨제이제일제당,KRZF097955G3,씨제이제일제당 20260310-6-5,20260310,20260316,KRW,10000000000,-37,AAA0(A1),제조업
씨제이제일제당,KRZF097956G3,씨제이제일제당 20260310-6-6,20260310,20260316,KRW,10000000000,-37,AAA0(A1),제조업
씨제이제일제당,KRZF097953G3,씨제이제일제당 20260310-6-3,20260310,20260316,KRW,10000000000,-37,AAA0(A1),제조업
아이비케이캐피탈,KRZF019455G3,아이비케이캐피탈 20260310-260-5,20260310,20261125,KRW,5000000000,217,AAA0(A1),금융 및 보험업
아이비케이캐피탈,KRZF019456G3,아이비케이캐피탈 20260310-260-6,20260310,20261125,KRW,5000000000,217,AAA0(A1),금융 및 보험업
아이비케이캐피탈,KRZF019452G3,아이비케이캐피탈 20260310-260-2,20260310,20261125,KRW,5000000000,217,AAA0(A1),금융 및 보험업
아이비케이캐피탈,KRZF019453G3,아이비케이캐피탈 20260310-260-3,20260310,20261125,KRW,5000000000,217,AAA0(A1),금융 및 보험업
아이비케이캐피탈,KRZF019454G3,아이비케이캐피탈 20260310-260-4,20260310,20261125,KRW,5000000000,217,AAA0(A1),금융 및 보험업
아이비케이캐피탈,KRZF019451G3,아이비케이캐피탈 20260310-260-1,20260310,20261125,KRW,5000000000,217,AAA0(A1),금융 및 보험업
에이치디현대케미칼,KRZF331591G3,에이치디현대케미칼 20260310-3-1,20260310,20260313,KRW,10000000000,-40,AA0(A2),제조업
엘아이지디펜스앤에어로스페이스,KRZF079552G3,엘아이지넥스원 20260310-93-2,20260310,20260611,KRW,5000000000,50,AAA0(A1),제조업
엘아이지디펜스앤에어로스페이스,KRZF079551G3,엘아이지넥스원 20260310-93-1,20260310,20260611,KRW,5000000000,50,AAA0(A1),제조업
엘아이지디펜스앤에어로스페이스,KRZF079553G3,엘아이지넥스원 20260310-93-3,20260310,20260611,KRW,5000000000,50,AAA0(A1),제조업
엘아이지디펜스앤에어로스페이스,KRZF079554G3,엘아이지넥스원 20260310-93-4,20260310,20260611,KRW,5000000000,50,AAA0(A1),제조업
카카오엔터테인먼트,KRZF339144G3,카카오엔터테인먼트 20260310-92-4,20260310,20260610,KRW,5000000000,49,AA+(A2+),정보통신업
카카오엔터테인먼트,KRZF339147G3,카카오엔터테인먼트 20260310-92-7,20260310,20260610,KRW,5000000000,49,AA+(A2+),정보통신업
카카오엔터테인먼트,KRZF33914AG3,카카오엔터테인먼트 20260310-92-10,20260310,20260610,KRW,5000000000,49,AA+(A2+),정보통신업
카카오엔터테인먼트,KRZF339143G3,카카오엔터테인먼트 20260310-92-3,20260310,20260610,KRW,5000000000,49,AA+(A2+),정보통신업
카카오엔터테인먼트,KRZF339149G3,카카오엔터테인먼트 20260310-92-9,20260310,20260610,KRW,5000000000,49,AA+(A2+),정보통신업
카카오엔터테인먼트,KRZF339142G3,카카오엔터테인먼트 20260310-92-2,20260310,20260610,KRW,5000000000,49,AA+(A2+),정보통신업
카카오엔터테인먼트,KRZF339148G3,카카오엔터테인먼트 20260310-92-8,20260310,20260610,KRW,5000000000,49,AA+(A2+),정보통신업
카카오엔터테인먼트,KRZF339146G3,카카오엔터테인먼트 20260310-92-6,20260310,20260610,KRW,5000000000,49,AA+(A2+),정보통신업
카카오엔터테인먼트,KRZF339145G3,카카오엔터테인먼트 20260310-92-5,20260310,20260610,KRW,5000000000,49,AA+(A2+),정보통신업
카카오엔터테인먼트,KRZF339141G3,카카오엔터테인먼트 20260310-92-1,20260310,20260610,KRW,5000000000,49,AA+(A2+),정보통신업
케이비증권,KRZF003451GF,케이비증권 20260310-134-34,20260310,20260722,KRW,5000000000,91,AAA0(A1),금융 및 보험업
케이비증권,KRZF003452GF,케이비증권 20260310-134-35,20260310,20260722,KRW,5000000000,91,AAA0(A1),금융 및 보험업
케이비증권,KRZF00345ZG3,케이비증권 20260310-134-32,20260310,20260722,KRW,5000000000,91,AAA0(A1),금융 및 보험업
케이비증권,KRZF003450GF,케이비증권 20260310-134-33,20260310,20260722,KRW,5000000000,91,AAA0(A1),금융 및 보험업
케이비증권,KRZF00345WG3,케이비증권 20260310-134-29,20260310,20260722,KRW,5000000000,91,AAA0(A1),금융 및 보험업
케이비증권,KRZF00345VG3,케이비증권 20260310-134-28,20260310,20260722,KRW,5000000000,91,AAA0(A1),금융 및 보험업
케이비증권,KRZF00345TG3,케이비증권 20260310-134-27,20260310,20260722,KRW,5000000000,91,AAA0(A1),금융 및 보험업
케이비증권,KRZF003453GF,케이비증권 20260310-134-36,20260310,20260722,KRW,5000000000,91,AAA0(A1),금융 및 보험업
케이비증권,KRZF00345YG3,케이비증권 20260310-134-31,20260310,20260722,KRW,5000000000,91,AAA0(A1),금융 및 보험업
케이비증권,KRZF00345XG3,케이비증권 20260310-134-30,20260310,20260722,KRW,5000000000,91,AAA0(A1),금융 및 보험업
하나카드,KRZF205498G3,하나카드 20260310-13-8,20260310,20260323,KRW,5000000000,-30,AAA0(A1),금융 및 보험업
하나카드,KRZF205494G3,하나카드 20260310-13-4,20260310,20260323,KRW,5000000000,-30,AAA0(A1),금융 및 보험업
하나카드,KRZF205493G3,하나카드 20260310-13-3,20260310,20260323,KRW,5000000000,-30,AAA0(A1),금융 및 보험업
하나카드,KRZF20549BG3,하나카드 20260310-13-11,20260310,20260323,KRW,5000000000,-30,AAA0(A1),금융 및 보험업
하나카드,KRZF20549AG3,하나카드 20260310-13-10,20260310,20260323,KRW,5000000000,-30,AAA0(A1),금융 및 보험업
하나카드,KRZF205497G3,하나카드 20260310-13-7,20260310,20260323,KRW,5000000000,-30,AAA0(A1),금융 및 보험업
하나카드,KRZF205495G3,하나카드 20260310-13-5,20260310,20260323,KRW,5000000000,-30,AAA0(A1),금융 및 보험업
하나카드,KRZF205492G3,하나카드 20260310-13-2,20260310,20260323,KRW,5000000000,-30,AAA0(A1),금융 및 보험업
하나카드,KRZF20549CG3,하나카드 20260310-13-12,20260310,20260323,KRW,5000000000,-30,AAA0(A1),금융 및 보험업
하나카드,KRZF205491G3,하나카드 20260310-13-1,20260310,20260323,KRW,5000000000,-30,AAA0(A1),금융 및 보험업
하나카드,KRZF205499G3,하나카드 20260310-13-9,20260310,20260323,KRW,5000000000,-30,AAA0(A1),금융 및 보험업
하나카드,KRZF205496G3,하나카드 20260310-13-6,20260310,20260323,KRW,5000000000,-30,AAA0(A1),금융 및 보험업
현대차증권,KRZF001503G3,현대차증권 20260310-351-3,20260310,20270224,KRW,5000000000,308,AAA0(A1),금융 및 보험업
효성중공업,KRZF29804SG3,효성중공업 20260310-8-26,20260310,20260318,KRW,5000000000,-35,AA0(A2),제조업
효성중공업,KRZF29804KG3,효성중공업 20260310-20-19,20260310,20260330,KRW,5000000000,-23,AA0(A2),제조업
효성중공업,KRZF29804JG3,효성중공업 20260310-16-18,20260310,20260326,KRW,5000000000,-27,AA0(A2),제조업
효성중공업,KRZF29804GG3,효성중공업 20260310-8-16,20260310,20260318,KRW,5000000000,-35,AA0(A2),제조업
효성중공업,KRZF29804FG3,효성중공업 20260310-8-15,20260310,20260318,KRW,5000000000,-35,AA0(A2),제조업
효성중공업,KRZF29804LG3,효성중공업 20260310-20-20,20260310,20260330,KRW,5000000000,-23,AA0(A2),제조업
효성중공업,KRZF29804EG3,효성중공업 20260310-8-14,20260310,20260318,KRW,5000000000,-35,AA0(A2),제조업
효성중공업,KRZF29804NG3,효성중공업 20260310-20-22,20260310,20260330,KRW,5000000000,-23,AA0(A2),제조업
효성중공업,KRZF29804CG3,효성중공업 20260310-15-12,20260310,20260325,KRW,5000000000,-28,AA0(A2),제조업
효성중공업,KRZF29804RG3,효성중공업 20260310-8-25,20260310,20260318,KRW,5000000000,-35,AA0(A2),제조업
효성중공업,KRZF29804QG3,효성중공업 20260310-20-24,20260310,20260330,KRW,5000000000,-23,AA0(A2),제조업
효성중공업,KRZF29804PG3,효성중공업 20260310-20-23,20260310,20260330,KRW,5000000000,-23,AA0(A2),제조업
효성중공업,KRZF29804HG3,효성중공업 20260310-16-17,20260310,20260326,KRW,5000000000,-27,AA0(A2),제조업
효성중공업,KRZF29804DG3,효성중공업 20260310-8-13,20260310,20260318,KRW,5000000000,-35,AA0(A2),제조업
효성중공업,KRZF29804MG3,효성중공업 20260310-20-21,20260310,20260330,KRW,5000000000,-23,AA0(A2),제조업
효성중공업,KRZF29804BG3,효성중공업 20260310-15-11,20260310,20260325,KRW,5000000000,-28,AA0(A2),제조업
효성중공업,KRZF29804VG3,효성중공업 20260310-21-28,20260310,20260331,KRW,5000000000,-22,AA0(A2),제조업
효성중공업,KRZF29804TG3,효성중공업 20260310-21-27,20260310,20260331,KRW,5000000000,-22,AA0(A2),제조업
KB금융지주,KRZF105561G3,KB금융지주 20260309-21-1,20260309,20260330,KRW,5000000000,-23,AAA0(A1),금융 및 보험업
KB금융지주,KRZF10556GG3,KB금융지주 20260309-21-16,20260309,20260330,KRW,5000000000,-23,AAA0(A1),금융 및 보험업
KB금융지주,KRZF105564G3,KB금융지주 20260309-21-4,20260309,20260330,KRW,5000000000,-23,AAA0(A1),금융 및 보험업
KB금융지주,KRZF10556HG3,KB금융지주 20260309-21-17,20260309,20260330,KRW,5000000000,-23,AAA0(A1),금융 및 보험업
KB금융지주,KRZF10556CG3,KB금융지주 20260309-21-12,20260309,20260330,KRW,5000000000,-23,AAA0(A1),금융 및 보험업
KB금융지주,KRZF10556AG3,KB금융지주 20260309-21-10,20260309,20260330,KRW,5000000000,-23,AAA0(A1),금융 및 보험업
KB금융지주,KRZF10556LG3,KB금융지주 20260309-21-20,20260309,20260330,KRW,5000000000,-23,AAA0(A1),금융 및 보험업
KB금융지주,KRZF10556KG3,KB금융지주 20260309-21-19,20260309,20260330,KRW,5000000000,-23,AAA0(A1),금융 및 보험업
KB금융지주,KRZF10556FG3,KB금융지주 20260309-21-15,20260309,20260330,KRW,5000000000,-23,AAA0(A1),금융 및 보험업
KB금융지주,KRZF10556DG3,KB금융지주 20260309-21-13,20260309,20260330,KRW,5000000000,-23,AAA0(A1),금융 및 보험업
KB금융지주,KRZF105569G3,KB금융지주 20260309-21-9,20260309,20260330,KRW,5000000000,-23,AAA0(A1),금융 및 보험업
KB금융지주,KRZF105565G3,KB금융지주 20260309-21-5,20260309,20260330,KRW,5000000000,-23,AAA0(A1),금융 및 보험업
KB금융지주,KRZF105562G3,KB금융지주 20260309-21-2,20260309,20260330,KRW,5000000000,-23,AAA0(A1),금융 및 보험업
KB금융지주,KRZF10556JG3,KB금융지주 20260309-21-18,20260309,20260330,KRW,5000000000,-23,AAA0(A1),금융 및 보험업
KB금융지주,KRZF105567G3,KB금융지주 20260309-21-7,20260309,20260330,KRW,5000000000,-23,AAA0(A1),금융 및 보험업
KB금융지주,KRZF10556EG3,KB금융지주 20260309-21-14,20260309,20260330,KRW,5000000000,-23,AAA0(A1),금융 및 보험업
KB금융지주,KRZF10556BG3,KB금융지주 20260309-21-11,20260309,20260330,KRW,5000000000,-23,AAA0(A1),금융 및 보험업
KB금융지주,KRZF105568G3,KB금융지주 20260309-21-8,20260309,20260330,KRW,5000000000,-23,AAA0(A1),금융 및 보험업
KB금융지주,KRZF105566G3,KB금융지주 20260309-21-6,20260309,20260330,KRW,5000000000,-23,AAA0(A1),금융 및 보험업
KB금융지주,KRZF105563G3,KB금융지주 20260309-21-3,20260309,20260330,KRW,5000000000,-23,AAA0(A1),금융 및 보험업
SK증권,KRZF001512G3,SK증권 20260309-184-2,20260309,20260909,KRW,2000000000,140,AA0(A2),금융 및 보험업
SK증권,KRZF001511G3,SK증권 20260309-184-1,20260309,20260909,KRW,3000000000,140,AA0(A2),금융 및 보험업
동원에프앤비,KRZF049772G3,동원에프앤비 20260309-14-2,20260309,20260323,KRW,10000000000,-30,AAA0(A1),제조업
동원에프앤비,KRZF049773G3,동원에프앤비 20260309-14-3,20260309,20260323,KRW,10000000000,-30,AAA0(A1),제조업
동원에프앤비,KRZF049774G3,동원에프앤비 20260309-14-4,20260309,20260323,KRW,10000000000,-30,AAA0(A1),제조업
동원에프앤비,KRZF049771G3,동원에프앤비 20260309-14-1,20260309,20260323,KRW,10000000000,-30,AAA0(A1),제조업
메리츠증권,KRZF00856XG3,메리츠증권 20260309-263-30,20260309,20261127,KRW,5000000000,219,AAA0(A1),금융 및 보험업
메리츠증권,KRZF00856YG3,메리츠증권 20260309-263-31,20260309,20261127,KRW,5000000000,219,AAA0(A1),금융 및 보험업
메리츠증권,KRZF00856WG3,메리츠증권 20260309-263-29,20260309,20261127,KRW,5000000000,219,AAA0(A1),금융 및 보험업
메리츠증권,KRZF00856ZG3,메리츠증권 20260309-263-32,20260309,20261127,KRW,5000000000,219,AAA0(A1),금융 및 보험업
비엔케이투자증권,KRZF15399KG3,비엔케이투자증권 20260309-197-19,20260309,20260922,KRW,5000000000,153,AAA0(A1),금융 및 보험업
비엔케이투자증권,KRZF15399PG3,비엔케이투자증권 20260309-197-23,20260309,20260922,KRW,5000000000,153,AAA0(A1),금융 및 보험업
비엔케이투자증권,KRZF15399NG3,비엔케이투자증권 20260309-197-22,20260309,20260922,KRW,5000000000,153,AAA0(A1),금융 및 보험업
비엔케이투자증권,KRZF15399JG3,비엔케이투자증권 20260309-197-18,20260309,20260922,KRW,5000000000,153,AAA0(A1),금융 및 보험업
비엔케이투자증권,KRZF15399QG3,비엔케이투자증권 20260309-197-24,20260309,20260922,KRW,5000000000,153,AAA0(A1),금융 및 보험업
비엔케이투자증권,KRZF15399SG3,비엔케이투자증권 20260309-197-26,20260309,20260922,KRW,5000000000,153,AAA0(A1),금융 및 보험업
비엔케이투자증권,KRZF15399HG3,비엔케이투자증권 20260309-197-17,20260309,20260922,KRW,5000000000,153,AAA0(A1),금융 및 보험업
비엔케이투자증권,KRZF15399RG3,비엔케이투자증권 20260309-197-25,20260309,20260922,KRW,5000000000,153,AAA0(A1),금융 및 보험업
비엔케이투자증권,KRZF15399MG3,비엔케이투자증권 20260309-197-21,20260309,20260922,KRW,5000000000,153,AAA0(A1),금융 및 보험업
비엔케이투자증권,KRZF15399LG3,비엔케이투자증권 20260309-197-20,20260309,20260922,KRW,5000000000,153,AAA0(A1),금융 및 보험업
삼성카드,KRZF029788G3,삼성카드 20260309-249-8,20260309,20261113,KRW,5000000000,205,AAA0(A1),금융 및 보험업
삼성카드,KRZF029787G3,삼성카드 20260309-249-7,20260309,20261113,KRW,5000000000,205,AAA0(A1),금융 및 보험업
아이비케이투자증권,KRZF104778G3,아이비케이투자증권 20260309-213-8,20260309,20261008,KRW,5000000000,169,AAA0(A1),금융 및 보험업
아이비케이투자증권,KRZF104776G3,아이비케이투자증권 20260309-213-6,20260309,20261008,KRW,5000000000,169,AAA0(A1),금융 및 보험업
아이비케이투자증권,KRZF104777G3,아이비케이투자증권 20260309-213-7,20260309,20261008,KRW,5000000000,169,AAA0(A1),금융 및 보험업
아이비케이투자증권,KRZF104775G3,아이비케이투자증권 20260309-213-5,20260309,20261008,KRW,5000000000,169,AAA0(A1),금융 및 보험업
에스케이하이닉스,KRZF000662G3,에스케이하이닉스 20260309-91-2,20260309,20260608,KRW,10000000000,47,AAA0(A1),제조업
에스케이하이닉스,KRZF00066FG3,에스케이하이닉스 20260309-91-15,20260309,20260608,KRW,10000000000,47,AAA0(A1),제조업
에스케이하이닉스,KRZF00066DG3,에스케이하이닉스 20260309-91-13,20260309,20260608,KRW,10000000000,47,AAA0(A1),제조업
에스케이하이닉스,KRZF000664G3,에스케이하이닉스 20260309-91-4,20260309,20260608,KRW,10000000000,47,AAA0(A1),제조업
에스케이하이닉스,KRZF00066EG3,에스케이하이닉스 20260309-91-14,20260309,20260608,KRW,10000000000,47,AAA0(A1),제조업
에스케이하이닉스,KRZF00066BG3,에스케이하이닉스 20260309-91-11,20260309,20260608,KRW,10000000000,47,AAA0(A1),제조업
에스케이하이닉스,KRZF000667G3,에스케이하이닉스 20260309-91-7,20260309,20260608,KRW,10000000000,47,AAA0(A1),제조업
에스케이하이닉스,KRZF000666G3,에스케이하이닉스 20260309-91-6,20260309,20260608,KRW,10000000000,47,AAA0(A1),제조업
에스케이하이닉스,KRZF000663G3,에스케이하이닉스 20260309-91-3,20260309,20260608,KRW,10000000000,47,AAA0(A1),제조업
에스케이하이닉스,KRZF000661G3,에스케이하이닉스 20260309-91-1,20260309,20260608,KRW,10000000000,47,AAA0(A1),제조업
에스케이하이닉스,KRZF000665G3,에스케이하이닉스 20260309-91-5,20260309,20260608,KRW,10000000000,47,AAA0(A1),제조업
에스케이하이닉스,KRZF00066CG3,에스케이하이닉스 20260309-91-12,20260309,20260608,KRW,10000000000,47,AAA0(A1),제조업
에스케이하이닉스,KRZF000669G3,에스케이하이닉스 20260309-91-9,20260309,20260608,KRW,10000000000,47,AAA0(A1),제조업
에스케이하이닉스,KRZF000668G3,에스케이하이닉스 20260309-91-8,20260309,20260608,KRW,10000000000,47,AAA0(A1),제조업
에스케이하이닉스,KRZF00066AG3,에스케이하이닉스 20260309-91-10,20260309,20260608,KRW,10000000000,47,AAA0(A1),제조업
엘에스엠트론,KRZF104242G3,엘에스엠트론 20260309-183-2,20260309,20260908,KRW,5000000000,139,AA0(A2),제조업
엘에스엠트론,KRZF104244G3,엘에스엠트론 20260309-183-4,20260309,20260908,KRW,5000000000,139,AA0(A2),제조업
엘에스엠트론,KRZF104241G3,엘에스엠트론 20260309-183-1,20260309,20260908,KRW,5000000000,139,AA0(A2),제조업
엘에스엠트론,KRZF104243G3,엘에스엠트론 20260309-183-3,20260309,20260908,KRW,5000000000,139,AA0(A2),제조업
유안타증권,KRZF003474G3,유안타증권 20260309-220-4,20260309,20261015,KRW,5000000000,176,AAA0(A1),금융 및 보험업
유안타증권,KRZF003475G3,유안타증권 20260309-220-5,20260309,20261015,KRW,5000000000,176,AAA0(A1),금융 및 보험업
케이비증권,KRZF00345SG3,케이비증권 20260309-305-26,20260309,20270108,KRW,5000000000,261,AAA0(A1),금융 및 보험업
한국도로공사,KRZF096923G3,한국도로공사 20260309-91-3,20260309,20260608,KRW,10000000000,47,AAA0(A1),건설업
한국도로공사,KRZF09692AG3,한국도로공사 20260309-91-10,20260309,20260608,KRW,10000000000,47,AAA0(A1),건설업
한국도로공사,KRZF096929G3,한국도로공사 20260309-91-9,20260309,20260608,KRW,10000000000,47,AAA0(A1),건설업
한국도로공사,KRZF096926G3,한국도로공사 20260309-91-6,20260309,20260608,KRW,10000000000,47,AAA0(A1),건설업
한국도로공사,KRZF096924G3,한국도로공사 20260309-91-4,20260309,20260608,KRW,10000000000,47,AAA0(A1),건설업
한국도로공사,KRZF096921G3,한국도로공사 20260309-91-1,20260309,20260608,KRW,10000000000,47,AAA0(A1),건설업
한국도로공사,KRZF096925G3,한국도로공사 20260309-91-5,20260309,20260608,KRW,10000000000,47,AAA0(A1),건설업
한국도로공사,KRZF096922G3,한국도로공사 20260309-91-2,20260309,20260608,KRW,10000000000,47,AAA0(A1),건설업
한국도로공사,KRZF096928G3,한국도로공사 20260309-91-8,20260309,20260608,KRW,10000000000,47,AAA0(A1),건설업
한국도로공사,KRZF096927G3,한국도로공사 20260309-91-7,20260309,20260608,KRW,10000000000,47,AAA0(A1),건설업
한국전력공사,KRZF01576MG3,한국전력공사 20260309-91-21,20260309,20260608,KRW,10000000000,47,AAA0(A1),"전기, 가스, 증기 및 공기조절 공급업"
한국전력공사,KRZF01576TG3,한국전력공사 20260309-91-27,20260309,20260608,KRW,10000000000,47,AAA0(A1),"전기, 가스, 증기 및 공기조절 공급업"
한국전력공사,KRZF01576RG3,한국전력공사 20260309-91-25,20260309,20260608,KRW,10000000000,47,AAA0(A1),"전기, 가스, 증기 및 공기조절 공급업"
한국전력공사,KRZF01576VG3,한국전력공사 20260309-91-28,20260309,20260608,KRW,10000000000,47,AAA0(A1),"전기, 가스, 증기 및 공기조절 공급업"
한국전력공사,KRZF01576SG3,한국전력공사 20260309-91-26,20260309,20260608,KRW,10000000000,47,AAA0(A1),"전기, 가스, 증기 및 공기조절 공급업"
한국전력공사,KRZF01576PG3,한국전력공사 20260309-91-23,20260309,20260608,KRW,10000000000,47,AAA0(A1),"전기, 가스, 증기 및 공기조절 공급업"
한국전력공사,KRZF01576NG3,한국전력공사 20260309-91-22,20260309,20260608,KRW,10000000000,47,AAA0(A1),"전기, 가스, 증기 및 공기조절 공급업"
한국전력공사,KRZF01576XG3,한국전력공사 20260309-91-30,20260309,20260608,KRW,10000000000,47,AAA0(A1),"전기, 가스, 증기 및 공기조절 공급업"
한국전력공사,KRZF01576QG3,한국전력공사 20260309-91-24,20260309,20260608,KRW,10000000000,47,AAA0(A1),"전기, 가스, 증기 및 공기조절 공급업"
한국전력공사,KRZF01576WG3,한국전력공사 20260309-91-29,20260309,20260608,KRW,10000000000,47,AAA0(A1),"전기, 가스, 증기 및 공기조절 공급업"
한국증권금융,KRZF028822G3,한국증권금융 20260309-31-2,20260309,20260409,KRW,10000000000,-13,AAA0(A1),금융 및 보험업
한국증권금융,KRZF02882FG3,한국증권금융 20260309-31-15,20260309,20260409,KRW,10000000000,-13,AAA0(A1),금융 및 보험업
한국증권금융,KRZF02882DG3,한국증권금융 20260309-31-13,20260309,20260409,KRW,10000000000,-13,AAA0(A1),금융 및 보험업
한국증권금융,KRZF02882BG3,한국증권금융 20260309-31-11,20260309,20260409,KRW,10000000000,-13,AAA0(A1),금융 및 보험업
한국증권금융,KRZF028824G3,한국증권금융 20260309-31-4,20260309,20260409,KRW,10000000000,-13,AAA0(A1),금융 및 보험업
한국증권금융,KRZF02882CG3,한국증권금융 20260309-31-12,20260309,20260409,KRW,10000000000,-13,AAA0(A1),금융 및 보험업
한국증권금융,KRZF028828G3,한국증권금융 20260309-31-8,20260309,20260409,KRW,10000000000,-13,AAA0(A1),금융 및 보험업
한국증권금융,KRZF02882KG3,한국증권금융 20260309-31-19,20260309,20260409,KRW,10000000000,-13,AAA0(A1),금융 및 보험업
한국증권금융,KRZF02882JG3,한국증권금융 20260309-31-18,20260309,20260409,KRW,10000000000,-13,AAA0(A1),금융 및 보험업
한국증권금융,KRZF02882GG3,한국증권금융 20260309-31-16,20260309,20260409,KRW,10000000000,-13,AAA0(A1),금융 및 보험업
한국증권금융,KRZF028826G3,한국증권금융 20260309-31-6,20260309,20260409,KRW,10000000000,-13,AAA0(A1),금융 및 보험업
한국증권금융,KRZF028821G3,한국증권금융 20260309-31-1,20260309,20260409,KRW,10000000000,-13,AAA0(A1),금융 및 보험업
한국증권금융,KRZF02882LG3,한국증권금융 20260309-31-20,20260309,20260409,KRW,10000000000,-13,AAA0(A1),금융 및 보험업
한국증권금융,KRZF02882HG3,한국증권금융 20260309-31-17,20260309,20260409,KRW,10000000000,-13,AAA0(A1),금융 및 보험업
한국증권금융,KRZF02882EG3,한국증권금융 20260309-31-14,20260309,20260409,KRW,10000000000,-13,AAA0(A1),금융 및 보험업
한국증권금융,KRZF028829G3,한국증권금융 20260309-31-9,20260309,20260409,KRW,10000000000,-13,AAA0(A1),금융 및 보험업
한국증권금융,KRZF028825G3,한국증권금융 20260309-31-5,20260309,20260409,KRW,10000000000,-13,AAA0(A1),금융 및 보험업
한국증권금융,KRZF028827G3,한국증권금융 20260309-31-7,20260309,20260409,KRW,10000000000,-13,AAA0(A1),금융 및 보험업
한국증권금융,KRZF02882AG3,한국증권금융 20260309-31-10,20260309,20260409,KRW,10000000000,-13,AAA0(A1),금융 및 보험업
한국증권금융,KRZF028823G3,한국증권금융 20260309-31-3,20260309,20260409,KRW,10000000000,-13,AAA0(A1),금융 및 보험업
한국투자금융지주,KRZF071058GF,한국투자금융지주 20260309-263-41,20260309,20261127,KRW,5000000000,219,AAA0(A1),금융 및 보험업
한국투자금융지주,KRZF071057GF,한국투자금융지주 20260309-263-40,20260309,20261127,KRW,5000000000,219,AAA0(A1),금융 및 보험업
한국투자금융지주,KRZF071055GF,한국투자금융지주 20260309-263-38,20260309,20261127,KRW,5000000000,219,AAA0(A1),금융 및 보험업
한국투자금융지주,KRZF071056GF,한국투자금융지주 20260309-263-39,20260309,20261127,KRW,5000000000,219,AAA0(A1),금융 및 보험업
한국투자금융지주,KRZF071059GF,한국투자금융지주 20260309-263-42,20260309,20261127,KRW,5000000000,219,AAA0(A1),금융 및 보험업
한국투자금융지주,KRZF07105AGF,한국투자금융지주 20260309-263-43,20260309,20261127,KRW,5000000000,219,AAA0(A1),금융 및 보험업
한국투자캐피탈,KRZF214342G3,한국투자캐피탈 20260309-364-2,20260309,20270308,KRW,5000000000,320,AA0(A2),금융 및 보험업
한국투자캐피탈,KRZF214341G3,한국투자캐피탈 20260309-364-1,20260309,20270308,KRW,5000000000,320,AA0(A2),금융 및 보험업
한화솔루션,KRZF009838G3,한화솔루션 20260309-91-8,20260309,20260608,KRW,5000000000,47,AAA0(A1),제조업
한화솔루션,KRZF009837G3,한화솔루션 20260309-245-7,20260309,20261109,KRW,5000000000,201,AAA0(A1),제조업
한화솔루션,KRZF009836G3,한화솔루션 20260309-245-6,20260309,20261109,KRW,5000000000,201,AAA0(A1),제조업
한화솔루션,KRZF009832G3,한화솔루션 20260309-245-2,20260309,20261109,KRW,5000000000,201,AAA0(A1),제조업
한화솔루션,KRZF00983KG3,한화솔루션 20260309-91-19,20260309,20260608,KRW,5000000000,47,AAA0(A1),제조업
한화솔루션,KRZF00983JG3,한화솔루션 20260309-91-18,20260309,20260608,KRW,5000000000,47,AAA0(A1),제조업
한화솔루션,KRZF00983FG3,한화솔루션 20260309-91-15,20260309,20260608,KRW,5000000000,47,AAA0(A1),제조업
한화솔루션,KRZF00983SG3,한화솔루션 20260309-91-26,20260309,20260608,KRW,5000000000,47,AAA0(A1),제조업
한화솔루션,KRZF00983NG3,한화솔루션 20260309-91-22,20260309,20260608,KRW,5000000000,47,AAA0(A1),제조업
한화솔루션,KRZF00983CG3,한화솔루션 20260309-91-12,20260309,20260608,KRW,5000000000,47,AAA0(A1),제조업
한화솔루션,KRZF009834G3,한화솔루션 20260309-245-4,20260309,20261109,KRW,5000000000,201,AAA0(A1),제조업
한화솔루션,KRZF00983LG3,한화솔루션 20260309-91-20,20260309,20260608,KRW,5000000000,47,AAA0(A1),제조업
한화솔루션,KRZF009831G3,한화솔루션 20260309-245-1,20260309,20261109,KRW,20000000000,201,AAA0(A1),제조업
한화솔루션,KRZF009835G3,한화솔루션 20260309-245-5,20260309,20261109,KRW,5000000000,201,AAA0(A1),제조업
한화솔루션,KRZF00983DG3,한화솔루션 20260309-91-13,20260309,20260608,KRW,5000000000,47,AAA0(A1),제조업
한화솔루션,KRZF00983BG3,한화솔루션 20260309-91-11,20260309,20260608,KRW,5000000000,47,AAA0(A1),제조업
한화솔루션,KRZF009833G3,한화솔루션 20260309-245-3,20260309,20261109,KRW,5000000000,201,AAA0(A1),제조업
한화솔루션,KRZF00983GG3,한화솔루션 20260309-91-16,20260309,20260608,KRW,5000000000,47,AAA0(A1),제조업
한화솔루션,KRZF00983EG3,한화솔루션 20260309-91-14,20260309,20260608,KRW,5000000000,47,AAA0(A1),제조업
한화솔루션,KRZF00983MG3,한화솔루션 20260309-91-21,20260309,20260608,KRW,5000000000,47,AAA0(A1),제조업
한화솔루션,KRZF00983PG3,한화솔루션 20260309-91-23,20260309,20260608,KRW,5000000000,47,AAA0(A1),제조업
한화솔루션,KRZF00983RG3,한화솔루션 20260309-91-25,20260309,20260608,KRW,5000000000,47,AAA0(A1),제조업
한화솔루션,KRZF00983QG3,한화솔루션 20260309-91-24,20260309,20260608,KRW,5000000000,47,AAA0(A1),제조업
한화솔루션,KRZF00983AG3,한화솔루션 20260309-91-10,20260309,20260608,KRW,5000000000,47,AAA0(A1),제조업
한화솔루션,KRZF009839G3,한화솔루션 20260309-91-9,20260309,20260608,KRW,5000000000,47,AAA0(A1),제조업
한화솔루션,KRZF00983HG3,한화솔루션 20260309-91-17,20260309,20260608,KRW,5000000000,47,AAA0(A1),제조업
한화솔루션,KRZF00983TG3,한화솔루션 20260309-91-27,20260309,20260608,KRW,5000000000,47,AAA0(A1),제조업
현대캐피탈,KRZF029882G3,현대캐피탈 20260309-91-2,20260309,20260608,KRW,5000000000,47,AAA0(A1),금융 및 보험업
현대캐피탈,KRZF029884G3,현대캐피탈 20260309-91-4,20260309,20260608,KRW,5000000000,47,AAA0(A1),금융 및 보험업
현대캐피탈,KRZF029889G3,현대캐피탈 20260309-91-9,20260309,20260608,KRW,5000000000,47,AAA0(A1),금융 및 보험업
현대캐피탈,KRZF029881G3,현대캐피탈 20260309-91-1,20260309,20260608,KRW,5000000000,47,AAA0(A1),금융 및 보험업
현대캐피탈,KRZF02988AG3,현대캐피탈 20260309-91-10,20260309,20260608,KRW,5000000000,47,AAA0(A1),금융 및 보험업
현대캐피탈,KRZF029885G3,현대캐피탈 20260309-91-5,20260309,20260608,KRW,5000000000,47,AAA0(A1),금융 및 보험업
현대캐피탈,KRZF029886G3,현대캐피탈 20260309-91-6,20260309,20260608,KRW,5000000000,47,AAA0(A1),금융 및 보험업
현대캐피탈,KRZF029888G3,현대캐피탈 20260309-91-8,20260309,20260608,KRW,5000000000,47,AAA0(A1),금융 및 보험업
현대캐피탈,KRZF029883G3,현대캐피탈 20260309-91-3,20260309,20260608,KRW,5000000000,47,AAA0(A1),금융 및 보험업
현대캐피탈,KRZF029887G3,현대캐피탈 20260309-91-7,20260309,20260608,KRW,5000000000,47,AAA0(A1),금융 및 보험업
