플랜번호,발행인,종목코드,종목명,PF여부,발행일,만기일,기초자산,통화,환율,발행금액,원화환산발행금액,잔존일물,한국신용평가,한국기업평가,NICE신용평가,서울신용평가,실질자금조달자,신용보강 유형,신용보강기관 유형,신용보강기관
73480,디오케이디비제일차,KRZF0158P1G1,디오케이디비제일차 20260123-90-1,N,20260123,20260423,회사채,KRW,,5000000000,5000000000,42,,A1,A1,,다올투자증권(주),차환발행위험(유동성 공여형 매입약정),공공기관,한국산업은행
73480,디오케이디비제일차,KRZF0158P2G1,디오케이디비제일차 20260123-90-2,N,20260123,20260423,회사채,KRW,,5000000000,5000000000,42,,A1,A1,,다올투자증권(주),차환발행위험(유동성 공여형 매입약정),공공기관,한국산업은행
73480,디오케이디비제일차,KRZF0158P3G1,디오케이디비제일차 20260123-90-3,N,20260123,20260423,회사채,KRW,,5000000000,5000000000,42,,A1,A1,,다올투자증권(주),차환발행위험(유동성 공여형 매입약정),공공기관,한국산업은행
73480,디오케이디비제일차,KRZF0158P4G1,디오케이디비제일차 20260123-90-4,N,20260123,20260423,회사채,KRW,,5000000000,5000000000,42,,A1,A1,,다올투자증권(주),차환발행위험(유동성 공여형 매입약정),공공기관,한국산업은행
55867,리치게이트원당,KRZFA15901G1,리치게이트원당 20260123-59-1,Y,20260123,20260323,PF대출채권,KRW,,132000000,132000000,11,,A1,A1,,원당1구역주택재개발정비사업조합,외부 신용보강,금융기관,신한은행
55867,리치게이트원당,KRZFA15901G1,리치게이트원당 20260123-59-1,Y,20260123,20260323,PF대출채권,KRW,,132000000,132000000,11,,A1,A1,,원당1구역주택재개발정비사업조합,차환발행위험(유동성 공여형 매입약정),금융기관,신한은행
55867,리치게이트원당,KRZFA15902G1,리치게이트원당 20260123-59-2,Y,20260123,20260323,PF대출채권,KRW,,158590,158590,11,,A1,A1,,원당1구역주택재개발정비사업조합,외부 신용보강,금융기관,신한은행
55867,리치게이트원당,KRZFA15902G1,리치게이트원당 20260123-59-2,Y,20260123,20260323,PF대출채권,KRW,,158590,158590,11,,A1,A1,,원당1구역주택재개발정비사업조합,차환발행위험(유동성 공여형 매입약정),금융기관,신한은행
55867,리치게이트원당,KRZFA15903G1,리치게이트원당 20260123-59-3,Y,20260123,20260323,PF대출채권,KRW,,124229075,124229075,11,,A1,A1,,원당1구역주택재개발정비사업조합,외부 신용보강,금융기관,신한은행
55867,리치게이트원당,KRZFA15903G1,리치게이트원당 20260123-59-3,Y,20260123,20260323,PF대출채권,KRW,,124229075,124229075,11,,A1,A1,,원당1구역주택재개발정비사업조합,차환발행위험(유동성 공여형 매입약정),금융기관,신한은행
55867,리치게이트원당,KRZFA15904G1,리치게이트원당 20260123-59-4,Y,20260123,20260323,PF대출채권,KRW,,343612335,343612335,11,,A1,A1,,원당1구역주택재개발정비사업조합,외부 신용보강,금융기관,신한은행
55867,리치게이트원당,KRZFA15904G1,리치게이트원당 20260123-59-4,Y,20260123,20260323,PF대출채권,KRW,,343612335,343612335,11,,A1,A1,,원당1구역주택재개발정비사업조합,차환발행위험(유동성 공여형 매입약정),금융기관,신한은행
61254,에스피에스제일차,KRZFA54961G1,에스피에스제일차 20260123-59-1,Y,20260123,20260323,PF대출채권,KRW,,5000000000,5000000000,11,,A1,A1,,신한은행,외부 신용보강,금융기관,중소기업은행
61254,에스피에스제일차,KRZFA5496AG1,에스피에스제일차 20260123-59-10,Y,20260123,20260323,PF대출채권,KRW,,5000000000,5000000000,11,,A1,A1,,신한은행,외부 신용보강,금융기관,중소기업은행
61254,에스피에스제일차,KRZFA5496BG1,에스피에스제일차 20260123-59-11,Y,20260123,20260323,PF대출채권,KRW,,4300000000,4300000000,11,,A1,A1,,신한은행,외부 신용보강,금융기관,중소기업은행
61254,에스피에스제일차,KRZFA54962G1,에스피에스제일차 20260123-59-2,Y,20260123,20260323,PF대출채권,KRW,,5000000000,5000000000,11,,A1,A1,,신한은행,외부 신용보강,금융기관,중소기업은행
61254,에스피에스제일차,KRZFA54963G1,에스피에스제일차 20260123-59-3,Y,20260123,20260323,PF대출채권,KRW,,5000000000,5000000000,11,,A1,A1,,신한은행,외부 신용보강,금융기관,중소기업은행
61254,에스피에스제일차,KRZFA54964G1,에스피에스제일차 20260123-59-4,Y,20260123,20260323,PF대출채권,KRW,,5000000000,5000000000,11,,A1,A1,,신한은행,외부 신용보강,금융기관,중소기업은행
61254,에스피에스제일차,KRZFA54965G1,에스피에스제일차 20260123-59-5,Y,20260123,20260323,PF대출채권,KRW,,5000000000,5000000000,11,,A1,A1,,신한은행,외부 신용보강,금융기관,중소기업은행
61254,에스피에스제일차,KRZFA54966G1,에스피에스제일차 20260123-59-6,Y,20260123,20260323,PF대출채권,KRW,,5000000000,5000000000,11,,A1,A1,,신한은행,외부 신용보강,금융기관,중소기업은행
61254,에스피에스제일차,KRZFA54967G1,에스피에스제일차 20260123-59-7,Y,20260123,20260323,PF대출채권,KRW,,5000000000,5000000000,11,,A1,A1,,신한은행,외부 신용보강,금융기관,중소기업은행
61254,에스피에스제일차,KRZFA54968G1,에스피에스제일차 20260123-59-8,Y,20260123,20260323,PF대출채권,KRW,,5000000000,5000000000,11,,A1,A1,,신한은행,외부 신용보강,금융기관,중소기업은행
61254,에스피에스제일차,KRZFA54969G1,에스피에스제일차 20260123-59-9,Y,20260123,20260323,PF대출채권,KRW,,5000000000,5000000000,11,,A1,A1,,신한은행,외부 신용보강,금융기관,중소기업은행
68633,에이치세븐제사차,KRZF0013D1G1,에이치세븐제사차 20260123-90-1,N,20260123,20260423,대출채권,KRW,,5000000000,5000000000,42,,A1,A1,,코리아세븐,외부 신용보강,금융기관,하나은행
68633,에이치세븐제사차,KRZF0013D1G1,에이치세븐제사차 20260123-90-1,N,20260123,20260423,대출채권,KRW,,5000000000,5000000000,42,,A1,A1,,코리아세븐,차환발행위험(유동성 공여형 매입약정),금융기관,하나은행
68633,에이치세븐제사차,KRZF0013D1G1,에이치세븐제사차 20260123-90-1,N,20260123,20260423,대출채권,KRW,,5000000000,5000000000,42,,A1,A1,,코리아세븐,금리변동/환율변동,금융기관,하나은행
68633,에이치세븐제사차,KRZF0013D2G1,에이치세븐제사차 20260123-90-2,N,20260123,20260423,대출채권,KRW,,5000000000,5000000000,42,,A1,A1,,코리아세븐,외부 신용보강,금융기관,하나은행
68633,에이치세븐제사차,KRZF0013D2G1,에이치세븐제사차 20260123-90-2,N,20260123,20260423,대출채권,KRW,,5000000000,5000000000,42,,A1,A1,,코리아세븐,차환발행위험(유동성 공여형 매입약정),금융기관,하나은행
68633,에이치세븐제사차,KRZF0013D2G1,에이치세븐제사차 20260123-90-2,N,20260123,20260423,대출채권,KRW,,5000000000,5000000000,42,,A1,A1,,코리아세븐,금리변동/환율변동,금융기관,하나은행
68633,에이치세븐제사차,KRZF0013D3G1,에이치세븐제사차 20260123-90-3,N,20260123,20260423,대출채권,KRW,,5000000000,5000000000,42,,A1,A1,,코리아세븐,외부 신용보강,금융기관,하나은행
68633,에이치세븐제사차,KRZF0013D3G1,에이치세븐제사차 20260123-90-3,N,20260123,20260423,대출채권,KRW,,5000000000,5000000000,42,,A1,A1,,코리아세븐,차환발행위험(유동성 공여형 매입약정),금융기관,하나은행
68633,에이치세븐제사차,KRZF0013D3G1,에이치세븐제사차 20260123-90-3,N,20260123,20260423,대출채권,KRW,,5000000000,5000000000,42,,A1,A1,,코리아세븐,금리변동/환율변동,금융기관,하나은행
68633,에이치세븐제사차,KRZF0013D4G1,에이치세븐제사차 20260123-90-4,N,20260123,20260423,대출채권,KRW,,5000000000,5000000000,42,,A1,A1,,코리아세븐,외부 신용보강,금융기관,하나은행
68633,에이치세븐제사차,KRZF0013D4G1,에이치세븐제사차 20260123-90-4,N,20260123,20260423,대출채권,KRW,,5000000000,5000000000,42,,A1,A1,,코리아세븐,차환발행위험(유동성 공여형 매입약정),금융기관,하나은행
68633,에이치세븐제사차,KRZF0013D4G1,에이치세븐제사차 20260123-90-4,N,20260123,20260423,대출채권,KRW,,5000000000,5000000000,42,,A1,A1,,코리아세븐,금리변동/환율변동,금융기관,하나은행
68633,에이치세븐제사차,KRZF0013D5G1,에이치세븐제사차 20260123-90-5,N,20260123,20260423,대출채권,KRW,,5000000000,5000000000,42,,A1,A1,,코리아세븐,외부 신용보강,금융기관,하나은행
68633,에이치세븐제사차,KRZF0013D5G1,에이치세븐제사차 20260123-90-5,N,20260123,20260423,대출채권,KRW,,5000000000,5000000000,42,,A1,A1,,코리아세븐,차환발행위험(유동성 공여형 매입약정),금융기관,하나은행
68633,에이치세븐제사차,KRZF0013D5G1,에이치세븐제사차 20260123-90-5,N,20260123,20260423,대출채권,KRW,,5000000000,5000000000,42,,A1,A1,,코리아세븐,금리변동/환율변동,금융기관,하나은행
68633,에이치세븐제사차,KRZF0013D6G1,에이치세븐제사차 20260123-90-6,N,20260123,20260423,대출채권,KRW,,5000000000,5000000000,42,,A1,A1,,코리아세븐,외부 신용보강,금융기관,하나은행
68633,에이치세븐제사차,KRZF0013D6G1,에이치세븐제사차 20260123-90-6,N,20260123,20260423,대출채권,KRW,,5000000000,5000000000,42,,A1,A1,,코리아세븐,차환발행위험(유동성 공여형 매입약정),금융기관,하나은행
68633,에이치세븐제사차,KRZF0013D6G1,에이치세븐제사차 20260123-90-6,N,20260123,20260423,대출채권,KRW,,5000000000,5000000000,42,,A1,A1,,코리아세븐,금리변동/환율변동,금융기관,하나은행
72260,엑스티어하나제삼차,KRZF0119K1G1,엑스티어하나제삼차 20260123-90-1,N,20260123,20260423,대출채권,KRW,,5000000000,5000000000,42,A1,A1,,,현대오일뱅크,차환발행위험(유동성 공여형 매입약정),금융기관,하나은행
72260,엑스티어하나제삼차,KRZF0119K2G1,엑스티어하나제삼차 20260123-90-2,N,20260123,20260423,대출채권,KRW,,5000000000,5000000000,42,A1,A1,,,현대오일뱅크,차환발행위험(유동성 공여형 매입약정),금융기관,하나은행
72260,엑스티어하나제삼차,KRZF0119K3G1,엑스티어하나제삼차 20260123-90-3,N,20260123,20260423,대출채권,KRW,,5000000000,5000000000,42,A1,A1,,,현대오일뱅크,차환발행위험(유동성 공여형 매입약정),금융기관,하나은행
72260,엑스티어하나제삼차,KRZF0119K4G1,엑스티어하나제삼차 20260123-90-4,N,20260123,20260423,대출채권,KRW,,5000000000,5000000000,42,A1,A1,,,현대오일뱅크,차환발행위험(유동성 공여형 매입약정),금융기관,하나은행
72260,엑스티어하나제삼차,KRZF0119K5G1,엑스티어하나제삼차 20260123-90-5,N,20260123,20260423,대출채권,KRW,,5000000000,5000000000,42,A1,A1,,,현대오일뱅크,차환발행위험(유동성 공여형 매입약정),금융기관,하나은행
72260,엑스티어하나제삼차,KRZF0119K6G1,엑스티어하나제삼차 20260123-90-6,N,20260123,20260423,대출채권,KRW,,5000000000,5000000000,42,A1,A1,,,현대오일뱅크,차환발행위험(유동성 공여형 매입약정),금융기관,하나은행
66439,엔에이치엘용산,KRZFA89111G1,엔에이치엘용산 20260123-90-1,N,20260123,20260423,대출채권,KRW,,5000000000,5000000000,42,,A1,A1,,LS네트웍스,외부 신용보강,금융기관,농협은행
66439,엔에이치엘용산,KRZFA8911AG1,엔에이치엘용산 20260123-90-10,N,20260123,20260423,대출채권,KRW,,5000000000,5000000000,42,,A1,A1,,LS네트웍스,외부 신용보강,금융기관,농협은행
66439,엔에이치엘용산,KRZFA8911BG1,엔에이치엘용산 20260123-90-11,N,20260123,20260423,대출채권,KRW,,200000000,200000000,42,,A1,A1,,LS네트웍스,외부 신용보강,금융기관,농협은행
66439,엔에이치엘용산,KRZFA89112G1,엔에이치엘용산 20260123-90-2,N,20260123,20260423,대출채권,KRW,,5000000000,5000000000,42,,A1,A1,,LS네트웍스,외부 신용보강,금융기관,농협은행
66439,엔에이치엘용산,KRZFA89113G1,엔에이치엘용산 20260123-90-3,N,20260123,20260423,대출채권,KRW,,5000000000,5000000000,42,,A1,A1,,LS네트웍스,외부 신용보강,금융기관,농협은행
66439,엔에이치엘용산,KRZFA89114G1,엔에이치엘용산 20260123-90-4,N,20260123,20260423,대출채권,KRW,,5000000000,5000000000,42,,A1,A1,,LS네트웍스,외부 신용보강,금융기관,농협은행
66439,엔에이치엘용산,KRZFA89115G1,엔에이치엘용산 20260123-90-5,N,20260123,20260423,대출채권,KRW,,5000000000,5000000000,42,,A1,A1,,LS네트웍스,외부 신용보강,금융기관,농협은행
66439,엔에이치엘용산,KRZFA89116G1,엔에이치엘용산 20260123-90-6,N,20260123,20260423,대출채권,KRW,,5000000000,5000000000,42,,A1,A1,,LS네트웍스,외부 신용보강,금융기관,농협은행
66439,엔에이치엘용산,KRZFA89117G1,엔에이치엘용산 20260123-90-7,N,20260123,20260423,대출채권,KRW,,5000000000,5000000000,42,,A1,A1,,LS네트웍스,외부 신용보강,금융기관,농협은행
66439,엔에이치엘용산,KRZFA89118G1,엔에이치엘용산 20260123-90-8,N,20260123,20260423,대출채권,KRW,,5000000000,5000000000,42,,A1,A1,,LS네트웍스,외부 신용보강,금융기관,농협은행
66439,엔에이치엘용산,KRZFA89119G1,엔에이치엘용산 20260123-90-9,N,20260123,20260423,대출채권,KRW,,5000000000,5000000000,42,,A1,A1,,LS네트웍스,외부 신용보강,금융기관,농협은행
66433,엘에스하나제일차,KRZFA88661G1,엘에스하나제일차 20260123-90-1,N,20260123,20260423,대출채권,KRW,,20000000000,20000000000,42,,A1,A1,,LS네트웍스,차환발행위험(유동성 공여형 매입약정),금융기관,하나은행
66433,엘에스하나제일차,KRZFA88662G1,엘에스하나제일차 20260123-90-2,N,20260123,20260423,대출채권,KRW,,5000000000,5000000000,42,,A1,A1,,LS네트웍스,차환발행위험(유동성 공여형 매입약정),금융기관,하나은행
66433,엘에스하나제일차,KRZFA88663G1,엘에스하나제일차 20260123-90-3,N,20260123,20260423,대출채권,KRW,,5000000000,5000000000,42,,A1,A1,,LS네트웍스,차환발행위험(유동성 공여형 매입약정),금융기관,하나은행
66433,엘에스하나제일차,KRZFA88664G1,엘에스하나제일차 20260123-90-4,N,20260123,20260423,대출채권,KRW,,5000000000,5000000000,42,,A1,A1,,LS네트웍스,차환발행위험(유동성 공여형 매입약정),금융기관,하나은행
66433,엘에스하나제일차,KRZFA88665G1,엘에스하나제일차 20260123-90-5,N,20260123,20260423,대출채권,KRW,,5000000000,5000000000,42,,A1,A1,,LS네트웍스,차환발행위험(유동성 공여형 매입약정),금융기관,하나은행
66433,엘에스하나제일차,KRZFA88666G1,엘에스하나제일차 20260123-90-6,N,20260123,20260423,대출채권,KRW,,5000000000,5000000000,42,,A1,A1,,LS네트웍스,차환발행위험(유동성 공여형 매입약정),금융기관,하나은행
66433,엘에스하나제일차,KRZFA88667G1,엘에스하나제일차 20260123-90-7,N,20260123,20260423,대출채권,KRW,,5000000000,5000000000,42,,A1,A1,,LS네트웍스,차환발행위험(유동성 공여형 매입약정),금융기관,하나은행
69700,엘티하나제일차,KRZF0047E1G1,엘티하나제일차 20260123-90-1,N,20260123,20260423,대출채권,KRW,,5000000000,5000000000,42,A1,A1,,,엘티메탈(주),차환발행위험(유동성 공여형 매입약정),금융기관,하나은행
69700,엘티하나제일차,KRZF0047E2G1,엘티하나제일차 20260123-90-2,N,20260123,20260423,대출채권,KRW,,5000000000,5000000000,42,A1,A1,,,엘티메탈(주),차환발행위험(유동성 공여형 매입약정),금융기관,하나은행
69700,엘티하나제일차,KRZF0047E3G1,엘티하나제일차 20260123-90-3,N,20260123,20260423,대출채권,KRW,,5000000000,5000000000,42,A1,A1,,,엘티메탈(주),차환발행위험(유동성 공여형 매입약정),금융기관,하나은행
69700,엘티하나제일차,KRZF0047E4G1,엘티하나제일차 20260123-90-4,N,20260123,20260423,대출채권,KRW,,5000000000,5000000000,42,A1,A1,,,엘티메탈(주),차환발행위험(유동성 공여형 매입약정),금융기관,하나은행
73501,와이디피제십구차,KRZF0067E1G1,와이디피제십구차 20260123-123-1,N,20260123,20260526,정기예금,KRW,,5000000000,5000000000,75,A1,A1,A1,,신한은행,자체 신용보강,자체 신용보강,신한은행
73501,와이디피제십구차,KRZF0067ENG1,와이디피제십구차 20260123-123-22,N,20260123,20260526,정기예금,KRW,,5000000000,5000000000,75,A1,A1,A1,,신한은행,자체 신용보강,자체 신용보강,신한은행
73501,와이디피제십구차,KRZF0067ERG1,와이디피제십구차 20260123-123-25,N,20260123,20260526,정기예금,KRW,,5000000000,5000000000,75,A1,A1,A1,,신한은행,자체 신용보강,자체 신용보강,신한은행
73501,와이디피제십구차,KRZF0067ESG1,와이디피제십구차 20260123-123-26,N,20260123,20260526,정기예금,KRW,,5000000000,5000000000,75,A1,A1,A1,,신한은행,자체 신용보강,자체 신용보강,신한은행
73501,와이디피제십구차,KRZF0067ETG1,와이디피제십구차 20260123-123-27,N,20260123,20260526,정기예금,KRW,,5000000000,5000000000,75,A1,A1,A1,,신한은행,자체 신용보강,자체 신용보강,신한은행
73501,와이디피제십구차,KRZF0067EVG1,와이디피제십구차 20260123-123-28,N,20260123,20260526,정기예금,KRW,,5000000000,5000000000,75,A1,A1,A1,,신한은행,자체 신용보강,자체 신용보강,신한은행
73501,와이디피제십구차,KRZF0067EWG1,와이디피제십구차 20260123-123-29,N,20260123,20260526,정기예금,KRW,,5000000000,5000000000,75,A1,A1,A1,,신한은행,자체 신용보강,자체 신용보강,신한은행
73501,와이디피제십구차,KRZF0067E3G1,와이디피제십구차 20260123-123-3,N,20260123,20260526,정기예금,KRW,,5000000000,5000000000,75,A1,A1,A1,,신한은행,자체 신용보강,자체 신용보강,신한은행
73501,와이디피제십구차,KRZF0067EXG1,와이디피제십구차 20260123-123-30,N,20260123,20260526,정기예금,KRW,,5000000000,5000000000,75,A1,A1,A1,,신한은행,자체 신용보강,자체 신용보강,신한은행
73501,와이디피제십구차,KRZF0067EYG1,와이디피제십구차 20260123-123-31,N,20260123,20260526,정기예금,KRW,,5000000000,5000000000,75,A1,A1,A1,,신한은행,자체 신용보강,자체 신용보강,신한은행
73501,와이디피제십구차,KRZF0067EZG1,와이디피제십구차 20260123-123-32,N,20260123,20260526,정기예금,KRW,,5000000000,5000000000,75,A1,A1,A1,,신한은행,자체 신용보강,자체 신용보강,신한은행
73501,와이디피제십구차,KRZF0067E0GD,와이디피제십구차 20260123-123-33,N,20260123,20260526,정기예금,KRW,,5000000000,5000000000,75,A1,A1,A1,,신한은행,자체 신용보강,자체 신용보강,신한은행
73501,와이디피제십구차,KRZF0067E1GD,와이디피제십구차 20260123-123-34,N,20260123,20260526,정기예금,KRW,,5000000000,5000000000,75,A1,A1,A1,,신한은행,자체 신용보강,자체 신용보강,신한은행
73501,와이디피제십구차,KRZF0067E2GD,와이디피제십구차 20260123-123-35,N,20260123,20260526,정기예금,KRW,,5000000000,5000000000,75,A1,A1,A1,,신한은행,자체 신용보강,자체 신용보강,신한은행
73501,와이디피제십구차,KRZF0067E3GD,와이디피제십구차 20260123-123-36,N,20260123,20260526,정기예금,KRW,,5000000000,5000000000,75,A1,A1,A1,,신한은행,자체 신용보강,자체 신용보강,신한은행
73501,와이디피제십구차,KRZF0067E4GD,와이디피제십구차 20260123-123-37,N,20260123,20260526,정기예금,KRW,,5000000000,5000000000,75,A1,A1,A1,,신한은행,자체 신용보강,자체 신용보강,신한은행
73501,와이디피제십구차,KRZF0067E5GD,와이디피제십구차 20260123-123-38,N,20260123,20260526,정기예금,KRW,,5000000000,5000000000,75,A1,A1,A1,,신한은행,자체 신용보강,자체 신용보강,신한은행
73501,와이디피제십구차,KRZF0067E6GD,와이디피제십구차 20260123-123-39,N,20260123,20260526,정기예금,KRW,,5000000000,5000000000,75,A1,A1,A1,,신한은행,자체 신용보강,자체 신용보강,신한은행
73501,와이디피제십구차,KRZF0067E7GD,와이디피제십구차 20260123-123-40,N,20260123,20260526,정기예금,KRW,,5000000000,5000000000,75,A1,A1,A1,,신한은행,자체 신용보강,자체 신용보강,신한은행
73501,와이디피제십구차,KRZF0067E8GD,와이디피제십구차 20260123-123-41,N,20260123,20260526,정기예금,KRW,,5000000000,5000000000,75,A1,A1,A1,,신한은행,자체 신용보강,자체 신용보강,신한은행
73501,와이디피제십구차,KRZF0067E9GD,와이디피제십구차 20260123-123-42,N,20260123,20260526,정기예금,KRW,,5000000000,5000000000,75,A1,A1,A1,,신한은행,자체 신용보강,자체 신용보강,신한은행
73501,와이디피제십구차,KRZF0067EAGD,와이디피제십구차 20260123-123-43,N,20260123,20260526,정기예금,KRW,,5000000000,5000000000,75,A1,A1,A1,,신한은행,자체 신용보강,자체 신용보강,신한은행
73501,와이디피제십구차,KRZF0067EBGD,와이디피제십구차 20260123-123-44,N,20260123,20260526,정기예금,KRW,,5000000000,5000000000,75,A1,A1,A1,,신한은행,자체 신용보강,자체 신용보강,신한은행
73501,와이디피제십구차,KRZF0067ECGD,와이디피제십구차 20260123-123-45,N,20260123,20260526,정기예금,KRW,,5000000000,5000000000,75,A1,A1,A1,,신한은행,자체 신용보강,자체 신용보강,신한은행
73501,와이디피제십구차,KRZF0067EDGD,와이디피제십구차 20260123-123-46,N,20260123,20260526,정기예금,KRW,,5000000000,5000000000,75,A1,A1,A1,,신한은행,자체 신용보강,자체 신용보강,신한은행
73501,와이디피제십구차,KRZF0067EFGD,와이디피제십구차 20260123-123-48,N,20260123,20260526,정기예금,KRW,,5000000000,5000000000,75,A1,A1,A1,,신한은행,자체 신용보강,자체 신용보강,신한은행
73501,와이디피제십구차,KRZF0067E8G1,와이디피제십구차 20260123-252-8,N,20260123,20261002,정기예금,KRW,,117000000,117000000,204,A1,A1,A1,,신한은행,자체 신용보강,자체 신용보강,신한은행
73501,와이디피제십구차,KRZF0067EEGD,와이디피제십구차 20260123-287-47,N,20260123,20261106,정기예금,KRW,,194000000,194000000,239,A1,A1,A1,,신한은행,자체 신용보강,자체 신용보강,신한은행
73501,와이디피제십구차,KRZF0067EAG1,와이디피제십구차 20260123-96-10,N,20260123,20260429,정기예금,KRW,,5000000000,5000000000,48,A1,A1,A1,,신한은행,자체 신용보강,자체 신용보강,신한은행
73501,와이디피제십구차,KRZF0067EBG1,와이디피제십구차 20260123-96-11,N,20260123,20260429,정기예금,KRW,,5000000000,5000000000,48,A1,A1,A1,,신한은행,자체 신용보강,자체 신용보강,신한은행
73501,와이디피제십구차,KRZF0067ECG1,와이디피제십구차 20260123-96-12,N,20260123,20260429,정기예금,KRW,,5000000000,5000000000,48,A1,A1,A1,,신한은행,자체 신용보강,자체 신용보강,신한은행
73501,와이디피제십구차,KRZF0067EDG1,와이디피제십구차 20260123-96-13,N,20260123,20260429,정기예금,KRW,,5000000000,5000000000,48,A1,A1,A1,,신한은행,자체 신용보강,자체 신용보강,신한은행
73501,와이디피제십구차,KRZF0067EEG1,와이디피제십구차 20260123-96-14,N,20260123,20260429,정기예금,KRW,,5000000000,5000000000,48,A1,A1,A1,,신한은행,자체 신용보강,자체 신용보강,신한은행
73501,와이디피제십구차,KRZF0067EFG1,와이디피제십구차 20260123-96-15,N,20260123,20260429,정기예금,KRW,,5000000000,5000000000,48,A1,A1,A1,,신한은행,자체 신용보강,자체 신용보강,신한은행
73501,와이디피제십구차,KRZF0067EGG1,와이디피제십구차 20260123-96-16,N,20260123,20260429,정기예금,KRW,,5000000000,5000000000,48,A1,A1,A1,,신한은행,자체 신용보강,자체 신용보강,신한은행
73501,와이디피제십구차,KRZF0067EHG1,와이디피제십구차 20260123-96-17,N,20260123,20260429,정기예금,KRW,,5000000000,5000000000,48,A1,A1,A1,,신한은행,자체 신용보강,자체 신용보강,신한은행
73501,와이디피제십구차,KRZF0067EJG1,와이디피제십구차 20260123-96-18,N,20260123,20260429,정기예금,KRW,,5000000000,5000000000,48,A1,A1,A1,,신한은행,자체 신용보강,자체 신용보강,신한은행
73501,와이디피제십구차,KRZF0067EKG1,와이디피제십구차 20260123-96-19,N,20260123,20260429,정기예금,KRW,,5000000000,5000000000,48,A1,A1,A1,,신한은행,자체 신용보강,자체 신용보강,신한은행
73501,와이디피제십구차,KRZF0067E2G1,와이디피제십구차 20260123-96-2,N,20260123,20260429,정기예금,KRW,,5000000000,5000000000,48,A1,A1,A1,,신한은행,자체 신용보강,자체 신용보강,신한은행
73501,와이디피제십구차,KRZF0067ELG1,와이디피제십구차 20260123-96-20,N,20260123,20260429,정기예금,KRW,,5000000000,5000000000,48,A1,A1,A1,,신한은행,자체 신용보강,자체 신용보강,신한은행
73501,와이디피제십구차,KRZF0067EMG1,와이디피제십구차 20260123-96-21,N,20260123,20260429,정기예금,KRW,,5000000000,5000000000,48,A1,A1,A1,,신한은행,자체 신용보강,자체 신용보강,신한은행
73501,와이디피제십구차,KRZF0067EPG1,와이디피제십구차 20260123-96-23,N,20260123,20260429,정기예금,KRW,,5000000000,5000000000,48,A1,A1,A1,,신한은행,자체 신용보강,자체 신용보강,신한은행
73501,와이디피제십구차,KRZF0067EQG1,와이디피제십구차 20260123-96-24,N,20260123,20260429,정기예금,KRW,,5000000000,5000000000,48,A1,A1,A1,,신한은행,자체 신용보강,자체 신용보강,신한은행
73501,와이디피제십구차,KRZF0067E4G1,와이디피제십구차 20260123-96-4,N,20260123,20260429,정기예금,KRW,,5000000000,5000000000,48,A1,A1,A1,,신한은행,자체 신용보강,자체 신용보강,신한은행
73501,와이디피제십구차,KRZF0067E5G1,와이디피제십구차 20260123-96-5,N,20260123,20260429,정기예금,KRW,,5000000000,5000000000,48,A1,A1,A1,,신한은행,자체 신용보강,자체 신용보강,신한은행
73501,와이디피제십구차,KRZF0067E6G1,와이디피제십구차 20260123-96-6,N,20260123,20260429,정기예금,KRW,,5000000000,5000000000,48,A1,A1,A1,,신한은행,자체 신용보강,자체 신용보강,신한은행
73501,와이디피제십구차,KRZF0067E7G1,와이디피제십구차 20260123-96-7,N,20260123,20260429,정기예금,KRW,,5000000000,5000000000,48,A1,A1,A1,,신한은행,자체 신용보강,자체 신용보강,신한은행
73501,와이디피제십구차,KRZF0067E9G1,와이디피제십구차 20260123-96-9,N,20260123,20260429,정기예금,KRW,,5000000000,5000000000,48,A1,A1,A1,,신한은행,자체 신용보강,자체 신용보강,신한은행
66441,우리엘용산제일차,KRZF396191G1,우리엘용산제일차 20260123-90-1,N,20260123,20260423,대출채권,KRW,,5000000000,5000000000,42,A1,,A1,,LS네트웍스,외부 신용보강,금융기관,우리은행
66441,우리엘용산제일차,KRZF396191G1,우리엘용산제일차 20260123-90-1,N,20260123,20260423,대출채권,KRW,,5000000000,5000000000,42,A1,,A1,,LS네트웍스,차환발행위험(유동성 공여형 매입약정),금융기관,우리은행
66441,우리엘용산제일차,KRZF396191G1,우리엘용산제일차 20260123-90-1,N,20260123,20260423,대출채권,KRW,,5000000000,5000000000,42,A1,,A1,,LS네트웍스,금리변동/환율변동,금융기관,우리은행
66441,우리엘용산제일차,KRZF396192G1,우리엘용산제일차 20260123-90-2,N,20260123,20260423,대출채권,KRW,,5000000000,5000000000,42,A1,,A1,,LS네트웍스,외부 신용보강,금융기관,우리은행
66441,우리엘용산제일차,KRZF396192G1,우리엘용산제일차 20260123-90-2,N,20260123,20260423,대출채권,KRW,,5000000000,5000000000,42,A1,,A1,,LS네트웍스,차환발행위험(유동성 공여형 매입약정),금융기관,우리은행
66441,우리엘용산제일차,KRZF396192G1,우리엘용산제일차 20260123-90-2,N,20260123,20260423,대출채권,KRW,,5000000000,5000000000,42,A1,,A1,,LS네트웍스,금리변동/환율변동,금융기관,우리은행
66441,우리엘용산제일차,KRZF396193G1,우리엘용산제일차 20260123-90-3,N,20260123,20260423,대출채권,KRW,,5000000000,5000000000,42,A1,,A1,,LS네트웍스,외부 신용보강,금융기관,우리은행
66441,우리엘용산제일차,KRZF396193G1,우리엘용산제일차 20260123-90-3,N,20260123,20260423,대출채권,KRW,,5000000000,5000000000,42,A1,,A1,,LS네트웍스,차환발행위험(유동성 공여형 매입약정),금융기관,우리은행
66441,우리엘용산제일차,KRZF396193G1,우리엘용산제일차 20260123-90-3,N,20260123,20260423,대출채권,KRW,,5000000000,5000000000,42,A1,,A1,,LS네트웍스,금리변동/환율변동,금융기관,우리은행
66441,우리엘용산제일차,KRZF396194G1,우리엘용산제일차 20260123-90-4,N,20260123,20260423,대출채권,KRW,,5000000000,5000000000,42,A1,,A1,,LS네트웍스,외부 신용보강,금융기관,우리은행
66441,우리엘용산제일차,KRZF396194G1,우리엘용산제일차 20260123-90-4,N,20260123,20260423,대출채권,KRW,,5000000000,5000000000,42,A1,,A1,,LS네트웍스,차환발행위험(유동성 공여형 매입약정),금융기관,우리은행
66441,우리엘용산제일차,KRZF396194G1,우리엘용산제일차 20260123-90-4,N,20260123,20260423,대출채권,KRW,,5000000000,5000000000,42,A1,,A1,,LS네트웍스,금리변동/환율변동,금융기관,우리은행
66441,우리엘용산제일차,KRZF396195G1,우리엘용산제일차 20260123-90-5,N,20260123,20260423,대출채권,KRW,,5000000000,5000000000,42,A1,,A1,,LS네트웍스,외부 신용보강,금융기관,우리은행
66441,우리엘용산제일차,KRZF396195G1,우리엘용산제일차 20260123-90-5,N,20260123,20260423,대출채권,KRW,,5000000000,5000000000,42,A1,,A1,,LS네트웍스,차환발행위험(유동성 공여형 매입약정),금융기관,우리은행
66441,우리엘용산제일차,KRZF396195G1,우리엘용산제일차 20260123-90-5,N,20260123,20260423,대출채권,KRW,,5000000000,5000000000,42,A1,,A1,,LS네트웍스,금리변동/환율변동,금융기관,우리은행
66441,우리엘용산제일차,KRZF396196G1,우리엘용산제일차 20260123-90-6,N,20260123,20260423,대출채권,KRW,,5000000000,5000000000,42,A1,,A1,,LS네트웍스,외부 신용보강,금융기관,우리은행
66441,우리엘용산제일차,KRZF396196G1,우리엘용산제일차 20260123-90-6,N,20260123,20260423,대출채권,KRW,,5000000000,5000000000,42,A1,,A1,,LS네트웍스,차환발행위험(유동성 공여형 매입약정),금융기관,우리은행
66441,우리엘용산제일차,KRZF396196G1,우리엘용산제일차 20260123-90-6,N,20260123,20260423,대출채권,KRW,,5000000000,5000000000,42,A1,,A1,,LS네트웍스,금리변동/환율변동,금융기관,우리은행
66441,우리엘용산제일차,KRZF396197G1,우리엘용산제일차 20260123-90-7,N,20260123,20260423,대출채권,KRW,,5000000000,5000000000,42,A1,,A1,,LS네트웍스,외부 신용보강,금융기관,우리은행
66441,우리엘용산제일차,KRZF396197G1,우리엘용산제일차 20260123-90-7,N,20260123,20260423,대출채권,KRW,,5000000000,5000000000,42,A1,,A1,,LS네트웍스,차환발행위험(유동성 공여형 매입약정),금융기관,우리은행
66441,우리엘용산제일차,KRZF396197G1,우리엘용산제일차 20260123-90-7,N,20260123,20260423,대출채권,KRW,,5000000000,5000000000,42,A1,,A1,,LS네트웍스,금리변동/환율변동,금융기관,우리은행
66441,우리엘용산제일차,KRZF396198G1,우리엘용산제일차 20260123-90-8,N,20260123,20260423,대출채권,KRW,,5000000000,5000000000,42,A1,,A1,,LS네트웍스,외부 신용보강,금융기관,우리은행
66441,우리엘용산제일차,KRZF396198G1,우리엘용산제일차 20260123-90-8,N,20260123,20260423,대출채권,KRW,,5000000000,5000000000,42,A1,,A1,,LS네트웍스,차환발행위험(유동성 공여형 매입약정),금융기관,우리은행
66441,우리엘용산제일차,KRZF396198G1,우리엘용산제일차 20260123-90-8,N,20260123,20260423,대출채권,KRW,,5000000000,5000000000,42,A1,,A1,,LS네트웍스,금리변동/환율변동,금융기관,우리은행
73168,케이비개포오단지제일차,KRZF0151R1G1,케이비개포오단지제일차 20260123-31-1,Y,20260123,20260223,PF대출채권,KRW,,5000000000,5000000000,0,A1,,A1,,개포주공5단지아파트 재건축정비사업조합,차환발행위험(유동성 공여형 매입약정),공공기관,주택도시보증공사
73168,케이비개포오단지제일차,KRZF0151R1G1,케이비개포오단지제일차 20260123-31-1,Y,20260123,20260223,PF대출채권,KRW,,5000000000,5000000000,0,A1,,A1,,개포주공5단지아파트 재건축정비사업조합,차환발행위험(유동성 공여형 매입약정),금융기관,국민은행
73168,케이비개포오단지제일차,KRZF0151R2G1,케이비개포오단지제일차 20260123-31-2,Y,20260123,20260223,PF대출채권,KRW,,5000000000,5000000000,0,A1,,A1,,개포주공5단지아파트 재건축정비사업조합,차환발행위험(유동성 공여형 매입약정),공공기관,주택도시보증공사
73168,케이비개포오단지제일차,KRZF0151R2G1,케이비개포오단지제일차 20260123-31-2,Y,20260123,20260223,PF대출채권,KRW,,5000000000,5000000000,0,A1,,A1,,개포주공5단지아파트 재건축정비사업조합,차환발행위험(유동성 공여형 매입약정),금융기관,국민은행
73168,케이비개포오단지제일차,KRZF0151R3G1,케이비개포오단지제일차 20260123-31-3,Y,20260123,20260223,PF대출채권,KRW,,4300000000,4300000000,0,A1,,A1,,개포주공5단지아파트 재건축정비사업조합,차환발행위험(유동성 공여형 매입약정),공공기관,주택도시보증공사
73168,케이비개포오단지제일차,KRZF0151R3G1,케이비개포오단지제일차 20260123-31-3,Y,20260123,20260223,PF대출채권,KRW,,4300000000,4300000000,0,A1,,A1,,개포주공5단지아파트 재건축정비사업조합,차환발행위험(유동성 공여형 매입약정),금융기관,국민은행
73477,국민넘버원제십일차,KRZFA59681G1,국민넘버원제십일차 20260122-120-1,N,20260122,20260522,정기예금,KRW,,5000000000,5000000000,71,,A1,A1,,국민은행,자체 신용보강,자체 신용보강,국민은행
73477,국민넘버원제십일차,KRZFA5968AG1,국민넘버원제십일차 20260122-120-10,N,20260122,20260522,정기예금,KRW,,5000000000,5000000000,71,,A1,A1,,국민은행,자체 신용보강,자체 신용보강,국민은행
73477,국민넘버원제십일차,KRZFA5968BG1,국민넘버원제십일차 20260122-120-11,N,20260122,20260522,정기예금,KRW,,5000000000,5000000000,71,,A1,A1,,국민은행,자체 신용보강,자체 신용보강,국민은행
73477,국민넘버원제십일차,KRZFA5968CG1,국민넘버원제십일차 20260122-120-12,N,20260122,20260522,정기예금,KRW,,5000000000,5000000000,71,,A1,A1,,국민은행,자체 신용보강,자체 신용보강,국민은행
73477,국민넘버원제십일차,KRZFA5968DG1,국민넘버원제십일차 20260122-120-13,N,20260122,20260522,정기예금,KRW,,5000000000,5000000000,71,,A1,A1,,국민은행,자체 신용보강,자체 신용보강,국민은행
73477,국민넘버원제십일차,KRZFA5968EG1,국민넘버원제십일차 20260122-120-14,N,20260122,20260522,정기예금,KRW,,5000000000,5000000000,71,,A1,A1,,국민은행,자체 신용보강,자체 신용보강,국민은행
73477,국민넘버원제십일차,KRZFA5968FG1,국민넘버원제십일차 20260122-120-15,N,20260122,20260522,정기예금,KRW,,5000000000,5000000000,71,,A1,A1,,국민은행,자체 신용보강,자체 신용보강,국민은행
73477,국민넘버원제십일차,KRZFA5968GG1,국민넘버원제십일차 20260122-120-16,N,20260122,20260522,정기예금,KRW,,5000000000,5000000000,71,,A1,A1,,국민은행,자체 신용보강,자체 신용보강,국민은행
73477,국민넘버원제십일차,KRZFA5968HG1,국민넘버원제십일차 20260122-120-17,N,20260122,20260522,정기예금,KRW,,5000000000,5000000000,71,,A1,A1,,국민은행,자체 신용보강,자체 신용보강,국민은행
73477,국민넘버원제십일차,KRZFA5968JG1,국민넘버원제십일차 20260122-120-18,N,20260122,20260522,정기예금,KRW,,5000000000,5000000000,71,,A1,A1,,국민은행,자체 신용보강,자체 신용보강,국민은행
73477,국민넘버원제십일차,KRZFA5968KG1,국민넘버원제십일차 20260122-120-19,N,20260122,20260522,정기예금,KRW,,5000000000,5000000000,71,,A1,A1,,국민은행,자체 신용보강,자체 신용보강,국민은행
73477,국민넘버원제십일차,KRZFA59682G1,국민넘버원제십일차 20260122-120-2,N,20260122,20260522,정기예금,KRW,,5000000000,5000000000,71,,A1,A1,,국민은행,자체 신용보강,자체 신용보강,국민은행
73477,국민넘버원제십일차,KRZFA5968LG1,국민넘버원제십일차 20260122-120-20,N,20260122,20260522,정기예금,KRW,,5000000000,5000000000,71,,A1,A1,,국민은행,자체 신용보강,자체 신용보강,국민은행
73477,국민넘버원제십일차,KRZFA5968MG1,국민넘버원제십일차 20260122-120-21,N,20260122,20260522,정기예금,KRW,,5000000000,5000000000,71,,A1,A1,,국민은행,자체 신용보강,자체 신용보강,국민은행
73477,국민넘버원제십일차,KRZFA5968NG1,국민넘버원제십일차 20260122-120-22,N,20260122,20260522,정기예금,KRW,,5000000000,5000000000,71,,A1,A1,,국민은행,자체 신용보강,자체 신용보강,국민은행
73477,국민넘버원제십일차,KRZFA5968PG1,국민넘버원제십일차 20260122-120-23,N,20260122,20260522,정기예금,KRW,,5000000000,5000000000,71,,A1,A1,,국민은행,자체 신용보강,자체 신용보강,국민은행
73477,국민넘버원제십일차,KRZFA5968QG1,국민넘버원제십일차 20260122-120-24,N,20260122,20260522,정기예금,KRW,,5000000000,5000000000,71,,A1,A1,,국민은행,자체 신용보강,자체 신용보강,국민은행
73477,국민넘버원제십일차,KRZFA5968RG1,국민넘버원제십일차 20260122-120-25,N,20260122,20260522,정기예금,KRW,,5000000000,5000000000,71,,A1,A1,,국민은행,자체 신용보강,자체 신용보강,국민은행
73477,국민넘버원제십일차,KRZFA5968SG1,국민넘버원제십일차 20260122-120-26,N,20260122,20260522,정기예금,KRW,,5000000000,5000000000,71,,A1,A1,,국민은행,자체 신용보강,자체 신용보강,국민은행
73477,국민넘버원제십일차,KRZFA5968TG1,국민넘버원제십일차 20260122-120-27,N,20260122,20260522,정기예금,KRW,,5000000000,5000000000,71,,A1,A1,,국민은행,자체 신용보강,자체 신용보강,국민은행
73477,국민넘버원제십일차,KRZFA5968VG1,국민넘버원제십일차 20260122-120-28,N,20260122,20260522,정기예금,KRW,,5000000000,5000000000,71,,A1,A1,,국민은행,자체 신용보강,자체 신용보강,국민은행
73477,국민넘버원제십일차,KRZFA5968WG1,국민넘버원제십일차 20260122-120-29,N,20260122,20260522,정기예금,KRW,,5000000000,5000000000,71,,A1,A1,,국민은행,자체 신용보강,자체 신용보강,국민은행
73477,국민넘버원제십일차,KRZFA59683G1,국민넘버원제십일차 20260122-120-3,N,20260122,20260522,정기예금,KRW,,5000000000,5000000000,71,,A1,A1,,국민은행,자체 신용보강,자체 신용보강,국민은행
73477,국민넘버원제십일차,KRZFA5968XG1,국민넘버원제십일차 20260122-120-30,N,20260122,20260522,정기예금,KRW,,5000000000,5000000000,71,,A1,A1,,국민은행,자체 신용보강,자체 신용보강,국민은행
73477,국민넘버원제십일차,KRZFA5968YG1,국민넘버원제십일차 20260122-120-31,N,20260122,20260522,정기예금,KRW,,5000000000,5000000000,71,,A1,A1,,국민은행,자체 신용보강,자체 신용보강,국민은행
73477,국민넘버원제십일차,KRZFA5968ZG1,국민넘버원제십일차 20260122-120-32,N,20260122,20260522,정기예금,KRW,,5000000000,5000000000,71,,A1,A1,,국민은행,자체 신용보강,자체 신용보강,국민은행
73477,국민넘버원제십일차,KRZFA59680GD,국민넘버원제십일차 20260122-120-33,N,20260122,20260522,정기예금,KRW,,5000000000,5000000000,71,,A1,A1,,국민은행,자체 신용보강,자체 신용보강,국민은행
73477,국민넘버원제십일차,KRZFA59681GD,국민넘버원제십일차 20260122-120-34,N,20260122,20260522,정기예금,KRW,,5000000000,5000000000,71,,A1,A1,,국민은행,자체 신용보강,자체 신용보강,국민은행
73477,국민넘버원제십일차,KRZFA59682GD,국민넘버원제십일차 20260122-120-35,N,20260122,20260522,정기예금,KRW,,5000000000,5000000000,71,,A1,A1,,국민은행,자체 신용보강,자체 신용보강,국민은행
73477,국민넘버원제십일차,KRZFA59683GD,국민넘버원제십일차 20260122-120-36,N,20260122,20260522,정기예금,KRW,,5000000000,5000000000,71,,A1,A1,,국민은행,자체 신용보강,자체 신용보강,국민은행
73477,국민넘버원제십일차,KRZFA59684GD,국민넘버원제십일차 20260122-120-37,N,20260122,20260522,정기예금,KRW,,5000000000,5000000000,71,,A1,A1,,국민은행,자체 신용보강,자체 신용보강,국민은행
73477,국민넘버원제십일차,KRZFA59685GD,국민넘버원제십일차 20260122-120-38,N,20260122,20260522,정기예금,KRW,,5000000000,5000000000,71,,A1,A1,,국민은행,자체 신용보강,자체 신용보강,국민은행
73477,국민넘버원제십일차,KRZFA59686GD,국민넘버원제십일차 20260122-120-39,N,20260122,20260522,정기예금,KRW,,5000000000,5000000000,71,,A1,A1,,국민은행,자체 신용보강,자체 신용보강,국민은행
73477,국민넘버원제십일차,KRZFA59684G1,국민넘버원제십일차 20260122-120-4,N,20260122,20260522,정기예금,KRW,,5000000000,5000000000,71,,A1,A1,,국민은행,자체 신용보강,자체 신용보강,국민은행
73477,국민넘버원제십일차,KRZFA59687GD,국민넘버원제십일차 20260122-120-40,N,20260122,20260522,정기예금,KRW,,5000000000,5000000000,71,,A1,A1,,국민은행,자체 신용보강,자체 신용보강,국민은행
73477,국민넘버원제십일차,KRZFA59688GD,국민넘버원제십일차 20260122-120-41,N,20260122,20260522,정기예금,KRW,,5000000000,5000000000,71,,A1,A1,,국민은행,자체 신용보강,자체 신용보강,국민은행
73477,국민넘버원제십일차,KRZFA59689GD,국민넘버원제십일차 20260122-120-42,N,20260122,20260522,정기예금,KRW,,5000000000,5000000000,71,,A1,A1,,국민은행,자체 신용보강,자체 신용보강,국민은행
73477,국민넘버원제십일차,KRZFA5968AGD,국민넘버원제십일차 20260122-120-43,N,20260122,20260522,정기예금,KRW,,5000000000,5000000000,71,,A1,A1,,국민은행,자체 신용보강,자체 신용보강,국민은행
73477,국민넘버원제십일차,KRZFA5968BGD,국민넘버원제십일차 20260122-120-44,N,20260122,20260522,정기예금,KRW,,5000000000,5000000000,71,,A1,A1,,국민은행,자체 신용보강,자체 신용보강,국민은행
73477,국민넘버원제십일차,KRZFA5968CGD,국민넘버원제십일차 20260122-120-45,N,20260122,20260522,정기예금,KRW,,5000000000,5000000000,71,,A1,A1,,국민은행,자체 신용보강,자체 신용보강,국민은행
73477,국민넘버원제십일차,KRZFA5968DGD,국민넘버원제십일차 20260122-120-46,N,20260122,20260522,정기예금,KRW,,5000000000,5000000000,71,,A1,A1,,국민은행,자체 신용보강,자체 신용보강,국민은행
73477,국민넘버원제십일차,KRZFA5968EGD,국민넘버원제십일차 20260122-120-47,N,20260122,20260522,정기예금,KRW,,5000000000,5000000000,71,,A1,A1,,국민은행,자체 신용보강,자체 신용보강,국민은행
73477,국민넘버원제십일차,KRZFA5968FGD,국민넘버원제십일차 20260122-120-48,N,20260122,20260522,정기예금,KRW,,5000000000,5000000000,71,,A1,A1,,국민은행,자체 신용보강,자체 신용보강,국민은행
73477,국민넘버원제십일차,KRZFA59685G1,국민넘버원제십일차 20260122-120-5,N,20260122,20260522,정기예금,KRW,,5000000000,5000000000,71,,A1,A1,,국민은행,자체 신용보강,자체 신용보강,국민은행
73477,국민넘버원제십일차,KRZFA59686G1,국민넘버원제십일차 20260122-120-6,N,20260122,20260522,정기예금,KRW,,5000000000,5000000000,71,,A1,A1,,국민은행,자체 신용보강,자체 신용보강,국민은행
73477,국민넘버원제십일차,KRZFA59687G1,국민넘버원제십일차 20260122-120-7,N,20260122,20260522,정기예금,KRW,,5000000000,5000000000,71,,A1,A1,,국민은행,자체 신용보강,자체 신용보강,국민은행
73477,국민넘버원제십일차,KRZFA59688G1,국민넘버원제십일차 20260122-120-8,N,20260122,20260522,정기예금,KRW,,5000000000,5000000000,71,,A1,A1,,국민은행,자체 신용보강,자체 신용보강,국민은행
73477,국민넘버원제십일차,KRZFA59689G1,국민넘버원제십일차 20260122-120-9,N,20260122,20260522,정기예금,KRW,,5000000000,5000000000,71,,A1,A1,,국민은행,자체 신용보강,자체 신용보강,국민은행
73477,국민넘버원제십일차,KRZFA5968GGD,국민넘버원제십일차 20260122-295-49,N,20260122,20261113,정기예금,KRW,,350000000,350000000,246,,A1,A1,,국민은행,자체 신용보강,자체 신용보강,국민은행
73493,국민베스트제2차,KRZFA009Y6G1,국민베스트제2차 20260122-259-72,N,20260122,20261008,정기예금,KRW,,245000000,245000000,210,A1,,A1,,국민은행,자체 신용보강,자체 신용보강,국민은행
73493,국민베스트제2차,KRZF0009YQG1,국민베스트제2차 20260122-62-24,N,20260122,20260325,정기예금,KRW,,5000000000,5000000000,13,A1,,A1,,국민은행,자체 신용보강,자체 신용보강,국민은행
73493,국민베스트제2차,KRZF0009YRG1,국민베스트제2차 20260122-62-25,N,20260122,20260325,정기예금,KRW,,5000000000,5000000000,13,A1,,A1,,국민은행,자체 신용보강,자체 신용보강,국민은행
73493,국민베스트제2차,KRZF0009YSG1,국민베스트제2차 20260122-62-26,N,20260122,20260325,정기예금,KRW,,5000000000,5000000000,13,A1,,A1,,국민은행,자체 신용보강,자체 신용보강,국민은행
73493,국민베스트제2차,KRZF0009YTG1,국민베스트제2차 20260122-62-27,N,20260122,20260325,정기예금,KRW,,5000000000,5000000000,13,A1,,A1,,국민은행,자체 신용보강,자체 신용보강,국민은행
73493,국민베스트제2차,KRZF0009YVG1,국민베스트제2차 20260122-62-28,N,20260122,20260325,정기예금,KRW,,5000000000,5000000000,13,A1,,A1,,국민은행,자체 신용보강,자체 신용보강,국민은행
73493,국민베스트제2차,KRZF0009YWG1,국민베스트제2차 20260122-62-29,N,20260122,20260325,정기예금,KRW,,5000000000,5000000000,13,A1,,A1,,국민은행,자체 신용보강,자체 신용보강,국민은행
73493,국민베스트제2차,KRZF0009YXG1,국민베스트제2차 20260122-88-30,N,20260122,20260420,정기예금,KRW,,5000000000,5000000000,39,A1,,A1,,국민은행,자체 신용보강,자체 신용보강,국민은행
73493,국민베스트제2차,KRZF0009YYG1,국민베스트제2차 20260122-88-31,N,20260122,20260420,정기예금,KRW,,5000000000,5000000000,39,A1,,A1,,국민은행,자체 신용보강,자체 신용보강,국민은행
73493,국민베스트제2차,KRZF0009YZG1,국민베스트제2차 20260122-88-32,N,20260122,20260420,정기예금,KRW,,5000000000,5000000000,39,A1,,A1,,국민은행,자체 신용보강,자체 신용보강,국민은행
73493,국민베스트제2차,KRZF0009Y0GD,국민베스트제2차 20260122-88-33,N,20260122,20260420,정기예금,KRW,,5000000000,5000000000,39,A1,,A1,,국민은행,자체 신용보강,자체 신용보강,국민은행
73493,국민베스트제2차,KRZF0009Y1GD,국민베스트제2차 20260122-88-34,N,20260122,20260420,정기예금,KRW,,5000000000,5000000000,39,A1,,A1,,국민은행,자체 신용보강,자체 신용보강,국민은행
73493,국민베스트제2차,KRZF0009Y2GD,국민베스트제2차 20260122-88-35,N,20260122,20260420,정기예금,KRW,,5000000000,5000000000,39,A1,,A1,,국민은행,자체 신용보강,자체 신용보강,국민은행
73493,국민베스트제2차,KRZF0009Y3GD,국민베스트제2차 20260122-88-36,N,20260122,20260420,정기예금,KRW,,5000000000,5000000000,39,A1,,A1,,국민은행,자체 신용보강,자체 신용보강,국민은행
73493,국민베스트제2차,KRZF0009Y4GD,국민베스트제2차 20260122-88-37,N,20260122,20260420,정기예금,KRW,,5000000000,5000000000,39,A1,,A1,,국민은행,자체 신용보강,자체 신용보강,국민은행
73493,국민베스트제2차,KRZF0009Y5GD,국민베스트제2차 20260122-88-38,N,20260122,20260420,정기예금,KRW,,5000000000,5000000000,39,A1,,A1,,국민은행,자체 신용보강,자체 신용보강,국민은행
73493,국민베스트제2차,KRZF0009Y6GD,국민베스트제2차 20260122-88-39,N,20260122,20260420,정기예금,KRW,,5000000000,5000000000,39,A1,,A1,,국민은행,자체 신용보강,자체 신용보강,국민은행
73493,국민베스트제2차,KRZF0009Y7GD,국민베스트제2차 20260122-88-40,N,20260122,20260420,정기예금,KRW,,5000000000,5000000000,39,A1,,A1,,국민은행,자체 신용보강,자체 신용보강,국민은행
73493,국민베스트제2차,KRZF0009Y8GD,국민베스트제2차 20260122-88-41,N,20260122,20260420,정기예금,KRW,,5000000000,5000000000,39,A1,,A1,,국민은행,자체 신용보강,자체 신용보강,국민은행
73493,국민베스트제2차,KRZF0009Y9GD,국민베스트제2차 20260122-88-42,N,20260122,20260420,정기예금,KRW,,5000000000,5000000000,39,A1,,A1,,국민은행,자체 신용보강,자체 신용보강,국민은행
73493,국민베스트제2차,KRZF0009YAGD,국민베스트제2차 20260122-88-43,N,20260122,20260420,정기예금,KRW,,5000000000,5000000000,39,A1,,A1,,국민은행,자체 신용보강,자체 신용보강,국민은행
73493,국민베스트제2차,KRZF0009YBGD,국민베스트제2차 20260122-88-44,N,20260122,20260420,정기예금,KRW,,5000000000,5000000000,39,A1,,A1,,국민은행,자체 신용보강,자체 신용보강,국민은행
73493,국민베스트제2차,KRZF0009YCGD,국민베스트제2차 20260122-88-45,N,20260122,20260420,정기예금,KRW,,5000000000,5000000000,39,A1,,A1,,국민은행,자체 신용보강,자체 신용보강,국민은행
73493,국민베스트제2차,KRZF0009YDGD,국민베스트제2차 20260122-88-46,N,20260122,20260420,정기예금,KRW,,5000000000,5000000000,39,A1,,A1,,국민은행,자체 신용보강,자체 신용보강,국민은행
73493,국민베스트제2차,KRZF0009YEGD,국민베스트제2차 20260122-88-47,N,20260122,20260420,정기예금,KRW,,5000000000,5000000000,39,A1,,A1,,국민은행,자체 신용보강,자체 신용보강,국민은행
73493,국민베스트제2차,KRZF0009YFGD,국민베스트제2차 20260122-88-48,N,20260122,20260420,정기예금,KRW,,5000000000,5000000000,39,A1,,A1,,국민은행,자체 신용보강,자체 신용보강,국민은행
73493,국민베스트제2차,KRZF0009YGGD,국민베스트제2차 20260122-88-49,N,20260122,20260420,정기예금,KRW,,5000000000,5000000000,39,A1,,A1,,국민은행,자체 신용보강,자체 신용보강,국민은행
73493,국민베스트제2차,KRZF0009YHGD,국민베스트제2차 20260122-88-50,N,20260122,20260420,정기예금,KRW,,5000000000,5000000000,39,A1,,A1,,국민은행,자체 신용보강,자체 신용보강,국민은행
73493,국민베스트제2차,KRZF0009YJGD,국민베스트제2차 20260122-88-51,N,20260122,20260420,정기예금,KRW,,5000000000,5000000000,39,A1,,A1,,국민은행,자체 신용보강,자체 신용보강,국민은행
73493,국민베스트제2차,KRZF0009YKGD,국민베스트제2차 20260122-88-52,N,20260122,20260420,정기예금,KRW,,5000000000,5000000000,39,A1,,A1,,국민은행,자체 신용보강,자체 신용보강,국민은행
73493,국민베스트제2차,KRZF0009YLGD,국민베스트제2차 20260122-88-53,N,20260122,20260420,정기예금,KRW,,5000000000,5000000000,39,A1,,A1,,국민은행,자체 신용보강,자체 신용보강,국민은행
73493,국민베스트제2차,KRZF0009YMGD,국민베스트제2차 20260122-88-54,N,20260122,20260420,정기예금,KRW,,5000000000,5000000000,39,A1,,A1,,국민은행,자체 신용보강,자체 신용보강,국민은행
73493,국민베스트제2차,KRZF0009YNGD,국민베스트제2차 20260122-88-55,N,20260122,20260420,정기예금,KRW,,5000000000,5000000000,39,A1,,A1,,국민은행,자체 신용보강,자체 신용보강,국민은행
73493,국민베스트제2차,KRZF0009YPGD,국민베스트제2차 20260122-88-56,N,20260122,20260420,정기예금,KRW,,5000000000,5000000000,39,A1,,A1,,국민은행,자체 신용보강,자체 신용보강,국민은행
73493,국민베스트제2차,KRZF0009YQGD,국민베스트제2차 20260122-88-57,N,20260122,20260420,정기예금,KRW,,5000000000,5000000000,39,A1,,A1,,국민은행,자체 신용보강,자체 신용보강,국민은행
73493,국민베스트제2차,KRZF0009YRGD,국민베스트제2차 20260122-88-58,N,20260122,20260420,정기예금,KRW,,5000000000,5000000000,39,A1,,A1,,국민은행,자체 신용보강,자체 신용보강,국민은행
73493,국민베스트제2차,KRZF0009YSGD,국민베스트제2차 20260122-88-59,N,20260122,20260420,정기예금,KRW,,5000000000,5000000000,39,A1,,A1,,국민은행,자체 신용보강,자체 신용보강,국민은행
73493,국민베스트제2차,KRZF0009YTGD,국민베스트제2차 20260122-88-60,N,20260122,20260420,정기예금,KRW,,5000000000,5000000000,39,A1,,A1,,국민은행,자체 신용보강,자체 신용보강,국민은행
73493,국민베스트제2차,KRZF0009YVGD,국민베스트제2차 20260122-88-61,N,20260122,20260420,정기예금,KRW,,5000000000,5000000000,39,A1,,A1,,국민은행,자체 신용보강,자체 신용보강,국민은행
73493,국민베스트제2차,KRZF0009YWGD,국민베스트제2차 20260122-88-62,N,20260122,20260420,정기예금,KRW,,5000000000,5000000000,39,A1,,A1,,국민은행,자체 신용보강,자체 신용보강,국민은행
73493,국민베스트제2차,KRZF0009YXGD,국민베스트제2차 20260122-88-63,N,20260122,20260420,정기예금,KRW,,5000000000,5000000000,39,A1,,A1,,국민은행,자체 신용보강,자체 신용보강,국민은행
73493,국민베스트제2차,KRZF0009YYGD,국민베스트제2차 20260122-88-64,N,20260122,20260420,정기예금,KRW,,5000000000,5000000000,39,A1,,A1,,국민은행,자체 신용보강,자체 신용보강,국민은행
73493,국민베스트제2차,KRZF0009YZGD,국민베스트제2차 20260122-88-65,N,20260122,20260420,정기예금,KRW,,5000000000,5000000000,39,A1,,A1,,국민은행,자체 신용보강,자체 신용보강,국민은행
73493,국민베스트제2차,KRZFA009Y0G1,국민베스트제2차 20260122-88-66,N,20260122,20260420,정기예금,KRW,,5000000000,5000000000,39,A1,,A1,,국민은행,자체 신용보강,자체 신용보강,국민은행
73493,국민베스트제2차,KRZFA009Y1G1,국민베스트제2차 20260122-88-67,N,20260122,20260420,정기예금,KRW,,5000000000,5000000000,39,A1,,A1,,국민은행,자체 신용보강,자체 신용보강,국민은행
73493,국민베스트제2차,KRZFA009Y2G1,국민베스트제2차 20260122-88-68,N,20260122,20260420,정기예금,KRW,,5000000000,5000000000,39,A1,,A1,,국민은행,자체 신용보강,자체 신용보강,국민은행
73493,국민베스트제2차,KRZFA009Y3G1,국민베스트제2차 20260122-88-69,N,20260122,20260420,정기예금,KRW,,5000000000,5000000000,39,A1,,A1,,국민은행,자체 신용보강,자체 신용보강,국민은행
73493,국민베스트제2차,KRZFA009Y4G1,국민베스트제2차 20260122-88-70,N,20260122,20260420,정기예금,KRW,,5000000000,5000000000,39,A1,,A1,,국민은행,자체 신용보강,자체 신용보강,국민은행
73493,국민베스트제2차,KRZFA009Y5G1,국민베스트제2차 20260122-88-71,N,20260122,20260420,정기예금,KRW,,5000000000,5000000000,39,A1,,A1,,국민은행,자체 신용보강,자체 신용보강,국민은행
73483,내셔널리소스제일차,KRZF349472G1,내셔널리소스제일차 20260122-180-2,N,20260122,20260721,대출채권,KRW,,3000000000,3000000000,131,A1,A1,,,한국광해광업공단,자체 신용보강,자체 신용보강,한국광해광업공단
73483,내셔널리소스제일차,KRZF349473G1,내셔널리소스제일차 20260122-272-3,N,20260122,20261021,대출채권,KRW,,2000000000,2000000000,223,A1,A1,,,한국광해광업공단,자체 신용보강,자체 신용보강,한국광해광업공단
73483,내셔널리소스제일차,KRZF34947AG1,내셔널리소스제일차 20260122-364-10,N,20260122,20270121,대출채권,KRW,,5000000000,5000000000,315,A1,A1,,,한국광해광업공단,자체 신용보강,자체 신용보강,한국광해광업공단
73483,내셔널리소스제일차,KRZF34947BG1,내셔널리소스제일차 20260122-364-11,N,20260122,20270121,대출채권,KRW,,5000000000,5000000000,315,A1,A1,,,한국광해광업공단,자체 신용보강,자체 신용보강,한국광해광업공단
73483,내셔널리소스제일차,KRZF34947CG1,내셔널리소스제일차 20260122-364-12,N,20260122,20270121,대출채권,KRW,,5000000000,5000000000,315,A1,A1,,,한국광해광업공단,자체 신용보강,자체 신용보강,한국광해광업공단
73483,내셔널리소스제일차,KRZF34947DG1,내셔널리소스제일차 20260122-364-13,N,20260122,20270121,대출채권,KRW,,5000000000,5000000000,315,A1,A1,,,한국광해광업공단,자체 신용보강,자체 신용보강,한국광해광업공단
73483,내셔널리소스제일차,KRZF34947EG1,내셔널리소스제일차 20260122-364-14,N,20260122,20270121,대출채권,KRW,,5000000000,5000000000,315,A1,A1,,,한국광해광업공단,자체 신용보강,자체 신용보강,한국광해광업공단
73483,내셔널리소스제일차,KRZF34947FG1,내셔널리소스제일차 20260122-364-15,N,20260122,20270121,대출채권,KRW,,5000000000,5000000000,315,A1,A1,,,한국광해광업공단,자체 신용보강,자체 신용보강,한국광해광업공단
73483,내셔널리소스제일차,KRZF34947GG1,내셔널리소스제일차 20260122-364-16,N,20260122,20270121,대출채권,KRW,,5000000000,5000000000,315,A1,A1,,,한국광해광업공단,자체 신용보강,자체 신용보강,한국광해광업공단
73483,내셔널리소스제일차,KRZF34947HG1,내셔널리소스제일차 20260122-364-17,N,20260122,20270121,대출채권,KRW,,5000000000,5000000000,315,A1,A1,,,한국광해광업공단,자체 신용보강,자체 신용보강,한국광해광업공단
73483,내셔널리소스제일차,KRZF34947JG1,내셔널리소스제일차 20260122-364-18,N,20260122,20270121,대출채권,KRW,,5000000000,5000000000,315,A1,A1,,,한국광해광업공단,자체 신용보강,자체 신용보강,한국광해광업공단
73483,내셔널리소스제일차,KRZF34947KG1,내셔널리소스제일차 20260122-364-19,N,20260122,20270121,대출채권,KRW,,5000000000,5000000000,315,A1,A1,,,한국광해광업공단,자체 신용보강,자체 신용보강,한국광해광업공단
73483,내셔널리소스제일차,KRZF34947LG1,내셔널리소스제일차 20260122-364-20,N,20260122,20270121,대출채권,KRW,,5000000000,5000000000,315,A1,A1,,,한국광해광업공단,자체 신용보강,자체 신용보강,한국광해광업공단
73483,내셔널리소스제일차,KRZF34947MG1,내셔널리소스제일차 20260122-364-21,N,20260122,20270121,대출채권,KRW,,5000000000,5000000000,315,A1,A1,,,한국광해광업공단,자체 신용보강,자체 신용보강,한국광해광업공단
73483,내셔널리소스제일차,KRZF34947NG1,내셔널리소스제일차 20260122-364-22,N,20260122,20270121,대출채권,KRW,,5000000000,5000000000,315,A1,A1,,,한국광해광업공단,자체 신용보강,자체 신용보강,한국광해광업공단
73483,내셔널리소스제일차,KRZF34947PG1,내셔널리소스제일차 20260122-364-23,N,20260122,20270121,대출채권,KRW,,5000000000,5000000000,315,A1,A1,,,한국광해광업공단,자체 신용보강,자체 신용보강,한국광해광업공단
73483,내셔널리소스제일차,KRZF34947QG1,내셔널리소스제일차 20260122-364-24,N,20260122,20270121,대출채권,KRW,,5000000000,5000000000,315,A1,A1,,,한국광해광업공단,자체 신용보강,자체 신용보강,한국광해광업공단
73483,내셔널리소스제일차,KRZF34947RG1,내셔널리소스제일차 20260122-364-25,N,20260122,20270121,대출채권,KRW,,5000000000,5000000000,315,A1,A1,,,한국광해광업공단,자체 신용보강,자체 신용보강,한국광해광업공단
73483,내셔널리소스제일차,KRZF34947SG1,내셔널리소스제일차 20260122-364-26,N,20260122,20270121,대출채권,KRW,,5000000000,5000000000,315,A1,A1,,,한국광해광업공단,자체 신용보강,자체 신용보강,한국광해광업공단
73483,내셔널리소스제일차,KRZF34947TG1,내셔널리소스제일차 20260122-364-27,N,20260122,20270121,대출채권,KRW,,5000000000,5000000000,315,A1,A1,,,한국광해광업공단,자체 신용보강,자체 신용보강,한국광해광업공단
73483,내셔널리소스제일차,KRZF34947VG1,내셔널리소스제일차 20260122-364-28,N,20260122,20270121,대출채권,KRW,,5000000000,5000000000,315,A1,A1,,,한국광해광업공단,자체 신용보강,자체 신용보강,한국광해광업공단
73483,내셔널리소스제일차,KRZF34947WG1,내셔널리소스제일차 20260122-364-29,N,20260122,20270121,대출채권,KRW,,5000000000,5000000000,315,A1,A1,,,한국광해광업공단,자체 신용보강,자체 신용보강,한국광해광업공단
73483,내셔널리소스제일차,KRZF34947XG1,내셔널리소스제일차 20260122-364-30,N,20260122,20270121,대출채권,KRW,,5000000000,5000000000,315,A1,A1,,,한국광해광업공단,자체 신용보강,자체 신용보강,한국광해광업공단
73483,내셔널리소스제일차,KRZF34947YG1,내셔널리소스제일차 20260122-364-31,N,20260122,20270121,대출채권,KRW,,5000000000,5000000000,315,A1,A1,,,한국광해광업공단,자체 신용보강,자체 신용보강,한국광해광업공단
73483,내셔널리소스제일차,KRZF34947ZG1,내셔널리소스제일차 20260122-364-32,N,20260122,20270121,대출채권,KRW,,5000000000,5000000000,315,A1,A1,,,한국광해광업공단,자체 신용보강,자체 신용보강,한국광해광업공단
73483,내셔널리소스제일차,KRZF349470GD,내셔널리소스제일차 20260122-364-33,N,20260122,20270121,대출채권,KRW,,5000000000,5000000000,315,A1,A1,,,한국광해광업공단,자체 신용보강,자체 신용보강,한국광해광업공단
73483,내셔널리소스제일차,KRZF349471GD,내셔널리소스제일차 20260122-364-34,N,20260122,20270121,대출채권,KRW,,3000000000,3000000000,315,A1,A1,,,한국광해광업공단,자체 신용보강,자체 신용보강,한국광해광업공단
73483,내셔널리소스제일차,KRZF349474G1,내셔널리소스제일차 20260122-364-4,N,20260122,20270121,대출채권,KRW,,5000000000,5000000000,315,A1,A1,,,한국광해광업공단,자체 신용보강,자체 신용보강,한국광해광업공단
73483,내셔널리소스제일차,KRZF349475G1,내셔널리소스제일차 20260122-364-5,N,20260122,20270121,대출채권,KRW,,5000000000,5000000000,315,A1,A1,,,한국광해광업공단,자체 신용보강,자체 신용보강,한국광해광업공단
73483,내셔널리소스제일차,KRZF349476G1,내셔널리소스제일차 20260122-364-6,N,20260122,20270121,대출채권,KRW,,5000000000,5000000000,315,A1,A1,,,한국광해광업공단,자체 신용보강,자체 신용보강,한국광해광업공단
73483,내셔널리소스제일차,KRZF349477G1,내셔널리소스제일차 20260122-364-7,N,20260122,20270121,대출채권,KRW,,5000000000,5000000000,315,A1,A1,,,한국광해광업공단,자체 신용보강,자체 신용보강,한국광해광업공단
73483,내셔널리소스제일차,KRZF349478G1,내셔널리소스제일차 20260122-364-8,N,20260122,20270121,대출채권,KRW,,5000000000,5000000000,315,A1,A1,,,한국광해광업공단,자체 신용보강,자체 신용보강,한국광해광업공단
73483,내셔널리소스제일차,KRZF349479G1,내셔널리소스제일차 20260122-364-9,N,20260122,20270121,대출채권,KRW,,5000000000,5000000000,315,A1,A1,,,한국광해광업공단,자체 신용보강,자체 신용보강,한국광해광업공단
73483,내셔널리소스제일차,KRZF349471G1,내셔널리소스제일차 20260122-89-1,N,20260122,20260421,대출채권,KRW,,2000000000,2000000000,40,A1,A1,,,한국광해광업공단,자체 신용보강,자체 신용보강,한국광해광업공단
55437,리치게이트십정,KRZFA12581G1,리치게이트십정 20260122-11-1,Y,20260122,20260202,PF대출채권,KRW,,709736124,709736124,0,,A1,A1,,십정3구역주택재개발정비사업조합,외부 신용보강,금융기관,신한은행
55437,리치게이트십정,KRZFA12582G1,리치게이트십정 20260122-11-2,Y,20260122,20260202,PF대출채권,KRW,,490263876,490263876,0,,A1,A1,,십정3구역주택재개발정비사업조합,외부 신용보강,금융기관,신한은행
73484,비엔케이썸제이십일차,KRZFA94581G1,비엔케이썸제이십일차 20260122-182-1,Y,20260122,20260723,PF대출채권,KRW,,20000000000,20000000000,133,A1,,A1,,코아셋디앤씨(주),외부 신용보강,일반기업,현대건설
73484,비엔케이썸제이십일차,KRZFA9458AG1,비엔케이썸제이십일차 20260122-182-10,Y,20260122,20260723,PF대출채권,KRW,,5000000000,5000000000,133,A1,,A1,,코아셋디앤씨(주),외부 신용보강,일반기업,현대건설
73484,비엔케이썸제이십일차,KRZFA9458BG1,비엔케이썸제이십일차 20260122-182-11,Y,20260122,20260723,PF대출채권,KRW,,5000000000,5000000000,133,A1,,A1,,코아셋디앤씨(주),외부 신용보강,일반기업,현대건설
73484,비엔케이썸제이십일차,KRZFA9458CG1,비엔케이썸제이십일차 20260122-182-12,Y,20260122,20260723,PF대출채권,KRW,,5000000000,5000000000,133,A1,,A1,,코아셋디앤씨(주),외부 신용보강,일반기업,현대건설
73484,비엔케이썸제이십일차,KRZFA9458DG1,비엔케이썸제이십일차 20260122-182-13,Y,20260122,20260723,PF대출채권,KRW,,5000000000,5000000000,133,A1,,A1,,코아셋디앤씨(주),외부 신용보강,일반기업,현대건설
73484,비엔케이썸제이십일차,KRZFA9458EG1,비엔케이썸제이십일차 20260122-182-14,Y,20260122,20260723,PF대출채권,KRW,,5000000000,5000000000,133,A1,,A1,,코아셋디앤씨(주),외부 신용보강,일반기업,현대건설
73484,비엔케이썸제이십일차,KRZFA9458FG1,비엔케이썸제이십일차 20260122-182-15,Y,20260122,20260723,PF대출채권,KRW,,5000000000,5000000000,133,A1,,A1,,코아셋디앤씨(주),외부 신용보강,일반기업,현대건설
73484,비엔케이썸제이십일차,KRZFA9458GG1,비엔케이썸제이십일차 20260122-182-16,Y,20260122,20260723,PF대출채권,KRW,,5000000000,5000000000,133,A1,,A1,,코아셋디앤씨(주),외부 신용보강,일반기업,현대건설
73484,비엔케이썸제이십일차,KRZFA9458HG1,비엔케이썸제이십일차 20260122-182-17,Y,20260122,20260723,PF대출채권,KRW,,5000000000,5000000000,133,A1,,A1,,코아셋디앤씨(주),외부 신용보강,일반기업,현대건설
73484,비엔케이썸제이십일차,KRZFA9458JG1,비엔케이썸제이십일차 20260122-182-18,Y,20260122,20260723,PF대출채권,KRW,,5000000000,5000000000,133,A1,,A1,,코아셋디앤씨(주),외부 신용보강,일반기업,현대건설
73484,비엔케이썸제이십일차,KRZFA9458KG1,비엔케이썸제이십일차 20260122-182-19,Y,20260122,20260723,PF대출채권,KRW,,5000000000,5000000000,133,A1,,A1,,코아셋디앤씨(주),외부 신용보강,일반기업,현대건설
73484,비엔케이썸제이십일차,KRZFA94582G1,비엔케이썸제이십일차 20260122-182-2,Y,20260122,20260723,PF대출채권,KRW,,15000000000,15000000000,133,A1,,A1,,코아셋디앤씨(주),외부 신용보강,일반기업,현대건설
73484,비엔케이썸제이십일차,KRZFA9458LG1,비엔케이썸제이십일차 20260122-182-20,Y,20260122,20260723,PF대출채권,KRW,,5000000000,5000000000,133,A1,,A1,,코아셋디앤씨(주),외부 신용보강,일반기업,현대건설
73484,비엔케이썸제이십일차,KRZFA9458MG1,비엔케이썸제이십일차 20260122-182-21,Y,20260122,20260723,PF대출채권,KRW,,5000000000,5000000000,133,A1,,A1,,코아셋디앤씨(주),외부 신용보강,일반기업,현대건설
73484,비엔케이썸제이십일차,KRZFA9458NG1,비엔케이썸제이십일차 20260122-182-22,Y,20260122,20260723,PF대출채권,KRW,,5000000000,5000000000,133,A1,,A1,,코아셋디앤씨(주),외부 신용보강,일반기업,현대건설
73484,비엔케이썸제이십일차,KRZFA9458PG1,비엔케이썸제이십일차 20260122-182-23,Y,20260122,20260723,PF대출채권,KRW,,5000000000,5000000000,133,A1,,A1,,코아셋디앤씨(주),외부 신용보강,일반기업,현대건설
73484,비엔케이썸제이십일차,KRZFA9458QG1,비엔케이썸제이십일차 20260122-182-24,Y,20260122,20260723,PF대출채권,KRW,,5000000000,5000000000,133,A1,,A1,,코아셋디앤씨(주),외부 신용보강,일반기업,현대건설
73484,비엔케이썸제이십일차,KRZFA9458RG1,비엔케이썸제이십일차 20260122-182-25,Y,20260122,20260723,PF대출채권,KRW,,5000000000,5000000000,133,A1,,A1,,코아셋디앤씨(주),외부 신용보강,일반기업,현대건설
73484,비엔케이썸제이십일차,KRZFA9458SG1,비엔케이썸제이십일차 20260122-182-26,Y,20260122,20260723,PF대출채권,KRW,,5000000000,5000000000,133,A1,,A1,,코아셋디앤씨(주),외부 신용보강,일반기업,현대건설
73484,비엔케이썸제이십일차,KRZFA9458TG1,비엔케이썸제이십일차 20260122-182-27,Y,20260122,20260723,PF대출채권,KRW,,5000000000,5000000000,133,A1,,A1,,코아셋디앤씨(주),외부 신용보강,일반기업,현대건설
73484,비엔케이썸제이십일차,KRZFA9458VG1,비엔케이썸제이십일차 20260122-182-28,Y,20260122,20260723,PF대출채권,KRW,,5000000000,5000000000,133,A1,,A1,,코아셋디앤씨(주),외부 신용보강,일반기업,현대건설
73484,비엔케이썸제이십일차,KRZFA9458WG1,비엔케이썸제이십일차 20260122-182-29,Y,20260122,20260723,PF대출채권,KRW,,5000000000,5000000000,133,A1,,A1,,코아셋디앤씨(주),외부 신용보강,일반기업,현대건설
73484,비엔케이썸제이십일차,KRZFA94583G1,비엔케이썸제이십일차 20260122-182-3,Y,20260122,20260723,PF대출채권,KRW,,5000000000,5000000000,133,A1,,A1,,코아셋디앤씨(주),외부 신용보강,일반기업,현대건설
73484,비엔케이썸제이십일차,KRZFA9458XG1,비엔케이썸제이십일차 20260122-182-30,Y,20260122,20260723,PF대출채권,KRW,,3000000000,3000000000,133,A1,,A1,,코아셋디앤씨(주),외부 신용보강,일반기업,현대건설
73484,비엔케이썸제이십일차,KRZFA9458YG1,비엔케이썸제이십일차 20260122-182-31,Y,20260122,20260723,PF대출채권,KRW,,2000000000,2000000000,133,A1,,A1,,코아셋디앤씨(주),외부 신용보강,일반기업,현대건설
73484,비엔케이썸제이십일차,KRZFA94584G1,비엔케이썸제이십일차 20260122-182-4,Y,20260122,20260723,PF대출채권,KRW,,5000000000,5000000000,133,A1,,A1,,코아셋디앤씨(주),외부 신용보강,일반기업,현대건설
73484,비엔케이썸제이십일차,KRZFA94585G1,비엔케이썸제이십일차 20260122-182-5,Y,20260122,20260723,PF대출채권,KRW,,5000000000,5000000000,133,A1,,A1,,코아셋디앤씨(주),외부 신용보강,일반기업,현대건설
73484,비엔케이썸제이십일차,KRZFA94586G1,비엔케이썸제이십일차 20260122-182-6,Y,20260122,20260723,PF대출채권,KRW,,5000000000,5000000000,133,A1,,A1,,코아셋디앤씨(주),외부 신용보강,일반기업,현대건설
73484,비엔케이썸제이십일차,KRZFA94587G1,비엔케이썸제이십일차 20260122-182-7,Y,20260122,20260723,PF대출채권,KRW,,5000000000,5000000000,133,A1,,A1,,코아셋디앤씨(주),외부 신용보강,일반기업,현대건설
73484,비엔케이썸제이십일차,KRZFA94588G1,비엔케이썸제이십일차 20260122-182-8,Y,20260122,20260723,PF대출채권,KRW,,5000000000,5000000000,133,A1,,A1,,코아셋디앤씨(주),외부 신용보강,일반기업,현대건설
73484,비엔케이썸제이십일차,KRZFA94589G1,비엔케이썸제이십일차 20260122-182-9,Y,20260122,20260723,PF대출채권,KRW,,5000000000,5000000000,133,A1,,A1,,코아셋디앤씨(주),외부 신용보강,일반기업,현대건설
73484,비엔케이썸제이십일차,KRZFA9458ZG1,비엔케이썸제이십일차 20260122-189-32,Y,20260122,20260730,PF대출채권,KRW,,100000000,100000000,140,A1,,A1,,코아셋디앤씨(주),외부 신용보강,일반기업,현대건설
73484,비엔케이썸제이십일차,KRZFA94580GD,비엔케이썸제이십일차 20260122-189-33,Y,20260122,20260730,PF대출채권,KRW,,100000000,100000000,140,A1,,A1,,코아셋디앤씨(주),외부 신용보강,일반기업,현대건설
73484,비엔케이썸제이십일차,KRZFA94581GD,비엔케이썸제이십일차 20260122-189-34,Y,20260122,20260730,PF대출채권,KRW,,100000000,100000000,140,A1,,A1,,코아셋디앤씨(주),외부 신용보강,일반기업,현대건설
73484,비엔케이썸제이십일차,KRZFA94582GD,비엔케이썸제이십일차 20260122-189-35,Y,20260122,20260730,PF대출채권,KRW,,100000000,100000000,140,A1,,A1,,코아셋디앤씨(주),외부 신용보강,일반기업,현대건설
73484,비엔케이썸제이십일차,KRZFA94583GD,비엔케이썸제이십일차 20260122-189-36,Y,20260122,20260730,PF대출채권,KRW,,50000000,50000000,140,A1,,A1,,코아셋디앤씨(주),외부 신용보강,일반기업,현대건설
73478,에스와이동서제일차,KRZF0011K4GD,에스와이동서제일차 20260122-190-37,N,20260122,20260731,대출채권,KRW,,240000000,240000000,141,A3,A3,,,아이에스동서(주),자체 신용보강,자체 신용보강,아이에스동서(주)
73478,에스와이동서제일차,KRZF0011K1G1,에스와이동서제일차 20260122-364-1,N,20260122,20270121,대출채권,KRW,,500000000,500000000,315,A3,A3,,,아이에스동서(주),자체 신용보강,자체 신용보강,아이에스동서(주)
73478,에스와이동서제일차,KRZF0011KAG1,에스와이동서제일차 20260122-364-10,N,20260122,20270121,대출채권,KRW,,500000000,500000000,315,A3,A3,,,아이에스동서(주),자체 신용보강,자체 신용보강,아이에스동서(주)
73478,에스와이동서제일차,KRZF0011KBG1,에스와이동서제일차 20260122-364-11,N,20260122,20270121,대출채권,KRW,,500000000,500000000,315,A3,A3,,,아이에스동서(주),자체 신용보강,자체 신용보강,아이에스동서(주)
73478,에스와이동서제일차,KRZF0011KCG1,에스와이동서제일차 20260122-364-12,N,20260122,20270121,대출채권,KRW,,500000000,500000000,315,A3,A3,,,아이에스동서(주),자체 신용보강,자체 신용보강,아이에스동서(주)
73478,에스와이동서제일차,KRZF0011KDG1,에스와이동서제일차 20260122-364-13,N,20260122,20270121,대출채권,KRW,,500000000,500000000,315,A3,A3,,,아이에스동서(주),자체 신용보강,자체 신용보강,아이에스동서(주)
73478,에스와이동서제일차,KRZF0011KEG1,에스와이동서제일차 20260122-364-14,N,20260122,20270121,대출채권,KRW,,500000000,500000000,315,A3,A3,,,아이에스동서(주),자체 신용보강,자체 신용보강,아이에스동서(주)
73478,에스와이동서제일차,KRZF0011KFG1,에스와이동서제일차 20260122-364-15,N,20260122,20270121,대출채권,KRW,,500000000,500000000,315,A3,A3,,,아이에스동서(주),자체 신용보강,자체 신용보강,아이에스동서(주)
73478,에스와이동서제일차,KRZF0011KGG1,에스와이동서제일차 20260122-364-16,N,20260122,20270121,대출채권,KRW,,500000000,500000000,315,A3,A3,,,아이에스동서(주),자체 신용보강,자체 신용보강,아이에스동서(주)
73478,에스와이동서제일차,KRZF0011KHG1,에스와이동서제일차 20260122-364-17,N,20260122,20270121,대출채권,KRW,,500000000,500000000,315,A3,A3,,,아이에스동서(주),자체 신용보강,자체 신용보강,아이에스동서(주)
73478,에스와이동서제일차,KRZF0011KJG1,에스와이동서제일차 20260122-364-18,N,20260122,20270121,대출채권,KRW,,500000000,500000000,315,A3,A3,,,아이에스동서(주),자체 신용보강,자체 신용보강,아이에스동서(주)
73478,에스와이동서제일차,KRZF0011KKG1,에스와이동서제일차 20260122-364-19,N,20260122,20270121,대출채권,KRW,,500000000,500000000,315,A3,A3,,,아이에스동서(주),자체 신용보강,자체 신용보강,아이에스동서(주)
73478,에스와이동서제일차,KRZF0011K2G1,에스와이동서제일차 20260122-364-2,N,20260122,20270121,대출채권,KRW,,500000000,500000000,315,A3,A3,,,아이에스동서(주),자체 신용보강,자체 신용보강,아이에스동서(주)
73478,에스와이동서제일차,KRZF0011KLG1,에스와이동서제일차 20260122-364-20,N,20260122,20270121,대출채권,KRW,,500000000,500000000,315,A3,A3,,,아이에스동서(주),자체 신용보강,자체 신용보강,아이에스동서(주)
73478,에스와이동서제일차,KRZF0011KMG1,에스와이동서제일차 20260122-364-21,N,20260122,20270121,대출채권,KRW,,500000000,500000000,315,A3,A3,,,아이에스동서(주),자체 신용보강,자체 신용보강,아이에스동서(주)
73478,에스와이동서제일차,KRZF0011KNG1,에스와이동서제일차 20260122-364-22,N,20260122,20270121,대출채권,KRW,,500000000,500000000,315,A3,A3,,,아이에스동서(주),자체 신용보강,자체 신용보강,아이에스동서(주)
73478,에스와이동서제일차,KRZF0011KPG1,에스와이동서제일차 20260122-364-23,N,20260122,20270121,대출채권,KRW,,500000000,500000000,315,A3,A3,,,아이에스동서(주),자체 신용보강,자체 신용보강,아이에스동서(주)
73478,에스와이동서제일차,KRZF0011KQG1,에스와이동서제일차 20260122-364-24,N,20260122,20270121,대출채권,KRW,,500000000,500000000,315,A3,A3,,,아이에스동서(주),자체 신용보강,자체 신용보강,아이에스동서(주)
73478,에스와이동서제일차,KRZF0011KRG1,에스와이동서제일차 20260122-364-25,N,20260122,20270121,대출채권,KRW,,500000000,500000000,315,A3,A3,,,아이에스동서(주),자체 신용보강,자체 신용보강,아이에스동서(주)
73478,에스와이동서제일차,KRZF0011KSG1,에스와이동서제일차 20260122-364-26,N,20260122,20270121,대출채권,KRW,,500000000,500000000,315,A3,A3,,,아이에스동서(주),자체 신용보강,자체 신용보강,아이에스동서(주)
73478,에스와이동서제일차,KRZF0011KTG1,에스와이동서제일차 20260122-364-27,N,20260122,20270121,대출채권,KRW,,500000000,500000000,315,A3,A3,,,아이에스동서(주),자체 신용보강,자체 신용보강,아이에스동서(주)
73478,에스와이동서제일차,KRZF0011KVG1,에스와이동서제일차 20260122-364-28,N,20260122,20270121,대출채권,KRW,,500000000,500000000,315,A3,A3,,,아이에스동서(주),자체 신용보강,자체 신용보강,아이에스동서(주)
73478,에스와이동서제일차,KRZF0011KWG1,에스와이동서제일차 20260122-364-29,N,20260122,20270121,대출채권,KRW,,500000000,500000000,315,A3,A3,,,아이에스동서(주),자체 신용보강,자체 신용보강,아이에스동서(주)
73478,에스와이동서제일차,KRZF0011K3G1,에스와이동서제일차 20260122-364-3,N,20260122,20270121,대출채권,KRW,,500000000,500000000,315,A3,A3,,,아이에스동서(주),자체 신용보강,자체 신용보강,아이에스동서(주)
73478,에스와이동서제일차,KRZF0011KXG1,에스와이동서제일차 20260122-364-30,N,20260122,20270121,대출채권,KRW,,500000000,500000000,315,A3,A3,,,아이에스동서(주),자체 신용보강,자체 신용보강,아이에스동서(주)
73478,에스와이동서제일차,KRZF0011KYG1,에스와이동서제일차 20260122-364-31,N,20260122,20270121,대출채권,KRW,,500000000,500000000,315,A3,A3,,,아이에스동서(주),자체 신용보강,자체 신용보강,아이에스동서(주)
73478,에스와이동서제일차,KRZF0011KZG1,에스와이동서제일차 20260122-364-32,N,20260122,20270121,대출채권,KRW,,500000000,500000000,315,A3,A3,,,아이에스동서(주),자체 신용보강,자체 신용보강,아이에스동서(주)
73478,에스와이동서제일차,KRZF0011K0GD,에스와이동서제일차 20260122-364-33,N,20260122,20270121,대출채권,KRW,,500000000,500000000,315,A3,A3,,,아이에스동서(주),자체 신용보강,자체 신용보강,아이에스동서(주)
73478,에스와이동서제일차,KRZF0011K1GD,에스와이동서제일차 20260122-364-34,N,20260122,20270121,대출채권,KRW,,500000000,500000000,315,A3,A3,,,아이에스동서(주),자체 신용보강,자체 신용보강,아이에스동서(주)
73478,에스와이동서제일차,KRZF0011K2GD,에스와이동서제일차 20260122-364-35,N,20260122,20270121,대출채권,KRW,,500000000,500000000,315,A3,A3,,,아이에스동서(주),자체 신용보강,자체 신용보강,아이에스동서(주)
73478,에스와이동서제일차,KRZF0011K3GD,에스와이동서제일차 20260122-364-36,N,20260122,20270121,대출채권,KRW,,500000000,500000000,315,A3,A3,,,아이에스동서(주),자체 신용보강,자체 신용보강,아이에스동서(주)
73478,에스와이동서제일차,KRZF0011K4G1,에스와이동서제일차 20260122-364-4,N,20260122,20270121,대출채권,KRW,,500000000,500000000,315,A3,A3,,,아이에스동서(주),자체 신용보강,자체 신용보강,아이에스동서(주)
73478,에스와이동서제일차,KRZF0011K5G1,에스와이동서제일차 20260122-364-5,N,20260122,20270121,대출채권,KRW,,500000000,500000000,315,A3,A3,,,아이에스동서(주),자체 신용보강,자체 신용보강,아이에스동서(주)
73478,에스와이동서제일차,KRZF0011K6G1,에스와이동서제일차 20260122-364-6,N,20260122,20270121,대출채권,KRW,,500000000,500000000,315,A3,A3,,,아이에스동서(주),자체 신용보강,자체 신용보강,아이에스동서(주)
73478,에스와이동서제일차,KRZF0011K7G1,에스와이동서제일차 20260122-364-7,N,20260122,20270121,대출채권,KRW,,500000000,500000000,315,A3,A3,,,아이에스동서(주),자체 신용보강,자체 신용보강,아이에스동서(주)
73478,에스와이동서제일차,KRZF0011K8G1,에스와이동서제일차 20260122-364-8,N,20260122,20270121,대출채권,KRW,,500000000,500000000,315,A3,A3,,,아이에스동서(주),자체 신용보강,자체 신용보강,아이에스동서(주)
73478,에스와이동서제일차,KRZF0011K9G1,에스와이동서제일차 20260122-364-9,N,20260122,20270121,대출채권,KRW,,500000000,500000000,315,A3,A3,,,아이에스동서(주),자체 신용보강,자체 신용보강,아이에스동서(주)
73481,우리지니제일차,KRZF0156P1G1,우리지니제일차 20260122-306-1,N,20260122,20261124,정기예금,KRW,,5000000000,5000000000,257,,A1,,,우리은행,자체 신용보강,자체 신용보강,우리은행
73481,우리지니제일차,KRZF0156PAG1,우리지니제일차 20260122-306-10,N,20260122,20261124,정기예금,KRW,,5000000000,5000000000,257,,A1,,,우리은행,자체 신용보강,자체 신용보강,우리은행
73481,우리지니제일차,KRZF0156PBG1,우리지니제일차 20260122-306-11,N,20260122,20261124,정기예금,KRW,,5000000000,5000000000,257,,A1,,,우리은행,자체 신용보강,자체 신용보강,우리은행
73481,우리지니제일차,KRZF0156PCG1,우리지니제일차 20260122-306-12,N,20260122,20261124,정기예금,KRW,,5000000000,5000000000,257,,A1,,,우리은행,자체 신용보강,자체 신용보강,우리은행
73481,우리지니제일차,KRZF0156PDG1,우리지니제일차 20260122-306-13,N,20260122,20261124,정기예금,KRW,,5000000000,5000000000,257,,A1,,,우리은행,자체 신용보강,자체 신용보강,우리은행
73481,우리지니제일차,KRZF0156PEG1,우리지니제일차 20260122-306-14,N,20260122,20261124,정기예금,KRW,,5000000000,5000000000,257,,A1,,,우리은행,자체 신용보강,자체 신용보강,우리은행
73481,우리지니제일차,KRZF0156PFG1,우리지니제일차 20260122-306-15,N,20260122,20261124,정기예금,KRW,,5000000000,5000000000,257,,A1,,,우리은행,자체 신용보강,자체 신용보강,우리은행
73481,우리지니제일차,KRZF0156PGG1,우리지니제일차 20260122-306-16,N,20260122,20261124,정기예금,KRW,,5000000000,5000000000,257,,A1,,,우리은행,자체 신용보강,자체 신용보강,우리은행
73481,우리지니제일차,KRZF0156PHG1,우리지니제일차 20260122-306-17,N,20260122,20261124,정기예금,KRW,,5000000000,5000000000,257,,A1,,,우리은행,자체 신용보강,자체 신용보강,우리은행
73481,우리지니제일차,KRZF0156PJG1,우리지니제일차 20260122-306-18,N,20260122,20261124,정기예금,KRW,,5000000000,5000000000,257,,A1,,,우리은행,자체 신용보강,자체 신용보강,우리은행
73481,우리지니제일차,KRZF0156PKG1,우리지니제일차 20260122-306-19,N,20260122,20261124,정기예금,KRW,,5000000000,5000000000,257,,A1,,,우리은행,자체 신용보강,자체 신용보강,우리은행
73481,우리지니제일차,KRZF0156P2G1,우리지니제일차 20260122-306-2,N,20260122,20261124,정기예금,KRW,,5000000000,5000000000,257,,A1,,,우리은행,자체 신용보강,자체 신용보강,우리은행
73481,우리지니제일차,KRZF0156PLG1,우리지니제일차 20260122-306-20,N,20260122,20261124,정기예금,KRW,,5000000000,5000000000,257,,A1,,,우리은행,자체 신용보강,자체 신용보강,우리은행
73481,우리지니제일차,KRZF0156PMG1,우리지니제일차 20260122-306-21,N,20260122,20261124,정기예금,KRW,,5000000000,5000000000,257,,A1,,,우리은행,자체 신용보강,자체 신용보강,우리은행
73481,우리지니제일차,KRZF0156PNG1,우리지니제일차 20260122-306-22,N,20260122,20261124,정기예금,KRW,,5000000000,5000000000,257,,A1,,,우리은행,자체 신용보강,자체 신용보강,우리은행
73481,우리지니제일차,KRZF0156PPG1,우리지니제일차 20260122-306-23,N,20260122,20261124,정기예금,KRW,,5000000000,5000000000,257,,A1,,,우리은행,자체 신용보강,자체 신용보강,우리은행
73481,우리지니제일차,KRZF0156PQG1,우리지니제일차 20260122-306-24,N,20260122,20261124,정기예금,KRW,,5000000000,5000000000,257,,A1,,,우리은행,자체 신용보강,자체 신용보강,우리은행
73481,우리지니제일차,KRZF0156PRG1,우리지니제일차 20260122-306-25,N,20260122,20261124,정기예금,KRW,,5000000000,5000000000,257,,A1,,,우리은행,자체 신용보강,자체 신용보강,우리은행
73481,우리지니제일차,KRZF0156PSG1,우리지니제일차 20260122-306-26,N,20260122,20261124,정기예금,KRW,,5000000000,5000000000,257,,A1,,,우리은행,자체 신용보강,자체 신용보강,우리은행
73481,우리지니제일차,KRZF0156PTG1,우리지니제일차 20260122-306-27,N,20260122,20261124,정기예금,KRW,,5000000000,5000000000,257,,A1,,,우리은행,자체 신용보강,자체 신용보강,우리은행
73481,우리지니제일차,KRZF0156PVG1,우리지니제일차 20260122-306-28,N,20260122,20261124,정기예금,KRW,,5000000000,5000000000,257,,A1,,,우리은행,자체 신용보강,자체 신용보강,우리은행
73481,우리지니제일차,KRZF0156PWG1,우리지니제일차 20260122-306-29,N,20260122,20261124,정기예금,KRW,,5000000000,5000000000,257,,A1,,,우리은행,자체 신용보강,자체 신용보강,우리은행
73481,우리지니제일차,KRZF0156P3G1,우리지니제일차 20260122-306-3,N,20260122,20261124,정기예금,KRW,,5000000000,5000000000,257,,A1,,,우리은행,자체 신용보강,자체 신용보강,우리은행
73481,우리지니제일차,KRZF0156PXG1,우리지니제일차 20260122-306-30,N,20260122,20261124,정기예금,KRW,,5000000000,5000000000,257,,A1,,,우리은행,자체 신용보강,자체 신용보강,우리은행
73481,우리지니제일차,KRZF0156PYG1,우리지니제일차 20260122-306-31,N,20260122,20261124,정기예금,KRW,,5000000000,5000000000,257,,A1,,,우리은행,자체 신용보강,자체 신용보강,우리은행
73481,우리지니제일차,KRZF0156PZG1,우리지니제일차 20260122-306-32,N,20260122,20261124,정기예금,KRW,,5000000000,5000000000,257,,A1,,,우리은행,자체 신용보강,자체 신용보강,우리은행
73481,우리지니제일차,KRZF0156P0GD,우리지니제일차 20260122-306-33,N,20260122,20261124,정기예금,KRW,,5000000000,5000000000,257,,A1,,,우리은행,자체 신용보강,자체 신용보강,우리은행
73481,우리지니제일차,KRZF0156P1GD,우리지니제일차 20260122-306-34,N,20260122,20261124,정기예금,KRW,,5000000000,5000000000,257,,A1,,,우리은행,자체 신용보강,자체 신용보강,우리은행
73481,우리지니제일차,KRZF0156P2GD,우리지니제일차 20260122-306-35,N,20260122,20261124,정기예금,KRW,,5000000000,5000000000,257,,A1,,,우리은행,자체 신용보강,자체 신용보강,우리은행
73481,우리지니제일차,KRZF0156P3GD,우리지니제일차 20260122-306-36,N,20260122,20261124,정기예금,KRW,,5000000000,5000000000,257,,A1,,,우리은행,자체 신용보강,자체 신용보강,우리은행
73481,우리지니제일차,KRZF0156P4GD,우리지니제일차 20260122-306-37,N,20260122,20261124,정기예금,KRW,,5000000000,5000000000,257,,A1,,,우리은행,자체 신용보강,자체 신용보강,우리은행
73481,우리지니제일차,KRZF0156P5GD,우리지니제일차 20260122-306-38,N,20260122,20261124,정기예금,KRW,,5000000000,5000000000,257,,A1,,,우리은행,자체 신용보강,자체 신용보강,우리은행
73481,우리지니제일차,KRZF0156P6GD,우리지니제일차 20260122-306-39,N,20260122,20261124,정기예금,KRW,,5000000000,5000000000,257,,A1,,,우리은행,자체 신용보강,자체 신용보강,우리은행
73481,우리지니제일차,KRZF0156P4G1,우리지니제일차 20260122-306-4,N,20260122,20261124,정기예금,KRW,,5000000000,5000000000,257,,A1,,,우리은행,자체 신용보강,자체 신용보강,우리은행
73481,우리지니제일차,KRZF0156P7GD,우리지니제일차 20260122-306-40,N,20260122,20261124,정기예금,KRW,,5000000000,5000000000,257,,A1,,,우리은행,자체 신용보강,자체 신용보강,우리은행
73481,우리지니제일차,KRZF0156P8GD,우리지니제일차 20260122-306-41,N,20260122,20261124,정기예금,KRW,,5000000000,5000000000,257,,A1,,,우리은행,자체 신용보강,자체 신용보강,우리은행
73481,우리지니제일차,KRZF0156P9GD,우리지니제일차 20260122-306-42,N,20260122,20261124,정기예금,KRW,,5000000000,5000000000,257,,A1,,,우리은행,자체 신용보강,자체 신용보강,우리은행
73481,우리지니제일차,KRZF0156PAGD,우리지니제일차 20260122-306-43,N,20260122,20261124,정기예금,KRW,,5000000000,5000000000,257,,A1,,,우리은행,자체 신용보강,자체 신용보강,우리은행
73481,우리지니제일차,KRZF0156PBGD,우리지니제일차 20260122-306-44,N,20260122,20261124,정기예금,KRW,,5000000000,5000000000,257,,A1,,,우리은행,자체 신용보강,자체 신용보강,우리은행
73481,우리지니제일차,KRZF0156PCGD,우리지니제일차 20260122-306-45,N,20260122,20261124,정기예금,KRW,,5000000000,5000000000,257,,A1,,,우리은행,자체 신용보강,자체 신용보강,우리은행
73481,우리지니제일차,KRZF0156PDGD,우리지니제일차 20260122-306-46,N,20260122,20261124,정기예금,KRW,,5000000000,5000000000,257,,A1,,,우리은행,자체 신용보강,자체 신용보강,우리은행
73481,우리지니제일차,KRZF0156PEGD,우리지니제일차 20260122-306-47,N,20260122,20261124,정기예금,KRW,,5000000000,5000000000,257,,A1,,,우리은행,자체 신용보강,자체 신용보강,우리은행
73481,우리지니제일차,KRZF0156PFGD,우리지니제일차 20260122-306-48,N,20260122,20261124,정기예금,KRW,,10000000000,10000000000,257,,A1,,,우리은행,자체 신용보강,자체 신용보강,우리은행
73481,우리지니제일차,KRZF0156PGGD,우리지니제일차 20260122-306-49,N,20260122,20261124,정기예금,KRW,,1500000000,1500000000,257,,A1,,,우리은행,자체 신용보강,자체 신용보강,우리은행
73481,우리지니제일차,KRZF0156P5G1,우리지니제일차 20260122-306-5,N,20260122,20261124,정기예금,KRW,,5000000000,5000000000,257,,A1,,,우리은행,자체 신용보강,자체 신용보강,우리은행
73481,우리지니제일차,KRZF0156P6G1,우리지니제일차 20260122-306-6,N,20260122,20261124,정기예금,KRW,,5000000000,5000000000,257,,A1,,,우리은행,자체 신용보강,자체 신용보강,우리은행
73481,우리지니제일차,KRZF0156P7G1,우리지니제일차 20260122-306-7,N,20260122,20261124,정기예금,KRW,,5000000000,5000000000,257,,A1,,,우리은행,자체 신용보강,자체 신용보강,우리은행
73481,우리지니제일차,KRZF0156P8G1,우리지니제일차 20260122-306-8,N,20260122,20261124,정기예금,KRW,,5000000000,5000000000,257,,A1,,,우리은행,자체 신용보강,자체 신용보강,우리은행
73481,우리지니제일차,KRZF0156P9G1,우리지니제일차 20260122-306-9,N,20260122,20261124,정기예금,KRW,,5000000000,5000000000,257,,A1,,,우리은행,자체 신용보강,자체 신용보강,우리은행
71827,플루아이제이차,KRZF0107E1G1,플루아이제이차 20260122-151-1,Y,20260122,20260622,PF대출채권,KRW,,120000000,120000000,102,A1,A1,,,티아이부산피에프브이(주),외부 신용보강,금융기관,메리츠증권
68596,롱리치하나제일차,KRZF0012X1G1,롱리치하나제일차 20260121-90-1,N,20260121,20260421,대출채권,KRW,,5000000000,5000000000,40,,A1,A1,,영풍,차환발행위험(유동성 공여형 매입약정),금융기관,하나은행
68596,롱리치하나제일차,KRZF0012XAG1,롱리치하나제일차 20260121-90-10,N,20260121,20260421,대출채권,KRW,,5000000000,5000000000,40,,A1,A1,,영풍,차환발행위험(유동성 공여형 매입약정),금융기관,하나은행
68596,롱리치하나제일차,KRZF0012X2G1,롱리치하나제일차 20260121-90-2,N,20260121,20260421,대출채권,KRW,,5000000000,5000000000,40,,A1,A1,,영풍,차환발행위험(유동성 공여형 매입약정),금융기관,하나은행
68596,롱리치하나제일차,KRZF0012X3G1,롱리치하나제일차 20260121-90-3,N,20260121,20260421,대출채권,KRW,,5000000000,5000000000,40,,A1,A1,,영풍,차환발행위험(유동성 공여형 매입약정),금융기관,하나은행
68596,롱리치하나제일차,KRZF0012X4G1,롱리치하나제일차 20260121-90-4,N,20260121,20260421,대출채권,KRW,,5000000000,5000000000,40,,A1,A1,,영풍,차환발행위험(유동성 공여형 매입약정),금융기관,하나은행
68596,롱리치하나제일차,KRZF0012X5G1,롱리치하나제일차 20260121-90-5,N,20260121,20260421,대출채권,KRW,,5000000000,5000000000,40,,A1,A1,,영풍,차환발행위험(유동성 공여형 매입약정),금융기관,하나은행
68596,롱리치하나제일차,KRZF0012X6G1,롱리치하나제일차 20260121-90-6,N,20260121,20260421,대출채권,KRW,,5000000000,5000000000,40,,A1,A1,,영풍,차환발행위험(유동성 공여형 매입약정),금융기관,하나은행
68596,롱리치하나제일차,KRZF0012X7G1,롱리치하나제일차 20260121-90-7,N,20260121,20260421,대출채권,KRW,,5000000000,5000000000,40,,A1,A1,,영풍,차환발행위험(유동성 공여형 매입약정),금융기관,하나은행
68596,롱리치하나제일차,KRZF0012X8G1,롱리치하나제일차 20260121-90-8,N,20260121,20260421,대출채권,KRW,,5000000000,5000000000,40,,A1,A1,,영풍,차환발행위험(유동성 공여형 매입약정),금융기관,하나은행
68596,롱리치하나제일차,KRZF0012X9G1,롱리치하나제일차 20260121-90-9,N,20260121,20260421,대출채권,KRW,,5000000000,5000000000,40,,A1,A1,,영풍,차환발행위험(유동성 공여형 매입약정),금융기관,하나은행
63974,슈프림제이십육차유동화전문,KRZFA73171G1,슈프림제이십육차유동화전문 20260121-90-1,N,20260121,20260421,매출채권,KRW,,10000000000,10000000000,40,A1,,A1,,롯데카드,외부 신용보강,금융기관,농협은행
63974,슈프림제이십육차유동화전문,KRZFA73171G1,슈프림제이십육차유동화전문 20260121-90-1,N,20260121,20260421,매출채권,KRW,,10000000000,10000000000,40,A1,,A1,,롯데카드,차환발행위험(유동성 공여형 매입약정),금융기관,농협은행
63974,슈프림제이십육차유동화전문,KRZFA7317AG1,슈프림제이십육차유동화전문 20260121-90-10,N,20260121,20260421,매출채권,KRW,,5000000000,5000000000,40,A1,,A1,,롯데카드,외부 신용보강,금융기관,농협은행
63974,슈프림제이십육차유동화전문,KRZFA7317AG1,슈프림제이십육차유동화전문 20260121-90-10,N,20260121,20260421,매출채권,KRW,,5000000000,5000000000,40,A1,,A1,,롯데카드,차환발행위험(유동성 공여형 매입약정),금융기관,농협은행
63974,슈프림제이십육차유동화전문,KRZFA7317BG1,슈프림제이십육차유동화전문 20260121-90-11,N,20260121,20260421,매출채권,KRW,,5000000000,5000000000,40,A1,,A1,,롯데카드,외부 신용보강,금융기관,농협은행
63974,슈프림제이십육차유동화전문,KRZFA7317BG1,슈프림제이십육차유동화전문 20260121-90-11,N,20260121,20260421,매출채권,KRW,,5000000000,5000000000,40,A1,,A1,,롯데카드,차환발행위험(유동성 공여형 매입약정),금융기관,농협은행
63974,슈프림제이십육차유동화전문,KRZFA7317CG1,슈프림제이십육차유동화전문 20260121-90-12,N,20260121,20260421,매출채권,KRW,,5000000000,5000000000,40,A1,,A1,,롯데카드,외부 신용보강,금융기관,농협은행
63974,슈프림제이십육차유동화전문,KRZFA7317CG1,슈프림제이십육차유동화전문 20260121-90-12,N,20260121,20260421,매출채권,KRW,,5000000000,5000000000,40,A1,,A1,,롯데카드,차환발행위험(유동성 공여형 매입약정),금융기관,농협은행
63974,슈프림제이십육차유동화전문,KRZFA7317DG1,슈프림제이십육차유동화전문 20260121-90-13,N,20260121,20260421,매출채권,KRW,,5000000000,5000000000,40,A1,,A1,,롯데카드,외부 신용보강,금융기관,농협은행
63974,슈프림제이십육차유동화전문,KRZFA7317DG1,슈프림제이십육차유동화전문 20260121-90-13,N,20260121,20260421,매출채권,KRW,,5000000000,5000000000,40,A1,,A1,,롯데카드,차환발행위험(유동성 공여형 매입약정),금융기관,농협은행
63974,슈프림제이십육차유동화전문,KRZFA7317EG1,슈프림제이십육차유동화전문 20260121-90-14,N,20260121,20260421,매출채권,KRW,,5000000000,5000000000,40,A1,,A1,,롯데카드,외부 신용보강,금융기관,농협은행
63974,슈프림제이십육차유동화전문,KRZFA7317EG1,슈프림제이십육차유동화전문 20260121-90-14,N,20260121,20260421,매출채권,KRW,,5000000000,5000000000,40,A1,,A1,,롯데카드,차환발행위험(유동성 공여형 매입약정),금융기관,농협은행
63974,슈프림제이십육차유동화전문,KRZFA7317FG1,슈프림제이십육차유동화전문 20260121-90-15,N,20260121,20260421,매출채권,KRW,,5000000000,5000000000,40,A1,,A1,,롯데카드,외부 신용보강,금융기관,농협은행
63974,슈프림제이십육차유동화전문,KRZFA7317FG1,슈프림제이십육차유동화전문 20260121-90-15,N,20260121,20260421,매출채권,KRW,,5000000000,5000000000,40,A1,,A1,,롯데카드,차환발행위험(유동성 공여형 매입약정),금융기관,농협은행
63974,슈프림제이십육차유동화전문,KRZFA7317GG1,슈프림제이십육차유동화전문 20260121-90-16,N,20260121,20260421,매출채권,KRW,,5000000000,5000000000,40,A1,,A1,,롯데카드,외부 신용보강,금융기관,농협은행
63974,슈프림제이십육차유동화전문,KRZFA7317GG1,슈프림제이십육차유동화전문 20260121-90-16,N,20260121,20260421,매출채권,KRW,,5000000000,5000000000,40,A1,,A1,,롯데카드,차환발행위험(유동성 공여형 매입약정),금융기관,농협은행
63974,슈프림제이십육차유동화전문,KRZFA7317HG1,슈프림제이십육차유동화전문 20260121-90-17,N,20260121,20260421,매출채권,KRW,,5000000000,5000000000,40,A1,,A1,,롯데카드,외부 신용보강,금융기관,농협은행
63974,슈프림제이십육차유동화전문,KRZFA7317HG1,슈프림제이십육차유동화전문 20260121-90-17,N,20260121,20260421,매출채권,KRW,,5000000000,5000000000,40,A1,,A1,,롯데카드,차환발행위험(유동성 공여형 매입약정),금융기관,농협은행
63974,슈프림제이십육차유동화전문,KRZFA73172G1,슈프림제이십육차유동화전문 20260121-90-2,N,20260121,20260421,매출채권,KRW,,10000000000,10000000000,40,A1,,A1,,롯데카드,외부 신용보강,금융기관,농협은행
63974,슈프림제이십육차유동화전문,KRZFA73172G1,슈프림제이십육차유동화전문 20260121-90-2,N,20260121,20260421,매출채권,KRW,,10000000000,10000000000,40,A1,,A1,,롯데카드,차환발행위험(유동성 공여형 매입약정),금융기관,농협은행
63974,슈프림제이십육차유동화전문,KRZFA73173G1,슈프림제이십육차유동화전문 20260121-90-3,N,20260121,20260421,매출채권,KRW,,10000000000,10000000000,40,A1,,A1,,롯데카드,외부 신용보강,금융기관,농협은행
63974,슈프림제이십육차유동화전문,KRZFA73173G1,슈프림제이십육차유동화전문 20260121-90-3,N,20260121,20260421,매출채권,KRW,,10000000000,10000000000,40,A1,,A1,,롯데카드,차환발행위험(유동성 공여형 매입약정),금융기관,농협은행
63974,슈프림제이십육차유동화전문,KRZFA73174G1,슈프림제이십육차유동화전문 20260121-90-4,N,20260121,20260421,매출채권,KRW,,5000000000,5000000000,40,A1,,A1,,롯데카드,외부 신용보강,금융기관,농협은행
63974,슈프림제이십육차유동화전문,KRZFA73174G1,슈프림제이십육차유동화전문 20260121-90-4,N,20260121,20260421,매출채권,KRW,,5000000000,5000000000,40,A1,,A1,,롯데카드,차환발행위험(유동성 공여형 매입약정),금융기관,농협은행
63974,슈프림제이십육차유동화전문,KRZFA73175G1,슈프림제이십육차유동화전문 20260121-90-5,N,20260121,20260421,매출채권,KRW,,5000000000,5000000000,40,A1,,A1,,롯데카드,외부 신용보강,금융기관,농협은행
63974,슈프림제이십육차유동화전문,KRZFA73175G1,슈프림제이십육차유동화전문 20260121-90-5,N,20260121,20260421,매출채권,KRW,,5000000000,5000000000,40,A1,,A1,,롯데카드,차환발행위험(유동성 공여형 매입약정),금융기관,농협은행
63974,슈프림제이십육차유동화전문,KRZFA73176G1,슈프림제이십육차유동화전문 20260121-90-6,N,20260121,20260421,매출채권,KRW,,5000000000,5000000000,40,A1,,A1,,롯데카드,외부 신용보강,금융기관,농협은행
63974,슈프림제이십육차유동화전문,KRZFA73176G1,슈프림제이십육차유동화전문 20260121-90-6,N,20260121,20260421,매출채권,KRW,,5000000000,5000000000,40,A1,,A1,,롯데카드,차환발행위험(유동성 공여형 매입약정),금융기관,농협은행
63974,슈프림제이십육차유동화전문,KRZFA73177G1,슈프림제이십육차유동화전문 20260121-90-7,N,20260121,20260421,매출채권,KRW,,5000000000,5000000000,40,A1,,A1,,롯데카드,외부 신용보강,금융기관,농협은행
63974,슈프림제이십육차유동화전문,KRZFA73177G1,슈프림제이십육차유동화전문 20260121-90-7,N,20260121,20260421,매출채권,KRW,,5000000000,5000000000,40,A1,,A1,,롯데카드,차환발행위험(유동성 공여형 매입약정),금융기관,농협은행
63974,슈프림제이십육차유동화전문,KRZFA73178G1,슈프림제이십육차유동화전문 20260121-90-8,N,20260121,20260421,매출채권,KRW,,5000000000,5000000000,40,A1,,A1,,롯데카드,외부 신용보강,금융기관,농협은행
63974,슈프림제이십육차유동화전문,KRZFA73178G1,슈프림제이십육차유동화전문 20260121-90-8,N,20260121,20260421,매출채권,KRW,,5000000000,5000000000,40,A1,,A1,,롯데카드,차환발행위험(유동성 공여형 매입약정),금융기관,농협은행
63974,슈프림제이십육차유동화전문,KRZFA73179G1,슈프림제이십육차유동화전문 20260121-90-9,N,20260121,20260421,매출채권,KRW,,5000000000,5000000000,40,A1,,A1,,롯데카드,외부 신용보강,금융기관,농협은행
63974,슈프림제이십육차유동화전문,KRZFA73179G1,슈프림제이십육차유동화전문 20260121-90-9,N,20260121,20260421,매출채권,KRW,,5000000000,5000000000,40,A1,,A1,,롯데카드,차환발행위험(유동성 공여형 매입약정),금융기관,농협은행
49261,에스피지제일차,KRZF345981G1,에스피지제일차 20260121-90-1,N,20260121,20260421,대출채권,KRW,,5000000000,5000000000,40,A1,A1,,,에스케이피아이씨글로벌(주),외부 신용보강,금융기관,우리은행
49261,에스피지제일차,KRZF345982G1,에스피지제일차 20260121-90-2,N,20260121,20260421,대출채권,KRW,,5000000000,5000000000,40,A1,A1,,,에스케이피아이씨글로벌(주),외부 신용보강,금융기관,우리은행
49261,에스피지제일차,KRZF345983G1,에스피지제일차 20260121-90-3,N,20260121,20260421,대출채권,KRW,,5000000000,5000000000,40,A1,A1,,,에스케이피아이씨글로벌(주),외부 신용보강,금융기관,우리은행
49261,에스피지제일차,KRZF345984G1,에스피지제일차 20260121-90-4,N,20260121,20260421,대출채권,KRW,,5000000000,5000000000,40,A1,A1,,,에스케이피아이씨글로벌(주),외부 신용보강,금융기관,우리은행
49261,에스피지제일차,KRZF345985G1,에스피지제일차 20260121-90-5,N,20260121,20260421,대출채권,KRW,,5000000000,5000000000,40,A1,A1,,,에스케이피아이씨글로벌(주),외부 신용보강,금융기관,우리은행
49261,에스피지제일차,KRZF345986G1,에스피지제일차 20260121-90-6,N,20260121,20260421,대출채권,KRW,,5000000000,5000000000,40,A1,A1,,,에스케이피아이씨글로벌(주),외부 신용보강,금융기관,우리은행
73455,국민넘버원제사차,KRZFA5161GGD,국민넘버원제사차 20260120-238-49,N,20260120,20260915,정기예금,KRW,,180000000,180000000,187,A1,A1,A1,,국민은행,자체 신용보강,자체 신용보강,국민은행
73455,국민넘버원제사차,KRZFA51611G1,국민넘버원제사차 20260120-63-1,N,20260120,20260324,정기예금,KRW,,5000000000,5000000000,12,A1,A1,A1,,국민은행,자체 신용보강,자체 신용보강,국민은행
73455,국민넘버원제사차,KRZFA5161AG1,국민넘버원제사차 20260120-63-10,N,20260120,20260324,정기예금,KRW,,5000000000,5000000000,12,A1,A1,A1,,국민은행,자체 신용보강,자체 신용보강,국민은행
73455,국민넘버원제사차,KRZFA5161BG1,국민넘버원제사차 20260120-63-11,N,20260120,20260324,정기예금,KRW,,5000000000,5000000000,12,A1,A1,A1,,국민은행,자체 신용보강,자체 신용보강,국민은행
73455,국민넘버원제사차,KRZFA5161CG1,국민넘버원제사차 20260120-63-12,N,20260120,20260324,정기예금,KRW,,5000000000,5000000000,12,A1,A1,A1,,국민은행,자체 신용보강,자체 신용보강,국민은행
73455,국민넘버원제사차,KRZFA5161DG1,국민넘버원제사차 20260120-63-13,N,20260120,20260324,정기예금,KRW,,5000000000,5000000000,12,A1,A1,A1,,국민은행,자체 신용보강,자체 신용보강,국민은행
73455,국민넘버원제사차,KRZFA5161EG1,국민넘버원제사차 20260120-63-14,N,20260120,20260324,정기예금,KRW,,5000000000,5000000000,12,A1,A1,A1,,국민은행,자체 신용보강,자체 신용보강,국민은행
73455,국민넘버원제사차,KRZFA5161FG1,국민넘버원제사차 20260120-63-15,N,20260120,20260324,정기예금,KRW,,5000000000,5000000000,12,A1,A1,A1,,국민은행,자체 신용보강,자체 신용보강,국민은행
73455,국민넘버원제사차,KRZFA5161GG1,국민넘버원제사차 20260120-63-16,N,20260120,20260324,정기예금,KRW,,5000000000,5000000000,12,A1,A1,A1,,국민은행,자체 신용보강,자체 신용보강,국민은행
73455,국민넘버원제사차,KRZFA5161HG1,국민넘버원제사차 20260120-63-17,N,20260120,20260324,정기예금,KRW,,5000000000,5000000000,12,A1,A1,A1,,국민은행,자체 신용보강,자체 신용보강,국민은행
73455,국민넘버원제사차,KRZFA5161JG1,국민넘버원제사차 20260120-63-18,N,20260120,20260324,정기예금,KRW,,5000000000,5000000000,12,A1,A1,A1,,국민은행,자체 신용보강,자체 신용보강,국민은행
73455,국민넘버원제사차,KRZFA5161KG1,국민넘버원제사차 20260120-63-19,N,20260120,20260324,정기예금,KRW,,5000000000,5000000000,12,A1,A1,A1,,국민은행,자체 신용보강,자체 신용보강,국민은행
73455,국민넘버원제사차,KRZFA51612G1,국민넘버원제사차 20260120-63-2,N,20260120,20260324,정기예금,KRW,,5000000000,5000000000,12,A1,A1,A1,,국민은행,자체 신용보강,자체 신용보강,국민은행
73455,국민넘버원제사차,KRZFA5161LG1,국민넘버원제사차 20260120-63-20,N,20260120,20260324,정기예금,KRW,,5000000000,5000000000,12,A1,A1,A1,,국민은행,자체 신용보강,자체 신용보강,국민은행
73455,국민넘버원제사차,KRZFA5161MG1,국민넘버원제사차 20260120-63-21,N,20260120,20260324,정기예금,KRW,,5000000000,5000000000,12,A1,A1,A1,,국민은행,자체 신용보강,자체 신용보강,국민은행
73455,국민넘버원제사차,KRZFA5161NG1,국민넘버원제사차 20260120-63-22,N,20260120,20260324,정기예금,KRW,,5000000000,5000000000,12,A1,A1,A1,,국민은행,자체 신용보강,자체 신용보강,국민은행
73455,국민넘버원제사차,KRZFA5161PG1,국민넘버원제사차 20260120-63-23,N,20260120,20260324,정기예금,KRW,,5000000000,5000000000,12,A1,A1,A1,,국민은행,자체 신용보강,자체 신용보강,국민은행
73455,국민넘버원제사차,KRZFA5161QG1,국민넘버원제사차 20260120-63-24,N,20260120,20260324,정기예금,KRW,,5000000000,5000000000,12,A1,A1,A1,,국민은행,자체 신용보강,자체 신용보강,국민은행
73455,국민넘버원제사차,KRZFA5161RG1,국민넘버원제사차 20260120-63-25,N,20260120,20260324,정기예금,KRW,,5000000000,5000000000,12,A1,A1,A1,,국민은행,자체 신용보강,자체 신용보강,국민은행
73455,국민넘버원제사차,KRZFA5161SG1,국민넘버원제사차 20260120-63-26,N,20260120,20260324,정기예금,KRW,,5000000000,5000000000,12,A1,A1,A1,,국민은행,자체 신용보강,자체 신용보강,국민은행
73455,국민넘버원제사차,KRZFA5161TG1,국민넘버원제사차 20260120-63-27,N,20260120,20260324,정기예금,KRW,,5000000000,5000000000,12,A1,A1,A1,,국민은행,자체 신용보강,자체 신용보강,국민은행
73455,국민넘버원제사차,KRZFA5161VG1,국민넘버원제사차 20260120-63-28,N,20260120,20260324,정기예금,KRW,,5000000000,5000000000,12,A1,A1,A1,,국민은행,자체 신용보강,자체 신용보강,국민은행
73455,국민넘버원제사차,KRZFA5161WG1,국민넘버원제사차 20260120-63-29,N,20260120,20260324,정기예금,KRW,,5000000000,5000000000,12,A1,A1,A1,,국민은행,자체 신용보강,자체 신용보강,국민은행
73455,국민넘버원제사차,KRZFA51613G1,국민넘버원제사차 20260120-63-3,N,20260120,20260324,정기예금,KRW,,5000000000,5000000000,12,A1,A1,A1,,국민은행,자체 신용보강,자체 신용보강,국민은행
73455,국민넘버원제사차,KRZFA5161XG1,국민넘버원제사차 20260120-63-30,N,20260120,20260324,정기예금,KRW,,5000000000,5000000000,12,A1,A1,A1,,국민은행,자체 신용보강,자체 신용보강,국민은행
73455,국민넘버원제사차,KRZFA5161YG1,국민넘버원제사차 20260120-63-31,N,20260120,20260324,정기예금,KRW,,5000000000,5000000000,12,A1,A1,A1,,국민은행,자체 신용보강,자체 신용보강,국민은행
73455,국민넘버원제사차,KRZFA5161ZG1,국민넘버원제사차 20260120-63-32,N,20260120,20260324,정기예금,KRW,,5000000000,5000000000,12,A1,A1,A1,,국민은행,자체 신용보강,자체 신용보강,국민은행
73455,국민넘버원제사차,KRZFA51610GD,국민넘버원제사차 20260120-63-33,N,20260120,20260324,정기예금,KRW,,5000000000,5000000000,12,A1,A1,A1,,국민은행,자체 신용보강,자체 신용보강,국민은행
73455,국민넘버원제사차,KRZFA51611GD,국민넘버원제사차 20260120-63-34,N,20260120,20260324,정기예금,KRW,,5000000000,5000000000,12,A1,A1,A1,,국민은행,자체 신용보강,자체 신용보강,국민은행
73455,국민넘버원제사차,KRZFA51612GD,국민넘버원제사차 20260120-63-35,N,20260120,20260324,정기예금,KRW,,5000000000,5000000000,12,A1,A1,A1,,국민은행,자체 신용보강,자체 신용보강,국민은행
73455,국민넘버원제사차,KRZFA51613GD,국민넘버원제사차 20260120-63-36,N,20260120,20260324,정기예금,KRW,,5000000000,5000000000,12,A1,A1,A1,,국민은행,자체 신용보강,자체 신용보강,국민은행
73455,국민넘버원제사차,KRZFA51614GD,국민넘버원제사차 20260120-63-37,N,20260120,20260324,정기예금,KRW,,5000000000,5000000000,12,A1,A1,A1,,국민은행,자체 신용보강,자체 신용보강,국민은행
73455,국민넘버원제사차,KRZFA51615GD,국민넘버원제사차 20260120-63-38,N,20260120,20260324,정기예금,KRW,,5000000000,5000000000,12,A1,A1,A1,,국민은행,자체 신용보강,자체 신용보강,국민은행
73455,국민넘버원제사차,KRZFA51616GD,국민넘버원제사차 20260120-63-39,N,20260120,20260324,정기예금,KRW,,5000000000,5000000000,12,A1,A1,A1,,국민은행,자체 신용보강,자체 신용보강,국민은행
73455,국민넘버원제사차,KRZFA51614G1,국민넘버원제사차 20260120-63-4,N,20260120,20260324,정기예금,KRW,,5000000000,5000000000,12,A1,A1,A1,,국민은행,자체 신용보강,자체 신용보강,국민은행
73455,국민넘버원제사차,KRZFA51617GD,국민넘버원제사차 20260120-63-40,N,20260120,20260324,정기예금,KRW,,5000000000,5000000000,12,A1,A1,A1,,국민은행,자체 신용보강,자체 신용보강,국민은행
73455,국민넘버원제사차,KRZFA51618GD,국민넘버원제사차 20260120-63-41,N,20260120,20260324,정기예금,KRW,,5000000000,5000000000,12,A1,A1,A1,,국민은행,자체 신용보강,자체 신용보강,국민은행
73455,국민넘버원제사차,KRZFA51619GD,국민넘버원제사차 20260120-63-42,N,20260120,20260324,정기예금,KRW,,5000000000,5000000000,12,A1,A1,A1,,국민은행,자체 신용보강,자체 신용보강,국민은행
73455,국민넘버원제사차,KRZFA5161AGD,국민넘버원제사차 20260120-63-43,N,20260120,20260324,정기예금,KRW,,5000000000,5000000000,12,A1,A1,A1,,국민은행,자체 신용보강,자체 신용보강,국민은행
73455,국민넘버원제사차,KRZFA5161BGD,국민넘버원제사차 20260120-63-44,N,20260120,20260324,정기예금,KRW,,5000000000,5000000000,12,A1,A1,A1,,국민은행,자체 신용보강,자체 신용보강,국민은행
73455,국민넘버원제사차,KRZFA5161CGD,국민넘버원제사차 20260120-63-45,N,20260120,20260324,정기예금,KRW,,5000000000,5000000000,12,A1,A1,A1,,국민은행,자체 신용보강,자체 신용보강,국민은행
73455,국민넘버원제사차,KRZFA5161DGD,국민넘버원제사차 20260120-63-46,N,20260120,20260324,정기예금,KRW,,5000000000,5000000000,12,A1,A1,A1,,국민은행,자체 신용보강,자체 신용보강,국민은행
73455,국민넘버원제사차,KRZFA5161EGD,국민넘버원제사차 20260120-63-47,N,20260120,20260324,정기예금,KRW,,5000000000,5000000000,12,A1,A1,A1,,국민은행,자체 신용보강,자체 신용보강,국민은행
73455,국민넘버원제사차,KRZFA5161FGD,국민넘버원제사차 20260120-63-48,N,20260120,20260324,정기예금,KRW,,5000000000,5000000000,12,A1,A1,A1,,국민은행,자체 신용보강,자체 신용보강,국민은행
73455,국민넘버원제사차,KRZFA51615G1,국민넘버원제사차 20260120-63-5,N,20260120,20260324,정기예금,KRW,,5000000000,5000000000,12,A1,A1,A1,,국민은행,자체 신용보강,자체 신용보강,국민은행
73455,국민넘버원제사차,KRZFA51616G1,국민넘버원제사차 20260120-63-6,N,20260120,20260324,정기예금,KRW,,5000000000,5000000000,12,A1,A1,A1,,국민은행,자체 신용보강,자체 신용보강,국민은행
73455,국민넘버원제사차,KRZFA51617G1,국민넘버원제사차 20260120-63-7,N,20260120,20260324,정기예금,KRW,,5000000000,5000000000,12,A1,A1,A1,,국민은행,자체 신용보강,자체 신용보강,국민은행
73455,국민넘버원제사차,KRZFA51618G1,국민넘버원제사차 20260120-63-8,N,20260120,20260324,정기예금,KRW,,5000000000,5000000000,12,A1,A1,A1,,국민은행,자체 신용보강,자체 신용보강,국민은행
73455,국민넘버원제사차,KRZFA51619G1,국민넘버원제사차 20260120-63-9,N,20260120,20260324,정기예금,KRW,,5000000000,5000000000,12,A1,A1,A1,,국민은행,자체 신용보강,자체 신용보강,국민은행
73465,국민행복제6차,KRZFA8276FG1,국민행복제6차 20260120-121-15,N,20260120,20260521,정기예금,KRW,,5000000000,5000000000,70,A1,A1,,,국민은행,자체 신용보강,자체 신용보강,국민은행
73465,국민행복제6차,KRZFA8276GG1,국민행복제6차 20260120-121-16,N,20260120,20260521,정기예금,KRW,,5000000000,5000000000,70,A1,A1,,,국민은행,자체 신용보강,자체 신용보강,국민은행
73465,국민행복제6차,KRZFA8276HG1,국민행복제6차 20260120-121-17,N,20260120,20260521,정기예금,KRW,,5000000000,5000000000,70,A1,A1,,,국민은행,자체 신용보강,자체 신용보강,국민은행
73465,국민행복제6차,KRZFA8276JG1,국민행복제6차 20260120-121-18,N,20260120,20260521,정기예금,KRW,,5000000000,5000000000,70,A1,A1,,,국민은행,자체 신용보강,자체 신용보강,국민은행
73465,국민행복제6차,KRZFA8276KG1,국민행복제6차 20260120-121-19,N,20260120,20260521,정기예금,KRW,,5000000000,5000000000,70,A1,A1,,,국민은행,자체 신용보강,자체 신용보강,국민은행
73465,국민행복제6차,KRZFA8276LG1,국민행복제6차 20260120-121-20,N,20260120,20260521,정기예금,KRW,,5000000000,5000000000,70,A1,A1,,,국민은행,자체 신용보강,자체 신용보강,국민은행
73465,국민행복제6차,KRZFA8276MG1,국민행복제6차 20260120-121-21,N,20260120,20260521,정기예금,KRW,,5000000000,5000000000,70,A1,A1,,,국민은행,자체 신용보강,자체 신용보강,국민은행
73465,국민행복제6차,KRZFA8276NG1,국민행복제6차 20260120-121-22,N,20260120,20260521,정기예금,KRW,,5000000000,5000000000,70,A1,A1,,,국민은행,자체 신용보강,자체 신용보강,국민은행
73465,국민행복제6차,KRZFA8276PG1,국민행복제6차 20260120-121-23,N,20260120,20260521,정기예금,KRW,,5000000000,5000000000,70,A1,A1,,,국민은행,자체 신용보강,자체 신용보강,국민은행
73465,국민행복제6차,KRZFA8276QG1,국민행복제6차 20260120-121-24,N,20260120,20260521,정기예금,KRW,,5000000000,5000000000,70,A1,A1,,,국민은행,자체 신용보강,자체 신용보강,국민은행
73465,국민행복제6차,KRZFA8276RG1,국민행복제6차 20260120-121-25,N,20260120,20260521,정기예금,KRW,,5000000000,5000000000,70,A1,A1,,,국민은행,자체 신용보강,자체 신용보강,국민은행
73465,국민행복제6차,KRZFA8276SG1,국민행복제6차 20260120-121-26,N,20260120,20260521,정기예금,KRW,,5000000000,5000000000,70,A1,A1,,,국민은행,자체 신용보강,자체 신용보강,국민은행
73465,국민행복제6차,KRZFA8276TG1,국민행복제6차 20260120-121-27,N,20260120,20260521,정기예금,KRW,,5000000000,5000000000,70,A1,A1,,,국민은행,자체 신용보강,자체 신용보강,국민은행
73465,국민행복제6차,KRZFA8276VG1,국민행복제6차 20260120-121-28,N,20260120,20260521,정기예금,KRW,,5000000000,5000000000,70,A1,A1,,,국민은행,자체 신용보강,자체 신용보강,국민은행
73465,국민행복제6차,KRZFA8276WG1,국민행복제6차 20260120-121-29,N,20260120,20260521,정기예금,KRW,,5000000000,5000000000,70,A1,A1,,,국민은행,자체 신용보강,자체 신용보강,국민은행
73465,국민행복제6차,KRZFA8276XG1,국민행복제6차 20260120-121-30,N,20260120,20260521,정기예금,KRW,,5000000000,5000000000,70,A1,A1,,,국민은행,자체 신용보강,자체 신용보강,국민은행
73465,국민행복제6차,KRZFA8276YG1,국민행복제6차 20260120-121-31,N,20260120,20260521,정기예금,KRW,,5000000000,5000000000,70,A1,A1,,,국민은행,자체 신용보강,자체 신용보강,국민은행
73465,국민행복제6차,KRZFA8276ZG1,국민행복제6차 20260120-121-32,N,20260120,20260521,정기예금,KRW,,5000000000,5000000000,70,A1,A1,,,국민은행,자체 신용보강,자체 신용보강,국민은행
73465,국민행복제6차,KRZFA82760GD,국민행복제6차 20260120-121-33,N,20260120,20260521,정기예금,KRW,,5000000000,5000000000,70,A1,A1,,,국민은행,자체 신용보강,자체 신용보강,국민은행
73465,국민행복제6차,KRZFA82761GD,국민행복제6차 20260120-121-34,N,20260120,20260521,정기예금,KRW,,5000000000,5000000000,70,A1,A1,,,국민은행,자체 신용보강,자체 신용보강,국민은행
73465,국민행복제6차,KRZFA82762GD,국민행복제6차 20260120-121-35,N,20260120,20260521,정기예금,KRW,,5000000000,5000000000,70,A1,A1,,,국민은행,자체 신용보강,자체 신용보강,국민은행
73465,국민행복제6차,KRZFA82763GD,국민행복제6차 20260120-121-36,N,20260120,20260521,정기예금,KRW,,5000000000,5000000000,70,A1,A1,,,국민은행,자체 신용보강,자체 신용보강,국민은행
73465,국민행복제6차,KRZFA82764GD,국민행복제6차 20260120-121-37,N,20260120,20260521,정기예금,KRW,,5000000000,5000000000,70,A1,A1,,,국민은행,자체 신용보강,자체 신용보강,국민은행
73465,국민행복제6차,KRZFA82765GD,국민행복제6차 20260120-121-38,N,20260120,20260521,정기예금,KRW,,5000000000,5000000000,70,A1,A1,,,국민은행,자체 신용보강,자체 신용보강,국민은행
73465,국민행복제6차,KRZFA82766GD,국민행복제6차 20260120-121-39,N,20260120,20260521,정기예금,KRW,,5000000000,5000000000,70,A1,A1,,,국민은행,자체 신용보강,자체 신용보강,국민은행
73465,국민행복제6차,KRZFA82767GD,국민행복제6차 20260120-121-40,N,20260120,20260521,정기예금,KRW,,5000000000,5000000000,70,A1,A1,,,국민은행,자체 신용보강,자체 신용보강,국민은행
73465,국민행복제6차,KRZFA82768GD,국민행복제6차 20260120-121-41,N,20260120,20260521,정기예금,KRW,,5000000000,5000000000,70,A1,A1,,,국민은행,자체 신용보강,자체 신용보강,국민은행
73465,국민행복제6차,KRZFA82769GD,국민행복제6차 20260120-121-42,N,20260120,20260521,정기예금,KRW,,5000000000,5000000000,70,A1,A1,,,국민은행,자체 신용보강,자체 신용보강,국민은행
73465,국민행복제6차,KRZFA8276AGD,국민행복제6차 20260120-121-43,N,20260120,20260521,정기예금,KRW,,5000000000,5000000000,70,A1,A1,,,국민은행,자체 신용보강,자체 신용보강,국민은행
73465,국민행복제6차,KRZFA8276BGD,국민행복제6차 20260120-121-44,N,20260120,20260521,정기예금,KRW,,5000000000,5000000000,70,A1,A1,,,국민은행,자체 신용보강,자체 신용보강,국민은행
73465,국민행복제6차,KRZFA8276CGD,국민행복제6차 20260120-121-45,N,20260120,20260521,정기예금,KRW,,5000000000,5000000000,70,A1,A1,,,국민은행,자체 신용보강,자체 신용보강,국민은행
73465,국민행복제6차,KRZFA8276DGD,국민행복제6차 20260120-121-46,N,20260120,20260521,정기예금,KRW,,5000000000,5000000000,70,A1,A1,,,국민은행,자체 신용보강,자체 신용보강,국민은행
73465,국민행복제6차,KRZFA8276EGD,국민행복제6차 20260120-121-47,N,20260120,20260521,정기예금,KRW,,5000000000,5000000000,70,A1,A1,,,국민은행,자체 신용보강,자체 신용보강,국민은행
73465,국민행복제6차,KRZFA8276FGD,국민행복제6차 20260120-121-48,N,20260120,20260521,정기예금,KRW,,5000000000,5000000000,70,A1,A1,,,국민은행,자체 신용보강,자체 신용보강,국민은행
73465,국민행복제6차,KRZFA8276GGD,국민행복제6차 20260120-294-49,N,20260120,20261110,정기예금,KRW,,297000000,297000000,243,A1,A1,,,국민은행,자체 신용보강,자체 신용보강,국민은행
73465,국민행복제6차,KRZFA82761G1,국민행복제6차 20260120-59-1,N,20260120,20260320,정기예금,KRW,,5000000000,5000000000,8,A1,A1,,,국민은행,자체 신용보강,자체 신용보강,국민은행
73465,국민행복제6차,KRZFA8276AG1,국민행복제6차 20260120-59-10,N,20260120,20260320,정기예금,KRW,,5000000000,5000000000,8,A1,A1,,,국민은행,자체 신용보강,자체 신용보강,국민은행
73465,국민행복제6차,KRZFA8276BG1,국민행복제6차 20260120-59-11,N,20260120,20260320,정기예금,KRW,,5000000000,5000000000,8,A1,A1,,,국민은행,자체 신용보강,자체 신용보강,국민은행
73465,국민행복제6차,KRZFA8276CG1,국민행복제6차 20260120-59-12,N,20260120,20260320,정기예금,KRW,,5000000000,5000000000,8,A1,A1,,,국민은행,자체 신용보강,자체 신용보강,국민은행
73465,국민행복제6차,KRZFA8276DG1,국민행복제6차 20260120-59-13,N,20260120,20260320,정기예금,KRW,,5000000000,5000000000,8,A1,A1,,,국민은행,자체 신용보강,자체 신용보강,국민은행
73465,국민행복제6차,KRZFA8276EG1,국민행복제6차 20260120-59-14,N,20260120,20260320,정기예금,KRW,,5000000000,5000000000,8,A1,A1,,,국민은행,자체 신용보강,자체 신용보강,국민은행
73465,국민행복제6차,KRZFA82762G1,국민행복제6차 20260120-59-2,N,20260120,20260320,정기예금,KRW,,5000000000,5000000000,8,A1,A1,,,국민은행,자체 신용보강,자체 신용보강,국민은행
73465,국민행복제6차,KRZFA82763G1,국민행복제6차 20260120-59-3,N,20260120,20260320,정기예금,KRW,,5000000000,5000000000,8,A1,A1,,,국민은행,자체 신용보강,자체 신용보강,국민은행
73465,국민행복제6차,KRZFA82764G1,국민행복제6차 20260120-59-4,N,20260120,20260320,정기예금,KRW,,5000000000,5000000000,8,A1,A1,,,국민은행,자체 신용보강,자체 신용보강,국민은행
73465,국민행복제6차,KRZFA82765G1,국민행복제6차 20260120-59-5,N,20260120,20260320,정기예금,KRW,,5000000000,5000000000,8,A1,A1,,,국민은행,자체 신용보강,자체 신용보강,국민은행
73465,국민행복제6차,KRZFA82766G1,국민행복제6차 20260120-59-6,N,20260120,20260320,정기예금,KRW,,5000000000,5000000000,8,A1,A1,,,국민은행,자체 신용보강,자체 신용보강,국민은행
73465,국민행복제6차,KRZFA82767G1,국민행복제6차 20260120-59-7,N,20260120,20260320,정기예금,KRW,,5000000000,5000000000,8,A1,A1,,,국민은행,자체 신용보강,자체 신용보강,국민은행
73465,국민행복제6차,KRZFA82768G1,국민행복제6차 20260120-59-8,N,20260120,20260320,정기예금,KRW,,5000000000,5000000000,8,A1,A1,,,국민은행,자체 신용보강,자체 신용보강,국민은행
73465,국민행복제6차,KRZFA82769G1,국민행복제6차 20260120-59-9,N,20260120,20260320,정기예금,KRW,,5000000000,5000000000,8,A1,A1,,,국민은행,자체 신용보강,자체 신용보강,국민은행
73449,글로리배방제일차,KRZFA82941G1,글로리배방제일차 20260120-364-1,Y,20260120,20270119,PF대출채권,KRW,,5000000000,5000000000,313,,A2+,A2+,,아산배방개발(주),외부 신용보강,일반기업,한화
73449,글로리배방제일차,KRZFA8294AG1,글로리배방제일차 20260120-364-10,Y,20260120,20270119,PF대출채권,KRW,,5000000000,5000000000,313,,A2+,A2+,,아산배방개발(주),외부 신용보강,일반기업,한화
73449,글로리배방제일차,KRZFA8294BG1,글로리배방제일차 20260120-364-11,Y,20260120,20270119,PF대출채권,KRW,,1700000000,1700000000,313,,A2+,A2+,,아산배방개발(주),외부 신용보강,일반기업,한화
73449,글로리배방제일차,KRZFA8294CG1,글로리배방제일차 20260120-364-12,Y,20260120,20270119,PF대출채권,KRW,,1000000000,1000000000,313,,A2+,A2+,,아산배방개발(주),외부 신용보강,일반기업,한화
73449,글로리배방제일차,KRZFA8294DG1,글로리배방제일차 20260120-364-13,Y,20260120,20270119,PF대출채권,KRW,,1000000000,1000000000,313,,A2+,A2+,,아산배방개발(주),외부 신용보강,일반기업,한화
73449,글로리배방제일차,KRZFA8294EG1,글로리배방제일차 20260120-364-14,Y,20260120,20270119,PF대출채권,KRW,,1000000000,1000000000,313,,A2+,A2+,,아산배방개발(주),외부 신용보강,일반기업,한화
73449,글로리배방제일차,KRZFA8294FG1,글로리배방제일차 20260120-364-15,Y,20260120,20270119,PF대출채권,KRW,,500000000,500000000,313,,A2+,A2+,,아산배방개발(주),외부 신용보강,일반기업,한화
73449,글로리배방제일차,KRZFA8294GG1,글로리배방제일차 20260120-364-16,Y,20260120,20270119,PF대출채권,KRW,,500000000,500000000,313,,A2+,A2+,,아산배방개발(주),외부 신용보강,일반기업,한화
73449,글로리배방제일차,KRZFA82942G1,글로리배방제일차 20260120-364-2,Y,20260120,20270119,PF대출채권,KRW,,5000000000,5000000000,313,,A2+,A2+,,아산배방개발(주),외부 신용보강,일반기업,한화
73449,글로리배방제일차,KRZFA82943G1,글로리배방제일차 20260120-364-3,Y,20260120,20270119,PF대출채권,KRW,,5000000000,5000000000,313,,A2+,A2+,,아산배방개발(주),외부 신용보강,일반기업,한화
73449,글로리배방제일차,KRZFA82944G1,글로리배방제일차 20260120-364-4,Y,20260120,20270119,PF대출채권,KRW,,5000000000,5000000000,313,,A2+,A2+,,아산배방개발(주),외부 신용보강,일반기업,한화
73449,글로리배방제일차,KRZFA82945G1,글로리배방제일차 20260120-364-5,Y,20260120,20270119,PF대출채권,KRW,,5000000000,5000000000,313,,A2+,A2+,,아산배방개발(주),외부 신용보강,일반기업,한화
73449,글로리배방제일차,KRZFA82946G1,글로리배방제일차 20260120-364-6,Y,20260120,20270119,PF대출채권,KRW,,5000000000,5000000000,313,,A2+,A2+,,아산배방개발(주),외부 신용보강,일반기업,한화
73449,글로리배방제일차,KRZFA82947G1,글로리배방제일차 20260120-364-7,Y,20260120,20270119,PF대출채권,KRW,,5000000000,5000000000,313,,A2+,A2+,,아산배방개발(주),외부 신용보강,일반기업,한화
73449,글로리배방제일차,KRZFA82948G1,글로리배방제일차 20260120-364-8,Y,20260120,20270119,PF대출채권,KRW,,5000000000,5000000000,313,,A2+,A2+,,아산배방개발(주),외부 신용보강,일반기업,한화
73449,글로리배방제일차,KRZFA82949G1,글로리배방제일차 20260120-364-9,Y,20260120,20270119,PF대출채권,KRW,,5000000000,5000000000,313,,A2+,A2+,,아산배방개발(주),외부 신용보강,일반기업,한화
73388,디비엠비피제십차,KRZF0112V2GD,디비엠비피제십차 20260120-181-35,N,20260120,20260720,매출채권,KRW,,5000000000,5000000000,130,,A1,A1,,한화솔루션,자체 신용보강,자체 신용보강,한화솔루션
73388,디비엠비피제십차,KRZF0112V3GD,디비엠비피제십차 20260120-181-36,N,20260120,20260720,매출채권,KRW,,4800000000,4800000000,130,,A1,A1,,한화솔루션,자체 신용보강,자체 신용보강,한화솔루션
56194,리치게이트여상,KRZFA18131G1,리치게이트여상 20260120-70-1,Y,20260120,20260331,PF대출채권,KRW,,5000000000,5000000000,19,,A1,A1,,인천여상주변재개발정비사업조합,외부 신용보강,금융기관,신한은행
56194,리치게이트여상,KRZFA18131G1,리치게이트여상 20260120-70-1,Y,20260120,20260331,PF대출채권,KRW,,5000000000,5000000000,19,,A1,A1,,인천여상주변재개발정비사업조합,외부 신용보강,금융기관,중소기업은행
56194,리치게이트여상,KRZFA1813AG1,리치게이트여상 20260120-70-10,Y,20260120,20260331,PF대출채권,KRW,,5000000000,5000000000,19,,A1,A1,,인천여상주변재개발정비사업조합,외부 신용보강,금융기관,신한은행
56194,리치게이트여상,KRZFA1813AG1,리치게이트여상 20260120-70-10,Y,20260120,20260331,PF대출채권,KRW,,5000000000,5000000000,19,,A1,A1,,인천여상주변재개발정비사업조합,외부 신용보강,금융기관,중소기업은행
56194,리치게이트여상,KRZFA1813BG1,리치게이트여상 20260120-70-11,Y,20260120,20260331,PF대출채권,KRW,,5000000000,5000000000,19,,A1,A1,,인천여상주변재개발정비사업조합,외부 신용보강,금융기관,신한은행
56194,리치게이트여상,KRZFA1813BG1,리치게이트여상 20260120-70-11,Y,20260120,20260331,PF대출채권,KRW,,5000000000,5000000000,19,,A1,A1,,인천여상주변재개발정비사업조합,외부 신용보강,금융기관,중소기업은행
56194,리치게이트여상,KRZFA1813CG1,리치게이트여상 20260120-70-12,Y,20260120,20260331,PF대출채권,KRW,,5000000000,5000000000,19,,A1,A1,,인천여상주변재개발정비사업조합,외부 신용보강,금융기관,신한은행
56194,리치게이트여상,KRZFA1813CG1,리치게이트여상 20260120-70-12,Y,20260120,20260331,PF대출채권,KRW,,5000000000,5000000000,19,,A1,A1,,인천여상주변재개발정비사업조합,외부 신용보강,금융기관,중소기업은행
56194,리치게이트여상,KRZFA1813DG1,리치게이트여상 20260120-70-13,Y,20260120,20260331,PF대출채권,KRW,,5000000000,5000000000,19,,A1,A1,,인천여상주변재개발정비사업조합,외부 신용보강,금융기관,신한은행
56194,리치게이트여상,KRZFA1813DG1,리치게이트여상 20260120-70-13,Y,20260120,20260331,PF대출채권,KRW,,5000000000,5000000000,19,,A1,A1,,인천여상주변재개발정비사업조합,외부 신용보강,금융기관,중소기업은행
56194,리치게이트여상,KRZFA1813EG1,리치게이트여상 20260120-70-14,Y,20260120,20260331,PF대출채권,KRW,,5000000000,5000000000,19,,A1,A1,,인천여상주변재개발정비사업조합,외부 신용보강,금융기관,신한은행
56194,리치게이트여상,KRZFA1813EG1,리치게이트여상 20260120-70-14,Y,20260120,20260331,PF대출채권,KRW,,5000000000,5000000000,19,,A1,A1,,인천여상주변재개발정비사업조합,외부 신용보강,금융기관,중소기업은행
56194,리치게이트여상,KRZFA1813FG1,리치게이트여상 20260120-70-15,Y,20260120,20260331,PF대출채권,KRW,,5000000000,5000000000,19,,A1,A1,,인천여상주변재개발정비사업조합,외부 신용보강,금융기관,신한은행
56194,리치게이트여상,KRZFA1813FG1,리치게이트여상 20260120-70-15,Y,20260120,20260331,PF대출채권,KRW,,5000000000,5000000000,19,,A1,A1,,인천여상주변재개발정비사업조합,외부 신용보강,금융기관,중소기업은행
56194,리치게이트여상,KRZFA1813GG1,리치게이트여상 20260120-70-16,Y,20260120,20260331,PF대출채권,KRW,,4000000000,4000000000,19,,A1,A1,,인천여상주변재개발정비사업조합,외부 신용보강,금융기관,신한은행
56194,리치게이트여상,KRZFA1813GG1,리치게이트여상 20260120-70-16,Y,20260120,20260331,PF대출채권,KRW,,4000000000,4000000000,19,,A1,A1,,인천여상주변재개발정비사업조합,외부 신용보강,금융기관,중소기업은행
56194,리치게이트여상,KRZFA1813HG1,리치게이트여상 20260120-70-17,Y,20260120,20260331,PF대출채권,KRW,,58823530,58823530,19,,A1,A1,,인천여상주변재개발정비사업조합,외부 신용보강,금융기관,신한은행
56194,리치게이트여상,KRZFA1813HG1,리치게이트여상 20260120-70-17,Y,20260120,20260331,PF대출채권,KRW,,58823530,58823530,19,,A1,A1,,인천여상주변재개발정비사업조합,외부 신용보강,금융기관,중소기업은행
56194,리치게이트여상,KRZFA18132G1,리치게이트여상 20260120-70-2,Y,20260120,20260331,PF대출채권,KRW,,5000000000,5000000000,19,,A1,A1,,인천여상주변재개발정비사업조합,외부 신용보강,금융기관,신한은행
56194,리치게이트여상,KRZFA18132G1,리치게이트여상 20260120-70-2,Y,20260120,20260331,PF대출채권,KRW,,5000000000,5000000000,19,,A1,A1,,인천여상주변재개발정비사업조합,외부 신용보강,금융기관,중소기업은행
56194,리치게이트여상,KRZFA18133G1,리치게이트여상 20260120-70-3,Y,20260120,20260331,PF대출채권,KRW,,5000000000,5000000000,19,,A1,A1,,인천여상주변재개발정비사업조합,외부 신용보강,금융기관,신한은행
56194,리치게이트여상,KRZFA18133G1,리치게이트여상 20260120-70-3,Y,20260120,20260331,PF대출채권,KRW,,5000000000,5000000000,19,,A1,A1,,인천여상주변재개발정비사업조합,외부 신용보강,금융기관,중소기업은행
56194,리치게이트여상,KRZFA18134G1,리치게이트여상 20260120-70-4,Y,20260120,20260331,PF대출채권,KRW,,5000000000,5000000000,19,,A1,A1,,인천여상주변재개발정비사업조합,외부 신용보강,금융기관,신한은행
56194,리치게이트여상,KRZFA18134G1,리치게이트여상 20260120-70-4,Y,20260120,20260331,PF대출채권,KRW,,5000000000,5000000000,19,,A1,A1,,인천여상주변재개발정비사업조합,외부 신용보강,금융기관,중소기업은행
56194,리치게이트여상,KRZFA18135G1,리치게이트여상 20260120-70-5,Y,20260120,20260331,PF대출채권,KRW,,5000000000,5000000000,19,,A1,A1,,인천여상주변재개발정비사업조합,외부 신용보강,금융기관,신한은행
56194,리치게이트여상,KRZFA18135G1,리치게이트여상 20260120-70-5,Y,20260120,20260331,PF대출채권,KRW,,5000000000,5000000000,19,,A1,A1,,인천여상주변재개발정비사업조합,외부 신용보강,금융기관,중소기업은행
56194,리치게이트여상,KRZFA18136G1,리치게이트여상 20260120-70-6,Y,20260120,20260331,PF대출채권,KRW,,841176470,841176470,19,,A1,A1,,인천여상주변재개발정비사업조합,외부 신용보강,금융기관,신한은행
56194,리치게이트여상,KRZFA18136G1,리치게이트여상 20260120-70-6,Y,20260120,20260331,PF대출채권,KRW,,841176470,841176470,19,,A1,A1,,인천여상주변재개발정비사업조합,외부 신용보강,금융기관,중소기업은행
56194,리치게이트여상,KRZFA18137G1,리치게이트여상 20260120-70-7,Y,20260120,20260331,PF대출채권,KRW,,5000000000,5000000000,19,,A1,A1,,인천여상주변재개발정비사업조합,외부 신용보강,금융기관,신한은행
56194,리치게이트여상,KRZFA18137G1,리치게이트여상 20260120-70-7,Y,20260120,20260331,PF대출채권,KRW,,5000000000,5000000000,19,,A1,A1,,인천여상주변재개발정비사업조합,외부 신용보강,금융기관,중소기업은행
56194,리치게이트여상,KRZFA18138G1,리치게이트여상 20260120-70-8,Y,20260120,20260331,PF대출채권,KRW,,5000000000,5000000000,19,,A1,A1,,인천여상주변재개발정비사업조합,외부 신용보강,금융기관,신한은행
56194,리치게이트여상,KRZFA18138G1,리치게이트여상 20260120-70-8,Y,20260120,20260331,PF대출채권,KRW,,5000000000,5000000000,19,,A1,A1,,인천여상주변재개발정비사업조합,외부 신용보강,금융기관,중소기업은행
56194,리치게이트여상,KRZFA18139G1,리치게이트여상 20260120-70-9,Y,20260120,20260331,PF대출채권,KRW,,5000000000,5000000000,19,,A1,A1,,인천여상주변재개발정비사업조합,외부 신용보강,금융기관,신한은행
56194,리치게이트여상,KRZFA18139G1,리치게이트여상 20260120-70-9,Y,20260120,20260331,PF대출채권,KRW,,5000000000,5000000000,19,,A1,A1,,인천여상주변재개발정비사업조합,외부 신용보강,금융기관,중소기업은행
73457,아델라제십이차,KRZF0087R1G1,아델라제십이차 20260120-183-1,Y,20260120,20260722,PF대출채권,KRW,,65000000,65000000,132,,A1,A1,,회원2구역주택재개발정비사업조합,외부 신용보강,일반기업,현대건설
73456,아델라제십일차,KRZF0087N1G1,아델라제십일차 20260120-183-1,Y,20260120,20260722,PF대출채권,KRW,,90000000,90000000,132,,A1,A1,,회원2구역주택재개발정비사업조합,외부 신용보강,일반기업,현대엔지니어링
68582,에스드래곤엔엑스제이차,KRZF0012Z1G1,에스드래곤엔엑스제이차 20260120-90-1,N,20260120,20260420,대출채권,KRW,,5000000000,5000000000,39,A1,,,,에스케이넥실리스(주),외부 신용보강,금융기관,신한은행
68582,에스드래곤엔엑스제이차,KRZF0012Z2G1,에스드래곤엔엑스제이차 20260120-90-2,N,20260120,20260420,대출채권,KRW,,5000000000,5000000000,39,A1,,,,에스케이넥실리스(주),외부 신용보강,금융기관,신한은행
68582,에스드래곤엔엑스제이차,KRZF0012Z3G1,에스드래곤엔엑스제이차 20260120-90-3,N,20260120,20260420,대출채권,KRW,,5000000000,5000000000,39,A1,,,,에스케이넥실리스(주),외부 신용보강,금융기관,신한은행
68582,에스드래곤엔엑스제이차,KRZF0012Z4G1,에스드래곤엔엑스제이차 20260120-90-4,N,20260120,20260420,대출채권,KRW,,5000000000,5000000000,39,A1,,,,에스케이넥실리스(주),외부 신용보강,금융기관,신한은행
68582,에스드래곤엔엑스제이차,KRZF0012Z5G1,에스드래곤엔엑스제이차 20260120-90-5,N,20260120,20260420,대출채권,KRW,,5000000000,5000000000,39,A1,,,,에스케이넥실리스(주),외부 신용보강,금융기관,신한은행
68582,에스드래곤엔엑스제이차,KRZF0012Z6G1,에스드래곤엔엑스제이차 20260120-90-6,N,20260120,20260420,대출채권,KRW,,5000000000,5000000000,39,A1,,,,에스케이넥실리스(주),외부 신용보강,금융기관,신한은행
69663,에스엘티신정제일차,KRZF0046J1G1,에스엘티신정제일차 20260120-181-1,Y,20260120,20260720,PF대출채권,KRW,,5000000000,5000000000,130,A1,,A1,,(주)더네스트앤파트너스,외부 신용보강,금융기관,메리츠증권
69663,에스엘티신정제일차,KRZF0046JAG1,에스엘티신정제일차 20260120-181-10,Y,20260120,20260720,PF대출채권,KRW,,5000000000,5000000000,130,A1,,A1,,(주)더네스트앤파트너스,외부 신용보강,금융기관,메리츠증권
69663,에스엘티신정제일차,KRZF0046JBG1,에스엘티신정제일차 20260120-181-11,Y,20260120,20260720,PF대출채권,KRW,,5000000000,5000000000,130,A1,,A1,,(주)더네스트앤파트너스,외부 신용보강,금융기관,메리츠증권
69663,에스엘티신정제일차,KRZF0046JCG1,에스엘티신정제일차 20260120-181-12,Y,20260120,20260720,PF대출채권,KRW,,5000000000,5000000000,130,A1,,A1,,(주)더네스트앤파트너스,외부 신용보강,금융기관,메리츠증권
69663,에스엘티신정제일차,KRZF0046JDG1,에스엘티신정제일차 20260120-181-13,Y,20260120,20260720,PF대출채권,KRW,,5000000000,5000000000,130,A1,,A1,,(주)더네스트앤파트너스,외부 신용보강,금융기관,메리츠증권
69663,에스엘티신정제일차,KRZF0046JEG1,에스엘티신정제일차 20260120-181-14,Y,20260120,20260720,PF대출채권,KRW,,5000000000,5000000000,130,A1,,A1,,(주)더네스트앤파트너스,외부 신용보강,금융기관,메리츠증권
69663,에스엘티신정제일차,KRZF0046JFG1,에스엘티신정제일차 20260120-181-15,Y,20260120,20260720,PF대출채권,KRW,,5000000000,5000000000,130,A1,,A1,,(주)더네스트앤파트너스,외부 신용보강,금융기관,메리츠증권
69663,에스엘티신정제일차,KRZF0046JGG1,에스엘티신정제일차 20260120-181-16,Y,20260120,20260720,PF대출채권,KRW,,5000000000,5000000000,130,A1,,A1,,(주)더네스트앤파트너스,외부 신용보강,금융기관,메리츠증권
69663,에스엘티신정제일차,KRZF0046JHG1,에스엘티신정제일차 20260120-181-17,Y,20260120,20260720,PF대출채권,KRW,,5000000000,5000000000,130,A1,,A1,,(주)더네스트앤파트너스,외부 신용보강,금융기관,메리츠증권
69663,에스엘티신정제일차,KRZF0046JJG1,에스엘티신정제일차 20260120-181-18,Y,20260120,20260720,PF대출채권,KRW,,5000000000,5000000000,130,A1,,A1,,(주)더네스트앤파트너스,외부 신용보강,금융기관,메리츠증권
69663,에스엘티신정제일차,KRZF0046JKG1,에스엘티신정제일차 20260120-181-19,Y,20260120,20260720,PF대출채권,KRW,,1800000000,1800000000,130,A1,,A1,,(주)더네스트앤파트너스,외부 신용보강,금융기관,메리츠증권
69663,에스엘티신정제일차,KRZF0046J2G1,에스엘티신정제일차 20260120-181-2,Y,20260120,20260720,PF대출채권,KRW,,5000000000,5000000000,130,A1,,A1,,(주)더네스트앤파트너스,외부 신용보강,금융기관,메리츠증권
69663,에스엘티신정제일차,KRZF0046J3G1,에스엘티신정제일차 20260120-181-3,Y,20260120,20260720,PF대출채권,KRW,,5000000000,5000000000,130,A1,,A1,,(주)더네스트앤파트너스,외부 신용보강,금융기관,메리츠증권
69663,에스엘티신정제일차,KRZF0046J4G1,에스엘티신정제일차 20260120-181-4,Y,20260120,20260720,PF대출채권,KRW,,5000000000,5000000000,130,A1,,A1,,(주)더네스트앤파트너스,외부 신용보강,금융기관,메리츠증권
69663,에스엘티신정제일차,KRZF0046J5G1,에스엘티신정제일차 20260120-181-5,Y,20260120,20260720,PF대출채권,KRW,,5000000000,5000000000,130,A1,,A1,,(주)더네스트앤파트너스,외부 신용보강,금융기관,메리츠증권
69663,에스엘티신정제일차,KRZF0046J6G1,에스엘티신정제일차 20260120-181-6,Y,20260120,20260720,PF대출채권,KRW,,5000000000,5000000000,130,A1,,A1,,(주)더네스트앤파트너스,외부 신용보강,금융기관,메리츠증권
69663,에스엘티신정제일차,KRZF0046J7G1,에스엘티신정제일차 20260120-181-7,Y,20260120,20260720,PF대출채권,KRW,,5000000000,5000000000,130,A1,,A1,,(주)더네스트앤파트너스,외부 신용보강,금융기관,메리츠증권
69663,에스엘티신정제일차,KRZF0046J8G1,에스엘티신정제일차 20260120-181-8,Y,20260120,20260720,PF대출채권,KRW,,5000000000,5000000000,130,A1,,A1,,(주)더네스트앤파트너스,외부 신용보강,금융기관,메리츠증권
69663,에스엘티신정제일차,KRZF0046J9G1,에스엘티신정제일차 20260120-181-9,Y,20260120,20260720,PF대출채권,KRW,,5000000000,5000000000,130,A1,,A1,,(주)더네스트앤파트너스,외부 신용보강,금융기관,메리츠증권
73464,와이디피제이차,KRZFA6632QG1,와이디피제이차 20260120-129-24,N,20260120,20260529,정기예금,KRW,,5000000000,5000000000,78,,A1,A1,,농협은행,자체 신용보강,자체 신용보강,농협은행
73464,와이디피제이차,KRZFA6632RG1,와이디피제이차 20260120-129-25,N,20260120,20260529,정기예금,KRW,,5000000000,5000000000,78,,A1,A1,,농협은행,자체 신용보강,자체 신용보강,농협은행
73464,와이디피제이차,KRZFA6632SG1,와이디피제이차 20260120-129-26,N,20260120,20260529,정기예금,KRW,,5000000000,5000000000,78,,A1,A1,,농협은행,자체 신용보강,자체 신용보강,농협은행
73464,와이디피제이차,KRZFA6632TG1,와이디피제이차 20260120-129-27,N,20260120,20260529,정기예금,KRW,,5000000000,5000000000,78,,A1,A1,,농협은행,자체 신용보강,자체 신용보강,농협은행
73464,와이디피제이차,KRZFA6632VG1,와이디피제이차 20260120-129-28,N,20260120,20260529,정기예금,KRW,,5000000000,5000000000,78,,A1,A1,,농협은행,자체 신용보강,자체 신용보강,농협은행
73464,와이디피제이차,KRZFA6632WG1,와이디피제이차 20260120-129-29,N,20260120,20260529,정기예금,KRW,,5000000000,5000000000,78,,A1,A1,,농협은행,자체 신용보강,자체 신용보강,농협은행
73464,와이디피제이차,KRZFA6632XG1,와이디피제이차 20260120-129-30,N,20260120,20260529,정기예금,KRW,,5000000000,5000000000,78,,A1,A1,,농협은행,자체 신용보강,자체 신용보강,농협은행
73464,와이디피제이차,KRZFA6632YG1,와이디피제이차 20260120-129-31,N,20260120,20260529,정기예금,KRW,,5000000000,5000000000,78,,A1,A1,,농협은행,자체 신용보강,자체 신용보강,농협은행
73464,와이디피제이차,KRZFA6632ZG1,와이디피제이차 20260120-129-32,N,20260120,20260529,정기예금,KRW,,5000000000,5000000000,78,,A1,A1,,농협은행,자체 신용보강,자체 신용보강,농협은행
73464,와이디피제이차,KRZFA66320GD,와이디피제이차 20260120-129-33,N,20260120,20260529,정기예금,KRW,,5000000000,5000000000,78,,A1,A1,,농협은행,자체 신용보강,자체 신용보강,농협은행
73464,와이디피제이차,KRZFA66321GD,와이디피제이차 20260120-129-34,N,20260120,20260529,정기예금,KRW,,5000000000,5000000000,78,,A1,A1,,농협은행,자체 신용보강,자체 신용보강,농협은행
73464,와이디피제이차,KRZFA66322GD,와이디피제이차 20260120-129-35,N,20260120,20260529,정기예금,KRW,,5000000000,5000000000,78,,A1,A1,,농협은행,자체 신용보강,자체 신용보강,농협은행
73464,와이디피제이차,KRZFA66323GD,와이디피제이차 20260120-129-36,N,20260120,20260529,정기예금,KRW,,5000000000,5000000000,78,,A1,A1,,농협은행,자체 신용보강,자체 신용보강,농협은행
73464,와이디피제이차,KRZFA66324GD,와이디피제이차 20260120-129-37,N,20260120,20260529,정기예금,KRW,,5000000000,5000000000,78,,A1,A1,,농협은행,자체 신용보강,자체 신용보강,농협은행
73464,와이디피제이차,KRZFA66325GD,와이디피제이차 20260120-129-38,N,20260120,20260529,정기예금,KRW,,5000000000,5000000000,78,,A1,A1,,농협은행,자체 신용보강,자체 신용보강,농협은행
73464,와이디피제이차,KRZFA66326GD,와이디피제이차 20260120-129-39,N,20260120,20260529,정기예금,KRW,,5000000000,5000000000,78,,A1,A1,,농협은행,자체 신용보강,자체 신용보강,농협은행
73464,와이디피제이차,KRZFA66327GD,와이디피제이차 20260120-129-40,N,20260120,20260529,정기예금,KRW,,5000000000,5000000000,78,,A1,A1,,농협은행,자체 신용보강,자체 신용보강,농협은행
73464,와이디피제이차,KRZFA66328GD,와이디피제이차 20260120-129-41,N,20260120,20260529,정기예금,KRW,,5000000000,5000000000,78,,A1,A1,,농협은행,자체 신용보강,자체 신용보강,농협은행
73464,와이디피제이차,KRZFA66329GD,와이디피제이차 20260120-129-42,N,20260120,20260529,정기예금,KRW,,5000000000,5000000000,78,,A1,A1,,농협은행,자체 신용보강,자체 신용보강,농협은행
73464,와이디피제이차,KRZFA6632AGD,와이디피제이차 20260120-129-43,N,20260120,20260529,정기예금,KRW,,5000000000,5000000000,78,,A1,A1,,농협은행,자체 신용보강,자체 신용보강,농협은행
73464,와이디피제이차,KRZFA6632BGD,와이디피제이차 20260120-129-44,N,20260120,20260529,정기예금,KRW,,5000000000,5000000000,78,,A1,A1,,농협은행,자체 신용보강,자체 신용보강,농협은행
73464,와이디피제이차,KRZFA6632CGD,와이디피제이차 20260120-129-45,N,20260120,20260529,정기예금,KRW,,5000000000,5000000000,78,,A1,A1,,농협은행,자체 신용보강,자체 신용보강,농협은행
73464,와이디피제이차,KRZFA6632DGD,와이디피제이차 20260120-129-46,N,20260120,20260529,정기예금,KRW,,5000000000,5000000000,78,,A1,A1,,농협은행,자체 신용보강,자체 신용보강,농협은행
73464,와이디피제이차,KRZFA6632EGD,와이디피제이차 20260120-129-47,N,20260120,20260529,정기예금,KRW,,5000000000,5000000000,78,,A1,A1,,농협은행,자체 신용보강,자체 신용보강,농협은행
73464,와이디피제이차,KRZFA6632FGD,와이디피제이차 20260120-227-48,N,20260120,20260904,정기예금,KRW,,90000000,90000000,176,,A1,A1,,농협은행,자체 신용보강,자체 신용보강,농협은행
73464,와이디피제이차,KRZFA6632GGD,와이디피제이차 20260120-289-49,N,20260120,20261105,정기예금,KRW,,186000000,186000000,238,,A1,A1,,농협은행,자체 신용보강,자체 신용보강,농협은행
73464,와이디피제이차,KRZFA66321G1,와이디피제이차 20260120-66-1,N,20260120,20260327,정기예금,KRW,,5000000000,5000000000,15,,A1,A1,,농협은행,자체 신용보강,자체 신용보강,농협은행
73464,와이디피제이차,KRZFA6632AG1,와이디피제이차 20260120-66-10,N,20260120,20260327,정기예금,KRW,,5000000000,5000000000,15,,A1,A1,,농협은행,자체 신용보강,자체 신용보강,농협은행
73464,와이디피제이차,KRZFA6632BG1,와이디피제이차 20260120-66-11,N,20260120,20260327,정기예금,KRW,,5000000000,5000000000,15,,A1,A1,,농협은행,자체 신용보강,자체 신용보강,농협은행
73464,와이디피제이차,KRZFA6632CG1,와이디피제이차 20260120-66-12,N,20260120,20260327,정기예금,KRW,,5000000000,5000000000,15,,A1,A1,,농협은행,자체 신용보강,자체 신용보강,농협은행
73464,와이디피제이차,KRZFA6632DG1,와이디피제이차 20260120-66-13,N,20260120,20260327,정기예금,KRW,,5000000000,5000000000,15,,A1,A1,,농협은행,자체 신용보강,자체 신용보강,농협은행
73464,와이디피제이차,KRZFA6632EG1,와이디피제이차 20260120-66-14,N,20260120,20260327,정기예금,KRW,,5000000000,5000000000,15,,A1,A1,,농협은행,자체 신용보강,자체 신용보강,농협은행
73464,와이디피제이차,KRZFA6632FG1,와이디피제이차 20260120-66-15,N,20260120,20260327,정기예금,KRW,,5000000000,5000000000,15,,A1,A1,,농협은행,자체 신용보강,자체 신용보강,농협은행
73464,와이디피제이차,KRZFA6632GG1,와이디피제이차 20260120-66-16,N,20260120,20260327,정기예금,KRW,,5000000000,5000000000,15,,A1,A1,,농협은행,자체 신용보강,자체 신용보강,농협은행
73464,와이디피제이차,KRZFA6632HG1,와이디피제이차 20260120-66-17,N,20260120,20260327,정기예금,KRW,,5000000000,5000000000,15,,A1,A1,,농협은행,자체 신용보강,자체 신용보강,농협은행
73464,와이디피제이차,KRZFA6632JG1,와이디피제이차 20260120-66-18,N,20260120,20260327,정기예금,KRW,,5000000000,5000000000,15,,A1,A1,,농협은행,자체 신용보강,자체 신용보강,농협은행
73464,와이디피제이차,KRZFA6632KG1,와이디피제이차 20260120-66-19,N,20260120,20260327,정기예금,KRW,,5000000000,5000000000,15,,A1,A1,,농협은행,자체 신용보강,자체 신용보강,농협은행
73464,와이디피제이차,KRZFA66322G1,와이디피제이차 20260120-66-2,N,20260120,20260327,정기예금,KRW,,5000000000,5000000000,15,,A1,A1,,농협은행,자체 신용보강,자체 신용보강,농협은행
73464,와이디피제이차,KRZFA6632LG1,와이디피제이차 20260120-66-20,N,20260120,20260327,정기예금,KRW,,5000000000,5000000000,15,,A1,A1,,농협은행,자체 신용보강,자체 신용보강,농협은행
73464,와이디피제이차,KRZFA6632MG1,와이디피제이차 20260120-66-21,N,20260120,20260327,정기예금,KRW,,5000000000,5000000000,15,,A1,A1,,농협은행,자체 신용보강,자체 신용보강,농협은행
73464,와이디피제이차,KRZFA6632NG1,와이디피제이차 20260120-66-22,N,20260120,20260327,정기예금,KRW,,5000000000,5000000000,15,,A1,A1,,농협은행,자체 신용보강,자체 신용보강,농협은행
73464,와이디피제이차,KRZFA6632PG1,와이디피제이차 20260120-66-23,N,20260120,20260327,정기예금,KRW,,5000000000,5000000000,15,,A1,A1,,농협은행,자체 신용보강,자체 신용보강,농협은행
73464,와이디피제이차,KRZFA66323G1,와이디피제이차 20260120-66-3,N,20260120,20260327,정기예금,KRW,,5000000000,5000000000,15,,A1,A1,,농협은행,자체 신용보강,자체 신용보강,농협은행
73464,와이디피제이차,KRZFA66324G1,와이디피제이차 20260120-66-4,N,20260120,20260327,정기예금,KRW,,5000000000,5000000000,15,,A1,A1,,농협은행,자체 신용보강,자체 신용보강,농협은행
73464,와이디피제이차,KRZFA66325G1,와이디피제이차 20260120-66-5,N,20260120,20260327,정기예금,KRW,,5000000000,5000000000,15,,A1,A1,,농협은행,자체 신용보강,자체 신용보강,농협은행
73464,와이디피제이차,KRZFA66326G1,와이디피제이차 20260120-66-6,N,20260120,20260327,정기예금,KRW,,5000000000,5000000000,15,,A1,A1,,농협은행,자체 신용보강,자체 신용보강,농협은행
73464,와이디피제이차,KRZFA66327G1,와이디피제이차 20260120-66-7,N,20260120,20260327,정기예금,KRW,,5000000000,5000000000,15,,A1,A1,,농협은행,자체 신용보강,자체 신용보강,농협은행
73464,와이디피제이차,KRZFA66328G1,와이디피제이차 20260120-66-8,N,20260120,20260327,정기예금,KRW,,5000000000,5000000000,15,,A1,A1,,농협은행,자체 신용보강,자체 신용보강,농협은행
73464,와이디피제이차,KRZFA66329G1,와이디피제이차 20260120-66-9,N,20260120,20260327,정기예금,KRW,,5000000000,5000000000,15,,A1,A1,,농협은행,자체 신용보강,자체 신용보강,농협은행
73447,국민베스트제2차,KRZF0009YPG1,국민베스트제2차 20260119-262-23,N,20260119,20261008,정기예금,KRW,,120000000,120000000,210,A1,,A1,,국민은행,자체 신용보강,자체 신용보강,국민은행
73447,국민베스트제2차,KRZF0009Y1G1,국민베스트제2차 20260119-91-1,N,20260119,20260420,정기예금,KRW,,5000000000,5000000000,39,A1,,A1,,국민은행,자체 신용보강,자체 신용보강,국민은행
73447,국민베스트제2차,KRZF0009YAG1,국민베스트제2차 20260119-91-10,N,20260119,20260420,정기예금,KRW,,5000000000,5000000000,39,A1,,A1,,국민은행,자체 신용보강,자체 신용보강,국민은행
73447,국민베스트제2차,KRZF0009YBG1,국민베스트제2차 20260119-91-11,N,20260119,20260420,정기예금,KRW,,5000000000,5000000000,39,A1,,A1,,국민은행,자체 신용보강,자체 신용보강,국민은행
73447,국민베스트제2차,KRZF0009YCG1,국민베스트제2차 20260119-91-12,N,20260119,20260420,정기예금,KRW,,5000000000,5000000000,39,A1,,A1,,국민은행,자체 신용보강,자체 신용보강,국민은행
73447,국민베스트제2차,KRZF0009YDG1,국민베스트제2차 20260119-91-13,N,20260119,20260420,정기예금,KRW,,5000000000,5000000000,39,A1,,A1,,국민은행,자체 신용보강,자체 신용보강,국민은행
73447,국민베스트제2차,KRZF0009YEG1,국민베스트제2차 20260119-91-14,N,20260119,20260420,정기예금,KRW,,5000000000,5000000000,39,A1,,A1,,국민은행,자체 신용보강,자체 신용보강,국민은행
73447,국민베스트제2차,KRZF0009YFG1,국민베스트제2차 20260119-91-15,N,20260119,20260420,정기예금,KRW,,5000000000,5000000000,39,A1,,A1,,국민은행,자체 신용보강,자체 신용보강,국민은행
73447,국민베스트제2차,KRZF0009YGG1,국민베스트제2차 20260119-91-16,N,20260119,20260420,정기예금,KRW,,5000000000,5000000000,39,A1,,A1,,국민은행,자체 신용보강,자체 신용보강,국민은행
73447,국민베스트제2차,KRZF0009YHG1,국민베스트제2차 20260119-91-17,N,20260119,20260420,정기예금,KRW,,5000000000,5000000000,39,A1,,A1,,국민은행,자체 신용보강,자체 신용보강,국민은행
73447,국민베스트제2차,KRZF0009YJG1,국민베스트제2차 20260119-91-18,N,20260119,20260420,정기예금,KRW,,5000000000,5000000000,39,A1,,A1,,국민은행,자체 신용보강,자체 신용보강,국민은행
73447,국민베스트제2차,KRZF0009YKG1,국민베스트제2차 20260119-91-19,N,20260119,20260420,정기예금,KRW,,5000000000,5000000000,39,A1,,A1,,국민은행,자체 신용보강,자체 신용보강,국민은행
73447,국민베스트제2차,KRZF0009Y2G1,국민베스트제2차 20260119-91-2,N,20260119,20260420,정기예금,KRW,,5000000000,5000000000,39,A1,,A1,,국민은행,자체 신용보강,자체 신용보강,국민은행
73447,국민베스트제2차,KRZF0009YLG1,국민베스트제2차 20260119-91-20,N,20260119,20260420,정기예금,KRW,,5000000000,5000000000,39,A1,,A1,,국민은행,자체 신용보강,자체 신용보강,국민은행
73447,국민베스트제2차,KRZF0009YMG1,국민베스트제2차 20260119-91-21,N,20260119,20260420,정기예금,KRW,,5000000000,5000000000,39,A1,,A1,,국민은행,자체 신용보강,자체 신용보강,국민은행
73447,국민베스트제2차,KRZF0009YNG1,국민베스트제2차 20260119-91-22,N,20260119,20260420,정기예금,KRW,,5000000000,5000000000,39,A1,,A1,,국민은행,자체 신용보강,자체 신용보강,국민은행
73447,국민베스트제2차,KRZF0009Y3G1,국민베스트제2차 20260119-91-3,N,20260119,20260420,정기예금,KRW,,5000000000,5000000000,39,A1,,A1,,국민은행,자체 신용보강,자체 신용보강,국민은행
73447,국민베스트제2차,KRZF0009Y4G1,국민베스트제2차 20260119-91-4,N,20260119,20260420,정기예금,KRW,,5000000000,5000000000,39,A1,,A1,,국민은행,자체 신용보강,자체 신용보강,국민은행
73447,국민베스트제2차,KRZF0009Y5G1,국민베스트제2차 20260119-91-5,N,20260119,20260420,정기예금,KRW,,5000000000,5000000000,39,A1,,A1,,국민은행,자체 신용보강,자체 신용보강,국민은행
73447,국민베스트제2차,KRZF0009Y6G1,국민베스트제2차 20260119-91-6,N,20260119,20260420,정기예금,KRW,,5000000000,5000000000,39,A1,,A1,,국민은행,자체 신용보강,자체 신용보강,국민은행
73447,국민베스트제2차,KRZF0009Y7G1,국민베스트제2차 20260119-91-7,N,20260119,20260420,정기예금,KRW,,5000000000,5000000000,39,A1,,A1,,국민은행,자체 신용보강,자체 신용보강,국민은행
73447,국민베스트제2차,KRZF0009Y8G1,국민베스트제2차 20260119-91-8,N,20260119,20260420,정기예금,KRW,,5000000000,5000000000,39,A1,,A1,,국민은행,자체 신용보강,자체 신용보강,국민은행
73447,국민베스트제2차,KRZF0009Y9G1,국민베스트제2차 20260119-91-9,N,20260119,20260420,정기예금,KRW,,5000000000,5000000000,39,A1,,A1,,국민은행,자체 신용보강,자체 신용보강,국민은행
73439,디베스제칠차,KRZF0037AGGD,디베스제칠차 20260119-284-49,N,20260119,20261030,정기예금,KRW,,253000000,253000000,232,A1,A1,,,국민은행,자체 신용보강,자체 신용보강,국민은행
73439,디베스제칠차,KRZF0037A1G1,디베스제칠차 20260119-88-1,N,20260119,20260417,정기예금,KRW,,5000000000,5000000000,36,A1,A1,,,국민은행,자체 신용보강,자체 신용보강,국민은행
73439,디베스제칠차,KRZF0037AAG1,디베스제칠차 20260119-88-10,N,20260119,20260417,정기예금,KRW,,5000000000,5000000000,36,A1,A1,,,국민은행,자체 신용보강,자체 신용보강,국민은행
73439,디베스제칠차,KRZF0037ABG1,디베스제칠차 20260119-88-11,N,20260119,20260417,정기예금,KRW,,5000000000,5000000000,36,A1,A1,,,국민은행,자체 신용보강,자체 신용보강,국민은행
73439,디베스제칠차,KRZF0037ACG1,디베스제칠차 20260119-88-12,N,20260119,20260417,정기예금,KRW,,5000000000,5000000000,36,A1,A1,,,국민은행,자체 신용보강,자체 신용보강,국민은행
73439,디베스제칠차,KRZF0037ADG1,디베스제칠차 20260119-88-13,N,20260119,20260417,정기예금,KRW,,5000000000,5000000000,36,A1,A1,,,국민은행,자체 신용보강,자체 신용보강,국민은행
73439,디베스제칠차,KRZF0037AEG1,디베스제칠차 20260119-88-14,N,20260119,20260417,정기예금,KRW,,5000000000,5000000000,36,A1,A1,,,국민은행,자체 신용보강,자체 신용보강,국민은행
73439,디베스제칠차,KRZF0037AFG1,디베스제칠차 20260119-88-15,N,20260119,20260417,정기예금,KRW,,5000000000,5000000000,36,A1,A1,,,국민은행,자체 신용보강,자체 신용보강,국민은행
73439,디베스제칠차,KRZF0037AGG1,디베스제칠차 20260119-88-16,N,20260119,20260417,정기예금,KRW,,5000000000,5000000000,36,A1,A1,,,국민은행,자체 신용보강,자체 신용보강,국민은행
73439,디베스제칠차,KRZF0037AHG1,디베스제칠차 20260119-88-17,N,20260119,20260417,정기예금,KRW,,5000000000,5000000000,36,A1,A1,,,국민은행,자체 신용보강,자체 신용보강,국민은행
73439,디베스제칠차,KRZF0037AJG1,디베스제칠차 20260119-88-18,N,20260119,20260417,정기예금,KRW,,5000000000,5000000000,36,A1,A1,,,국민은행,자체 신용보강,자체 신용보강,국민은행
73439,디베스제칠차,KRZF0037AKG1,디베스제칠차 20260119-88-19,N,20260119,20260417,정기예금,KRW,,5000000000,5000000000,36,A1,A1,,,국민은행,자체 신용보강,자체 신용보강,국민은행
73439,디베스제칠차,KRZF0037A2G1,디베스제칠차 20260119-88-2,N,20260119,20260417,정기예금,KRW,,5000000000,5000000000,36,A1,A1,,,국민은행,자체 신용보강,자체 신용보강,국민은행
73439,디베스제칠차,KRZF0037ALG1,디베스제칠차 20260119-88-20,N,20260119,20260417,정기예금,KRW,,5000000000,5000000000,36,A1,A1,,,국민은행,자체 신용보강,자체 신용보강,국민은행
73439,디베스제칠차,KRZF0037AMG1,디베스제칠차 20260119-88-21,N,20260119,20260417,정기예금,KRW,,5000000000,5000000000,36,A1,A1,,,국민은행,자체 신용보강,자체 신용보강,국민은행
73439,디베스제칠차,KRZF0037ANG1,디베스제칠차 20260119-88-22,N,20260119,20260417,정기예금,KRW,,5000000000,5000000000,36,A1,A1,,,국민은행,자체 신용보강,자체 신용보강,국민은행
73439,디베스제칠차,KRZF0037APG1,디베스제칠차 20260119-88-23,N,20260119,20260417,정기예금,KRW,,5000000000,5000000000,36,A1,A1,,,국민은행,자체 신용보강,자체 신용보강,국민은행
73439,디베스제칠차,KRZF0037AQG1,디베스제칠차 20260119-88-24,N,20260119,20260417,정기예금,KRW,,5000000000,5000000000,36,A1,A1,,,국민은행,자체 신용보강,자체 신용보강,국민은행
73439,디베스제칠차,KRZF0037ARG1,디베스제칠차 20260119-88-25,N,20260119,20260417,정기예금,KRW,,5000000000,5000000000,36,A1,A1,,,국민은행,자체 신용보강,자체 신용보강,국민은행
73439,디베스제칠차,KRZF0037ASG1,디베스제칠차 20260119-88-26,N,20260119,20260417,정기예금,KRW,,5000000000,5000000000,36,A1,A1,,,국민은행,자체 신용보강,자체 신용보강,국민은행
73439,디베스제칠차,KRZF0037ATG1,디베스제칠차 20260119-88-27,N,20260119,20260417,정기예금,KRW,,5000000000,5000000000,36,A1,A1,,,국민은행,자체 신용보강,자체 신용보강,국민은행
73439,디베스제칠차,KRZF0037AVG1,디베스제칠차 20260119-88-28,N,20260119,20260417,정기예금,KRW,,5000000000,5000000000,36,A1,A1,,,국민은행,자체 신용보강,자체 신용보강,국민은행
73439,디베스제칠차,KRZF0037AWG1,디베스제칠차 20260119-88-29,N,20260119,20260417,정기예금,KRW,,5000000000,5000000000,36,A1,A1,,,국민은행,자체 신용보강,자체 신용보강,국민은행
73439,디베스제칠차,KRZF0037A3G1,디베스제칠차 20260119-88-3,N,20260119,20260417,정기예금,KRW,,5000000000,5000000000,36,A1,A1,,,국민은행,자체 신용보강,자체 신용보강,국민은행
73439,디베스제칠차,KRZF0037AXG1,디베스제칠차 20260119-88-30,N,20260119,20260417,정기예금,KRW,,5000000000,5000000000,36,A1,A1,,,국민은행,자체 신용보강,자체 신용보강,국민은행
73439,디베스제칠차,KRZF0037AYG1,디베스제칠차 20260119-88-31,N,20260119,20260417,정기예금,KRW,,5000000000,5000000000,36,A1,A1,,,국민은행,자체 신용보강,자체 신용보강,국민은행
73439,디베스제칠차,KRZF0037AZG1,디베스제칠차 20260119-88-32,N,20260119,20260417,정기예금,KRW,,5000000000,5000000000,36,A1,A1,,,국민은행,자체 신용보강,자체 신용보강,국민은행
73439,디베스제칠차,KRZF0037A0GD,디베스제칠차 20260119-88-33,N,20260119,20260417,정기예금,KRW,,5000000000,5000000000,36,A1,A1,,,국민은행,자체 신용보강,자체 신용보강,국민은행
73439,디베스제칠차,KRZF0037A1GD,디베스제칠차 20260119-88-34,N,20260119,20260417,정기예금,KRW,,5000000000,5000000000,36,A1,A1,,,국민은행,자체 신용보강,자체 신용보강,국민은행
73439,디베스제칠차,KRZF0037A2GD,디베스제칠차 20260119-88-35,N,20260119,20260417,정기예금,KRW,,5000000000,5000000000,36,A1,A1,,,국민은행,자체 신용보강,자체 신용보강,국민은행
73439,디베스제칠차,KRZF0037A3GD,디베스제칠차 20260119-88-36,N,20260119,20260417,정기예금,KRW,,5000000000,5000000000,36,A1,A1,,,국민은행,자체 신용보강,자체 신용보강,국민은행
73439,디베스제칠차,KRZF0037A4GD,디베스제칠차 20260119-88-37,N,20260119,20260417,정기예금,KRW,,5000000000,5000000000,36,A1,A1,,,국민은행,자체 신용보강,자체 신용보강,국민은행
73439,디베스제칠차,KRZF0037A5GD,디베스제칠차 20260119-88-38,N,20260119,20260417,정기예금,KRW,,5000000000,5000000000,36,A1,A1,,,국민은행,자체 신용보강,자체 신용보강,국민은행
73439,디베스제칠차,KRZF0037A6GD,디베스제칠차 20260119-88-39,N,20260119,20260417,정기예금,KRW,,5000000000,5000000000,36,A1,A1,,,국민은행,자체 신용보강,자체 신용보강,국민은행
73439,디베스제칠차,KRZF0037A4G1,디베스제칠차 20260119-88-4,N,20260119,20260417,정기예금,KRW,,5000000000,5000000000,36,A1,A1,,,국민은행,자체 신용보강,자체 신용보강,국민은행
73439,디베스제칠차,KRZF0037A7GD,디베스제칠차 20260119-88-40,N,20260119,20260417,정기예금,KRW,,5000000000,5000000000,36,A1,A1,,,국민은행,자체 신용보강,자체 신용보강,국민은행
73439,디베스제칠차,KRZF0037A8GD,디베스제칠차 20260119-88-41,N,20260119,20260417,정기예금,KRW,,5000000000,5000000000,36,A1,A1,,,국민은행,자체 신용보강,자체 신용보강,국민은행
73439,디베스제칠차,KRZF0037A9GD,디베스제칠차 20260119-88-42,N,20260119,20260417,정기예금,KRW,,5000000000,5000000000,36,A1,A1,,,국민은행,자체 신용보강,자체 신용보강,국민은행
73439,디베스제칠차,KRZF0037AAGD,디베스제칠차 20260119-88-43,N,20260119,20260417,정기예금,KRW,,5000000000,5000000000,36,A1,A1,,,국민은행,자체 신용보강,자체 신용보강,국민은행
73439,디베스제칠차,KRZF0037ABGD,디베스제칠차 20260119-88-44,N,20260119,20260417,정기예금,KRW,,5000000000,5000000000,36,A1,A1,,,국민은행,자체 신용보강,자체 신용보강,국민은행
73439,디베스제칠차,KRZF0037ACGD,디베스제칠차 20260119-88-45,N,20260119,20260417,정기예금,KRW,,5000000000,5000000000,36,A1,A1,,,국민은행,자체 신용보강,자체 신용보강,국민은행
73439,디베스제칠차,KRZF0037ADGD,디베스제칠차 20260119-88-46,N,20260119,20260417,정기예금,KRW,,5000000000,5000000000,36,A1,A1,,,국민은행,자체 신용보강,자체 신용보강,국민은행
73439,디베스제칠차,KRZF0037AEGD,디베스제칠차 20260119-88-47,N,20260119,20260417,정기예금,KRW,,5000000000,5000000000,36,A1,A1,,,국민은행,자체 신용보강,자체 신용보강,국민은행
73439,디베스제칠차,KRZF0037AFGD,디베스제칠차 20260119-88-48,N,20260119,20260417,정기예금,KRW,,5000000000,5000000000,36,A1,A1,,,국민은행,자체 신용보강,자체 신용보강,국민은행
73439,디베스제칠차,KRZF0037A5G1,디베스제칠차 20260119-88-5,N,20260119,20260417,정기예금,KRW,,5000000000,5000000000,36,A1,A1,,,국민은행,자체 신용보강,자체 신용보강,국민은행
73439,디베스제칠차,KRZF0037A6G1,디베스제칠차 20260119-88-6,N,20260119,20260417,정기예금,KRW,,5000000000,5000000000,36,A1,A1,,,국민은행,자체 신용보강,자체 신용보강,국민은행
73439,디베스제칠차,KRZF0037A7G1,디베스제칠차 20260119-88-7,N,20260119,20260417,정기예금,KRW,,5000000000,5000000000,36,A1,A1,,,국민은행,자체 신용보강,자체 신용보강,국민은행
73439,디베스제칠차,KRZF0037A8G1,디베스제칠차 20260119-88-8,N,20260119,20260417,정기예금,KRW,,5000000000,5000000000,36,A1,A1,,,국민은행,자체 신용보강,자체 신용보강,국민은행
73439,디베스제칠차,KRZF0037A9G1,디베스제칠차 20260119-88-9,N,20260119,20260417,정기예금,KRW,,5000000000,5000000000,36,A1,A1,,,국민은행,자체 신용보강,자체 신용보강,국민은행
73436,신디제삼차,KRZFA83591G1,신디제삼차 20260119-108-1,,20260119,20260507,,KRW,,5000000000,5000000000,56,,A1,A1,,,,,
73436,신디제삼차,KRZFA8359AG1,신디제삼차 20260119-108-10,,20260119,20260507,,KRW,,5000000000,5000000000,56,,A1,A1,,,,,
73436,신디제삼차,KRZFA8359BG1,신디제삼차 20260119-108-11,,20260119,20260507,,KRW,,5000000000,5000000000,56,,A1,A1,,,,,
73436,신디제삼차,KRZFA8359CG1,신디제삼차 20260119-108-12,,20260119,20260507,,KRW,,5000000000,5000000000,56,,A1,A1,,,,,
73436,신디제삼차,KRZFA8359DG1,신디제삼차 20260119-108-13,,20260119,20260507,,KRW,,5000000000,5000000000,56,,A1,A1,,,,,
73436,신디제삼차,KRZFA8359EG1,신디제삼차 20260119-108-14,,20260119,20260507,,KRW,,5000000000,5000000000,56,,A1,A1,,,,,
73436,신디제삼차,KRZFA8359FG1,신디제삼차 20260119-108-15,,20260119,20260507,,KRW,,5000000000,5000000000,56,,A1,A1,,,,,
73436,신디제삼차,KRZFA8359GG1,신디제삼차 20260119-108-16,,20260119,20260507,,KRW,,5000000000,5000000000,56,,A1,A1,,,,,
73436,신디제삼차,KRZFA8359HG1,신디제삼차 20260119-108-17,,20260119,20260507,,KRW,,5000000000,5000000000,56,,A1,A1,,,,,
73436,신디제삼차,KRZFA8359JG1,신디제삼차 20260119-108-18,,20260119,20260507,,KRW,,5000000000,5000000000,56,,A1,A1,,,,,
73436,신디제삼차,KRZFA8359KG1,신디제삼차 20260119-108-19,,20260119,20260507,,KRW,,5000000000,5000000000,56,,A1,A1,,,,,
73436,신디제삼차,KRZFA83592G1,신디제삼차 20260119-108-2,,20260119,20260507,,KRW,,5000000000,5000000000,56,,A1,A1,,,,,
73436,신디제삼차,KRZFA8359LG1,신디제삼차 20260119-108-20,,20260119,20260507,,KRW,,5000000000,5000000000,56,,A1,A1,,,,,
73436,신디제삼차,KRZFA8359MG1,신디제삼차 20260119-108-21,,20260119,20260507,,KRW,,5000000000,5000000000,56,,A1,A1,,,,,
73436,신디제삼차,KRZFA8359NG1,신디제삼차 20260119-108-22,,20260119,20260507,,KRW,,5000000000,5000000000,56,,A1,A1,,,,,
73436,신디제삼차,KRZFA8359PG1,신디제삼차 20260119-108-23,,20260119,20260507,,KRW,,5000000000,5000000000,56,,A1,A1,,,,,
73436,신디제삼차,KRZFA8359QG1,신디제삼차 20260119-108-24,,20260119,20260507,,KRW,,5000000000,5000000000,56,,A1,A1,,,,,
73436,신디제삼차,KRZFA8359RG1,신디제삼차 20260119-108-25,,20260119,20260507,,KRW,,5000000000,5000000000,56,,A1,A1,,,,,
73436,신디제삼차,KRZFA8359SG1,신디제삼차 20260119-108-26,,20260119,20260507,,KRW,,5000000000,5000000000,56,,A1,A1,,,,,
73436,신디제삼차,KRZFA8359TG1,신디제삼차 20260119-108-27,,20260119,20260507,,KRW,,5000000000,5000000000,56,,A1,A1,,,,,
73436,신디제삼차,KRZFA8359VG1,신디제삼차 20260119-108-28,,20260119,20260507,,KRW,,5000000000,5000000000,56,,A1,A1,,,,,
73436,신디제삼차,KRZFA8359WG1,신디제삼차 20260119-108-29,,20260119,20260507,,KRW,,5000000000,5000000000,56,,A1,A1,,,,,
73436,신디제삼차,KRZFA83593G1,신디제삼차 20260119-108-3,,20260119,20260507,,KRW,,5000000000,5000000000,56,,A1,A1,,,,,
73436,신디제삼차,KRZFA8359XG1,신디제삼차 20260119-108-30,,20260119,20260507,,KRW,,5000000000,5000000000,56,,A1,A1,,,,,
73436,신디제삼차,KRZFA8359YG1,신디제삼차 20260119-108-31,,20260119,20260507,,KRW,,5000000000,5000000000,56,,A1,A1,,,,,
73436,신디제삼차,KRZFA8359ZG1,신디제삼차 20260119-108-32,,20260119,20260507,,KRW,,5000000000,5000000000,56,,A1,A1,,,,,
73436,신디제삼차,KRZFA83590GD,신디제삼차 20260119-108-33,,20260119,20260507,,KRW,,5000000000,5000000000,56,,A1,A1,,,,,
73436,신디제삼차,KRZFA83591GD,신디제삼차 20260119-108-34,,20260119,20260507,,KRW,,5000000000,5000000000,56,,A1,A1,,,,,
73436,신디제삼차,KRZFA83592GD,신디제삼차 20260119-108-35,,20260119,20260507,,KRW,,5000000000,5000000000,56,,A1,A1,,,,,
73436,신디제삼차,KRZFA83593GD,신디제삼차 20260119-108-36,,20260119,20260507,,KRW,,5000000000,5000000000,56,,A1,A1,,,,,
73436,신디제삼차,KRZFA83594GD,신디제삼차 20260119-108-37,,20260119,20260507,,KRW,,5000000000,5000000000,56,,A1,A1,,,,,
73436,신디제삼차,KRZFA83595GD,신디제삼차 20260119-108-38,,20260119,20260507,,KRW,,5000000000,5000000000,56,,A1,A1,,,,,
73436,신디제삼차,KRZFA83596GD,신디제삼차 20260119-108-39,,20260119,20260507,,KRW,,5000000000,5000000000,56,,A1,A1,,,,,
73436,신디제삼차,KRZFA83594G1,신디제삼차 20260119-108-4,,20260119,20260507,,KRW,,5000000000,5000000000,56,,A1,A1,,,,,
73436,신디제삼차,KRZFA83598GD,신디제삼차 20260119-108-41,,20260119,20260507,,KRW,,5000000000,5000000000,56,,A1,A1,,,,,
73436,신디제삼차,KRZFA83599GD,신디제삼차 20260119-108-42,,20260119,20260507,,KRW,,5000000000,5000000000,56,,A1,A1,,,,,
73436,신디제삼차,KRZFA8359AGD,신디제삼차 20260119-108-43,,20260119,20260507,,KRW,,5000000000,5000000000,56,,A1,A1,,,,,
73436,신디제삼차,KRZFA8359BGD,신디제삼차 20260119-108-44,,20260119,20260507,,KRW,,5000000000,5000000000,56,,A1,A1,,,,,
73436,신디제삼차,KRZFA8359CGD,신디제삼차 20260119-108-45,,20260119,20260507,,KRW,,5000000000,5000000000,56,,A1,A1,,,,,
73436,신디제삼차,KRZFA8359DGD,신디제삼차 20260119-108-46,,20260119,20260507,,KRW,,5000000000,5000000000,56,,A1,A1,,,,,
73436,신디제삼차,KRZFA8359EGD,신디제삼차 20260119-108-47,,20260119,20260507,,KRW,,5000000000,5000000000,56,,A1,A1,,,,,
73436,신디제삼차,KRZFA8359FGD,신디제삼차 20260119-108-48,,20260119,20260507,,KRW,,5000000000,5000000000,56,,A1,A1,,,,,
73436,신디제삼차,KRZFA8359GGD,신디제삼차 20260119-108-49,,20260119,20260507,,KRW,,5000000000,5000000000,56,,A1,A1,,,,,
73436,신디제삼차,KRZFA83595G1,신디제삼차 20260119-108-5,,20260119,20260507,,KRW,,5000000000,5000000000,56,,A1,A1,,,,,
73436,신디제삼차,KRZFA83596G1,신디제삼차 20260119-108-6,,20260119,20260507,,KRW,,5000000000,5000000000,56,,A1,A1,,,,,
73436,신디제삼차,KRZFA83597G1,신디제삼차 20260119-108-7,,20260119,20260507,,KRW,,5000000000,5000000000,56,,A1,A1,,,,,
73436,신디제삼차,KRZFA83598G1,신디제삼차 20260119-108-8,,20260119,20260507,,KRW,,5000000000,5000000000,56,,A1,A1,,,,,
73436,신디제삼차,KRZFA83599G1,신디제삼차 20260119-108-9,,20260119,20260507,,KRW,,5000000000,5000000000,56,,A1,A1,,,,,
73436,신디제삼차,KRZFA83597GD,신디제삼차 20260119-289-40,,20260119,20261104,,KRW,,310000000,310000000,237,,A1,A1,,,,,
66380,에스프로젝트엘이씨,KRZFA88761G1,에스프로젝트엘이씨 20260119-91-1,N,20260119,20260420,대출채권,KRW,,5000000000,5000000000,39,A1,A1,,,롯데건설,자체 신용보강,자체 신용보강,신한은행
66380,에스프로젝트엘이씨,KRZFA8876AG1,에스프로젝트엘이씨 20260119-91-10,N,20260119,20260420,대출채권,KRW,,5000000000,5000000000,39,A1,A1,,,롯데건설,자체 신용보강,자체 신용보강,신한은행
66380,에스프로젝트엘이씨,KRZFA88762G1,에스프로젝트엘이씨 20260119-91-2,N,20260119,20260420,대출채권,KRW,,5000000000,5000000000,39,A1,A1,,,롯데건설,자체 신용보강,자체 신용보강,신한은행
66380,에스프로젝트엘이씨,KRZFA88763G1,에스프로젝트엘이씨 20260119-91-3,N,20260119,20260420,대출채권,KRW,,1000000000,1000000000,39,A1,A1,,,롯데건설,자체 신용보강,자체 신용보강,신한은행
66380,에스프로젝트엘이씨,KRZFA88764G1,에스프로젝트엘이씨 20260119-91-4,N,20260119,20260420,대출채권,KRW,,1000000000,1000000000,39,A1,A1,,,롯데건설,자체 신용보강,자체 신용보강,신한은행
66380,에스프로젝트엘이씨,KRZFA88765G1,에스프로젝트엘이씨 20260119-91-5,N,20260119,20260420,대출채권,KRW,,1000000000,1000000000,39,A1,A1,,,롯데건설,자체 신용보강,자체 신용보강,신한은행
66380,에스프로젝트엘이씨,KRZFA88766G1,에스프로젝트엘이씨 20260119-91-6,N,20260119,20260420,대출채권,KRW,,500000000,500000000,39,A1,A1,,,롯데건설,자체 신용보강,자체 신용보강,신한은행
66380,에스프로젝트엘이씨,KRZFA88767G1,에스프로젝트엘이씨 20260119-91-7,N,20260119,20260420,대출채권,KRW,,500000000,500000000,39,A1,A1,,,롯데건설,자체 신용보강,자체 신용보강,신한은행
66380,에스프로젝트엘이씨,KRZFA88768G1,에스프로젝트엘이씨 20260119-91-8,N,20260119,20260420,대출채권,KRW,,500000000,500000000,39,A1,A1,,,롯데건설,자체 신용보강,자체 신용보강,신한은행
66380,에스프로젝트엘이씨,KRZFA88769G1,에스프로젝트엘이씨 20260119-91-9,N,20260119,20260420,대출채권,KRW,,500000000,500000000,39,A1,A1,,,롯데건설,자체 신용보강,자체 신용보강,신한은행
72187,케이디비국립대병원제이차,KRZF0120V1G1,케이디비국립대병원제이차 20260119-88-1,N,20260119,20260417,대출채권,KRW,,5000000000,5000000000,36,,A1,,,경북대학교병원,차환발행위험(유동성 공여형 매입약정),공공기관,한국산업은행
72187,케이디비국립대병원제이차,KRZF0120V1G1,케이디비국립대병원제이차 20260119-88-1,N,20260119,20260417,대출채권,KRW,,5000000000,5000000000,36,,A1,,,경상국립대학교병원,차환발행위험(유동성 공여형 매입약정),공공기관,한국산업은행
72187,케이디비국립대병원제이차,KRZF0120VAG1,케이디비국립대병원제이차 20260119-88-10,N,20260119,20260417,대출채권,KRW,,5000000000,5000000000,36,,A1,,,경북대학교병원,차환발행위험(유동성 공여형 매입약정),공공기관,한국산업은행
72187,케이디비국립대병원제이차,KRZF0120VAG1,케이디비국립대병원제이차 20260119-88-10,N,20260119,20260417,대출채권,KRW,,5000000000,5000000000,36,,A1,,,경상국립대학교병원,차환발행위험(유동성 공여형 매입약정),공공기관,한국산업은행
72187,케이디비국립대병원제이차,KRZF0120VBG1,케이디비국립대병원제이차 20260119-88-11,N,20260119,20260417,대출채권,KRW,,5000000000,5000000000,36,,A1,,,경북대학교병원,차환발행위험(유동성 공여형 매입약정),공공기관,한국산업은행
72187,케이디비국립대병원제이차,KRZF0120VBG1,케이디비국립대병원제이차 20260119-88-11,N,20260119,20260417,대출채권,KRW,,5000000000,5000000000,36,,A1,,,경상국립대학교병원,차환발행위험(유동성 공여형 매입약정),공공기관,한국산업은행
72187,케이디비국립대병원제이차,KRZF0120VCG1,케이디비국립대병원제이차 20260119-88-12,N,20260119,20260417,대출채권,KRW,,5000000000,5000000000,36,,A1,,,경북대학교병원,차환발행위험(유동성 공여형 매입약정),공공기관,한국산업은행
72187,케이디비국립대병원제이차,KRZF0120VCG1,케이디비국립대병원제이차 20260119-88-12,N,20260119,20260417,대출채권,KRW,,5000000000,5000000000,36,,A1,,,경상국립대학교병원,차환발행위험(유동성 공여형 매입약정),공공기관,한국산업은행
72187,케이디비국립대병원제이차,KRZF0120VDG1,케이디비국립대병원제이차 20260119-88-13,N,20260119,20260417,대출채권,KRW,,5000000000,5000000000,36,,A1,,,경북대학교병원,차환발행위험(유동성 공여형 매입약정),공공기관,한국산업은행
72187,케이디비국립대병원제이차,KRZF0120VDG1,케이디비국립대병원제이차 20260119-88-13,N,20260119,20260417,대출채권,KRW,,5000000000,5000000000,36,,A1,,,경상국립대학교병원,차환발행위험(유동성 공여형 매입약정),공공기관,한국산업은행
72187,케이디비국립대병원제이차,KRZF0120VEG1,케이디비국립대병원제이차 20260119-88-14,N,20260119,20260417,대출채권,KRW,,5000000000,5000000000,36,,A1,,,경북대학교병원,차환발행위험(유동성 공여형 매입약정),공공기관,한국산업은행
72187,케이디비국립대병원제이차,KRZF0120VEG1,케이디비국립대병원제이차 20260119-88-14,N,20260119,20260417,대출채권,KRW,,5000000000,5000000000,36,,A1,,,경상국립대학교병원,차환발행위험(유동성 공여형 매입약정),공공기관,한국산업은행
72187,케이디비국립대병원제이차,KRZF0120V2G1,케이디비국립대병원제이차 20260119-88-2,N,20260119,20260417,대출채권,KRW,,5000000000,5000000000,36,,A1,,,경북대학교병원,차환발행위험(유동성 공여형 매입약정),공공기관,한국산업은행
72187,케이디비국립대병원제이차,KRZF0120V2G1,케이디비국립대병원제이차 20260119-88-2,N,20260119,20260417,대출채권,KRW,,5000000000,5000000000,36,,A1,,,경상국립대학교병원,차환발행위험(유동성 공여형 매입약정),공공기관,한국산업은행
72187,케이디비국립대병원제이차,KRZF0120V3G1,케이디비국립대병원제이차 20260119-88-3,N,20260119,20260417,대출채권,KRW,,5000000000,5000000000,36,,A1,,,경북대학교병원,차환발행위험(유동성 공여형 매입약정),공공기관,한국산업은행
72187,케이디비국립대병원제이차,KRZF0120V3G1,케이디비국립대병원제이차 20260119-88-3,N,20260119,20260417,대출채권,KRW,,5000000000,5000000000,36,,A1,,,경상국립대학교병원,차환발행위험(유동성 공여형 매입약정),공공기관,한국산업은행
72187,케이디비국립대병원제이차,KRZF0120V4G1,케이디비국립대병원제이차 20260119-88-4,N,20260119,20260417,대출채권,KRW,,5000000000,5000000000,36,,A1,,,경북대학교병원,차환발행위험(유동성 공여형 매입약정),공공기관,한국산업은행
72187,케이디비국립대병원제이차,KRZF0120V4G1,케이디비국립대병원제이차 20260119-88-4,N,20260119,20260417,대출채권,KRW,,5000000000,5000000000,36,,A1,,,경상국립대학교병원,차환발행위험(유동성 공여형 매입약정),공공기관,한국산업은행
72187,케이디비국립대병원제이차,KRZF0120V5G1,케이디비국립대병원제이차 20260119-88-5,N,20260119,20260417,대출채권,KRW,,5000000000,5000000000,36,,A1,,,경북대학교병원,차환발행위험(유동성 공여형 매입약정),공공기관,한국산업은행
72187,케이디비국립대병원제이차,KRZF0120V5G1,케이디비국립대병원제이차 20260119-88-5,N,20260119,20260417,대출채권,KRW,,5000000000,5000000000,36,,A1,,,경상국립대학교병원,차환발행위험(유동성 공여형 매입약정),공공기관,한국산업은행
72187,케이디비국립대병원제이차,KRZF0120V6G1,케이디비국립대병원제이차 20260119-88-6,N,20260119,20260417,대출채권,KRW,,5000000000,5000000000,36,,A1,,,경북대학교병원,차환발행위험(유동성 공여형 매입약정),공공기관,한국산업은행
72187,케이디비국립대병원제이차,KRZF0120V6G1,케이디비국립대병원제이차 20260119-88-6,N,20260119,20260417,대출채권,KRW,,5000000000,5000000000,36,,A1,,,경상국립대학교병원,차환발행위험(유동성 공여형 매입약정),공공기관,한국산업은행
72187,케이디비국립대병원제이차,KRZF0120V7G1,케이디비국립대병원제이차 20260119-88-7,N,20260119,20260417,대출채권,KRW,,5000000000,5000000000,36,,A1,,,경북대학교병원,차환발행위험(유동성 공여형 매입약정),공공기관,한국산업은행
72187,케이디비국립대병원제이차,KRZF0120V7G1,케이디비국립대병원제이차 20260119-88-7,N,20260119,20260417,대출채권,KRW,,5000000000,5000000000,36,,A1,,,경상국립대학교병원,차환발행위험(유동성 공여형 매입약정),공공기관,한국산업은행
72187,케이디비국립대병원제이차,KRZF0120V8G1,케이디비국립대병원제이차 20260119-88-8,N,20260119,20260417,대출채권,KRW,,5000000000,5000000000,36,,A1,,,경북대학교병원,차환발행위험(유동성 공여형 매입약정),공공기관,한국산업은행
72187,케이디비국립대병원제이차,KRZF0120V8G1,케이디비국립대병원제이차 20260119-88-8,N,20260119,20260417,대출채권,KRW,,5000000000,5000000000,36,,A1,,,경상국립대학교병원,차환발행위험(유동성 공여형 매입약정),공공기관,한국산업은행
72187,케이디비국립대병원제이차,KRZF0120V9G1,케이디비국립대병원제이차 20260119-88-9,N,20260119,20260417,대출채권,KRW,,5000000000,5000000000,36,,A1,,,경북대학교병원,차환발행위험(유동성 공여형 매입약정),공공기관,한국산업은행
72187,케이디비국립대병원제이차,KRZF0120V9G1,케이디비국립대병원제이차 20260119-88-9,N,20260119,20260417,대출채권,KRW,,5000000000,5000000000,36,,A1,,,경상국립대학교병원,차환발행위험(유동성 공여형 매입약정),공공기관,한국산업은행
73437,트리드제삼차,KRZF0083N1G1,트리드제삼차 20260119-119-1,N,20260119,20260518,매출채권,KRW,,1000000000,1000000000,67,A2,A2,,,한솔제지,자체 신용보강,자체 신용보강,신한카드
73437,트리드제삼차,KRZF0083N1G1,트리드제삼차 20260119-119-1,N,20260119,20260518,매출채권,KRW,,1000000000,1000000000,67,A2,A2,,,한솔제지,자체 신용보강,자체 신용보강,한솔제지
73437,트리드제삼차,KRZF0083NAG1,트리드제삼차 20260119-119-10,N,20260119,20260518,매출채권,KRW,,1000000000,1000000000,67,A2,A2,,,한솔제지,자체 신용보강,자체 신용보강,신한카드
73437,트리드제삼차,KRZF0083NAG1,트리드제삼차 20260119-119-10,N,20260119,20260518,매출채권,KRW,,1000000000,1000000000,67,A2,A2,,,한솔제지,자체 신용보강,자체 신용보강,한솔제지
73437,트리드제삼차,KRZF0083NBG1,트리드제삼차 20260119-119-11,N,20260119,20260518,매출채권,KRW,,1000000000,1000000000,67,A2,A2,,,한솔제지,자체 신용보강,자체 신용보강,신한카드
73437,트리드제삼차,KRZF0083NBG1,트리드제삼차 20260119-119-11,N,20260119,20260518,매출채권,KRW,,1000000000,1000000000,67,A2,A2,,,한솔제지,자체 신용보강,자체 신용보강,한솔제지
73437,트리드제삼차,KRZF0083NCG1,트리드제삼차 20260119-119-12,N,20260119,20260518,매출채권,KRW,,1000000000,1000000000,67,A2,A2,,,한솔제지,자체 신용보강,자체 신용보강,신한카드
73437,트리드제삼차,KRZF0083NCG1,트리드제삼차 20260119-119-12,N,20260119,20260518,매출채권,KRW,,1000000000,1000000000,67,A2,A2,,,한솔제지,자체 신용보강,자체 신용보강,한솔제지
73437,트리드제삼차,KRZF0083NDG1,트리드제삼차 20260119-119-13,N,20260119,20260518,매출채권,KRW,,1000000000,1000000000,67,A2,A2,,,한솔제지,자체 신용보강,자체 신용보강,신한카드
73437,트리드제삼차,KRZF0083NDG1,트리드제삼차 20260119-119-13,N,20260119,20260518,매출채권,KRW,,1000000000,1000000000,67,A2,A2,,,한솔제지,자체 신용보강,자체 신용보강,한솔제지
73437,트리드제삼차,KRZF0083NEG1,트리드제삼차 20260119-119-14,N,20260119,20260518,매출채권,KRW,,500000000,500000000,67,A2,A2,,,한솔제지,자체 신용보강,자체 신용보강,신한카드
73437,트리드제삼차,KRZF0083NEG1,트리드제삼차 20260119-119-14,N,20260119,20260518,매출채권,KRW,,500000000,500000000,67,A2,A2,,,한솔제지,자체 신용보강,자체 신용보강,한솔제지
73437,트리드제삼차,KRZF0083NFG1,트리드제삼차 20260119-119-15,N,20260119,20260518,매출채권,KRW,,500000000,500000000,67,A2,A2,,,한솔제지,자체 신용보강,자체 신용보강,신한카드
73437,트리드제삼차,KRZF0083NFG1,트리드제삼차 20260119-119-15,N,20260119,20260518,매출채권,KRW,,500000000,500000000,67,A2,A2,,,한솔제지,자체 신용보강,자체 신용보강,한솔제지
73437,트리드제삼차,KRZF0083NGG1,트리드제삼차 20260119-119-16,N,20260119,20260518,매출채권,KRW,,500000000,500000000,67,A2,A2,,,한솔제지,자체 신용보강,자체 신용보강,신한카드
73437,트리드제삼차,KRZF0083NGG1,트리드제삼차 20260119-119-16,N,20260119,20260518,매출채권,KRW,,500000000,500000000,67,A2,A2,,,한솔제지,자체 신용보강,자체 신용보강,한솔제지
73437,트리드제삼차,KRZF0083NHG1,트리드제삼차 20260119-119-17,N,20260119,20260518,매출채권,KRW,,500000000,500000000,67,A2,A2,,,한솔제지,자체 신용보강,자체 신용보강,신한카드
73437,트리드제삼차,KRZF0083NHG1,트리드제삼차 20260119-119-17,N,20260119,20260518,매출채권,KRW,,500000000,500000000,67,A2,A2,,,한솔제지,자체 신용보강,자체 신용보강,한솔제지
73437,트리드제삼차,KRZF0083NJG1,트리드제삼차 20260119-119-18,N,20260119,20260518,매출채권,KRW,,500000000,500000000,67,A2,A2,,,한솔제지,자체 신용보강,자체 신용보강,신한카드
73437,트리드제삼차,KRZF0083NJG1,트리드제삼차 20260119-119-18,N,20260119,20260518,매출채권,KRW,,500000000,500000000,67,A2,A2,,,한솔제지,자체 신용보강,자체 신용보강,한솔제지
73437,트리드제삼차,KRZF0083NKG1,트리드제삼차 20260119-119-19,N,20260119,20260518,매출채권,KRW,,500000000,500000000,67,A2,A2,,,한솔제지,자체 신용보강,자체 신용보강,신한카드
73437,트리드제삼차,KRZF0083NKG1,트리드제삼차 20260119-119-19,N,20260119,20260518,매출채권,KRW,,500000000,500000000,67,A2,A2,,,한솔제지,자체 신용보강,자체 신용보강,한솔제지
73437,트리드제삼차,KRZF0083N2G1,트리드제삼차 20260119-119-2,N,20260119,20260518,매출채권,KRW,,1000000000,1000000000,67,A2,A2,,,한솔제지,자체 신용보강,자체 신용보강,신한카드
73437,트리드제삼차,KRZF0083N2G1,트리드제삼차 20260119-119-2,N,20260119,20260518,매출채권,KRW,,1000000000,1000000000,67,A2,A2,,,한솔제지,자체 신용보강,자체 신용보강,한솔제지
73437,트리드제삼차,KRZF0083NLG1,트리드제삼차 20260119-119-20,N,20260119,20260518,매출채권,KRW,,500000000,500000000,67,A2,A2,,,한솔제지,자체 신용보강,자체 신용보강,신한카드
73437,트리드제삼차,KRZF0083NLG1,트리드제삼차 20260119-119-20,N,20260119,20260518,매출채권,KRW,,500000000,500000000,67,A2,A2,,,한솔제지,자체 신용보강,자체 신용보강,한솔제지
73437,트리드제삼차,KRZF0083NMG1,트리드제삼차 20260119-119-21,N,20260119,20260518,매출채권,KRW,,500000000,500000000,67,A2,A2,,,한솔제지,자체 신용보강,자체 신용보강,신한카드
73437,트리드제삼차,KRZF0083NMG1,트리드제삼차 20260119-119-21,N,20260119,20260518,매출채권,KRW,,500000000,500000000,67,A2,A2,,,한솔제지,자체 신용보강,자체 신용보강,한솔제지
73437,트리드제삼차,KRZF0083NNG1,트리드제삼차 20260119-119-22,N,20260119,20260518,매출채권,KRW,,500000000,500000000,67,A2,A2,,,한솔제지,자체 신용보강,자체 신용보강,신한카드
73437,트리드제삼차,KRZF0083NNG1,트리드제삼차 20260119-119-22,N,20260119,20260518,매출채권,KRW,,500000000,500000000,67,A2,A2,,,한솔제지,자체 신용보강,자체 신용보강,한솔제지
73437,트리드제삼차,KRZF0083NPG1,트리드제삼차 20260119-119-23,N,20260119,20260518,매출채권,KRW,,500000000,500000000,67,A2,A2,,,한솔제지,자체 신용보강,자체 신용보강,신한카드
73437,트리드제삼차,KRZF0083NPG1,트리드제삼차 20260119-119-23,N,20260119,20260518,매출채권,KRW,,500000000,500000000,67,A2,A2,,,한솔제지,자체 신용보강,자체 신용보강,한솔제지
73437,트리드제삼차,KRZF0083NQG1,트리드제삼차 20260119-119-24,N,20260119,20260518,매출채권,KRW,,500000000,500000000,67,A2,A2,,,한솔제지,자체 신용보강,자체 신용보강,신한카드
73437,트리드제삼차,KRZF0083NQG1,트리드제삼차 20260119-119-24,N,20260119,20260518,매출채권,KRW,,500000000,500000000,67,A2,A2,,,한솔제지,자체 신용보강,자체 신용보강,한솔제지
73437,트리드제삼차,KRZF0083NRG1,트리드제삼차 20260119-119-25,N,20260119,20260518,매출채권,KRW,,500000000,500000000,67,A2,A2,,,한솔제지,자체 신용보강,자체 신용보강,신한카드
73437,트리드제삼차,KRZF0083NRG1,트리드제삼차 20260119-119-25,N,20260119,20260518,매출채권,KRW,,500000000,500000000,67,A2,A2,,,한솔제지,자체 신용보강,자체 신용보강,한솔제지
73437,트리드제삼차,KRZF0083NSG1,트리드제삼차 20260119-119-26,N,20260119,20260518,매출채권,KRW,,200000000,200000000,67,A2,A2,,,한솔제지,자체 신용보강,자체 신용보강,신한카드
73437,트리드제삼차,KRZF0083NSG1,트리드제삼차 20260119-119-26,N,20260119,20260518,매출채권,KRW,,200000000,200000000,67,A2,A2,,,한솔제지,자체 신용보강,자체 신용보강,한솔제지
73437,트리드제삼차,KRZF0083NTG1,트리드제삼차 20260119-119-27,N,20260119,20260518,매출채권,KRW,,200000000,200000000,67,A2,A2,,,한솔제지,자체 신용보강,자체 신용보강,신한카드
73437,트리드제삼차,KRZF0083NTG1,트리드제삼차 20260119-119-27,N,20260119,20260518,매출채권,KRW,,200000000,200000000,67,A2,A2,,,한솔제지,자체 신용보강,자체 신용보강,한솔제지
73437,트리드제삼차,KRZF0083NVG1,트리드제삼차 20260119-119-28,N,20260119,20260518,매출채권,KRW,,200000000,200000000,67,A2,A2,,,한솔제지,자체 신용보강,자체 신용보강,신한카드
73437,트리드제삼차,KRZF0083NVG1,트리드제삼차 20260119-119-28,N,20260119,20260518,매출채권,KRW,,200000000,200000000,67,A2,A2,,,한솔제지,자체 신용보강,자체 신용보강,한솔제지
73437,트리드제삼차,KRZF0083NWG1,트리드제삼차 20260119-119-29,N,20260119,20260518,매출채권,KRW,,200000000,200000000,67,A2,A2,,,한솔제지,자체 신용보강,자체 신용보강,신한카드
73437,트리드제삼차,KRZF0083NWG1,트리드제삼차 20260119-119-29,N,20260119,20260518,매출채권,KRW,,200000000,200000000,67,A2,A2,,,한솔제지,자체 신용보강,자체 신용보강,한솔제지
73437,트리드제삼차,KRZF0083N3G1,트리드제삼차 20260119-119-3,N,20260119,20260518,매출채권,KRW,,1000000000,1000000000,67,A2,A2,,,한솔제지,자체 신용보강,자체 신용보강,신한카드
73437,트리드제삼차,KRZF0083N3G1,트리드제삼차 20260119-119-3,N,20260119,20260518,매출채권,KRW,,1000000000,1000000000,67,A2,A2,,,한솔제지,자체 신용보강,자체 신용보강,한솔제지
73437,트리드제삼차,KRZF0083NXG1,트리드제삼차 20260119-119-30,N,20260119,20260518,매출채권,KRW,,200000000,200000000,67,A2,A2,,,한솔제지,자체 신용보강,자체 신용보강,신한카드
73437,트리드제삼차,KRZF0083NXG1,트리드제삼차 20260119-119-30,N,20260119,20260518,매출채권,KRW,,200000000,200000000,67,A2,A2,,,한솔제지,자체 신용보강,자체 신용보강,한솔제지
73437,트리드제삼차,KRZF0083NYG1,트리드제삼차 20260119-119-31,N,20260119,20260518,매출채권,KRW,,200000000,200000000,67,A2,A2,,,한솔제지,자체 신용보강,자체 신용보강,신한카드
73437,트리드제삼차,KRZF0083NYG1,트리드제삼차 20260119-119-31,N,20260119,20260518,매출채권,KRW,,200000000,200000000,67,A2,A2,,,한솔제지,자체 신용보강,자체 신용보강,한솔제지
73437,트리드제삼차,KRZF0083NZG1,트리드제삼차 20260119-119-32,N,20260119,20260518,매출채권,KRW,,200000000,200000000,67,A2,A2,,,한솔제지,자체 신용보강,자체 신용보강,신한카드
73437,트리드제삼차,KRZF0083NZG1,트리드제삼차 20260119-119-32,N,20260119,20260518,매출채권,KRW,,200000000,200000000,67,A2,A2,,,한솔제지,자체 신용보강,자체 신용보강,한솔제지
73437,트리드제삼차,KRZF0083N0GD,트리드제삼차 20260119-119-33,N,20260119,20260518,매출채권,KRW,,200000000,200000000,67,A2,A2,,,한솔제지,자체 신용보강,자체 신용보강,신한카드
73437,트리드제삼차,KRZF0083N0GD,트리드제삼차 20260119-119-33,N,20260119,20260518,매출채권,KRW,,200000000,200000000,67,A2,A2,,,한솔제지,자체 신용보강,자체 신용보강,한솔제지
73437,트리드제삼차,KRZF0083N1GD,트리드제삼차 20260119-119-34,N,20260119,20260518,매출채권,KRW,,200000000,200000000,67,A2,A2,,,한솔제지,자체 신용보강,자체 신용보강,신한카드
73437,트리드제삼차,KRZF0083N1GD,트리드제삼차 20260119-119-34,N,20260119,20260518,매출채권,KRW,,200000000,200000000,67,A2,A2,,,한솔제지,자체 신용보강,자체 신용보강,한솔제지
73437,트리드제삼차,KRZF0083N2GD,트리드제삼차 20260119-119-35,N,20260119,20260518,매출채권,KRW,,200000000,200000000,67,A2,A2,,,한솔제지,자체 신용보강,자체 신용보강,신한카드
73437,트리드제삼차,KRZF0083N2GD,트리드제삼차 20260119-119-35,N,20260119,20260518,매출채권,KRW,,200000000,200000000,67,A2,A2,,,한솔제지,자체 신용보강,자체 신용보강,한솔제지
73437,트리드제삼차,KRZF0083N4G1,트리드제삼차 20260119-119-4,N,20260119,20260518,매출채권,KRW,,1000000000,1000000000,67,A2,A2,,,한솔제지,자체 신용보강,자체 신용보강,신한카드
73437,트리드제삼차,KRZF0083N4G1,트리드제삼차 20260119-119-4,N,20260119,20260518,매출채권,KRW,,1000000000,1000000000,67,A2,A2,,,한솔제지,자체 신용보강,자체 신용보강,한솔제지
73437,트리드제삼차,KRZF0083N5G1,트리드제삼차 20260119-119-5,N,20260119,20260518,매출채권,KRW,,1000000000,1000000000,67,A2,A2,,,한솔제지,자체 신용보강,자체 신용보강,신한카드
73437,트리드제삼차,KRZF0083N5G1,트리드제삼차 20260119-119-5,N,20260119,20260518,매출채권,KRW,,1000000000,1000000000,67,A2,A2,,,한솔제지,자체 신용보강,자체 신용보강,한솔제지
73437,트리드제삼차,KRZF0083N6G1,트리드제삼차 20260119-119-6,N,20260119,20260518,매출채권,KRW,,1000000000,1000000000,67,A2,A2,,,한솔제지,자체 신용보강,자체 신용보강,신한카드
73437,트리드제삼차,KRZF0083N6G1,트리드제삼차 20260119-119-6,N,20260119,20260518,매출채권,KRW,,1000000000,1000000000,67,A2,A2,,,한솔제지,자체 신용보강,자체 신용보강,한솔제지
73437,트리드제삼차,KRZF0083N7G1,트리드제삼차 20260119-119-7,N,20260119,20260518,매출채권,KRW,,1000000000,1000000000,67,A2,A2,,,한솔제지,자체 신용보강,자체 신용보강,신한카드
73437,트리드제삼차,KRZF0083N7G1,트리드제삼차 20260119-119-7,N,20260119,20260518,매출채권,KRW,,1000000000,1000000000,67,A2,A2,,,한솔제지,자체 신용보강,자체 신용보강,한솔제지
73437,트리드제삼차,KRZF0083N8G1,트리드제삼차 20260119-119-8,N,20260119,20260518,매출채권,KRW,,1000000000,1000000000,67,A2,A2,,,한솔제지,자체 신용보강,자체 신용보강,신한카드
73437,트리드제삼차,KRZF0083N8G1,트리드제삼차 20260119-119-8,N,20260119,20260518,매출채권,KRW,,1000000000,1000000000,67,A2,A2,,,한솔제지,자체 신용보강,자체 신용보강,한솔제지
73437,트리드제삼차,KRZF0083N9G1,트리드제삼차 20260119-119-9,N,20260119,20260518,매출채권,KRW,,1000000000,1000000000,67,A2,A2,,,한솔제지,자체 신용보강,자체 신용보강,신한카드
73437,트리드제삼차,KRZF0083N9G1,트리드제삼차 20260119-119-9,N,20260119,20260518,매출채권,KRW,,1000000000,1000000000,67,A2,A2,,,한솔제지,자체 신용보강,자체 신용보강,한솔제지
69668,하나이터닉제일차,KRZF0041X1G1,하나이터닉제일차 20260119-91-1,N,20260119,20260420,대출채권,KRW,,5000000000,5000000000,39,A1,A1,,,에스케이이터닉스(주),외부 신용보강,금융기관,하나은행
69668,하나이터닉제일차,KRZF0041X1G1,하나이터닉제일차 20260119-91-1,N,20260119,20260420,대출채권,KRW,,5000000000,5000000000,39,A1,A1,,,에스케이이터닉스(주),차환발행위험(유동성 공여형 매입약정),금융기관,하나은행
69668,하나이터닉제일차,KRZF0041X1G1,하나이터닉제일차 20260119-91-1,N,20260119,20260420,대출채권,KRW,,5000000000,5000000000,39,A1,A1,,,에스케이이터닉스(주),금리변동/환율변동,금융기관,하나은행
69668,하나이터닉제일차,KRZF0041X2G1,하나이터닉제일차 20260119-91-2,N,20260119,20260420,대출채권,KRW,,5000000000,5000000000,39,A1,A1,,,에스케이이터닉스(주),외부 신용보강,금융기관,하나은행
69668,하나이터닉제일차,KRZF0041X2G1,하나이터닉제일차 20260119-91-2,N,20260119,20260420,대출채권,KRW,,5000000000,5000000000,39,A1,A1,,,에스케이이터닉스(주),차환발행위험(유동성 공여형 매입약정),금융기관,하나은행
69668,하나이터닉제일차,KRZF0041X2G1,하나이터닉제일차 20260119-91-2,N,20260119,20260420,대출채권,KRW,,5000000000,5000000000,39,A1,A1,,,에스케이이터닉스(주),금리변동/환율변동,금융기관,하나은행
73440,한솔제육십이차,KRZF0157EJG1,한솔제육십이차 20260119-151-18,N,20260119,20260619,정기예금,KRW,,5000000000,5000000000,99,A1,A1,,,농협은행,자체 신용보강,자체 신용보강,농협은행
73440,한솔제육십이차,KRZF0157EKG1,한솔제육십이차 20260119-151-19,N,20260119,20260619,정기예금,KRW,,5000000000,5000000000,99,A1,A1,,,농협은행,자체 신용보강,자체 신용보강,농협은행
73440,한솔제육십이차,KRZF0157ELG1,한솔제육십이차 20260119-151-20,N,20260119,20260619,정기예금,KRW,,5000000000,5000000000,99,A1,A1,,,농협은행,자체 신용보강,자체 신용보강,농협은행
73440,한솔제육십이차,KRZF0157EMG1,한솔제육십이차 20260119-151-21,N,20260119,20260619,정기예금,KRW,,5000000000,5000000000,99,A1,A1,,,농협은행,자체 신용보강,자체 신용보강,농협은행
73440,한솔제육십이차,KRZF0157ENG1,한솔제육십이차 20260119-151-22,N,20260119,20260619,정기예금,KRW,,5000000000,5000000000,99,A1,A1,,,농협은행,자체 신용보강,자체 신용보강,농협은행
73440,한솔제육십이차,KRZF0157EPG1,한솔제육십이차 20260119-151-23,N,20260119,20260619,정기예금,KRW,,5000000000,5000000000,99,A1,A1,,,농협은행,자체 신용보강,자체 신용보강,농협은행
73440,한솔제육십이차,KRZF0157EQG1,한솔제육십이차 20260119-151-24,N,20260119,20260619,정기예금,KRW,,5000000000,5000000000,99,A1,A1,,,농협은행,자체 신용보강,자체 신용보강,농협은행
73440,한솔제육십이차,KRZF0157ERG1,한솔제육십이차 20260119-151-25,N,20260119,20260619,정기예금,KRW,,5000000000,5000000000,99,A1,A1,,,농협은행,자체 신용보강,자체 신용보강,농협은행
73440,한솔제육십이차,KRZF0157ESG1,한솔제육십이차 20260119-151-26,N,20260119,20260619,정기예금,KRW,,5000000000,5000000000,99,A1,A1,,,농협은행,자체 신용보강,자체 신용보강,농협은행
73440,한솔제육십이차,KRZF0157ETG1,한솔제육십이차 20260119-151-27,N,20260119,20260619,정기예금,KRW,,5000000000,5000000000,99,A1,A1,,,농협은행,자체 신용보강,자체 신용보강,농협은행
73440,한솔제육십이차,KRZF0157EVG1,한솔제육십이차 20260119-151-28,N,20260119,20260619,정기예금,KRW,,5000000000,5000000000,99,A1,A1,,,농협은행,자체 신용보강,자체 신용보강,농협은행
73440,한솔제육십이차,KRZF0157EWG1,한솔제육십이차 20260119-151-29,N,20260119,20260619,정기예금,KRW,,5000000000,5000000000,99,A1,A1,,,농협은행,자체 신용보강,자체 신용보강,농협은행
73440,한솔제육십이차,KRZF0157EXG1,한솔제육십이차 20260119-151-30,N,20260119,20260619,정기예금,KRW,,5000000000,5000000000,99,A1,A1,,,농협은행,자체 신용보강,자체 신용보강,농협은행
73440,한솔제육십이차,KRZF0157EYG1,한솔제육십이차 20260119-151-31,N,20260119,20260619,정기예금,KRW,,5000000000,5000000000,99,A1,A1,,,농협은행,자체 신용보강,자체 신용보강,농협은행
73440,한솔제육십이차,KRZF0157EZG1,한솔제육십이차 20260119-151-32,N,20260119,20260619,정기예금,KRW,,5000000000,5000000000,99,A1,A1,,,농협은행,자체 신용보강,자체 신용보강,농협은행
73440,한솔제육십이차,KRZF0157E0GD,한솔제육십이차 20260119-151-33,N,20260119,20260619,정기예금,KRW,,5000000000,5000000000,99,A1,A1,,,농협은행,자체 신용보강,자체 신용보강,농협은행
73440,한솔제육십이차,KRZF0157E1GD,한솔제육십이차 20260119-151-34,N,20260119,20260619,정기예금,KRW,,5000000000,5000000000,99,A1,A1,,,농협은행,자체 신용보강,자체 신용보강,농협은행
73440,한솔제육십이차,KRZF0157E2GD,한솔제육십이차 20260119-151-35,N,20260119,20260619,정기예금,KRW,,5000000000,5000000000,99,A1,A1,,,농협은행,자체 신용보강,자체 신용보강,농협은행
73440,한솔제육십이차,KRZF0157E3GD,한솔제육십이차 20260119-151-36,N,20260119,20260619,정기예금,KRW,,5000000000,5000000000,99,A1,A1,,,농협은행,자체 신용보강,자체 신용보강,농협은행
73440,한솔제육십이차,KRZF0157E4GD,한솔제육십이차 20260119-151-37,N,20260119,20260619,정기예금,KRW,,5000000000,5000000000,99,A1,A1,,,농협은행,자체 신용보강,자체 신용보강,농협은행
73440,한솔제육십이차,KRZF0157E5GD,한솔제육십이차 20260119-151-38,N,20260119,20260619,정기예금,KRW,,5000000000,5000000000,99,A1,A1,,,농협은행,자체 신용보강,자체 신용보강,농협은행
73440,한솔제육십이차,KRZF0157E6GD,한솔제육십이차 20260119-151-39,N,20260119,20260619,정기예금,KRW,,5000000000,5000000000,99,A1,A1,,,농협은행,자체 신용보강,자체 신용보강,농협은행
73440,한솔제육십이차,KRZF0157E7GD,한솔제육십이차 20260119-151-40,N,20260119,20260619,정기예금,KRW,,5000000000,5000000000,99,A1,A1,,,농협은행,자체 신용보강,자체 신용보강,농협은행
73440,한솔제육십이차,KRZF0157E8GD,한솔제육십이차 20260119-151-41,N,20260119,20260619,정기예금,KRW,,5000000000,5000000000,99,A1,A1,,,농협은행,자체 신용보강,자체 신용보강,농협은행
73440,한솔제육십이차,KRZF0157E9GD,한솔제육십이차 20260119-151-42,N,20260119,20260619,정기예금,KRW,,5000000000,5000000000,99,A1,A1,,,농협은행,자체 신용보강,자체 신용보강,농협은행
73440,한솔제육십이차,KRZF0157EAGD,한솔제육십이차 20260119-151-43,N,20260119,20260619,정기예금,KRW,,5000000000,5000000000,99,A1,A1,,,농협은행,자체 신용보강,자체 신용보강,농협은행
73440,한솔제육십이차,KRZF0157EBGD,한솔제육십이차 20260119-151-44,N,20260119,20260619,정기예금,KRW,,5000000000,5000000000,99,A1,A1,,,농협은행,자체 신용보강,자체 신용보강,농협은행
73440,한솔제육십이차,KRZF0157ECGD,한솔제육십이차 20260119-151-45,N,20260119,20260619,정기예금,KRW,,5000000000,5000000000,99,A1,A1,,,농협은행,자체 신용보강,자체 신용보강,농협은행
73440,한솔제육십이차,KRZF0157EDGD,한솔제육십이차 20260119-151-46,N,20260119,20260619,정기예금,KRW,,5000000000,5000000000,99,A1,A1,,,농협은행,자체 신용보강,자체 신용보강,농협은행
73440,한솔제육십이차,KRZF0157EEGD,한솔제육십이차 20260119-151-47,N,20260119,20260619,정기예금,KRW,,5000000000,5000000000,99,A1,A1,,,농협은행,자체 신용보강,자체 신용보강,농협은행
73440,한솔제육십이차,KRZF0157EFGD,한솔제육십이차 20260119-322-48,N,20260119,20261207,정기예금,KRW,,333000000,333000000,270,A1,A1,,,농협은행,자체 신용보강,자체 신용보강,농협은행
73440,한솔제육십이차,KRZF0157E1G1,한솔제육십이차 20260119-59-1,N,20260119,20260319,정기예금,KRW,,5000000000,5000000000,7,A1,A1,,,농협은행,자체 신용보강,자체 신용보강,농협은행
73440,한솔제육십이차,KRZF0157EAG1,한솔제육십이차 20260119-59-10,N,20260119,20260319,정기예금,KRW,,5000000000,5000000000,7,A1,A1,,,농협은행,자체 신용보강,자체 신용보강,농협은행
73440,한솔제육십이차,KRZF0157EBG1,한솔제육십이차 20260119-59-11,N,20260119,20260319,정기예금,KRW,,5000000000,5000000000,7,A1,A1,,,농협은행,자체 신용보강,자체 신용보강,농협은행
73440,한솔제육십이차,KRZF0157ECG1,한솔제육십이차 20260119-59-12,N,20260119,20260319,정기예금,KRW,,5000000000,5000000000,7,A1,A1,,,농협은행,자체 신용보강,자체 신용보강,농협은행
73440,한솔제육십이차,KRZF0157EDG1,한솔제육십이차 20260119-59-13,N,20260119,20260319,정기예금,KRW,,5000000000,5000000000,7,A1,A1,,,농협은행,자체 신용보강,자체 신용보강,농협은행
73440,한솔제육십이차,KRZF0157EEG1,한솔제육십이차 20260119-59-14,N,20260119,20260319,정기예금,KRW,,5000000000,5000000000,7,A1,A1,,,농협은행,자체 신용보강,자체 신용보강,농협은행
73440,한솔제육십이차,KRZF0157EFG1,한솔제육십이차 20260119-59-15,N,20260119,20260319,정기예금,KRW,,5000000000,5000000000,7,A1,A1,,,농협은행,자체 신용보강,자체 신용보강,농협은행
73440,한솔제육십이차,KRZF0157EGG1,한솔제육십이차 20260119-59-16,N,20260119,20260319,정기예금,KRW,,5000000000,5000000000,7,A1,A1,,,농협은행,자체 신용보강,자체 신용보강,농협은행
73440,한솔제육십이차,KRZF0157EHG1,한솔제육십이차 20260119-59-17,N,20260119,20260319,정기예금,KRW,,5000000000,5000000000,7,A1,A1,,,농협은행,자체 신용보강,자체 신용보강,농협은행
73440,한솔제육십이차,KRZF0157E2G1,한솔제육십이차 20260119-59-2,N,20260119,20260319,정기예금,KRW,,5000000000,5000000000,7,A1,A1,,,농협은행,자체 신용보강,자체 신용보강,농협은행
73440,한솔제육십이차,KRZF0157E3G1,한솔제육십이차 20260119-59-3,N,20260119,20260319,정기예금,KRW,,5000000000,5000000000,7,A1,A1,,,농협은행,자체 신용보강,자체 신용보강,농협은행
73440,한솔제육십이차,KRZF0157E4G1,한솔제육십이차 20260119-59-4,N,20260119,20260319,정기예금,KRW,,5000000000,5000000000,7,A1,A1,,,농협은행,자체 신용보강,자체 신용보강,농협은행
73440,한솔제육십이차,KRZF0157EGGD,한솔제육십이차 20260119-59-49,N,20260119,20260319,정기예금,KRW,,5000000000,5000000000,7,A1,A1,,,농협은행,자체 신용보강,자체 신용보강,농협은행
73440,한솔제육십이차,KRZF0157E5G1,한솔제육십이차 20260119-59-5,N,20260119,20260319,정기예금,KRW,,5000000000,5000000000,7,A1,A1,,,농협은행,자체 신용보강,자체 신용보강,농협은행
73440,한솔제육십이차,KRZF0157E6G1,한솔제육십이차 20260119-59-6,N,20260119,20260319,정기예금,KRW,,5000000000,5000000000,7,A1,A1,,,농협은행,자체 신용보강,자체 신용보강,농협은행
73440,한솔제육십이차,KRZF0157E7G1,한솔제육십이차 20260119-59-7,N,20260119,20260319,정기예금,KRW,,5000000000,5000000000,7,A1,A1,,,농협은행,자체 신용보강,자체 신용보강,농협은행
73440,한솔제육십이차,KRZF0157E8G1,한솔제육십이차 20260119-59-8,N,20260119,20260319,정기예금,KRW,,5000000000,5000000000,7,A1,A1,,,농협은행,자체 신용보강,자체 신용보강,농협은행
73440,한솔제육십이차,KRZF0157E9G1,한솔제육십이차 20260119-59-9,N,20260119,20260319,정기예금,KRW,,5000000000,5000000000,7,A1,A1,,,농협은행,자체 신용보강,자체 신용보강,농협은행
