플랜번호,발행인,종목코드,종목명,PF여부,발행일,만기일,기초자산,통화,환율,발행금액,원화환산발행금액,잔존일물,한국신용평가,한국기업평가,NICE신용평가,서울신용평가,실질자금조달자,신용보강 유형,신용보강기관 유형,신용보강기관
72129,내촌하나제이차,KRZF0108R1G1,내촌하나제이차 20260116-90-1,N,20260116,20260416,대출채권,KRW,,5000000000,5000000000,35,A1,,A1,,이에스알켄달스퀘어에셋3호위탁관리부동산투자회사(주),차환발행위험(유동성 공여형 매입약정),금융기관,하나은행
72129,내촌하나제이차,KRZF0108RAG1,내촌하나제이차 20260116-90-10,N,20260116,20260416,대출채권,KRW,,4000000000,4000000000,35,A1,,A1,,이에스알켄달스퀘어에셋3호위탁관리부동산투자회사(주),차환발행위험(유동성 공여형 매입약정),금융기관,하나은행
72129,내촌하나제이차,KRZF0108R2G1,내촌하나제이차 20260116-90-2,N,20260116,20260416,대출채권,KRW,,5000000000,5000000000,35,A1,,A1,,이에스알켄달스퀘어에셋3호위탁관리부동산투자회사(주),차환발행위험(유동성 공여형 매입약정),금융기관,하나은행
72129,내촌하나제이차,KRZF0108R3G1,내촌하나제이차 20260116-90-3,N,20260116,20260416,대출채권,KRW,,5000000000,5000000000,35,A1,,A1,,이에스알켄달스퀘어에셋3호위탁관리부동산투자회사(주),차환발행위험(유동성 공여형 매입약정),금융기관,하나은행
72129,내촌하나제이차,KRZF0108R4G1,내촌하나제이차 20260116-90-4,N,20260116,20260416,대출채권,KRW,,5000000000,5000000000,35,A1,,A1,,이에스알켄달스퀘어에셋3호위탁관리부동산투자회사(주),차환발행위험(유동성 공여형 매입약정),금융기관,하나은행
72129,내촌하나제이차,KRZF0108R5G1,내촌하나제이차 20260116-90-5,N,20260116,20260416,대출채권,KRW,,5000000000,5000000000,35,A1,,A1,,이에스알켄달스퀘어에셋3호위탁관리부동산투자회사(주),차환발행위험(유동성 공여형 매입약정),금융기관,하나은행
72129,내촌하나제이차,KRZF0108R6G1,내촌하나제이차 20260116-90-6,N,20260116,20260416,대출채권,KRW,,5000000000,5000000000,35,A1,,A1,,이에스알켄달스퀘어에셋3호위탁관리부동산투자회사(주),차환발행위험(유동성 공여형 매입약정),금융기관,하나은행
72129,내촌하나제이차,KRZF0108R7G1,내촌하나제이차 20260116-90-7,N,20260116,20260416,대출채권,KRW,,5000000000,5000000000,35,A1,,A1,,이에스알켄달스퀘어에셋3호위탁관리부동산투자회사(주),차환발행위험(유동성 공여형 매입약정),금융기관,하나은행
72129,내촌하나제이차,KRZF0108R8G1,내촌하나제이차 20260116-90-8,N,20260116,20260416,대출채권,KRW,,5000000000,5000000000,35,A1,,A1,,이에스알켄달스퀘어에셋3호위탁관리부동산투자회사(주),차환발행위험(유동성 공여형 매입약정),금융기관,하나은행
72129,내촌하나제이차,KRZF0108R9G1,내촌하나제이차 20260116-90-9,N,20260116,20260416,대출채권,KRW,,5000000000,5000000000,35,A1,,A1,,이에스알켄달스퀘어에셋3호위탁관리부동산투자회사(주),차환발행위험(유동성 공여형 매입약정),금융기관,하나은행
73428,농협베스트제2차,KRZF0079N1G1,농협베스트제2차 20260116-245-1,N,20260116,20260918,정기예금,KRW,,5000000000,5000000000,190,,A1,A1,,농협은행,자체 신용보강,자체 신용보강,농협은행
73428,농협베스트제2차,KRZF0079NAG1,농협베스트제2차 20260116-245-10,N,20260116,20260918,정기예금,KRW,,5000000000,5000000000,190,,A1,A1,,농협은행,자체 신용보강,자체 신용보강,농협은행
73428,농협베스트제2차,KRZF0079NBG1,농협베스트제2차 20260116-245-11,N,20260116,20260918,정기예금,KRW,,5000000000,5000000000,190,,A1,A1,,농협은행,자체 신용보강,자체 신용보강,농협은행
73428,농협베스트제2차,KRZF0079NCG1,농협베스트제2차 20260116-245-12,N,20260116,20260918,정기예금,KRW,,5000000000,5000000000,190,,A1,A1,,농협은행,자체 신용보강,자체 신용보강,농협은행
73428,농협베스트제2차,KRZF0079NDG1,농협베스트제2차 20260116-245-13,N,20260116,20260918,정기예금,KRW,,5000000000,5000000000,190,,A1,A1,,농협은행,자체 신용보강,자체 신용보강,농협은행
73428,농협베스트제2차,KRZF0079NEG1,농협베스트제2차 20260116-245-14,N,20260116,20260918,정기예금,KRW,,5000000000,5000000000,190,,A1,A1,,농협은행,자체 신용보강,자체 신용보강,농협은행
73428,농협베스트제2차,KRZF0079NFG1,농협베스트제2차 20260116-245-15,N,20260116,20260918,정기예금,KRW,,5000000000,5000000000,190,,A1,A1,,농협은행,자체 신용보강,자체 신용보강,농협은행
73428,농협베스트제2차,KRZF0079NGG1,농협베스트제2차 20260116-245-16,N,20260116,20260918,정기예금,KRW,,5000000000,5000000000,190,,A1,A1,,농협은행,자체 신용보강,자체 신용보강,농협은행
73428,농협베스트제2차,KRZF0079NHG1,농협베스트제2차 20260116-245-17,N,20260116,20260918,정기예금,KRW,,5000000000,5000000000,190,,A1,A1,,농협은행,자체 신용보강,자체 신용보강,농협은행
73428,농협베스트제2차,KRZF0079NJG1,농협베스트제2차 20260116-245-18,N,20260116,20260918,정기예금,KRW,,5000000000,5000000000,190,,A1,A1,,농협은행,자체 신용보강,자체 신용보강,농협은행
73428,농협베스트제2차,KRZF0079NKG1,농협베스트제2차 20260116-245-19,N,20260116,20260918,정기예금,KRW,,5000000000,5000000000,190,,A1,A1,,농협은행,자체 신용보강,자체 신용보강,농협은행
73428,농협베스트제2차,KRZF0079N2G1,농협베스트제2차 20260116-245-2,N,20260116,20260918,정기예금,KRW,,5000000000,5000000000,190,,A1,A1,,농협은행,자체 신용보강,자체 신용보강,농협은행
73428,농협베스트제2차,KRZF0079NLG1,농협베스트제2차 20260116-245-20,N,20260116,20260918,정기예금,KRW,,5000000000,5000000000,190,,A1,A1,,농협은행,자체 신용보강,자체 신용보강,농협은행
73428,농협베스트제2차,KRZF0079NMG1,농협베스트제2차 20260116-245-21,N,20260116,20260918,정기예금,KRW,,5000000000,5000000000,190,,A1,A1,,농협은행,자체 신용보강,자체 신용보강,농협은행
73428,농협베스트제2차,KRZF0079NNG1,농협베스트제2차 20260116-245-22,N,20260116,20260918,정기예금,KRW,,5000000000,5000000000,190,,A1,A1,,농협은행,자체 신용보강,자체 신용보강,농협은행
73428,농협베스트제2차,KRZF0079NPG1,농협베스트제2차 20260116-245-23,N,20260116,20260918,정기예금,KRW,,5000000000,5000000000,190,,A1,A1,,농협은행,자체 신용보강,자체 신용보강,농협은행
73428,농협베스트제2차,KRZF0079NQG1,농협베스트제2차 20260116-245-24,N,20260116,20260918,정기예금,KRW,,5000000000,5000000000,190,,A1,A1,,농협은행,자체 신용보강,자체 신용보강,농협은행
73428,농협베스트제2차,KRZF0079NRG1,농협베스트제2차 20260116-245-25,N,20260116,20260918,정기예금,KRW,,5000000000,5000000000,190,,A1,A1,,농협은행,자체 신용보강,자체 신용보강,농협은행
73428,농협베스트제2차,KRZF0079NSG1,농협베스트제2차 20260116-245-26,N,20260116,20260918,정기예금,KRW,,5000000000,5000000000,190,,A1,A1,,농협은행,자체 신용보강,자체 신용보강,농협은행
73428,농협베스트제2차,KRZF0079NTG1,농협베스트제2차 20260116-245-27,N,20260116,20260918,정기예금,KRW,,5000000000,5000000000,190,,A1,A1,,농협은행,자체 신용보강,자체 신용보강,농협은행
73428,농협베스트제2차,KRZF0079NVG1,농협베스트제2차 20260116-245-28,N,20260116,20260918,정기예금,KRW,,5000000000,5000000000,190,,A1,A1,,농협은행,자체 신용보강,자체 신용보강,농협은행
73428,농협베스트제2차,KRZF0079NWG1,농협베스트제2차 20260116-245-29,N,20260116,20260918,정기예금,KRW,,5000000000,5000000000,190,,A1,A1,,농협은행,자체 신용보강,자체 신용보강,농협은행
73428,농협베스트제2차,KRZF0079N3G1,농협베스트제2차 20260116-245-3,N,20260116,20260918,정기예금,KRW,,5000000000,5000000000,190,,A1,A1,,농협은행,자체 신용보강,자체 신용보강,농협은행
73428,농협베스트제2차,KRZF0079NXG1,농협베스트제2차 20260116-245-30,N,20260116,20260918,정기예금,KRW,,5000000000,5000000000,190,,A1,A1,,농협은행,자체 신용보강,자체 신용보강,농협은행
73428,농협베스트제2차,KRZF0079NYG1,농협베스트제2차 20260116-245-31,N,20260116,20260918,정기예금,KRW,,5000000000,5000000000,190,,A1,A1,,농협은행,자체 신용보강,자체 신용보강,농협은행
73428,농협베스트제2차,KRZF0079NZG1,농협베스트제2차 20260116-245-32,N,20260116,20260918,정기예금,KRW,,5000000000,5000000000,190,,A1,A1,,농협은행,자체 신용보강,자체 신용보강,농협은행
73428,농협베스트제2차,KRZF0079N0GD,농협베스트제2차 20260116-245-33,N,20260116,20260918,정기예금,KRW,,5000000000,5000000000,190,,A1,A1,,농협은행,자체 신용보강,자체 신용보강,농협은행
73428,농협베스트제2차,KRZF0079N1GD,농협베스트제2차 20260116-245-34,N,20260116,20260918,정기예금,KRW,,5000000000,5000000000,190,,A1,A1,,농협은행,자체 신용보강,자체 신용보강,농협은행
73428,농협베스트제2차,KRZF0079N2GD,농협베스트제2차 20260116-245-35,N,20260116,20260918,정기예금,KRW,,5000000000,5000000000,190,,A1,A1,,농협은행,자체 신용보강,자체 신용보강,농협은행
73428,농협베스트제2차,KRZF0079N3GD,농협베스트제2차 20260116-245-36,N,20260116,20260918,정기예금,KRW,,5000000000,5000000000,190,,A1,A1,,농협은행,자체 신용보강,자체 신용보강,농협은행
73428,농협베스트제2차,KRZF0079N4GD,농협베스트제2차 20260116-245-37,N,20260116,20260918,정기예금,KRW,,5000000000,5000000000,190,,A1,A1,,농협은행,자체 신용보강,자체 신용보강,농협은행
73428,농협베스트제2차,KRZF0079N5GD,농협베스트제2차 20260116-245-38,N,20260116,20260918,정기예금,KRW,,5000000000,5000000000,190,,A1,A1,,농협은행,자체 신용보강,자체 신용보강,농협은행
73428,농협베스트제2차,KRZF0079N6GD,농협베스트제2차 20260116-245-39,N,20260116,20260918,정기예금,KRW,,5000000000,5000000000,190,,A1,A1,,농협은행,자체 신용보강,자체 신용보강,농협은행
73428,농협베스트제2차,KRZF0079N4G1,농협베스트제2차 20260116-245-4,N,20260116,20260918,정기예금,KRW,,5000000000,5000000000,190,,A1,A1,,농협은행,자체 신용보강,자체 신용보강,농협은행
73428,농협베스트제2차,KRZF0079N7GD,농협베스트제2차 20260116-245-40,N,20260116,20260918,정기예금,KRW,,5000000000,5000000000,190,,A1,A1,,농협은행,자체 신용보강,자체 신용보강,농협은행
73428,농협베스트제2차,KRZF0079N8GD,농협베스트제2차 20260116-245-41,N,20260116,20260918,정기예금,KRW,,5000000000,5000000000,190,,A1,A1,,농협은행,자체 신용보강,자체 신용보강,농협은행
73428,농협베스트제2차,KRZF0079N9GD,농협베스트제2차 20260116-245-42,N,20260116,20260918,정기예금,KRW,,5000000000,5000000000,190,,A1,A1,,농협은행,자체 신용보강,자체 신용보강,농협은행
73428,농협베스트제2차,KRZF0079NAGD,농협베스트제2차 20260116-245-43,N,20260116,20260918,정기예금,KRW,,5000000000,5000000000,190,,A1,A1,,농협은행,자체 신용보강,자체 신용보강,농협은행
73428,농협베스트제2차,KRZF0079NBGD,농협베스트제2차 20260116-245-44,N,20260116,20260918,정기예금,KRW,,5000000000,5000000000,190,,A1,A1,,농협은행,자체 신용보강,자체 신용보강,농협은행
73428,농협베스트제2차,KRZF0079NCGD,농협베스트제2차 20260116-245-45,N,20260116,20260918,정기예금,KRW,,5000000000,5000000000,190,,A1,A1,,농협은행,자체 신용보강,자체 신용보강,농협은행
73428,농협베스트제2차,KRZF0079NDGD,농협베스트제2차 20260116-245-46,N,20260116,20260918,정기예금,KRW,,5000000000,5000000000,190,,A1,A1,,농협은행,자체 신용보강,자체 신용보강,농협은행
73428,농협베스트제2차,KRZF0079NEGD,농협베스트제2차 20260116-245-47,N,20260116,20260918,정기예금,KRW,,5000000000,5000000000,190,,A1,A1,,농협은행,자체 신용보강,자체 신용보강,농협은행
73428,농협베스트제2차,KRZF0079NFGD,농협베스트제2차 20260116-245-48,N,20260116,20260918,정기예금,KRW,,5000000000,5000000000,190,,A1,A1,,농협은행,자체 신용보강,자체 신용보강,농협은행
73428,농협베스트제2차,KRZF0079NGGD,농협베스트제2차 20260116-245-49,N,20260116,20260918,정기예금,KRW,,5000000000,5000000000,190,,A1,A1,,농협은행,자체 신용보강,자체 신용보강,농협은행
73428,농협베스트제2차,KRZF0079N5G1,농협베스트제2차 20260116-245-5,N,20260116,20260918,정기예금,KRW,,5000000000,5000000000,190,,A1,A1,,농협은행,자체 신용보강,자체 신용보강,농협은행
73428,농협베스트제2차,KRZF0079N6G1,농협베스트제2차 20260116-245-6,N,20260116,20260918,정기예금,KRW,,5000000000,5000000000,190,,A1,A1,,농협은행,자체 신용보강,자체 신용보강,농협은행
73428,농협베스트제2차,KRZF0079N7G1,농협베스트제2차 20260116-245-7,N,20260116,20260918,정기예금,KRW,,5000000000,5000000000,190,,A1,A1,,농협은행,자체 신용보강,자체 신용보강,농협은행
73428,농협베스트제2차,KRZF0079N8G1,농협베스트제2차 20260116-245-8,N,20260116,20260918,정기예금,KRW,,5000000000,5000000000,190,,A1,A1,,농협은행,자체 신용보강,자체 신용보강,농협은행
73428,농협베스트제2차,KRZF0079N9G1,농협베스트제2차 20260116-245-9,N,20260116,20260918,정기예금,KRW,,5000000000,5000000000,190,,A1,A1,,농협은행,자체 신용보강,자체 신용보강,농협은행
73420,블루스네이크제삼차,KRZF0005W5G1,블루스네이크제삼차 20260116-364-5,N,20260116,20270115,하이브리드증권,KRW,,5000000000,5000000000,309,A1,A1,,,NH투자증권,자체 신용보강,자체 신용보강,NH투자증권
73420,블루스네이크제삼차,KRZF0005W6G1,블루스네이크제삼차 20260116-364-6,N,20260116,20270115,하이브리드증권,KRW,,5000000000,5000000000,309,A1,A1,,,NH투자증권,자체 신용보강,자체 신용보강,NH투자증권
73420,블루스네이크제삼차,KRZF0005W7G1,블루스네이크제삼차 20260116-364-7,N,20260116,20270115,하이브리드증권,KRW,,5000000000,5000000000,309,A1,A1,,,NH투자증권,자체 신용보강,자체 신용보강,NH투자증권
73420,블루스네이크제삼차,KRZF0005W8G1,블루스네이크제삼차 20260116-364-8,N,20260116,20270115,하이브리드증권,KRW,,5000000000,5000000000,309,A1,A1,,,NH투자증권,자체 신용보강,자체 신용보강,NH투자증권
73394,센티넬지엠제팔차,KRZF0155B1G1,센티넬지엠제팔차 20260116-181-1,Y,20260116,20260716,PF대출채권,KRW,,5000000000,5000000000,126,A1,A1,,,하가구역재개발정비사업조합,외부 신용보강,일반기업,현대건설
73394,센티넬지엠제팔차,KRZF0155B2G1,센티넬지엠제팔차 20260116-181-2,Y,20260116,20260716,PF대출채권,KRW,,5000000000,5000000000,126,A1,A1,,,하가구역재개발정비사업조합,외부 신용보강,일반기업,현대건설
73394,센티넬지엠제팔차,KRZF0155B3G1,센티넬지엠제팔차 20260116-181-3,Y,20260116,20260716,PF대출채권,KRW,,500000000,500000000,126,A1,A1,,,하가구역재개발정비사업조합,외부 신용보강,일반기업,현대건설
73394,센티넬지엠제팔차,KRZF0155B4G1,센티넬지엠제팔차 20260116-181-4,Y,20260116,20260716,PF대출채권,KRW,,30000000,30000000,126,A1,A1,,,하가구역재개발정비사업조합,외부 신용보강,일반기업,현대건설
49586,우리에이치씨제삼차,KRZF368221G1,우리에이치씨제삼차 20260116-90-1,N,20260116,20260416,대출채권,KRW,,5000000000,5000000000,35,,A1,A1,,현대커머셜,외부 신용보강,금융기관,우리은행
49586,우리에이치씨제삼차,KRZF36822AG1,우리에이치씨제삼차 20260116-90-10,N,20260116,20260416,대출채권,KRW,,5000000000,5000000000,35,,A1,A1,,현대커머셜,외부 신용보강,금융기관,우리은행
49586,우리에이치씨제삼차,KRZF368222G1,우리에이치씨제삼차 20260116-90-2,N,20260116,20260416,대출채권,KRW,,5000000000,5000000000,35,,A1,A1,,현대커머셜,외부 신용보강,금융기관,우리은행
49586,우리에이치씨제삼차,KRZF368223G1,우리에이치씨제삼차 20260116-90-3,N,20260116,20260416,대출채권,KRW,,5000000000,5000000000,35,,A1,A1,,현대커머셜,외부 신용보강,금융기관,우리은행
49586,우리에이치씨제삼차,KRZF368224G1,우리에이치씨제삼차 20260116-90-4,N,20260116,20260416,대출채권,KRW,,5000000000,5000000000,35,,A1,A1,,현대커머셜,외부 신용보강,금융기관,우리은행
49586,우리에이치씨제삼차,KRZF368225G1,우리에이치씨제삼차 20260116-90-5,N,20260116,20260416,대출채권,KRW,,5000000000,5000000000,35,,A1,A1,,현대커머셜,외부 신용보강,금융기관,우리은행
49586,우리에이치씨제삼차,KRZF368226G1,우리에이치씨제삼차 20260116-90-6,N,20260116,20260416,대출채권,KRW,,5000000000,5000000000,35,,A1,A1,,현대커머셜,외부 신용보강,금융기관,우리은행
49586,우리에이치씨제삼차,KRZF368227G1,우리에이치씨제삼차 20260116-90-7,N,20260116,20260416,대출채권,KRW,,5000000000,5000000000,35,,A1,A1,,현대커머셜,외부 신용보강,금융기관,우리은행
49586,우리에이치씨제삼차,KRZF368228G1,우리에이치씨제삼차 20260116-90-8,N,20260116,20260416,대출채권,KRW,,5000000000,5000000000,35,,A1,A1,,현대커머셜,외부 신용보강,금융기관,우리은행
49586,우리에이치씨제삼차,KRZF368229G1,우리에이치씨제삼차 20260116-90-9,N,20260116,20260416,대출채권,KRW,,5000000000,5000000000,35,,A1,A1,,현대커머셜,외부 신용보강,금융기관,우리은행
73401,컬티베이션제십일차,KRZFA66631G1,컬티베이션제십일차 20260116-181-1,N,20260116,20260716,매출채권,KRW,,5000000000,5000000000,126,A1,A1,,,엘에스전선,자체 신용보강,자체 신용보강,엘에스전선
73401,컬티베이션제십일차,KRZFA6663AG1,컬티베이션제십일차 20260116-181-10,N,20260116,20260716,매출채권,KRW,,5000000000,5000000000,126,A1,A1,,,엘에스전선,자체 신용보강,자체 신용보강,엘에스전선
73401,컬티베이션제십일차,KRZFA6663BG1,컬티베이션제십일차 20260116-181-11,N,20260116,20260716,매출채권,KRW,,5000000000,5000000000,126,A1,A1,,,엘에스전선,자체 신용보강,자체 신용보강,엘에스전선
73401,컬티베이션제십일차,KRZFA6663CG1,컬티베이션제십일차 20260116-181-12,N,20260116,20260716,매출채권,KRW,,5000000000,5000000000,126,A1,A1,,,엘에스전선,자체 신용보강,자체 신용보강,엘에스전선
73401,컬티베이션제십일차,KRZFA6663DG1,컬티베이션제십일차 20260116-181-13,N,20260116,20260716,매출채권,KRW,,5000000000,5000000000,126,A1,A1,,,엘에스전선,자체 신용보강,자체 신용보강,엘에스전선
73401,컬티베이션제십일차,KRZFA6663EG1,컬티베이션제십일차 20260116-181-14,N,20260116,20260716,매출채권,KRW,,5000000000,5000000000,126,A1,A1,,,엘에스전선,자체 신용보강,자체 신용보강,엘에스전선
73401,컬티베이션제십일차,KRZFA66632G1,컬티베이션제십일차 20260116-181-2,N,20260116,20260716,매출채권,KRW,,5000000000,5000000000,126,A1,A1,,,엘에스전선,자체 신용보강,자체 신용보강,엘에스전선
73401,컬티베이션제십일차,KRZFA66633G1,컬티베이션제십일차 20260116-181-3,N,20260116,20260716,매출채권,KRW,,5000000000,5000000000,126,A1,A1,,,엘에스전선,자체 신용보강,자체 신용보강,엘에스전선
73401,컬티베이션제십일차,KRZFA66634G1,컬티베이션제십일차 20260116-181-4,N,20260116,20260716,매출채권,KRW,,5000000000,5000000000,126,A1,A1,,,엘에스전선,자체 신용보강,자체 신용보강,엘에스전선
73401,컬티베이션제십일차,KRZFA66635G1,컬티베이션제십일차 20260116-181-5,N,20260116,20260716,매출채권,KRW,,5000000000,5000000000,126,A1,A1,,,엘에스전선,자체 신용보강,자체 신용보강,엘에스전선
73401,컬티베이션제십일차,KRZFA66636G1,컬티베이션제십일차 20260116-181-6,N,20260116,20260716,매출채권,KRW,,5000000000,5000000000,126,A1,A1,,,엘에스전선,자체 신용보강,자체 신용보강,엘에스전선
73401,컬티베이션제십일차,KRZFA66637G1,컬티베이션제십일차 20260116-181-7,N,20260116,20260716,매출채권,KRW,,5000000000,5000000000,126,A1,A1,,,엘에스전선,자체 신용보강,자체 신용보강,엘에스전선
73401,컬티베이션제십일차,KRZFA66638G1,컬티베이션제십일차 20260116-181-8,N,20260116,20260716,매출채권,KRW,,5000000000,5000000000,126,A1,A1,,,엘에스전선,자체 신용보강,자체 신용보강,엘에스전선
73401,컬티베이션제십일차,KRZFA66639G1,컬티베이션제십일차 20260116-181-9,N,20260116,20260716,매출채권,KRW,,5000000000,5000000000,126,A1,A1,,,엘에스전선,자체 신용보강,자체 신용보강,엘에스전선
73409,국민넘버원제삼차,KRZFA5064YG1,국민넘버원제삼차 20260115-265-31,N,20260115,20261007,정기예금,KRW,,160000000,160000000,209,,A1,A1,,국민은행,자체 신용보강,자체 신용보강,국민은행
73409,국민넘버원제삼차,KRZFA50641G1,국민넘버원제삼차 20260115-90-1,N,20260115,20260415,정기예금,KRW,,5000000000,5000000000,34,,A1,A1,,국민은행,자체 신용보강,자체 신용보강,국민은행
73409,국민넘버원제삼차,KRZFA5064AG1,국민넘버원제삼차 20260115-90-10,N,20260115,20260415,정기예금,KRW,,5000000000,5000000000,34,,A1,A1,,국민은행,자체 신용보강,자체 신용보강,국민은행
73409,국민넘버원제삼차,KRZFA5064BG1,국민넘버원제삼차 20260115-90-11,N,20260115,20260415,정기예금,KRW,,5000000000,5000000000,34,,A1,A1,,국민은행,자체 신용보강,자체 신용보강,국민은행
73409,국민넘버원제삼차,KRZFA5064CG1,국민넘버원제삼차 20260115-90-12,N,20260115,20260415,정기예금,KRW,,5000000000,5000000000,34,,A1,A1,,국민은행,자체 신용보강,자체 신용보강,국민은행
73409,국민넘버원제삼차,KRZFA5064DG1,국민넘버원제삼차 20260115-90-13,N,20260115,20260415,정기예금,KRW,,5000000000,5000000000,34,,A1,A1,,국민은행,자체 신용보강,자체 신용보강,국민은행
73409,국민넘버원제삼차,KRZFA5064EG1,국민넘버원제삼차 20260115-90-14,N,20260115,20260415,정기예금,KRW,,5000000000,5000000000,34,,A1,A1,,국민은행,자체 신용보강,자체 신용보강,국민은행
73409,국민넘버원제삼차,KRZFA5064FG1,국민넘버원제삼차 20260115-90-15,N,20260115,20260415,정기예금,KRW,,5000000000,5000000000,34,,A1,A1,,국민은행,자체 신용보강,자체 신용보강,국민은행
73409,국민넘버원제삼차,KRZFA5064GG1,국민넘버원제삼차 20260115-90-16,N,20260115,20260415,정기예금,KRW,,5000000000,5000000000,34,,A1,A1,,국민은행,자체 신용보강,자체 신용보강,국민은행
73409,국민넘버원제삼차,KRZFA5064HG1,국민넘버원제삼차 20260115-90-17,N,20260115,20260415,정기예금,KRW,,5000000000,5000000000,34,,A1,A1,,국민은행,자체 신용보강,자체 신용보강,국민은행
73409,국민넘버원제삼차,KRZFA5064JG1,국민넘버원제삼차 20260115-90-18,N,20260115,20260415,정기예금,KRW,,5000000000,5000000000,34,,A1,A1,,국민은행,자체 신용보강,자체 신용보강,국민은행
73409,국민넘버원제삼차,KRZFA5064KG1,국민넘버원제삼차 20260115-90-19,N,20260115,20260415,정기예금,KRW,,5000000000,5000000000,34,,A1,A1,,국민은행,자체 신용보강,자체 신용보강,국민은행
73409,국민넘버원제삼차,KRZFA50642G1,국민넘버원제삼차 20260115-90-2,N,20260115,20260415,정기예금,KRW,,5000000000,5000000000,34,,A1,A1,,국민은행,자체 신용보강,자체 신용보강,국민은행
73409,국민넘버원제삼차,KRZFA5064LG1,국민넘버원제삼차 20260115-90-20,N,20260115,20260415,정기예금,KRW,,5000000000,5000000000,34,,A1,A1,,국민은행,자체 신용보강,자체 신용보강,국민은행
73409,국민넘버원제삼차,KRZFA5064MG1,국민넘버원제삼차 20260115-90-21,N,20260115,20260415,정기예금,KRW,,5000000000,5000000000,34,,A1,A1,,국민은행,자체 신용보강,자체 신용보강,국민은행
73409,국민넘버원제삼차,KRZFA5064NG1,국민넘버원제삼차 20260115-90-22,N,20260115,20260415,정기예금,KRW,,5000000000,5000000000,34,,A1,A1,,국민은행,자체 신용보강,자체 신용보강,국민은행
73409,국민넘버원제삼차,KRZFA5064PG1,국민넘버원제삼차 20260115-90-23,N,20260115,20260415,정기예금,KRW,,5000000000,5000000000,34,,A1,A1,,국민은행,자체 신용보강,자체 신용보강,국민은행
73409,국민넘버원제삼차,KRZFA5064QG1,국민넘버원제삼차 20260115-90-24,N,20260115,20260415,정기예금,KRW,,5000000000,5000000000,34,,A1,A1,,국민은행,자체 신용보강,자체 신용보강,국민은행
73409,국민넘버원제삼차,KRZFA5064RG1,국민넘버원제삼차 20260115-90-25,N,20260115,20260415,정기예금,KRW,,5000000000,5000000000,34,,A1,A1,,국민은행,자체 신용보강,자체 신용보강,국민은행
73409,국민넘버원제삼차,KRZFA5064SG1,국민넘버원제삼차 20260115-90-26,N,20260115,20260415,정기예금,KRW,,5000000000,5000000000,34,,A1,A1,,국민은행,자체 신용보강,자체 신용보강,국민은행
73409,국민넘버원제삼차,KRZFA5064TG1,국민넘버원제삼차 20260115-90-27,N,20260115,20260415,정기예금,KRW,,5000000000,5000000000,34,,A1,A1,,국민은행,자체 신용보강,자체 신용보강,국민은행
73409,국민넘버원제삼차,KRZFA5064VG1,국민넘버원제삼차 20260115-90-28,N,20260115,20260415,정기예금,KRW,,5000000000,5000000000,34,,A1,A1,,국민은행,자체 신용보강,자체 신용보강,국민은행
73409,국민넘버원제삼차,KRZFA5064WG1,국민넘버원제삼차 20260115-90-29,N,20260115,20260415,정기예금,KRW,,5000000000,5000000000,34,,A1,A1,,국민은행,자체 신용보강,자체 신용보강,국민은행
73409,국민넘버원제삼차,KRZFA50643G1,국민넘버원제삼차 20260115-90-3,N,20260115,20260415,정기예금,KRW,,5000000000,5000000000,34,,A1,A1,,국민은행,자체 신용보강,자체 신용보강,국민은행
73409,국민넘버원제삼차,KRZFA5064XG1,국민넘버원제삼차 20260115-90-30,N,20260115,20260415,정기예금,KRW,,5000000000,5000000000,34,,A1,A1,,국민은행,자체 신용보강,자체 신용보강,국민은행
73409,국민넘버원제삼차,KRZFA50644G1,국민넘버원제삼차 20260115-90-4,N,20260115,20260415,정기예금,KRW,,5000000000,5000000000,34,,A1,A1,,국민은행,자체 신용보강,자체 신용보강,국민은행
73409,국민넘버원제삼차,KRZFA50645G1,국민넘버원제삼차 20260115-90-5,N,20260115,20260415,정기예금,KRW,,5000000000,5000000000,34,,A1,A1,,국민은행,자체 신용보강,자체 신용보강,국민은행
73409,국민넘버원제삼차,KRZFA50646G1,국민넘버원제삼차 20260115-90-6,N,20260115,20260415,정기예금,KRW,,5000000000,5000000000,34,,A1,A1,,국민은행,자체 신용보강,자체 신용보강,국민은행
73409,국민넘버원제삼차,KRZFA50647G1,국민넘버원제삼차 20260115-90-7,N,20260115,20260415,정기예금,KRW,,5000000000,5000000000,34,,A1,A1,,국민은행,자체 신용보강,자체 신용보강,국민은행
73409,국민넘버원제삼차,KRZFA50648G1,국민넘버원제삼차 20260115-90-8,N,20260115,20260415,정기예금,KRW,,5000000000,5000000000,34,,A1,A1,,국민은행,자체 신용보강,자체 신용보강,국민은행
73409,국민넘버원제삼차,KRZFA50649G1,국민넘버원제삼차 20260115-90-9,N,20260115,20260415,정기예금,KRW,,5000000000,5000000000,34,,A1,A1,,국민은행,자체 신용보강,자체 신용보강,국민은행
73410,국민베스트제1차,KRZFE006KFG1,국민베스트제1차 20260115-266-147,N,20260115,20261008,정기예금,KRW,,237000000,237000000,210,A1,A1,,,국민은행,자체 신용보강,자체 신용보강,국민은행
73410,국민베스트제1차,KRZFA006K1GD,국민베스트제1차 20260115-82-100,N,20260115,20260407,정기예금,KRW,,5000000000,5000000000,26,A1,A1,,,국민은행,자체 신용보강,자체 신용보강,국민은행
73410,국민베스트제1차,KRZFA006K2GD,국민베스트제1차 20260115-82-101,N,20260115,20260407,정기예금,KRW,,5000000000,5000000000,26,A1,A1,,,국민은행,자체 신용보강,자체 신용보강,국민은행
73410,국민베스트제1차,KRZFA006K3GD,국민베스트제1차 20260115-82-102,N,20260115,20260407,정기예금,KRW,,5000000000,5000000000,26,A1,A1,,,국민은행,자체 신용보강,자체 신용보강,국민은행
73410,국민베스트제1차,KRZFA006K4GD,국민베스트제1차 20260115-82-103,N,20260115,20260407,정기예금,KRW,,5000000000,5000000000,26,A1,A1,,,국민은행,자체 신용보강,자체 신용보강,국민은행
73410,국민베스트제1차,KRZFA006K5GD,국민베스트제1차 20260115-82-104,N,20260115,20260407,정기예금,KRW,,5000000000,5000000000,26,A1,A1,,,국민은행,자체 신용보강,자체 신용보강,국민은행
73410,국민베스트제1차,KRZFA006K6GD,국민베스트제1차 20260115-82-105,N,20260115,20260407,정기예금,KRW,,5000000000,5000000000,26,A1,A1,,,국민은행,자체 신용보강,자체 신용보강,국민은행
73410,국민베스트제1차,KRZFA006K7GD,국민베스트제1차 20260115-82-106,N,20260115,20260407,정기예금,KRW,,5000000000,5000000000,26,A1,A1,,,국민은행,자체 신용보강,자체 신용보강,국민은행
73410,국민베스트제1차,KRZFA006K8GD,국민베스트제1차 20260115-82-107,N,20260115,20260407,정기예금,KRW,,5000000000,5000000000,26,A1,A1,,,국민은행,자체 신용보강,자체 신용보강,국민은행
73410,국민베스트제1차,KRZFA006K9GD,국민베스트제1차 20260115-82-108,N,20260115,20260407,정기예금,KRW,,5000000000,5000000000,26,A1,A1,,,국민은행,자체 신용보강,자체 신용보강,국민은행
73410,국민베스트제1차,KRZFA006KAGD,국민베스트제1차 20260115-82-109,N,20260115,20260407,정기예금,KRW,,5000000000,5000000000,26,A1,A1,,,국민은행,자체 신용보강,자체 신용보강,국민은행
73410,국민베스트제1차,KRZFA006KBGD,국민베스트제1차 20260115-82-110,N,20260115,20260407,정기예금,KRW,,5000000000,5000000000,26,A1,A1,,,국민은행,자체 신용보강,자체 신용보강,국민은행
73410,국민베스트제1차,KRZFA006KCGD,국민베스트제1차 20260115-82-111,N,20260115,20260407,정기예금,KRW,,5000000000,5000000000,26,A1,A1,,,국민은행,자체 신용보강,자체 신용보강,국민은행
73410,국민베스트제1차,KRZFA006KDGD,국민베스트제1차 20260115-82-112,N,20260115,20260407,정기예금,KRW,,5000000000,5000000000,26,A1,A1,,,국민은행,자체 신용보강,자체 신용보강,국민은행
73410,국민베스트제1차,KRZFA006KEGD,국민베스트제1차 20260115-82-113,N,20260115,20260407,정기예금,KRW,,5000000000,5000000000,26,A1,A1,,,국민은행,자체 신용보강,자체 신용보강,국민은행
73410,국민베스트제1차,KRZFA006KFGD,국민베스트제1차 20260115-82-114,N,20260115,20260407,정기예금,KRW,,5000000000,5000000000,26,A1,A1,,,국민은행,자체 신용보강,자체 신용보강,국민은행
73410,국민베스트제1차,KRZFA006KGGD,국민베스트제1차 20260115-82-115,N,20260115,20260407,정기예금,KRW,,5000000000,5000000000,26,A1,A1,,,국민은행,자체 신용보강,자체 신용보강,국민은행
73410,국민베스트제1차,KRZFA006KHGD,국민베스트제1차 20260115-82-116,N,20260115,20260407,정기예금,KRW,,5000000000,5000000000,26,A1,A1,,,국민은행,자체 신용보강,자체 신용보강,국민은행
73410,국민베스트제1차,KRZFA006KJGD,국민베스트제1차 20260115-82-117,N,20260115,20260407,정기예금,KRW,,5000000000,5000000000,26,A1,A1,,,국민은행,자체 신용보강,자체 신용보강,국민은행
73410,국민베스트제1차,KRZFA006KKGD,국민베스트제1차 20260115-82-118,N,20260115,20260407,정기예금,KRW,,5000000000,5000000000,26,A1,A1,,,국민은행,자체 신용보강,자체 신용보강,국민은행
73410,국민베스트제1차,KRZFA006KLGD,국민베스트제1차 20260115-82-119,N,20260115,20260407,정기예금,KRW,,5000000000,5000000000,26,A1,A1,,,국민은행,자체 신용보강,자체 신용보강,국민은행
73410,국민베스트제1차,KRZFA006KMGD,국민베스트제1차 20260115-82-120,N,20260115,20260407,정기예금,KRW,,5000000000,5000000000,26,A1,A1,,,국민은행,자체 신용보강,자체 신용보강,국민은행
73410,국민베스트제1차,KRZFA006KNGD,국민베스트제1차 20260115-82-121,N,20260115,20260407,정기예금,KRW,,5000000000,5000000000,26,A1,A1,,,국민은행,자체 신용보강,자체 신용보강,국민은행
73410,국민베스트제1차,KRZFA006KPGD,국민베스트제1차 20260115-82-122,N,20260115,20260407,정기예금,KRW,,5000000000,5000000000,26,A1,A1,,,국민은행,자체 신용보강,자체 신용보강,국민은행
73410,국민베스트제1차,KRZFA006KQGD,국민베스트제1차 20260115-82-123,N,20260115,20260407,정기예금,KRW,,5000000000,5000000000,26,A1,A1,,,국민은행,자체 신용보강,자체 신용보강,국민은행
73410,국민베스트제1차,KRZFA006KRGD,국민베스트제1차 20260115-82-124,N,20260115,20260407,정기예금,KRW,,5000000000,5000000000,26,A1,A1,,,국민은행,자체 신용보강,자체 신용보강,국민은행
73410,국민베스트제1차,KRZFA006KSGD,국민베스트제1차 20260115-82-125,N,20260115,20260407,정기예금,KRW,,5000000000,5000000000,26,A1,A1,,,국민은행,자체 신용보강,자체 신용보강,국민은행
73410,국민베스트제1차,KRZFA006KTGD,국민베스트제1차 20260115-82-126,N,20260115,20260407,정기예금,KRW,,5000000000,5000000000,26,A1,A1,,,국민은행,자체 신용보강,자체 신용보강,국민은행
73410,국민베스트제1차,KRZFA006KVGD,국민베스트제1차 20260115-82-127,N,20260115,20260407,정기예금,KRW,,5000000000,5000000000,26,A1,A1,,,국민은행,자체 신용보강,자체 신용보강,국민은행
73410,국민베스트제1차,KRZFA006KWGD,국민베스트제1차 20260115-82-128,N,20260115,20260407,정기예금,KRW,,5000000000,5000000000,26,A1,A1,,,국민은행,자체 신용보강,자체 신용보강,국민은행
73410,국민베스트제1차,KRZFA006KXGD,국민베스트제1차 20260115-82-129,N,20260115,20260407,정기예금,KRW,,5000000000,5000000000,26,A1,A1,,,국민은행,자체 신용보강,자체 신용보강,국민은행
73410,국민베스트제1차,KRZFA006KYGD,국민베스트제1차 20260115-82-130,N,20260115,20260407,정기예금,KRW,,5000000000,5000000000,26,A1,A1,,,국민은행,자체 신용보강,자체 신용보강,국민은행
73410,국민베스트제1차,KRZFA006KZGD,국민베스트제1차 20260115-82-131,N,20260115,20260407,정기예금,KRW,,5000000000,5000000000,26,A1,A1,,,국민은행,자체 신용보강,자체 신용보강,국민은행
73410,국민베스트제1차,KRZFE006K0G1,국민베스트제1차 20260115-82-132,N,20260115,20260407,정기예금,KRW,,5000000000,5000000000,26,A1,A1,,,국민은행,자체 신용보강,자체 신용보강,국민은행
73410,국민베스트제1차,KRZFE006K1G1,국민베스트제1차 20260115-82-133,N,20260115,20260407,정기예금,KRW,,5000000000,5000000000,26,A1,A1,,,국민은행,자체 신용보강,자체 신용보강,국민은행
73410,국민베스트제1차,KRZFE006K2G1,국민베스트제1차 20260115-82-134,N,20260115,20260407,정기예금,KRW,,5000000000,5000000000,26,A1,A1,,,국민은행,자체 신용보강,자체 신용보강,국민은행
73410,국민베스트제1차,KRZFA006K0GD,국민베스트제1차 20260115-82-99,N,20260115,20260407,정기예금,KRW,,5000000000,5000000000,26,A1,A1,,,국민은행,자체 신용보강,자체 신용보강,국민은행
73410,국민베스트제1차,KRZFE006K3G1,국민베스트제1차 20260115-90-135,N,20260115,20260415,정기예금,KRW,,5000000000,5000000000,34,A1,A1,,,국민은행,자체 신용보강,자체 신용보강,국민은행
73410,국민베스트제1차,KRZFE006K4G1,국민베스트제1차 20260115-90-136,N,20260115,20260415,정기예금,KRW,,5000000000,5000000000,34,A1,A1,,,국민은행,자체 신용보강,자체 신용보강,국민은행
73410,국민베스트제1차,KRZFE006K5G1,국민베스트제1차 20260115-90-137,N,20260115,20260415,정기예금,KRW,,5000000000,5000000000,34,A1,A1,,,국민은행,자체 신용보강,자체 신용보강,국민은행
73410,국민베스트제1차,KRZFE006K6G1,국민베스트제1차 20260115-90-138,N,20260115,20260415,정기예금,KRW,,5000000000,5000000000,34,A1,A1,,,국민은행,자체 신용보강,자체 신용보강,국민은행
73410,국민베스트제1차,KRZFE006K7G1,국민베스트제1차 20260115-90-139,N,20260115,20260415,정기예금,KRW,,5000000000,5000000000,34,A1,A1,,,국민은행,자체 신용보강,자체 신용보강,국민은행
73410,국민베스트제1차,KRZFE006K8G1,국민베스트제1차 20260115-90-140,N,20260115,20260415,정기예금,KRW,,5000000000,5000000000,34,A1,A1,,,국민은행,자체 신용보강,자체 신용보강,국민은행
73410,국민베스트제1차,KRZFE006K9G1,국민베스트제1차 20260115-90-141,N,20260115,20260415,정기예금,KRW,,5000000000,5000000000,34,A1,A1,,,국민은행,자체 신용보강,자체 신용보강,국민은행
73410,국민베스트제1차,KRZFE006KAG1,국민베스트제1차 20260115-90-142,N,20260115,20260415,정기예금,KRW,,5000000000,5000000000,34,A1,A1,,,국민은행,자체 신용보강,자체 신용보강,국민은행
73410,국민베스트제1차,KRZFE006KBG1,국민베스트제1차 20260115-90-143,N,20260115,20260415,정기예금,KRW,,5000000000,5000000000,34,A1,A1,,,국민은행,자체 신용보강,자체 신용보강,국민은행
73410,국민베스트제1차,KRZFE006KCG1,국민베스트제1차 20260115-90-144,N,20260115,20260415,정기예금,KRW,,5000000000,5000000000,34,A1,A1,,,국민은행,자체 신용보강,자체 신용보강,국민은행
73410,국민베스트제1차,KRZFE006KDG1,국민베스트제1차 20260115-90-145,N,20260115,20260415,정기예금,KRW,,5000000000,5000000000,34,A1,A1,,,국민은행,자체 신용보강,자체 신용보강,국민은행
73410,국민베스트제1차,KRZFE006KEG1,국민베스트제1차 20260115-90-146,N,20260115,20260415,정기예금,KRW,,5000000000,5000000000,34,A1,A1,,,국민은행,자체 신용보강,자체 신용보강,국민은행
69929,글로벌솔루션제구차,KRZF324681G1,글로벌솔루션제구차 20260115-36-1,N,20260115,20260220,수익증권,KRW,,10000000000,10000000000,0,,A1,A1,,메리츠자산운용,외부 신용보강,금융기관,신한투자증권(주)
69929,글로벌솔루션제구차,KRZF324682G1,글로벌솔루션제구차 20260115-36-2,N,20260115,20260220,수익증권,KRW,,10000000000,10000000000,0,,A1,A1,,메리츠자산운용,외부 신용보강,금융기관,신한투자증권(주)
69929,글로벌솔루션제구차,KRZF324683G1,글로벌솔루션제구차 20260115-36-3,N,20260115,20260220,수익증권,KRW,,10000000000,10000000000,0,,A1,A1,,메리츠자산운용,외부 신용보강,금융기관,신한투자증권(주)
69929,글로벌솔루션제구차,KRZF324684G1,글로벌솔루션제구차 20260115-36-4,N,20260115,20260220,수익증권,KRW,,8000000000,8000000000,0,,A1,A1,,메리츠자산운용,외부 신용보강,금융기관,신한투자증권(주)
73387,디비엠비피제십차,KRZF0112VDG1,디비엠비피제십차 20260115-181-13,N,20260115,20260715,매출채권,KRW,,5000000000,5000000000,125,,A1,A1,,현대카드,자체 신용보강,자체 신용보강,한화솔루션
73387,디비엠비피제십차,KRZF0112VEG1,디비엠비피제십차 20260115-181-14,N,20260115,20260715,매출채권,KRW,,5000000000,5000000000,125,,A1,A1,,현대카드,자체 신용보강,자체 신용보강,한화솔루션
73387,디비엠비피제십차,KRZF0112VFG1,디비엠비피제십차 20260115-181-15,N,20260115,20260715,매출채권,KRW,,5000000000,5000000000,125,,A1,A1,,현대카드,자체 신용보강,자체 신용보강,한화솔루션
73387,디비엠비피제십차,KRZF0112VGG1,디비엠비피제십차 20260115-181-16,N,20260115,20260715,매출채권,KRW,,5000000000,5000000000,125,,A1,A1,,현대카드,자체 신용보강,자체 신용보강,한화솔루션
73387,디비엠비피제십차,KRZF0112VHG1,디비엠비피제십차 20260115-181-17,N,20260115,20260715,매출채권,KRW,,5000000000,5000000000,125,,A1,A1,,현대카드,자체 신용보강,자체 신용보강,한화솔루션
73387,디비엠비피제십차,KRZF0112VJG1,디비엠비피제십차 20260115-181-18,N,20260115,20260715,매출채권,KRW,,5000000000,5000000000,125,,A1,A1,,현대카드,자체 신용보강,자체 신용보강,한화솔루션
73387,디비엠비피제십차,KRZF0112VKG1,디비엠비피제십차 20260115-181-19,N,20260115,20260715,매출채권,KRW,,5000000000,5000000000,125,,A1,A1,,현대카드,자체 신용보강,자체 신용보강,한화솔루션
73387,디비엠비피제십차,KRZF0112VLG1,디비엠비피제십차 20260115-181-20,N,20260115,20260715,매출채권,KRW,,5000000000,5000000000,125,,A1,A1,,현대카드,자체 신용보강,자체 신용보강,한화솔루션
73387,디비엠비피제십차,KRZF0112VMG1,디비엠비피제십차 20260115-181-21,N,20260115,20260715,매출채권,KRW,,5000000000,5000000000,125,,A1,A1,,현대카드,자체 신용보강,자체 신용보강,한화솔루션
73387,디비엠비피제십차,KRZF0112VNG1,디비엠비피제십차 20260115-181-22,N,20260115,20260715,매출채권,KRW,,5000000000,5000000000,125,,A1,A1,,현대카드,자체 신용보강,자체 신용보강,한화솔루션
73387,디비엠비피제십차,KRZF0112VPG1,디비엠비피제십차 20260115-181-23,N,20260115,20260715,매출채권,KRW,,5000000000,5000000000,125,,A1,A1,,현대카드,자체 신용보강,자체 신용보강,한화솔루션
73387,디비엠비피제십차,KRZF0112VQG1,디비엠비피제십차 20260115-181-24,N,20260115,20260715,매출채권,KRW,,5000000000,5000000000,125,,A1,A1,,현대카드,자체 신용보강,자체 신용보강,한화솔루션
73387,디비엠비피제십차,KRZF0112VRG1,디비엠비피제십차 20260115-181-25,N,20260115,20260715,매출채권,KRW,,5000000000,5000000000,125,,A1,A1,,현대카드,자체 신용보강,자체 신용보강,한화솔루션
73387,디비엠비피제십차,KRZF0112VSG1,디비엠비피제십차 20260115-181-26,N,20260115,20260715,매출채권,KRW,,5000000000,5000000000,125,,A1,A1,,현대카드,자체 신용보강,자체 신용보강,한화솔루션
73387,디비엠비피제십차,KRZF0112VTG1,디비엠비피제십차 20260115-181-27,N,20260115,20260715,매출채권,KRW,,5000000000,5000000000,125,,A1,A1,,현대카드,자체 신용보강,자체 신용보강,한화솔루션
73387,디비엠비피제십차,KRZF0112VVG1,디비엠비피제십차 20260115-181-28,N,20260115,20260715,매출채권,KRW,,5000000000,5000000000,125,,A1,A1,,현대카드,자체 신용보강,자체 신용보강,한화솔루션
73387,디비엠비피제십차,KRZF0112VWG1,디비엠비피제십차 20260115-181-29,N,20260115,20260715,매출채권,KRW,,5000000000,5000000000,125,,A1,A1,,현대카드,자체 신용보강,자체 신용보강,한화솔루션
73387,디비엠비피제십차,KRZF0112VXG1,디비엠비피제십차 20260115-181-30,N,20260115,20260715,매출채권,KRW,,5000000000,5000000000,125,,A1,A1,,현대카드,자체 신용보강,자체 신용보강,한화솔루션
73387,디비엠비피제십차,KRZF0112VYG1,디비엠비피제십차 20260115-181-31,N,20260115,20260715,매출채권,KRW,,5000000000,5000000000,125,,A1,A1,,현대카드,자체 신용보강,자체 신용보강,한화솔루션
73387,디비엠비피제십차,KRZF0112VZG1,디비엠비피제십차 20260115-181-32,N,20260115,20260715,매출채권,KRW,,5000000000,5000000000,125,,A1,A1,,현대카드,자체 신용보강,자체 신용보강,한화솔루션
73387,디비엠비피제십차,KRZF0112V0GD,디비엠비피제십차 20260115-181-33,N,20260115,20260715,매출채권,KRW,,5000000000,5000000000,125,,A1,A1,,현대카드,자체 신용보강,자체 신용보강,한화솔루션
73387,디비엠비피제십차,KRZF0112V1GD,디비엠비피제십차 20260115-181-34,N,20260115,20260715,매출채권,KRW,,4500000000,4500000000,125,,A1,A1,,현대카드,자체 신용보강,자체 신용보강,한화솔루션
65025,리치게이트방배,KRZFA78801G1,리치게이트방배 20260115-60-1,Y,20260115,20260316,PF대출채권,KRW,,328207913,328207913,4,A1,,A1,,방배삼호아파트12동 13동가로주택정비사업조합,차환발행위험(유동성 공여형 매입약정),금융기관,신한은행
73398,비엔케이썸제이십사차,KRZF0048R1G1,비엔케이썸제이십사차 20260115-196-1,Y,20260115,20260730,PF대출채권,KRW,,110000000,110000000,140,A1,A1,,,투에스제구차(주),외부 신용보강,일반기업,현대건설
73398,비엔케이썸제이십사차,KRZF0048R1G1,비엔케이썸제이십사차 20260115-196-1,Y,20260115,20260730,PF대출채권,KRW,,110000000,110000000,140,A1,A1,,,투에스제구차(주),자체 신용보강,자체 신용보강,세금환급(국세및지방세등)
62376,슈프림제이십사차유동화전문,KRZFA62921G1,슈프림제이십사차유동화전문 20260115-90-1,N,20260115,20260415,매출채권,KRW,,15000000000,15000000000,34,A1,,A1,,롯데카드,차환발행위험(유동성 공여형 매입약정),금융기관,국민은행
62376,슈프림제이십사차유동화전문,KRZFA6292AG1,슈프림제이십사차유동화전문 20260115-90-10,N,20260115,20260415,매출채권,KRW,,5000000000,5000000000,34,A1,,A1,,롯데카드,차환발행위험(유동성 공여형 매입약정),금융기관,국민은행
62376,슈프림제이십사차유동화전문,KRZFA6292BG1,슈프림제이십사차유동화전문 20260115-90-11,N,20260115,20260415,매출채권,KRW,,5000000000,5000000000,34,A1,,A1,,롯데카드,차환발행위험(유동성 공여형 매입약정),금융기관,국민은행
62376,슈프림제이십사차유동화전문,KRZFA6292CG1,슈프림제이십사차유동화전문 20260115-90-12,N,20260115,20260415,매출채권,KRW,,10000000000,10000000000,34,A1,,A1,,롯데카드,차환발행위험(유동성 공여형 매입약정),금융기관,국민은행
62376,슈프림제이십사차유동화전문,KRZFA6292DG1,슈프림제이십사차유동화전문 20260115-90-13,N,20260115,20260415,매출채권,KRW,,5000000000,5000000000,34,A1,,A1,,롯데카드,차환발행위험(유동성 공여형 매입약정),금융기관,국민은행
62376,슈프림제이십사차유동화전문,KRZFA6292EG1,슈프림제이십사차유동화전문 20260115-90-14,N,20260115,20260415,매출채권,KRW,,5000000000,5000000000,34,A1,,A1,,롯데카드,차환발행위험(유동성 공여형 매입약정),금융기관,국민은행
62376,슈프림제이십사차유동화전문,KRZFA62922G1,슈프림제이십사차유동화전문 20260115-90-2,N,20260115,20260415,매출채권,KRW,,10000000000,10000000000,34,A1,,A1,,롯데카드,차환발행위험(유동성 공여형 매입약정),금융기관,국민은행
62376,슈프림제이십사차유동화전문,KRZFA62923G1,슈프림제이십사차유동화전문 20260115-90-3,N,20260115,20260415,매출채권,KRW,,10000000000,10000000000,34,A1,,A1,,롯데카드,차환발행위험(유동성 공여형 매입약정),금융기관,국민은행
62376,슈프림제이십사차유동화전문,KRZFA62924G1,슈프림제이십사차유동화전문 20260115-90-4,N,20260115,20260415,매출채권,KRW,,5000000000,5000000000,34,A1,,A1,,롯데카드,차환발행위험(유동성 공여형 매입약정),금융기관,국민은행
62376,슈프림제이십사차유동화전문,KRZFA62925G1,슈프림제이십사차유동화전문 20260115-90-5,N,20260115,20260415,매출채권,KRW,,5000000000,5000000000,34,A1,,A1,,롯데카드,차환발행위험(유동성 공여형 매입약정),금융기관,국민은행
62376,슈프림제이십사차유동화전문,KRZFA62926G1,슈프림제이십사차유동화전문 20260115-90-6,N,20260115,20260415,매출채권,KRW,,5000000000,5000000000,34,A1,,A1,,롯데카드,차환발행위험(유동성 공여형 매입약정),금융기관,국민은행
62376,슈프림제이십사차유동화전문,KRZFA62927G1,슈프림제이십사차유동화전문 20260115-90-7,N,20260115,20260415,매출채권,KRW,,5000000000,5000000000,34,A1,,A1,,롯데카드,차환발행위험(유동성 공여형 매입약정),금융기관,국민은행
62376,슈프림제이십사차유동화전문,KRZFA62928G1,슈프림제이십사차유동화전문 20260115-90-8,N,20260115,20260415,매출채권,KRW,,10000000000,10000000000,34,A1,,A1,,롯데카드,차환발행위험(유동성 공여형 매입약정),금융기관,국민은행
62376,슈프림제이십사차유동화전문,KRZFA62929G1,슈프림제이십사차유동화전문 20260115-90-9,N,20260115,20260415,매출채권,KRW,,5000000000,5000000000,34,A1,,A1,,롯데카드,차환발행위험(유동성 공여형 매입약정),금융기관,국민은행
67448,에스프로젝트이노,KRZFA92241G1,에스프로젝트이노 20260115-90-1,N,20260115,20260415,주식,KRW,,10000000000,10000000000,34,,A1,A1,,에스케이온(주),외부 신용보강,금융기관,신한은행
67448,에스프로젝트이노,KRZFA9224AG1,에스프로젝트이노 20260115-90-10,N,20260115,20260415,주식,KRW,,10000000000,10000000000,34,,A1,A1,,에스케이온(주),외부 신용보강,금융기관,신한은행
67448,에스프로젝트이노,KRZFA9224BG1,에스프로젝트이노 20260115-90-11,N,20260115,20260415,주식,KRW,,10000000000,10000000000,34,,A1,A1,,에스케이온(주),외부 신용보강,금융기관,신한은행
67448,에스프로젝트이노,KRZFA9224CG1,에스프로젝트이노 20260115-90-12,N,20260115,20260415,주식,KRW,,10000000000,10000000000,34,,A1,A1,,에스케이온(주),외부 신용보강,금융기관,신한은행
67448,에스프로젝트이노,KRZFA9224DG1,에스프로젝트이노 20260115-90-13,N,20260115,20260415,주식,KRW,,10000000000,10000000000,34,,A1,A1,,에스케이온(주),외부 신용보강,금융기관,신한은행
67448,에스프로젝트이노,KRZFA9224EG1,에스프로젝트이노 20260115-90-14,N,20260115,20260415,주식,KRW,,10000000000,10000000000,34,,A1,A1,,에스케이온(주),외부 신용보강,금융기관,신한은행
67448,에스프로젝트이노,KRZFA9224FG1,에스프로젝트이노 20260115-90-15,N,20260115,20260415,주식,KRW,,10000000000,10000000000,34,,A1,A1,,에스케이온(주),외부 신용보강,금융기관,신한은행
67448,에스프로젝트이노,KRZFA9224GG1,에스프로젝트이노 20260115-90-16,N,20260115,20260415,주식,KRW,,10000000000,10000000000,34,,A1,A1,,에스케이온(주),외부 신용보강,금융기관,신한은행
67448,에스프로젝트이노,KRZFA9224HG1,에스프로젝트이노 20260115-90-17,N,20260115,20260415,주식,KRW,,10000000000,10000000000,34,,A1,A1,,에스케이온(주),외부 신용보강,금융기관,신한은행
67448,에스프로젝트이노,KRZFA9224JG1,에스프로젝트이노 20260115-90-18,N,20260115,20260415,주식,KRW,,10000000000,10000000000,34,,A1,A1,,에스케이온(주),외부 신용보강,금융기관,신한은행
67448,에스프로젝트이노,KRZFA9224KG1,에스프로젝트이노 20260115-90-19,N,20260115,20260415,주식,KRW,,10000000000,10000000000,34,,A1,A1,,에스케이온(주),외부 신용보강,금융기관,신한은행
67448,에스프로젝트이노,KRZFA92242G1,에스프로젝트이노 20260115-90-2,N,20260115,20260415,주식,KRW,,10000000000,10000000000,34,,A1,A1,,에스케이온(주),외부 신용보강,금융기관,신한은행
67448,에스프로젝트이노,KRZFA9224LG1,에스프로젝트이노 20260115-90-20,N,20260115,20260415,주식,KRW,,9999978599,9999978599,34,,A1,A1,,에스케이온(주),외부 신용보강,금융기관,신한은행
67448,에스프로젝트이노,KRZFA9224MG1,에스프로젝트이노 20260115-90-21,N,20260115,20260415,주식,KRW,,1000000000,1000000000,34,,A1,A1,,에스케이온(주),외부 신용보강,금융기관,신한은행
67448,에스프로젝트이노,KRZFA9224NG1,에스프로젝트이노 20260115-90-22,N,20260115,20260415,주식,KRW,,1000000000,1000000000,34,,A1,A1,,에스케이온(주),외부 신용보강,금융기관,신한은행
67448,에스프로젝트이노,KRZFA9224PG1,에스프로젝트이노 20260115-90-23,N,20260115,20260415,주식,KRW,,10000000000,10000000000,34,,A1,A1,,에스케이온(주),외부 신용보강,금융기관,신한은행
67448,에스프로젝트이노,KRZFA9224QG1,에스프로젝트이노 20260115-90-24,N,20260115,20260415,주식,KRW,,1000000000,1000000000,34,,A1,A1,,에스케이온(주),외부 신용보강,금융기관,신한은행
67448,에스프로젝트이노,KRZFA9224RG1,에스프로젝트이노 20260115-90-25,N,20260115,20260415,주식,KRW,,1000000000,1000000000,34,,A1,A1,,에스케이온(주),외부 신용보강,금융기관,신한은행
67448,에스프로젝트이노,KRZFA9224SG1,에스프로젝트이노 20260115-90-26,N,20260115,20260415,주식,KRW,,5000000000,5000000000,34,,A1,A1,,에스케이온(주),외부 신용보강,금융기관,신한은행
67448,에스프로젝트이노,KRZFA9224TG1,에스프로젝트이노 20260115-90-27,N,20260115,20260415,주식,KRW,,5000000000,5000000000,34,,A1,A1,,에스케이온(주),외부 신용보강,금융기관,신한은행
67448,에스프로젝트이노,KRZFA9224VG1,에스프로젝트이노 20260115-90-28,N,20260115,20260415,주식,KRW,,5000000000,5000000000,34,,A1,A1,,에스케이온(주),외부 신용보강,금융기관,신한은행
67448,에스프로젝트이노,KRZFA9224WG1,에스프로젝트이노 20260115-90-29,N,20260115,20260415,주식,KRW,,5000000000,5000000000,34,,A1,A1,,에스케이온(주),외부 신용보강,금융기관,신한은행
67448,에스프로젝트이노,KRZFA92243G1,에스프로젝트이노 20260115-90-3,N,20260115,20260415,주식,KRW,,10000000000,10000000000,34,,A1,A1,,에스케이온(주),외부 신용보강,금융기관,신한은행
67448,에스프로젝트이노,KRZFA9224XG1,에스프로젝트이노 20260115-90-30,N,20260115,20260415,주식,KRW,,5000000000,5000000000,34,,A1,A1,,에스케이온(주),외부 신용보강,금융기관,신한은행
67448,에스프로젝트이노,KRZFA9224YG1,에스프로젝트이노 20260115-90-31,N,20260115,20260415,주식,KRW,,10000000000,10000000000,34,,A1,A1,,에스케이온(주),외부 신용보강,금융기관,신한은행
67448,에스프로젝트이노,KRZFA9224ZG1,에스프로젝트이노 20260115-90-32,N,20260115,20260415,주식,KRW,,20000000000,20000000000,34,,A1,A1,,에스케이온(주),외부 신용보강,금융기관,신한은행
67448,에스프로젝트이노,KRZFA92240GD,에스프로젝트이노 20260115-90-33,N,20260115,20260415,주식,KRW,,1000000000,1000000000,34,,A1,A1,,에스케이온(주),외부 신용보강,금융기관,신한은행
67448,에스프로젝트이노,KRZFA92244G1,에스프로젝트이노 20260115-90-4,N,20260115,20260415,주식,KRW,,10000000000,10000000000,34,,A1,A1,,에스케이온(주),외부 신용보강,금융기관,신한은행
67448,에스프로젝트이노,KRZFA92245G1,에스프로젝트이노 20260115-90-5,N,20260115,20260415,주식,KRW,,10000000000,10000000000,34,,A1,A1,,에스케이온(주),외부 신용보강,금융기관,신한은행
67448,에스프로젝트이노,KRZFA92246G1,에스프로젝트이노 20260115-90-6,N,20260115,20260415,주식,KRW,,10000000000,10000000000,34,,A1,A1,,에스케이온(주),외부 신용보강,금융기관,신한은행
67448,에스프로젝트이노,KRZFA92247G1,에스프로젝트이노 20260115-90-7,N,20260115,20260415,주식,KRW,,10000000000,10000000000,34,,A1,A1,,에스케이온(주),외부 신용보강,금융기관,신한은행
67448,에스프로젝트이노,KRZFA92248G1,에스프로젝트이노 20260115-90-8,N,20260115,20260415,주식,KRW,,10000000000,10000000000,34,,A1,A1,,에스케이온(주),외부 신용보강,금융기관,신한은행
67448,에스프로젝트이노,KRZFA92249G1,에스프로젝트이노 20260115-90-9,N,20260115,20260415,주식,KRW,,10000000000,10000000000,34,,A1,A1,,에스케이온(주),외부 신용보강,금융기관,신한은행
73405,유포리아제십차,KRZFA68541G1,유포리아제십차 20260115-181-1,N,20260115,20260715,신용파생,KRW,,5000000000,5000000000,125,A1,,A1,,메리츠캐피탈,외부 신용보강,금융기관,메리츠증권
73405,유포리아제십차,KRZFA68542G1,유포리아제십차 20260115-181-2,N,20260115,20260715,신용파생,KRW,,5000000000,5000000000,125,A1,,A1,,메리츠캐피탈,외부 신용보강,금융기관,메리츠증권
73405,유포리아제십차,KRZFA68543G1,유포리아제십차 20260115-181-3,N,20260115,20260715,신용파생,KRW,,1700000000,1700000000,125,A1,,A1,,메리츠캐피탈,외부 신용보강,금융기관,메리츠증권
64454,케이제이비제일차,KRZFA60011G1,케이제이비제일차 20260115-181-1,Y,20260115,20260715,PF대출채권,KRW,,5000000000,5000000000,125,A1,,A1,,김해지내불암지역주택조합,차환발행위험(유동성 공여형 매입약정),금융기관,메리츠증권
64454,케이제이비제일차,KRZFA60012G1,케이제이비제일차 20260115-181-2,Y,20260115,20260715,PF대출채권,KRW,,5000000000,5000000000,125,A1,,A1,,김해지내불암지역주택조합,차환발행위험(유동성 공여형 매입약정),금융기관,메리츠증권
64454,케이제이비제일차,KRZFA60013G1,케이제이비제일차 20260115-181-3,Y,20260115,20260715,PF대출채권,KRW,,4500000000,4500000000,125,A1,,A1,,김해지내불암지역주택조합,차환발행위험(유동성 공여형 매입약정),금융기관,메리츠증권
73393,국민베스트제1차,KRZF0006KYGD,국민베스트제1차 20260114-100-64,N,20260114,20260424,정기예금,KRW,,5000000000,5000000000,43,A1,A1,,,국민은행,자체 신용보강,자체 신용보강,국민은행
73393,국민베스트제1차,KRZF0006KZGD,국민베스트제1차 20260114-100-65,N,20260114,20260424,정기예금,KRW,,5000000000,5000000000,43,A1,A1,,,국민은행,자체 신용보강,자체 신용보강,국민은행
73393,국민베스트제1차,KRZFA006K0G1,국민베스트제1차 20260114-100-66,N,20260114,20260424,정기예금,KRW,,5000000000,5000000000,43,A1,A1,,,국민은행,자체 신용보강,자체 신용보강,국민은행
73393,국민베스트제1차,KRZFA006K1G1,국민베스트제1차 20260114-100-67,N,20260114,20260424,정기예금,KRW,,5000000000,5000000000,43,A1,A1,,,국민은행,자체 신용보강,자체 신용보강,국민은행
73393,국민베스트제1차,KRZFA006K2G1,국민베스트제1차 20260114-100-68,N,20260114,20260424,정기예금,KRW,,5000000000,5000000000,43,A1,A1,,,국민은행,자체 신용보강,자체 신용보강,국민은행
73393,국민베스트제1차,KRZFA006K3G1,국민베스트제1차 20260114-100-69,N,20260114,20260424,정기예금,KRW,,5000000000,5000000000,43,A1,A1,,,국민은행,자체 신용보강,자체 신용보강,국민은행
73393,국민베스트제1차,KRZFA006K4G1,국민베스트제1차 20260114-100-70,N,20260114,20260424,정기예금,KRW,,5000000000,5000000000,43,A1,A1,,,국민은행,자체 신용보강,자체 신용보강,국민은행
73393,국민베스트제1차,KRZFA006K5G1,국민베스트제1차 20260114-100-71,N,20260114,20260424,정기예금,KRW,,5000000000,5000000000,43,A1,A1,,,국민은행,자체 신용보강,자체 신용보강,국민은행
73393,국민베스트제1차,KRZFA006K6G1,국민베스트제1차 20260114-100-72,N,20260114,20260424,정기예금,KRW,,5000000000,5000000000,43,A1,A1,,,국민은행,자체 신용보강,자체 신용보강,국민은행
73393,국민베스트제1차,KRZFA006K7G1,국민베스트제1차 20260114-100-73,N,20260114,20260424,정기예금,KRW,,5000000000,5000000000,43,A1,A1,,,국민은행,자체 신용보강,자체 신용보강,국민은행
73393,국민베스트제1차,KRZFA006K8G1,국민베스트제1차 20260114-100-74,N,20260114,20260424,정기예금,KRW,,5000000000,5000000000,43,A1,A1,,,국민은행,자체 신용보강,자체 신용보강,국민은행
73393,국민베스트제1차,KRZFA006K9G1,국민베스트제1차 20260114-100-75,N,20260114,20260424,정기예금,KRW,,5000000000,5000000000,43,A1,A1,,,국민은행,자체 신용보강,자체 신용보강,국민은행
73393,국민베스트제1차,KRZFA006KAG1,국민베스트제1차 20260114-100-76,N,20260114,20260424,정기예금,KRW,,5000000000,5000000000,43,A1,A1,,,국민은행,자체 신용보강,자체 신용보강,국민은행
73393,국민베스트제1차,KRZFA006KBG1,국민베스트제1차 20260114-100-77,N,20260114,20260424,정기예금,KRW,,5000000000,5000000000,43,A1,A1,,,국민은행,자체 신용보강,자체 신용보강,국민은행
73393,국민베스트제1차,KRZFA006KCG1,국민베스트제1차 20260114-100-78,N,20260114,20260424,정기예금,KRW,,5000000000,5000000000,43,A1,A1,,,국민은행,자체 신용보강,자체 신용보강,국민은행
73393,국민베스트제1차,KRZFA006KDG1,국민베스트제1차 20260114-100-79,N,20260114,20260424,정기예금,KRW,,5000000000,5000000000,43,A1,A1,,,국민은행,자체 신용보강,자체 신용보강,국민은행
73393,국민베스트제1차,KRZFA006KEG1,국민베스트제1차 20260114-100-80,N,20260114,20260424,정기예금,KRW,,5000000000,5000000000,43,A1,A1,,,국민은행,자체 신용보강,자체 신용보강,국민은행
73393,국민베스트제1차,KRZFA006KFG1,국민베스트제1차 20260114-100-81,N,20260114,20260424,정기예금,KRW,,5000000000,5000000000,43,A1,A1,,,국민은행,자체 신용보강,자체 신용보강,국민은행
73393,국민베스트제1차,KRZFA006KGG1,국민베스트제1차 20260114-100-82,N,20260114,20260424,정기예금,KRW,,5000000000,5000000000,43,A1,A1,,,국민은행,자체 신용보강,자체 신용보강,국민은행
73393,국민베스트제1차,KRZFA006KHG1,국민베스트제1차 20260114-100-83,N,20260114,20260424,정기예금,KRW,,5000000000,5000000000,43,A1,A1,,,국민은행,자체 신용보강,자체 신용보강,국민은행
73393,국민베스트제1차,KRZFA006KJG1,국민베스트제1차 20260114-100-84,N,20260114,20260424,정기예금,KRW,,5000000000,5000000000,43,A1,A1,,,국민은행,자체 신용보강,자체 신용보강,국민은행
73393,국민베스트제1차,KRZFA006KKG1,국민베스트제1차 20260114-100-85,N,20260114,20260424,정기예금,KRW,,5000000000,5000000000,43,A1,A1,,,국민은행,자체 신용보강,자체 신용보강,국민은행
73393,국민베스트제1차,KRZFA006KLG1,국민베스트제1차 20260114-100-86,N,20260114,20260424,정기예금,KRW,,5000000000,5000000000,43,A1,A1,,,국민은행,자체 신용보강,자체 신용보강,국민은행
73393,국민베스트제1차,KRZFA006KMG1,국민베스트제1차 20260114-100-87,N,20260114,20260424,정기예금,KRW,,5000000000,5000000000,43,A1,A1,,,국민은행,자체 신용보강,자체 신용보강,국민은행
73393,국민베스트제1차,KRZFA006KNG1,국민베스트제1차 20260114-100-88,N,20260114,20260424,정기예금,KRW,,5000000000,5000000000,43,A1,A1,,,국민은행,자체 신용보강,자체 신용보강,국민은행
73393,국민베스트제1차,KRZFA006KPG1,국민베스트제1차 20260114-100-89,N,20260114,20260424,정기예금,KRW,,5000000000,5000000000,43,A1,A1,,,국민은행,자체 신용보강,자체 신용보강,국민은행
73393,국민베스트제1차,KRZFA006KQG1,국민베스트제1차 20260114-100-90,N,20260114,20260424,정기예금,KRW,,5000000000,5000000000,43,A1,A1,,,국민은행,자체 신용보강,자체 신용보강,국민은행
73393,국민베스트제1차,KRZFA006KRG1,국민베스트제1차 20260114-100-91,N,20260114,20260424,정기예금,KRW,,5000000000,5000000000,43,A1,A1,,,국민은행,자체 신용보강,자체 신용보강,국민은행
73393,국민베스트제1차,KRZFA006KSG1,국민베스트제1차 20260114-100-92,N,20260114,20260424,정기예금,KRW,,5000000000,5000000000,43,A1,A1,,,국민은행,자체 신용보강,자체 신용보강,국민은행
73393,국민베스트제1차,KRZFA006KTG1,국민베스트제1차 20260114-100-93,N,20260114,20260424,정기예금,KRW,,5000000000,5000000000,43,A1,A1,,,국민은행,자체 신용보강,자체 신용보강,국민은행
73393,국민베스트제1차,KRZFA006KVG1,국민베스트제1차 20260114-100-94,N,20260114,20260424,정기예금,KRW,,5000000000,5000000000,43,A1,A1,,,국민은행,자체 신용보강,자체 신용보강,국민은행
73393,국민베스트제1차,KRZFA006KWG1,국민베스트제1차 20260114-100-95,N,20260114,20260424,정기예금,KRW,,5000000000,5000000000,43,A1,A1,,,국민은행,자체 신용보강,자체 신용보강,국민은행
73393,국민베스트제1차,KRZFA006KXG1,국민베스트제1차 20260114-100-96,N,20260114,20260424,정기예금,KRW,,5000000000,5000000000,43,A1,A1,,,국민은행,자체 신용보강,자체 신용보강,국민은행
73393,국민베스트제1차,KRZFA006KYG1,국민베스트제1차 20260114-100-97,N,20260114,20260424,정기예금,KRW,,5000000000,5000000000,43,A1,A1,,,국민은행,자체 신용보강,자체 신용보강,국민은행
73393,국민베스트제1차,KRZFA006KZG1,국민베스트제1차 20260114-267-98,N,20260114,20261008,정기예금,KRW,,269000000,269000000,210,A1,A1,,,국민은행,자체 신용보강,자체 신용보강,국민은행
73393,국민베스트제1차,KRZF0006KHGD,국민베스트제1차 20260114-83-50,N,20260114,20260407,정기예금,KRW,,5000000000,5000000000,26,A1,A1,,,국민은행,자체 신용보강,자체 신용보강,국민은행
73393,국민베스트제1차,KRZF0006KJGD,국민베스트제1차 20260114-83-51,N,20260114,20260407,정기예금,KRW,,5000000000,5000000000,26,A1,A1,,,국민은행,자체 신용보강,자체 신용보강,국민은행
73393,국민베스트제1차,KRZF0006KKGD,국민베스트제1차 20260114-83-52,N,20260114,20260407,정기예금,KRW,,5000000000,5000000000,26,A1,A1,,,국민은행,자체 신용보강,자체 신용보강,국민은행
73393,국민베스트제1차,KRZF0006KLGD,국민베스트제1차 20260114-83-53,N,20260114,20260407,정기예금,KRW,,5000000000,5000000000,26,A1,A1,,,국민은행,자체 신용보강,자체 신용보강,국민은행
73393,국민베스트제1차,KRZF0006KMGD,국민베스트제1차 20260114-83-54,N,20260114,20260407,정기예금,KRW,,5000000000,5000000000,26,A1,A1,,,국민은행,자체 신용보강,자체 신용보강,국민은행
73393,국민베스트제1차,KRZF0006KNGD,국민베스트제1차 20260114-83-55,N,20260114,20260407,정기예금,KRW,,5000000000,5000000000,26,A1,A1,,,국민은행,자체 신용보강,자체 신용보강,국민은행
73393,국민베스트제1차,KRZF0006KPGD,국민베스트제1차 20260114-83-56,N,20260114,20260407,정기예금,KRW,,5000000000,5000000000,26,A1,A1,,,국민은행,자체 신용보강,자체 신용보강,국민은행
73393,국민베스트제1차,KRZF0006KQGD,국민베스트제1차 20260114-83-57,N,20260114,20260407,정기예금,KRW,,5000000000,5000000000,26,A1,A1,,,국민은행,자체 신용보강,자체 신용보강,국민은행
73393,국민베스트제1차,KRZF0006KRGD,국민베스트제1차 20260114-83-58,N,20260114,20260407,정기예금,KRW,,5000000000,5000000000,26,A1,A1,,,국민은행,자체 신용보강,자체 신용보강,국민은행
73393,국민베스트제1차,KRZF0006KSGD,국민베스트제1차 20260114-83-59,N,20260114,20260407,정기예금,KRW,,5000000000,5000000000,26,A1,A1,,,국민은행,자체 신용보강,자체 신용보강,국민은행
73393,국민베스트제1차,KRZF0006KTGD,국민베스트제1차 20260114-83-60,N,20260114,20260407,정기예금,KRW,,5000000000,5000000000,26,A1,A1,,,국민은행,자체 신용보강,자체 신용보강,국민은행
73393,국민베스트제1차,KRZF0006KVGD,국민베스트제1차 20260114-83-61,N,20260114,20260407,정기예금,KRW,,5000000000,5000000000,26,A1,A1,,,국민은행,자체 신용보강,자체 신용보강,국민은행
73393,국민베스트제1차,KRZF0006KWGD,국민베스트제1차 20260114-83-62,N,20260114,20260407,정기예금,KRW,,5000000000,5000000000,26,A1,A1,,,국민은행,자체 신용보강,자체 신용보강,국민은행
73393,국민베스트제1차,KRZF0006KXGD,국민베스트제1차 20260114-83-63,N,20260114,20260407,정기예금,KRW,,5000000000,5000000000,26,A1,A1,,,국민은행,자체 신용보강,자체 신용보강,국민은행
73382,국민챔피온제십사차,KRZFA3961GGD,국민챔피온제십사차 20260114-266-49,N,20260114,20261007,정기예금,KRW,,270000000,270000000,209,A1,A1,A1,,국민은행,자체 신용보강,자체 신용보강,국민은행
73382,국민챔피온제십사차,KRZFA39611G1,국민챔피온제십사차 20260114-91-1,N,20260114,20260415,정기예금,KRW,,5000000000,5000000000,34,A1,A1,A1,,국민은행,자체 신용보강,자체 신용보강,국민은행
73382,국민챔피온제십사차,KRZFA3961AG1,국민챔피온제십사차 20260114-91-10,N,20260114,20260415,정기예금,KRW,,5000000000,5000000000,34,A1,A1,A1,,국민은행,자체 신용보강,자체 신용보강,국민은행
73382,국민챔피온제십사차,KRZFA3961BG1,국민챔피온제십사차 20260114-91-11,N,20260114,20260415,정기예금,KRW,,5000000000,5000000000,34,A1,A1,A1,,국민은행,자체 신용보강,자체 신용보강,국민은행
73382,국민챔피온제십사차,KRZFA3961CG1,국민챔피온제십사차 20260114-91-12,N,20260114,20260415,정기예금,KRW,,5000000000,5000000000,34,A1,A1,A1,,국민은행,자체 신용보강,자체 신용보강,국민은행
73382,국민챔피온제십사차,KRZFA3961DG1,국민챔피온제십사차 20260114-91-13,N,20260114,20260415,정기예금,KRW,,5000000000,5000000000,34,A1,A1,A1,,국민은행,자체 신용보강,자체 신용보강,국민은행
73382,국민챔피온제십사차,KRZFA3961EG1,국민챔피온제십사차 20260114-91-14,N,20260114,20260415,정기예금,KRW,,5000000000,5000000000,34,A1,A1,A1,,국민은행,자체 신용보강,자체 신용보강,국민은행
73382,국민챔피온제십사차,KRZFA3961FG1,국민챔피온제십사차 20260114-91-15,N,20260114,20260415,정기예금,KRW,,5000000000,5000000000,34,A1,A1,A1,,국민은행,자체 신용보강,자체 신용보강,국민은행
73382,국민챔피온제십사차,KRZFA3961GG1,국민챔피온제십사차 20260114-91-16,N,20260114,20260415,정기예금,KRW,,5000000000,5000000000,34,A1,A1,A1,,국민은행,자체 신용보강,자체 신용보강,국민은행
73382,국민챔피온제십사차,KRZFA3961HG1,국민챔피온제십사차 20260114-91-17,N,20260114,20260415,정기예금,KRW,,5000000000,5000000000,34,A1,A1,A1,,국민은행,자체 신용보강,자체 신용보강,국민은행
73382,국민챔피온제십사차,KRZFA3961JG1,국민챔피온제십사차 20260114-91-18,N,20260114,20260415,정기예금,KRW,,5000000000,5000000000,34,A1,A1,A1,,국민은행,자체 신용보강,자체 신용보강,국민은행
73382,국민챔피온제십사차,KRZFA3961KG1,국민챔피온제십사차 20260114-91-19,N,20260114,20260415,정기예금,KRW,,5000000000,5000000000,34,A1,A1,A1,,국민은행,자체 신용보강,자체 신용보강,국민은행
73382,국민챔피온제십사차,KRZFA39612G1,국민챔피온제십사차 20260114-91-2,N,20260114,20260415,정기예금,KRW,,5000000000,5000000000,34,A1,A1,A1,,국민은행,자체 신용보강,자체 신용보강,국민은행
73382,국민챔피온제십사차,KRZFA3961LG1,국민챔피온제십사차 20260114-91-20,N,20260114,20260415,정기예금,KRW,,5000000000,5000000000,34,A1,A1,A1,,국민은행,자체 신용보강,자체 신용보강,국민은행
73382,국민챔피온제십사차,KRZFA3961MG1,국민챔피온제십사차 20260114-91-21,N,20260114,20260415,정기예금,KRW,,5000000000,5000000000,34,A1,A1,A1,,국민은행,자체 신용보강,자체 신용보강,국민은행
73382,국민챔피온제십사차,KRZFA3961NG1,국민챔피온제십사차 20260114-91-22,N,20260114,20260415,정기예금,KRW,,5000000000,5000000000,34,A1,A1,A1,,국민은행,자체 신용보강,자체 신용보강,국민은행
73382,국민챔피온제십사차,KRZFA3961PG1,국민챔피온제십사차 20260114-91-23,N,20260114,20260415,정기예금,KRW,,5000000000,5000000000,34,A1,A1,A1,,국민은행,자체 신용보강,자체 신용보강,국민은행
73382,국민챔피온제십사차,KRZFA3961QG1,국민챔피온제십사차 20260114-91-24,N,20260114,20260415,정기예금,KRW,,5000000000,5000000000,34,A1,A1,A1,,국민은행,자체 신용보강,자체 신용보강,국민은행
73382,국민챔피온제십사차,KRZFA3961RG1,국민챔피온제십사차 20260114-91-25,N,20260114,20260415,정기예금,KRW,,5000000000,5000000000,34,A1,A1,A1,,국민은행,자체 신용보강,자체 신용보강,국민은행
73382,국민챔피온제십사차,KRZFA3961SG1,국민챔피온제십사차 20260114-91-26,N,20260114,20260415,정기예금,KRW,,5000000000,5000000000,34,A1,A1,A1,,국민은행,자체 신용보강,자체 신용보강,국민은행
73382,국민챔피온제십사차,KRZFA3961TG1,국민챔피온제십사차 20260114-91-27,N,20260114,20260415,정기예금,KRW,,5000000000,5000000000,34,A1,A1,A1,,국민은행,자체 신용보강,자체 신용보강,국민은행
73382,국민챔피온제십사차,KRZFA3961VG1,국민챔피온제십사차 20260114-91-28,N,20260114,20260415,정기예금,KRW,,5000000000,5000000000,34,A1,A1,A1,,국민은행,자체 신용보강,자체 신용보강,국민은행
73382,국민챔피온제십사차,KRZFA3961WG1,국민챔피온제십사차 20260114-91-29,N,20260114,20260415,정기예금,KRW,,5000000000,5000000000,34,A1,A1,A1,,국민은행,자체 신용보강,자체 신용보강,국민은행
73382,국민챔피온제십사차,KRZFA39613G1,국민챔피온제십사차 20260114-91-3,N,20260114,20260415,정기예금,KRW,,5000000000,5000000000,34,A1,A1,A1,,국민은행,자체 신용보강,자체 신용보강,국민은행
73382,국민챔피온제십사차,KRZFA3961XG1,국민챔피온제십사차 20260114-91-30,N,20260114,20260415,정기예금,KRW,,5000000000,5000000000,34,A1,A1,A1,,국민은행,자체 신용보강,자체 신용보강,국민은행
73382,국민챔피온제십사차,KRZFA3961YG1,국민챔피온제십사차 20260114-91-31,N,20260114,20260415,정기예금,KRW,,5000000000,5000000000,34,A1,A1,A1,,국민은행,자체 신용보강,자체 신용보강,국민은행
73382,국민챔피온제십사차,KRZFA3961ZG1,국민챔피온제십사차 20260114-91-32,N,20260114,20260415,정기예금,KRW,,5000000000,5000000000,34,A1,A1,A1,,국민은행,자체 신용보강,자체 신용보강,국민은행
73382,국민챔피온제십사차,KRZFA39610GD,국민챔피온제십사차 20260114-91-33,N,20260114,20260415,정기예금,KRW,,5000000000,5000000000,34,A1,A1,A1,,국민은행,자체 신용보강,자체 신용보강,국민은행
73382,국민챔피온제십사차,KRZFA39611GD,국민챔피온제십사차 20260114-91-34,N,20260114,20260415,정기예금,KRW,,5000000000,5000000000,34,A1,A1,A1,,국민은행,자체 신용보강,자체 신용보강,국민은행
73382,국민챔피온제십사차,KRZFA39612GD,국민챔피온제십사차 20260114-91-35,N,20260114,20260415,정기예금,KRW,,5000000000,5000000000,34,A1,A1,A1,,국민은행,자체 신용보강,자체 신용보강,국민은행
73382,국민챔피온제십사차,KRZFA39613GD,국민챔피온제십사차 20260114-91-36,N,20260114,20260415,정기예금,KRW,,5000000000,5000000000,34,A1,A1,A1,,국민은행,자체 신용보강,자체 신용보강,국민은행
73382,국민챔피온제십사차,KRZFA39614GD,국민챔피온제십사차 20260114-91-37,N,20260114,20260415,정기예금,KRW,,5000000000,5000000000,34,A1,A1,A1,,국민은행,자체 신용보강,자체 신용보강,국민은행
73382,국민챔피온제십사차,KRZFA39615GD,국민챔피온제십사차 20260114-91-38,N,20260114,20260415,정기예금,KRW,,5000000000,5000000000,34,A1,A1,A1,,국민은행,자체 신용보강,자체 신용보강,국민은행
73382,국민챔피온제십사차,KRZFA39616GD,국민챔피온제십사차 20260114-91-39,N,20260114,20260415,정기예금,KRW,,5000000000,5000000000,34,A1,A1,A1,,국민은행,자체 신용보강,자체 신용보강,국민은행
73382,국민챔피온제십사차,KRZFA39614G1,국민챔피온제십사차 20260114-91-4,N,20260114,20260415,정기예금,KRW,,5000000000,5000000000,34,A1,A1,A1,,국민은행,자체 신용보강,자체 신용보강,국민은행
73382,국민챔피온제십사차,KRZFA39617GD,국민챔피온제십사차 20260114-91-40,N,20260114,20260415,정기예금,KRW,,5000000000,5000000000,34,A1,A1,A1,,국민은행,자체 신용보강,자체 신용보강,국민은행
73382,국민챔피온제십사차,KRZFA39618GD,국민챔피온제십사차 20260114-91-41,N,20260114,20260415,정기예금,KRW,,5000000000,5000000000,34,A1,A1,A1,,국민은행,자체 신용보강,자체 신용보강,국민은행
73382,국민챔피온제십사차,KRZFA39619GD,국민챔피온제십사차 20260114-91-42,N,20260114,20260415,정기예금,KRW,,5000000000,5000000000,34,A1,A1,A1,,국민은행,자체 신용보강,자체 신용보강,국민은행
73382,국민챔피온제십사차,KRZFA3961AGD,국민챔피온제십사차 20260114-91-43,N,20260114,20260415,정기예금,KRW,,5000000000,5000000000,34,A1,A1,A1,,국민은행,자체 신용보강,자체 신용보강,국민은행
73382,국민챔피온제십사차,KRZFA3961BGD,국민챔피온제십사차 20260114-91-44,N,20260114,20260415,정기예금,KRW,,5000000000,5000000000,34,A1,A1,A1,,국민은행,자체 신용보강,자체 신용보강,국민은행
73382,국민챔피온제십사차,KRZFA3961CGD,국민챔피온제십사차 20260114-91-45,N,20260114,20260415,정기예금,KRW,,5000000000,5000000000,34,A1,A1,A1,,국민은행,자체 신용보강,자체 신용보강,국민은행
73382,국민챔피온제십사차,KRZFA3961DGD,국민챔피온제십사차 20260114-91-46,N,20260114,20260415,정기예금,KRW,,5000000000,5000000000,34,A1,A1,A1,,국민은행,자체 신용보강,자체 신용보강,국민은행
73382,국민챔피온제십사차,KRZFA3961EGD,국민챔피온제십사차 20260114-91-47,N,20260114,20260415,정기예금,KRW,,5000000000,5000000000,34,A1,A1,A1,,국민은행,자체 신용보강,자체 신용보강,국민은행
73382,국민챔피온제십사차,KRZFA3961FGD,국민챔피온제십사차 20260114-91-48,N,20260114,20260415,정기예금,KRW,,5000000000,5000000000,34,A1,A1,A1,,국민은행,자체 신용보강,자체 신용보강,국민은행
73382,국민챔피온제십사차,KRZFA39615G1,국민챔피온제십사차 20260114-91-5,N,20260114,20260415,정기예금,KRW,,5000000000,5000000000,34,A1,A1,A1,,국민은행,자체 신용보강,자체 신용보강,국민은행
73382,국민챔피온제십사차,KRZFA39616G1,국민챔피온제십사차 20260114-91-6,N,20260114,20260415,정기예금,KRW,,5000000000,5000000000,34,A1,A1,A1,,국민은행,자체 신용보강,자체 신용보강,국민은행
73382,국민챔피온제십사차,KRZFA39617G1,국민챔피온제십사차 20260114-91-7,N,20260114,20260415,정기예금,KRW,,5000000000,5000000000,34,A1,A1,A1,,국민은행,자체 신용보강,자체 신용보강,국민은행
73382,국민챔피온제십사차,KRZFA39618G1,국민챔피온제십사차 20260114-91-8,N,20260114,20260415,정기예금,KRW,,5000000000,5000000000,34,A1,A1,A1,,국민은행,자체 신용보강,자체 신용보강,국민은행
73382,국민챔피온제십사차,KRZFA39619G1,국민챔피온제십사차 20260114-91-9,N,20260114,20260415,정기예금,KRW,,5000000000,5000000000,34,A1,A1,A1,,국민은행,자체 신용보강,자체 신용보강,국민은행
62541,마인드스탠스,KRZFA62231G1,마인드스탠스 20260114-181-1,Y,20260114,20260714,PF대출채권,KRW,,5000000000,5000000000,124,A1,,A1,,(주)하랑엠앤디,외부 신용보강,금융기관,메리츠증권
62541,마인드스탠스,KRZFA6223AG1,마인드스탠스 20260114-181-10,Y,20260114,20260714,PF대출채권,KRW,,5000000000,5000000000,124,A1,,A1,,(주)하랑엠앤디,외부 신용보강,금융기관,메리츠증권
62541,마인드스탠스,KRZFA6223BG1,마인드스탠스 20260114-181-11,Y,20260114,20260714,PF대출채권,KRW,,5000000000,5000000000,124,A1,,A1,,(주)하랑엠앤디,외부 신용보강,금융기관,메리츠증권
62541,마인드스탠스,KRZFA6223CG1,마인드스탠스 20260114-181-12,Y,20260114,20260714,PF대출채권,KRW,,5000000000,5000000000,124,A1,,A1,,(주)하랑엠앤디,외부 신용보강,금융기관,메리츠증권
62541,마인드스탠스,KRZFA62232G1,마인드스탠스 20260114-181-2,Y,20260114,20260714,PF대출채권,KRW,,5000000000,5000000000,124,A1,,A1,,(주)하랑엠앤디,외부 신용보강,금융기관,메리츠증권
62541,마인드스탠스,KRZFA62233G1,마인드스탠스 20260114-181-3,Y,20260114,20260714,PF대출채권,KRW,,5000000000,5000000000,124,A1,,A1,,(주)하랑엠앤디,외부 신용보강,금융기관,메리츠증권
62541,마인드스탠스,KRZFA62234G1,마인드스탠스 20260114-181-4,Y,20260114,20260714,PF대출채권,KRW,,5000000000,5000000000,124,A1,,A1,,(주)하랑엠앤디,외부 신용보강,금융기관,메리츠증권
62541,마인드스탠스,KRZFA62235G1,마인드스탠스 20260114-181-5,Y,20260114,20260714,PF대출채권,KRW,,5000000000,5000000000,124,A1,,A1,,(주)하랑엠앤디,외부 신용보강,금융기관,메리츠증권
62541,마인드스탠스,KRZFA62236G1,마인드스탠스 20260114-181-6,Y,20260114,20260714,PF대출채권,KRW,,5000000000,5000000000,124,A1,,A1,,(주)하랑엠앤디,외부 신용보강,금융기관,메리츠증권
62541,마인드스탠스,KRZFA62237G1,마인드스탠스 20260114-181-7,Y,20260114,20260714,PF대출채권,KRW,,5000000000,5000000000,124,A1,,A1,,(주)하랑엠앤디,외부 신용보강,금융기관,메리츠증권
62541,마인드스탠스,KRZFA62238G1,마인드스탠스 20260114-181-8,Y,20260114,20260714,PF대출채권,KRW,,5000000000,5000000000,124,A1,,A1,,(주)하랑엠앤디,외부 신용보강,금융기관,메리츠증권
62541,마인드스탠스,KRZFA62239G1,마인드스탠스 20260114-181-9,Y,20260114,20260714,PF대출채권,KRW,,5000000000,5000000000,124,A1,,A1,,(주)하랑엠앤디,외부 신용보강,금융기관,메리츠증권
73379,메이플라이제이차,KRZFA43161G1,메이플라이제이차 20260114-327-1,N,20260114,20261207,정기예금,KRW,,5000000000,5000000000,270,A1,A1,,,전북은행,자체 신용보강,자체 신용보강,전북은행
73379,메이플라이제이차,KRZFA4316AG1,메이플라이제이차 20260114-327-10,N,20260114,20261207,정기예금,KRW,,5000000000,5000000000,270,A1,A1,,,전북은행,자체 신용보강,자체 신용보강,전북은행
73379,메이플라이제이차,KRZFA4316BG1,메이플라이제이차 20260114-327-11,N,20260114,20261207,정기예금,KRW,,5000000000,5000000000,270,A1,A1,,,전북은행,자체 신용보강,자체 신용보강,전북은행
73379,메이플라이제이차,KRZFA4316CG1,메이플라이제이차 20260114-327-12,N,20260114,20261207,정기예금,KRW,,5000000000,5000000000,270,A1,A1,,,전북은행,자체 신용보강,자체 신용보강,전북은행
73379,메이플라이제이차,KRZFA4316DG1,메이플라이제이차 20260114-327-13,N,20260114,20261207,정기예금,KRW,,5000000000,5000000000,270,A1,A1,,,전북은행,자체 신용보강,자체 신용보강,전북은행
73379,메이플라이제이차,KRZFA4316EG1,메이플라이제이차 20260114-327-14,N,20260114,20261207,정기예금,KRW,,5000000000,5000000000,270,A1,A1,,,전북은행,자체 신용보강,자체 신용보강,전북은행
73379,메이플라이제이차,KRZFA4316FG1,메이플라이제이차 20260114-327-15,N,20260114,20261207,정기예금,KRW,,5000000000,5000000000,270,A1,A1,,,전북은행,자체 신용보강,자체 신용보강,전북은행
73379,메이플라이제이차,KRZFA4316GG1,메이플라이제이차 20260114-327-16,N,20260114,20261207,정기예금,KRW,,5000000000,5000000000,270,A1,A1,,,전북은행,자체 신용보강,자체 신용보강,전북은행
73379,메이플라이제이차,KRZFA4316HG1,메이플라이제이차 20260114-327-17,N,20260114,20261207,정기예금,KRW,,5000000000,5000000000,270,A1,A1,,,전북은행,자체 신용보강,자체 신용보강,전북은행
73379,메이플라이제이차,KRZFA4316JG1,메이플라이제이차 20260114-327-18,N,20260114,20261207,정기예금,KRW,,5000000000,5000000000,270,A1,A1,,,전북은행,자체 신용보강,자체 신용보강,전북은행
73379,메이플라이제이차,KRZFA4316KG1,메이플라이제이차 20260114-327-19,N,20260114,20261207,정기예금,KRW,,5000000000,5000000000,270,A1,A1,,,전북은행,자체 신용보강,자체 신용보강,전북은행
73379,메이플라이제이차,KRZFA43162G1,메이플라이제이차 20260114-327-2,N,20260114,20261207,정기예금,KRW,,5000000000,5000000000,270,A1,A1,,,전북은행,자체 신용보강,자체 신용보강,전북은행
73379,메이플라이제이차,KRZFA4316LG1,메이플라이제이차 20260114-327-20,N,20260114,20261207,정기예금,KRW,,5000000000,5000000000,270,A1,A1,,,전북은행,자체 신용보강,자체 신용보강,전북은행
73379,메이플라이제이차,KRZFA4316MG1,메이플라이제이차 20260114-327-21,N,20260114,20261207,정기예금,KRW,,5000000000,5000000000,270,A1,A1,,,전북은행,자체 신용보강,자체 신용보강,전북은행
73379,메이플라이제이차,KRZFA4316NG1,메이플라이제이차 20260114-327-22,N,20260114,20261207,정기예금,KRW,,5000000000,5000000000,270,A1,A1,,,전북은행,자체 신용보강,자체 신용보강,전북은행
73379,메이플라이제이차,KRZFA4316PG1,메이플라이제이차 20260114-327-23,N,20260114,20261207,정기예금,KRW,,5000000000,5000000000,270,A1,A1,,,전북은행,자체 신용보강,자체 신용보강,전북은행
73379,메이플라이제이차,KRZFA4316QG1,메이플라이제이차 20260114-327-24,N,20260114,20261207,정기예금,KRW,,5000000000,5000000000,270,A1,A1,,,전북은행,자체 신용보강,자체 신용보강,전북은행
73379,메이플라이제이차,KRZFA4316RG1,메이플라이제이차 20260114-327-25,N,20260114,20261207,정기예금,KRW,,5000000000,5000000000,270,A1,A1,,,전북은행,자체 신용보강,자체 신용보강,전북은행
73379,메이플라이제이차,KRZFA4316SG1,메이플라이제이차 20260114-327-26,N,20260114,20261207,정기예금,KRW,,5000000000,5000000000,270,A1,A1,,,전북은행,자체 신용보강,자체 신용보강,전북은행
73379,메이플라이제이차,KRZFA4316TG1,메이플라이제이차 20260114-327-27,N,20260114,20261207,정기예금,KRW,,5000000000,5000000000,270,A1,A1,,,전북은행,자체 신용보강,자체 신용보강,전북은행
73379,메이플라이제이차,KRZFA4316VG1,메이플라이제이차 20260114-327-28,N,20260114,20261207,정기예금,KRW,,5000000000,5000000000,270,A1,A1,,,전북은행,자체 신용보강,자체 신용보강,전북은행
73379,메이플라이제이차,KRZFA4316WG1,메이플라이제이차 20260114-327-29,N,20260114,20261207,정기예금,KRW,,5000000000,5000000000,270,A1,A1,,,전북은행,자체 신용보강,자체 신용보강,전북은행
73379,메이플라이제이차,KRZFA43163G1,메이플라이제이차 20260114-327-3,N,20260114,20261207,정기예금,KRW,,5000000000,5000000000,270,A1,A1,,,전북은행,자체 신용보강,자체 신용보강,전북은행
73379,메이플라이제이차,KRZFA4316XG1,메이플라이제이차 20260114-327-30,N,20260114,20261207,정기예금,KRW,,5000000000,5000000000,270,A1,A1,,,전북은행,자체 신용보강,자체 신용보강,전북은행
73379,메이플라이제이차,KRZFA4316YG1,메이플라이제이차 20260114-327-31,N,20260114,20261207,정기예금,KRW,,1000000000,1000000000,270,A1,A1,,,전북은행,자체 신용보강,자체 신용보강,전북은행
73379,메이플라이제이차,KRZFA4316ZG1,메이플라이제이차 20260114-327-32,N,20260114,20261207,정기예금,KRW,,1000000000,1000000000,270,A1,A1,,,전북은행,자체 신용보강,자체 신용보강,전북은행
73379,메이플라이제이차,KRZFA43160GD,메이플라이제이차 20260114-327-33,N,20260114,20261207,정기예금,KRW,,1000000000,1000000000,270,A1,A1,,,전북은행,자체 신용보강,자체 신용보강,전북은행
73379,메이플라이제이차,KRZFA43161GD,메이플라이제이차 20260114-327-34,N,20260114,20261207,정기예금,KRW,,700000000,700000000,270,A1,A1,,,전북은행,자체 신용보강,자체 신용보강,전북은행
73379,메이플라이제이차,KRZFA43164G1,메이플라이제이차 20260114-327-4,N,20260114,20261207,정기예금,KRW,,5000000000,5000000000,270,A1,A1,,,전북은행,자체 신용보강,자체 신용보강,전북은행
73379,메이플라이제이차,KRZFA43165G1,메이플라이제이차 20260114-327-5,N,20260114,20261207,정기예금,KRW,,5000000000,5000000000,270,A1,A1,,,전북은행,자체 신용보강,자체 신용보강,전북은행
73379,메이플라이제이차,KRZFA43166G1,메이플라이제이차 20260114-327-6,N,20260114,20261207,정기예금,KRW,,5000000000,5000000000,270,A1,A1,,,전북은행,자체 신용보강,자체 신용보강,전북은행
73379,메이플라이제이차,KRZFA43167G1,메이플라이제이차 20260114-327-7,N,20260114,20261207,정기예금,KRW,,5000000000,5000000000,270,A1,A1,,,전북은행,자체 신용보강,자체 신용보강,전북은행
73379,메이플라이제이차,KRZFA43168G1,메이플라이제이차 20260114-327-8,N,20260114,20261207,정기예금,KRW,,5000000000,5000000000,270,A1,A1,,,전북은행,자체 신용보강,자체 신용보강,전북은행
73379,메이플라이제이차,KRZFA43169G1,메이플라이제이차 20260114-327-9,N,20260114,20261207,정기예금,KRW,,5000000000,5000000000,270,A1,A1,,,전북은행,자체 신용보강,자체 신용보강,전북은행
73371,비엔케이썸제이십차,KRZFA93881G1,비엔케이썸제이십차 20260114-197-1,N,20260114,20260730,대출채권,KRW,,300000000,300000000,140,,A1,A1,,비엔케이썸제십이차(주),외부 신용보강,일반기업,현대건설
73386,원에스피씨제일차,KRZFA88321G1,원에스피씨제일차 20260114-181-1,Y,20260114,20260714,PF대출채권,KRW,,3000000000,3000000000,124,,A3+,A3+,,베이스알파제일차(주),외부 신용보강,일반기업,에이치엘디앤아이한라(주)
73386,원에스피씨제일차,KRZFA8832AG1,원에스피씨제일차 20260114-181-10,Y,20260114,20260714,PF대출채권,KRW,,800000000,800000000,124,,A3+,A3+,,베이스알파제일차(주),외부 신용보강,일반기업,에이치엘디앤아이한라(주)
73386,원에스피씨제일차,KRZFA8832BG1,원에스피씨제일차 20260114-181-11,Y,20260114,20260714,PF대출채권,KRW,,500000000,500000000,124,,A3+,A3+,,베이스알파제일차(주),외부 신용보강,일반기업,에이치엘디앤아이한라(주)
73386,원에스피씨제일차,KRZFA8832CG1,원에스피씨제일차 20260114-181-12,Y,20260114,20260714,PF대출채권,KRW,,500000000,500000000,124,,A3+,A3+,,베이스알파제일차(주),외부 신용보강,일반기업,에이치엘디앤아이한라(주)
73386,원에스피씨제일차,KRZFA8832DG1,원에스피씨제일차 20260114-181-13,Y,20260114,20260714,PF대출채권,KRW,,500000000,500000000,124,,A3+,A3+,,베이스알파제일차(주),외부 신용보강,일반기업,에이치엘디앤아이한라(주)
73386,원에스피씨제일차,KRZFA8832EG1,원에스피씨제일차 20260114-181-14,Y,20260114,20260714,PF대출채권,KRW,,400000000,400000000,124,,A3+,A3+,,베이스알파제일차(주),외부 신용보강,일반기업,에이치엘디앤아이한라(주)
73386,원에스피씨제일차,KRZFA8832FG1,원에스피씨제일차 20260114-181-15,Y,20260114,20260714,PF대출채권,KRW,,400000000,400000000,124,,A3+,A3+,,베이스알파제일차(주),외부 신용보강,일반기업,에이치엘디앤아이한라(주)
73386,원에스피씨제일차,KRZFA8832GG1,원에스피씨제일차 20260114-181-16,Y,20260114,20260714,PF대출채권,KRW,,100000000,100000000,124,,A3+,A3+,,베이스알파제일차(주),외부 신용보강,일반기업,에이치엘디앤아이한라(주)
73386,원에스피씨제일차,KRZFA8832HG1,원에스피씨제일차 20260114-181-17,Y,20260114,20260714,PF대출채권,KRW,,100000000,100000000,124,,A3+,A3+,,베이스알파제일차(주),외부 신용보강,일반기업,에이치엘디앤아이한라(주)
73386,원에스피씨제일차,KRZFA8832JG1,원에스피씨제일차 20260114-181-18,Y,20260114,20260714,PF대출채권,KRW,,100000000,100000000,124,,A3+,A3+,,베이스알파제일차(주),외부 신용보강,일반기업,에이치엘디앤아이한라(주)
73386,원에스피씨제일차,KRZFA8832KG1,원에스피씨제일차 20260114-181-19,Y,20260114,20260714,PF대출채권,KRW,,100000000,100000000,124,,A3+,A3+,,베이스알파제일차(주),외부 신용보강,일반기업,에이치엘디앤아이한라(주)
73386,원에스피씨제일차,KRZFA88322G1,원에스피씨제일차 20260114-181-2,Y,20260114,20260714,PF대출채권,KRW,,2600000000,2600000000,124,,A3+,A3+,,베이스알파제일차(주),외부 신용보강,일반기업,에이치엘디앤아이한라(주)
73386,원에스피씨제일차,KRZFA8832LG1,원에스피씨제일차 20260114-181-20,Y,20260114,20260714,PF대출채권,KRW,,100000000,100000000,124,,A3+,A3+,,베이스알파제일차(주),외부 신용보강,일반기업,에이치엘디앤아이한라(주)
73386,원에스피씨제일차,KRZFA8832MG1,원에스피씨제일차 20260114-181-21,Y,20260114,20260714,PF대출채권,KRW,,100000000,100000000,124,,A3+,A3+,,베이스알파제일차(주),외부 신용보강,일반기업,에이치엘디앤아이한라(주)
73386,원에스피씨제일차,KRZFA8832NG1,원에스피씨제일차 20260114-181-22,Y,20260114,20260714,PF대출채권,KRW,,100000000,100000000,124,,A3+,A3+,,베이스알파제일차(주),외부 신용보강,일반기업,에이치엘디앤아이한라(주)
73386,원에스피씨제일차,KRZFA8832PG1,원에스피씨제일차 20260114-181-23,Y,20260114,20260714,PF대출채권,KRW,,100000000,100000000,124,,A3+,A3+,,베이스알파제일차(주),외부 신용보강,일반기업,에이치엘디앤아이한라(주)
73386,원에스피씨제일차,KRZFA8832QG1,원에스피씨제일차 20260114-181-24,Y,20260114,20260714,PF대출채권,KRW,,100000000,100000000,124,,A3+,A3+,,베이스알파제일차(주),외부 신용보강,일반기업,에이치엘디앤아이한라(주)
73386,원에스피씨제일차,KRZFA8832RG1,원에스피씨제일차 20260114-181-25,Y,20260114,20260714,PF대출채권,KRW,,100000000,100000000,124,,A3+,A3+,,베이스알파제일차(주),외부 신용보강,일반기업,에이치엘디앤아이한라(주)
73386,원에스피씨제일차,KRZFA8832SG1,원에스피씨제일차 20260114-181-26,Y,20260114,20260714,PF대출채권,KRW,,100000000,100000000,124,,A3+,A3+,,베이스알파제일차(주),외부 신용보강,일반기업,에이치엘디앤아이한라(주)
73386,원에스피씨제일차,KRZFA88323G1,원에스피씨제일차 20260114-181-3,Y,20260114,20260714,PF대출채권,KRW,,2000000000,2000000000,124,,A3+,A3+,,베이스알파제일차(주),외부 신용보강,일반기업,에이치엘디앤아이한라(주)
73386,원에스피씨제일차,KRZFA88324G1,원에스피씨제일차 20260114-181-4,Y,20260114,20260714,PF대출채권,KRW,,2000000000,2000000000,124,,A3+,A3+,,베이스알파제일차(주),외부 신용보강,일반기업,에이치엘디앤아이한라(주)
73386,원에스피씨제일차,KRZFA88325G1,원에스피씨제일차 20260114-181-5,Y,20260114,20260714,PF대출채권,KRW,,2000000000,2000000000,124,,A3+,A3+,,베이스알파제일차(주),외부 신용보강,일반기업,에이치엘디앤아이한라(주)
73386,원에스피씨제일차,KRZFA88326G1,원에스피씨제일차 20260114-181-6,Y,20260114,20260714,PF대출채권,KRW,,1300000000,1300000000,124,,A3+,A3+,,베이스알파제일차(주),외부 신용보강,일반기업,에이치엘디앤아이한라(주)
73386,원에스피씨제일차,KRZFA88327G1,원에스피씨제일차 20260114-181-7,Y,20260114,20260714,PF대출채권,KRW,,1000000000,1000000000,124,,A3+,A3+,,베이스알파제일차(주),외부 신용보강,일반기업,에이치엘디앤아이한라(주)
73386,원에스피씨제일차,KRZFA88328G1,원에스피씨제일차 20260114-181-8,Y,20260114,20260714,PF대출채권,KRW,,1000000000,1000000000,124,,A3+,A3+,,베이스알파제일차(주),외부 신용보강,일반기업,에이치엘디앤아이한라(주)
73386,원에스피씨제일차,KRZFA88329G1,원에스피씨제일차 20260114-181-9,Y,20260114,20260714,PF대출채권,KRW,,900000000,900000000,124,,A3+,A3+,,베이스알파제일차(주),외부 신용보강,일반기업,에이치엘디앤아이한라(주)
57307,지아이비유천,KRZFA27151G1,지아이비유천 20260114-90-1,Y,20260114,20260414,PF대출채권,KRW,,5000000000,5000000000,33,A1,A1,,,(주)와이즈클래스씨,외부 신용보강,금융기관,신한은행
57307,지아이비유천,KRZFA27152G1,지아이비유천 20260114-90-2,Y,20260114,20260414,PF대출채권,KRW,,5000000000,5000000000,33,A1,A1,,,(주)와이즈클래스씨,외부 신용보강,금융기관,신한은행
57307,지아이비유천,KRZFA27153G1,지아이비유천 20260114-90-3,Y,20260114,20260414,PF대출채권,KRW,,5000000000,5000000000,33,A1,A1,,,(주)와이즈클래스씨,외부 신용보강,금융기관,신한은행
57307,지아이비유천,KRZFA27154G1,지아이비유천 20260114-90-4,Y,20260114,20260414,PF대출채권,KRW,,5000000000,5000000000,33,A1,A1,,,(주)와이즈클래스씨,외부 신용보강,금융기관,신한은행
57307,지아이비유천,KRZFA27155G1,지아이비유천 20260114-90-5,Y,20260114,20260414,PF대출채권,KRW,,5000000000,5000000000,33,A1,A1,,,(주)와이즈클래스씨,외부 신용보강,금융기관,신한은행
57307,지아이비유천,KRZFA27156G1,지아이비유천 20260114-90-6,Y,20260114,20260414,PF대출채권,KRW,,3210000000,3210000000,33,A1,A1,,,(주)와이즈클래스씨,외부 신용보강,금융기관,신한은행
61281,지아이비은평,KRZFA55511G1,지아이비은평 20260114-90-1,Y,20260114,20260414,PF대출채권,KRW,,5000000000,5000000000,33,,A1,A1,,(주)에스피에스테이트,외부 신용보강,금융기관,신한은행
61281,지아이비은평,KRZFA55512G1,지아이비은평 20260114-90-2,Y,20260114,20260414,PF대출채권,KRW,,4040000000,4040000000,33,,A1,A1,,(주)에스피에스테이트,외부 신용보강,금융기관,신한은행
72559,케이비아이에스제이차,KRZF0133N1G1,케이비아이에스제이차 20260114-61-1,Y,20260114,20260316,PF대출채권,KRW,,5000000000,5000000000,4,A1,A1,,,아이에스동서(주),차환발행위험(유동성 공여형 매입약정),금융기관,국민은행
72559,케이비아이에스제이차,KRZF0133N2G1,케이비아이에스제이차 20260114-61-2,Y,20260114,20260316,PF대출채권,KRW,,5000000000,5000000000,4,A1,A1,,,아이에스동서(주),차환발행위험(유동성 공여형 매입약정),금융기관,국민은행
72559,케이비아이에스제이차,KRZF0133N3G1,케이비아이에스제이차 20260114-61-3,Y,20260114,20260316,PF대출채권,KRW,,5000000000,5000000000,4,A1,A1,,,아이에스동서(주),차환발행위험(유동성 공여형 매입약정),금융기관,국민은행
72559,케이비아이에스제이차,KRZF0133N4G1,케이비아이에스제이차 20260114-61-4,Y,20260114,20260316,PF대출채권,KRW,,5000000000,5000000000,4,A1,A1,,,아이에스동서(주),차환발행위험(유동성 공여형 매입약정),금융기관,국민은행
72559,케이비아이에스제이차,KRZF0133N5G1,케이비아이에스제이차 20260114-61-5,Y,20260114,20260316,PF대출채권,KRW,,5000000000,5000000000,4,A1,A1,,,아이에스동서(주),차환발행위험(유동성 공여형 매입약정),금융기관,국민은행
72559,케이비아이에스제이차,KRZF0133N6G1,케이비아이에스제이차 20260114-61-6,Y,20260114,20260316,PF대출채권,KRW,,5000000000,5000000000,4,A1,A1,,,아이에스동서(주),차환발행위험(유동성 공여형 매입약정),금융기관,국민은행
72557,케이비아이에스제일차,KRZF0133M1G1,케이비아이에스제일차 20260114-61-1,Y,20260114,20260316,PF대출채권,KRW,,5000000000,5000000000,4,A1,A1,,,아이에스동서(주),차환발행위험(유동성 공여형 매입약정),금융기관,국민은행
72557,케이비아이에스제일차,KRZF0133M2G1,케이비아이에스제일차 20260114-61-2,Y,20260114,20260316,PF대출채권,KRW,,5000000000,5000000000,4,A1,A1,,,아이에스동서(주),차환발행위험(유동성 공여형 매입약정),금융기관,국민은행
72557,케이비아이에스제일차,KRZF0133M3G1,케이비아이에스제일차 20260114-61-3,Y,20260114,20260316,PF대출채권,KRW,,5000000000,5000000000,4,A1,A1,,,아이에스동서(주),차환발행위험(유동성 공여형 매입약정),금융기관,국민은행
72557,케이비아이에스제일차,KRZF0133M4G1,케이비아이에스제일차 20260114-61-4,Y,20260114,20260316,PF대출채권,KRW,,5000000000,5000000000,4,A1,A1,,,아이에스동서(주),차환발행위험(유동성 공여형 매입약정),금융기관,국민은행
72557,케이비아이에스제일차,KRZF0133M5G1,케이비아이에스제일차 20260114-61-5,Y,20260114,20260316,PF대출채권,KRW,,5000000000,5000000000,4,A1,A1,,,아이에스동서(주),차환발행위험(유동성 공여형 매입약정),금융기관,국민은행
72557,케이비아이에스제일차,KRZF0133M6G1,케이비아이에스제일차 20260114-61-6,Y,20260114,20260316,PF대출채권,KRW,,5000000000,5000000000,4,A1,A1,,,아이에스동서(주),차환발행위험(유동성 공여형 매입약정),금융기관,국민은행
72557,케이비아이에스제일차,KRZF0133M7G1,케이비아이에스제일차 20260114-61-7,Y,20260114,20260316,PF대출채권,KRW,,5000000000,5000000000,4,A1,A1,,,아이에스동서(주),차환발행위험(유동성 공여형 매입약정),금융기관,국민은행
72557,케이비아이에스제일차,KRZF0133M8G1,케이비아이에스제일차 20260114-61-8,Y,20260114,20260316,PF대출채권,KRW,,5000000000,5000000000,4,A1,A1,,,아이에스동서(주),차환발행위험(유동성 공여형 매입약정),금융기관,국민은행
72557,케이비아이에스제일차,KRZF0133M9G1,케이비아이에스제일차 20260114-61-9,Y,20260114,20260316,PF대출채권,KRW,,5000000000,5000000000,4,A1,A1,,,아이에스동서(주),차환발행위험(유동성 공여형 매입약정),금융기관,국민은행
61489,신한디스플레이제사차,KRZFA56761G1,신한디스플레이제사차 20260113-90-1,N,20260113,20260413,대출채권,KRW,,30000000000,30000000000,32,,A1,A1,,LG디스플레이,차환발행위험(유동성 공여형 매입약정),금융기관,신한은행
61489,신한디스플레이제사차,KRZFA5676AG1,신한디스플레이제사차 20260113-90-10,N,20260113,20260413,대출채권,KRW,,5000000000,5000000000,32,,A1,A1,,LG디스플레이,차환발행위험(유동성 공여형 매입약정),금융기관,신한은행
61489,신한디스플레이제사차,KRZFA5676BG1,신한디스플레이제사차 20260113-90-11,N,20260113,20260413,대출채권,KRW,,5000000000,5000000000,32,,A1,A1,,LG디스플레이,차환발행위험(유동성 공여형 매입약정),금융기관,신한은행
61489,신한디스플레이제사차,KRZFA5676CG1,신한디스플레이제사차 20260113-90-12,N,20260113,20260413,대출채권,KRW,,5000000000,5000000000,32,,A1,A1,,LG디스플레이,차환발행위험(유동성 공여형 매입약정),금융기관,신한은행
61489,신한디스플레이제사차,KRZFA5676DG1,신한디스플레이제사차 20260113-90-13,N,20260113,20260413,대출채권,KRW,,5000000000,5000000000,32,,A1,A1,,LG디스플레이,차환발행위험(유동성 공여형 매입약정),금융기관,신한은행
61489,신한디스플레이제사차,KRZFA5676EG1,신한디스플레이제사차 20260113-90-14,N,20260113,20260413,대출채권,KRW,,5000000000,5000000000,32,,A1,A1,,LG디스플레이,차환발행위험(유동성 공여형 매입약정),금융기관,신한은행
61489,신한디스플레이제사차,KRZFA5676FG1,신한디스플레이제사차 20260113-90-15,N,20260113,20260413,대출채권,KRW,,5000000000,5000000000,32,,A1,A1,,LG디스플레이,차환발행위험(유동성 공여형 매입약정),금융기관,신한은행
61489,신한디스플레이제사차,KRZFA56762G1,신한디스플레이제사차 20260113-90-2,N,20260113,20260413,대출채권,KRW,,5000000000,5000000000,32,,A1,A1,,LG디스플레이,차환발행위험(유동성 공여형 매입약정),금융기관,신한은행
61489,신한디스플레이제사차,KRZFA56763G1,신한디스플레이제사차 20260113-90-3,N,20260113,20260413,대출채권,KRW,,5000000000,5000000000,32,,A1,A1,,LG디스플레이,차환발행위험(유동성 공여형 매입약정),금융기관,신한은행
61489,신한디스플레이제사차,KRZFA56764G1,신한디스플레이제사차 20260113-90-4,N,20260113,20260413,대출채권,KRW,,5000000000,5000000000,32,,A1,A1,,LG디스플레이,차환발행위험(유동성 공여형 매입약정),금융기관,신한은행
61489,신한디스플레이제사차,KRZFA56765G1,신한디스플레이제사차 20260113-90-5,N,20260113,20260413,대출채권,KRW,,5000000000,5000000000,32,,A1,A1,,LG디스플레이,차환발행위험(유동성 공여형 매입약정),금융기관,신한은행
61489,신한디스플레이제사차,KRZFA56766G1,신한디스플레이제사차 20260113-90-6,N,20260113,20260413,대출채권,KRW,,5000000000,5000000000,32,,A1,A1,,LG디스플레이,차환발행위험(유동성 공여형 매입약정),금융기관,신한은행
61489,신한디스플레이제사차,KRZFA56767G1,신한디스플레이제사차 20260113-90-7,N,20260113,20260413,대출채권,KRW,,5000000000,5000000000,32,,A1,A1,,LG디스플레이,차환발행위험(유동성 공여형 매입약정),금융기관,신한은행
61489,신한디스플레이제사차,KRZFA56768G1,신한디스플레이제사차 20260113-90-8,N,20260113,20260413,대출채권,KRW,,5000000000,5000000000,32,,A1,A1,,LG디스플레이,차환발행위험(유동성 공여형 매입약정),금융기관,신한은행
61489,신한디스플레이제사차,KRZFA56769G1,신한디스플레이제사차 20260113-90-9,N,20260113,20260413,대출채권,KRW,,5000000000,5000000000,32,,A1,A1,,LG디스플레이,차환발행위험(유동성 공여형 매입약정),금융기관,신한은행
72086,케이비이스트제일차,KRZF0115N1G1,케이비이스트제일차 20260113-90-1,N,20260113,20260413,대출채권,KRW,,5000000000,5000000000,32,A1,A1,,,동방,차환발행위험(유동성 공여형 매입약정),금융기관,국민은행
72086,케이비이스트제일차,KRZF0115N2G1,케이비이스트제일차 20260113-90-2,N,20260113,20260413,대출채권,KRW,,4200000000,4200000000,32,A1,A1,,,동방,차환발행위험(유동성 공여형 매입약정),금융기관,국민은행
73363,더웨일제이십차,KRZF0025P1G1,더웨일제이십차 20260112-218-1,N,20260112,20260818,정기예금,KRW,,5000000000,5000000000,159,,A1,A1,,신한은행,자체 신용보강,자체 신용보강,신한은행
73363,더웨일제이십차,KRZF0025PAG1,더웨일제이십차 20260112-218-10,N,20260112,20260818,정기예금,KRW,,5000000000,5000000000,159,,A1,A1,,신한은행,자체 신용보강,자체 신용보강,신한은행
73363,더웨일제이십차,KRZF0025PBG1,더웨일제이십차 20260112-218-11,N,20260112,20260818,정기예금,KRW,,5000000000,5000000000,159,,A1,A1,,신한은행,자체 신용보강,자체 신용보강,신한은행
73363,더웨일제이십차,KRZF0025PCG1,더웨일제이십차 20260112-218-12,N,20260112,20260818,정기예금,KRW,,5000000000,5000000000,159,,A1,A1,,신한은행,자체 신용보강,자체 신용보강,신한은행
73363,더웨일제이십차,KRZF0025PDG1,더웨일제이십차 20260112-218-13,N,20260112,20260818,정기예금,KRW,,5000000000,5000000000,159,,A1,A1,,신한은행,자체 신용보강,자체 신용보강,신한은행
73363,더웨일제이십차,KRZF0025PEG1,더웨일제이십차 20260112-218-14,N,20260112,20260818,정기예금,KRW,,5000000000,5000000000,159,,A1,A1,,신한은행,자체 신용보강,자체 신용보강,신한은행
73363,더웨일제이십차,KRZF0025PFG1,더웨일제이십차 20260112-218-15,N,20260112,20260818,정기예금,KRW,,5000000000,5000000000,159,,A1,A1,,신한은행,자체 신용보강,자체 신용보강,신한은행
73363,더웨일제이십차,KRZF0025PGG1,더웨일제이십차 20260112-218-16,N,20260112,20260818,정기예금,KRW,,5000000000,5000000000,159,,A1,A1,,신한은행,자체 신용보강,자체 신용보강,신한은행
73363,더웨일제이십차,KRZF0025PHG1,더웨일제이십차 20260112-218-17,N,20260112,20260818,정기예금,KRW,,5000000000,5000000000,159,,A1,A1,,신한은행,자체 신용보강,자체 신용보강,신한은행
73363,더웨일제이십차,KRZF0025PJG1,더웨일제이십차 20260112-218-18,N,20260112,20260818,정기예금,KRW,,5000000000,5000000000,159,,A1,A1,,신한은행,자체 신용보강,자체 신용보강,신한은행
73363,더웨일제이십차,KRZF0025PKG1,더웨일제이십차 20260112-218-19,N,20260112,20260818,정기예금,KRW,,5000000000,5000000000,159,,A1,A1,,신한은행,자체 신용보강,자체 신용보강,신한은행
73363,더웨일제이십차,KRZF0025P2G1,더웨일제이십차 20260112-218-2,N,20260112,20260818,정기예금,KRW,,5000000000,5000000000,159,,A1,A1,,신한은행,자체 신용보강,자체 신용보강,신한은행
73363,더웨일제이십차,KRZF0025PLG1,더웨일제이십차 20260112-218-20,N,20260112,20260818,정기예금,KRW,,5000000000,5000000000,159,,A1,A1,,신한은행,자체 신용보강,자체 신용보강,신한은행
73363,더웨일제이십차,KRZF0025PMG1,더웨일제이십차 20260112-218-21,N,20260112,20260818,정기예금,KRW,,5000000000,5000000000,159,,A1,A1,,신한은행,자체 신용보강,자체 신용보강,신한은행
73363,더웨일제이십차,KRZF0025PNG1,더웨일제이십차 20260112-218-22,N,20260112,20260818,정기예금,KRW,,5000000000,5000000000,159,,A1,A1,,신한은행,자체 신용보강,자체 신용보강,신한은행
73363,더웨일제이십차,KRZF0025PPG1,더웨일제이십차 20260112-218-23,N,20260112,20260818,정기예금,KRW,,5000000000,5000000000,159,,A1,A1,,신한은행,자체 신용보강,자체 신용보강,신한은행
73363,더웨일제이십차,KRZF0025PQG1,더웨일제이십차 20260112-218-24,N,20260112,20260818,정기예금,KRW,,5000000000,5000000000,159,,A1,A1,,신한은행,자체 신용보강,자체 신용보강,신한은행
73363,더웨일제이십차,KRZF0025PRG1,더웨일제이십차 20260112-218-25,N,20260112,20260818,정기예금,KRW,,5000000000,5000000000,159,,A1,A1,,신한은행,자체 신용보강,자체 신용보강,신한은행
73363,더웨일제이십차,KRZF0025PSG1,더웨일제이십차 20260112-218-26,N,20260112,20260818,정기예금,KRW,,5000000000,5000000000,159,,A1,A1,,신한은행,자체 신용보강,자체 신용보강,신한은행
73363,더웨일제이십차,KRZF0025PTG1,더웨일제이십차 20260112-218-27,N,20260112,20260818,정기예금,KRW,,5000000000,5000000000,159,,A1,A1,,신한은행,자체 신용보강,자체 신용보강,신한은행
73363,더웨일제이십차,KRZF0025PVG1,더웨일제이십차 20260112-218-28,N,20260112,20260818,정기예금,KRW,,5000000000,5000000000,159,,A1,A1,,신한은행,자체 신용보강,자체 신용보강,신한은행
73363,더웨일제이십차,KRZF0025PWG1,더웨일제이십차 20260112-218-29,N,20260112,20260818,정기예금,KRW,,5000000000,5000000000,159,,A1,A1,,신한은행,자체 신용보강,자체 신용보강,신한은행
73363,더웨일제이십차,KRZF0025P3G1,더웨일제이십차 20260112-218-3,N,20260112,20260818,정기예금,KRW,,5000000000,5000000000,159,,A1,A1,,신한은행,자체 신용보강,자체 신용보강,신한은행
73363,더웨일제이십차,KRZF0025PXG1,더웨일제이십차 20260112-218-30,N,20260112,20260818,정기예금,KRW,,5000000000,5000000000,159,,A1,A1,,신한은행,자체 신용보강,자체 신용보강,신한은행
73363,더웨일제이십차,KRZF0025PYG1,더웨일제이십차 20260112-218-31,N,20260112,20260818,정기예금,KRW,,5000000000,5000000000,159,,A1,A1,,신한은행,자체 신용보강,자체 신용보강,신한은행
73363,더웨일제이십차,KRZF0025PZG1,더웨일제이십차 20260112-218-32,N,20260112,20260818,정기예금,KRW,,5000000000,5000000000,159,,A1,A1,,신한은행,자체 신용보강,자체 신용보강,신한은행
73363,더웨일제이십차,KRZF0025P0GD,더웨일제이십차 20260112-218-33,N,20260112,20260818,정기예금,KRW,,5000000000,5000000000,159,,A1,A1,,신한은행,자체 신용보강,자체 신용보강,신한은행
73363,더웨일제이십차,KRZF0025P1GD,더웨일제이십차 20260112-218-34,N,20260112,20260818,정기예금,KRW,,5000000000,5000000000,159,,A1,A1,,신한은행,자체 신용보강,자체 신용보강,신한은행
73363,더웨일제이십차,KRZF0025P2GD,더웨일제이십차 20260112-218-35,N,20260112,20260818,정기예금,KRW,,5000000000,5000000000,159,,A1,A1,,신한은행,자체 신용보강,자체 신용보강,신한은행
73363,더웨일제이십차,KRZF0025P3GD,더웨일제이십차 20260112-218-36,N,20260112,20260818,정기예금,KRW,,5000000000,5000000000,159,,A1,A1,,신한은행,자체 신용보강,자체 신용보강,신한은행
73363,더웨일제이십차,KRZF0025P4GD,더웨일제이십차 20260112-218-37,N,20260112,20260818,정기예금,KRW,,5000000000,5000000000,159,,A1,A1,,신한은행,자체 신용보강,자체 신용보강,신한은행
73363,더웨일제이십차,KRZF0025P5GD,더웨일제이십차 20260112-218-38,N,20260112,20260818,정기예금,KRW,,5000000000,5000000000,159,,A1,A1,,신한은행,자체 신용보강,자체 신용보강,신한은행
73363,더웨일제이십차,KRZF0025P6GD,더웨일제이십차 20260112-218-39,N,20260112,20260818,정기예금,KRW,,5000000000,5000000000,159,,A1,A1,,신한은행,자체 신용보강,자체 신용보강,신한은행
73363,더웨일제이십차,KRZF0025P4G1,더웨일제이십차 20260112-218-4,N,20260112,20260818,정기예금,KRW,,5000000000,5000000000,159,,A1,A1,,신한은행,자체 신용보강,자체 신용보강,신한은행
73363,더웨일제이십차,KRZF0025P7GD,더웨일제이십차 20260112-218-40,N,20260112,20260818,정기예금,KRW,,5000000000,5000000000,159,,A1,A1,,신한은행,자체 신용보강,자체 신용보강,신한은행
73363,더웨일제이십차,KRZF0025P8GD,더웨일제이십차 20260112-218-41,N,20260112,20260818,정기예금,KRW,,5000000000,5000000000,159,,A1,A1,,신한은행,자체 신용보강,자체 신용보강,신한은행
73363,더웨일제이십차,KRZF0025P9GD,더웨일제이십차 20260112-218-42,N,20260112,20260818,정기예금,KRW,,5000000000,5000000000,159,,A1,A1,,신한은행,자체 신용보강,자체 신용보강,신한은행
73363,더웨일제이십차,KRZF0025PAGD,더웨일제이십차 20260112-218-43,N,20260112,20260818,정기예금,KRW,,5000000000,5000000000,159,,A1,A1,,신한은행,자체 신용보강,자체 신용보강,신한은행
73363,더웨일제이십차,KRZF0025PBGD,더웨일제이십차 20260112-218-44,N,20260112,20260818,정기예금,KRW,,5000000000,5000000000,159,,A1,A1,,신한은행,자체 신용보강,자체 신용보강,신한은행
73363,더웨일제이십차,KRZF0025PCGD,더웨일제이십차 20260112-218-45,N,20260112,20260818,정기예금,KRW,,5000000000,5000000000,159,,A1,A1,,신한은행,자체 신용보강,자체 신용보강,신한은행
73363,더웨일제이십차,KRZF0025PDGD,더웨일제이십차 20260112-218-46,N,20260112,20260818,정기예금,KRW,,5000000000,5000000000,159,,A1,A1,,신한은행,자체 신용보강,자체 신용보강,신한은행
73363,더웨일제이십차,KRZF0025PEGD,더웨일제이십차 20260112-218-47,N,20260112,20260818,정기예금,KRW,,5000000000,5000000000,159,,A1,A1,,신한은행,자체 신용보강,자체 신용보강,신한은행
73363,더웨일제이십차,KRZF0025PFGD,더웨일제이십차 20260112-218-48,N,20260112,20260818,정기예금,KRW,,5000000000,5000000000,159,,A1,A1,,신한은행,자체 신용보강,자체 신용보강,신한은행
73363,더웨일제이십차,KRZF0025PGGD,더웨일제이십차 20260112-218-49,N,20260112,20260818,정기예금,KRW,,5000000000,5000000000,159,,A1,A1,,신한은행,자체 신용보강,자체 신용보강,신한은행
73363,더웨일제이십차,KRZF0025P5G1,더웨일제이십차 20260112-218-5,N,20260112,20260818,정기예금,KRW,,5000000000,5000000000,159,,A1,A1,,신한은행,자체 신용보강,자체 신용보강,신한은행
73363,더웨일제이십차,KRZF0025P6G1,더웨일제이십차 20260112-218-6,N,20260112,20260818,정기예금,KRW,,5000000000,5000000000,159,,A1,A1,,신한은행,자체 신용보강,자체 신용보강,신한은행
73363,더웨일제이십차,KRZF0025P7G1,더웨일제이십차 20260112-218-7,N,20260112,20260818,정기예금,KRW,,5000000000,5000000000,159,,A1,A1,,신한은행,자체 신용보강,자체 신용보강,신한은행
73363,더웨일제이십차,KRZF0025P8G1,더웨일제이십차 20260112-218-8,N,20260112,20260818,정기예금,KRW,,5000000000,5000000000,159,,A1,A1,,신한은행,자체 신용보강,자체 신용보강,신한은행
73363,더웨일제이십차,KRZF0025P9G1,더웨일제이십차 20260112-218-9,N,20260112,20260818,정기예금,KRW,,5000000000,5000000000,159,,A1,A1,,신한은행,자체 신용보강,자체 신용보강,신한은행
66309,디엠폴리제일차,KRZFA88271G1,디엠폴리제일차 20260112-91-1,N,20260112,20260413,대출채권,KRW,,5000000000,5000000000,32,A1,A1,,,대명화학,외부 신용보강,금융기관,한국산업은행
66309,디엠폴리제일차,KRZFA88272G1,디엠폴리제일차 20260112-91-2,N,20260112,20260413,대출채권,KRW,,5000000000,5000000000,32,A1,A1,,,대명화학,외부 신용보강,금융기관,한국산업은행
66309,디엠폴리제일차,KRZFA88273G1,디엠폴리제일차 20260112-91-3,N,20260112,20260413,대출채권,KRW,,5000000000,5000000000,32,A1,A1,,,대명화학,외부 신용보강,금융기관,한국산업은행
66309,디엠폴리제일차,KRZFA88274G1,디엠폴리제일차 20260112-91-4,N,20260112,20260413,대출채권,KRW,,5000000000,5000000000,32,A1,A1,,,대명화학,외부 신용보강,금융기관,한국산업은행
66309,디엠폴리제일차,KRZFA88275G1,디엠폴리제일차 20260112-91-5,N,20260112,20260413,대출채권,KRW,,5000000000,5000000000,32,A1,A1,,,대명화학,외부 신용보강,금융기관,한국산업은행
66309,디엠폴리제일차,KRZFA88276G1,디엠폴리제일차 20260112-91-6,N,20260112,20260413,대출채권,KRW,,5000000000,5000000000,32,A1,A1,,,대명화학,외부 신용보강,금융기관,한국산업은행
67429,디케이남한강,KRZFA89381G1,디케이남한강 20260112-91-1,Y,20260112,20260413,PF대출채권,KRW,,9500000000,9500000000,32,A1,,A1,,남한강에스파크컨트리클럽(주),외부 신용보강,금융기관,교보증권
73346,디피에스제이차,KRZF378671G1,디피에스제이차 20260112-357-1,N,20260112,20270104,매출채권,KRW,,3800000000,3800000000,298,,A1,A1,,블루월넛(주),자체 신용보강,자체 신용보강,현대카드
73346,디피에스제이차,KRZF378672G1,디피에스제이차 20260112-357-2,N,20260112,20270104,매출채권,KRW,,200000000,200000000,298,,A1,A1,,블루월넛(주),자체 신용보강,자체 신용보강,현대카드
70883,부전마산비티엘,KRZF215891G1,부전마산비티엘 20260112-91-1,N,20260112,20260413,대출채권,KRW,,10000000000,10000000000,32,A1,A1,,,스마트레일(주),차환발행위험(유동성 공여형 매입약정),금융기관,신한은행
70883,부전마산비티엘,KRZF215891G1,부전마산비티엘 20260112-91-1,N,20260112,20260413,대출채권,KRW,,10000000000,10000000000,32,A1,A1,,,스마트레일(주),차환발행위험(유동성 공여형 매입약정),,하나은행
70883,부전마산비티엘,KRZF215891G1,부전마산비티엘 20260112-91-1,N,20260112,20260413,대출채권,KRW,,10000000000,10000000000,32,A1,A1,,,스마트레일(주),차환발행위험(유동성 공여형 매입약정),금융기관,부산은행
70883,부전마산비티엘,KRZF215891G1,부전마산비티엘 20260112-91-1,N,20260112,20260413,대출채권,KRW,,10000000000,10000000000,32,A1,A1,,,스마트레일(주),차환발행위험(유동성 공여형 매입약정),,전북은행
70883,부전마산비티엘,KRZF215891G1,부전마산비티엘 20260112-91-1,N,20260112,20260413,대출채권,KRW,,10000000000,10000000000,32,A1,A1,,,스마트레일(주),차환발행위험(유동성 공여형 매입약정),금융기관,중소기업은행
70883,부전마산비티엘,KRZF21589AG1,부전마산비티엘 20260112-91-10,N,20260112,20260413,대출채권,KRW,,10000000000,10000000000,32,A1,A1,,,스마트레일(주),차환발행위험(유동성 공여형 매입약정),금융기관,신한은행
70883,부전마산비티엘,KRZF21589AG1,부전마산비티엘 20260112-91-10,N,20260112,20260413,대출채권,KRW,,10000000000,10000000000,32,A1,A1,,,스마트레일(주),차환발행위험(유동성 공여형 매입약정),,하나은행
70883,부전마산비티엘,KRZF21589AG1,부전마산비티엘 20260112-91-10,N,20260112,20260413,대출채권,KRW,,10000000000,10000000000,32,A1,A1,,,스마트레일(주),차환발행위험(유동성 공여형 매입약정),금융기관,부산은행
70883,부전마산비티엘,KRZF21589AG1,부전마산비티엘 20260112-91-10,N,20260112,20260413,대출채권,KRW,,10000000000,10000000000,32,A1,A1,,,스마트레일(주),차환발행위험(유동성 공여형 매입약정),,전북은행
70883,부전마산비티엘,KRZF21589AG1,부전마산비티엘 20260112-91-10,N,20260112,20260413,대출채권,KRW,,10000000000,10000000000,32,A1,A1,,,스마트레일(주),차환발행위험(유동성 공여형 매입약정),금융기관,중소기업은행
70883,부전마산비티엘,KRZF21589BG1,부전마산비티엘 20260112-91-11,N,20260112,20260413,대출채권,KRW,,10000000000,10000000000,32,A1,A1,,,스마트레일(주),차환발행위험(유동성 공여형 매입약정),금융기관,신한은행
70883,부전마산비티엘,KRZF21589BG1,부전마산비티엘 20260112-91-11,N,20260112,20260413,대출채권,KRW,,10000000000,10000000000,32,A1,A1,,,스마트레일(주),차환발행위험(유동성 공여형 매입약정),,하나은행
70883,부전마산비티엘,KRZF21589BG1,부전마산비티엘 20260112-91-11,N,20260112,20260413,대출채권,KRW,,10000000000,10000000000,32,A1,A1,,,스마트레일(주),차환발행위험(유동성 공여형 매입약정),금융기관,부산은행
70883,부전마산비티엘,KRZF21589BG1,부전마산비티엘 20260112-91-11,N,20260112,20260413,대출채권,KRW,,10000000000,10000000000,32,A1,A1,,,스마트레일(주),차환발행위험(유동성 공여형 매입약정),,전북은행
70883,부전마산비티엘,KRZF21589BG1,부전마산비티엘 20260112-91-11,N,20260112,20260413,대출채권,KRW,,10000000000,10000000000,32,A1,A1,,,스마트레일(주),차환발행위험(유동성 공여형 매입약정),금융기관,중소기업은행
70883,부전마산비티엘,KRZF21589CG1,부전마산비티엘 20260112-91-12,N,20260112,20260413,대출채권,KRW,,5000000000,5000000000,32,A1,A1,,,스마트레일(주),차환발행위험(유동성 공여형 매입약정),금융기관,신한은행
70883,부전마산비티엘,KRZF21589CG1,부전마산비티엘 20260112-91-12,N,20260112,20260413,대출채권,KRW,,5000000000,5000000000,32,A1,A1,,,스마트레일(주),차환발행위험(유동성 공여형 매입약정),,하나은행
70883,부전마산비티엘,KRZF21589CG1,부전마산비티엘 20260112-91-12,N,20260112,20260413,대출채권,KRW,,5000000000,5000000000,32,A1,A1,,,스마트레일(주),차환발행위험(유동성 공여형 매입약정),금융기관,부산은행
70883,부전마산비티엘,KRZF21589CG1,부전마산비티엘 20260112-91-12,N,20260112,20260413,대출채권,KRW,,5000000000,5000000000,32,A1,A1,,,스마트레일(주),차환발행위험(유동성 공여형 매입약정),,전북은행
70883,부전마산비티엘,KRZF21589CG1,부전마산비티엘 20260112-91-12,N,20260112,20260413,대출채권,KRW,,5000000000,5000000000,32,A1,A1,,,스마트레일(주),차환발행위험(유동성 공여형 매입약정),금융기관,중소기업은행
70883,부전마산비티엘,KRZF21589DG1,부전마산비티엘 20260112-91-13,N,20260112,20260413,대출채권,KRW,,5000000000,5000000000,32,A1,A1,,,스마트레일(주),차환발행위험(유동성 공여형 매입약정),금융기관,신한은행
70883,부전마산비티엘,KRZF21589DG1,부전마산비티엘 20260112-91-13,N,20260112,20260413,대출채권,KRW,,5000000000,5000000000,32,A1,A1,,,스마트레일(주),차환발행위험(유동성 공여형 매입약정),,하나은행
70883,부전마산비티엘,KRZF21589DG1,부전마산비티엘 20260112-91-13,N,20260112,20260413,대출채권,KRW,,5000000000,5000000000,32,A1,A1,,,스마트레일(주),차환발행위험(유동성 공여형 매입약정),금융기관,부산은행
70883,부전마산비티엘,KRZF21589DG1,부전마산비티엘 20260112-91-13,N,20260112,20260413,대출채권,KRW,,5000000000,5000000000,32,A1,A1,,,스마트레일(주),차환발행위험(유동성 공여형 매입약정),,전북은행
70883,부전마산비티엘,KRZF21589DG1,부전마산비티엘 20260112-91-13,N,20260112,20260413,대출채권,KRW,,5000000000,5000000000,32,A1,A1,,,스마트레일(주),차환발행위험(유동성 공여형 매입약정),금융기관,중소기업은행
70883,부전마산비티엘,KRZF21589EG1,부전마산비티엘 20260112-91-14,N,20260112,20260413,대출채권,KRW,,5000000000,5000000000,32,A1,A1,,,스마트레일(주),차환발행위험(유동성 공여형 매입약정),금융기관,신한은행
70883,부전마산비티엘,KRZF21589EG1,부전마산비티엘 20260112-91-14,N,20260112,20260413,대출채권,KRW,,5000000000,5000000000,32,A1,A1,,,스마트레일(주),차환발행위험(유동성 공여형 매입약정),,하나은행
70883,부전마산비티엘,KRZF21589EG1,부전마산비티엘 20260112-91-14,N,20260112,20260413,대출채권,KRW,,5000000000,5000000000,32,A1,A1,,,스마트레일(주),차환발행위험(유동성 공여형 매입약정),금융기관,부산은행
70883,부전마산비티엘,KRZF21589EG1,부전마산비티엘 20260112-91-14,N,20260112,20260413,대출채권,KRW,,5000000000,5000000000,32,A1,A1,,,스마트레일(주),차환발행위험(유동성 공여형 매입약정),,전북은행
70883,부전마산비티엘,KRZF21589EG1,부전마산비티엘 20260112-91-14,N,20260112,20260413,대출채권,KRW,,5000000000,5000000000,32,A1,A1,,,스마트레일(주),차환발행위험(유동성 공여형 매입약정),금융기관,중소기업은행
70883,부전마산비티엘,KRZF21589FG1,부전마산비티엘 20260112-91-15,N,20260112,20260413,대출채권,KRW,,5000000000,5000000000,32,A1,A1,,,스마트레일(주),차환발행위험(유동성 공여형 매입약정),금융기관,신한은행
70883,부전마산비티엘,KRZF21589FG1,부전마산비티엘 20260112-91-15,N,20260112,20260413,대출채권,KRW,,5000000000,5000000000,32,A1,A1,,,스마트레일(주),차환발행위험(유동성 공여형 매입약정),,하나은행
70883,부전마산비티엘,KRZF21589FG1,부전마산비티엘 20260112-91-15,N,20260112,20260413,대출채권,KRW,,5000000000,5000000000,32,A1,A1,,,스마트레일(주),차환발행위험(유동성 공여형 매입약정),금융기관,부산은행
70883,부전마산비티엘,KRZF21589FG1,부전마산비티엘 20260112-91-15,N,20260112,20260413,대출채권,KRW,,5000000000,5000000000,32,A1,A1,,,스마트레일(주),차환발행위험(유동성 공여형 매입약정),,전북은행
70883,부전마산비티엘,KRZF21589FG1,부전마산비티엘 20260112-91-15,N,20260112,20260413,대출채권,KRW,,5000000000,5000000000,32,A1,A1,,,스마트레일(주),차환발행위험(유동성 공여형 매입약정),금융기관,중소기업은행
70883,부전마산비티엘,KRZF21589GG1,부전마산비티엘 20260112-91-16,N,20260112,20260413,대출채권,KRW,,5000000000,5000000000,32,A1,A1,,,스마트레일(주),차환발행위험(유동성 공여형 매입약정),금융기관,신한은행
70883,부전마산비티엘,KRZF21589GG1,부전마산비티엘 20260112-91-16,N,20260112,20260413,대출채권,KRW,,5000000000,5000000000,32,A1,A1,,,스마트레일(주),차환발행위험(유동성 공여형 매입약정),,하나은행
70883,부전마산비티엘,KRZF21589GG1,부전마산비티엘 20260112-91-16,N,20260112,20260413,대출채권,KRW,,5000000000,5000000000,32,A1,A1,,,스마트레일(주),차환발행위험(유동성 공여형 매입약정),금융기관,부산은행
70883,부전마산비티엘,KRZF21589GG1,부전마산비티엘 20260112-91-16,N,20260112,20260413,대출채권,KRW,,5000000000,5000000000,32,A1,A1,,,스마트레일(주),차환발행위험(유동성 공여형 매입약정),,전북은행
70883,부전마산비티엘,KRZF21589GG1,부전마산비티엘 20260112-91-16,N,20260112,20260413,대출채권,KRW,,5000000000,5000000000,32,A1,A1,,,스마트레일(주),차환발행위험(유동성 공여형 매입약정),금융기관,중소기업은행
70883,부전마산비티엘,KRZF21589HG1,부전마산비티엘 20260112-91-17,N,20260112,20260413,대출채권,KRW,,5000000000,5000000000,32,A1,A1,,,스마트레일(주),차환발행위험(유동성 공여형 매입약정),금융기관,신한은행
70883,부전마산비티엘,KRZF21589HG1,부전마산비티엘 20260112-91-17,N,20260112,20260413,대출채권,KRW,,5000000000,5000000000,32,A1,A1,,,스마트레일(주),차환발행위험(유동성 공여형 매입약정),,하나은행
70883,부전마산비티엘,KRZF21589HG1,부전마산비티엘 20260112-91-17,N,20260112,20260413,대출채권,KRW,,5000000000,5000000000,32,A1,A1,,,스마트레일(주),차환발행위험(유동성 공여형 매입약정),금융기관,부산은행
70883,부전마산비티엘,KRZF21589HG1,부전마산비티엘 20260112-91-17,N,20260112,20260413,대출채권,KRW,,5000000000,5000000000,32,A1,A1,,,스마트레일(주),차환발행위험(유동성 공여형 매입약정),,전북은행
70883,부전마산비티엘,KRZF21589HG1,부전마산비티엘 20260112-91-17,N,20260112,20260413,대출채권,KRW,,5000000000,5000000000,32,A1,A1,,,스마트레일(주),차환발행위험(유동성 공여형 매입약정),금융기관,중소기업은행
70883,부전마산비티엘,KRZF21589JG1,부전마산비티엘 20260112-91-18,N,20260112,20260413,대출채권,KRW,,5000000000,5000000000,32,A1,A1,,,스마트레일(주),차환발행위험(유동성 공여형 매입약정),금융기관,신한은행
70883,부전마산비티엘,KRZF21589JG1,부전마산비티엘 20260112-91-18,N,20260112,20260413,대출채권,KRW,,5000000000,5000000000,32,A1,A1,,,스마트레일(주),차환발행위험(유동성 공여형 매입약정),,하나은행
70883,부전마산비티엘,KRZF21589JG1,부전마산비티엘 20260112-91-18,N,20260112,20260413,대출채권,KRW,,5000000000,5000000000,32,A1,A1,,,스마트레일(주),차환발행위험(유동성 공여형 매입약정),금융기관,부산은행
70883,부전마산비티엘,KRZF21589JG1,부전마산비티엘 20260112-91-18,N,20260112,20260413,대출채권,KRW,,5000000000,5000000000,32,A1,A1,,,스마트레일(주),차환발행위험(유동성 공여형 매입약정),,전북은행
70883,부전마산비티엘,KRZF21589JG1,부전마산비티엘 20260112-91-18,N,20260112,20260413,대출채권,KRW,,5000000000,5000000000,32,A1,A1,,,스마트레일(주),차환발행위험(유동성 공여형 매입약정),금융기관,중소기업은행
70883,부전마산비티엘,KRZF21589KG1,부전마산비티엘 20260112-91-19,N,20260112,20260413,대출채권,KRW,,5000000000,5000000000,32,A1,A1,,,스마트레일(주),차환발행위험(유동성 공여형 매입약정),금융기관,신한은행
70883,부전마산비티엘,KRZF21589KG1,부전마산비티엘 20260112-91-19,N,20260112,20260413,대출채권,KRW,,5000000000,5000000000,32,A1,A1,,,스마트레일(주),차환발행위험(유동성 공여형 매입약정),,하나은행
70883,부전마산비티엘,KRZF21589KG1,부전마산비티엘 20260112-91-19,N,20260112,20260413,대출채권,KRW,,5000000000,5000000000,32,A1,A1,,,스마트레일(주),차환발행위험(유동성 공여형 매입약정),금융기관,부산은행
70883,부전마산비티엘,KRZF21589KG1,부전마산비티엘 20260112-91-19,N,20260112,20260413,대출채권,KRW,,5000000000,5000000000,32,A1,A1,,,스마트레일(주),차환발행위험(유동성 공여형 매입약정),,전북은행
70883,부전마산비티엘,KRZF21589KG1,부전마산비티엘 20260112-91-19,N,20260112,20260413,대출채권,KRW,,5000000000,5000000000,32,A1,A1,,,스마트레일(주),차환발행위험(유동성 공여형 매입약정),금융기관,중소기업은행
70883,부전마산비티엘,KRZF215892G1,부전마산비티엘 20260112-91-2,N,20260112,20260413,대출채권,KRW,,10000000000,10000000000,32,A1,A1,,,스마트레일(주),차환발행위험(유동성 공여형 매입약정),금융기관,신한은행
70883,부전마산비티엘,KRZF215892G1,부전마산비티엘 20260112-91-2,N,20260112,20260413,대출채권,KRW,,10000000000,10000000000,32,A1,A1,,,스마트레일(주),차환발행위험(유동성 공여형 매입약정),,하나은행
70883,부전마산비티엘,KRZF215892G1,부전마산비티엘 20260112-91-2,N,20260112,20260413,대출채권,KRW,,10000000000,10000000000,32,A1,A1,,,스마트레일(주),차환발행위험(유동성 공여형 매입약정),금융기관,부산은행
70883,부전마산비티엘,KRZF215892G1,부전마산비티엘 20260112-91-2,N,20260112,20260413,대출채권,KRW,,10000000000,10000000000,32,A1,A1,,,스마트레일(주),차환발행위험(유동성 공여형 매입약정),,전북은행
70883,부전마산비티엘,KRZF215892G1,부전마산비티엘 20260112-91-2,N,20260112,20260413,대출채권,KRW,,10000000000,10000000000,32,A1,A1,,,스마트레일(주),차환발행위험(유동성 공여형 매입약정),금융기관,중소기업은행
70883,부전마산비티엘,KRZF21589LG1,부전마산비티엘 20260112-91-20,N,20260112,20260413,대출채권,KRW,,5000000000,5000000000,32,A1,A1,,,스마트레일(주),차환발행위험(유동성 공여형 매입약정),금융기관,신한은행
70883,부전마산비티엘,KRZF21589LG1,부전마산비티엘 20260112-91-20,N,20260112,20260413,대출채권,KRW,,5000000000,5000000000,32,A1,A1,,,스마트레일(주),차환발행위험(유동성 공여형 매입약정),,하나은행
70883,부전마산비티엘,KRZF21589LG1,부전마산비티엘 20260112-91-20,N,20260112,20260413,대출채권,KRW,,5000000000,5000000000,32,A1,A1,,,스마트레일(주),차환발행위험(유동성 공여형 매입약정),금융기관,부산은행
70883,부전마산비티엘,KRZF21589LG1,부전마산비티엘 20260112-91-20,N,20260112,20260413,대출채권,KRW,,5000000000,5000000000,32,A1,A1,,,스마트레일(주),차환발행위험(유동성 공여형 매입약정),,전북은행
70883,부전마산비티엘,KRZF21589LG1,부전마산비티엘 20260112-91-20,N,20260112,20260413,대출채권,KRW,,5000000000,5000000000,32,A1,A1,,,스마트레일(주),차환발행위험(유동성 공여형 매입약정),금융기관,중소기업은행
70883,부전마산비티엘,KRZF21589MG1,부전마산비티엘 20260112-91-21,N,20260112,20260413,대출채권,KRW,,4500000000,4500000000,32,A1,A1,,,스마트레일(주),차환발행위험(유동성 공여형 매입약정),금융기관,신한은행
70883,부전마산비티엘,KRZF21589MG1,부전마산비티엘 20260112-91-21,N,20260112,20260413,대출채권,KRW,,4500000000,4500000000,32,A1,A1,,,스마트레일(주),차환발행위험(유동성 공여형 매입약정),,하나은행
70883,부전마산비티엘,KRZF21589MG1,부전마산비티엘 20260112-91-21,N,20260112,20260413,대출채권,KRW,,4500000000,4500000000,32,A1,A1,,,스마트레일(주),차환발행위험(유동성 공여형 매입약정),금융기관,부산은행
70883,부전마산비티엘,KRZF21589MG1,부전마산비티엘 20260112-91-21,N,20260112,20260413,대출채권,KRW,,4500000000,4500000000,32,A1,A1,,,스마트레일(주),차환발행위험(유동성 공여형 매입약정),,전북은행
70883,부전마산비티엘,KRZF21589MG1,부전마산비티엘 20260112-91-21,N,20260112,20260413,대출채권,KRW,,4500000000,4500000000,32,A1,A1,,,스마트레일(주),차환발행위험(유동성 공여형 매입약정),금융기관,중소기업은행
70883,부전마산비티엘,KRZF21589NG1,부전마산비티엘 20260112-91-22,N,20260112,20260413,대출채권,KRW,,19560741,19560741,32,A1,A1,,,스마트레일(주),차환발행위험(유동성 공여형 매입약정),금융기관,신한은행
70883,부전마산비티엘,KRZF21589NG1,부전마산비티엘 20260112-91-22,N,20260112,20260413,대출채권,KRW,,19560741,19560741,32,A1,A1,,,스마트레일(주),차환발행위험(유동성 공여형 매입약정),,하나은행
70883,부전마산비티엘,KRZF21589NG1,부전마산비티엘 20260112-91-22,N,20260112,20260413,대출채권,KRW,,19560741,19560741,32,A1,A1,,,스마트레일(주),차환발행위험(유동성 공여형 매입약정),금융기관,부산은행
70883,부전마산비티엘,KRZF21589NG1,부전마산비티엘 20260112-91-22,N,20260112,20260413,대출채권,KRW,,19560741,19560741,32,A1,A1,,,스마트레일(주),차환발행위험(유동성 공여형 매입약정),,전북은행
70883,부전마산비티엘,KRZF21589NG1,부전마산비티엘 20260112-91-22,N,20260112,20260413,대출채권,KRW,,19560741,19560741,32,A1,A1,,,스마트레일(주),차환발행위험(유동성 공여형 매입약정),금융기관,중소기업은행
70883,부전마산비티엘,KRZF21589PG1,부전마산비티엘 20260112-91-23,N,20260112,20260413,대출채권,KRW,,20000000000,20000000000,32,A1,A1,,,스마트레일(주),차환발행위험(유동성 공여형 매입약정),금융기관,신한은행
70883,부전마산비티엘,KRZF21589PG1,부전마산비티엘 20260112-91-23,N,20260112,20260413,대출채권,KRW,,20000000000,20000000000,32,A1,A1,,,스마트레일(주),차환발행위험(유동성 공여형 매입약정),,하나은행
70883,부전마산비티엘,KRZF21589PG1,부전마산비티엘 20260112-91-23,N,20260112,20260413,대출채권,KRW,,20000000000,20000000000,32,A1,A1,,,스마트레일(주),차환발행위험(유동성 공여형 매입약정),금융기관,부산은행
70883,부전마산비티엘,KRZF21589PG1,부전마산비티엘 20260112-91-23,N,20260112,20260413,대출채권,KRW,,20000000000,20000000000,32,A1,A1,,,스마트레일(주),차환발행위험(유동성 공여형 매입약정),,전북은행
70883,부전마산비티엘,KRZF21589PG1,부전마산비티엘 20260112-91-23,N,20260112,20260413,대출채권,KRW,,20000000000,20000000000,32,A1,A1,,,스마트레일(주),차환발행위험(유동성 공여형 매입약정),금융기관,중소기업은행
70883,부전마산비티엘,KRZF21589QG1,부전마산비티엘 20260112-91-24,N,20260112,20260413,대출채권,KRW,,10000000000,10000000000,32,A1,A1,,,스마트레일(주),차환발행위험(유동성 공여형 매입약정),금융기관,신한은행
70883,부전마산비티엘,KRZF21589QG1,부전마산비티엘 20260112-91-24,N,20260112,20260413,대출채권,KRW,,10000000000,10000000000,32,A1,A1,,,스마트레일(주),차환발행위험(유동성 공여형 매입약정),,하나은행
70883,부전마산비티엘,KRZF21589QG1,부전마산비티엘 20260112-91-24,N,20260112,20260413,대출채권,KRW,,10000000000,10000000000,32,A1,A1,,,스마트레일(주),차환발행위험(유동성 공여형 매입약정),금융기관,부산은행
70883,부전마산비티엘,KRZF21589QG1,부전마산비티엘 20260112-91-24,N,20260112,20260413,대출채권,KRW,,10000000000,10000000000,32,A1,A1,,,스마트레일(주),차환발행위험(유동성 공여형 매입약정),,전북은행
70883,부전마산비티엘,KRZF21589QG1,부전마산비티엘 20260112-91-24,N,20260112,20260413,대출채권,KRW,,10000000000,10000000000,32,A1,A1,,,스마트레일(주),차환발행위험(유동성 공여형 매입약정),금융기관,중소기업은행
70883,부전마산비티엘,KRZF21589RG1,부전마산비티엘 20260112-91-25,N,20260112,20260413,대출채권,KRW,,10000000000,10000000000,32,A1,A1,,,스마트레일(주),차환발행위험(유동성 공여형 매입약정),금융기관,신한은행
70883,부전마산비티엘,KRZF21589RG1,부전마산비티엘 20260112-91-25,N,20260112,20260413,대출채권,KRW,,10000000000,10000000000,32,A1,A1,,,스마트레일(주),차환발행위험(유동성 공여형 매입약정),,하나은행
70883,부전마산비티엘,KRZF21589RG1,부전마산비티엘 20260112-91-25,N,20260112,20260413,대출채권,KRW,,10000000000,10000000000,32,A1,A1,,,스마트레일(주),차환발행위험(유동성 공여형 매입약정),금융기관,부산은행
70883,부전마산비티엘,KRZF21589RG1,부전마산비티엘 20260112-91-25,N,20260112,20260413,대출채권,KRW,,10000000000,10000000000,32,A1,A1,,,스마트레일(주),차환발행위험(유동성 공여형 매입약정),,전북은행
70883,부전마산비티엘,KRZF21589RG1,부전마산비티엘 20260112-91-25,N,20260112,20260413,대출채권,KRW,,10000000000,10000000000,32,A1,A1,,,스마트레일(주),차환발행위험(유동성 공여형 매입약정),금융기관,중소기업은행
70883,부전마산비티엘,KRZF21589SG1,부전마산비티엘 20260112-91-26,N,20260112,20260413,대출채권,KRW,,10000000000,10000000000,32,A1,A1,,,스마트레일(주),차환발행위험(유동성 공여형 매입약정),금융기관,신한은행
70883,부전마산비티엘,KRZF21589SG1,부전마산비티엘 20260112-91-26,N,20260112,20260413,대출채권,KRW,,10000000000,10000000000,32,A1,A1,,,스마트레일(주),차환발행위험(유동성 공여형 매입약정),,하나은행
70883,부전마산비티엘,KRZF21589SG1,부전마산비티엘 20260112-91-26,N,20260112,20260413,대출채권,KRW,,10000000000,10000000000,32,A1,A1,,,스마트레일(주),차환발행위험(유동성 공여형 매입약정),금융기관,부산은행
70883,부전마산비티엘,KRZF21589SG1,부전마산비티엘 20260112-91-26,N,20260112,20260413,대출채권,KRW,,10000000000,10000000000,32,A1,A1,,,스마트레일(주),차환발행위험(유동성 공여형 매입약정),,전북은행
70883,부전마산비티엘,KRZF21589SG1,부전마산비티엘 20260112-91-26,N,20260112,20260413,대출채권,KRW,,10000000000,10000000000,32,A1,A1,,,스마트레일(주),차환발행위험(유동성 공여형 매입약정),금융기관,중소기업은행
70883,부전마산비티엘,KRZF21589TG1,부전마산비티엘 20260112-91-27,N,20260112,20260413,대출채권,KRW,,10000000000,10000000000,32,A1,A1,,,스마트레일(주),차환발행위험(유동성 공여형 매입약정),금융기관,신한은행
70883,부전마산비티엘,KRZF21589TG1,부전마산비티엘 20260112-91-27,N,20260112,20260413,대출채권,KRW,,10000000000,10000000000,32,A1,A1,,,스마트레일(주),차환발행위험(유동성 공여형 매입약정),,하나은행
70883,부전마산비티엘,KRZF21589TG1,부전마산비티엘 20260112-91-27,N,20260112,20260413,대출채권,KRW,,10000000000,10000000000,32,A1,A1,,,스마트레일(주),차환발행위험(유동성 공여형 매입약정),금융기관,부산은행
70883,부전마산비티엘,KRZF21589TG1,부전마산비티엘 20260112-91-27,N,20260112,20260413,대출채권,KRW,,10000000000,10000000000,32,A1,A1,,,스마트레일(주),차환발행위험(유동성 공여형 매입약정),,전북은행
70883,부전마산비티엘,KRZF21589TG1,부전마산비티엘 20260112-91-27,N,20260112,20260413,대출채권,KRW,,10000000000,10000000000,32,A1,A1,,,스마트레일(주),차환발행위험(유동성 공여형 매입약정),금융기관,중소기업은행
70883,부전마산비티엘,KRZF21589VG1,부전마산비티엘 20260112-91-28,N,20260112,20260413,대출채권,KRW,,10000000000,10000000000,32,A1,A1,,,스마트레일(주),차환발행위험(유동성 공여형 매입약정),금융기관,신한은행
70883,부전마산비티엘,KRZF21589VG1,부전마산비티엘 20260112-91-28,N,20260112,20260413,대출채권,KRW,,10000000000,10000000000,32,A1,A1,,,스마트레일(주),차환발행위험(유동성 공여형 매입약정),,하나은행
70883,부전마산비티엘,KRZF21589VG1,부전마산비티엘 20260112-91-28,N,20260112,20260413,대출채권,KRW,,10000000000,10000000000,32,A1,A1,,,스마트레일(주),차환발행위험(유동성 공여형 매입약정),금융기관,부산은행
70883,부전마산비티엘,KRZF21589VG1,부전마산비티엘 20260112-91-28,N,20260112,20260413,대출채권,KRW,,10000000000,10000000000,32,A1,A1,,,스마트레일(주),차환발행위험(유동성 공여형 매입약정),,전북은행
70883,부전마산비티엘,KRZF21589VG1,부전마산비티엘 20260112-91-28,N,20260112,20260413,대출채권,KRW,,10000000000,10000000000,32,A1,A1,,,스마트레일(주),차환발행위험(유동성 공여형 매입약정),금융기관,중소기업은행
70883,부전마산비티엘,KRZF21589WG1,부전마산비티엘 20260112-91-29,N,20260112,20260413,대출채권,KRW,,10000000000,10000000000,32,A1,A1,,,스마트레일(주),차환발행위험(유동성 공여형 매입약정),금융기관,신한은행
70883,부전마산비티엘,KRZF21589WG1,부전마산비티엘 20260112-91-29,N,20260112,20260413,대출채권,KRW,,10000000000,10000000000,32,A1,A1,,,스마트레일(주),차환발행위험(유동성 공여형 매입약정),,하나은행
70883,부전마산비티엘,KRZF21589WG1,부전마산비티엘 20260112-91-29,N,20260112,20260413,대출채권,KRW,,10000000000,10000000000,32,A1,A1,,,스마트레일(주),차환발행위험(유동성 공여형 매입약정),금융기관,부산은행
70883,부전마산비티엘,KRZF21589WG1,부전마산비티엘 20260112-91-29,N,20260112,20260413,대출채권,KRW,,10000000000,10000000000,32,A1,A1,,,스마트레일(주),차환발행위험(유동성 공여형 매입약정),,전북은행
70883,부전마산비티엘,KRZF21589WG1,부전마산비티엘 20260112-91-29,N,20260112,20260413,대출채권,KRW,,10000000000,10000000000,32,A1,A1,,,스마트레일(주),차환발행위험(유동성 공여형 매입약정),금융기관,중소기업은행
70883,부전마산비티엘,KRZF215893G1,부전마산비티엘 20260112-91-3,N,20260112,20260413,대출채권,KRW,,10000000000,10000000000,32,A1,A1,,,스마트레일(주),차환발행위험(유동성 공여형 매입약정),금융기관,신한은행
70883,부전마산비티엘,KRZF215893G1,부전마산비티엘 20260112-91-3,N,20260112,20260413,대출채권,KRW,,10000000000,10000000000,32,A1,A1,,,스마트레일(주),차환발행위험(유동성 공여형 매입약정),,하나은행
70883,부전마산비티엘,KRZF215893G1,부전마산비티엘 20260112-91-3,N,20260112,20260413,대출채권,KRW,,10000000000,10000000000,32,A1,A1,,,스마트레일(주),차환발행위험(유동성 공여형 매입약정),금융기관,부산은행
70883,부전마산비티엘,KRZF215893G1,부전마산비티엘 20260112-91-3,N,20260112,20260413,대출채권,KRW,,10000000000,10000000000,32,A1,A1,,,스마트레일(주),차환발행위험(유동성 공여형 매입약정),,전북은행
70883,부전마산비티엘,KRZF215893G1,부전마산비티엘 20260112-91-3,N,20260112,20260413,대출채권,KRW,,10000000000,10000000000,32,A1,A1,,,스마트레일(주),차환발행위험(유동성 공여형 매입약정),금융기관,중소기업은행
70883,부전마산비티엘,KRZF21589XG1,부전마산비티엘 20260112-91-30,N,20260112,20260413,대출채권,KRW,,9279341112,9279341112,32,A1,A1,,,스마트레일(주),차환발행위험(유동성 공여형 매입약정),금융기관,신한은행
70883,부전마산비티엘,KRZF21589XG1,부전마산비티엘 20260112-91-30,N,20260112,20260413,대출채권,KRW,,9279341112,9279341112,32,A1,A1,,,스마트레일(주),차환발행위험(유동성 공여형 매입약정),,하나은행
70883,부전마산비티엘,KRZF21589XG1,부전마산비티엘 20260112-91-30,N,20260112,20260413,대출채권,KRW,,9279341112,9279341112,32,A1,A1,,,스마트레일(주),차환발행위험(유동성 공여형 매입약정),금융기관,부산은행
70883,부전마산비티엘,KRZF21589XG1,부전마산비티엘 20260112-91-30,N,20260112,20260413,대출채권,KRW,,9279341112,9279341112,32,A1,A1,,,스마트레일(주),차환발행위험(유동성 공여형 매입약정),,전북은행
70883,부전마산비티엘,KRZF21589XG1,부전마산비티엘 20260112-91-30,N,20260112,20260413,대출채권,KRW,,9279341112,9279341112,32,A1,A1,,,스마트레일(주),차환발행위험(유동성 공여형 매입약정),금융기관,중소기업은행
70883,부전마산비티엘,KRZF21589YG1,부전마산비티엘 20260112-91-31,N,20260112,20260413,대출채권,KRW,,5000000000,5000000000,32,A1,A1,,,스마트레일(주),차환발행위험(유동성 공여형 매입약정),금융기관,신한은행
70883,부전마산비티엘,KRZF21589YG1,부전마산비티엘 20260112-91-31,N,20260112,20260413,대출채권,KRW,,5000000000,5000000000,32,A1,A1,,,스마트레일(주),차환발행위험(유동성 공여형 매입약정),,하나은행
70883,부전마산비티엘,KRZF21589YG1,부전마산비티엘 20260112-91-31,N,20260112,20260413,대출채권,KRW,,5000000000,5000000000,32,A1,A1,,,스마트레일(주),차환발행위험(유동성 공여형 매입약정),금융기관,부산은행
70883,부전마산비티엘,KRZF21589YG1,부전마산비티엘 20260112-91-31,N,20260112,20260413,대출채권,KRW,,5000000000,5000000000,32,A1,A1,,,스마트레일(주),차환발행위험(유동성 공여형 매입약정),,전북은행
70883,부전마산비티엘,KRZF21589YG1,부전마산비티엘 20260112-91-31,N,20260112,20260413,대출채권,KRW,,5000000000,5000000000,32,A1,A1,,,스마트레일(주),차환발행위험(유동성 공여형 매입약정),금융기관,중소기업은행
70883,부전마산비티엘,KRZF21589ZG1,부전마산비티엘 20260112-91-32,N,20260112,20260413,대출채권,KRW,,5000000000,5000000000,32,A1,A1,,,스마트레일(주),차환발행위험(유동성 공여형 매입약정),금융기관,신한은행
70883,부전마산비티엘,KRZF21589ZG1,부전마산비티엘 20260112-91-32,N,20260112,20260413,대출채권,KRW,,5000000000,5000000000,32,A1,A1,,,스마트레일(주),차환발행위험(유동성 공여형 매입약정),,하나은행
70883,부전마산비티엘,KRZF21589ZG1,부전마산비티엘 20260112-91-32,N,20260112,20260413,대출채권,KRW,,5000000000,5000000000,32,A1,A1,,,스마트레일(주),차환발행위험(유동성 공여형 매입약정),금융기관,부산은행
70883,부전마산비티엘,KRZF21589ZG1,부전마산비티엘 20260112-91-32,N,20260112,20260413,대출채권,KRW,,5000000000,5000000000,32,A1,A1,,,스마트레일(주),차환발행위험(유동성 공여형 매입약정),,전북은행
70883,부전마산비티엘,KRZF21589ZG1,부전마산비티엘 20260112-91-32,N,20260112,20260413,대출채권,KRW,,5000000000,5000000000,32,A1,A1,,,스마트레일(주),차환발행위험(유동성 공여형 매입약정),금융기관,중소기업은행
70883,부전마산비티엘,KRZF215890GD,부전마산비티엘 20260112-91-33,N,20260112,20260413,대출채권,KRW,,5000000000,5000000000,32,A1,A1,,,스마트레일(주),차환발행위험(유동성 공여형 매입약정),금융기관,신한은행
70883,부전마산비티엘,KRZF215890GD,부전마산비티엘 20260112-91-33,N,20260112,20260413,대출채권,KRW,,5000000000,5000000000,32,A1,A1,,,스마트레일(주),차환발행위험(유동성 공여형 매입약정),,하나은행
70883,부전마산비티엘,KRZF215890GD,부전마산비티엘 20260112-91-33,N,20260112,20260413,대출채권,KRW,,5000000000,5000000000,32,A1,A1,,,스마트레일(주),차환발행위험(유동성 공여형 매입약정),금융기관,부산은행
70883,부전마산비티엘,KRZF215890GD,부전마산비티엘 20260112-91-33,N,20260112,20260413,대출채권,KRW,,5000000000,5000000000,32,A1,A1,,,스마트레일(주),차환발행위험(유동성 공여형 매입약정),,전북은행
70883,부전마산비티엘,KRZF215890GD,부전마산비티엘 20260112-91-33,N,20260112,20260413,대출채권,KRW,,5000000000,5000000000,32,A1,A1,,,스마트레일(주),차환발행위험(유동성 공여형 매입약정),금융기관,중소기업은행
70883,부전마산비티엘,KRZF215891GD,부전마산비티엘 20260112-91-34,N,20260112,20260413,대출채권,KRW,,5000000000,5000000000,32,A1,A1,,,스마트레일(주),차환발행위험(유동성 공여형 매입약정),금융기관,신한은행
70883,부전마산비티엘,KRZF215891GD,부전마산비티엘 20260112-91-34,N,20260112,20260413,대출채권,KRW,,5000000000,5000000000,32,A1,A1,,,스마트레일(주),차환발행위험(유동성 공여형 매입약정),,하나은행
70883,부전마산비티엘,KRZF215891GD,부전마산비티엘 20260112-91-34,N,20260112,20260413,대출채권,KRW,,5000000000,5000000000,32,A1,A1,,,스마트레일(주),차환발행위험(유동성 공여형 매입약정),금융기관,부산은행
70883,부전마산비티엘,KRZF215891GD,부전마산비티엘 20260112-91-34,N,20260112,20260413,대출채권,KRW,,5000000000,5000000000,32,A1,A1,,,스마트레일(주),차환발행위험(유동성 공여형 매입약정),,전북은행
70883,부전마산비티엘,KRZF215891GD,부전마산비티엘 20260112-91-34,N,20260112,20260413,대출채권,KRW,,5000000000,5000000000,32,A1,A1,,,스마트레일(주),차환발행위험(유동성 공여형 매입약정),금융기관,중소기업은행
70883,부전마산비티엘,KRZF215892GD,부전마산비티엘 20260112-91-35,N,20260112,20260413,대출채권,KRW,,5000000000,5000000000,32,A1,A1,,,스마트레일(주),차환발행위험(유동성 공여형 매입약정),금융기관,신한은행
70883,부전마산비티엘,KRZF215892GD,부전마산비티엘 20260112-91-35,N,20260112,20260413,대출채권,KRW,,5000000000,5000000000,32,A1,A1,,,스마트레일(주),차환발행위험(유동성 공여형 매입약정),,하나은행
70883,부전마산비티엘,KRZF215892GD,부전마산비티엘 20260112-91-35,N,20260112,20260413,대출채권,KRW,,5000000000,5000000000,32,A1,A1,,,스마트레일(주),차환발행위험(유동성 공여형 매입약정),금융기관,부산은행
70883,부전마산비티엘,KRZF215892GD,부전마산비티엘 20260112-91-35,N,20260112,20260413,대출채권,KRW,,5000000000,5000000000,32,A1,A1,,,스마트레일(주),차환발행위험(유동성 공여형 매입약정),,전북은행
70883,부전마산비티엘,KRZF215892GD,부전마산비티엘 20260112-91-35,N,20260112,20260413,대출채권,KRW,,5000000000,5000000000,32,A1,A1,,,스마트레일(주),차환발행위험(유동성 공여형 매입약정),금융기관,중소기업은행
70883,부전마산비티엘,KRZF215893GD,부전마산비티엘 20260112-91-36,N,20260112,20260413,대출채권,KRW,,5000000000,5000000000,32,A1,A1,,,스마트레일(주),차환발행위험(유동성 공여형 매입약정),금융기관,신한은행
70883,부전마산비티엘,KRZF215893GD,부전마산비티엘 20260112-91-36,N,20260112,20260413,대출채권,KRW,,5000000000,5000000000,32,A1,A1,,,스마트레일(주),차환발행위험(유동성 공여형 매입약정),,하나은행
70883,부전마산비티엘,KRZF215893GD,부전마산비티엘 20260112-91-36,N,20260112,20260413,대출채권,KRW,,5000000000,5000000000,32,A1,A1,,,스마트레일(주),차환발행위험(유동성 공여형 매입약정),금융기관,부산은행
70883,부전마산비티엘,KRZF215893GD,부전마산비티엘 20260112-91-36,N,20260112,20260413,대출채권,KRW,,5000000000,5000000000,32,A1,A1,,,스마트레일(주),차환발행위험(유동성 공여형 매입약정),,전북은행
70883,부전마산비티엘,KRZF215893GD,부전마산비티엘 20260112-91-36,N,20260112,20260413,대출채권,KRW,,5000000000,5000000000,32,A1,A1,,,스마트레일(주),차환발행위험(유동성 공여형 매입약정),금융기관,중소기업은행
70883,부전마산비티엘,KRZF215894GD,부전마산비티엘 20260112-91-37,N,20260112,20260413,대출채권,KRW,,5000000000,5000000000,32,A1,A1,,,스마트레일(주),차환발행위험(유동성 공여형 매입약정),금융기관,신한은행
70883,부전마산비티엘,KRZF215894GD,부전마산비티엘 20260112-91-37,N,20260112,20260413,대출채권,KRW,,5000000000,5000000000,32,A1,A1,,,스마트레일(주),차환발행위험(유동성 공여형 매입약정),,하나은행
70883,부전마산비티엘,KRZF215894GD,부전마산비티엘 20260112-91-37,N,20260112,20260413,대출채권,KRW,,5000000000,5000000000,32,A1,A1,,,스마트레일(주),차환발행위험(유동성 공여형 매입약정),금융기관,부산은행
70883,부전마산비티엘,KRZF215894GD,부전마산비티엘 20260112-91-37,N,20260112,20260413,대출채권,KRW,,5000000000,5000000000,32,A1,A1,,,스마트레일(주),차환발행위험(유동성 공여형 매입약정),,전북은행
70883,부전마산비티엘,KRZF215894GD,부전마산비티엘 20260112-91-37,N,20260112,20260413,대출채권,KRW,,5000000000,5000000000,32,A1,A1,,,스마트레일(주),차환발행위험(유동성 공여형 매입약정),금융기관,중소기업은행
70883,부전마산비티엘,KRZF215895GD,부전마산비티엘 20260112-91-38,N,20260112,20260413,대출채권,KRW,,5000000000,5000000000,32,A1,A1,,,스마트레일(주),차환발행위험(유동성 공여형 매입약정),금융기관,신한은행
70883,부전마산비티엘,KRZF215895GD,부전마산비티엘 20260112-91-38,N,20260112,20260413,대출채권,KRW,,5000000000,5000000000,32,A1,A1,,,스마트레일(주),차환발행위험(유동성 공여형 매입약정),,하나은행
70883,부전마산비티엘,KRZF215895GD,부전마산비티엘 20260112-91-38,N,20260112,20260413,대출채권,KRW,,5000000000,5000000000,32,A1,A1,,,스마트레일(주),차환발행위험(유동성 공여형 매입약정),금융기관,부산은행
70883,부전마산비티엘,KRZF215895GD,부전마산비티엘 20260112-91-38,N,20260112,20260413,대출채권,KRW,,5000000000,5000000000,32,A1,A1,,,스마트레일(주),차환발행위험(유동성 공여형 매입약정),,전북은행
70883,부전마산비티엘,KRZF215895GD,부전마산비티엘 20260112-91-38,N,20260112,20260413,대출채권,KRW,,5000000000,5000000000,32,A1,A1,,,스마트레일(주),차환발행위험(유동성 공여형 매입약정),금융기관,중소기업은행
70883,부전마산비티엘,KRZF215896GD,부전마산비티엘 20260112-91-39,N,20260112,20260413,대출채권,KRW,,5000000000,5000000000,32,A1,A1,,,스마트레일(주),차환발행위험(유동성 공여형 매입약정),금융기관,신한은행
70883,부전마산비티엘,KRZF215896GD,부전마산비티엘 20260112-91-39,N,20260112,20260413,대출채권,KRW,,5000000000,5000000000,32,A1,A1,,,스마트레일(주),차환발행위험(유동성 공여형 매입약정),,하나은행
70883,부전마산비티엘,KRZF215896GD,부전마산비티엘 20260112-91-39,N,20260112,20260413,대출채권,KRW,,5000000000,5000000000,32,A1,A1,,,스마트레일(주),차환발행위험(유동성 공여형 매입약정),금융기관,부산은행
70883,부전마산비티엘,KRZF215896GD,부전마산비티엘 20260112-91-39,N,20260112,20260413,대출채권,KRW,,5000000000,5000000000,32,A1,A1,,,스마트레일(주),차환발행위험(유동성 공여형 매입약정),,전북은행
70883,부전마산비티엘,KRZF215896GD,부전마산비티엘 20260112-91-39,N,20260112,20260413,대출채권,KRW,,5000000000,5000000000,32,A1,A1,,,스마트레일(주),차환발행위험(유동성 공여형 매입약정),금융기관,중소기업은행
70883,부전마산비티엘,KRZF215894G1,부전마산비티엘 20260112-91-4,N,20260112,20260413,대출채권,KRW,,10000000000,10000000000,32,A1,A1,,,스마트레일(주),차환발행위험(유동성 공여형 매입약정),금융기관,신한은행
70883,부전마산비티엘,KRZF215894G1,부전마산비티엘 20260112-91-4,N,20260112,20260413,대출채권,KRW,,10000000000,10000000000,32,A1,A1,,,스마트레일(주),차환발행위험(유동성 공여형 매입약정),,하나은행
70883,부전마산비티엘,KRZF215894G1,부전마산비티엘 20260112-91-4,N,20260112,20260413,대출채권,KRW,,10000000000,10000000000,32,A1,A1,,,스마트레일(주),차환발행위험(유동성 공여형 매입약정),금융기관,부산은행
70883,부전마산비티엘,KRZF215894G1,부전마산비티엘 20260112-91-4,N,20260112,20260413,대출채권,KRW,,10000000000,10000000000,32,A1,A1,,,스마트레일(주),차환발행위험(유동성 공여형 매입약정),,전북은행
70883,부전마산비티엘,KRZF215894G1,부전마산비티엘 20260112-91-4,N,20260112,20260413,대출채권,KRW,,10000000000,10000000000,32,A1,A1,,,스마트레일(주),차환발행위험(유동성 공여형 매입약정),금융기관,중소기업은행
70883,부전마산비티엘,KRZF215897GD,부전마산비티엘 20260112-91-40,N,20260112,20260413,대출채권,KRW,,5000000000,5000000000,32,A1,A1,,,스마트레일(주),차환발행위험(유동성 공여형 매입약정),금융기관,신한은행
70883,부전마산비티엘,KRZF215897GD,부전마산비티엘 20260112-91-40,N,20260112,20260413,대출채권,KRW,,5000000000,5000000000,32,A1,A1,,,스마트레일(주),차환발행위험(유동성 공여형 매입약정),,하나은행
70883,부전마산비티엘,KRZF215897GD,부전마산비티엘 20260112-91-40,N,20260112,20260413,대출채권,KRW,,5000000000,5000000000,32,A1,A1,,,스마트레일(주),차환발행위험(유동성 공여형 매입약정),금융기관,부산은행
70883,부전마산비티엘,KRZF215897GD,부전마산비티엘 20260112-91-40,N,20260112,20260413,대출채권,KRW,,5000000000,5000000000,32,A1,A1,,,스마트레일(주),차환발행위험(유동성 공여형 매입약정),,전북은행
70883,부전마산비티엘,KRZF215897GD,부전마산비티엘 20260112-91-40,N,20260112,20260413,대출채권,KRW,,5000000000,5000000000,32,A1,A1,,,스마트레일(주),차환발행위험(유동성 공여형 매입약정),금융기관,중소기업은행
70883,부전마산비티엘,KRZF215898GD,부전마산비티엘 20260112-91-41,N,20260112,20260413,대출채권,KRW,,5000000000,5000000000,32,A1,A1,,,스마트레일(주),차환발행위험(유동성 공여형 매입약정),금융기관,신한은행
70883,부전마산비티엘,KRZF215898GD,부전마산비티엘 20260112-91-41,N,20260112,20260413,대출채권,KRW,,5000000000,5000000000,32,A1,A1,,,스마트레일(주),차환발행위험(유동성 공여형 매입약정),,하나은행
70883,부전마산비티엘,KRZF215898GD,부전마산비티엘 20260112-91-41,N,20260112,20260413,대출채권,KRW,,5000000000,5000000000,32,A1,A1,,,스마트레일(주),차환발행위험(유동성 공여형 매입약정),금융기관,부산은행
70883,부전마산비티엘,KRZF215898GD,부전마산비티엘 20260112-91-41,N,20260112,20260413,대출채권,KRW,,5000000000,5000000000,32,A1,A1,,,스마트레일(주),차환발행위험(유동성 공여형 매입약정),,전북은행
70883,부전마산비티엘,KRZF215898GD,부전마산비티엘 20260112-91-41,N,20260112,20260413,대출채권,KRW,,5000000000,5000000000,32,A1,A1,,,스마트레일(주),차환발행위험(유동성 공여형 매입약정),금융기관,중소기업은행
70883,부전마산비티엘,KRZF215899GD,부전마산비티엘 20260112-91-42,N,20260112,20260413,대출채권,KRW,,5000000000,5000000000,32,A1,A1,,,스마트레일(주),차환발행위험(유동성 공여형 매입약정),금융기관,신한은행
70883,부전마산비티엘,KRZF215899GD,부전마산비티엘 20260112-91-42,N,20260112,20260413,대출채권,KRW,,5000000000,5000000000,32,A1,A1,,,스마트레일(주),차환발행위험(유동성 공여형 매입약정),,하나은행
70883,부전마산비티엘,KRZF215899GD,부전마산비티엘 20260112-91-42,N,20260112,20260413,대출채권,KRW,,5000000000,5000000000,32,A1,A1,,,스마트레일(주),차환발행위험(유동성 공여형 매입약정),금융기관,부산은행
70883,부전마산비티엘,KRZF215899GD,부전마산비티엘 20260112-91-42,N,20260112,20260413,대출채권,KRW,,5000000000,5000000000,32,A1,A1,,,스마트레일(주),차환발행위험(유동성 공여형 매입약정),,전북은행
70883,부전마산비티엘,KRZF215899GD,부전마산비티엘 20260112-91-42,N,20260112,20260413,대출채권,KRW,,5000000000,5000000000,32,A1,A1,,,스마트레일(주),차환발행위험(유동성 공여형 매입약정),금융기관,중소기업은행
70883,부전마산비티엘,KRZF21589AGD,부전마산비티엘 20260112-91-43,N,20260112,20260413,대출채권,KRW,,5000000000,5000000000,32,A1,A1,,,스마트레일(주),차환발행위험(유동성 공여형 매입약정),금융기관,신한은행
70883,부전마산비티엘,KRZF21589AGD,부전마산비티엘 20260112-91-43,N,20260112,20260413,대출채권,KRW,,5000000000,5000000000,32,A1,A1,,,스마트레일(주),차환발행위험(유동성 공여형 매입약정),,하나은행
70883,부전마산비티엘,KRZF21589AGD,부전마산비티엘 20260112-91-43,N,20260112,20260413,대출채권,KRW,,5000000000,5000000000,32,A1,A1,,,스마트레일(주),차환발행위험(유동성 공여형 매입약정),금융기관,부산은행
70883,부전마산비티엘,KRZF21589AGD,부전마산비티엘 20260112-91-43,N,20260112,20260413,대출채권,KRW,,5000000000,5000000000,32,A1,A1,,,스마트레일(주),차환발행위험(유동성 공여형 매입약정),,전북은행
70883,부전마산비티엘,KRZF21589AGD,부전마산비티엘 20260112-91-43,N,20260112,20260413,대출채권,KRW,,5000000000,5000000000,32,A1,A1,,,스마트레일(주),차환발행위험(유동성 공여형 매입약정),금융기관,중소기업은행
70883,부전마산비티엘,KRZF21589BGD,부전마산비티엘 20260112-91-44,N,20260112,20260413,대출채권,KRW,,5000000000,5000000000,32,A1,A1,,,스마트레일(주),차환발행위험(유동성 공여형 매입약정),금융기관,신한은행
70883,부전마산비티엘,KRZF21589BGD,부전마산비티엘 20260112-91-44,N,20260112,20260413,대출채권,KRW,,5000000000,5000000000,32,A1,A1,,,스마트레일(주),차환발행위험(유동성 공여형 매입약정),,하나은행
70883,부전마산비티엘,KRZF21589BGD,부전마산비티엘 20260112-91-44,N,20260112,20260413,대출채권,KRW,,5000000000,5000000000,32,A1,A1,,,스마트레일(주),차환발행위험(유동성 공여형 매입약정),금융기관,부산은행
70883,부전마산비티엘,KRZF21589BGD,부전마산비티엘 20260112-91-44,N,20260112,20260413,대출채권,KRW,,5000000000,5000000000,32,A1,A1,,,스마트레일(주),차환발행위험(유동성 공여형 매입약정),,전북은행
70883,부전마산비티엘,KRZF21589BGD,부전마산비티엘 20260112-91-44,N,20260112,20260413,대출채권,KRW,,5000000000,5000000000,32,A1,A1,,,스마트레일(주),차환발행위험(유동성 공여형 매입약정),금융기관,중소기업은행
70883,부전마산비티엘,KRZF21589CGD,부전마산비티엘 20260112-91-45,N,20260112,20260413,대출채권,KRW,,5000000000,5000000000,32,A1,A1,,,스마트레일(주),차환발행위험(유동성 공여형 매입약정),금융기관,신한은행
70883,부전마산비티엘,KRZF21589CGD,부전마산비티엘 20260112-91-45,N,20260112,20260413,대출채권,KRW,,5000000000,5000000000,32,A1,A1,,,스마트레일(주),차환발행위험(유동성 공여형 매입약정),,하나은행
70883,부전마산비티엘,KRZF21589CGD,부전마산비티엘 20260112-91-45,N,20260112,20260413,대출채권,KRW,,5000000000,5000000000,32,A1,A1,,,스마트레일(주),차환발행위험(유동성 공여형 매입약정),금융기관,부산은행
70883,부전마산비티엘,KRZF21589CGD,부전마산비티엘 20260112-91-45,N,20260112,20260413,대출채권,KRW,,5000000000,5000000000,32,A1,A1,,,스마트레일(주),차환발행위험(유동성 공여형 매입약정),,전북은행
70883,부전마산비티엘,KRZF21589CGD,부전마산비티엘 20260112-91-45,N,20260112,20260413,대출채권,KRW,,5000000000,5000000000,32,A1,A1,,,스마트레일(주),차환발행위험(유동성 공여형 매입약정),금융기관,중소기업은행
70883,부전마산비티엘,KRZF21589DGD,부전마산비티엘 20260112-91-46,N,20260112,20260413,대출채권,KRW,,5000000000,5000000000,32,A1,A1,,,스마트레일(주),차환발행위험(유동성 공여형 매입약정),금융기관,신한은행
70883,부전마산비티엘,KRZF21589DGD,부전마산비티엘 20260112-91-46,N,20260112,20260413,대출채권,KRW,,5000000000,5000000000,32,A1,A1,,,스마트레일(주),차환발행위험(유동성 공여형 매입약정),,하나은행
70883,부전마산비티엘,KRZF21589DGD,부전마산비티엘 20260112-91-46,N,20260112,20260413,대출채권,KRW,,5000000000,5000000000,32,A1,A1,,,스마트레일(주),차환발행위험(유동성 공여형 매입약정),금융기관,부산은행
70883,부전마산비티엘,KRZF21589DGD,부전마산비티엘 20260112-91-46,N,20260112,20260413,대출채권,KRW,,5000000000,5000000000,32,A1,A1,,,스마트레일(주),차환발행위험(유동성 공여형 매입약정),,전북은행
70883,부전마산비티엘,KRZF21589DGD,부전마산비티엘 20260112-91-46,N,20260112,20260413,대출채권,KRW,,5000000000,5000000000,32,A1,A1,,,스마트레일(주),차환발행위험(유동성 공여형 매입약정),금융기관,중소기업은행
70883,부전마산비티엘,KRZF21589EGD,부전마산비티엘 20260112-91-47,N,20260112,20260413,대출채권,KRW,,116849691146,116849691146,32,A1,A1,,,스마트레일(주),차환발행위험(유동성 공여형 매입약정),금융기관,신한은행
70883,부전마산비티엘,KRZF21589EGD,부전마산비티엘 20260112-91-47,N,20260112,20260413,대출채권,KRW,,116849691146,116849691146,32,A1,A1,,,스마트레일(주),차환발행위험(유동성 공여형 매입약정),,하나은행
70883,부전마산비티엘,KRZF21589EGD,부전마산비티엘 20260112-91-47,N,20260112,20260413,대출채권,KRW,,116849691146,116849691146,32,A1,A1,,,스마트레일(주),차환발행위험(유동성 공여형 매입약정),금융기관,부산은행
70883,부전마산비티엘,KRZF21589EGD,부전마산비티엘 20260112-91-47,N,20260112,20260413,대출채권,KRW,,116849691146,116849691146,32,A1,A1,,,스마트레일(주),차환발행위험(유동성 공여형 매입약정),,전북은행
70883,부전마산비티엘,KRZF21589EGD,부전마산비티엘 20260112-91-47,N,20260112,20260413,대출채권,KRW,,116849691146,116849691146,32,A1,A1,,,스마트레일(주),차환발행위험(유동성 공여형 매입약정),금융기관,중소기업은행
70883,부전마산비티엘,KRZF21589FGD,부전마산비티엘 20260112-91-48,N,20260112,20260413,대출채권,KRW,,84591626630,84591626630,32,A1,A1,,,스마트레일(주),차환발행위험(유동성 공여형 매입약정),금융기관,신한은행
70883,부전마산비티엘,KRZF21589FGD,부전마산비티엘 20260112-91-48,N,20260112,20260413,대출채권,KRW,,84591626630,84591626630,32,A1,A1,,,스마트레일(주),차환발행위험(유동성 공여형 매입약정),,하나은행
70883,부전마산비티엘,KRZF21589FGD,부전마산비티엘 20260112-91-48,N,20260112,20260413,대출채권,KRW,,84591626630,84591626630,32,A1,A1,,,스마트레일(주),차환발행위험(유동성 공여형 매입약정),금융기관,부산은행
70883,부전마산비티엘,KRZF21589FGD,부전마산비티엘 20260112-91-48,N,20260112,20260413,대출채권,KRW,,84591626630,84591626630,32,A1,A1,,,스마트레일(주),차환발행위험(유동성 공여형 매입약정),,전북은행
70883,부전마산비티엘,KRZF21589FGD,부전마산비티엘 20260112-91-48,N,20260112,20260413,대출채권,KRW,,84591626630,84591626630,32,A1,A1,,,스마트레일(주),차환발행위험(유동성 공여형 매입약정),금융기관,중소기업은행
70883,부전마산비티엘,KRZF21589GGD,부전마산비티엘 20260112-91-49,N,20260112,20260413,대출채권,KRW,,49759780371,49759780371,32,A1,A1,,,스마트레일(주),차환발행위험(유동성 공여형 매입약정),금융기관,신한은행
70883,부전마산비티엘,KRZF21589GGD,부전마산비티엘 20260112-91-49,N,20260112,20260413,대출채권,KRW,,49759780371,49759780371,32,A1,A1,,,스마트레일(주),차환발행위험(유동성 공여형 매입약정),,하나은행
70883,부전마산비티엘,KRZF21589GGD,부전마산비티엘 20260112-91-49,N,20260112,20260413,대출채권,KRW,,49759780371,49759780371,32,A1,A1,,,스마트레일(주),차환발행위험(유동성 공여형 매입약정),금융기관,부산은행
70883,부전마산비티엘,KRZF21589GGD,부전마산비티엘 20260112-91-49,N,20260112,20260413,대출채권,KRW,,49759780371,49759780371,32,A1,A1,,,스마트레일(주),차환발행위험(유동성 공여형 매입약정),,전북은행
70883,부전마산비티엘,KRZF21589GGD,부전마산비티엘 20260112-91-49,N,20260112,20260413,대출채권,KRW,,49759780371,49759780371,32,A1,A1,,,스마트레일(주),차환발행위험(유동성 공여형 매입약정),금융기관,중소기업은행
70883,부전마산비티엘,KRZF215895G1,부전마산비티엘 20260112-91-5,N,20260112,20260413,대출채권,KRW,,10000000000,10000000000,32,A1,A1,,,스마트레일(주),차환발행위험(유동성 공여형 매입약정),금융기관,신한은행
70883,부전마산비티엘,KRZF215895G1,부전마산비티엘 20260112-91-5,N,20260112,20260413,대출채권,KRW,,10000000000,10000000000,32,A1,A1,,,스마트레일(주),차환발행위험(유동성 공여형 매입약정),,하나은행
70883,부전마산비티엘,KRZF215895G1,부전마산비티엘 20260112-91-5,N,20260112,20260413,대출채권,KRW,,10000000000,10000000000,32,A1,A1,,,스마트레일(주),차환발행위험(유동성 공여형 매입약정),금융기관,부산은행
70883,부전마산비티엘,KRZF215895G1,부전마산비티엘 20260112-91-5,N,20260112,20260413,대출채권,KRW,,10000000000,10000000000,32,A1,A1,,,스마트레일(주),차환발행위험(유동성 공여형 매입약정),,전북은행
70883,부전마산비티엘,KRZF215895G1,부전마산비티엘 20260112-91-5,N,20260112,20260413,대출채권,KRW,,10000000000,10000000000,32,A1,A1,,,스마트레일(주),차환발행위험(유동성 공여형 매입약정),금융기관,중소기업은행
70883,부전마산비티엘,KRZF215896G1,부전마산비티엘 20260112-91-6,N,20260112,20260413,대출채권,KRW,,10000000000,10000000000,32,A1,A1,,,스마트레일(주),차환발행위험(유동성 공여형 매입약정),금융기관,신한은행
70883,부전마산비티엘,KRZF215896G1,부전마산비티엘 20260112-91-6,N,20260112,20260413,대출채권,KRW,,10000000000,10000000000,32,A1,A1,,,스마트레일(주),차환발행위험(유동성 공여형 매입약정),,하나은행
70883,부전마산비티엘,KRZF215896G1,부전마산비티엘 20260112-91-6,N,20260112,20260413,대출채권,KRW,,10000000000,10000000000,32,A1,A1,,,스마트레일(주),차환발행위험(유동성 공여형 매입약정),금융기관,부산은행
70883,부전마산비티엘,KRZF215896G1,부전마산비티엘 20260112-91-6,N,20260112,20260413,대출채권,KRW,,10000000000,10000000000,32,A1,A1,,,스마트레일(주),차환발행위험(유동성 공여형 매입약정),,전북은행
70883,부전마산비티엘,KRZF215896G1,부전마산비티엘 20260112-91-6,N,20260112,20260413,대출채권,KRW,,10000000000,10000000000,32,A1,A1,,,스마트레일(주),차환발행위험(유동성 공여형 매입약정),금융기관,중소기업은행
70883,부전마산비티엘,KRZF215897G1,부전마산비티엘 20260112-91-7,N,20260112,20260413,대출채권,KRW,,10000000000,10000000000,32,A1,A1,,,스마트레일(주),차환발행위험(유동성 공여형 매입약정),금융기관,신한은행
70883,부전마산비티엘,KRZF215897G1,부전마산비티엘 20260112-91-7,N,20260112,20260413,대출채권,KRW,,10000000000,10000000000,32,A1,A1,,,스마트레일(주),차환발행위험(유동성 공여형 매입약정),,하나은행
70883,부전마산비티엘,KRZF215897G1,부전마산비티엘 20260112-91-7,N,20260112,20260413,대출채권,KRW,,10000000000,10000000000,32,A1,A1,,,스마트레일(주),차환발행위험(유동성 공여형 매입약정),금융기관,부산은행
70883,부전마산비티엘,KRZF215897G1,부전마산비티엘 20260112-91-7,N,20260112,20260413,대출채권,KRW,,10000000000,10000000000,32,A1,A1,,,스마트레일(주),차환발행위험(유동성 공여형 매입약정),,전북은행
70883,부전마산비티엘,KRZF215897G1,부전마산비티엘 20260112-91-7,N,20260112,20260413,대출채권,KRW,,10000000000,10000000000,32,A1,A1,,,스마트레일(주),차환발행위험(유동성 공여형 매입약정),금융기관,중소기업은행
70883,부전마산비티엘,KRZF215898G1,부전마산비티엘 20260112-91-8,N,20260112,20260413,대출채권,KRW,,10000000000,10000000000,32,A1,A1,,,스마트레일(주),차환발행위험(유동성 공여형 매입약정),금융기관,신한은행
70883,부전마산비티엘,KRZF215898G1,부전마산비티엘 20260112-91-8,N,20260112,20260413,대출채권,KRW,,10000000000,10000000000,32,A1,A1,,,스마트레일(주),차환발행위험(유동성 공여형 매입약정),,하나은행
70883,부전마산비티엘,KRZF215898G1,부전마산비티엘 20260112-91-8,N,20260112,20260413,대출채권,KRW,,10000000000,10000000000,32,A1,A1,,,스마트레일(주),차환발행위험(유동성 공여형 매입약정),금융기관,부산은행
70883,부전마산비티엘,KRZF215898G1,부전마산비티엘 20260112-91-8,N,20260112,20260413,대출채권,KRW,,10000000000,10000000000,32,A1,A1,,,스마트레일(주),차환발행위험(유동성 공여형 매입약정),,전북은행
70883,부전마산비티엘,KRZF215898G1,부전마산비티엘 20260112-91-8,N,20260112,20260413,대출채권,KRW,,10000000000,10000000000,32,A1,A1,,,스마트레일(주),차환발행위험(유동성 공여형 매입약정),금융기관,중소기업은행
70883,부전마산비티엘,KRZF215899G1,부전마산비티엘 20260112-91-9,N,20260112,20260413,대출채권,KRW,,10000000000,10000000000,32,A1,A1,,,스마트레일(주),차환발행위험(유동성 공여형 매입약정),금융기관,신한은행
70883,부전마산비티엘,KRZF215899G1,부전마산비티엘 20260112-91-9,N,20260112,20260413,대출채권,KRW,,10000000000,10000000000,32,A1,A1,,,스마트레일(주),차환발행위험(유동성 공여형 매입약정),,하나은행
70883,부전마산비티엘,KRZF215899G1,부전마산비티엘 20260112-91-9,N,20260112,20260413,대출채권,KRW,,10000000000,10000000000,32,A1,A1,,,스마트레일(주),차환발행위험(유동성 공여형 매입약정),금융기관,부산은행
70883,부전마산비티엘,KRZF215899G1,부전마산비티엘 20260112-91-9,N,20260112,20260413,대출채권,KRW,,10000000000,10000000000,32,A1,A1,,,스마트레일(주),차환발행위험(유동성 공여형 매입약정),,전북은행
70883,부전마산비티엘,KRZF215899G1,부전마산비티엘 20260112-91-9,N,20260112,20260413,대출채권,KRW,,10000000000,10000000000,32,A1,A1,,,스마트레일(주),차환발행위험(유동성 공여형 매입약정),금융기관,중소기업은행
73364,아이에이치검단제이차,KRZF0050W1G1,아이에이치검단제이차 20260112-239-1,N,20260112,20260908,기타,KRW,,270000000,270000000,180,A1,A1,A1,,인천도시공사,,,
71253,에스엘티울주,KRZF0092T1G1,에스엘티울주 20260112-119-1,Y,20260112,20260511,PF대출채권,KRW,,5000000000,5000000000,60,A1,A1,,,신일산업개발(주),외부 신용보강,금융기관,메리츠증권
71253,에스엘티울주,KRZF0092T2G1,에스엘티울주 20260112-119-2,Y,20260112,20260511,PF대출채권,KRW,,5000000000,5000000000,60,A1,A1,,,신일산업개발(주),외부 신용보강,금융기관,메리츠증권
71253,에스엘티울주,KRZF0092T3G1,에스엘티울주 20260112-119-3,Y,20260112,20260511,PF대출채권,KRW,,5000000000,5000000000,60,A1,A1,,,신일산업개발(주),외부 신용보강,금융기관,메리츠증권
71253,에스엘티울주,KRZF0092T4G1,에스엘티울주 20260112-119-4,Y,20260112,20260511,PF대출채권,KRW,,3090000000,3090000000,60,A1,A1,,,신일산업개발(주),외부 신용보강,금융기관,메리츠증권
67425,엔젤레스제육차,KRZF229521G1,엔젤레스제육차 20260112-30-1,N,20260112,20260211,주식,KRW,,5000000000,5000000000,0,A1,,A1,,바디프랜드,외부 신용보강,금융기관,신한투자증권(주)
67427,엔젤레스제칠차,KRZF229531G1,엔젤레스제칠차 20260112-30-1,N,20260112,20260211,주식,KRW,,5000000000,5000000000,0,A1,,A1,,바디프랜드,외부 신용보강,금융기관,신한투자증권(주)
70808,오펙스제오차,KRZF0082T1G1,오펙스제오차 20260112-88-1,N,20260112,20260410,대출채권,KRW,,5000000000,5000000000,29,A1,A1,,,에스케이플라즈마,차환발행위험(유동성 공여형 매입약정),금융기관,하나은행
70808,오펙스제오차,KRZF0082T2G1,오펙스제오차 20260112-88-2,N,20260112,20260410,대출채권,KRW,,5000000000,5000000000,29,A1,A1,,,에스케이플라즈마,차환발행위험(유동성 공여형 매입약정),금융기관,하나은행
71260,우리허브제일차,KRZF385121G1,우리허브제일차 20260112-30-1,N,20260112,20260211,대출채권,KRW,,5000000000,5000000000,0,A1,,A1,,더콜로니운정 주식회사,차환발행위험(유동성 공여형 매입약정),금융기관,우리은행
71260,우리허브제일차,KRZF385122G1,우리허브제일차 20260112-30-2,N,20260112,20260211,대출채권,KRW,,5000000000,5000000000,0,A1,,A1,,더콜로니운정 주식회사,차환발행위험(유동성 공여형 매입약정),금융기관,우리은행
71260,우리허브제일차,KRZF385123G1,우리허브제일차 20260112-30-3,N,20260112,20260211,대출채권,KRW,,5000000000,5000000000,0,A1,,A1,,더콜로니운정 주식회사,차환발행위험(유동성 공여형 매입약정),금융기관,우리은행
71260,우리허브제일차,KRZF385124G1,우리허브제일차 20260112-30-4,N,20260112,20260211,대출채권,KRW,,3000000000,3000000000,0,A1,,A1,,더콜로니운정 주식회사,차환발행위험(유동성 공여형 매입약정),금융기관,우리은행
69575,우리히어로즈제일차,KRZF0043P1G1,우리히어로즈제일차 20260112-91-1,N,20260112,20260413,기타,KRW,,5000000000,5000000000,32,A1,A1,,,키움캐피탈,외부 신용보강,금융기관,우리은행
69575,우리히어로즈제일차,KRZF0043P1G1,우리히어로즈제일차 20260112-91-1,N,20260112,20260413,기타,KRW,,5000000000,5000000000,32,A1,A1,,,키움캐피탈,차환발행위험(유동성 공여형 매입약정),금융기관,우리은행
69575,우리히어로즈제일차,KRZF0043P1G1,우리히어로즈제일차 20260112-91-1,N,20260112,20260413,기타,KRW,,5000000000,5000000000,32,A1,A1,,,키움캐피탈,금리변동/환율변동,금융기관,우리은행
69575,우리히어로즈제일차,KRZF0043P2G1,우리히어로즈제일차 20260112-91-2,N,20260112,20260413,기타,KRW,,5000000000,5000000000,32,A1,A1,,,키움캐피탈,외부 신용보강,금융기관,우리은행
69575,우리히어로즈제일차,KRZF0043P2G1,우리히어로즈제일차 20260112-91-2,N,20260112,20260413,기타,KRW,,5000000000,5000000000,32,A1,A1,,,키움캐피탈,차환발행위험(유동성 공여형 매입약정),금융기관,우리은행
69575,우리히어로즈제일차,KRZF0043P2G1,우리히어로즈제일차 20260112-91-2,N,20260112,20260413,기타,KRW,,5000000000,5000000000,32,A1,A1,,,키움캐피탈,금리변동/환율변동,금융기관,우리은행
69575,우리히어로즈제일차,KRZF0043P3G1,우리히어로즈제일차 20260112-91-3,N,20260112,20260413,기타,KRW,,5000000000,5000000000,32,A1,A1,,,키움캐피탈,외부 신용보강,금융기관,우리은행
69575,우리히어로즈제일차,KRZF0043P3G1,우리히어로즈제일차 20260112-91-3,N,20260112,20260413,기타,KRW,,5000000000,5000000000,32,A1,A1,,,키움캐피탈,차환발행위험(유동성 공여형 매입약정),금융기관,우리은행
69575,우리히어로즈제일차,KRZF0043P3G1,우리히어로즈제일차 20260112-91-3,N,20260112,20260413,기타,KRW,,5000000000,5000000000,32,A1,A1,,,키움캐피탈,금리변동/환율변동,금융기관,우리은행
69575,우리히어로즈제일차,KRZF0043P4G1,우리히어로즈제일차 20260112-91-4,N,20260112,20260413,기타,KRW,,5000000000,5000000000,32,A1,A1,,,키움캐피탈,외부 신용보강,금융기관,우리은행
69575,우리히어로즈제일차,KRZF0043P4G1,우리히어로즈제일차 20260112-91-4,N,20260112,20260413,기타,KRW,,5000000000,5000000000,32,A1,A1,,,키움캐피탈,차환발행위험(유동성 공여형 매입약정),금융기관,우리은행
69575,우리히어로즈제일차,KRZF0043P4G1,우리히어로즈제일차 20260112-91-4,N,20260112,20260413,기타,KRW,,5000000000,5000000000,32,A1,A1,,,키움캐피탈,금리변동/환율변동,금융기관,우리은행
69575,우리히어로즈제일차,KRZF0043P5G1,우리히어로즈제일차 20260112-91-5,N,20260112,20260413,기타,KRW,,5000000000,5000000000,32,A1,A1,,,키움캐피탈,외부 신용보강,금융기관,우리은행
69575,우리히어로즈제일차,KRZF0043P5G1,우리히어로즈제일차 20260112-91-5,N,20260112,20260413,기타,KRW,,5000000000,5000000000,32,A1,A1,,,키움캐피탈,차환발행위험(유동성 공여형 매입약정),금융기관,우리은행
69575,우리히어로즈제일차,KRZF0043P5G1,우리히어로즈제일차 20260112-91-5,N,20260112,20260413,기타,KRW,,5000000000,5000000000,32,A1,A1,,,키움캐피탈,금리변동/환율변동,금융기관,우리은행
69575,우리히어로즈제일차,KRZF0043P6G1,우리히어로즈제일차 20260112-91-6,N,20260112,20260413,기타,KRW,,5000000000,5000000000,32,A1,A1,,,키움캐피탈,외부 신용보강,금융기관,우리은행
69575,우리히어로즈제일차,KRZF0043P6G1,우리히어로즈제일차 20260112-91-6,N,20260112,20260413,기타,KRW,,5000000000,5000000000,32,A1,A1,,,키움캐피탈,차환발행위험(유동성 공여형 매입약정),금융기관,우리은행
69575,우리히어로즈제일차,KRZF0043P6G1,우리히어로즈제일차 20260112-91-6,N,20260112,20260413,기타,KRW,,5000000000,5000000000,32,A1,A1,,,키움캐피탈,금리변동/환율변동,금융기관,우리은행
69575,우리히어로즈제일차,KRZF0043P7G1,우리히어로즈제일차 20260112-91-7,N,20260112,20260413,기타,KRW,,5000000000,5000000000,32,A1,A1,,,키움캐피탈,외부 신용보강,금융기관,우리은행
69575,우리히어로즈제일차,KRZF0043P7G1,우리히어로즈제일차 20260112-91-7,N,20260112,20260413,기타,KRW,,5000000000,5000000000,32,A1,A1,,,키움캐피탈,차환발행위험(유동성 공여형 매입약정),금융기관,우리은행
69575,우리히어로즈제일차,KRZF0043P7G1,우리히어로즈제일차 20260112-91-7,N,20260112,20260413,기타,KRW,,5000000000,5000000000,32,A1,A1,,,키움캐피탈,금리변동/환율변동,금융기관,우리은행
69575,우리히어로즈제일차,KRZF0043P8G1,우리히어로즈제일차 20260112-91-8,N,20260112,20260413,기타,KRW,,5000000000,5000000000,32,A1,A1,,,키움캐피탈,외부 신용보강,금융기관,우리은행
69575,우리히어로즈제일차,KRZF0043P8G1,우리히어로즈제일차 20260112-91-8,N,20260112,20260413,기타,KRW,,5000000000,5000000000,32,A1,A1,,,키움캐피탈,차환발행위험(유동성 공여형 매입약정),금융기관,우리은행
69575,우리히어로즈제일차,KRZF0043P8G1,우리히어로즈제일차 20260112-91-8,N,20260112,20260413,기타,KRW,,5000000000,5000000000,32,A1,A1,,,키움캐피탈,금리변동/환율변동,금융기관,우리은행
67400,지아이비소노제일차,KRZFA94851G1,지아이비소노제일차 20260112-88-1,N,20260112,20260410,대출채권,KRW,,5000000000,5000000000,29,A1,A1,,,(주)소노인터내셔널,외부 신용보강,금융기관,신한은행
67400,지아이비소노제일차,KRZFA94851G1,지아이비소노제일차 20260112-88-1,N,20260112,20260410,대출채권,KRW,,5000000000,5000000000,29,A1,A1,,,(주)소노인터내셔널,금리변동/환율변동,금융기관,신한은행
67400,지아이비소노제일차,KRZFA94852G1,지아이비소노제일차 20260112-88-2,N,20260112,20260410,대출채권,KRW,,5000000000,5000000000,29,A1,A1,,,(주)소노인터내셔널,외부 신용보강,금융기관,신한은행
67400,지아이비소노제일차,KRZFA94852G1,지아이비소노제일차 20260112-88-2,N,20260112,20260410,대출채권,KRW,,5000000000,5000000000,29,A1,A1,,,(주)소노인터내셔널,금리변동/환율변동,금융기관,신한은행
67400,지아이비소노제일차,KRZFA94853G1,지아이비소노제일차 20260112-88-3,N,20260112,20260410,대출채권,KRW,,5000000000,5000000000,29,A1,A1,,,(주)소노인터내셔널,외부 신용보강,금융기관,신한은행
67400,지아이비소노제일차,KRZFA94853G1,지아이비소노제일차 20260112-88-3,N,20260112,20260410,대출채권,KRW,,5000000000,5000000000,29,A1,A1,,,(주)소노인터내셔널,금리변동/환율변동,금융기관,신한은행
67400,지아이비소노제일차,KRZFA94854G1,지아이비소노제일차 20260112-88-4,N,20260112,20260410,대출채권,KRW,,5000000000,5000000000,29,A1,A1,,,(주)소노인터내셔널,외부 신용보강,금융기관,신한은행
67400,지아이비소노제일차,KRZFA94854G1,지아이비소노제일차 20260112-88-4,N,20260112,20260410,대출채권,KRW,,5000000000,5000000000,29,A1,A1,,,(주)소노인터내셔널,금리변동/환율변동,금융기관,신한은행
67400,지아이비소노제일차,KRZFA94855G1,지아이비소노제일차 20260112-88-5,N,20260112,20260410,대출채권,KRW,,5000000000,5000000000,29,A1,A1,,,(주)소노인터내셔널,외부 신용보강,금융기관,신한은행
67400,지아이비소노제일차,KRZFA94855G1,지아이비소노제일차 20260112-88-5,N,20260112,20260410,대출채권,KRW,,5000000000,5000000000,29,A1,A1,,,(주)소노인터내셔널,금리변동/환율변동,금융기관,신한은행
67400,지아이비소노제일차,KRZFA94856G1,지아이비소노제일차 20260112-88-6,N,20260112,20260410,대출채권,KRW,,5000000000,5000000000,29,A1,A1,,,(주)소노인터내셔널,외부 신용보강,금융기관,신한은행
67400,지아이비소노제일차,KRZFA94856G1,지아이비소노제일차 20260112-88-6,N,20260112,20260410,대출채권,KRW,,5000000000,5000000000,29,A1,A1,,,(주)소노인터내셔널,금리변동/환율변동,금융기관,신한은행
67400,지아이비소노제일차,KRZFA94857G1,지아이비소노제일차 20260112-88-7,N,20260112,20260410,대출채권,KRW,,5000000000,5000000000,29,A1,A1,,,(주)소노인터내셔널,외부 신용보강,금융기관,신한은행
67400,지아이비소노제일차,KRZFA94857G1,지아이비소노제일차 20260112-88-7,N,20260112,20260410,대출채권,KRW,,5000000000,5000000000,29,A1,A1,,,(주)소노인터내셔널,금리변동/환율변동,금융기관,신한은행
67400,지아이비소노제일차,KRZFA94858G1,지아이비소노제일차 20260112-88-8,N,20260112,20260410,대출채권,KRW,,5000000000,5000000000,29,A1,A1,,,(주)소노인터내셔널,외부 신용보강,금융기관,신한은행
67400,지아이비소노제일차,KRZFA94858G1,지아이비소노제일차 20260112-88-8,N,20260112,20260410,대출채권,KRW,,5000000000,5000000000,29,A1,A1,,,(주)소노인터내셔널,금리변동/환율변동,금융기관,신한은행
62503,케이비리브엘제일차,KRZF360291G1,케이비리브엘제일차 20260112-88-1,N,20260112,20260410,대출채권,KRW,,5000000000,5000000000,29,A1,A1,,,호텔롯데,차환발행위험(유동성 공여형 매입약정),금융기관,국민은행
62503,케이비리브엘제일차,KRZF360291G1,케이비리브엘제일차 20260112-88-1,N,20260112,20260410,대출채권,KRW,,5000000000,5000000000,29,A1,A1,,,호텔롯데,금리변동/환율변동,금융기관,국민은행
62503,케이비리브엘제일차,KRZF36029AG1,케이비리브엘제일차 20260112-88-10,N,20260112,20260410,대출채권,KRW,,5000000000,5000000000,29,A1,A1,,,호텔롯데,차환발행위험(유동성 공여형 매입약정),금융기관,국민은행
62503,케이비리브엘제일차,KRZF36029AG1,케이비리브엘제일차 20260112-88-10,N,20260112,20260410,대출채권,KRW,,5000000000,5000000000,29,A1,A1,,,호텔롯데,금리변동/환율변동,금융기관,국민은행
62503,케이비리브엘제일차,KRZF360292G1,케이비리브엘제일차 20260112-88-2,N,20260112,20260410,대출채권,KRW,,5000000000,5000000000,29,A1,A1,,,호텔롯데,차환발행위험(유동성 공여형 매입약정),금융기관,국민은행
62503,케이비리브엘제일차,KRZF360292G1,케이비리브엘제일차 20260112-88-2,N,20260112,20260410,대출채권,KRW,,5000000000,5000000000,29,A1,A1,,,호텔롯데,금리변동/환율변동,금융기관,국민은행
62503,케이비리브엘제일차,KRZF360293G1,케이비리브엘제일차 20260112-88-3,N,20260112,20260410,대출채권,KRW,,5000000000,5000000000,29,A1,A1,,,호텔롯데,차환발행위험(유동성 공여형 매입약정),금융기관,국민은행
62503,케이비리브엘제일차,KRZF360293G1,케이비리브엘제일차 20260112-88-3,N,20260112,20260410,대출채권,KRW,,5000000000,5000000000,29,A1,A1,,,호텔롯데,금리변동/환율변동,금융기관,국민은행
62503,케이비리브엘제일차,KRZF360294G1,케이비리브엘제일차 20260112-88-4,N,20260112,20260410,대출채권,KRW,,5000000000,5000000000,29,A1,A1,,,호텔롯데,차환발행위험(유동성 공여형 매입약정),금융기관,국민은행
62503,케이비리브엘제일차,KRZF360294G1,케이비리브엘제일차 20260112-88-4,N,20260112,20260410,대출채권,KRW,,5000000000,5000000000,29,A1,A1,,,호텔롯데,금리변동/환율변동,금융기관,국민은행
62503,케이비리브엘제일차,KRZF360295G1,케이비리브엘제일차 20260112-88-5,N,20260112,20260410,대출채권,KRW,,5000000000,5000000000,29,A1,A1,,,호텔롯데,차환발행위험(유동성 공여형 매입약정),금융기관,국민은행
62503,케이비리브엘제일차,KRZF360295G1,케이비리브엘제일차 20260112-88-5,N,20260112,20260410,대출채권,KRW,,5000000000,5000000000,29,A1,A1,,,호텔롯데,금리변동/환율변동,금융기관,국민은행
62503,케이비리브엘제일차,KRZF360296G1,케이비리브엘제일차 20260112-88-6,N,20260112,20260410,대출채권,KRW,,5000000000,5000000000,29,A1,A1,,,호텔롯데,차환발행위험(유동성 공여형 매입약정),금융기관,국민은행
62503,케이비리브엘제일차,KRZF360296G1,케이비리브엘제일차 20260112-88-6,N,20260112,20260410,대출채권,KRW,,5000000000,5000000000,29,A1,A1,,,호텔롯데,금리변동/환율변동,금융기관,국민은행
62503,케이비리브엘제일차,KRZF360297G1,케이비리브엘제일차 20260112-88-7,N,20260112,20260410,대출채권,KRW,,5000000000,5000000000,29,A1,A1,,,호텔롯데,차환발행위험(유동성 공여형 매입약정),금융기관,국민은행
62503,케이비리브엘제일차,KRZF360297G1,케이비리브엘제일차 20260112-88-7,N,20260112,20260410,대출채권,KRW,,5000000000,5000000000,29,A1,A1,,,호텔롯데,금리변동/환율변동,금융기관,국민은행
62503,케이비리브엘제일차,KRZF360298G1,케이비리브엘제일차 20260112-88-8,N,20260112,20260410,대출채권,KRW,,5000000000,5000000000,29,A1,A1,,,호텔롯데,차환발행위험(유동성 공여형 매입약정),금융기관,국민은행
62503,케이비리브엘제일차,KRZF360298G1,케이비리브엘제일차 20260112-88-8,N,20260112,20260410,대출채권,KRW,,5000000000,5000000000,29,A1,A1,,,호텔롯데,금리변동/환율변동,금융기관,국민은행
62503,케이비리브엘제일차,KRZF360299G1,케이비리브엘제일차 20260112-88-9,N,20260112,20260410,대출채권,KRW,,5000000000,5000000000,29,A1,A1,,,호텔롯데,차환발행위험(유동성 공여형 매입약정),금융기관,국민은행
62503,케이비리브엘제일차,KRZF360299G1,케이비리브엘제일차 20260112-88-9,N,20260112,20260410,대출채권,KRW,,5000000000,5000000000,29,A1,A1,,,호텔롯데,금리변동/환율변동,금융기관,국민은행
62529,케이에스에이치씨제이차,KRZFA62691G1,케이에스에이치씨제이차 20260112-91-1,N,20260112,20260413,하이브리드증권,KRW,,5000000000,5000000000,32,,A1,A1,,현대카드,외부 신용보강,금융기관,키움증권
62529,케이에스에이치씨제이차,KRZFA62692G1,케이에스에이치씨제이차 20260112-91-2,N,20260112,20260413,하이브리드증권,KRW,,5000000000,5000000000,32,,A1,A1,,현대카드,외부 신용보강,금융기관,키움증권
62529,케이에스에이치씨제이차,KRZFA62693G1,케이에스에이치씨제이차 20260112-91-3,N,20260112,20260413,하이브리드증권,KRW,,5000000000,5000000000,32,,A1,A1,,현대카드,외부 신용보강,금융기관,키움증권
62529,케이에스에이치씨제이차,KRZFA62694G1,케이에스에이치씨제이차 20260112-91-4,N,20260112,20260413,하이브리드증권,KRW,,5000000000,5000000000,32,,A1,A1,,현대카드,외부 신용보강,금융기관,키움증권
62529,케이에스에이치씨제이차,KRZFA62695G1,케이에스에이치씨제이차 20260112-91-5,N,20260112,20260413,하이브리드증권,KRW,,5000000000,5000000000,32,,A1,A1,,현대카드,외부 신용보강,금융기관,키움증권
62529,케이에스에이치씨제이차,KRZFA62696G1,케이에스에이치씨제이차 20260112-91-6,N,20260112,20260413,하이브리드증권,KRW,,500000000,500000000,32,,A1,A1,,현대카드,외부 신용보강,금융기관,키움증권
