플랜번호,발행인,종목코드,종목명,PF여부,발행일,만기일,기초자산,통화,환율,발행금액,원화환산발행금액,잔존일물,한국신용평가,한국기업평가,NICE신용평가,서울신용평가,실질자금조달자,신용보강 유형,신용보강기관 유형,신용보강기관
73616,디비엠비피제십차,KRZF0112V4GD,디비엠비피제십차 20260130-182-37,N,20260130,20260731,매출채권,KRW,,5000000000,5000000000,141,,A1,A1,,한화솔루션,자체 신용보강,자체 신용보강,한화솔루션
73616,디비엠비피제십차,KRZF0112V5GD,디비엠비피제십차 20260130-182-38,N,20260130,20260731,매출채권,KRW,,5000000000,5000000000,141,,A1,A1,,한화솔루션,자체 신용보강,자체 신용보강,한화솔루션
73616,디비엠비피제십차,KRZF0112V6GD,디비엠비피제십차 20260130-182-39,N,20260130,20260731,매출채권,KRW,,5000000000,5000000000,141,,A1,A1,,한화솔루션,자체 신용보강,자체 신용보강,한화솔루션
73616,디비엠비피제십차,KRZF0112V7GD,디비엠비피제십차 20260130-182-40,N,20260130,20260731,매출채권,KRW,,5000000000,5000000000,141,,A1,A1,,한화솔루션,자체 신용보강,자체 신용보강,한화솔루션
73616,디비엠비피제십차,KRZF0112V8GD,디비엠비피제십차 20260130-182-41,N,20260130,20260731,매출채권,KRW,,5000000000,5000000000,141,,A1,A1,,한화솔루션,자체 신용보강,자체 신용보강,한화솔루션
73616,디비엠비피제십차,KRZF0112V9GD,디비엠비피제십차 20260130-182-42,N,20260130,20260731,매출채권,KRW,,5000000000,5000000000,141,,A1,A1,,한화솔루션,자체 신용보강,자체 신용보강,한화솔루션
73616,디비엠비피제십차,KRZF0112VAGD,디비엠비피제십차 20260130-182-43,N,20260130,20260731,매출채권,KRW,,5000000000,5000000000,141,,A1,A1,,한화솔루션,자체 신용보강,자체 신용보강,한화솔루션
73616,디비엠비피제십차,KRZF0112VBGD,디비엠비피제십차 20260130-182-44,N,20260130,20260731,매출채권,KRW,,2500000000,2500000000,141,,A1,A1,,한화솔루션,자체 신용보강,자체 신용보강,한화솔루션
73621,비엔케이썸제십구차,KRZFA89581G1,비엔케이썸제십구차 20260130-187-1,Y,20260130,20260805,PF대출채권,KRW,,110000000,110000000,146,,A1,A1,,(주)와이즈씨앤디,외부 신용보강,일반기업,현대건설
66877,아스테이온제일차,KRZFA88711G1,아스테이온제일차 20260130-181-1,N,20260130,20260730,수익증권,KRW,,5000000000,5000000000,140,A1,A1,,,이지스자산운용,외부 신용보강,금융기관,메리츠증권
66877,아스테이온제일차,KRZFA8871AG1,아스테이온제일차 20260130-181-10,N,20260130,20260730,수익증권,KRW,,5000000000,5000000000,140,A1,A1,,,이지스자산운용,외부 신용보강,금융기관,메리츠증권
66877,아스테이온제일차,KRZFA88712G1,아스테이온제일차 20260130-181-2,N,20260130,20260730,수익증권,KRW,,5000000000,5000000000,140,A1,A1,,,이지스자산운용,외부 신용보강,금융기관,메리츠증권
66877,아스테이온제일차,KRZFA88713G1,아스테이온제일차 20260130-181-3,N,20260130,20260730,수익증권,KRW,,5000000000,5000000000,140,A1,A1,,,이지스자산운용,외부 신용보강,금융기관,메리츠증권
66877,아스테이온제일차,KRZFA88714G1,아스테이온제일차 20260130-181-4,N,20260130,20260730,수익증권,KRW,,5000000000,5000000000,140,A1,A1,,,이지스자산운용,외부 신용보강,금융기관,메리츠증권
66877,아스테이온제일차,KRZFA88715G1,아스테이온제일차 20260130-181-5,N,20260130,20260730,수익증권,KRW,,5000000000,5000000000,140,A1,A1,,,이지스자산운용,외부 신용보강,금융기관,메리츠증권
66877,아스테이온제일차,KRZFA88716G1,아스테이온제일차 20260130-181-6,N,20260130,20260730,수익증권,KRW,,5000000000,5000000000,140,A1,A1,,,이지스자산운용,외부 신용보강,금융기관,메리츠증권
66877,아스테이온제일차,KRZFA88717G1,아스테이온제일차 20260130-181-7,N,20260130,20260730,수익증권,KRW,,5000000000,5000000000,140,A1,A1,,,이지스자산운용,외부 신용보강,금융기관,메리츠증권
66877,아스테이온제일차,KRZFA88718G1,아스테이온제일차 20260130-181-8,N,20260130,20260730,수익증권,KRW,,5000000000,5000000000,140,A1,A1,,,이지스자산운용,외부 신용보강,금융기관,메리츠증권
66877,아스테이온제일차,KRZFA88719G1,아스테이온제일차 20260130-181-9,N,20260130,20260730,수익증권,KRW,,5000000000,5000000000,140,A1,A1,,,이지스자산운용,외부 신용보강,금융기관,메리츠증권
66877,아스테이온제일차,KRZFA8871BG1,아스테이온제일차 20260130-273-11,N,20260130,20261030,수익증권,KRW,,5000000000,5000000000,232,A1,A1,,,이지스자산운용,외부 신용보강,금융기관,메리츠증권
66877,아스테이온제일차,KRZFA8871CG1,아스테이온제일차 20260130-273-12,N,20260130,20261030,수익증권,KRW,,5000000000,5000000000,232,A1,A1,,,이지스자산운용,외부 신용보강,금융기관,메리츠증권
66877,아스테이온제일차,KRZFA8871DG1,아스테이온제일차 20260130-273-13,N,20260130,20261030,수익증권,KRW,,5000000000,5000000000,232,A1,A1,,,이지스자산운용,외부 신용보강,금융기관,메리츠증권
66877,아스테이온제일차,KRZFA8871EG1,아스테이온제일차 20260130-273-14,N,20260130,20261030,수익증권,KRW,,5000000000,5000000000,232,A1,A1,,,이지스자산운용,외부 신용보강,금융기관,메리츠증권
72389,에스솔루션와이디,KRZFA71551G1,에스솔루션와이디 20260130-90-1,N,20260130,20260430,대출채권,KRW,,5000000000,5000000000,49,A1,A1,,,와이이십이프로젝트금융투자 주식회사,외부 신용보강,금융기관,신한은행
72389,에스솔루션와이디,KRZFA7155AG1,에스솔루션와이디 20260130-90-10,N,20260130,20260430,대출채권,KRW,,5000000000,5000000000,49,A1,A1,,,와이이십이프로젝트금융투자 주식회사,외부 신용보강,금융기관,신한은행
72389,에스솔루션와이디,KRZFA7155BG1,에스솔루션와이디 20260130-90-11,N,20260130,20260430,대출채권,KRW,,5000000000,5000000000,49,A1,A1,,,와이이십이프로젝트금융투자 주식회사,외부 신용보강,금융기관,신한은행
72389,에스솔루션와이디,KRZFA7155CG1,에스솔루션와이디 20260130-90-12,N,20260130,20260430,대출채권,KRW,,5000000000,5000000000,49,A1,A1,,,와이이십이프로젝트금융투자 주식회사,외부 신용보강,금융기관,신한은행
72389,에스솔루션와이디,KRZFA7155DG1,에스솔루션와이디 20260130-90-13,N,20260130,20260430,대출채권,KRW,,5000000000,5000000000,49,A1,A1,,,와이이십이프로젝트금융투자 주식회사,외부 신용보강,금융기관,신한은행
72389,에스솔루션와이디,KRZFA7155EG1,에스솔루션와이디 20260130-90-14,N,20260130,20260430,대출채권,KRW,,5000000000,5000000000,49,A1,A1,,,와이이십이프로젝트금융투자 주식회사,외부 신용보강,금융기관,신한은행
72389,에스솔루션와이디,KRZFA7155FG1,에스솔루션와이디 20260130-90-15,N,20260130,20260430,대출채권,KRW,,20000000000,20000000000,49,A1,A1,,,와이이십이프로젝트금융투자 주식회사,외부 신용보강,금융기관,신한은행
72389,에스솔루션와이디,KRZFA7155GG1,에스솔루션와이디 20260130-90-16,N,20260130,20260430,대출채권,KRW,,10000000000,10000000000,49,A1,A1,,,와이이십이프로젝트금융투자 주식회사,외부 신용보강,금융기관,신한은행
72389,에스솔루션와이디,KRZFA7155HG1,에스솔루션와이디 20260130-90-17,N,20260130,20260430,대출채권,KRW,,9000000000,9000000000,49,A1,A1,,,와이이십이프로젝트금융투자 주식회사,외부 신용보강,금융기관,신한은행
72389,에스솔루션와이디,KRZFA7155JG1,에스솔루션와이디 20260130-90-18,N,20260130,20260430,대출채권,KRW,,8000000000,8000000000,49,A1,A1,,,와이이십이프로젝트금융투자 주식회사,외부 신용보강,금융기관,신한은행
72389,에스솔루션와이디,KRZFA7155KG1,에스솔루션와이디 20260130-90-19,N,20260130,20260430,대출채권,KRW,,8000000000,8000000000,49,A1,A1,,,와이이십이프로젝트금융투자 주식회사,외부 신용보강,금융기관,신한은행
72389,에스솔루션와이디,KRZFA71552G1,에스솔루션와이디 20260130-90-2,N,20260130,20260430,대출채권,KRW,,5000000000,5000000000,49,A1,A1,,,와이이십이프로젝트금융투자 주식회사,외부 신용보강,금융기관,신한은행
72389,에스솔루션와이디,KRZFA7155LG1,에스솔루션와이디 20260130-90-20,N,20260130,20260430,대출채권,KRW,,4000000000,4000000000,49,A1,A1,,,와이이십이프로젝트금융투자 주식회사,외부 신용보강,금융기관,신한은행
72389,에스솔루션와이디,KRZFA7155MG1,에스솔루션와이디 20260130-90-21,N,20260130,20260430,대출채권,KRW,,4000000000,4000000000,49,A1,A1,,,와이이십이프로젝트금융투자 주식회사,외부 신용보강,금융기관,신한은행
72389,에스솔루션와이디,KRZFA7155NG1,에스솔루션와이디 20260130-90-22,N,20260130,20260430,대출채권,KRW,,3000000000,3000000000,49,A1,A1,,,와이이십이프로젝트금융투자 주식회사,외부 신용보강,금융기관,신한은행
72389,에스솔루션와이디,KRZFA7155PG1,에스솔루션와이디 20260130-90-23,N,20260130,20260430,대출채권,KRW,,3000000000,3000000000,49,A1,A1,,,와이이십이프로젝트금융투자 주식회사,외부 신용보강,금융기관,신한은행
72389,에스솔루션와이디,KRZFA7155QG1,에스솔루션와이디 20260130-90-24,N,20260130,20260430,대출채권,KRW,,3000000000,3000000000,49,A1,A1,,,와이이십이프로젝트금융투자 주식회사,외부 신용보강,금융기관,신한은행
72389,에스솔루션와이디,KRZFA7155RG1,에스솔루션와이디 20260130-90-25,N,20260130,20260430,대출채권,KRW,,1000000000,1000000000,49,A1,A1,,,와이이십이프로젝트금융투자 주식회사,외부 신용보강,금융기관,신한은행
72389,에스솔루션와이디,KRZFA7155SG1,에스솔루션와이디 20260130-90-26,N,20260130,20260430,대출채권,KRW,,1000000000,1000000000,49,A1,A1,,,와이이십이프로젝트금융투자 주식회사,외부 신용보강,금융기관,신한은행
72389,에스솔루션와이디,KRZFA7155TG1,에스솔루션와이디 20260130-90-27,N,20260130,20260430,대출채권,KRW,,1000000000,1000000000,49,A1,A1,,,와이이십이프로젝트금융투자 주식회사,외부 신용보강,금융기관,신한은행
72389,에스솔루션와이디,KRZFA7155VG1,에스솔루션와이디 20260130-90-28,N,20260130,20260430,대출채권,KRW,,1000000000,1000000000,49,A1,A1,,,와이이십이프로젝트금융투자 주식회사,외부 신용보강,금융기관,신한은행
72389,에스솔루션와이디,KRZFA7155WG1,에스솔루션와이디 20260130-90-29,N,20260130,20260430,대출채권,KRW,,500000000,500000000,49,A1,A1,,,와이이십이프로젝트금융투자 주식회사,외부 신용보강,금융기관,신한은행
72389,에스솔루션와이디,KRZFA71553G1,에스솔루션와이디 20260130-90-3,N,20260130,20260430,대출채권,KRW,,5000000000,5000000000,49,A1,A1,,,와이이십이프로젝트금융투자 주식회사,외부 신용보강,금융기관,신한은행
72389,에스솔루션와이디,KRZFA7155XG1,에스솔루션와이디 20260130-90-30,N,20260130,20260430,대출채권,KRW,,500000000,500000000,49,A1,A1,,,와이이십이프로젝트금융투자 주식회사,외부 신용보강,금융기관,신한은행
72389,에스솔루션와이디,KRZFA7155YG1,에스솔루션와이디 20260130-90-31,N,20260130,20260430,대출채권,KRW,,500000000,500000000,49,A1,A1,,,와이이십이프로젝트금융투자 주식회사,외부 신용보강,금융기관,신한은행
72389,에스솔루션와이디,KRZFA7155ZG1,에스솔루션와이디 20260130-90-32,N,20260130,20260430,대출채권,KRW,,500000000,500000000,49,A1,A1,,,와이이십이프로젝트금융투자 주식회사,외부 신용보강,금융기관,신한은행
72389,에스솔루션와이디,KRZFA71550GD,에스솔루션와이디 20260130-90-33,N,20260130,20260430,대출채권,KRW,,500000000,500000000,49,A1,A1,,,와이이십이프로젝트금융투자 주식회사,외부 신용보강,금융기관,신한은행
72389,에스솔루션와이디,KRZFA71551GD,에스솔루션와이디 20260130-90-34,N,20260130,20260430,대출채권,KRW,,300000000,300000000,49,A1,A1,,,와이이십이프로젝트금융투자 주식회사,외부 신용보강,금융기관,신한은행
72389,에스솔루션와이디,KRZFA71552GD,에스솔루션와이디 20260130-90-35,N,20260130,20260430,대출채권,KRW,,300000000,300000000,49,A1,A1,,,와이이십이프로젝트금융투자 주식회사,외부 신용보강,금융기관,신한은행
72389,에스솔루션와이디,KRZFA71553GD,에스솔루션와이디 20260130-90-36,N,20260130,20260430,대출채권,KRW,,300000000,300000000,49,A1,A1,,,와이이십이프로젝트금융투자 주식회사,외부 신용보강,금융기관,신한은행
72389,에스솔루션와이디,KRZFA71554GD,에스솔루션와이디 20260130-90-37,N,20260130,20260430,대출채권,KRW,,300000000,300000000,49,A1,A1,,,와이이십이프로젝트금융투자 주식회사,외부 신용보강,금융기관,신한은행
72389,에스솔루션와이디,KRZFA71555GD,에스솔루션와이디 20260130-90-38,N,20260130,20260430,대출채권,KRW,,300000000,300000000,49,A1,A1,,,와이이십이프로젝트금융투자 주식회사,외부 신용보강,금융기관,신한은행
72389,에스솔루션와이디,KRZFA71554G1,에스솔루션와이디 20260130-90-4,N,20260130,20260430,대출채권,KRW,,5000000000,5000000000,49,A1,A1,,,와이이십이프로젝트금융투자 주식회사,외부 신용보강,금융기관,신한은행
72389,에스솔루션와이디,KRZFA71555G1,에스솔루션와이디 20260130-90-5,N,20260130,20260430,대출채권,KRW,,5000000000,5000000000,49,A1,A1,,,와이이십이프로젝트금융투자 주식회사,외부 신용보강,금융기관,신한은행
72389,에스솔루션와이디,KRZFA71556G1,에스솔루션와이디 20260130-90-6,N,20260130,20260430,대출채권,KRW,,5000000000,5000000000,49,A1,A1,,,와이이십이프로젝트금융투자 주식회사,외부 신용보강,금융기관,신한은행
72389,에스솔루션와이디,KRZFA71557G1,에스솔루션와이디 20260130-90-7,N,20260130,20260430,대출채권,KRW,,5000000000,5000000000,49,A1,A1,,,와이이십이프로젝트금융투자 주식회사,외부 신용보강,금융기관,신한은행
72389,에스솔루션와이디,KRZFA71558G1,에스솔루션와이디 20260130-90-8,N,20260130,20260430,대출채권,KRW,,5000000000,5000000000,49,A1,A1,,,와이이십이프로젝트금융투자 주식회사,외부 신용보강,금융기관,신한은행
72389,에스솔루션와이디,KRZFA71559G1,에스솔루션와이디 20260130-90-9,N,20260130,20260430,대출채권,KRW,,5000000000,5000000000,49,A1,A1,,,와이이십이프로젝트금융투자 주식회사,외부 신용보강,금융기관,신한은행
60742,엔에이치상인천,KRZFA52411G1,엔에이치상인천 20260130-28-1,Y,20260130,20260227,PF대출채권,KRW,,5000000000,5000000000,0,A1,,A1,,한화건설,차환발행위험(유동성 공여형 매입약정),금융기관,농협은행
60742,엔에이치상인천,KRZFA52412G1,엔에이치상인천 20260130-28-2,Y,20260130,20260227,PF대출채권,KRW,,5000000000,5000000000,0,A1,,A1,,한화건설,차환발행위험(유동성 공여형 매입약정),금융기관,농협은행
60742,엔에이치상인천,KRZFA52413G1,엔에이치상인천 20260130-28-3,Y,20260130,20260227,PF대출채권,KRW,,5000000000,5000000000,0,A1,,A1,,한화건설,차환발행위험(유동성 공여형 매입약정),금융기관,농협은행
60742,엔에이치상인천,KRZFA52414G1,엔에이치상인천 20260130-28-4,Y,20260130,20260227,PF대출채권,KRW,,5000000000,5000000000,0,A1,,A1,,한화건설,차환발행위험(유동성 공여형 매입약정),금융기관,농협은행
60742,엔에이치상인천,KRZFA52415G1,엔에이치상인천 20260130-28-5,Y,20260130,20260227,PF대출채권,KRW,,5000000000,5000000000,0,A1,,A1,,한화건설,차환발행위험(유동성 공여형 매입약정),금융기관,농협은행
60742,엔에이치상인천,KRZFA52416G1,엔에이치상인천 20260130-28-6,Y,20260130,20260227,PF대출채권,KRW,,5000000000,5000000000,0,A1,,A1,,한화건설,차환발행위험(유동성 공여형 매입약정),금융기관,농협은행
60742,엔에이치상인천,KRZFA52417G1,엔에이치상인천 20260130-28-7,Y,20260130,20260227,PF대출채권,KRW,,6540000000,6540000000,0,A1,,A1,,한화건설,차환발행위험(유동성 공여형 매입약정),금융기관,농협은행
60742,엔에이치상인천,KRZFA52418G1,엔에이치상인천 20260130-28-8,Y,20260130,20260227,PF대출채권,KRW,,940622,940622,0,A1,,A1,,한화건설,차환발행위험(유동성 공여형 매입약정),금융기관,농협은행
73662,엠신천제일차,KRZFA96761G1,엠신천제일차 20260130-94-1,Y,20260130,20260504,PF대출채권,KRW,,5000000000,5000000000,53,A1,A1,,,(주)트럼프디앤씨,외부 신용보강,금융기관,메리츠증권
73662,엠신천제일차,KRZFA96762G1,엠신천제일차 20260130-94-2,Y,20260130,20260504,PF대출채권,KRW,,5000000000,5000000000,53,A1,A1,,,(주)트럼프디앤씨,외부 신용보강,금융기관,메리츠증권
73662,엠신천제일차,KRZFA96763G1,엠신천제일차 20260130-94-3,Y,20260130,20260504,PF대출채권,KRW,,5000000000,5000000000,53,A1,A1,,,(주)트럼프디앤씨,외부 신용보강,금융기관,메리츠증권
73662,엠신천제일차,KRZFA96764G1,엠신천제일차 20260130-94-4,Y,20260130,20260504,PF대출채권,KRW,,5000000000,5000000000,53,A1,A1,,,(주)트럼프디앤씨,외부 신용보강,금융기관,메리츠증권
73662,엠신천제일차,KRZFA96765G1,엠신천제일차 20260130-94-5,Y,20260130,20260504,PF대출채권,KRW,,5000000000,5000000000,53,A1,A1,,,(주)트럼프디앤씨,외부 신용보강,금융기관,메리츠증권
73662,엠신천제일차,KRZFA96766G1,엠신천제일차 20260130-94-6,Y,20260130,20260504,PF대출채권,KRW,,5200000000,5200000000,53,A1,A1,,,(주)트럼프디앤씨,외부 신용보강,금융기관,메리츠증권
73629,와이디피제삼차,KRZFA66331G1,와이디피제삼차 20260130-140-1,N,20260130,20260619,정기예금,KRW,,5000000000,5000000000,99,,A1,A1,,농협은행,자체 신용보강,자체 신용보강,농협은행
73629,와이디피제삼차,KRZFA6633AG1,와이디피제삼차 20260130-140-10,N,20260130,20260619,정기예금,KRW,,5000000000,5000000000,99,,A1,A1,,농협은행,자체 신용보강,자체 신용보강,농협은행
73629,와이디피제삼차,KRZFA6633BG1,와이디피제삼차 20260130-140-11,N,20260130,20260619,정기예금,KRW,,5000000000,5000000000,99,,A1,A1,,농협은행,자체 신용보강,자체 신용보강,농협은행
73629,와이디피제삼차,KRZFA6633CG1,와이디피제삼차 20260130-140-12,N,20260130,20260619,정기예금,KRW,,5000000000,5000000000,99,,A1,A1,,농협은행,자체 신용보강,자체 신용보강,농협은행
73629,와이디피제삼차,KRZFA6633DG1,와이디피제삼차 20260130-140-13,N,20260130,20260619,정기예금,KRW,,5000000000,5000000000,99,,A1,A1,,농협은행,자체 신용보강,자체 신용보강,농협은행
73629,와이디피제삼차,KRZFA6633EG1,와이디피제삼차 20260130-140-14,N,20260130,20260619,정기예금,KRW,,5000000000,5000000000,99,,A1,A1,,농협은행,자체 신용보강,자체 신용보강,농협은행
73629,와이디피제삼차,KRZFA6633FG1,와이디피제삼차 20260130-140-15,N,20260130,20260619,정기예금,KRW,,5000000000,5000000000,99,,A1,A1,,농협은행,자체 신용보강,자체 신용보강,농협은행
73629,와이디피제삼차,KRZFA6633GG1,와이디피제삼차 20260130-140-16,N,20260130,20260619,정기예금,KRW,,5000000000,5000000000,99,,A1,A1,,농협은행,자체 신용보강,자체 신용보강,농협은행
73629,와이디피제삼차,KRZFA6633HG1,와이디피제삼차 20260130-140-17,N,20260130,20260619,정기예금,KRW,,5000000000,5000000000,99,,A1,A1,,농협은행,자체 신용보강,자체 신용보강,농협은행
73629,와이디피제삼차,KRZFA6633JG1,와이디피제삼차 20260130-140-18,N,20260130,20260619,정기예금,KRW,,5000000000,5000000000,99,,A1,A1,,농협은행,자체 신용보강,자체 신용보강,농협은행
73629,와이디피제삼차,KRZFA6633KG1,와이디피제삼차 20260130-140-19,N,20260130,20260619,정기예금,KRW,,5000000000,5000000000,99,,A1,A1,,농협은행,자체 신용보강,자체 신용보강,농협은행
73629,와이디피제삼차,KRZFA66332G1,와이디피제삼차 20260130-140-2,N,20260130,20260619,정기예금,KRW,,5000000000,5000000000,99,,A1,A1,,농협은행,자체 신용보강,자체 신용보강,농협은행
73629,와이디피제삼차,KRZFA6633LG1,와이디피제삼차 20260130-140-20,N,20260130,20260619,정기예금,KRW,,5000000000,5000000000,99,,A1,A1,,농협은행,자체 신용보강,자체 신용보강,농협은행
73629,와이디피제삼차,KRZFA6633MG1,와이디피제삼차 20260130-140-21,N,20260130,20260619,정기예금,KRW,,5000000000,5000000000,99,,A1,A1,,농협은행,자체 신용보강,자체 신용보강,농협은행
73629,와이디피제삼차,KRZFA6633NG1,와이디피제삼차 20260130-140-22,N,20260130,20260619,정기예금,KRW,,5000000000,5000000000,99,,A1,A1,,농협은행,자체 신용보강,자체 신용보강,농협은행
73629,와이디피제삼차,KRZFA6633PG1,와이디피제삼차 20260130-140-23,N,20260130,20260619,정기예금,KRW,,5000000000,5000000000,99,,A1,A1,,농협은행,자체 신용보강,자체 신용보강,농협은행
73629,와이디피제삼차,KRZFA6633QG1,와이디피제삼차 20260130-140-24,N,20260130,20260619,정기예금,KRW,,5000000000,5000000000,99,,A1,A1,,농협은행,자체 신용보강,자체 신용보강,농협은행
73629,와이디피제삼차,KRZFA6633RG1,와이디피제삼차 20260130-140-25,N,20260130,20260619,정기예금,KRW,,5000000000,5000000000,99,,A1,A1,,농협은행,자체 신용보강,자체 신용보강,농협은행
73629,와이디피제삼차,KRZFA6633SG1,와이디피제삼차 20260130-140-26,N,20260130,20260619,정기예금,KRW,,5000000000,5000000000,99,,A1,A1,,농협은행,자체 신용보강,자체 신용보강,농협은행
73629,와이디피제삼차,KRZFA6633TG1,와이디피제삼차 20260130-140-27,N,20260130,20260619,정기예금,KRW,,5000000000,5000000000,99,,A1,A1,,농협은행,자체 신용보강,자체 신용보강,농협은행
73629,와이디피제삼차,KRZFA6633VG1,와이디피제삼차 20260130-140-28,N,20260130,20260619,정기예금,KRW,,5000000000,5000000000,99,,A1,A1,,농협은행,자체 신용보강,자체 신용보강,농협은행
73629,와이디피제삼차,KRZFA6633WG1,와이디피제삼차 20260130-140-29,N,20260130,20260619,정기예금,KRW,,5000000000,5000000000,99,,A1,A1,,농협은행,자체 신용보강,자체 신용보강,농협은행
73629,와이디피제삼차,KRZFA66333G1,와이디피제삼차 20260130-140-3,N,20260130,20260619,정기예금,KRW,,5000000000,5000000000,99,,A1,A1,,농협은행,자체 신용보강,자체 신용보강,농협은행
73629,와이디피제삼차,KRZFA6633XG1,와이디피제삼차 20260130-140-30,N,20260130,20260619,정기예금,KRW,,5000000000,5000000000,99,,A1,A1,,농협은행,자체 신용보강,자체 신용보강,농협은행
73629,와이디피제삼차,KRZFA6633YG1,와이디피제삼차 20260130-140-31,N,20260130,20260619,정기예금,KRW,,5000000000,5000000000,99,,A1,A1,,농협은행,자체 신용보강,자체 신용보강,농협은행
73629,와이디피제삼차,KRZFA6633ZG1,와이디피제삼차 20260130-140-32,N,20260130,20260619,정기예금,KRW,,5000000000,5000000000,99,,A1,A1,,농협은행,자체 신용보강,자체 신용보강,농협은행
73629,와이디피제삼차,KRZFA66330GD,와이디피제삼차 20260130-140-33,N,20260130,20260619,정기예금,KRW,,5000000000,5000000000,99,,A1,A1,,농협은행,자체 신용보강,자체 신용보강,농협은행
73629,와이디피제삼차,KRZFA66331GD,와이디피제삼차 20260130-140-34,N,20260130,20260619,정기예금,KRW,,5000000000,5000000000,99,,A1,A1,,농협은행,자체 신용보강,자체 신용보강,농협은행
73629,와이디피제삼차,KRZFA66332GD,와이디피제삼차 20260130-140-35,N,20260130,20260619,정기예금,KRW,,5000000000,5000000000,99,,A1,A1,,농협은행,자체 신용보강,자체 신용보강,농협은행
73629,와이디피제삼차,KRZFA66333GD,와이디피제삼차 20260130-140-36,N,20260130,20260619,정기예금,KRW,,5000000000,5000000000,99,,A1,A1,,농협은행,자체 신용보강,자체 신용보강,농협은행
73629,와이디피제삼차,KRZFA66334GD,와이디피제삼차 20260130-140-37,N,20260130,20260619,정기예금,KRW,,5000000000,5000000000,99,,A1,A1,,농협은행,자체 신용보강,자체 신용보강,농협은행
73629,와이디피제삼차,KRZFA66335GD,와이디피제삼차 20260130-140-38,N,20260130,20260619,정기예금,KRW,,5000000000,5000000000,99,,A1,A1,,농협은행,자체 신용보강,자체 신용보강,농협은행
73629,와이디피제삼차,KRZFA66336GD,와이디피제삼차 20260130-140-39,N,20260130,20260619,정기예금,KRW,,5000000000,5000000000,99,,A1,A1,,농협은행,자체 신용보강,자체 신용보강,농협은행
73629,와이디피제삼차,KRZFA66334G1,와이디피제삼차 20260130-140-4,N,20260130,20260619,정기예금,KRW,,5000000000,5000000000,99,,A1,A1,,농협은행,자체 신용보강,자체 신용보강,농협은행
73629,와이디피제삼차,KRZFA66337GD,와이디피제삼차 20260130-140-40,N,20260130,20260619,정기예금,KRW,,5000000000,5000000000,99,,A1,A1,,농협은행,자체 신용보강,자체 신용보강,농협은행
73629,와이디피제삼차,KRZFA66338GD,와이디피제삼차 20260130-140-41,N,20260130,20260619,정기예금,KRW,,5000000000,5000000000,99,,A1,A1,,농협은행,자체 신용보강,자체 신용보강,농협은행
73629,와이디피제삼차,KRZFA66339GD,와이디피제삼차 20260130-140-42,N,20260130,20260619,정기예금,KRW,,5000000000,5000000000,99,,A1,A1,,농협은행,자체 신용보강,자체 신용보강,농협은행
73629,와이디피제삼차,KRZFA6633AGD,와이디피제삼차 20260130-140-43,N,20260130,20260619,정기예금,KRW,,5000000000,5000000000,99,,A1,A1,,농협은행,자체 신용보강,자체 신용보강,농협은행
73629,와이디피제삼차,KRZFA6633BGD,와이디피제삼차 20260130-140-44,N,20260130,20260619,정기예금,KRW,,5000000000,5000000000,99,,A1,A1,,농협은행,자체 신용보강,자체 신용보강,농협은행
73629,와이디피제삼차,KRZFA6633CGD,와이디피제삼차 20260130-140-45,N,20260130,20260619,정기예금,KRW,,5000000000,5000000000,99,,A1,A1,,농협은행,자체 신용보강,자체 신용보강,농협은행
73629,와이디피제삼차,KRZFA6633DGD,와이디피제삼차 20260130-140-46,N,20260130,20260619,정기예금,KRW,,5000000000,5000000000,99,,A1,A1,,농협은행,자체 신용보강,자체 신용보강,농협은행
73629,와이디피제삼차,KRZFA6633EGD,와이디피제삼차 20260130-140-47,N,20260130,20260619,정기예금,KRW,,5000000000,5000000000,99,,A1,A1,,농협은행,자체 신용보강,자체 신용보강,농협은행
73629,와이디피제삼차,KRZFA6633FGD,와이디피제삼차 20260130-140-48,N,20260130,20260619,정기예금,KRW,,5000000000,5000000000,99,,A1,A1,,농협은행,자체 신용보강,자체 신용보강,농협은행
73629,와이디피제삼차,KRZFA66335G1,와이디피제삼차 20260130-140-5,N,20260130,20260619,정기예금,KRW,,5000000000,5000000000,99,,A1,A1,,농협은행,자체 신용보강,자체 신용보강,농협은행
73629,와이디피제삼차,KRZFA66336G1,와이디피제삼차 20260130-140-6,N,20260130,20260619,정기예금,KRW,,5000000000,5000000000,99,,A1,A1,,농협은행,자체 신용보강,자체 신용보강,농협은행
73629,와이디피제삼차,KRZFA66337G1,와이디피제삼차 20260130-140-7,N,20260130,20260619,정기예금,KRW,,5000000000,5000000000,99,,A1,A1,,농협은행,자체 신용보강,자체 신용보강,농협은행
73629,와이디피제삼차,KRZFA66338G1,와이디피제삼차 20260130-140-8,N,20260130,20260619,정기예금,KRW,,5000000000,5000000000,99,,A1,A1,,농협은행,자체 신용보강,자체 신용보강,농협은행
73629,와이디피제삼차,KRZFA66339G1,와이디피제삼차 20260130-140-9,N,20260130,20260619,정기예금,KRW,,5000000000,5000000000,99,,A1,A1,,농협은행,자체 신용보강,자체 신용보강,농협은행
73629,와이디피제삼차,KRZFA6633GGD,와이디피제삼차 20260130-308-49,N,20260130,20261204,정기예금,KRW,,405000000,405000000,267,,A1,A1,,농협은행,자체 신용보강,자체 신용보강,농협은행
67605,우리에이치케미칼제일차,KRZF376921G1,우리에이치케미칼제일차 20260130-90-1,N,20260130,20260430,대출채권,KRW,,5000000000,5000000000,49,A1,,A1,,에이치디현대케미칼(주),외부 신용보강,금융기관,우리은행
67605,우리에이치케미칼제일차,KRZF376922G1,우리에이치케미칼제일차 20260130-90-2,N,20260130,20260430,대출채권,KRW,,5000000000,5000000000,49,A1,,A1,,에이치디현대케미칼(주),외부 신용보강,금융기관,우리은행
67605,우리에이치케미칼제일차,KRZF376923G1,우리에이치케미칼제일차 20260130-90-3,N,20260130,20260430,대출채권,KRW,,5000000000,5000000000,49,A1,,A1,,에이치디현대케미칼(주),외부 신용보강,금융기관,우리은행
67605,우리에이치케미칼제일차,KRZF376924G1,우리에이치케미칼제일차 20260130-90-4,N,20260130,20260430,대출채권,KRW,,5000000000,5000000000,49,A1,,A1,,에이치디현대케미칼(주),외부 신용보강,금융기관,우리은행
67605,우리에이치케미칼제일차,KRZF376925G1,우리에이치케미칼제일차 20260130-90-5,N,20260130,20260430,대출채권,KRW,,5000000000,5000000000,49,A1,,A1,,에이치디현대케미칼(주),외부 신용보강,금융기관,우리은행
67605,우리에이치케미칼제일차,KRZF376926G1,우리에이치케미칼제일차 20260130-90-6,N,20260130,20260430,대출채권,KRW,,5000000000,5000000000,49,A1,,A1,,에이치디현대케미칼(주),외부 신용보강,금융기관,우리은행
67605,우리에이치케미칼제일차,KRZF376927G1,우리에이치케미칼제일차 20260130-90-7,N,20260130,20260430,대출채권,KRW,,5000000000,5000000000,49,A1,,A1,,에이치디현대케미칼(주),외부 신용보강,금융기관,우리은행
67605,우리에이치케미칼제일차,KRZF376928G1,우리에이치케미칼제일차 20260130-90-8,N,20260130,20260430,대출채권,KRW,,5000000000,5000000000,49,A1,,A1,,에이치디현대케미칼(주),외부 신용보강,금융기관,우리은행
72379,우리엔씨제일차,KRZF0128V1G1,우리엔씨제일차 20260130-90-1,N,20260130,20260430,대출채권,KRW,,5000000000,5000000000,49,,A1,A1,,이지스엑스일반사모부동산투자신탁제2호적격,차환발행위험(유동성 공여형 매입약정),금융기관,우리은행
72379,우리엔씨제일차,KRZF0128V1G1,우리엔씨제일차 20260130-90-1,N,20260130,20260430,대출채권,KRW,,5000000000,5000000000,49,,A1,A1,,이지스엑스일반사모부동산투자신탁제2호적격,금리변동/환율변동,금융기관,우리은행
72379,우리엔씨제일차,KRZF0128V2G1,우리엔씨제일차 20260130-90-2,N,20260130,20260430,대출채권,KRW,,5000000000,5000000000,49,,A1,A1,,이지스엑스일반사모부동산투자신탁제2호적격,차환발행위험(유동성 공여형 매입약정),금융기관,우리은행
72379,우리엔씨제일차,KRZF0128V2G1,우리엔씨제일차 20260130-90-2,N,20260130,20260430,대출채권,KRW,,5000000000,5000000000,49,,A1,A1,,이지스엑스일반사모부동산투자신탁제2호적격,금리변동/환율변동,금융기관,우리은행
72379,우리엔씨제일차,KRZF0128V3G1,우리엔씨제일차 20260130-90-3,N,20260130,20260430,대출채권,KRW,,5000000000,5000000000,49,,A1,A1,,이지스엑스일반사모부동산투자신탁제2호적격,차환발행위험(유동성 공여형 매입약정),금융기관,우리은행
72379,우리엔씨제일차,KRZF0128V3G1,우리엔씨제일차 20260130-90-3,N,20260130,20260430,대출채권,KRW,,5000000000,5000000000,49,,A1,A1,,이지스엑스일반사모부동산투자신탁제2호적격,금리변동/환율변동,금융기관,우리은행
72379,우리엔씨제일차,KRZF0128V4G1,우리엔씨제일차 20260130-90-4,N,20260130,20260430,대출채권,KRW,,5000000000,5000000000,49,,A1,A1,,이지스엑스일반사모부동산투자신탁제2호적격,차환발행위험(유동성 공여형 매입약정),금융기관,우리은행
72379,우리엔씨제일차,KRZF0128V4G1,우리엔씨제일차 20260130-90-4,N,20260130,20260430,대출채권,KRW,,5000000000,5000000000,49,,A1,A1,,이지스엑스일반사모부동산투자신탁제2호적격,금리변동/환율변동,금융기관,우리은행
72379,우리엔씨제일차,KRZF0128V5G1,우리엔씨제일차 20260130-90-5,N,20260130,20260430,대출채권,KRW,,5000000000,5000000000,49,,A1,A1,,이지스엑스일반사모부동산투자신탁제2호적격,차환발행위험(유동성 공여형 매입약정),금융기관,우리은행
72379,우리엔씨제일차,KRZF0128V5G1,우리엔씨제일차 20260130-90-5,N,20260130,20260430,대출채권,KRW,,5000000000,5000000000,49,,A1,A1,,이지스엑스일반사모부동산투자신탁제2호적격,금리변동/환율변동,금융기관,우리은행
72379,우리엔씨제일차,KRZF0128V6G1,우리엔씨제일차 20260130-90-6,N,20260130,20260430,대출채권,KRW,,5000000000,5000000000,49,,A1,A1,,이지스엑스일반사모부동산투자신탁제2호적격,차환발행위험(유동성 공여형 매입약정),금융기관,우리은행
72379,우리엔씨제일차,KRZF0128V6G1,우리엔씨제일차 20260130-90-6,N,20260130,20260430,대출채권,KRW,,5000000000,5000000000,49,,A1,A1,,이지스엑스일반사모부동산투자신탁제2호적격,금리변동/환율변동,금융기관,우리은행
69829,우리파크원제이차,KRZF0051X1G1,우리파크원제이차 20260130-90-1,N,20260130,20260430,대출채권,KRW,,5000000000,5000000000,49,A1,A1,,,와이이십이프로젝트금융투자 주식회사,차환발행위험(유동성 공여형 매입약정),금융기관,우리은행
69829,우리파크원제이차,KRZF0051XAG1,우리파크원제이차 20260130-90-10,N,20260130,20260430,대출채권,KRW,,5000000000,5000000000,49,A1,A1,,,와이이십이프로젝트금융투자 주식회사,차환발행위험(유동성 공여형 매입약정),금융기관,우리은행
69829,우리파크원제이차,KRZF0051XBG1,우리파크원제이차 20260130-90-11,N,20260130,20260430,대출채권,KRW,,5000000000,5000000000,49,A1,A1,,,와이이십이프로젝트금융투자 주식회사,차환발행위험(유동성 공여형 매입약정),금융기관,우리은행
69829,우리파크원제이차,KRZF0051XCG1,우리파크원제이차 20260130-90-12,N,20260130,20260430,대출채권,KRW,,5000000000,5000000000,49,A1,A1,,,와이이십이프로젝트금융투자 주식회사,차환발행위험(유동성 공여형 매입약정),금융기관,우리은행
69829,우리파크원제이차,KRZF0051XDG1,우리파크원제이차 20260130-90-13,N,20260130,20260430,대출채권,KRW,,5000000000,5000000000,49,A1,A1,,,와이이십이프로젝트금융투자 주식회사,차환발행위험(유동성 공여형 매입약정),금융기관,우리은행
69829,우리파크원제이차,KRZF0051XEG1,우리파크원제이차 20260130-90-14,N,20260130,20260430,대출채권,KRW,,5000000000,5000000000,49,A1,A1,,,와이이십이프로젝트금융투자 주식회사,차환발행위험(유동성 공여형 매입약정),금융기관,우리은행
69829,우리파크원제이차,KRZF0051XFG1,우리파크원제이차 20260130-90-15,N,20260130,20260430,대출채권,KRW,,5000000000,5000000000,49,A1,A1,,,와이이십이프로젝트금융투자 주식회사,차환발행위험(유동성 공여형 매입약정),금융기관,우리은행
69829,우리파크원제이차,KRZF0051XGG1,우리파크원제이차 20260130-90-16,N,20260130,20260430,대출채권,KRW,,5000000000,5000000000,49,A1,A1,,,와이이십이프로젝트금융투자 주식회사,차환발행위험(유동성 공여형 매입약정),금융기관,우리은행
69829,우리파크원제이차,KRZF0051XHG1,우리파크원제이차 20260130-90-17,N,20260130,20260430,대출채권,KRW,,5000000000,5000000000,49,A1,A1,,,와이이십이프로젝트금융투자 주식회사,차환발행위험(유동성 공여형 매입약정),금융기관,우리은행
69829,우리파크원제이차,KRZF0051XJG1,우리파크원제이차 20260130-90-18,N,20260130,20260430,대출채권,KRW,,5000000000,5000000000,49,A1,A1,,,와이이십이프로젝트금융투자 주식회사,차환발행위험(유동성 공여형 매입약정),금융기관,우리은행
69829,우리파크원제이차,KRZF0051XKG1,우리파크원제이차 20260130-90-19,N,20260130,20260430,대출채권,KRW,,5000000000,5000000000,49,A1,A1,,,와이이십이프로젝트금융투자 주식회사,차환발행위험(유동성 공여형 매입약정),금융기관,우리은행
69829,우리파크원제이차,KRZF0051X2G1,우리파크원제이차 20260130-90-2,N,20260130,20260430,대출채권,KRW,,5000000000,5000000000,49,A1,A1,,,와이이십이프로젝트금융투자 주식회사,차환발행위험(유동성 공여형 매입약정),금융기관,우리은행
69829,우리파크원제이차,KRZF0051XLG1,우리파크원제이차 20260130-90-20,N,20260130,20260430,대출채권,KRW,,5000000000,5000000000,49,A1,A1,,,와이이십이프로젝트금융투자 주식회사,차환발행위험(유동성 공여형 매입약정),금융기관,우리은행
69829,우리파크원제이차,KRZF0051X3G1,우리파크원제이차 20260130-90-3,N,20260130,20260430,대출채권,KRW,,5000000000,5000000000,49,A1,A1,,,와이이십이프로젝트금융투자 주식회사,차환발행위험(유동성 공여형 매입약정),금융기관,우리은행
69829,우리파크원제이차,KRZF0051X4G1,우리파크원제이차 20260130-90-4,N,20260130,20260430,대출채권,KRW,,5000000000,5000000000,49,A1,A1,,,와이이십이프로젝트금융투자 주식회사,차환발행위험(유동성 공여형 매입약정),금융기관,우리은행
69829,우리파크원제이차,KRZF0051X5G1,우리파크원제이차 20260130-90-5,N,20260130,20260430,대출채권,KRW,,5000000000,5000000000,49,A1,A1,,,와이이십이프로젝트금융투자 주식회사,차환발행위험(유동성 공여형 매입약정),금융기관,우리은행
69829,우리파크원제이차,KRZF0051X6G1,우리파크원제이차 20260130-90-6,N,20260130,20260430,대출채권,KRW,,5000000000,5000000000,49,A1,A1,,,와이이십이프로젝트금융투자 주식회사,차환발행위험(유동성 공여형 매입약정),금융기관,우리은행
69829,우리파크원제이차,KRZF0051X7G1,우리파크원제이차 20260130-90-7,N,20260130,20260430,대출채권,KRW,,5000000000,5000000000,49,A1,A1,,,와이이십이프로젝트금융투자 주식회사,차환발행위험(유동성 공여형 매입약정),금융기관,우리은행
69829,우리파크원제이차,KRZF0051X8G1,우리파크원제이차 20260130-90-8,N,20260130,20260430,대출채권,KRW,,5000000000,5000000000,49,A1,A1,,,와이이십이프로젝트금융투자 주식회사,차환발행위험(유동성 공여형 매입약정),금융기관,우리은행
69829,우리파크원제이차,KRZF0051X9G1,우리파크원제이차 20260130-90-9,N,20260130,20260430,대출채권,KRW,,5000000000,5000000000,49,A1,A1,,,와이이십이프로젝트금융투자 주식회사,차환발행위험(유동성 공여형 매입약정),금융기관,우리은행
72371,위비리테일제일차,KRZF0113W1G1,위비리테일제일차 20260130-90-1,N,20260130,20260430,대출채권,KRW,,5000000000,5000000000,49,A1,,A1,,이지스엑스일반사모부동산투자신탁제2호적격,외부 신용보강,금융기관,(주)우리투자증권
72371,위비리테일제일차,KRZF0113W1G1,위비리테일제일차 20260130-90-1,N,20260130,20260430,대출채권,KRW,,5000000000,5000000000,49,A1,,A1,,케이더블유베스트(주),외부 신용보강,금융기관,(주)우리투자증권
72371,위비리테일제일차,KRZF0113WAG1,위비리테일제일차 20260130-90-10,N,20260130,20260430,대출채권,KRW,,5000000000,5000000000,49,A1,,A1,,이지스엑스일반사모부동산투자신탁제2호적격,외부 신용보강,금융기관,(주)우리투자증권
72371,위비리테일제일차,KRZF0113WAG1,위비리테일제일차 20260130-90-10,N,20260130,20260430,대출채권,KRW,,5000000000,5000000000,49,A1,,A1,,케이더블유베스트(주),외부 신용보강,금융기관,(주)우리투자증권
72371,위비리테일제일차,KRZF0113WBG1,위비리테일제일차 20260130-90-11,N,20260130,20260430,대출채권,KRW,,750000000,750000000,49,A1,,A1,,이지스엑스일반사모부동산투자신탁제2호적격,외부 신용보강,금융기관,(주)우리투자증권
72371,위비리테일제일차,KRZF0113WBG1,위비리테일제일차 20260130-90-11,N,20260130,20260430,대출채권,KRW,,750000000,750000000,49,A1,,A1,,케이더블유베스트(주),외부 신용보강,금융기관,(주)우리투자증권
72371,위비리테일제일차,KRZF0113W2G1,위비리테일제일차 20260130-90-2,N,20260130,20260430,대출채권,KRW,,5000000000,5000000000,49,A1,,A1,,이지스엑스일반사모부동산투자신탁제2호적격,외부 신용보강,금융기관,(주)우리투자증권
72371,위비리테일제일차,KRZF0113W2G1,위비리테일제일차 20260130-90-2,N,20260130,20260430,대출채권,KRW,,5000000000,5000000000,49,A1,,A1,,케이더블유베스트(주),외부 신용보강,금융기관,(주)우리투자증권
72371,위비리테일제일차,KRZF0113W3G1,위비리테일제일차 20260130-90-3,N,20260130,20260430,대출채권,KRW,,5000000000,5000000000,49,A1,,A1,,이지스엑스일반사모부동산투자신탁제2호적격,외부 신용보강,금융기관,(주)우리투자증권
72371,위비리테일제일차,KRZF0113W3G1,위비리테일제일차 20260130-90-3,N,20260130,20260430,대출채권,KRW,,5000000000,5000000000,49,A1,,A1,,케이더블유베스트(주),외부 신용보강,금융기관,(주)우리투자증권
72371,위비리테일제일차,KRZF0113W4G1,위비리테일제일차 20260130-90-4,N,20260130,20260430,대출채권,KRW,,5000000000,5000000000,49,A1,,A1,,이지스엑스일반사모부동산투자신탁제2호적격,외부 신용보강,금융기관,(주)우리투자증권
72371,위비리테일제일차,KRZF0113W4G1,위비리테일제일차 20260130-90-4,N,20260130,20260430,대출채권,KRW,,5000000000,5000000000,49,A1,,A1,,케이더블유베스트(주),외부 신용보강,금융기관,(주)우리투자증권
72371,위비리테일제일차,KRZF0113W5G1,위비리테일제일차 20260130-90-5,N,20260130,20260430,대출채권,KRW,,5000000000,5000000000,49,A1,,A1,,이지스엑스일반사모부동산투자신탁제2호적격,외부 신용보강,금융기관,(주)우리투자증권
72371,위비리테일제일차,KRZF0113W5G1,위비리테일제일차 20260130-90-5,N,20260130,20260430,대출채권,KRW,,5000000000,5000000000,49,A1,,A1,,케이더블유베스트(주),외부 신용보강,금융기관,(주)우리투자증권
72371,위비리테일제일차,KRZF0113W6G1,위비리테일제일차 20260130-90-6,N,20260130,20260430,대출채권,KRW,,5000000000,5000000000,49,A1,,A1,,이지스엑스일반사모부동산투자신탁제2호적격,외부 신용보강,금융기관,(주)우리투자증권
72371,위비리테일제일차,KRZF0113W6G1,위비리테일제일차 20260130-90-6,N,20260130,20260430,대출채권,KRW,,5000000000,5000000000,49,A1,,A1,,케이더블유베스트(주),외부 신용보강,금융기관,(주)우리투자증권
72371,위비리테일제일차,KRZF0113W7G1,위비리테일제일차 20260130-90-7,N,20260130,20260430,대출채권,KRW,,5000000000,5000000000,49,A1,,A1,,이지스엑스일반사모부동산투자신탁제2호적격,외부 신용보강,금융기관,(주)우리투자증권
72371,위비리테일제일차,KRZF0113W7G1,위비리테일제일차 20260130-90-7,N,20260130,20260430,대출채권,KRW,,5000000000,5000000000,49,A1,,A1,,케이더블유베스트(주),외부 신용보강,금융기관,(주)우리투자증권
72371,위비리테일제일차,KRZF0113W8G1,위비리테일제일차 20260130-90-8,N,20260130,20260430,대출채권,KRW,,5000000000,5000000000,49,A1,,A1,,이지스엑스일반사모부동산투자신탁제2호적격,외부 신용보강,금융기관,(주)우리투자증권
72371,위비리테일제일차,KRZF0113W8G1,위비리테일제일차 20260130-90-8,N,20260130,20260430,대출채권,KRW,,5000000000,5000000000,49,A1,,A1,,케이더블유베스트(주),외부 신용보강,금융기관,(주)우리투자증권
72371,위비리테일제일차,KRZF0113W9G1,위비리테일제일차 20260130-90-9,N,20260130,20260430,대출채권,KRW,,5000000000,5000000000,49,A1,,A1,,이지스엑스일반사모부동산투자신탁제2호적격,외부 신용보강,금융기관,(주)우리투자증권
72371,위비리테일제일차,KRZF0113W9G1,위비리테일제일차 20260130-90-9,N,20260130,20260430,대출채권,KRW,,5000000000,5000000000,49,A1,,A1,,케이더블유베스트(주),외부 신용보강,금융기관,(주)우리투자증권
73595,이비지에스와이,KRZF379013G1,이비지에스와이 20260130-182-3,N,20260130,20260731,대출채권,KRW,,130000000,130000000,141,,A3,A3,,이랜드월드,자체 신용보강,자체 신용보강,이랜드월드
61281,지아이비은평,KRZFA55513G1,지아이비은평 20260130-74-3,Y,20260130,20260414,PF대출채권,KRW,,720000000,720000000,33,,A1,A1,,(주)에스피에스테이트,외부 신용보강,금융기관,신한은행
69826,케이비클래스트제일차,KRZF0048B1G1,케이비클래스트제일차 20260130-28-1,Y,20260130,20260227,PF대출채권,KRW,,50000000000,50000000000,0,A1,A1,,,반포주공1단지주택재건축정비사업조합,차환발행위험(유동성 공여형 매입약정),금융기관,국민은행
69826,케이비클래스트제일차,KRZF0048BAG1,케이비클래스트제일차 20260130-28-10,Y,20260130,20260227,PF대출채권,KRW,,5000000000,5000000000,0,A1,A1,,,반포주공1단지주택재건축정비사업조합,차환발행위험(유동성 공여형 매입약정),금융기관,국민은행
69826,케이비클래스트제일차,KRZF0048BBG1,케이비클래스트제일차 20260130-28-11,Y,20260130,20260227,PF대출채권,KRW,,5000000000,5000000000,0,A1,A1,,,반포주공1단지주택재건축정비사업조합,차환발행위험(유동성 공여형 매입약정),금융기관,국민은행
69826,케이비클래스트제일차,KRZF0048BCG1,케이비클래스트제일차 20260130-28-12,Y,20260130,20260227,PF대출채권,KRW,,4500000000,4500000000,0,A1,A1,,,반포주공1단지주택재건축정비사업조합,차환발행위험(유동성 공여형 매입약정),금융기관,국민은행
69826,케이비클래스트제일차,KRZF0048BDG1,케이비클래스트제일차 20260130-28-13,Y,20260130,20260227,PF대출채권,KRW,,10000000000,10000000000,0,A1,A1,,,반포주공1단지주택재건축정비사업조합,차환발행위험(유동성 공여형 매입약정),금융기관,국민은행
69826,케이비클래스트제일차,KRZF0048BEG1,케이비클래스트제일차 20260130-28-14,Y,20260130,20260227,PF대출채권,KRW,,10000000000,10000000000,0,A1,A1,,,반포주공1단지주택재건축정비사업조합,차환발행위험(유동성 공여형 매입약정),금융기관,국민은행
69826,케이비클래스트제일차,KRZF0048BFG1,케이비클래스트제일차 20260130-28-15,Y,20260130,20260227,PF대출채권,KRW,,10000000000,10000000000,0,A1,A1,,,반포주공1단지주택재건축정비사업조합,차환발행위험(유동성 공여형 매입약정),금융기관,국민은행
69826,케이비클래스트제일차,KRZF0048BGG1,케이비클래스트제일차 20260130-28-16,Y,20260130,20260227,PF대출채권,KRW,,5500000000,5500000000,0,A1,A1,,,반포주공1단지주택재건축정비사업조합,차환발행위험(유동성 공여형 매입약정),금융기관,국민은행
69826,케이비클래스트제일차,KRZF0048B2G1,케이비클래스트제일차 20260130-28-2,Y,20260130,20260227,PF대출채권,KRW,,10000000000,10000000000,0,A1,A1,,,반포주공1단지주택재건축정비사업조합,차환발행위험(유동성 공여형 매입약정),금융기관,국민은행
69826,케이비클래스트제일차,KRZF0048B3G1,케이비클래스트제일차 20260130-28-3,Y,20260130,20260227,PF대출채권,KRW,,10000000000,10000000000,0,A1,A1,,,반포주공1단지주택재건축정비사업조합,차환발행위험(유동성 공여형 매입약정),금융기관,국민은행
69826,케이비클래스트제일차,KRZF0048B4G1,케이비클래스트제일차 20260130-28-4,Y,20260130,20260227,PF대출채권,KRW,,5000000000,5000000000,0,A1,A1,,,반포주공1단지주택재건축정비사업조합,차환발행위험(유동성 공여형 매입약정),금융기관,국민은행
69826,케이비클래스트제일차,KRZF0048B5G1,케이비클래스트제일차 20260130-28-5,Y,20260130,20260227,PF대출채권,KRW,,5000000000,5000000000,0,A1,A1,,,반포주공1단지주택재건축정비사업조합,차환발행위험(유동성 공여형 매입약정),금융기관,국민은행
69826,케이비클래스트제일차,KRZF0048B6G1,케이비클래스트제일차 20260130-28-6,Y,20260130,20260227,PF대출채권,KRW,,5000000000,5000000000,0,A1,A1,,,반포주공1단지주택재건축정비사업조합,차환발행위험(유동성 공여형 매입약정),금융기관,국민은행
69826,케이비클래스트제일차,KRZF0048B7G1,케이비클래스트제일차 20260130-28-7,Y,20260130,20260227,PF대출채권,KRW,,5000000000,5000000000,0,A1,A1,,,반포주공1단지주택재건축정비사업조합,차환발행위험(유동성 공여형 매입약정),금융기관,국민은행
69826,케이비클래스트제일차,KRZF0048B8G1,케이비클래스트제일차 20260130-28-8,Y,20260130,20260227,PF대출채권,KRW,,5000000000,5000000000,0,A1,A1,,,반포주공1단지주택재건축정비사업조합,차환발행위험(유동성 공여형 매입약정),금융기관,국민은행
69826,케이비클래스트제일차,KRZF0048B9G1,케이비클래스트제일차 20260130-28-9,Y,20260130,20260227,PF대출채권,KRW,,5000000000,5000000000,0,A1,A1,,,반포주공1단지주택재건축정비사업조합,차환발행위험(유동성 공여형 매입약정),금융기관,국민은행
72381,케이비프렌즈제일차,KRZF0129E1G1,케이비프렌즈제일차 20260130-28-1,Y,20260130,20260227,PF대출채권,KRW,,10000000000,10000000000,0,A1,A1,,,반포주공1단지주택재건축정비사업조합,차환발행위험(유동성 공여형 매입약정),금융기관,국민은행
72381,케이비프렌즈제일차,KRZF0129EAG1,케이비프렌즈제일차 20260130-28-10,Y,20260130,20260227,PF대출채권,KRW,,10000000000,10000000000,0,A1,A1,,,반포주공1단지주택재건축정비사업조합,차환발행위험(유동성 공여형 매입약정),금융기관,국민은행
72381,케이비프렌즈제일차,KRZF0129EBG1,케이비프렌즈제일차 20260130-28-11,Y,20260130,20260227,PF대출채권,KRW,,10000000000,10000000000,0,A1,A1,,,반포주공1단지주택재건축정비사업조합,차환발행위험(유동성 공여형 매입약정),금융기관,국민은행
72381,케이비프렌즈제일차,KRZF0129ECG1,케이비프렌즈제일차 20260130-28-12,Y,20260130,20260227,PF대출채권,KRW,,8400000000,8400000000,0,A1,A1,,,반포주공1단지주택재건축정비사업조합,차환발행위험(유동성 공여형 매입약정),금융기관,국민은행
72381,케이비프렌즈제일차,KRZF0129EDG1,케이비프렌즈제일차 20260130-28-13,Y,20260130,20260227,PF대출채권,KRW,,10000000000,10000000000,0,A1,A1,,,반포주공1단지주택재건축정비사업조합,차환발행위험(유동성 공여형 매입약정),금융기관,국민은행
72381,케이비프렌즈제일차,KRZF0129EEG1,케이비프렌즈제일차 20260130-28-14,Y,20260130,20260227,PF대출채권,KRW,,10000000000,10000000000,0,A1,A1,,,반포주공1단지주택재건축정비사업조합,차환발행위험(유동성 공여형 매입약정),금융기관,국민은행
72381,케이비프렌즈제일차,KRZF0129EFG1,케이비프렌즈제일차 20260130-28-15,Y,20260130,20260227,PF대출채권,KRW,,10000000000,10000000000,0,A1,A1,,,반포주공1단지주택재건축정비사업조합,차환발행위험(유동성 공여형 매입약정),금융기관,국민은행
72381,케이비프렌즈제일차,KRZF0129EGG1,케이비프렌즈제일차 20260130-28-16,Y,20260130,20260227,PF대출채권,KRW,,10000000000,10000000000,0,A1,A1,,,반포주공1단지주택재건축정비사업조합,차환발행위험(유동성 공여형 매입약정),금융기관,국민은행
72381,케이비프렌즈제일차,KRZF0129EHG1,케이비프렌즈제일차 20260130-28-17,Y,20260130,20260227,PF대출채권,KRW,,5000000000,5000000000,0,A1,A1,,,반포주공1단지주택재건축정비사업조합,차환발행위험(유동성 공여형 매입약정),금융기관,국민은행
72381,케이비프렌즈제일차,KRZF0129EJG1,케이비프렌즈제일차 20260130-28-18,Y,20260130,20260227,PF대출채권,KRW,,5000000000,5000000000,0,A1,A1,,,반포주공1단지주택재건축정비사업조합,차환발행위험(유동성 공여형 매입약정),금융기관,국민은행
72381,케이비프렌즈제일차,KRZF0129EKG1,케이비프렌즈제일차 20260130-28-19,Y,20260130,20260227,PF대출채권,KRW,,5000000000,5000000000,0,A1,A1,,,반포주공1단지주택재건축정비사업조합,차환발행위험(유동성 공여형 매입약정),금융기관,국민은행
72381,케이비프렌즈제일차,KRZF0129E2G1,케이비프렌즈제일차 20260130-28-2,Y,20260130,20260227,PF대출채권,KRW,,5000000000,5000000000,0,A1,A1,,,반포주공1단지주택재건축정비사업조합,차환발행위험(유동성 공여형 매입약정),금융기관,국민은행
72381,케이비프렌즈제일차,KRZF0129ELG1,케이비프렌즈제일차 20260130-28-20,Y,20260130,20260227,PF대출채권,KRW,,5000000000,5000000000,0,A1,A1,,,반포주공1단지주택재건축정비사업조합,차환발행위험(유동성 공여형 매입약정),금융기관,국민은행
72381,케이비프렌즈제일차,KRZF0129EMG1,케이비프렌즈제일차 20260130-28-21,Y,20260130,20260227,PF대출채권,KRW,,5000000000,5000000000,0,A1,A1,,,반포주공1단지주택재건축정비사업조합,차환발행위험(유동성 공여형 매입약정),금융기관,국민은행
72381,케이비프렌즈제일차,KRZF0129ENG1,케이비프렌즈제일차 20260130-28-22,Y,20260130,20260227,PF대출채권,KRW,,5000000000,5000000000,0,A1,A1,,,반포주공1단지주택재건축정비사업조합,차환발행위험(유동성 공여형 매입약정),금융기관,국민은행
72381,케이비프렌즈제일차,KRZF0129EPG1,케이비프렌즈제일차 20260130-28-23,Y,20260130,20260227,PF대출채권,KRW,,5000000000,5000000000,0,A1,A1,,,반포주공1단지주택재건축정비사업조합,차환발행위험(유동성 공여형 매입약정),금융기관,국민은행
72381,케이비프렌즈제일차,KRZF0129EQG1,케이비프렌즈제일차 20260130-28-24,Y,20260130,20260227,PF대출채권,KRW,,5000000000,5000000000,0,A1,A1,,,반포주공1단지주택재건축정비사업조합,차환발행위험(유동성 공여형 매입약정),금융기관,국민은행
72381,케이비프렌즈제일차,KRZF0129ERG1,케이비프렌즈제일차 20260130-28-25,Y,20260130,20260227,PF대출채권,KRW,,5000000000,5000000000,0,A1,A1,,,반포주공1단지주택재건축정비사업조합,차환발행위험(유동성 공여형 매입약정),금융기관,국민은행
72381,케이비프렌즈제일차,KRZF0129ESG1,케이비프렌즈제일차 20260130-28-26,Y,20260130,20260227,PF대출채권,KRW,,5000000000,5000000000,0,A1,A1,,,반포주공1단지주택재건축정비사업조합,차환발행위험(유동성 공여형 매입약정),금융기관,국민은행
72381,케이비프렌즈제일차,KRZF0129ETG1,케이비프렌즈제일차 20260130-28-27,Y,20260130,20260227,PF대출채권,KRW,,5000000000,5000000000,0,A1,A1,,,반포주공1단지주택재건축정비사업조합,차환발행위험(유동성 공여형 매입약정),금융기관,국민은행
72381,케이비프렌즈제일차,KRZF0129EVG1,케이비프렌즈제일차 20260130-28-28,Y,20260130,20260227,PF대출채권,KRW,,5000000000,5000000000,0,A1,A1,,,반포주공1단지주택재건축정비사업조합,차환발행위험(유동성 공여형 매입약정),금융기관,국민은행
72381,케이비프렌즈제일차,KRZF0129EWG1,케이비프렌즈제일차 20260130-28-29,Y,20260130,20260227,PF대출채권,KRW,,5000000000,5000000000,0,A1,A1,,,반포주공1단지주택재건축정비사업조합,차환발행위험(유동성 공여형 매입약정),금융기관,국민은행
72381,케이비프렌즈제일차,KRZF0129E3G1,케이비프렌즈제일차 20260130-28-3,Y,20260130,20260227,PF대출채권,KRW,,20000000000,20000000000,0,A1,A1,,,반포주공1단지주택재건축정비사업조합,차환발행위험(유동성 공여형 매입약정),금융기관,국민은행
72381,케이비프렌즈제일차,KRZF0129EXG1,케이비프렌즈제일차 20260130-28-30,Y,20260130,20260227,PF대출채권,KRW,,5000000000,5000000000,0,A1,A1,,,반포주공1단지주택재건축정비사업조합,차환발행위험(유동성 공여형 매입약정),금융기관,국민은행
72381,케이비프렌즈제일차,KRZF0129EYG1,케이비프렌즈제일차 20260130-28-31,Y,20260130,20260227,PF대출채권,KRW,,5000000000,5000000000,0,A1,A1,,,반포주공1단지주택재건축정비사업조합,차환발행위험(유동성 공여형 매입약정),금융기관,국민은행
72381,케이비프렌즈제일차,KRZF0129EZG1,케이비프렌즈제일차 20260130-28-32,Y,20260130,20260227,PF대출채권,KRW,,1600000000,1600000000,0,A1,A1,,,반포주공1단지주택재건축정비사업조합,차환발행위험(유동성 공여형 매입약정),금융기관,국민은행
72381,케이비프렌즈제일차,KRZF0129E0GD,케이비프렌즈제일차 20260130-28-33,Y,20260130,20260227,PF대출채권,KRW,,5000000000,5000000000,0,A1,A1,,,반포주공1단지주택재건축정비사업조합,차환발행위험(유동성 공여형 매입약정),금융기관,국민은행
72381,케이비프렌즈제일차,KRZF0129E1GD,케이비프렌즈제일차 20260130-28-34,Y,20260130,20260227,PF대출채권,KRW,,5000000000,5000000000,0,A1,A1,,,반포주공1단지주택재건축정비사업조합,차환발행위험(유동성 공여형 매입약정),금융기관,국민은행
72381,케이비프렌즈제일차,KRZF0129E2GD,케이비프렌즈제일차 20260130-28-35,Y,20260130,20260227,PF대출채권,KRW,,5000000000,5000000000,0,A1,A1,,,반포주공1단지주택재건축정비사업조합,차환발행위험(유동성 공여형 매입약정),금융기관,국민은행
72381,케이비프렌즈제일차,KRZF0129E3GD,케이비프렌즈제일차 20260130-28-36,Y,20260130,20260227,PF대출채권,KRW,,5000000000,5000000000,0,A1,A1,,,반포주공1단지주택재건축정비사업조합,차환발행위험(유동성 공여형 매입약정),금융기관,국민은행
72381,케이비프렌즈제일차,KRZF0129E4GD,케이비프렌즈제일차 20260130-28-37,Y,20260130,20260227,PF대출채권,KRW,,5000000000,5000000000,0,A1,A1,,,반포주공1단지주택재건축정비사업조합,차환발행위험(유동성 공여형 매입약정),금융기관,국민은행
72381,케이비프렌즈제일차,KRZF0129E5GD,케이비프렌즈제일차 20260130-28-38,Y,20260130,20260227,PF대출채권,KRW,,5000000000,5000000000,0,A1,A1,,,반포주공1단지주택재건축정비사업조합,차환발행위험(유동성 공여형 매입약정),금융기관,국민은행
72381,케이비프렌즈제일차,KRZF0129E6GD,케이비프렌즈제일차 20260130-28-39,Y,20260130,20260227,PF대출채권,KRW,,5000000000,5000000000,0,A1,A1,,,반포주공1단지주택재건축정비사업조합,차환발행위험(유동성 공여형 매입약정),금융기관,국민은행
72381,케이비프렌즈제일차,KRZF0129E4G1,케이비프렌즈제일차 20260130-28-4,Y,20260130,20260227,PF대출채권,KRW,,10000000000,10000000000,0,A1,A1,,,반포주공1단지주택재건축정비사업조합,차환발행위험(유동성 공여형 매입약정),금융기관,국민은행
72381,케이비프렌즈제일차,KRZF0129E7GD,케이비프렌즈제일차 20260130-28-40,Y,20260130,20260227,PF대출채권,KRW,,5000000000,5000000000,0,A1,A1,,,반포주공1단지주택재건축정비사업조합,차환발행위험(유동성 공여형 매입약정),금융기관,국민은행
72381,케이비프렌즈제일차,KRZF0129E8GD,케이비프렌즈제일차 20260130-28-41,Y,20260130,20260227,PF대출채권,KRW,,50000000000,50000000000,0,A1,A1,,,반포주공1단지주택재건축정비사업조합,차환발행위험(유동성 공여형 매입약정),금융기관,국민은행
72381,케이비프렌즈제일차,KRZF0129E9GD,케이비프렌즈제일차 20260130-28-42,Y,20260130,20260227,PF대출채권,KRW,,10000000000,10000000000,0,A1,A1,,,반포주공1단지주택재건축정비사업조합,차환발행위험(유동성 공여형 매입약정),금융기관,국민은행
72381,케이비프렌즈제일차,KRZF0129EAGD,케이비프렌즈제일차 20260130-28-43,Y,20260130,20260227,PF대출채권,KRW,,10000000000,10000000000,0,A1,A1,,,반포주공1단지주택재건축정비사업조합,차환발행위험(유동성 공여형 매입약정),금융기관,국민은행
72381,케이비프렌즈제일차,KRZF0129E5G1,케이비프렌즈제일차 20260130-28-5,Y,20260130,20260227,PF대출채권,KRW,,10000000000,10000000000,0,A1,A1,,,반포주공1단지주택재건축정비사업조합,차환발행위험(유동성 공여형 매입약정),금융기관,국민은행
72381,케이비프렌즈제일차,KRZF0129E6G1,케이비프렌즈제일차 20260130-28-6,Y,20260130,20260227,PF대출채권,KRW,,10000000000,10000000000,0,A1,A1,,,반포주공1단지주택재건축정비사업조합,차환발행위험(유동성 공여형 매입약정),금융기관,국민은행
72381,케이비프렌즈제일차,KRZF0129E7G1,케이비프렌즈제일차 20260130-28-7,Y,20260130,20260227,PF대출채권,KRW,,10000000000,10000000000,0,A1,A1,,,반포주공1단지주택재건축정비사업조합,차환발행위험(유동성 공여형 매입약정),금융기관,국민은행
72381,케이비프렌즈제일차,KRZF0129E8G1,케이비프렌즈제일차 20260130-28-8,Y,20260130,20260227,PF대출채권,KRW,,10000000000,10000000000,0,A1,A1,,,반포주공1단지주택재건축정비사업조합,차환발행위험(유동성 공여형 매입약정),금융기관,국민은행
72381,케이비프렌즈제일차,KRZF0129E9G1,케이비프렌즈제일차 20260130-28-9,Y,20260130,20260227,PF대출채권,KRW,,10000000000,10000000000,0,A1,A1,,,반포주공1단지주택재건축정비사업조합,차환발행위험(유동성 공여형 매입약정),금융기관,국민은행
73594,케이비한남이제이차,KRZF0160R1G1,케이비한남이제이차 20260130-28-1,Y,20260130,20260227,PF대출채권,KRW,,20000000000,20000000000,0,A1,,A1,,한남2재정비촉진구역주택재개발정비사업조합,차환발행위험(유동성 공여형 매입약정),금융기관,국민은행
73594,케이비한남이제이차,KRZF0160R2G1,케이비한남이제이차 20260130-28-2,Y,20260130,20260227,PF대출채권,KRW,,15000000000,15000000000,0,A1,,A1,,한남2재정비촉진구역주택재개발정비사업조합,차환발행위험(유동성 공여형 매입약정),금융기관,국민은행
73594,케이비한남이제이차,KRZF0160R3G1,케이비한남이제이차 20260130-28-3,Y,20260130,20260227,PF대출채권,KRW,,10000000000,10000000000,0,A1,,A1,,한남2재정비촉진구역주택재개발정비사업조합,차환발행위험(유동성 공여형 매입약정),금융기관,국민은행
73594,케이비한남이제이차,KRZF0160R4G1,케이비한남이제이차 20260130-28-4,Y,20260130,20260227,PF대출채권,KRW,,10000000000,10000000000,0,A1,,A1,,한남2재정비촉진구역주택재개발정비사업조합,차환발행위험(유동성 공여형 매입약정),금융기관,국민은행
73594,케이비한남이제이차,KRZF0160R5G1,케이비한남이제이차 20260130-28-5,Y,20260130,20260227,PF대출채권,KRW,,10000000000,10000000000,0,A1,,A1,,한남2재정비촉진구역주택재개발정비사업조합,차환발행위험(유동성 공여형 매입약정),금융기관,국민은행
73594,케이비한남이제이차,KRZF0160R6G1,케이비한남이제이차 20260130-28-6,Y,20260130,20260227,PF대출채권,KRW,,10000000000,10000000000,0,A1,,A1,,한남2재정비촉진구역주택재개발정비사업조합,차환발행위험(유동성 공여형 매입약정),금융기관,국민은행
73594,케이비한남이제이차,KRZF0160R7G1,케이비한남이제이차 20260130-28-7,Y,20260130,20260227,PF대출채권,KRW,,5000000000,5000000000,0,A1,,A1,,한남2재정비촉진구역주택재개발정비사업조합,차환발행위험(유동성 공여형 매입약정),금융기관,국민은행
73594,케이비한남이제이차,KRZF0160R8G1,케이비한남이제이차 20260130-28-8,Y,20260130,20260227,PF대출채권,KRW,,5000000000,5000000000,0,A1,,A1,,한남2재정비촉진구역주택재개발정비사업조합,차환발행위험(유동성 공여형 매입약정),금융기관,국민은행
73593,케이비한남이제일차,KRZF0160P1G1,케이비한남이제일차 20260130-28-1,Y,20260130,20260227,PF대출채권,KRW,,20000000000,20000000000,0,A1,,A1,,한남2재정비촉진구역주택재개발정비사업조합,차환발행위험(유동성 공여형 매입약정),금융기관,국민은행
73593,케이비한남이제일차,KRZF0160P2G1,케이비한남이제일차 20260130-28-2,Y,20260130,20260227,PF대출채권,KRW,,20000000000,20000000000,0,A1,,A1,,한남2재정비촉진구역주택재개발정비사업조합,차환발행위험(유동성 공여형 매입약정),금융기관,국민은행
73593,케이비한남이제일차,KRZF0160P3G1,케이비한남이제일차 20260130-28-3,Y,20260130,20260227,PF대출채권,KRW,,10000000000,10000000000,0,A1,,A1,,한남2재정비촉진구역주택재개발정비사업조합,차환발행위험(유동성 공여형 매입약정),금융기관,국민은행
73593,케이비한남이제일차,KRZF0160P4G1,케이비한남이제일차 20260130-28-4,Y,20260130,20260227,PF대출채권,KRW,,10000000000,10000000000,0,A1,,A1,,한남2재정비촉진구역주택재개발정비사업조합,차환발행위험(유동성 공여형 매입약정),금융기관,국민은행
73593,케이비한남이제일차,KRZF0160P5G1,케이비한남이제일차 20260130-28-5,Y,20260130,20260227,PF대출채권,KRW,,10000000000,10000000000,0,A1,,A1,,한남2재정비촉진구역주택재개발정비사업조합,차환발행위험(유동성 공여형 매입약정),금융기관,국민은행
73593,케이비한남이제일차,KRZF0160P6G1,케이비한남이제일차 20260130-28-6,Y,20260130,20260227,PF대출채권,KRW,,10000000000,10000000000,0,A1,,A1,,한남2재정비촉진구역주택재개발정비사업조합,차환발행위험(유동성 공여형 매입약정),금융기관,국민은행
73593,케이비한남이제일차,KRZF0160P7G1,케이비한남이제일차 20260130-28-7,Y,20260130,20260227,PF대출채권,KRW,,5000000000,5000000000,0,A1,,A1,,한남2재정비촉진구역주택재개발정비사업조합,차환발행위험(유동성 공여형 매입약정),금융기관,국민은행
73615,투에스제사차,KRZF0114MLG1,투에스제사차 20260130-181-20,Y,20260130,20260730,PF대출채권,KRW,,340000000,340000000,140,A1,,A1,,주식회사 더보니타,외부 신용보강,일반기업,현대건설
73615,투에스제사차,KRZF0114MLG1,투에스제사차 20260130-181-20,Y,20260130,20260730,PF대출채권,KRW,,340000000,340000000,140,A1,,A1,,주식회사 더보니타,자체 신용보강,자체 신용보강,세금환급(국세및지방세등)
73615,투에스제사차,KRZF0114M1G1,투에스제사차 20260130-364-1,Y,20260130,20270129,PF대출채권,KRW,,5000000000,5000000000,323,A1,,A1,,주식회사 더보니타,외부 신용보강,일반기업,현대건설
73615,투에스제사차,KRZF0114M1G1,투에스제사차 20260130-364-1,Y,20260130,20270129,PF대출채권,KRW,,5000000000,5000000000,323,A1,,A1,,주식회사 더보니타,자체 신용보강,자체 신용보강,세금환급(국세및지방세등)
73615,투에스제사차,KRZF0114MAG1,투에스제사차 20260130-364-10,Y,20260130,20270129,PF대출채권,KRW,,5000000000,5000000000,323,A1,,A1,,주식회사 더보니타,외부 신용보강,일반기업,현대건설
73615,투에스제사차,KRZF0114MAG1,투에스제사차 20260130-364-10,Y,20260130,20270129,PF대출채권,KRW,,5000000000,5000000000,323,A1,,A1,,주식회사 더보니타,자체 신용보강,자체 신용보강,세금환급(국세및지방세등)
73615,투에스제사차,KRZF0114MBG1,투에스제사차 20260130-364-11,Y,20260130,20270129,PF대출채권,KRW,,5000000000,5000000000,323,A1,,A1,,주식회사 더보니타,외부 신용보강,일반기업,현대건설
73615,투에스제사차,KRZF0114MBG1,투에스제사차 20260130-364-11,Y,20260130,20270129,PF대출채권,KRW,,5000000000,5000000000,323,A1,,A1,,주식회사 더보니타,자체 신용보강,자체 신용보강,세금환급(국세및지방세등)
73615,투에스제사차,KRZF0114MCG1,투에스제사차 20260130-364-12,Y,20260130,20270129,PF대출채권,KRW,,5000000000,5000000000,323,A1,,A1,,주식회사 더보니타,외부 신용보강,일반기업,현대건설
73615,투에스제사차,KRZF0114MCG1,투에스제사차 20260130-364-12,Y,20260130,20270129,PF대출채권,KRW,,5000000000,5000000000,323,A1,,A1,,주식회사 더보니타,자체 신용보강,자체 신용보강,세금환급(국세및지방세등)
73615,투에스제사차,KRZF0114MDG1,투에스제사차 20260130-364-13,Y,20260130,20270129,PF대출채권,KRW,,2000000000,2000000000,323,A1,,A1,,주식회사 더보니타,외부 신용보강,일반기업,현대건설
73615,투에스제사차,KRZF0114MDG1,투에스제사차 20260130-364-13,Y,20260130,20270129,PF대출채권,KRW,,2000000000,2000000000,323,A1,,A1,,주식회사 더보니타,자체 신용보강,자체 신용보강,세금환급(국세및지방세등)
73615,투에스제사차,KRZF0114MEG1,투에스제사차 20260130-364-14,Y,20260130,20270129,PF대출채권,KRW,,2000000000,2000000000,323,A1,,A1,,주식회사 더보니타,외부 신용보강,일반기업,현대건설
73615,투에스제사차,KRZF0114MEG1,투에스제사차 20260130-364-14,Y,20260130,20270129,PF대출채권,KRW,,2000000000,2000000000,323,A1,,A1,,주식회사 더보니타,자체 신용보강,자체 신용보강,세금환급(국세및지방세등)
73615,투에스제사차,KRZF0114MFG1,투에스제사차 20260130-364-15,Y,20260130,20270129,PF대출채권,KRW,,2000000000,2000000000,323,A1,,A1,,주식회사 더보니타,외부 신용보강,일반기업,현대건설
73615,투에스제사차,KRZF0114MFG1,투에스제사차 20260130-364-15,Y,20260130,20270129,PF대출채권,KRW,,2000000000,2000000000,323,A1,,A1,,주식회사 더보니타,자체 신용보강,자체 신용보강,세금환급(국세및지방세등)
73615,투에스제사차,KRZF0114MGG1,투에스제사차 20260130-364-16,Y,20260130,20270129,PF대출채권,KRW,,1000000000,1000000000,323,A1,,A1,,주식회사 더보니타,외부 신용보강,일반기업,현대건설
73615,투에스제사차,KRZF0114MGG1,투에스제사차 20260130-364-16,Y,20260130,20270129,PF대출채권,KRW,,1000000000,1000000000,323,A1,,A1,,주식회사 더보니타,자체 신용보강,자체 신용보강,세금환급(국세및지방세등)
73615,투에스제사차,KRZF0114MHG1,투에스제사차 20260130-364-17,Y,20260130,20270129,PF대출채권,KRW,,1000000000,1000000000,323,A1,,A1,,주식회사 더보니타,외부 신용보강,일반기업,현대건설
73615,투에스제사차,KRZF0114MHG1,투에스제사차 20260130-364-17,Y,20260130,20270129,PF대출채권,KRW,,1000000000,1000000000,323,A1,,A1,,주식회사 더보니타,자체 신용보강,자체 신용보강,세금환급(국세및지방세등)
73615,투에스제사차,KRZF0114MJG1,투에스제사차 20260130-364-18,Y,20260130,20270129,PF대출채권,KRW,,1000000000,1000000000,323,A1,,A1,,주식회사 더보니타,외부 신용보강,일반기업,현대건설
73615,투에스제사차,KRZF0114MJG1,투에스제사차 20260130-364-18,Y,20260130,20270129,PF대출채권,KRW,,1000000000,1000000000,323,A1,,A1,,주식회사 더보니타,자체 신용보강,자체 신용보강,세금환급(국세및지방세등)
73615,투에스제사차,KRZF0114MKG1,투에스제사차 20260130-364-19,Y,20260130,20270129,PF대출채권,KRW,,600000000,600000000,323,A1,,A1,,주식회사 더보니타,외부 신용보강,일반기업,현대건설
73615,투에스제사차,KRZF0114MKG1,투에스제사차 20260130-364-19,Y,20260130,20270129,PF대출채권,KRW,,600000000,600000000,323,A1,,A1,,주식회사 더보니타,자체 신용보강,자체 신용보강,세금환급(국세및지방세등)
73615,투에스제사차,KRZF0114M2G1,투에스제사차 20260130-364-2,Y,20260130,20270129,PF대출채권,KRW,,5000000000,5000000000,323,A1,,A1,,주식회사 더보니타,외부 신용보강,일반기업,현대건설
73615,투에스제사차,KRZF0114M2G1,투에스제사차 20260130-364-2,Y,20260130,20270129,PF대출채권,KRW,,5000000000,5000000000,323,A1,,A1,,주식회사 더보니타,자체 신용보강,자체 신용보강,세금환급(국세및지방세등)
73615,투에스제사차,KRZF0114M3G1,투에스제사차 20260130-364-3,Y,20260130,20270129,PF대출채권,KRW,,5000000000,5000000000,323,A1,,A1,,주식회사 더보니타,외부 신용보강,일반기업,현대건설
73615,투에스제사차,KRZF0114M3G1,투에스제사차 20260130-364-3,Y,20260130,20270129,PF대출채권,KRW,,5000000000,5000000000,323,A1,,A1,,주식회사 더보니타,자체 신용보강,자체 신용보강,세금환급(국세및지방세등)
73615,투에스제사차,KRZF0114M4G1,투에스제사차 20260130-364-4,Y,20260130,20270129,PF대출채권,KRW,,2000000000,2000000000,323,A1,,A1,,주식회사 더보니타,외부 신용보강,일반기업,현대건설
73615,투에스제사차,KRZF0114M4G1,투에스제사차 20260130-364-4,Y,20260130,20270129,PF대출채권,KRW,,2000000000,2000000000,323,A1,,A1,,주식회사 더보니타,자체 신용보강,자체 신용보강,세금환급(국세및지방세등)
73615,투에스제사차,KRZF0114M5G1,투에스제사차 20260130-364-5,Y,20260130,20270129,PF대출채권,KRW,,2000000000,2000000000,323,A1,,A1,,주식회사 더보니타,외부 신용보강,일반기업,현대건설
73615,투에스제사차,KRZF0114M5G1,투에스제사차 20260130-364-5,Y,20260130,20270129,PF대출채권,KRW,,2000000000,2000000000,323,A1,,A1,,주식회사 더보니타,자체 신용보강,자체 신용보강,세금환급(국세및지방세등)
73615,투에스제사차,KRZF0114M6G1,투에스제사차 20260130-364-6,Y,20260130,20270129,PF대출채권,KRW,,1000000000,1000000000,323,A1,,A1,,주식회사 더보니타,외부 신용보강,일반기업,현대건설
73615,투에스제사차,KRZF0114M6G1,투에스제사차 20260130-364-6,Y,20260130,20270129,PF대출채권,KRW,,1000000000,1000000000,323,A1,,A1,,주식회사 더보니타,자체 신용보강,자체 신용보강,세금환급(국세및지방세등)
73615,투에스제사차,KRZF0114M7G1,투에스제사차 20260130-364-7,Y,20260130,20270129,PF대출채권,KRW,,10000000000,10000000000,323,A1,,A1,,주식회사 더보니타,외부 신용보강,일반기업,현대건설
73615,투에스제사차,KRZF0114M7G1,투에스제사차 20260130-364-7,Y,20260130,20270129,PF대출채권,KRW,,10000000000,10000000000,323,A1,,A1,,주식회사 더보니타,자체 신용보강,자체 신용보강,세금환급(국세및지방세등)
73615,투에스제사차,KRZF0114M8G1,투에스제사차 20260130-364-8,Y,20260130,20270129,PF대출채권,KRW,,5000000000,5000000000,323,A1,,A1,,주식회사 더보니타,외부 신용보강,일반기업,현대건설
73615,투에스제사차,KRZF0114M8G1,투에스제사차 20260130-364-8,Y,20260130,20270129,PF대출채권,KRW,,5000000000,5000000000,323,A1,,A1,,주식회사 더보니타,자체 신용보강,자체 신용보강,세금환급(국세및지방세등)
73615,투에스제사차,KRZF0114M9G1,투에스제사차 20260130-364-9,Y,20260130,20270129,PF대출채권,KRW,,5000000000,5000000000,323,A1,,A1,,주식회사 더보니타,외부 신용보강,일반기업,현대건설
73615,투에스제사차,KRZF0114M9G1,투에스제사차 20260130-364-9,Y,20260130,20270129,PF대출채권,KRW,,5000000000,5000000000,323,A1,,A1,,주식회사 더보니타,자체 신용보강,자체 신용보강,세금환급(국세및지방세등)
73510,파인셀리,KRZFA89341G1,파인셀리 20260130-181-1,Y,20260130,20260730,PF대출채권,KRW,,100000000,100000000,140,A1,A1,,,(주)아발론,외부 신용보강,일반기업,현대건설
73510,파인셀리,KRZFA89341G1,파인셀리 20260130-181-1,Y,20260130,20260730,PF대출채권,KRW,,100000000,100000000,140,A1,A1,,,(주)아발론,자체 신용보강,자체 신용보강,세금환급(국세및지방세등)
73633,포르티스제일차,KRZF0157N1G1,포르티스제일차 20260130-154-1,N,20260130,20260703,정기예금,KRW,,5000000000,5000000000,113,,A1,A1,,신한은행,자체 신용보강,자체 신용보강,신한은행
73633,포르티스제일차,KRZF0157NAG1,포르티스제일차 20260130-154-10,N,20260130,20260703,정기예금,KRW,,5000000000,5000000000,113,,A1,A1,,신한은행,자체 신용보강,자체 신용보강,신한은행
73633,포르티스제일차,KRZF0157NBG1,포르티스제일차 20260130-154-11,N,20260130,20260703,정기예금,KRW,,5000000000,5000000000,113,,A1,A1,,신한은행,자체 신용보강,자체 신용보강,신한은행
73633,포르티스제일차,KRZF0157NCG1,포르티스제일차 20260130-154-12,N,20260130,20260703,정기예금,KRW,,5000000000,5000000000,113,,A1,A1,,신한은행,자체 신용보강,자체 신용보강,신한은행
73633,포르티스제일차,KRZF0157NDG1,포르티스제일차 20260130-154-13,N,20260130,20260703,정기예금,KRW,,5000000000,5000000000,113,,A1,A1,,신한은행,자체 신용보강,자체 신용보강,신한은행
73633,포르티스제일차,KRZF0157NEG1,포르티스제일차 20260130-154-14,N,20260130,20260703,정기예금,KRW,,5000000000,5000000000,113,,A1,A1,,신한은행,자체 신용보강,자체 신용보강,신한은행
73633,포르티스제일차,KRZF0157NFG1,포르티스제일차 20260130-154-15,N,20260130,20260703,정기예금,KRW,,5000000000,5000000000,113,,A1,A1,,신한은행,자체 신용보강,자체 신용보강,신한은행
73633,포르티스제일차,KRZF0157NGG1,포르티스제일차 20260130-154-16,N,20260130,20260703,정기예금,KRW,,5000000000,5000000000,113,,A1,A1,,신한은행,자체 신용보강,자체 신용보강,신한은행
73633,포르티스제일차,KRZF0157NHG1,포르티스제일차 20260130-154-17,N,20260130,20260703,정기예금,KRW,,5000000000,5000000000,113,,A1,A1,,신한은행,자체 신용보강,자체 신용보강,신한은행
73633,포르티스제일차,KRZF0157NJG1,포르티스제일차 20260130-154-18,N,20260130,20260703,정기예금,KRW,,5000000000,5000000000,113,,A1,A1,,신한은행,자체 신용보강,자체 신용보강,신한은행
73633,포르티스제일차,KRZF0157NKG1,포르티스제일차 20260130-154-19,N,20260130,20260703,정기예금,KRW,,5000000000,5000000000,113,,A1,A1,,신한은행,자체 신용보강,자체 신용보강,신한은행
73633,포르티스제일차,KRZF0157N2G1,포르티스제일차 20260130-154-2,N,20260130,20260703,정기예금,KRW,,5000000000,5000000000,113,,A1,A1,,신한은행,자체 신용보강,자체 신용보강,신한은행
73633,포르티스제일차,KRZF0157NLG1,포르티스제일차 20260130-154-20,N,20260130,20260703,정기예금,KRW,,5000000000,5000000000,113,,A1,A1,,신한은행,자체 신용보강,자체 신용보강,신한은행
73633,포르티스제일차,KRZF0157NMG1,포르티스제일차 20260130-154-21,N,20260130,20260703,정기예금,KRW,,5000000000,5000000000,113,,A1,A1,,신한은행,자체 신용보강,자체 신용보강,신한은행
73633,포르티스제일차,KRZF0157NNG1,포르티스제일차 20260130-154-22,N,20260130,20260703,정기예금,KRW,,5000000000,5000000000,113,,A1,A1,,신한은행,자체 신용보강,자체 신용보강,신한은행
73633,포르티스제일차,KRZF0157NPG1,포르티스제일차 20260130-154-23,N,20260130,20260703,정기예금,KRW,,5000000000,5000000000,113,,A1,A1,,신한은행,자체 신용보강,자체 신용보강,신한은행
73633,포르티스제일차,KRZF0157NQG1,포르티스제일차 20260130-154-24,N,20260130,20260703,정기예금,KRW,,5000000000,5000000000,113,,A1,A1,,신한은행,자체 신용보강,자체 신용보강,신한은행
73633,포르티스제일차,KRZF0157NRG1,포르티스제일차 20260130-154-25,N,20260130,20260703,정기예금,KRW,,5000000000,5000000000,113,,A1,A1,,신한은행,자체 신용보강,자체 신용보강,신한은행
73633,포르티스제일차,KRZF0157NSG1,포르티스제일차 20260130-154-26,N,20260130,20260703,정기예금,KRW,,5000000000,5000000000,113,,A1,A1,,신한은행,자체 신용보강,자체 신용보강,신한은행
73633,포르티스제일차,KRZF0157NTG1,포르티스제일차 20260130-154-27,N,20260130,20260703,정기예금,KRW,,5000000000,5000000000,113,,A1,A1,,신한은행,자체 신용보강,자체 신용보강,신한은행
73633,포르티스제일차,KRZF0157NVG1,포르티스제일차 20260130-154-28,N,20260130,20260703,정기예금,KRW,,5000000000,5000000000,113,,A1,A1,,신한은행,자체 신용보강,자체 신용보강,신한은행
73633,포르티스제일차,KRZF0157NWG1,포르티스제일차 20260130-154-29,N,20260130,20260703,정기예금,KRW,,5000000000,5000000000,113,,A1,A1,,신한은행,자체 신용보강,자체 신용보강,신한은행
73633,포르티스제일차,KRZF0157N3G1,포르티스제일차 20260130-154-3,N,20260130,20260703,정기예금,KRW,,5000000000,5000000000,113,,A1,A1,,신한은행,자체 신용보강,자체 신용보강,신한은행
73633,포르티스제일차,KRZF0157NXG1,포르티스제일차 20260130-154-30,N,20260130,20260703,정기예금,KRW,,5000000000,5000000000,113,,A1,A1,,신한은행,자체 신용보강,자체 신용보강,신한은행
73633,포르티스제일차,KRZF0157NYG1,포르티스제일차 20260130-154-31,N,20260130,20260703,정기예금,KRW,,5000000000,5000000000,113,,A1,A1,,신한은행,자체 신용보강,자체 신용보강,신한은행
73633,포르티스제일차,KRZF0157NZG1,포르티스제일차 20260130-154-32,N,20260130,20260703,정기예금,KRW,,5000000000,5000000000,113,,A1,A1,,신한은행,자체 신용보강,자체 신용보강,신한은행
73633,포르티스제일차,KRZF0157N0GD,포르티스제일차 20260130-154-33,N,20260130,20260703,정기예금,KRW,,5000000000,5000000000,113,,A1,A1,,신한은행,자체 신용보강,자체 신용보강,신한은행
73633,포르티스제일차,KRZF0157N1GD,포르티스제일차 20260130-154-34,N,20260130,20260703,정기예금,KRW,,5000000000,5000000000,113,,A1,A1,,신한은행,자체 신용보강,자체 신용보강,신한은행
73633,포르티스제일차,KRZF0157N2GD,포르티스제일차 20260130-154-35,N,20260130,20260703,정기예금,KRW,,5000000000,5000000000,113,,A1,A1,,신한은행,자체 신용보강,자체 신용보강,신한은행
73633,포르티스제일차,KRZF0157N3GD,포르티스제일차 20260130-154-36,N,20260130,20260703,정기예금,KRW,,5000000000,5000000000,113,,A1,A1,,신한은행,자체 신용보강,자체 신용보강,신한은행
73633,포르티스제일차,KRZF0157N4GD,포르티스제일차 20260130-154-37,N,20260130,20260703,정기예금,KRW,,5000000000,5000000000,113,,A1,A1,,신한은행,자체 신용보강,자체 신용보강,신한은행
73633,포르티스제일차,KRZF0157N5GD,포르티스제일차 20260130-154-38,N,20260130,20260703,정기예금,KRW,,5000000000,5000000000,113,,A1,A1,,신한은행,자체 신용보강,자체 신용보강,신한은행
73633,포르티스제일차,KRZF0157N6GD,포르티스제일차 20260130-154-39,N,20260130,20260703,정기예금,KRW,,5000000000,5000000000,113,,A1,A1,,신한은행,자체 신용보강,자체 신용보강,신한은행
73633,포르티스제일차,KRZF0157N4G1,포르티스제일차 20260130-154-4,N,20260130,20260703,정기예금,KRW,,5000000000,5000000000,113,,A1,A1,,신한은행,자체 신용보강,자체 신용보강,신한은행
73633,포르티스제일차,KRZF0157N7GD,포르티스제일차 20260130-154-40,N,20260130,20260703,정기예금,KRW,,5000000000,5000000000,113,,A1,A1,,신한은행,자체 신용보강,자체 신용보강,신한은행
73633,포르티스제일차,KRZF0157N8GD,포르티스제일차 20260130-154-41,N,20260130,20260703,정기예금,KRW,,5000000000,5000000000,113,,A1,A1,,신한은행,자체 신용보강,자체 신용보강,신한은행
73633,포르티스제일차,KRZF0157N9GD,포르티스제일차 20260130-154-42,N,20260130,20260703,정기예금,KRW,,5000000000,5000000000,113,,A1,A1,,신한은행,자체 신용보강,자체 신용보강,신한은행
73633,포르티스제일차,KRZF0157NAGD,포르티스제일차 20260130-154-43,N,20260130,20260703,정기예금,KRW,,5000000000,5000000000,113,,A1,A1,,신한은행,자체 신용보강,자체 신용보강,신한은행
73633,포르티스제일차,KRZF0157NBGD,포르티스제일차 20260130-154-44,N,20260130,20260703,정기예금,KRW,,5000000000,5000000000,113,,A1,A1,,신한은행,자체 신용보강,자체 신용보강,신한은행
73633,포르티스제일차,KRZF0157NCGD,포르티스제일차 20260130-154-45,N,20260130,20260703,정기예금,KRW,,5000000000,5000000000,113,,A1,A1,,신한은행,자체 신용보강,자체 신용보강,신한은행
73633,포르티스제일차,KRZF0157NDGD,포르티스제일차 20260130-154-46,N,20260130,20260703,정기예금,KRW,,5000000000,5000000000,113,,A1,A1,,신한은행,자체 신용보강,자체 신용보강,신한은행
73633,포르티스제일차,KRZF0157NEGD,포르티스제일차 20260130-154-47,N,20260130,20260703,정기예금,KRW,,5000000000,5000000000,113,,A1,A1,,신한은행,자체 신용보강,자체 신용보강,신한은행
73633,포르티스제일차,KRZF0157NFGD,포르티스제일차 20260130-154-48,N,20260130,20260703,정기예금,KRW,,5000000000,5000000000,113,,A1,A1,,신한은행,자체 신용보강,자체 신용보강,신한은행
73633,포르티스제일차,KRZF0157N5G1,포르티스제일차 20260130-154-5,N,20260130,20260703,정기예금,KRW,,5000000000,5000000000,113,,A1,A1,,신한은행,자체 신용보강,자체 신용보강,신한은행
73633,포르티스제일차,KRZF0157N6G1,포르티스제일차 20260130-154-6,N,20260130,20260703,정기예금,KRW,,5000000000,5000000000,113,,A1,A1,,신한은행,자체 신용보강,자체 신용보강,신한은행
73633,포르티스제일차,KRZF0157N7G1,포르티스제일차 20260130-154-7,N,20260130,20260703,정기예금,KRW,,5000000000,5000000000,113,,A1,A1,,신한은행,자체 신용보강,자체 신용보강,신한은행
73633,포르티스제일차,KRZF0157N8G1,포르티스제일차 20260130-154-8,N,20260130,20260703,정기예금,KRW,,5000000000,5000000000,113,,A1,A1,,신한은행,자체 신용보강,자체 신용보강,신한은행
73633,포르티스제일차,KRZF0157N9G1,포르티스제일차 20260130-154-9,N,20260130,20260703,정기예금,KRW,,5000000000,5000000000,113,,A1,A1,,신한은행,자체 신용보강,자체 신용보강,신한은행
73633,포르티스제일차,KRZF0157NGGD,포르티스제일차 20260130-364-49,N,20260130,20270129,정기예금,KRW,,456000000,456000000,323,,A1,A1,,신한은행,자체 신용보강,자체 신용보강,신한은행
73588,플레인스워커제십이차,KRZF237911G1,플레인스워커제십이차 20260130-241-1,N,20260130,20260928,매출채권,KRW,,30000000,30000000,200,A1,A1,,,SK텔레콤,자체 신용보강,자체 신용보강,SK텔레콤
73603,글로벌원큐제일차,KRZF0158K1G1,글로벌원큐제일차 20260129-90-1,N,20260129,20260429,대출채권,KRW,,5000000000,5000000000,48,,A1,,,롯데글로벌로지스,차환발행위험(유동성 공여형 매입약정),금융기관,하나은행
73603,글로벌원큐제일차,KRZF0158K2G1,글로벌원큐제일차 20260129-90-2,N,20260129,20260429,대출채권,KRW,,5000000000,5000000000,48,,A1,,,롯데글로벌로지스,차환발행위험(유동성 공여형 매입약정),금융기관,하나은행
73603,글로벌원큐제일차,KRZF0158K3G1,글로벌원큐제일차 20260129-90-3,N,20260129,20260429,대출채권,KRW,,5000000000,5000000000,48,,A1,,,롯데글로벌로지스,차환발행위험(유동성 공여형 매입약정),금융기관,하나은행
73603,글로벌원큐제일차,KRZF0158K4G1,글로벌원큐제일차 20260129-90-4,N,20260129,20260429,대출채권,KRW,,5000000000,5000000000,48,,A1,,,롯데글로벌로지스,차환발행위험(유동성 공여형 매입약정),금융기관,하나은행
73603,글로벌원큐제일차,KRZF0158K5G1,글로벌원큐제일차 20260129-90-5,N,20260129,20260429,대출채권,KRW,,5000000000,5000000000,48,,A1,,,롯데글로벌로지스,차환발행위험(유동성 공여형 매입약정),금융기관,하나은행
73603,글로벌원큐제일차,KRZF0158K6G1,글로벌원큐제일차 20260129-90-6,N,20260129,20260429,대출채권,KRW,,5000000000,5000000000,48,,A1,,,롯데글로벌로지스,차환발행위험(유동성 공여형 매입약정),금융기관,하나은행
65483,금강하나제일차,KRZFA81741G1,금강하나제일차 20260129-90-1,N,20260129,20260429,대출채권,KRW,,5000000000,5000000000,48,A1,,A1,,케이씨씨,차환발행위험(유동성 공여형 매입약정),금융기관,하나은행
65483,금강하나제일차,KRZFA8174AG1,금강하나제일차 20260129-90-10,N,20260129,20260429,대출채권,KRW,,5000000000,5000000000,48,A1,,A1,,케이씨씨,차환발행위험(유동성 공여형 매입약정),금융기관,하나은행
65483,금강하나제일차,KRZFA8174BG1,금강하나제일차 20260129-90-11,N,20260129,20260429,대출채권,KRW,,5000000000,5000000000,48,A1,,A1,,케이씨씨,차환발행위험(유동성 공여형 매입약정),금융기관,하나은행
65483,금강하나제일차,KRZFA8174CG1,금강하나제일차 20260129-90-12,N,20260129,20260429,대출채권,KRW,,5000000000,5000000000,48,A1,,A1,,케이씨씨,차환발행위험(유동성 공여형 매입약정),금융기관,하나은행
65483,금강하나제일차,KRZFA8174DG1,금강하나제일차 20260129-90-13,N,20260129,20260429,대출채권,KRW,,5000000000,5000000000,48,A1,,A1,,케이씨씨,차환발행위험(유동성 공여형 매입약정),금융기관,하나은행
65483,금강하나제일차,KRZFA8174EG1,금강하나제일차 20260129-90-14,N,20260129,20260429,대출채권,KRW,,5000000000,5000000000,48,A1,,A1,,케이씨씨,차환발행위험(유동성 공여형 매입약정),금융기관,하나은행
65483,금강하나제일차,KRZFA8174FG1,금강하나제일차 20260129-90-15,N,20260129,20260429,대출채권,KRW,,5000000000,5000000000,48,A1,,A1,,케이씨씨,차환발행위험(유동성 공여형 매입약정),금융기관,하나은행
65483,금강하나제일차,KRZFA8174GG1,금강하나제일차 20260129-90-16,N,20260129,20260429,대출채권,KRW,,5000000000,5000000000,48,A1,,A1,,케이씨씨,차환발행위험(유동성 공여형 매입약정),금융기관,하나은행
65483,금강하나제일차,KRZFA8174HG1,금강하나제일차 20260129-90-17,N,20260129,20260429,대출채권,KRW,,5000000000,5000000000,48,A1,,A1,,케이씨씨,차환발행위험(유동성 공여형 매입약정),금융기관,하나은행
65483,금강하나제일차,KRZFA8174JG1,금강하나제일차 20260129-90-18,N,20260129,20260429,대출채권,KRW,,5000000000,5000000000,48,A1,,A1,,케이씨씨,차환발행위험(유동성 공여형 매입약정),금융기관,하나은행
65483,금강하나제일차,KRZFA8174KG1,금강하나제일차 20260129-90-19,N,20260129,20260429,대출채권,KRW,,5000000000,5000000000,48,A1,,A1,,케이씨씨,차환발행위험(유동성 공여형 매입약정),금융기관,하나은행
65483,금강하나제일차,KRZFA81742G1,금강하나제일차 20260129-90-2,N,20260129,20260429,대출채권,KRW,,5000000000,5000000000,48,A1,,A1,,케이씨씨,차환발행위험(유동성 공여형 매입약정),금융기관,하나은행
65483,금강하나제일차,KRZFA8174LG1,금강하나제일차 20260129-90-20,N,20260129,20260429,대출채권,KRW,,5000000000,5000000000,48,A1,,A1,,케이씨씨,차환발행위험(유동성 공여형 매입약정),금융기관,하나은행
65483,금강하나제일차,KRZFA81743G1,금강하나제일차 20260129-90-3,N,20260129,20260429,대출채권,KRW,,5000000000,5000000000,48,A1,,A1,,케이씨씨,차환발행위험(유동성 공여형 매입약정),금융기관,하나은행
65483,금강하나제일차,KRZFA81744G1,금강하나제일차 20260129-90-4,N,20260129,20260429,대출채권,KRW,,5000000000,5000000000,48,A1,,A1,,케이씨씨,차환발행위험(유동성 공여형 매입약정),금융기관,하나은행
65483,금강하나제일차,KRZFA81745G1,금강하나제일차 20260129-90-5,N,20260129,20260429,대출채권,KRW,,5000000000,5000000000,48,A1,,A1,,케이씨씨,차환발행위험(유동성 공여형 매입약정),금융기관,하나은행
65483,금강하나제일차,KRZFA81746G1,금강하나제일차 20260129-90-6,N,20260129,20260429,대출채권,KRW,,5000000000,5000000000,48,A1,,A1,,케이씨씨,차환발행위험(유동성 공여형 매입약정),금융기관,하나은행
65483,금강하나제일차,KRZFA81747G1,금강하나제일차 20260129-90-7,N,20260129,20260429,대출채권,KRW,,5000000000,5000000000,48,A1,,A1,,케이씨씨,차환발행위험(유동성 공여형 매입약정),금융기관,하나은행
65483,금강하나제일차,KRZFA81748G1,금강하나제일차 20260129-90-8,N,20260129,20260429,대출채권,KRW,,5000000000,5000000000,48,A1,,A1,,케이씨씨,차환발행위험(유동성 공여형 매입약정),금융기관,하나은행
65483,금강하나제일차,KRZFA81749G1,금강하나제일차 20260129-90-9,N,20260129,20260429,대출채권,KRW,,5000000000,5000000000,48,A1,,A1,,케이씨씨,차환발행위험(유동성 공여형 매입약정),금융기관,하나은행
73587,뉴트리니티성본제일차,KRZF292671G1,뉴트리니티성본제일차 20260129-151-1,Y,20260129,20260629,PF대출채권,KRW,,5000000000,5000000000,109,,A1,A1,,성본산업단지(주),외부 신용보강,공공기관,음성군청
73587,뉴트리니티성본제일차,KRZF292672G1,뉴트리니티성본제일차 20260129-151-2,Y,20260129,20260629,PF대출채권,KRW,,5000000000,5000000000,109,,A1,A1,,성본산업단지(주),외부 신용보강,공공기관,음성군청
73587,뉴트리니티성본제일차,KRZF292673G1,뉴트리니티성본제일차 20260129-151-3,Y,20260129,20260629,PF대출채권,KRW,,1500000000,1500000000,109,,A1,A1,,성본산업단지(주),외부 신용보강,공공기관,음성군청
73587,뉴트리니티성본제일차,KRZF292675G1,뉴트리니티성본제일차 20260129-151-5,Y,20260129,20260629,PF대출채권,KRW,,2000000000,2000000000,109,,A1,A1,,성본산업단지(주),외부 신용보강,공공기관,음성군청
73591,디알제이십차,KRZF0108Y1G1,디알제이십차 20260129-180-1,N,20260129,20260728,수익증권,KRW,,5000000000,5000000000,138,,,A2-,,디엘건설(주),자체 신용보강,자체 신용보강,디엘건설(주)
73591,디알제이십차,KRZF0108Y2G1,디알제이십차 20260129-180-2,N,20260129,20260728,수익증권,KRW,,5000000000,5000000000,138,,,A2-,,디엘건설(주),자체 신용보강,자체 신용보강,디엘건설(주)
73591,디알제이십차,KRZF0108Y3G1,디알제이십차 20260129-180-3,N,20260129,20260728,수익증권,KRW,,5000000000,5000000000,138,,,A2-,,디엘건설(주),자체 신용보강,자체 신용보강,디엘건설(주)
73591,디알제이십차,KRZF0108Y4G1,디알제이십차 20260129-180-4,N,20260129,20260728,수익증권,KRW,,5000000000,5000000000,138,,,A2-,,디엘건설(주),자체 신용보강,자체 신용보강,디엘건설(주)
73591,디알제이십차,KRZF0108Y5G1,디알제이십차 20260129-180-5,N,20260129,20260728,수익증권,KRW,,2000000000,2000000000,138,,,A2-,,디엘건설(주),자체 신용보강,자체 신용보강,디엘건설(주)
73598,베아투스제일차,KRZF0157GGGD,베아투스제일차 20260129-244-49,N,20260129,20260930,정기예금,KRW,,140000000,140000000,202,,A1,A1,,하나은행,자체 신용보강,자체 신용보강,하나은행
73598,베아투스제일차,KRZF0157G1G1,베아투스제일차 20260129-48-1,N,20260129,20260318,정기예금,KRW,,5000000000,5000000000,6,,A1,A1,,하나은행,자체 신용보강,자체 신용보강,하나은행
73598,베아투스제일차,KRZF0157GAG1,베아투스제일차 20260129-48-10,N,20260129,20260318,정기예금,KRW,,5000000000,5000000000,6,,A1,A1,,하나은행,자체 신용보강,자체 신용보강,하나은행
73598,베아투스제일차,KRZF0157GBG1,베아투스제일차 20260129-48-11,N,20260129,20260318,정기예금,KRW,,5000000000,5000000000,6,,A1,A1,,하나은행,자체 신용보강,자체 신용보강,하나은행
73598,베아투스제일차,KRZF0157GCG1,베아투스제일차 20260129-48-12,N,20260129,20260318,정기예금,KRW,,5000000000,5000000000,6,,A1,A1,,하나은행,자체 신용보강,자체 신용보강,하나은행
73598,베아투스제일차,KRZF0157GDG1,베아투스제일차 20260129-48-13,N,20260129,20260318,정기예금,KRW,,5000000000,5000000000,6,,A1,A1,,하나은행,자체 신용보강,자체 신용보강,하나은행
73598,베아투스제일차,KRZF0157GEG1,베아투스제일차 20260129-48-14,N,20260129,20260318,정기예금,KRW,,5000000000,5000000000,6,,A1,A1,,하나은행,자체 신용보강,자체 신용보강,하나은행
73598,베아투스제일차,KRZF0157GFG1,베아투스제일차 20260129-48-15,N,20260129,20260318,정기예금,KRW,,5000000000,5000000000,6,,A1,A1,,하나은행,자체 신용보강,자체 신용보강,하나은행
73598,베아투스제일차,KRZF0157GGG1,베아투스제일차 20260129-48-16,N,20260129,20260318,정기예금,KRW,,5000000000,5000000000,6,,A1,A1,,하나은행,자체 신용보강,자체 신용보강,하나은행
73598,베아투스제일차,KRZF0157GHG1,베아투스제일차 20260129-48-17,N,20260129,20260318,정기예금,KRW,,5000000000,5000000000,6,,A1,A1,,하나은행,자체 신용보강,자체 신용보강,하나은행
73598,베아투스제일차,KRZF0157GJG1,베아투스제일차 20260129-48-18,N,20260129,20260318,정기예금,KRW,,5000000000,5000000000,6,,A1,A1,,하나은행,자체 신용보강,자체 신용보강,하나은행
73598,베아투스제일차,KRZF0157GKG1,베아투스제일차 20260129-48-19,N,20260129,20260318,정기예금,KRW,,5000000000,5000000000,6,,A1,A1,,하나은행,자체 신용보강,자체 신용보강,하나은행
73598,베아투스제일차,KRZF0157G2G1,베아투스제일차 20260129-48-2,N,20260129,20260318,정기예금,KRW,,5000000000,5000000000,6,,A1,A1,,하나은행,자체 신용보강,자체 신용보강,하나은행
73598,베아투스제일차,KRZF0157GLG1,베아투스제일차 20260129-48-20,N,20260129,20260318,정기예금,KRW,,5000000000,5000000000,6,,A1,A1,,하나은행,자체 신용보강,자체 신용보강,하나은행
73598,베아투스제일차,KRZF0157GMG1,베아투스제일차 20260129-48-21,N,20260129,20260318,정기예금,KRW,,5000000000,5000000000,6,,A1,A1,,하나은행,자체 신용보강,자체 신용보강,하나은행
73598,베아투스제일차,KRZF0157GNG1,베아투스제일차 20260129-48-22,N,20260129,20260318,정기예금,KRW,,5000000000,5000000000,6,,A1,A1,,하나은행,자체 신용보강,자체 신용보강,하나은행
73598,베아투스제일차,KRZF0157GPG1,베아투스제일차 20260129-48-23,N,20260129,20260318,정기예금,KRW,,5000000000,5000000000,6,,A1,A1,,하나은행,자체 신용보강,자체 신용보강,하나은행
73598,베아투스제일차,KRZF0157GQG1,베아투스제일차 20260129-48-24,N,20260129,20260318,정기예금,KRW,,5000000000,5000000000,6,,A1,A1,,하나은행,자체 신용보강,자체 신용보강,하나은행
73598,베아투스제일차,KRZF0157GRG1,베아투스제일차 20260129-48-25,N,20260129,20260318,정기예금,KRW,,5000000000,5000000000,6,,A1,A1,,하나은행,자체 신용보강,자체 신용보강,하나은행
73598,베아투스제일차,KRZF0157GSG1,베아투스제일차 20260129-48-26,N,20260129,20260318,정기예금,KRW,,5000000000,5000000000,6,,A1,A1,,하나은행,자체 신용보강,자체 신용보강,하나은행
73598,베아투스제일차,KRZF0157GTG1,베아투스제일차 20260129-48-27,N,20260129,20260318,정기예금,KRW,,5000000000,5000000000,6,,A1,A1,,하나은행,자체 신용보강,자체 신용보강,하나은행
73598,베아투스제일차,KRZF0157GVG1,베아투스제일차 20260129-48-28,N,20260129,20260318,정기예금,KRW,,5000000000,5000000000,6,,A1,A1,,하나은행,자체 신용보강,자체 신용보강,하나은행
73598,베아투스제일차,KRZF0157GWG1,베아투스제일차 20260129-48-29,N,20260129,20260318,정기예금,KRW,,5000000000,5000000000,6,,A1,A1,,하나은행,자체 신용보강,자체 신용보강,하나은행
73598,베아투스제일차,KRZF0157G3G1,베아투스제일차 20260129-48-3,N,20260129,20260318,정기예금,KRW,,5000000000,5000000000,6,,A1,A1,,하나은행,자체 신용보강,자체 신용보강,하나은행
73598,베아투스제일차,KRZF0157GXG1,베아투스제일차 20260129-48-30,N,20260129,20260318,정기예금,KRW,,5000000000,5000000000,6,,A1,A1,,하나은행,자체 신용보강,자체 신용보강,하나은행
73598,베아투스제일차,KRZF0157GYG1,베아투스제일차 20260129-48-31,N,20260129,20260318,정기예금,KRW,,5000000000,5000000000,6,,A1,A1,,하나은행,자체 신용보강,자체 신용보강,하나은행
73598,베아투스제일차,KRZF0157GZG1,베아투스제일차 20260129-48-32,N,20260129,20260318,정기예금,KRW,,5000000000,5000000000,6,,A1,A1,,하나은행,자체 신용보강,자체 신용보강,하나은행
73598,베아투스제일차,KRZF0157G0GD,베아투스제일차 20260129-48-33,N,20260129,20260318,정기예금,KRW,,5000000000,5000000000,6,,A1,A1,,하나은행,자체 신용보강,자체 신용보강,하나은행
73598,베아투스제일차,KRZF0157G1GD,베아투스제일차 20260129-48-34,N,20260129,20260318,정기예금,KRW,,5000000000,5000000000,6,,A1,A1,,하나은행,자체 신용보강,자체 신용보강,하나은행
73598,베아투스제일차,KRZF0157G2GD,베아투스제일차 20260129-48-35,N,20260129,20260318,정기예금,KRW,,5000000000,5000000000,6,,A1,A1,,하나은행,자체 신용보강,자체 신용보강,하나은행
73598,베아투스제일차,KRZF0157G3GD,베아투스제일차 20260129-48-36,N,20260129,20260318,정기예금,KRW,,5000000000,5000000000,6,,A1,A1,,하나은행,자체 신용보강,자체 신용보강,하나은행
73598,베아투스제일차,KRZF0157G4GD,베아투스제일차 20260129-48-37,N,20260129,20260318,정기예금,KRW,,5000000000,5000000000,6,,A1,A1,,하나은행,자체 신용보강,자체 신용보강,하나은행
73598,베아투스제일차,KRZF0157G5GD,베아투스제일차 20260129-48-38,N,20260129,20260318,정기예금,KRW,,5000000000,5000000000,6,,A1,A1,,하나은행,자체 신용보강,자체 신용보강,하나은행
73598,베아투스제일차,KRZF0157G6GD,베아투스제일차 20260129-48-39,N,20260129,20260318,정기예금,KRW,,5000000000,5000000000,6,,A1,A1,,하나은행,자체 신용보강,자체 신용보강,하나은행
73598,베아투스제일차,KRZF0157G4G1,베아투스제일차 20260129-48-4,N,20260129,20260318,정기예금,KRW,,5000000000,5000000000,6,,A1,A1,,하나은행,자체 신용보강,자체 신용보강,하나은행
73598,베아투스제일차,KRZF0157G7GD,베아투스제일차 20260129-48-40,N,20260129,20260318,정기예금,KRW,,5000000000,5000000000,6,,A1,A1,,하나은행,자체 신용보강,자체 신용보강,하나은행
73598,베아투스제일차,KRZF0157G8GD,베아투스제일차 20260129-48-41,N,20260129,20260318,정기예금,KRW,,5000000000,5000000000,6,,A1,A1,,하나은행,자체 신용보강,자체 신용보강,하나은행
73598,베아투스제일차,KRZF0157G9GD,베아투스제일차 20260129-48-42,N,20260129,20260318,정기예금,KRW,,5000000000,5000000000,6,,A1,A1,,하나은행,자체 신용보강,자체 신용보강,하나은행
73598,베아투스제일차,KRZF0157GAGD,베아투스제일차 20260129-48-43,N,20260129,20260318,정기예금,KRW,,5000000000,5000000000,6,,A1,A1,,하나은행,자체 신용보강,자체 신용보강,하나은행
73598,베아투스제일차,KRZF0157GBGD,베아투스제일차 20260129-48-44,N,20260129,20260318,정기예금,KRW,,5000000000,5000000000,6,,A1,A1,,하나은행,자체 신용보강,자체 신용보강,하나은행
73598,베아투스제일차,KRZF0157GCGD,베아투스제일차 20260129-48-45,N,20260129,20260318,정기예금,KRW,,5000000000,5000000000,6,,A1,A1,,하나은행,자체 신용보강,자체 신용보강,하나은행
73598,베아투스제일차,KRZF0157GDGD,베아투스제일차 20260129-48-46,N,20260129,20260318,정기예금,KRW,,5000000000,5000000000,6,,A1,A1,,하나은행,자체 신용보강,자체 신용보강,하나은행
73598,베아투스제일차,KRZF0157GEGD,베아투스제일차 20260129-48-47,N,20260129,20260318,정기예금,KRW,,5000000000,5000000000,6,,A1,A1,,하나은행,자체 신용보강,자체 신용보강,하나은행
73598,베아투스제일차,KRZF0157GFGD,베아투스제일차 20260129-48-48,N,20260129,20260318,정기예금,KRW,,5000000000,5000000000,6,,A1,A1,,하나은행,자체 신용보강,자체 신용보강,하나은행
73598,베아투스제일차,KRZF0157G5G1,베아투스제일차 20260129-48-5,N,20260129,20260318,정기예금,KRW,,5000000000,5000000000,6,,A1,A1,,하나은행,자체 신용보강,자체 신용보강,하나은행
73598,베아투스제일차,KRZF0157G6G1,베아투스제일차 20260129-48-6,N,20260129,20260318,정기예금,KRW,,5000000000,5000000000,6,,A1,A1,,하나은행,자체 신용보강,자체 신용보강,하나은행
73598,베아투스제일차,KRZF0157G7G1,베아투스제일차 20260129-48-7,N,20260129,20260318,정기예금,KRW,,5000000000,5000000000,6,,A1,A1,,하나은행,자체 신용보강,자체 신용보강,하나은행
73598,베아투스제일차,KRZF0157G8G1,베아투스제일차 20260129-48-8,N,20260129,20260318,정기예금,KRW,,5000000000,5000000000,6,,A1,A1,,하나은행,자체 신용보강,자체 신용보강,하나은행
73598,베아투스제일차,KRZF0157G9G1,베아투스제일차 20260129-48-9,N,20260129,20260318,정기예금,KRW,,5000000000,5000000000,6,,A1,A1,,하나은행,자체 신용보강,자체 신용보강,하나은행
73602,신한챔피온제삼차,KRZFA15941G1,신한챔피온제삼차 20260129-154-1,N,20260129,20260702,정기예금,KRW,,5000000000,5000000000,112,,A1,A1,,신한은행,자체 신용보강,자체 신용보강,신한은행
73602,신한챔피온제삼차,KRZFA1594AG1,신한챔피온제삼차 20260129-154-10,N,20260129,20260702,정기예금,KRW,,5000000000,5000000000,112,,A1,A1,,신한은행,자체 신용보강,자체 신용보강,신한은행
73602,신한챔피온제삼차,KRZFA1594BG1,신한챔피온제삼차 20260129-154-11,N,20260129,20260702,정기예금,KRW,,5000000000,5000000000,112,,A1,A1,,신한은행,자체 신용보강,자체 신용보강,신한은행
73602,신한챔피온제삼차,KRZFA1594CG1,신한챔피온제삼차 20260129-154-12,N,20260129,20260702,정기예금,KRW,,5000000000,5000000000,112,,A1,A1,,신한은행,자체 신용보강,자체 신용보강,신한은행
73602,신한챔피온제삼차,KRZFA1594DG1,신한챔피온제삼차 20260129-154-13,N,20260129,20260702,정기예금,KRW,,5000000000,5000000000,112,,A1,A1,,신한은행,자체 신용보강,자체 신용보강,신한은행
73602,신한챔피온제삼차,KRZFA1594EG1,신한챔피온제삼차 20260129-154-14,N,20260129,20260702,정기예금,KRW,,5000000000,5000000000,112,,A1,A1,,신한은행,자체 신용보강,자체 신용보강,신한은행
73602,신한챔피온제삼차,KRZFA1594FG1,신한챔피온제삼차 20260129-154-15,N,20260129,20260702,정기예금,KRW,,5000000000,5000000000,112,,A1,A1,,신한은행,자체 신용보강,자체 신용보강,신한은행
73602,신한챔피온제삼차,KRZFA1594GG1,신한챔피온제삼차 20260129-154-16,N,20260129,20260702,정기예금,KRW,,5000000000,5000000000,112,,A1,A1,,신한은행,자체 신용보강,자체 신용보강,신한은행
73602,신한챔피온제삼차,KRZFA1594HG1,신한챔피온제삼차 20260129-154-17,N,20260129,20260702,정기예금,KRW,,5000000000,5000000000,112,,A1,A1,,신한은행,자체 신용보강,자체 신용보강,신한은행
73602,신한챔피온제삼차,KRZFA1594JG1,신한챔피온제삼차 20260129-154-18,N,20260129,20260702,정기예금,KRW,,5000000000,5000000000,112,,A1,A1,,신한은행,자체 신용보강,자체 신용보강,신한은행
73602,신한챔피온제삼차,KRZFA1594KG1,신한챔피온제삼차 20260129-154-19,N,20260129,20260702,정기예금,KRW,,5000000000,5000000000,112,,A1,A1,,신한은행,자체 신용보강,자체 신용보강,신한은행
73602,신한챔피온제삼차,KRZFA15942G1,신한챔피온제삼차 20260129-154-2,N,20260129,20260702,정기예금,KRW,,5000000000,5000000000,112,,A1,A1,,신한은행,자체 신용보강,자체 신용보강,신한은행
73602,신한챔피온제삼차,KRZFA1594LG1,신한챔피온제삼차 20260129-154-20,N,20260129,20260702,정기예금,KRW,,5000000000,5000000000,112,,A1,A1,,신한은행,자체 신용보강,자체 신용보강,신한은행
73602,신한챔피온제삼차,KRZFA1594MG1,신한챔피온제삼차 20260129-154-21,N,20260129,20260702,정기예금,KRW,,5000000000,5000000000,112,,A1,A1,,신한은행,자체 신용보강,자체 신용보강,신한은행
73602,신한챔피온제삼차,KRZFA1594NG1,신한챔피온제삼차 20260129-154-22,N,20260129,20260702,정기예금,KRW,,5000000000,5000000000,112,,A1,A1,,신한은행,자체 신용보강,자체 신용보강,신한은행
73602,신한챔피온제삼차,KRZFA1594PG1,신한챔피온제삼차 20260129-154-23,N,20260129,20260702,정기예금,KRW,,5000000000,5000000000,112,,A1,A1,,신한은행,자체 신용보강,자체 신용보강,신한은행
73602,신한챔피온제삼차,KRZFA1594QG1,신한챔피온제삼차 20260129-154-24,N,20260129,20260702,정기예금,KRW,,5000000000,5000000000,112,,A1,A1,,신한은행,자체 신용보강,자체 신용보강,신한은행
73602,신한챔피온제삼차,KRZFA1594RG1,신한챔피온제삼차 20260129-154-25,N,20260129,20260702,정기예금,KRW,,5000000000,5000000000,112,,A1,A1,,신한은행,자체 신용보강,자체 신용보강,신한은행
73602,신한챔피온제삼차,KRZFA1594SG1,신한챔피온제삼차 20260129-154-26,N,20260129,20260702,정기예금,KRW,,5000000000,5000000000,112,,A1,A1,,신한은행,자체 신용보강,자체 신용보강,신한은행
73602,신한챔피온제삼차,KRZFA1594TG1,신한챔피온제삼차 20260129-154-27,N,20260129,20260702,정기예금,KRW,,5000000000,5000000000,112,,A1,A1,,신한은행,자체 신용보강,자체 신용보강,신한은행
73602,신한챔피온제삼차,KRZFA1594VG1,신한챔피온제삼차 20260129-154-28,N,20260129,20260702,정기예금,KRW,,5000000000,5000000000,112,,A1,A1,,신한은행,자체 신용보강,자체 신용보강,신한은행
73602,신한챔피온제삼차,KRZFA1594WG1,신한챔피온제삼차 20260129-154-29,N,20260129,20260702,정기예금,KRW,,5000000000,5000000000,112,,A1,A1,,신한은행,자체 신용보강,자체 신용보강,신한은행
73602,신한챔피온제삼차,KRZFA15943G1,신한챔피온제삼차 20260129-154-3,N,20260129,20260702,정기예금,KRW,,5000000000,5000000000,112,,A1,A1,,신한은행,자체 신용보강,자체 신용보강,신한은행
73602,신한챔피온제삼차,KRZFA1594XG1,신한챔피온제삼차 20260129-154-30,N,20260129,20260702,정기예금,KRW,,5000000000,5000000000,112,,A1,A1,,신한은행,자체 신용보강,자체 신용보강,신한은행
73602,신한챔피온제삼차,KRZFA1594YG1,신한챔피온제삼차 20260129-154-31,N,20260129,20260702,정기예금,KRW,,5000000000,5000000000,112,,A1,A1,,신한은행,자체 신용보강,자체 신용보강,신한은행
73602,신한챔피온제삼차,KRZFA1594ZG1,신한챔피온제삼차 20260129-154-32,N,20260129,20260702,정기예금,KRW,,5000000000,5000000000,112,,A1,A1,,신한은행,자체 신용보강,자체 신용보강,신한은행
73602,신한챔피온제삼차,KRZFA15940GD,신한챔피온제삼차 20260129-154-33,N,20260129,20260702,정기예금,KRW,,5000000000,5000000000,112,,A1,A1,,신한은행,자체 신용보강,자체 신용보강,신한은행
73602,신한챔피온제삼차,KRZFA15941GD,신한챔피온제삼차 20260129-154-34,N,20260129,20260702,정기예금,KRW,,5000000000,5000000000,112,,A1,A1,,신한은행,자체 신용보강,자체 신용보강,신한은행
73602,신한챔피온제삼차,KRZFA15942GD,신한챔피온제삼차 20260129-154-35,N,20260129,20260702,정기예금,KRW,,5000000000,5000000000,112,,A1,A1,,신한은행,자체 신용보강,자체 신용보강,신한은행
73602,신한챔피온제삼차,KRZFA15943GD,신한챔피온제삼차 20260129-154-36,N,20260129,20260702,정기예금,KRW,,5000000000,5000000000,112,,A1,A1,,신한은행,자체 신용보강,자체 신용보강,신한은행
73602,신한챔피온제삼차,KRZFA15944GD,신한챔피온제삼차 20260129-154-37,N,20260129,20260702,정기예금,KRW,,5000000000,5000000000,112,,A1,A1,,신한은행,자체 신용보강,자체 신용보강,신한은행
73602,신한챔피온제삼차,KRZFA15945GD,신한챔피온제삼차 20260129-154-38,N,20260129,20260702,정기예금,KRW,,5000000000,5000000000,112,,A1,A1,,신한은행,자체 신용보강,자체 신용보강,신한은행
73602,신한챔피온제삼차,KRZFA15946GD,신한챔피온제삼차 20260129-154-39,N,20260129,20260702,정기예금,KRW,,5000000000,5000000000,112,,A1,A1,,신한은행,자체 신용보강,자체 신용보강,신한은행
73602,신한챔피온제삼차,KRZFA15944G1,신한챔피온제삼차 20260129-154-4,N,20260129,20260702,정기예금,KRW,,5000000000,5000000000,112,,A1,A1,,신한은행,자체 신용보강,자체 신용보강,신한은행
73602,신한챔피온제삼차,KRZFA15947GD,신한챔피온제삼차 20260129-154-40,N,20260129,20260702,정기예금,KRW,,5000000000,5000000000,112,,A1,A1,,신한은행,자체 신용보강,자체 신용보강,신한은행
73602,신한챔피온제삼차,KRZFA15948GD,신한챔피온제삼차 20260129-154-41,N,20260129,20260702,정기예금,KRW,,5000000000,5000000000,112,,A1,A1,,신한은행,자체 신용보강,자체 신용보강,신한은행
73602,신한챔피온제삼차,KRZFA15949GD,신한챔피온제삼차 20260129-154-42,N,20260129,20260702,정기예금,KRW,,5000000000,5000000000,112,,A1,A1,,신한은행,자체 신용보강,자체 신용보강,신한은행
73602,신한챔피온제삼차,KRZFA1594AGD,신한챔피온제삼차 20260129-154-43,N,20260129,20260702,정기예금,KRW,,5000000000,5000000000,112,,A1,A1,,신한은행,자체 신용보강,자체 신용보강,신한은행
73602,신한챔피온제삼차,KRZFA1594BGD,신한챔피온제삼차 20260129-154-44,N,20260129,20260702,정기예금,KRW,,5000000000,5000000000,112,,A1,A1,,신한은행,자체 신용보강,자체 신용보강,신한은행
73602,신한챔피온제삼차,KRZFA1594CGD,신한챔피온제삼차 20260129-154-45,N,20260129,20260702,정기예금,KRW,,5000000000,5000000000,112,,A1,A1,,신한은행,자체 신용보강,자체 신용보강,신한은행
73602,신한챔피온제삼차,KRZFA1594DGD,신한챔피온제삼차 20260129-154-46,N,20260129,20260702,정기예금,KRW,,5000000000,5000000000,112,,A1,A1,,신한은행,자체 신용보강,자체 신용보강,신한은행
73602,신한챔피온제삼차,KRZFA1594EGD,신한챔피온제삼차 20260129-154-47,N,20260129,20260702,정기예금,KRW,,5000000000,5000000000,112,,A1,A1,,신한은행,자체 신용보강,자체 신용보강,신한은행
73602,신한챔피온제삼차,KRZFA1594FGD,신한챔피온제삼차 20260129-154-48,N,20260129,20260702,정기예금,KRW,,5000000000,5000000000,112,,A1,A1,,신한은행,자체 신용보강,자체 신용보강,신한은행
73602,신한챔피온제삼차,KRZFA15945G1,신한챔피온제삼차 20260129-154-5,N,20260129,20260702,정기예금,KRW,,5000000000,5000000000,112,,A1,A1,,신한은행,자체 신용보강,자체 신용보강,신한은행
73602,신한챔피온제삼차,KRZFA15946G1,신한챔피온제삼차 20260129-154-6,N,20260129,20260702,정기예금,KRW,,5000000000,5000000000,112,,A1,A1,,신한은행,자체 신용보강,자체 신용보강,신한은행
73602,신한챔피온제삼차,KRZFA15947G1,신한챔피온제삼차 20260129-154-7,N,20260129,20260702,정기예금,KRW,,5000000000,5000000000,112,,A1,A1,,신한은행,자체 신용보강,자체 신용보강,신한은행
73602,신한챔피온제삼차,KRZFA15948G1,신한챔피온제삼차 20260129-154-8,N,20260129,20260702,정기예금,KRW,,5000000000,5000000000,112,,A1,A1,,신한은행,자체 신용보강,자체 신용보강,신한은행
73602,신한챔피온제삼차,KRZFA15949G1,신한챔피온제삼차 20260129-154-9,N,20260129,20260702,정기예금,KRW,,5000000000,5000000000,112,,A1,A1,,신한은행,자체 신용보강,자체 신용보강,신한은행
73602,신한챔피온제삼차,KRZFA1594GGD,신한챔피온제삼차 20260129-341-49,N,20260129,20270105,정기예금,KRW,,460000000,460000000,299,,A1,A1,,신한은행,자체 신용보강,자체 신용보강,신한은행
51711,에스타이거센터원,KRZF386301G1,에스타이거센터원 20260129-90-1,N,20260129,20260429,대출채권,KRW,,5000000000,5000000000,48,A1,A1,,,국민은행,외부 신용보강,금융기관,신한은행
51711,에스타이거센터원,KRZF386301G1,에스타이거센터원 20260129-90-1,N,20260129,20260429,대출채권,KRW,,5000000000,5000000000,48,A1,A1,,,국민은행,외부 신용보강,금융기관,중소기업은행
51711,에스타이거센터원,KRZF386301G1,에스타이거센터원 20260129-90-1,N,20260129,20260429,대출채권,KRW,,5000000000,5000000000,48,A1,A1,,,미래에셋맵스아시아퍼시픽부동산공모일호투자회사,외부 신용보강,금융기관,신한은행
51711,에스타이거센터원,KRZF386301G1,에스타이거센터원 20260129-90-1,N,20260129,20260429,대출채권,KRW,,5000000000,5000000000,48,A1,A1,,,미래에셋맵스아시아퍼시픽부동산공모일호투자회사,외부 신용보강,금융기관,중소기업은행
51711,에스타이거센터원,KRZF38630AG1,에스타이거센터원 20260129-90-10,N,20260129,20260429,대출채권,KRW,,5000000000,5000000000,48,A1,A1,,,국민은행,외부 신용보강,금융기관,신한은행
51711,에스타이거센터원,KRZF38630AG1,에스타이거센터원 20260129-90-10,N,20260129,20260429,대출채권,KRW,,5000000000,5000000000,48,A1,A1,,,국민은행,외부 신용보강,금융기관,중소기업은행
51711,에스타이거센터원,KRZF38630AG1,에스타이거센터원 20260129-90-10,N,20260129,20260429,대출채권,KRW,,5000000000,5000000000,48,A1,A1,,,미래에셋맵스아시아퍼시픽부동산공모일호투자회사,외부 신용보강,금융기관,신한은행
51711,에스타이거센터원,KRZF38630AG1,에스타이거센터원 20260129-90-10,N,20260129,20260429,대출채권,KRW,,5000000000,5000000000,48,A1,A1,,,미래에셋맵스아시아퍼시픽부동산공모일호투자회사,외부 신용보강,금융기관,중소기업은행
51711,에스타이거센터원,KRZF38630BG1,에스타이거센터원 20260129-90-11,N,20260129,20260429,대출채권,KRW,,5000000000,5000000000,48,A1,A1,,,국민은행,외부 신용보강,금융기관,신한은행
51711,에스타이거센터원,KRZF38630BG1,에스타이거센터원 20260129-90-11,N,20260129,20260429,대출채권,KRW,,5000000000,5000000000,48,A1,A1,,,국민은행,외부 신용보강,금융기관,중소기업은행
51711,에스타이거센터원,KRZF38630BG1,에스타이거센터원 20260129-90-11,N,20260129,20260429,대출채권,KRW,,5000000000,5000000000,48,A1,A1,,,미래에셋맵스아시아퍼시픽부동산공모일호투자회사,외부 신용보강,금융기관,신한은행
51711,에스타이거센터원,KRZF38630BG1,에스타이거센터원 20260129-90-11,N,20260129,20260429,대출채권,KRW,,5000000000,5000000000,48,A1,A1,,,미래에셋맵스아시아퍼시픽부동산공모일호투자회사,외부 신용보강,금융기관,중소기업은행
51711,에스타이거센터원,KRZF38630CG1,에스타이거센터원 20260129-90-12,N,20260129,20260429,대출채권,KRW,,5000000000,5000000000,48,A1,A1,,,국민은행,외부 신용보강,금융기관,신한은행
51711,에스타이거센터원,KRZF38630CG1,에스타이거센터원 20260129-90-12,N,20260129,20260429,대출채권,KRW,,5000000000,5000000000,48,A1,A1,,,국민은행,외부 신용보강,금융기관,중소기업은행
51711,에스타이거센터원,KRZF38630CG1,에스타이거센터원 20260129-90-12,N,20260129,20260429,대출채권,KRW,,5000000000,5000000000,48,A1,A1,,,미래에셋맵스아시아퍼시픽부동산공모일호투자회사,외부 신용보강,금융기관,신한은행
51711,에스타이거센터원,KRZF38630CG1,에스타이거센터원 20260129-90-12,N,20260129,20260429,대출채권,KRW,,5000000000,5000000000,48,A1,A1,,,미래에셋맵스아시아퍼시픽부동산공모일호투자회사,외부 신용보강,금융기관,중소기업은행
51711,에스타이거센터원,KRZF38630DG1,에스타이거센터원 20260129-90-13,N,20260129,20260429,대출채권,KRW,,5000000000,5000000000,48,A1,A1,,,국민은행,외부 신용보강,금융기관,신한은행
51711,에스타이거센터원,KRZF38630DG1,에스타이거센터원 20260129-90-13,N,20260129,20260429,대출채권,KRW,,5000000000,5000000000,48,A1,A1,,,국민은행,외부 신용보강,금융기관,중소기업은행
51711,에스타이거센터원,KRZF38630DG1,에스타이거센터원 20260129-90-13,N,20260129,20260429,대출채권,KRW,,5000000000,5000000000,48,A1,A1,,,미래에셋맵스아시아퍼시픽부동산공모일호투자회사,외부 신용보강,금융기관,신한은행
51711,에스타이거센터원,KRZF38630DG1,에스타이거센터원 20260129-90-13,N,20260129,20260429,대출채권,KRW,,5000000000,5000000000,48,A1,A1,,,미래에셋맵스아시아퍼시픽부동산공모일호투자회사,외부 신용보강,금융기관,중소기업은행
51711,에스타이거센터원,KRZF38630EG1,에스타이거센터원 20260129-90-14,N,20260129,20260429,대출채권,KRW,,5000000000,5000000000,48,A1,A1,,,국민은행,외부 신용보강,금융기관,신한은행
51711,에스타이거센터원,KRZF38630EG1,에스타이거센터원 20260129-90-14,N,20260129,20260429,대출채권,KRW,,5000000000,5000000000,48,A1,A1,,,국민은행,외부 신용보강,금융기관,중소기업은행
51711,에스타이거센터원,KRZF38630EG1,에스타이거센터원 20260129-90-14,N,20260129,20260429,대출채권,KRW,,5000000000,5000000000,48,A1,A1,,,미래에셋맵스아시아퍼시픽부동산공모일호투자회사,외부 신용보강,금융기관,신한은행
51711,에스타이거센터원,KRZF38630EG1,에스타이거센터원 20260129-90-14,N,20260129,20260429,대출채권,KRW,,5000000000,5000000000,48,A1,A1,,,미래에셋맵스아시아퍼시픽부동산공모일호투자회사,외부 신용보강,금융기관,중소기업은행
51711,에스타이거센터원,KRZF38630FG1,에스타이거센터원 20260129-90-15,N,20260129,20260429,대출채권,KRW,,5000000000,5000000000,48,A1,A1,,,국민은행,외부 신용보강,금융기관,신한은행
51711,에스타이거센터원,KRZF38630FG1,에스타이거센터원 20260129-90-15,N,20260129,20260429,대출채권,KRW,,5000000000,5000000000,48,A1,A1,,,국민은행,외부 신용보강,금융기관,중소기업은행
51711,에스타이거센터원,KRZF38630FG1,에스타이거센터원 20260129-90-15,N,20260129,20260429,대출채권,KRW,,5000000000,5000000000,48,A1,A1,,,미래에셋맵스아시아퍼시픽부동산공모일호투자회사,외부 신용보강,금융기관,신한은행
51711,에스타이거센터원,KRZF38630FG1,에스타이거센터원 20260129-90-15,N,20260129,20260429,대출채권,KRW,,5000000000,5000000000,48,A1,A1,,,미래에셋맵스아시아퍼시픽부동산공모일호투자회사,외부 신용보강,금융기관,중소기업은행
51711,에스타이거센터원,KRZF38630GG1,에스타이거센터원 20260129-90-16,N,20260129,20260429,대출채권,KRW,,5000000000,5000000000,48,A1,A1,,,국민은행,외부 신용보강,금융기관,신한은행
51711,에스타이거센터원,KRZF38630GG1,에스타이거센터원 20260129-90-16,N,20260129,20260429,대출채권,KRW,,5000000000,5000000000,48,A1,A1,,,국민은행,외부 신용보강,금융기관,중소기업은행
51711,에스타이거센터원,KRZF38630GG1,에스타이거센터원 20260129-90-16,N,20260129,20260429,대출채권,KRW,,5000000000,5000000000,48,A1,A1,,,미래에셋맵스아시아퍼시픽부동산공모일호투자회사,외부 신용보강,금융기관,신한은행
51711,에스타이거센터원,KRZF38630GG1,에스타이거센터원 20260129-90-16,N,20260129,20260429,대출채권,KRW,,5000000000,5000000000,48,A1,A1,,,미래에셋맵스아시아퍼시픽부동산공모일호투자회사,외부 신용보강,금융기관,중소기업은행
51711,에스타이거센터원,KRZF38630HG1,에스타이거센터원 20260129-90-17,N,20260129,20260429,대출채권,KRW,,5000000000,5000000000,48,A1,A1,,,국민은행,외부 신용보강,금융기관,신한은행
51711,에스타이거센터원,KRZF38630HG1,에스타이거센터원 20260129-90-17,N,20260129,20260429,대출채권,KRW,,5000000000,5000000000,48,A1,A1,,,국민은행,외부 신용보강,금융기관,중소기업은행
51711,에스타이거센터원,KRZF38630HG1,에스타이거센터원 20260129-90-17,N,20260129,20260429,대출채권,KRW,,5000000000,5000000000,48,A1,A1,,,미래에셋맵스아시아퍼시픽부동산공모일호투자회사,외부 신용보강,금융기관,신한은행
51711,에스타이거센터원,KRZF38630HG1,에스타이거센터원 20260129-90-17,N,20260129,20260429,대출채권,KRW,,5000000000,5000000000,48,A1,A1,,,미래에셋맵스아시아퍼시픽부동산공모일호투자회사,외부 신용보강,금융기관,중소기업은행
51711,에스타이거센터원,KRZF38630JG1,에스타이거센터원 20260129-90-18,N,20260129,20260429,대출채권,KRW,,5000000000,5000000000,48,A1,A1,,,국민은행,외부 신용보강,금융기관,신한은행
51711,에스타이거센터원,KRZF38630JG1,에스타이거센터원 20260129-90-18,N,20260129,20260429,대출채권,KRW,,5000000000,5000000000,48,A1,A1,,,국민은행,외부 신용보강,금융기관,중소기업은행
51711,에스타이거센터원,KRZF38630JG1,에스타이거센터원 20260129-90-18,N,20260129,20260429,대출채권,KRW,,5000000000,5000000000,48,A1,A1,,,미래에셋맵스아시아퍼시픽부동산공모일호투자회사,외부 신용보강,금융기관,신한은행
51711,에스타이거센터원,KRZF38630JG1,에스타이거센터원 20260129-90-18,N,20260129,20260429,대출채권,KRW,,5000000000,5000000000,48,A1,A1,,,미래에셋맵스아시아퍼시픽부동산공모일호투자회사,외부 신용보강,금융기관,중소기업은행
51711,에스타이거센터원,KRZF38630KG1,에스타이거센터원 20260129-90-19,N,20260129,20260429,대출채권,KRW,,5000000000,5000000000,48,A1,A1,,,국민은행,외부 신용보강,금융기관,신한은행
51711,에스타이거센터원,KRZF38630KG1,에스타이거센터원 20260129-90-19,N,20260129,20260429,대출채권,KRW,,5000000000,5000000000,48,A1,A1,,,국민은행,외부 신용보강,금융기관,중소기업은행
51711,에스타이거센터원,KRZF38630KG1,에스타이거센터원 20260129-90-19,N,20260129,20260429,대출채권,KRW,,5000000000,5000000000,48,A1,A1,,,미래에셋맵스아시아퍼시픽부동산공모일호투자회사,외부 신용보강,금융기관,신한은행
51711,에스타이거센터원,KRZF38630KG1,에스타이거센터원 20260129-90-19,N,20260129,20260429,대출채권,KRW,,5000000000,5000000000,48,A1,A1,,,미래에셋맵스아시아퍼시픽부동산공모일호투자회사,외부 신용보강,금융기관,중소기업은행
51711,에스타이거센터원,KRZF386302G1,에스타이거센터원 20260129-90-2,N,20260129,20260429,대출채권,KRW,,5000000000,5000000000,48,A1,A1,,,국민은행,외부 신용보강,금융기관,신한은행
51711,에스타이거센터원,KRZF386302G1,에스타이거센터원 20260129-90-2,N,20260129,20260429,대출채권,KRW,,5000000000,5000000000,48,A1,A1,,,국민은행,외부 신용보강,금융기관,중소기업은행
51711,에스타이거센터원,KRZF386302G1,에스타이거센터원 20260129-90-2,N,20260129,20260429,대출채권,KRW,,5000000000,5000000000,48,A1,A1,,,미래에셋맵스아시아퍼시픽부동산공모일호투자회사,외부 신용보강,금융기관,신한은행
51711,에스타이거센터원,KRZF386302G1,에스타이거센터원 20260129-90-2,N,20260129,20260429,대출채권,KRW,,5000000000,5000000000,48,A1,A1,,,미래에셋맵스아시아퍼시픽부동산공모일호투자회사,외부 신용보강,금융기관,중소기업은행
51711,에스타이거센터원,KRZF38630LG1,에스타이거센터원 20260129-90-20,N,20260129,20260429,대출채권,KRW,,5000000000,5000000000,48,A1,A1,,,국민은행,외부 신용보강,금융기관,신한은행
51711,에스타이거센터원,KRZF38630LG1,에스타이거센터원 20260129-90-20,N,20260129,20260429,대출채권,KRW,,5000000000,5000000000,48,A1,A1,,,국민은행,외부 신용보강,금융기관,중소기업은행
51711,에스타이거센터원,KRZF38630LG1,에스타이거센터원 20260129-90-20,N,20260129,20260429,대출채권,KRW,,5000000000,5000000000,48,A1,A1,,,미래에셋맵스아시아퍼시픽부동산공모일호투자회사,외부 신용보강,금융기관,신한은행
51711,에스타이거센터원,KRZF38630LG1,에스타이거센터원 20260129-90-20,N,20260129,20260429,대출채권,KRW,,5000000000,5000000000,48,A1,A1,,,미래에셋맵스아시아퍼시픽부동산공모일호투자회사,외부 신용보강,금융기관,중소기업은행
51711,에스타이거센터원,KRZF38630MG1,에스타이거센터원 20260129-90-21,N,20260129,20260429,대출채권,KRW,,5000000000,5000000000,48,A1,A1,,,국민은행,외부 신용보강,금융기관,신한은행
51711,에스타이거센터원,KRZF38630MG1,에스타이거센터원 20260129-90-21,N,20260129,20260429,대출채권,KRW,,5000000000,5000000000,48,A1,A1,,,국민은행,외부 신용보강,금융기관,중소기업은행
51711,에스타이거센터원,KRZF38630MG1,에스타이거센터원 20260129-90-21,N,20260129,20260429,대출채권,KRW,,5000000000,5000000000,48,A1,A1,,,미래에셋맵스아시아퍼시픽부동산공모일호투자회사,외부 신용보강,금융기관,신한은행
51711,에스타이거센터원,KRZF38630MG1,에스타이거센터원 20260129-90-21,N,20260129,20260429,대출채권,KRW,,5000000000,5000000000,48,A1,A1,,,미래에셋맵스아시아퍼시픽부동산공모일호투자회사,외부 신용보강,금융기관,중소기업은행
51711,에스타이거센터원,KRZF38630NG1,에스타이거센터원 20260129-90-22,N,20260129,20260429,대출채권,KRW,,5000000000,5000000000,48,A1,A1,,,국민은행,외부 신용보강,금융기관,신한은행
51711,에스타이거센터원,KRZF38630NG1,에스타이거센터원 20260129-90-22,N,20260129,20260429,대출채권,KRW,,5000000000,5000000000,48,A1,A1,,,국민은행,외부 신용보강,금융기관,중소기업은행
51711,에스타이거센터원,KRZF38630NG1,에스타이거센터원 20260129-90-22,N,20260129,20260429,대출채권,KRW,,5000000000,5000000000,48,A1,A1,,,미래에셋맵스아시아퍼시픽부동산공모일호투자회사,외부 신용보강,금융기관,신한은행
51711,에스타이거센터원,KRZF38630NG1,에스타이거센터원 20260129-90-22,N,20260129,20260429,대출채권,KRW,,5000000000,5000000000,48,A1,A1,,,미래에셋맵스아시아퍼시픽부동산공모일호투자회사,외부 신용보강,금융기관,중소기업은행
51711,에스타이거센터원,KRZF38630PG1,에스타이거센터원 20260129-90-23,N,20260129,20260429,대출채권,KRW,,5000000000,5000000000,48,A1,A1,,,국민은행,외부 신용보강,금융기관,신한은행
51711,에스타이거센터원,KRZF38630PG1,에스타이거센터원 20260129-90-23,N,20260129,20260429,대출채권,KRW,,5000000000,5000000000,48,A1,A1,,,국민은행,외부 신용보강,금융기관,중소기업은행
51711,에스타이거센터원,KRZF38630PG1,에스타이거센터원 20260129-90-23,N,20260129,20260429,대출채권,KRW,,5000000000,5000000000,48,A1,A1,,,미래에셋맵스아시아퍼시픽부동산공모일호투자회사,외부 신용보강,금융기관,신한은행
51711,에스타이거센터원,KRZF38630PG1,에스타이거센터원 20260129-90-23,N,20260129,20260429,대출채권,KRW,,5000000000,5000000000,48,A1,A1,,,미래에셋맵스아시아퍼시픽부동산공모일호투자회사,외부 신용보강,금융기관,중소기업은행
51711,에스타이거센터원,KRZF38630QG1,에스타이거센터원 20260129-90-24,N,20260129,20260429,대출채권,KRW,,5000000000,5000000000,48,A1,A1,,,국민은행,외부 신용보강,금융기관,신한은행
51711,에스타이거센터원,KRZF38630QG1,에스타이거센터원 20260129-90-24,N,20260129,20260429,대출채권,KRW,,5000000000,5000000000,48,A1,A1,,,국민은행,외부 신용보강,금융기관,중소기업은행
51711,에스타이거센터원,KRZF38630QG1,에스타이거센터원 20260129-90-24,N,20260129,20260429,대출채권,KRW,,5000000000,5000000000,48,A1,A1,,,미래에셋맵스아시아퍼시픽부동산공모일호투자회사,외부 신용보강,금융기관,신한은행
51711,에스타이거센터원,KRZF38630QG1,에스타이거센터원 20260129-90-24,N,20260129,20260429,대출채권,KRW,,5000000000,5000000000,48,A1,A1,,,미래에셋맵스아시아퍼시픽부동산공모일호투자회사,외부 신용보강,금융기관,중소기업은행
51711,에스타이거센터원,KRZF38630RG1,에스타이거센터원 20260129-90-25,N,20260129,20260429,대출채권,KRW,,5000000000,5000000000,48,A1,A1,,,국민은행,외부 신용보강,금융기관,신한은행
51711,에스타이거센터원,KRZF38630RG1,에스타이거센터원 20260129-90-25,N,20260129,20260429,대출채권,KRW,,5000000000,5000000000,48,A1,A1,,,국민은행,외부 신용보강,금융기관,중소기업은행
51711,에스타이거센터원,KRZF38630RG1,에스타이거센터원 20260129-90-25,N,20260129,20260429,대출채권,KRW,,5000000000,5000000000,48,A1,A1,,,미래에셋맵스아시아퍼시픽부동산공모일호투자회사,외부 신용보강,금융기관,신한은행
51711,에스타이거센터원,KRZF38630RG1,에스타이거센터원 20260129-90-25,N,20260129,20260429,대출채권,KRW,,5000000000,5000000000,48,A1,A1,,,미래에셋맵스아시아퍼시픽부동산공모일호투자회사,외부 신용보강,금융기관,중소기업은행
51711,에스타이거센터원,KRZF38630SG1,에스타이거센터원 20260129-90-26,N,20260129,20260429,대출채권,KRW,,5000000000,5000000000,48,A1,A1,,,국민은행,외부 신용보강,금융기관,신한은행
51711,에스타이거센터원,KRZF38630SG1,에스타이거센터원 20260129-90-26,N,20260129,20260429,대출채권,KRW,,5000000000,5000000000,48,A1,A1,,,국민은행,외부 신용보강,금융기관,중소기업은행
51711,에스타이거센터원,KRZF38630SG1,에스타이거센터원 20260129-90-26,N,20260129,20260429,대출채권,KRW,,5000000000,5000000000,48,A1,A1,,,미래에셋맵스아시아퍼시픽부동산공모일호투자회사,외부 신용보강,금융기관,신한은행
51711,에스타이거센터원,KRZF38630SG1,에스타이거센터원 20260129-90-26,N,20260129,20260429,대출채권,KRW,,5000000000,5000000000,48,A1,A1,,,미래에셋맵스아시아퍼시픽부동산공모일호투자회사,외부 신용보강,금융기관,중소기업은행
51711,에스타이거센터원,KRZF38630TG1,에스타이거센터원 20260129-90-27,N,20260129,20260429,대출채권,KRW,,2000000000,2000000000,48,A1,A1,,,국민은행,외부 신용보강,금융기관,신한은행
51711,에스타이거센터원,KRZF38630TG1,에스타이거센터원 20260129-90-27,N,20260129,20260429,대출채권,KRW,,2000000000,2000000000,48,A1,A1,,,국민은행,외부 신용보강,금융기관,중소기업은행
51711,에스타이거센터원,KRZF38630TG1,에스타이거센터원 20260129-90-27,N,20260129,20260429,대출채권,KRW,,2000000000,2000000000,48,A1,A1,,,미래에셋맵스아시아퍼시픽부동산공모일호투자회사,외부 신용보강,금융기관,신한은행
51711,에스타이거센터원,KRZF38630TG1,에스타이거센터원 20260129-90-27,N,20260129,20260429,대출채권,KRW,,2000000000,2000000000,48,A1,A1,,,미래에셋맵스아시아퍼시픽부동산공모일호투자회사,외부 신용보강,금융기관,중소기업은행
51711,에스타이거센터원,KRZF38630VG1,에스타이거센터원 20260129-90-28,N,20260129,20260429,대출채권,KRW,,10000000000,10000000000,48,A1,A1,,,국민은행,외부 신용보강,금융기관,신한은행
51711,에스타이거센터원,KRZF38630VG1,에스타이거센터원 20260129-90-28,N,20260129,20260429,대출채권,KRW,,10000000000,10000000000,48,A1,A1,,,국민은행,외부 신용보강,금융기관,중소기업은행
51711,에스타이거센터원,KRZF38630VG1,에스타이거센터원 20260129-90-28,N,20260129,20260429,대출채권,KRW,,10000000000,10000000000,48,A1,A1,,,미래에셋맵스아시아퍼시픽부동산공모일호투자회사,외부 신용보강,금융기관,신한은행
51711,에스타이거센터원,KRZF38630VG1,에스타이거센터원 20260129-90-28,N,20260129,20260429,대출채권,KRW,,10000000000,10000000000,48,A1,A1,,,미래에셋맵스아시아퍼시픽부동산공모일호투자회사,외부 신용보강,금융기관,중소기업은행
51711,에스타이거센터원,KRZF38630WG1,에스타이거센터원 20260129-90-29,N,20260129,20260429,대출채권,KRW,,5000000000,5000000000,48,A1,A1,,,국민은행,외부 신용보강,금융기관,신한은행
51711,에스타이거센터원,KRZF38630WG1,에스타이거센터원 20260129-90-29,N,20260129,20260429,대출채권,KRW,,5000000000,5000000000,48,A1,A1,,,국민은행,외부 신용보강,금융기관,중소기업은행
51711,에스타이거센터원,KRZF38630WG1,에스타이거센터원 20260129-90-29,N,20260129,20260429,대출채권,KRW,,5000000000,5000000000,48,A1,A1,,,미래에셋맵스아시아퍼시픽부동산공모일호투자회사,외부 신용보강,금융기관,신한은행
51711,에스타이거센터원,KRZF38630WG1,에스타이거센터원 20260129-90-29,N,20260129,20260429,대출채권,KRW,,5000000000,5000000000,48,A1,A1,,,미래에셋맵스아시아퍼시픽부동산공모일호투자회사,외부 신용보강,금융기관,중소기업은행
51711,에스타이거센터원,KRZF386303G1,에스타이거센터원 20260129-90-3,N,20260129,20260429,대출채권,KRW,,5000000000,5000000000,48,A1,A1,,,국민은행,외부 신용보강,금융기관,신한은행
51711,에스타이거센터원,KRZF386303G1,에스타이거센터원 20260129-90-3,N,20260129,20260429,대출채권,KRW,,5000000000,5000000000,48,A1,A1,,,국민은행,외부 신용보강,금융기관,중소기업은행
51711,에스타이거센터원,KRZF386303G1,에스타이거센터원 20260129-90-3,N,20260129,20260429,대출채권,KRW,,5000000000,5000000000,48,A1,A1,,,미래에셋맵스아시아퍼시픽부동산공모일호투자회사,외부 신용보강,금융기관,신한은행
51711,에스타이거센터원,KRZF386303G1,에스타이거센터원 20260129-90-3,N,20260129,20260429,대출채권,KRW,,5000000000,5000000000,48,A1,A1,,,미래에셋맵스아시아퍼시픽부동산공모일호투자회사,외부 신용보강,금융기관,중소기업은행
51711,에스타이거센터원,KRZF38630XG1,에스타이거센터원 20260129-90-30,N,20260129,20260429,대출채권,KRW,,1000000000,1000000000,48,A1,A1,,,국민은행,외부 신용보강,금융기관,신한은행
51711,에스타이거센터원,KRZF38630XG1,에스타이거센터원 20260129-90-30,N,20260129,20260429,대출채권,KRW,,1000000000,1000000000,48,A1,A1,,,국민은행,외부 신용보강,금융기관,중소기업은행
51711,에스타이거센터원,KRZF38630XG1,에스타이거센터원 20260129-90-30,N,20260129,20260429,대출채권,KRW,,1000000000,1000000000,48,A1,A1,,,미래에셋맵스아시아퍼시픽부동산공모일호투자회사,외부 신용보강,금융기관,신한은행
51711,에스타이거센터원,KRZF38630XG1,에스타이거센터원 20260129-90-30,N,20260129,20260429,대출채권,KRW,,1000000000,1000000000,48,A1,A1,,,미래에셋맵스아시아퍼시픽부동산공모일호투자회사,외부 신용보강,금융기관,중소기업은행
51711,에스타이거센터원,KRZF38630YG1,에스타이거센터원 20260129-90-31,N,20260129,20260429,대출채권,KRW,,1000000000,1000000000,48,A1,A1,,,국민은행,외부 신용보강,금융기관,신한은행
51711,에스타이거센터원,KRZF38630YG1,에스타이거센터원 20260129-90-31,N,20260129,20260429,대출채권,KRW,,1000000000,1000000000,48,A1,A1,,,국민은행,외부 신용보강,금융기관,중소기업은행
51711,에스타이거센터원,KRZF38630YG1,에스타이거센터원 20260129-90-31,N,20260129,20260429,대출채권,KRW,,1000000000,1000000000,48,A1,A1,,,미래에셋맵스아시아퍼시픽부동산공모일호투자회사,외부 신용보강,금융기관,신한은행
51711,에스타이거센터원,KRZF38630YG1,에스타이거센터원 20260129-90-31,N,20260129,20260429,대출채권,KRW,,1000000000,1000000000,48,A1,A1,,,미래에셋맵스아시아퍼시픽부동산공모일호투자회사,외부 신용보강,금융기관,중소기업은행
51711,에스타이거센터원,KRZF38630ZG1,에스타이거센터원 20260129-90-32,N,20260129,20260429,대출채권,KRW,,1000000000,1000000000,48,A1,A1,,,국민은행,외부 신용보강,금융기관,신한은행
51711,에스타이거센터원,KRZF38630ZG1,에스타이거센터원 20260129-90-32,N,20260129,20260429,대출채권,KRW,,1000000000,1000000000,48,A1,A1,,,국민은행,외부 신용보강,금융기관,중소기업은행
51711,에스타이거센터원,KRZF38630ZG1,에스타이거센터원 20260129-90-32,N,20260129,20260429,대출채권,KRW,,1000000000,1000000000,48,A1,A1,,,미래에셋맵스아시아퍼시픽부동산공모일호투자회사,외부 신용보강,금융기관,신한은행
51711,에스타이거센터원,KRZF38630ZG1,에스타이거센터원 20260129-90-32,N,20260129,20260429,대출채권,KRW,,1000000000,1000000000,48,A1,A1,,,미래에셋맵스아시아퍼시픽부동산공모일호투자회사,외부 신용보강,금융기관,중소기업은행
51711,에스타이거센터원,KRZF386300GD,에스타이거센터원 20260129-90-33,N,20260129,20260429,대출채권,KRW,,1000000000,1000000000,48,A1,A1,,,국민은행,외부 신용보강,금융기관,신한은행
51711,에스타이거센터원,KRZF386300GD,에스타이거센터원 20260129-90-33,N,20260129,20260429,대출채권,KRW,,1000000000,1000000000,48,A1,A1,,,국민은행,외부 신용보강,금융기관,중소기업은행
51711,에스타이거센터원,KRZF386300GD,에스타이거센터원 20260129-90-33,N,20260129,20260429,대출채권,KRW,,1000000000,1000000000,48,A1,A1,,,미래에셋맵스아시아퍼시픽부동산공모일호투자회사,외부 신용보강,금융기관,신한은행
51711,에스타이거센터원,KRZF386300GD,에스타이거센터원 20260129-90-33,N,20260129,20260429,대출채권,KRW,,1000000000,1000000000,48,A1,A1,,,미래에셋맵스아시아퍼시픽부동산공모일호투자회사,외부 신용보강,금융기관,중소기업은행
51711,에스타이거센터원,KRZF386301GD,에스타이거센터원 20260129-90-34,N,20260129,20260429,대출채권,KRW,,1000000000,1000000000,48,A1,A1,,,국민은행,외부 신용보강,금융기관,신한은행
51711,에스타이거센터원,KRZF386301GD,에스타이거센터원 20260129-90-34,N,20260129,20260429,대출채권,KRW,,1000000000,1000000000,48,A1,A1,,,국민은행,외부 신용보강,금융기관,중소기업은행
51711,에스타이거센터원,KRZF386301GD,에스타이거센터원 20260129-90-34,N,20260129,20260429,대출채권,KRW,,1000000000,1000000000,48,A1,A1,,,미래에셋맵스아시아퍼시픽부동산공모일호투자회사,외부 신용보강,금융기관,신한은행
51711,에스타이거센터원,KRZF386301GD,에스타이거센터원 20260129-90-34,N,20260129,20260429,대출채권,KRW,,1000000000,1000000000,48,A1,A1,,,미래에셋맵스아시아퍼시픽부동산공모일호투자회사,외부 신용보강,금융기관,중소기업은행
51711,에스타이거센터원,KRZF386302GD,에스타이거센터원 20260129-90-35,N,20260129,20260429,대출채권,KRW,,1000000000,1000000000,48,A1,A1,,,국민은행,외부 신용보강,금융기관,신한은행
51711,에스타이거센터원,KRZF386302GD,에스타이거센터원 20260129-90-35,N,20260129,20260429,대출채권,KRW,,1000000000,1000000000,48,A1,A1,,,국민은행,외부 신용보강,금융기관,중소기업은행
51711,에스타이거센터원,KRZF386302GD,에스타이거센터원 20260129-90-35,N,20260129,20260429,대출채권,KRW,,1000000000,1000000000,48,A1,A1,,,미래에셋맵스아시아퍼시픽부동산공모일호투자회사,외부 신용보강,금융기관,신한은행
51711,에스타이거센터원,KRZF386302GD,에스타이거센터원 20260129-90-35,N,20260129,20260429,대출채권,KRW,,1000000000,1000000000,48,A1,A1,,,미래에셋맵스아시아퍼시픽부동산공모일호투자회사,외부 신용보강,금융기관,중소기업은행
51711,에스타이거센터원,KRZF386303GD,에스타이거센터원 20260129-90-36,N,20260129,20260429,대출채권,KRW,,1000000000,1000000000,48,A1,A1,,,국민은행,외부 신용보강,금융기관,신한은행
51711,에스타이거센터원,KRZF386303GD,에스타이거센터원 20260129-90-36,N,20260129,20260429,대출채권,KRW,,1000000000,1000000000,48,A1,A1,,,국민은행,외부 신용보강,금융기관,중소기업은행
51711,에스타이거센터원,KRZF386303GD,에스타이거센터원 20260129-90-36,N,20260129,20260429,대출채권,KRW,,1000000000,1000000000,48,A1,A1,,,미래에셋맵스아시아퍼시픽부동산공모일호투자회사,외부 신용보강,금융기관,신한은행
51711,에스타이거센터원,KRZF386303GD,에스타이거센터원 20260129-90-36,N,20260129,20260429,대출채권,KRW,,1000000000,1000000000,48,A1,A1,,,미래에셋맵스아시아퍼시픽부동산공모일호투자회사,외부 신용보강,금융기관,중소기업은행
51711,에스타이거센터원,KRZF386304G1,에스타이거센터원 20260129-90-4,N,20260129,20260429,대출채권,KRW,,5000000000,5000000000,48,A1,A1,,,국민은행,외부 신용보강,금융기관,신한은행
51711,에스타이거센터원,KRZF386304G1,에스타이거센터원 20260129-90-4,N,20260129,20260429,대출채권,KRW,,5000000000,5000000000,48,A1,A1,,,국민은행,외부 신용보강,금융기관,중소기업은행
51711,에스타이거센터원,KRZF386304G1,에스타이거센터원 20260129-90-4,N,20260129,20260429,대출채권,KRW,,5000000000,5000000000,48,A1,A1,,,미래에셋맵스아시아퍼시픽부동산공모일호투자회사,외부 신용보강,금융기관,신한은행
51711,에스타이거센터원,KRZF386304G1,에스타이거센터원 20260129-90-4,N,20260129,20260429,대출채권,KRW,,5000000000,5000000000,48,A1,A1,,,미래에셋맵스아시아퍼시픽부동산공모일호투자회사,외부 신용보강,금융기관,중소기업은행
51711,에스타이거센터원,KRZF386305G1,에스타이거센터원 20260129-90-5,N,20260129,20260429,대출채권,KRW,,1000000000,1000000000,48,A1,A1,,,국민은행,외부 신용보강,금융기관,신한은행
51711,에스타이거센터원,KRZF386305G1,에스타이거센터원 20260129-90-5,N,20260129,20260429,대출채권,KRW,,1000000000,1000000000,48,A1,A1,,,국민은행,외부 신용보강,금융기관,중소기업은행
51711,에스타이거센터원,KRZF386305G1,에스타이거센터원 20260129-90-5,N,20260129,20260429,대출채권,KRW,,1000000000,1000000000,48,A1,A1,,,미래에셋맵스아시아퍼시픽부동산공모일호투자회사,외부 신용보강,금융기관,신한은행
51711,에스타이거센터원,KRZF386305G1,에스타이거센터원 20260129-90-5,N,20260129,20260429,대출채권,KRW,,1000000000,1000000000,48,A1,A1,,,미래에셋맵스아시아퍼시픽부동산공모일호투자회사,외부 신용보강,금융기관,중소기업은행
51711,에스타이거센터원,KRZF386306G1,에스타이거센터원 20260129-90-6,N,20260129,20260429,대출채권,KRW,,5000000000,5000000000,48,A1,A1,,,국민은행,외부 신용보강,금융기관,신한은행
51711,에스타이거센터원,KRZF386306G1,에스타이거센터원 20260129-90-6,N,20260129,20260429,대출채권,KRW,,5000000000,5000000000,48,A1,A1,,,국민은행,외부 신용보강,금융기관,중소기업은행
51711,에스타이거센터원,KRZF386306G1,에스타이거센터원 20260129-90-6,N,20260129,20260429,대출채권,KRW,,5000000000,5000000000,48,A1,A1,,,미래에셋맵스아시아퍼시픽부동산공모일호투자회사,외부 신용보강,금융기관,신한은행
51711,에스타이거센터원,KRZF386306G1,에스타이거센터원 20260129-90-6,N,20260129,20260429,대출채권,KRW,,5000000000,5000000000,48,A1,A1,,,미래에셋맵스아시아퍼시픽부동산공모일호투자회사,외부 신용보강,금융기관,중소기업은행
51711,에스타이거센터원,KRZF386307G1,에스타이거센터원 20260129-90-7,N,20260129,20260429,대출채권,KRW,,5000000000,5000000000,48,A1,A1,,,국민은행,외부 신용보강,금융기관,신한은행
51711,에스타이거센터원,KRZF386307G1,에스타이거센터원 20260129-90-7,N,20260129,20260429,대출채권,KRW,,5000000000,5000000000,48,A1,A1,,,국민은행,외부 신용보강,금융기관,중소기업은행
51711,에스타이거센터원,KRZF386307G1,에스타이거센터원 20260129-90-7,N,20260129,20260429,대출채권,KRW,,5000000000,5000000000,48,A1,A1,,,미래에셋맵스아시아퍼시픽부동산공모일호투자회사,외부 신용보강,금융기관,신한은행
51711,에스타이거센터원,KRZF386307G1,에스타이거센터원 20260129-90-7,N,20260129,20260429,대출채권,KRW,,5000000000,5000000000,48,A1,A1,,,미래에셋맵스아시아퍼시픽부동산공모일호투자회사,외부 신용보강,금융기관,중소기업은행
51711,에스타이거센터원,KRZF386308G1,에스타이거센터원 20260129-90-8,N,20260129,20260429,대출채권,KRW,,5000000000,5000000000,48,A1,A1,,,국민은행,외부 신용보강,금융기관,신한은행
51711,에스타이거센터원,KRZF386308G1,에스타이거센터원 20260129-90-8,N,20260129,20260429,대출채권,KRW,,5000000000,5000000000,48,A1,A1,,,국민은행,외부 신용보강,금융기관,중소기업은행
51711,에스타이거센터원,KRZF386308G1,에스타이거센터원 20260129-90-8,N,20260129,20260429,대출채권,KRW,,5000000000,5000000000,48,A1,A1,,,미래에셋맵스아시아퍼시픽부동산공모일호투자회사,외부 신용보강,금융기관,신한은행
51711,에스타이거센터원,KRZF386308G1,에스타이거센터원 20260129-90-8,N,20260129,20260429,대출채권,KRW,,5000000000,5000000000,48,A1,A1,,,미래에셋맵스아시아퍼시픽부동산공모일호투자회사,외부 신용보강,금융기관,중소기업은행
51711,에스타이거센터원,KRZF386309G1,에스타이거센터원 20260129-90-9,N,20260129,20260429,대출채권,KRW,,5000000000,5000000000,48,A1,A1,,,국민은행,외부 신용보강,금융기관,신한은행
51711,에스타이거센터원,KRZF386309G1,에스타이거센터원 20260129-90-9,N,20260129,20260429,대출채권,KRW,,5000000000,5000000000,48,A1,A1,,,국민은행,외부 신용보강,금융기관,중소기업은행
51711,에스타이거센터원,KRZF386309G1,에스타이거센터원 20260129-90-9,N,20260129,20260429,대출채권,KRW,,5000000000,5000000000,48,A1,A1,,,미래에셋맵스아시아퍼시픽부동산공모일호투자회사,외부 신용보강,금융기관,신한은행
51711,에스타이거센터원,KRZF386309G1,에스타이거센터원 20260129-90-9,N,20260129,20260429,대출채권,KRW,,5000000000,5000000000,48,A1,A1,,,미래에셋맵스아시아퍼시픽부동산공모일호투자회사,외부 신용보강,금융기관,중소기업은행
67625,에스타이거퍼스트,KRZFA08071G1,에스타이거퍼스트 20260129-90-1,N,20260129,20260429,대출채권,KRW,,5000000000,5000000000,48,,A1,A1,,(주)코크렙제57호위탁관리부동산투자회사,외부 신용보강,금융기관,신한은행
67625,에스타이거퍼스트,KRZFA08072G1,에스타이거퍼스트 20260129-90-2,N,20260129,20260429,대출채권,KRW,,5000000000,5000000000,48,,A1,A1,,(주)코크렙제57호위탁관리부동산투자회사,외부 신용보강,금융기관,신한은행
67625,에스타이거퍼스트,KRZFA08073G1,에스타이거퍼스트 20260129-90-3,N,20260129,20260429,대출채권,KRW,,5000000000,5000000000,48,,A1,A1,,(주)코크렙제57호위탁관리부동산투자회사,외부 신용보강,금융기관,신한은행
67625,에스타이거퍼스트,KRZFA08074G1,에스타이거퍼스트 20260129-90-4,N,20260129,20260429,대출채권,KRW,,5000000000,5000000000,48,,A1,A1,,(주)코크렙제57호위탁관리부동산투자회사,외부 신용보강,금융기관,신한은행
67625,에스타이거퍼스트,KRZFA08075G1,에스타이거퍼스트 20260129-90-5,N,20260129,20260429,대출채권,KRW,,5000000000,5000000000,48,,A1,A1,,(주)코크렙제57호위탁관리부동산투자회사,외부 신용보강,금융기관,신한은행
67625,에스타이거퍼스트,KRZFA08076G1,에스타이거퍼스트 20260129-90-6,N,20260129,20260429,대출채권,KRW,,5000000000,5000000000,48,,A1,A1,,(주)코크렙제57호위탁관리부동산투자회사,외부 신용보강,금융기관,신한은행
69809,에스프로젝트뉴월드제이차,KRZF0051H1G1,에스프로젝트뉴월드제이차 20260129-90-1,N,20260129,20260429,대출채권,KRW,,5000000000,5000000000,48,A1,A1,,,신세계건설,외부 신용보강,금융기관,신한은행
69809,에스프로젝트뉴월드제이차,KRZF0051HAG1,에스프로젝트뉴월드제이차 20260129-90-10,N,20260129,20260429,대출채권,KRW,,5000000000,5000000000,48,A1,A1,,,신세계건설,외부 신용보강,금융기관,신한은행
69809,에스프로젝트뉴월드제이차,KRZF0051HBG1,에스프로젝트뉴월드제이차 20260129-90-11,N,20260129,20260429,대출채권,KRW,,5000000000,5000000000,48,A1,A1,,,신세계건설,외부 신용보강,금융기관,신한은행
69809,에스프로젝트뉴월드제이차,KRZF0051HCG1,에스프로젝트뉴월드제이차 20260129-90-12,N,20260129,20260429,대출채권,KRW,,5000000000,5000000000,48,A1,A1,,,신세계건설,외부 신용보강,금융기관,신한은행
69809,에스프로젝트뉴월드제이차,KRZF0051HDG1,에스프로젝트뉴월드제이차 20260129-90-13,N,20260129,20260429,대출채권,KRW,,5000000000,5000000000,48,A1,A1,,,신세계건설,외부 신용보강,금융기관,신한은행
69809,에스프로젝트뉴월드제이차,KRZF0051HEG1,에스프로젝트뉴월드제이차 20260129-90-14,N,20260129,20260429,대출채권,KRW,,5000000000,5000000000,48,A1,A1,,,신세계건설,외부 신용보강,금융기관,신한은행
69809,에스프로젝트뉴월드제이차,KRZF0051HFG1,에스프로젝트뉴월드제이차 20260129-90-15,N,20260129,20260429,대출채권,KRW,,5000000000,5000000000,48,A1,A1,,,신세계건설,외부 신용보강,금융기관,신한은행
69809,에스프로젝트뉴월드제이차,KRZF0051HGG1,에스프로젝트뉴월드제이차 20260129-90-16,N,20260129,20260429,대출채권,KRW,,5000000000,5000000000,48,A1,A1,,,신세계건설,외부 신용보강,금융기관,신한은행
69809,에스프로젝트뉴월드제이차,KRZF0051HHG1,에스프로젝트뉴월드제이차 20260129-90-17,N,20260129,20260429,대출채권,KRW,,5000000000,5000000000,48,A1,A1,,,신세계건설,외부 신용보강,금융기관,신한은행
69809,에스프로젝트뉴월드제이차,KRZF0051HJG1,에스프로젝트뉴월드제이차 20260129-90-18,N,20260129,20260429,대출채권,KRW,,5000000000,5000000000,48,A1,A1,,,신세계건설,외부 신용보강,금융기관,신한은행
69809,에스프로젝트뉴월드제이차,KRZF0051HKG1,에스프로젝트뉴월드제이차 20260129-90-19,N,20260129,20260429,대출채권,KRW,,5000000000,5000000000,48,A1,A1,,,신세계건설,외부 신용보강,금융기관,신한은행
69809,에스프로젝트뉴월드제이차,KRZF0051H2G1,에스프로젝트뉴월드제이차 20260129-90-2,N,20260129,20260429,대출채권,KRW,,5000000000,5000000000,48,A1,A1,,,신세계건설,외부 신용보강,금융기관,신한은행
69809,에스프로젝트뉴월드제이차,KRZF0051HLG1,에스프로젝트뉴월드제이차 20260129-90-20,N,20260129,20260429,대출채권,KRW,,5000000000,5000000000,48,A1,A1,,,신세계건설,외부 신용보강,금융기관,신한은행
69809,에스프로젝트뉴월드제이차,KRZF0051HMG1,에스프로젝트뉴월드제이차 20260129-90-21,N,20260129,20260429,대출채권,KRW,,5000000000,5000000000,48,A1,A1,,,신세계건설,외부 신용보강,금융기관,신한은행
69809,에스프로젝트뉴월드제이차,KRZF0051HNG1,에스프로젝트뉴월드제이차 20260129-90-22,N,20260129,20260429,대출채권,KRW,,5000000000,5000000000,48,A1,A1,,,신세계건설,외부 신용보강,금융기관,신한은행
69809,에스프로젝트뉴월드제이차,KRZF0051HPG1,에스프로젝트뉴월드제이차 20260129-90-23,N,20260129,20260429,대출채권,KRW,,5000000000,5000000000,48,A1,A1,,,신세계건설,외부 신용보강,금융기관,신한은행
69809,에스프로젝트뉴월드제이차,KRZF0051HQG1,에스프로젝트뉴월드제이차 20260129-90-24,N,20260129,20260429,대출채권,KRW,,5000000000,5000000000,48,A1,A1,,,신세계건설,외부 신용보강,금융기관,신한은행
69809,에스프로젝트뉴월드제이차,KRZF0051HRG1,에스프로젝트뉴월드제이차 20260129-90-25,N,20260129,20260429,대출채권,KRW,,5000000000,5000000000,48,A1,A1,,,신세계건설,외부 신용보강,금융기관,신한은행
69809,에스프로젝트뉴월드제이차,KRZF0051HSG1,에스프로젝트뉴월드제이차 20260129-90-26,N,20260129,20260429,대출채권,KRW,,5000000000,5000000000,48,A1,A1,,,신세계건설,외부 신용보강,금융기관,신한은행
69809,에스프로젝트뉴월드제이차,KRZF0051HTG1,에스프로젝트뉴월드제이차 20260129-90-27,N,20260129,20260429,대출채권,KRW,,20000000000,20000000000,48,A1,A1,,,신세계건설,외부 신용보강,금융기관,신한은행
69809,에스프로젝트뉴월드제이차,KRZF0051HVG1,에스프로젝트뉴월드제이차 20260129-90-28,N,20260129,20260429,대출채권,KRW,,10000000000,10000000000,48,A1,A1,,,신세계건설,외부 신용보강,금융기관,신한은행
69809,에스프로젝트뉴월드제이차,KRZF0051HWG1,에스프로젝트뉴월드제이차 20260129-90-29,N,20260129,20260429,대출채권,KRW,,10000000000,10000000000,48,A1,A1,,,신세계건설,외부 신용보강,금융기관,신한은행
69809,에스프로젝트뉴월드제이차,KRZF0051H3G1,에스프로젝트뉴월드제이차 20260129-90-3,N,20260129,20260429,대출채권,KRW,,5000000000,5000000000,48,A1,A1,,,신세계건설,외부 신용보강,금융기관,신한은행
69809,에스프로젝트뉴월드제이차,KRZF0051HXG1,에스프로젝트뉴월드제이차 20260129-90-30,N,20260129,20260429,대출채권,KRW,,5000000000,5000000000,48,A1,A1,,,신세계건설,외부 신용보강,금융기관,신한은행
69809,에스프로젝트뉴월드제이차,KRZF0051HYG1,에스프로젝트뉴월드제이차 20260129-90-31,N,20260129,20260429,대출채권,KRW,,5000000000,5000000000,48,A1,A1,,,신세계건설,외부 신용보강,금융기관,신한은행
69809,에스프로젝트뉴월드제이차,KRZF0051HZG1,에스프로젝트뉴월드제이차 20260129-90-32,N,20260129,20260429,대출채권,KRW,,5000000000,5000000000,48,A1,A1,,,신세계건설,외부 신용보강,금융기관,신한은행
69809,에스프로젝트뉴월드제이차,KRZF0051H0GD,에스프로젝트뉴월드제이차 20260129-90-33,N,20260129,20260429,대출채권,KRW,,4000000000,4000000000,48,A1,A1,,,신세계건설,외부 신용보강,금융기관,신한은행
69809,에스프로젝트뉴월드제이차,KRZF0051H1GD,에스프로젝트뉴월드제이차 20260129-90-34,N,20260129,20260429,대출채권,KRW,,3000000000,3000000000,48,A1,A1,,,신세계건설,외부 신용보강,금융기관,신한은행
69809,에스프로젝트뉴월드제이차,KRZF0051H2GD,에스프로젝트뉴월드제이차 20260129-90-35,N,20260129,20260429,대출채권,KRW,,2000000000,2000000000,48,A1,A1,,,신세계건설,외부 신용보강,금융기관,신한은행
69809,에스프로젝트뉴월드제이차,KRZF0051H3GD,에스프로젝트뉴월드제이차 20260129-90-36,N,20260129,20260429,대출채권,KRW,,1000000000,1000000000,48,A1,A1,,,신세계건설,외부 신용보강,금융기관,신한은행
69809,에스프로젝트뉴월드제이차,KRZF0051H4GD,에스프로젝트뉴월드제이차 20260129-90-37,N,20260129,20260429,대출채권,KRW,,1000000000,1000000000,48,A1,A1,,,신세계건설,외부 신용보강,금융기관,신한은행
69809,에스프로젝트뉴월드제이차,KRZF0051H5GD,에스프로젝트뉴월드제이차 20260129-90-38,N,20260129,20260429,대출채권,KRW,,1000000000,1000000000,48,A1,A1,,,신세계건설,외부 신용보강,금융기관,신한은행
69809,에스프로젝트뉴월드제이차,KRZF0051H6GD,에스프로젝트뉴월드제이차 20260129-90-39,N,20260129,20260429,대출채권,KRW,,1000000000,1000000000,48,A1,A1,,,신세계건설,외부 신용보강,금융기관,신한은행
69809,에스프로젝트뉴월드제이차,KRZF0051H4G1,에스프로젝트뉴월드제이차 20260129-90-4,N,20260129,20260429,대출채권,KRW,,5000000000,5000000000,48,A1,A1,,,신세계건설,외부 신용보강,금융기관,신한은행
69809,에스프로젝트뉴월드제이차,KRZF0051H7GD,에스프로젝트뉴월드제이차 20260129-90-40,N,20260129,20260429,대출채권,KRW,,500000000,500000000,48,A1,A1,,,신세계건설,외부 신용보강,금융기관,신한은행
69809,에스프로젝트뉴월드제이차,KRZF0051H8GD,에스프로젝트뉴월드제이차 20260129-90-41,N,20260129,20260429,대출채권,KRW,,500000000,500000000,48,A1,A1,,,신세계건설,외부 신용보강,금융기관,신한은행
69809,에스프로젝트뉴월드제이차,KRZF0051H9GD,에스프로젝트뉴월드제이차 20260129-90-42,N,20260129,20260429,대출채권,KRW,,200000000,200000000,48,A1,A1,,,신세계건설,외부 신용보강,금융기관,신한은행
69809,에스프로젝트뉴월드제이차,KRZF0051HAGD,에스프로젝트뉴월드제이차 20260129-90-43,N,20260129,20260429,대출채권,KRW,,200000000,200000000,48,A1,A1,,,신세계건설,외부 신용보강,금융기관,신한은행
69809,에스프로젝트뉴월드제이차,KRZF0051HBGD,에스프로젝트뉴월드제이차 20260129-90-44,N,20260129,20260429,대출채권,KRW,,200000000,200000000,48,A1,A1,,,신세계건설,외부 신용보강,금융기관,신한은행
69809,에스프로젝트뉴월드제이차,KRZF0051HCGD,에스프로젝트뉴월드제이차 20260129-90-45,N,20260129,20260429,대출채권,KRW,,200000000,200000000,48,A1,A1,,,신세계건설,외부 신용보강,금융기관,신한은행
69809,에스프로젝트뉴월드제이차,KRZF0051HDGD,에스프로젝트뉴월드제이차 20260129-90-46,N,20260129,20260429,대출채권,KRW,,200000000,200000000,48,A1,A1,,,신세계건설,외부 신용보강,금융기관,신한은행
69809,에스프로젝트뉴월드제이차,KRZF0051H5G1,에스프로젝트뉴월드제이차 20260129-90-5,N,20260129,20260429,대출채권,KRW,,5000000000,5000000000,48,A1,A1,,,신세계건설,외부 신용보강,금융기관,신한은행
69809,에스프로젝트뉴월드제이차,KRZF0051H6G1,에스프로젝트뉴월드제이차 20260129-90-6,N,20260129,20260429,대출채권,KRW,,5000000000,5000000000,48,A1,A1,,,신세계건설,외부 신용보강,금융기관,신한은행
69809,에스프로젝트뉴월드제이차,KRZF0051H7G1,에스프로젝트뉴월드제이차 20260129-90-7,N,20260129,20260429,대출채권,KRW,,5000000000,5000000000,48,A1,A1,,,신세계건설,외부 신용보강,금융기관,신한은행
69809,에스프로젝트뉴월드제이차,KRZF0051H8G1,에스프로젝트뉴월드제이차 20260129-90-8,N,20260129,20260429,대출채권,KRW,,5000000000,5000000000,48,A1,A1,,,신세계건설,외부 신용보강,금융기관,신한은행
69809,에스프로젝트뉴월드제이차,KRZF0051H9G1,에스프로젝트뉴월드제이차 20260129-90-9,N,20260129,20260429,대출채권,KRW,,5000000000,5000000000,48,A1,A1,,,신세계건설,외부 신용보강,금융기관,신한은행
71535,에이치쓰리제일차,KRZF0098C1G1,에이치쓰리제일차 20260129-181-1,Y,20260129,20260729,PF대출채권,KRW,,5000000000,5000000000,139,A1,A1,,,인천검단스카이파크컨소시엄(주),외부 신용보강,금융기관,메리츠증권
71535,에이치쓰리제일차,KRZF0098CAG1,에이치쓰리제일차 20260129-181-10,Y,20260129,20260729,PF대출채권,KRW,,100000000,100000000,139,A1,A1,,,인천검단스카이파크컨소시엄(주),외부 신용보강,금융기관,메리츠증권
71535,에이치쓰리제일차,KRZF0098C2G1,에이치쓰리제일차 20260129-181-2,Y,20260129,20260729,PF대출채권,KRW,,5000000000,5000000000,139,A1,A1,,,인천검단스카이파크컨소시엄(주),외부 신용보강,금융기관,메리츠증권
71535,에이치쓰리제일차,KRZF0098C3G1,에이치쓰리제일차 20260129-181-3,Y,20260129,20260729,PF대출채권,KRW,,5000000000,5000000000,139,A1,A1,,,인천검단스카이파크컨소시엄(주),외부 신용보강,금융기관,메리츠증권
71535,에이치쓰리제일차,KRZF0098C4G1,에이치쓰리제일차 20260129-181-4,Y,20260129,20260729,PF대출채권,KRW,,5000000000,5000000000,139,A1,A1,,,인천검단스카이파크컨소시엄(주),외부 신용보강,금융기관,메리츠증권
71535,에이치쓰리제일차,KRZF0098C5G1,에이치쓰리제일차 20260129-181-5,Y,20260129,20260729,PF대출채권,KRW,,5000000000,5000000000,139,A1,A1,,,인천검단스카이파크컨소시엄(주),외부 신용보강,금융기관,메리츠증권
71535,에이치쓰리제일차,KRZF0098C6G1,에이치쓰리제일차 20260129-181-6,Y,20260129,20260729,PF대출채권,KRW,,5000000000,5000000000,139,A1,A1,,,인천검단스카이파크컨소시엄(주),외부 신용보강,금융기관,메리츠증권
71535,에이치쓰리제일차,KRZF0098C7G1,에이치쓰리제일차 20260129-181-7,Y,20260129,20260729,PF대출채권,KRW,,5000000000,5000000000,139,A1,A1,,,인천검단스카이파크컨소시엄(주),외부 신용보강,금융기관,메리츠증권
71535,에이치쓰리제일차,KRZF0098C8G1,에이치쓰리제일차 20260129-181-8,Y,20260129,20260729,PF대출채권,KRW,,5000000000,5000000000,139,A1,A1,,,인천검단스카이파크컨소시엄(주),외부 신용보강,금융기관,메리츠증권
71535,에이치쓰리제일차,KRZF0098C9G1,에이치쓰리제일차 20260129-181-9,Y,20260129,20260729,PF대출채권,KRW,,500000000,500000000,139,A1,A1,,,인천검단스카이파크컨소시엄(주),외부 신용보강,금융기관,메리츠증권
69808,에이치씨원큐제삼차,KRZF0050G1G1,에이치씨원큐제삼차 20260129-90-1,N,20260129,20260429,대출채권,KRW,,5000000000,5000000000,48,A1,,A1,,에이치디현대케미칼(주),외부 신용보강,금융기관,하나은행
69808,에이치씨원큐제삼차,KRZF0050G1G1,에이치씨원큐제삼차 20260129-90-1,N,20260129,20260429,대출채권,KRW,,5000000000,5000000000,48,A1,,A1,,에이치디현대케미칼(주),차환발행위험(유동성 공여형 매입약정),금융기관,하나은행
69808,에이치씨원큐제삼차,KRZF0050G2G1,에이치씨원큐제삼차 20260129-90-2,N,20260129,20260429,대출채권,KRW,,5000000000,5000000000,48,A1,,A1,,에이치디현대케미칼(주),외부 신용보강,금융기관,하나은행
69808,에이치씨원큐제삼차,KRZF0050G2G1,에이치씨원큐제삼차 20260129-90-2,N,20260129,20260429,대출채권,KRW,,5000000000,5000000000,48,A1,,A1,,에이치디현대케미칼(주),차환발행위험(유동성 공여형 매입약정),금융기관,하나은행
51710,엘이피제사차,KRZF383691G1,엘이피제사차 20260129-90-1,N,20260129,20260429,수익증권,KRW,,5000000000,5000000000,48,A1,A1,,,케이비자산운용,차환발행위험(유동성 공여형 매입약정),금융기관,신한은행
51710,엘이피제사차,KRZF383691G1,엘이피제사차 20260129-90-1,N,20260129,20260429,수익증권,KRW,,5000000000,5000000000,48,A1,A1,,,케이비자산운용,금리변동/환율변동,금융기관,신한은행
51710,엘이피제사차,KRZF383691G1,엘이피제사차 20260129-90-1,N,20260129,20260429,수익증권,KRW,,5000000000,5000000000,48,A1,A1,,,케이비자산운용,차환발행위험(유동성 공여형 매입약정),금융기관,우리은행
51710,엘이피제사차,KRZF383691G1,엘이피제사차 20260129-90-1,N,20260129,20260429,수익증권,KRW,,5000000000,5000000000,48,A1,A1,,,케이비자산운용,금리변동/환율변동,금융기관,우리은행
51710,엘이피제사차,KRZF38369AG1,엘이피제사차 20260129-90-10,N,20260129,20260429,수익증권,KRW,,1000000000,1000000000,48,A1,A1,,,케이비자산운용,차환발행위험(유동성 공여형 매입약정),금융기관,신한은행
51710,엘이피제사차,KRZF38369AG1,엘이피제사차 20260129-90-10,N,20260129,20260429,수익증권,KRW,,1000000000,1000000000,48,A1,A1,,,케이비자산운용,금리변동/환율변동,금융기관,신한은행
51710,엘이피제사차,KRZF38369AG1,엘이피제사차 20260129-90-10,N,20260129,20260429,수익증권,KRW,,1000000000,1000000000,48,A1,A1,,,케이비자산운용,차환발행위험(유동성 공여형 매입약정),금융기관,우리은행
51710,엘이피제사차,KRZF38369AG1,엘이피제사차 20260129-90-10,N,20260129,20260429,수익증권,KRW,,1000000000,1000000000,48,A1,A1,,,케이비자산운용,금리변동/환율변동,금융기관,우리은행
51710,엘이피제사차,KRZF38369BG1,엘이피제사차 20260129-90-11,N,20260129,20260429,수익증권,KRW,,500000000,500000000,48,A1,A1,,,케이비자산운용,차환발행위험(유동성 공여형 매입약정),금융기관,신한은행
51710,엘이피제사차,KRZF38369BG1,엘이피제사차 20260129-90-11,N,20260129,20260429,수익증권,KRW,,500000000,500000000,48,A1,A1,,,케이비자산운용,금리변동/환율변동,금융기관,신한은행
51710,엘이피제사차,KRZF38369BG1,엘이피제사차 20260129-90-11,N,20260129,20260429,수익증권,KRW,,500000000,500000000,48,A1,A1,,,케이비자산운용,차환발행위험(유동성 공여형 매입약정),금융기관,우리은행
51710,엘이피제사차,KRZF38369BG1,엘이피제사차 20260129-90-11,N,20260129,20260429,수익증권,KRW,,500000000,500000000,48,A1,A1,,,케이비자산운용,금리변동/환율변동,금융기관,우리은행
51710,엘이피제사차,KRZF38369CG1,엘이피제사차 20260129-90-12,N,20260129,20260429,수익증권,KRW,,500000000,500000000,48,A1,A1,,,케이비자산운용,차환발행위험(유동성 공여형 매입약정),금융기관,신한은행
51710,엘이피제사차,KRZF38369CG1,엘이피제사차 20260129-90-12,N,20260129,20260429,수익증권,KRW,,500000000,500000000,48,A1,A1,,,케이비자산운용,금리변동/환율변동,금융기관,신한은행
51710,엘이피제사차,KRZF38369CG1,엘이피제사차 20260129-90-12,N,20260129,20260429,수익증권,KRW,,500000000,500000000,48,A1,A1,,,케이비자산운용,차환발행위험(유동성 공여형 매입약정),금융기관,우리은행
51710,엘이피제사차,KRZF38369CG1,엘이피제사차 20260129-90-12,N,20260129,20260429,수익증권,KRW,,500000000,500000000,48,A1,A1,,,케이비자산운용,금리변동/환율변동,금융기관,우리은행
51710,엘이피제사차,KRZF38369DG1,엘이피제사차 20260129-90-13,N,20260129,20260429,수익증권,KRW,,500000000,500000000,48,A1,A1,,,케이비자산운용,차환발행위험(유동성 공여형 매입약정),금융기관,신한은행
51710,엘이피제사차,KRZF38369DG1,엘이피제사차 20260129-90-13,N,20260129,20260429,수익증권,KRW,,500000000,500000000,48,A1,A1,,,케이비자산운용,금리변동/환율변동,금융기관,신한은행
51710,엘이피제사차,KRZF38369DG1,엘이피제사차 20260129-90-13,N,20260129,20260429,수익증권,KRW,,500000000,500000000,48,A1,A1,,,케이비자산운용,차환발행위험(유동성 공여형 매입약정),금융기관,우리은행
51710,엘이피제사차,KRZF38369DG1,엘이피제사차 20260129-90-13,N,20260129,20260429,수익증권,KRW,,500000000,500000000,48,A1,A1,,,케이비자산운용,금리변동/환율변동,금융기관,우리은행
51710,엘이피제사차,KRZF38369EG1,엘이피제사차 20260129-90-14,N,20260129,20260429,수익증권,KRW,,100000000,100000000,48,A1,A1,,,케이비자산운용,차환발행위험(유동성 공여형 매입약정),금융기관,신한은행
51710,엘이피제사차,KRZF38369EG1,엘이피제사차 20260129-90-14,N,20260129,20260429,수익증권,KRW,,100000000,100000000,48,A1,A1,,,케이비자산운용,금리변동/환율변동,금융기관,신한은행
51710,엘이피제사차,KRZF38369EG1,엘이피제사차 20260129-90-14,N,20260129,20260429,수익증권,KRW,,100000000,100000000,48,A1,A1,,,케이비자산운용,차환발행위험(유동성 공여형 매입약정),금융기관,우리은행
51710,엘이피제사차,KRZF38369EG1,엘이피제사차 20260129-90-14,N,20260129,20260429,수익증권,KRW,,100000000,100000000,48,A1,A1,,,케이비자산운용,금리변동/환율변동,금융기관,우리은행
51710,엘이피제사차,KRZF38369FG1,엘이피제사차 20260129-90-15,N,20260129,20260429,수익증권,KRW,,100000000,100000000,48,A1,A1,,,케이비자산운용,차환발행위험(유동성 공여형 매입약정),금융기관,신한은행
51710,엘이피제사차,KRZF38369FG1,엘이피제사차 20260129-90-15,N,20260129,20260429,수익증권,KRW,,100000000,100000000,48,A1,A1,,,케이비자산운용,금리변동/환율변동,금융기관,신한은행
51710,엘이피제사차,KRZF38369FG1,엘이피제사차 20260129-90-15,N,20260129,20260429,수익증권,KRW,,100000000,100000000,48,A1,A1,,,케이비자산운용,차환발행위험(유동성 공여형 매입약정),금융기관,우리은행
51710,엘이피제사차,KRZF38369FG1,엘이피제사차 20260129-90-15,N,20260129,20260429,수익증권,KRW,,100000000,100000000,48,A1,A1,,,케이비자산운용,금리변동/환율변동,금융기관,우리은행
51710,엘이피제사차,KRZF38369GG1,엘이피제사차 20260129-90-16,N,20260129,20260429,수익증권,KRW,,100000000,100000000,48,A1,A1,,,케이비자산운용,차환발행위험(유동성 공여형 매입약정),금융기관,신한은행
51710,엘이피제사차,KRZF38369GG1,엘이피제사차 20260129-90-16,N,20260129,20260429,수익증권,KRW,,100000000,100000000,48,A1,A1,,,케이비자산운용,금리변동/환율변동,금융기관,신한은행
51710,엘이피제사차,KRZF38369GG1,엘이피제사차 20260129-90-16,N,20260129,20260429,수익증권,KRW,,100000000,100000000,48,A1,A1,,,케이비자산운용,차환발행위험(유동성 공여형 매입약정),금융기관,우리은행
51710,엘이피제사차,KRZF38369GG1,엘이피제사차 20260129-90-16,N,20260129,20260429,수익증권,KRW,,100000000,100000000,48,A1,A1,,,케이비자산운용,금리변동/환율변동,금융기관,우리은행
51710,엘이피제사차,KRZF38369HG1,엘이피제사차 20260129-90-17,N,20260129,20260429,수익증권,KRW,,100000000,100000000,48,A1,A1,,,케이비자산운용,차환발행위험(유동성 공여형 매입약정),금융기관,신한은행
51710,엘이피제사차,KRZF38369HG1,엘이피제사차 20260129-90-17,N,20260129,20260429,수익증권,KRW,,100000000,100000000,48,A1,A1,,,케이비자산운용,금리변동/환율변동,금융기관,신한은행
51710,엘이피제사차,KRZF38369HG1,엘이피제사차 20260129-90-17,N,20260129,20260429,수익증권,KRW,,100000000,100000000,48,A1,A1,,,케이비자산운용,차환발행위험(유동성 공여형 매입약정),금융기관,우리은행
51710,엘이피제사차,KRZF38369HG1,엘이피제사차 20260129-90-17,N,20260129,20260429,수익증권,KRW,,100000000,100000000,48,A1,A1,,,케이비자산운용,금리변동/환율변동,금융기관,우리은행
51710,엘이피제사차,KRZF38369JG1,엘이피제사차 20260129-90-18,N,20260129,20260429,수익증권,KRW,,100000000,100000000,48,A1,A1,,,케이비자산운용,차환발행위험(유동성 공여형 매입약정),금융기관,신한은행
51710,엘이피제사차,KRZF38369JG1,엘이피제사차 20260129-90-18,N,20260129,20260429,수익증권,KRW,,100000000,100000000,48,A1,A1,,,케이비자산운용,금리변동/환율변동,금융기관,신한은행
51710,엘이피제사차,KRZF38369JG1,엘이피제사차 20260129-90-18,N,20260129,20260429,수익증권,KRW,,100000000,100000000,48,A1,A1,,,케이비자산운용,차환발행위험(유동성 공여형 매입약정),금융기관,우리은행
51710,엘이피제사차,KRZF38369JG1,엘이피제사차 20260129-90-18,N,20260129,20260429,수익증권,KRW,,100000000,100000000,48,A1,A1,,,케이비자산운용,금리변동/환율변동,금융기관,우리은행
51710,엘이피제사차,KRZF38369KG1,엘이피제사차 20260129-90-19,N,20260129,20260429,수익증권,KRW,,5000000000,5000000000,48,A1,A1,,,케이비자산운용,차환발행위험(유동성 공여형 매입약정),금융기관,신한은행
51710,엘이피제사차,KRZF38369KG1,엘이피제사차 20260129-90-19,N,20260129,20260429,수익증권,KRW,,5000000000,5000000000,48,A1,A1,,,케이비자산운용,금리변동/환율변동,금융기관,신한은행
51710,엘이피제사차,KRZF38369KG1,엘이피제사차 20260129-90-19,N,20260129,20260429,수익증권,KRW,,5000000000,5000000000,48,A1,A1,,,케이비자산운용,차환발행위험(유동성 공여형 매입약정),금융기관,우리은행
51710,엘이피제사차,KRZF38369KG1,엘이피제사차 20260129-90-19,N,20260129,20260429,수익증권,KRW,,5000000000,5000000000,48,A1,A1,,,케이비자산운용,금리변동/환율변동,금융기관,우리은행
51710,엘이피제사차,KRZF383692G1,엘이피제사차 20260129-90-2,N,20260129,20260429,수익증권,KRW,,5000000000,5000000000,48,A1,A1,,,케이비자산운용,차환발행위험(유동성 공여형 매입약정),금융기관,신한은행
51710,엘이피제사차,KRZF383692G1,엘이피제사차 20260129-90-2,N,20260129,20260429,수익증권,KRW,,5000000000,5000000000,48,A1,A1,,,케이비자산운용,금리변동/환율변동,금융기관,신한은행
51710,엘이피제사차,KRZF383692G1,엘이피제사차 20260129-90-2,N,20260129,20260429,수익증권,KRW,,5000000000,5000000000,48,A1,A1,,,케이비자산운용,차환발행위험(유동성 공여형 매입약정),금융기관,우리은행
51710,엘이피제사차,KRZF383692G1,엘이피제사차 20260129-90-2,N,20260129,20260429,수익증권,KRW,,5000000000,5000000000,48,A1,A1,,,케이비자산운용,금리변동/환율변동,금융기관,우리은행
51710,엘이피제사차,KRZF38369LG1,엘이피제사차 20260129-90-20,N,20260129,20260429,수익증권,KRW,,5000000000,5000000000,48,A1,A1,,,케이비자산운용,차환발행위험(유동성 공여형 매입약정),금융기관,신한은행
51710,엘이피제사차,KRZF38369LG1,엘이피제사차 20260129-90-20,N,20260129,20260429,수익증권,KRW,,5000000000,5000000000,48,A1,A1,,,케이비자산운용,금리변동/환율변동,금융기관,신한은행
51710,엘이피제사차,KRZF38369LG1,엘이피제사차 20260129-90-20,N,20260129,20260429,수익증권,KRW,,5000000000,5000000000,48,A1,A1,,,케이비자산운용,차환발행위험(유동성 공여형 매입약정),금융기관,우리은행
51710,엘이피제사차,KRZF38369LG1,엘이피제사차 20260129-90-20,N,20260129,20260429,수익증권,KRW,,5000000000,5000000000,48,A1,A1,,,케이비자산운용,금리변동/환율변동,금융기관,우리은행
51710,엘이피제사차,KRZF38369MG1,엘이피제사차 20260129-90-21,N,20260129,20260429,수익증권,KRW,,5000000000,5000000000,48,A1,A1,,,케이비자산운용,차환발행위험(유동성 공여형 매입약정),금융기관,신한은행
51710,엘이피제사차,KRZF38369MG1,엘이피제사차 20260129-90-21,N,20260129,20260429,수익증권,KRW,,5000000000,5000000000,48,A1,A1,,,케이비자산운용,금리변동/환율변동,금융기관,신한은행
51710,엘이피제사차,KRZF38369MG1,엘이피제사차 20260129-90-21,N,20260129,20260429,수익증권,KRW,,5000000000,5000000000,48,A1,A1,,,케이비자산운용,차환발행위험(유동성 공여형 매입약정),금융기관,우리은행
51710,엘이피제사차,KRZF38369MG1,엘이피제사차 20260129-90-21,N,20260129,20260429,수익증권,KRW,,5000000000,5000000000,48,A1,A1,,,케이비자산운용,금리변동/환율변동,금융기관,우리은행
51710,엘이피제사차,KRZF38369NG1,엘이피제사차 20260129-90-22,N,20260129,20260429,수익증권,KRW,,5000000000,5000000000,48,A1,A1,,,케이비자산운용,차환발행위험(유동성 공여형 매입약정),금융기관,신한은행
51710,엘이피제사차,KRZF38369NG1,엘이피제사차 20260129-90-22,N,20260129,20260429,수익증권,KRW,,5000000000,5000000000,48,A1,A1,,,케이비자산운용,금리변동/환율변동,금융기관,신한은행
51710,엘이피제사차,KRZF38369NG1,엘이피제사차 20260129-90-22,N,20260129,20260429,수익증권,KRW,,5000000000,5000000000,48,A1,A1,,,케이비자산운용,차환발행위험(유동성 공여형 매입약정),금융기관,우리은행
51710,엘이피제사차,KRZF38369NG1,엘이피제사차 20260129-90-22,N,20260129,20260429,수익증권,KRW,,5000000000,5000000000,48,A1,A1,,,케이비자산운용,금리변동/환율변동,금융기관,우리은행
51710,엘이피제사차,KRZF38369PG1,엘이피제사차 20260129-90-23,N,20260129,20260429,수익증권,KRW,,5000000000,5000000000,48,A1,A1,,,케이비자산운용,차환발행위험(유동성 공여형 매입약정),금융기관,신한은행
51710,엘이피제사차,KRZF38369PG1,엘이피제사차 20260129-90-23,N,20260129,20260429,수익증권,KRW,,5000000000,5000000000,48,A1,A1,,,케이비자산운용,금리변동/환율변동,금융기관,신한은행
51710,엘이피제사차,KRZF38369PG1,엘이피제사차 20260129-90-23,N,20260129,20260429,수익증권,KRW,,5000000000,5000000000,48,A1,A1,,,케이비자산운용,차환발행위험(유동성 공여형 매입약정),금융기관,우리은행
51710,엘이피제사차,KRZF38369PG1,엘이피제사차 20260129-90-23,N,20260129,20260429,수익증권,KRW,,5000000000,5000000000,48,A1,A1,,,케이비자산운용,금리변동/환율변동,금융기관,우리은행
51710,엘이피제사차,KRZF38369QG1,엘이피제사차 20260129-90-24,N,20260129,20260429,수익증권,KRW,,5000000000,5000000000,48,A1,A1,,,케이비자산운용,차환발행위험(유동성 공여형 매입약정),금융기관,신한은행
51710,엘이피제사차,KRZF38369QG1,엘이피제사차 20260129-90-24,N,20260129,20260429,수익증권,KRW,,5000000000,5000000000,48,A1,A1,,,케이비자산운용,금리변동/환율변동,금융기관,신한은행
51710,엘이피제사차,KRZF38369QG1,엘이피제사차 20260129-90-24,N,20260129,20260429,수익증권,KRW,,5000000000,5000000000,48,A1,A1,,,케이비자산운용,차환발행위험(유동성 공여형 매입약정),금융기관,우리은행
51710,엘이피제사차,KRZF38369QG1,엘이피제사차 20260129-90-24,N,20260129,20260429,수익증권,KRW,,5000000000,5000000000,48,A1,A1,,,케이비자산운용,금리변동/환율변동,금융기관,우리은행
51710,엘이피제사차,KRZF38369RG1,엘이피제사차 20260129-90-25,N,20260129,20260429,수익증권,KRW,,5000000000,5000000000,48,A1,A1,,,케이비자산운용,차환발행위험(유동성 공여형 매입약정),금융기관,신한은행
51710,엘이피제사차,KRZF38369RG1,엘이피제사차 20260129-90-25,N,20260129,20260429,수익증권,KRW,,5000000000,5000000000,48,A1,A1,,,케이비자산운용,금리변동/환율변동,금융기관,신한은행
51710,엘이피제사차,KRZF38369RG1,엘이피제사차 20260129-90-25,N,20260129,20260429,수익증권,KRW,,5000000000,5000000000,48,A1,A1,,,케이비자산운용,차환발행위험(유동성 공여형 매입약정),금융기관,우리은행
51710,엘이피제사차,KRZF38369RG1,엘이피제사차 20260129-90-25,N,20260129,20260429,수익증권,KRW,,5000000000,5000000000,48,A1,A1,,,케이비자산운용,금리변동/환율변동,금융기관,우리은행
51710,엘이피제사차,KRZF38369SG1,엘이피제사차 20260129-90-26,N,20260129,20260429,수익증권,KRW,,5000000000,5000000000,48,A1,A1,,,케이비자산운용,차환발행위험(유동성 공여형 매입약정),금융기관,신한은행
51710,엘이피제사차,KRZF38369SG1,엘이피제사차 20260129-90-26,N,20260129,20260429,수익증권,KRW,,5000000000,5000000000,48,A1,A1,,,케이비자산운용,금리변동/환율변동,금융기관,신한은행
51710,엘이피제사차,KRZF38369SG1,엘이피제사차 20260129-90-26,N,20260129,20260429,수익증권,KRW,,5000000000,5000000000,48,A1,A1,,,케이비자산운용,차환발행위험(유동성 공여형 매입약정),금융기관,우리은행
51710,엘이피제사차,KRZF38369SG1,엘이피제사차 20260129-90-26,N,20260129,20260429,수익증권,KRW,,5000000000,5000000000,48,A1,A1,,,케이비자산운용,금리변동/환율변동,금융기관,우리은행
51710,엘이피제사차,KRZF38369TG1,엘이피제사차 20260129-90-27,N,20260129,20260429,수익증권,KRW,,1000000000,1000000000,48,A1,A1,,,케이비자산운용,차환발행위험(유동성 공여형 매입약정),금융기관,신한은행
51710,엘이피제사차,KRZF38369TG1,엘이피제사차 20260129-90-27,N,20260129,20260429,수익증권,KRW,,1000000000,1000000000,48,A1,A1,,,케이비자산운용,금리변동/환율변동,금융기관,신한은행
51710,엘이피제사차,KRZF38369TG1,엘이피제사차 20260129-90-27,N,20260129,20260429,수익증권,KRW,,1000000000,1000000000,48,A1,A1,,,케이비자산운용,차환발행위험(유동성 공여형 매입약정),금융기관,우리은행
51710,엘이피제사차,KRZF38369TG1,엘이피제사차 20260129-90-27,N,20260129,20260429,수익증권,KRW,,1000000000,1000000000,48,A1,A1,,,케이비자산운용,금리변동/환율변동,금융기관,우리은행
51710,엘이피제사차,KRZF383693G1,엘이피제사차 20260129-90-3,N,20260129,20260429,수익증권,KRW,,8000000000,8000000000,48,A1,A1,,,케이비자산운용,차환발행위험(유동성 공여형 매입약정),금융기관,신한은행
51710,엘이피제사차,KRZF383693G1,엘이피제사차 20260129-90-3,N,20260129,20260429,수익증권,KRW,,8000000000,8000000000,48,A1,A1,,,케이비자산운용,금리변동/환율변동,금융기관,신한은행
51710,엘이피제사차,KRZF383693G1,엘이피제사차 20260129-90-3,N,20260129,20260429,수익증권,KRW,,8000000000,8000000000,48,A1,A1,,,케이비자산운용,차환발행위험(유동성 공여형 매입약정),금융기관,우리은행
51710,엘이피제사차,KRZF383693G1,엘이피제사차 20260129-90-3,N,20260129,20260429,수익증권,KRW,,8000000000,8000000000,48,A1,A1,,,케이비자산운용,금리변동/환율변동,금융기관,우리은행
51710,엘이피제사차,KRZF383694G1,엘이피제사차 20260129-90-4,N,20260129,20260429,수익증권,KRW,,4000000000,4000000000,48,A1,A1,,,케이비자산운용,차환발행위험(유동성 공여형 매입약정),금융기관,신한은행
51710,엘이피제사차,KRZF383694G1,엘이피제사차 20260129-90-4,N,20260129,20260429,수익증권,KRW,,4000000000,4000000000,48,A1,A1,,,케이비자산운용,금리변동/환율변동,금융기관,신한은행
51710,엘이피제사차,KRZF383694G1,엘이피제사차 20260129-90-4,N,20260129,20260429,수익증권,KRW,,4000000000,4000000000,48,A1,A1,,,케이비자산운용,차환발행위험(유동성 공여형 매입약정),금융기관,우리은행
51710,엘이피제사차,KRZF383694G1,엘이피제사차 20260129-90-4,N,20260129,20260429,수익증권,KRW,,4000000000,4000000000,48,A1,A1,,,케이비자산운용,금리변동/환율변동,금융기관,우리은행
51710,엘이피제사차,KRZF383695G1,엘이피제사차 20260129-90-5,N,20260129,20260429,수익증권,KRW,,3000000000,3000000000,48,A1,A1,,,케이비자산운용,차환발행위험(유동성 공여형 매입약정),금융기관,신한은행
51710,엘이피제사차,KRZF383695G1,엘이피제사차 20260129-90-5,N,20260129,20260429,수익증권,KRW,,3000000000,3000000000,48,A1,A1,,,케이비자산운용,금리변동/환율변동,금융기관,신한은행
51710,엘이피제사차,KRZF383695G1,엘이피제사차 20260129-90-5,N,20260129,20260429,수익증권,KRW,,3000000000,3000000000,48,A1,A1,,,케이비자산운용,차환발행위험(유동성 공여형 매입약정),금융기관,우리은행
51710,엘이피제사차,KRZF383695G1,엘이피제사차 20260129-90-5,N,20260129,20260429,수익증권,KRW,,3000000000,3000000000,48,A1,A1,,,케이비자산운용,금리변동/환율변동,금융기관,우리은행
51710,엘이피제사차,KRZF383696G1,엘이피제사차 20260129-90-6,N,20260129,20260429,수익증권,KRW,,1000000000,1000000000,48,A1,A1,,,케이비자산운용,차환발행위험(유동성 공여형 매입약정),금융기관,신한은행
51710,엘이피제사차,KRZF383696G1,엘이피제사차 20260129-90-6,N,20260129,20260429,수익증권,KRW,,1000000000,1000000000,48,A1,A1,,,케이비자산운용,금리변동/환율변동,금융기관,신한은행
51710,엘이피제사차,KRZF383696G1,엘이피제사차 20260129-90-6,N,20260129,20260429,수익증권,KRW,,1000000000,1000000000,48,A1,A1,,,케이비자산운용,차환발행위험(유동성 공여형 매입약정),금융기관,우리은행
51710,엘이피제사차,KRZF383696G1,엘이피제사차 20260129-90-6,N,20260129,20260429,수익증권,KRW,,1000000000,1000000000,48,A1,A1,,,케이비자산운용,금리변동/환율변동,금융기관,우리은행
51710,엘이피제사차,KRZF383697G1,엘이피제사차 20260129-90-7,N,20260129,20260429,수익증권,KRW,,1000000000,1000000000,48,A1,A1,,,케이비자산운용,차환발행위험(유동성 공여형 매입약정),금융기관,신한은행
51710,엘이피제사차,KRZF383697G1,엘이피제사차 20260129-90-7,N,20260129,20260429,수익증권,KRW,,1000000000,1000000000,48,A1,A1,,,케이비자산운용,금리변동/환율변동,금융기관,신한은행
51710,엘이피제사차,KRZF383697G1,엘이피제사차 20260129-90-7,N,20260129,20260429,수익증권,KRW,,1000000000,1000000000,48,A1,A1,,,케이비자산운용,차환발행위험(유동성 공여형 매입약정),금융기관,우리은행
51710,엘이피제사차,KRZF383697G1,엘이피제사차 20260129-90-7,N,20260129,20260429,수익증권,KRW,,1000000000,1000000000,48,A1,A1,,,케이비자산운용,금리변동/환율변동,금융기관,우리은행
51710,엘이피제사차,KRZF383698G1,엘이피제사차 20260129-90-8,N,20260129,20260429,수익증권,KRW,,1000000000,1000000000,48,A1,A1,,,케이비자산운용,차환발행위험(유동성 공여형 매입약정),금융기관,신한은행
51710,엘이피제사차,KRZF383698G1,엘이피제사차 20260129-90-8,N,20260129,20260429,수익증권,KRW,,1000000000,1000000000,48,A1,A1,,,케이비자산운용,금리변동/환율변동,금융기관,신한은행
51710,엘이피제사차,KRZF383698G1,엘이피제사차 20260129-90-8,N,20260129,20260429,수익증권,KRW,,1000000000,1000000000,48,A1,A1,,,케이비자산운용,차환발행위험(유동성 공여형 매입약정),금융기관,우리은행
51710,엘이피제사차,KRZF383698G1,엘이피제사차 20260129-90-8,N,20260129,20260429,수익증권,KRW,,1000000000,1000000000,48,A1,A1,,,케이비자산운용,금리변동/환율변동,금융기관,우리은행
51710,엘이피제사차,KRZF383699G1,엘이피제사차 20260129-90-9,N,20260129,20260429,수익증권,KRW,,1000000000,1000000000,48,A1,A1,,,케이비자산운용,차환발행위험(유동성 공여형 매입약정),금융기관,신한은행
51710,엘이피제사차,KRZF383699G1,엘이피제사차 20260129-90-9,N,20260129,20260429,수익증권,KRW,,1000000000,1000000000,48,A1,A1,,,케이비자산운용,금리변동/환율변동,금융기관,신한은행
51710,엘이피제사차,KRZF383699G1,엘이피제사차 20260129-90-9,N,20260129,20260429,수익증권,KRW,,1000000000,1000000000,48,A1,A1,,,케이비자산운용,차환발행위험(유동성 공여형 매입약정),금융기관,우리은행
51710,엘이피제사차,KRZF383699G1,엘이피제사차 20260129-90-9,N,20260129,20260429,수익증권,KRW,,1000000000,1000000000,48,A1,A1,,,케이비자산운용,금리변동/환율변동,금융기관,우리은행
51709,엘이피제삼차,KRZF383681G1,엘이피제삼차 20260129-90-1,N,20260129,20260429,수익증권,KRW,,10000000000,10000000000,48,A1,A1,,,케이비자산운용,외부 신용보강,금융기관,농협은행
51709,엘이피제삼차,KRZF383682G1,엘이피제삼차 20260129-90-2,N,20260129,20260429,수익증권,KRW,,10000000000,10000000000,48,A1,A1,,,케이비자산운용,외부 신용보강,금융기관,농협은행
51709,엘이피제삼차,KRZF383683G1,엘이피제삼차 20260129-90-3,N,20260129,20260429,수익증권,KRW,,5000000000,5000000000,48,A1,A1,,,케이비자산운용,외부 신용보강,금융기관,농협은행
51709,엘이피제삼차,KRZF383684G1,엘이피제삼차 20260129-90-4,N,20260129,20260429,수익증권,KRW,,5000000000,5000000000,48,A1,A1,,,케이비자산운용,외부 신용보강,금융기관,농협은행
51709,엘이피제삼차,KRZF383685G1,엘이피제삼차 20260129-90-5,N,20260129,20260429,수익증권,KRW,,5000000000,5000000000,48,A1,A1,,,케이비자산운용,외부 신용보강,금융기관,농협은행
51709,엘이피제삼차,KRZF383686G1,엘이피제삼차 20260129-90-6,N,20260129,20260429,수익증권,KRW,,5000000000,5000000000,48,A1,A1,,,케이비자산운용,외부 신용보강,금융기관,농협은행
51709,엘이피제삼차,KRZF383687G1,엘이피제삼차 20260129-90-7,N,20260129,20260429,수익증권,KRW,,5000000000,5000000000,48,A1,A1,,,케이비자산운용,외부 신용보강,금융기관,농협은행
51709,엘이피제삼차,KRZF383688G1,엘이피제삼차 20260129-90-8,N,20260129,20260429,수익증권,KRW,,5000000000,5000000000,48,A1,A1,,,케이비자산운용,외부 신용보강,금융기관,농협은행
51704,엘이피제이차,KRZF383671G1,엘이피제이차 20260129-90-1,N,20260129,20260429,수익증권,KRW,,10000000000,10000000000,48,A1,A1,,,케이비자산운용,차환발행위험(유동성 공여형 매입약정),금융기관,국민은행
51704,엘이피제이차,KRZF383671G1,엘이피제이차 20260129-90-1,N,20260129,20260429,수익증권,KRW,,10000000000,10000000000,48,A1,A1,,,케이비자산운용,금리변동/환율변동,금융기관,국민은행
51704,엘이피제이차,KRZF38367AG1,엘이피제이차 20260129-90-10,N,20260129,20260429,수익증권,KRW,,5000000000,5000000000,48,A1,A1,,,케이비자산운용,차환발행위험(유동성 공여형 매입약정),금융기관,국민은행
51704,엘이피제이차,KRZF38367AG1,엘이피제이차 20260129-90-10,N,20260129,20260429,수익증권,KRW,,5000000000,5000000000,48,A1,A1,,,케이비자산운용,금리변동/환율변동,금융기관,국민은행
51704,엘이피제이차,KRZF383672G1,엘이피제이차 20260129-90-2,N,20260129,20260429,수익증권,KRW,,5000000000,5000000000,48,A1,A1,,,케이비자산운용,차환발행위험(유동성 공여형 매입약정),금융기관,국민은행
51704,엘이피제이차,KRZF383672G1,엘이피제이차 20260129-90-2,N,20260129,20260429,수익증권,KRW,,5000000000,5000000000,48,A1,A1,,,케이비자산운용,금리변동/환율변동,금융기관,국민은행
51704,엘이피제이차,KRZF383673G1,엘이피제이차 20260129-90-3,N,20260129,20260429,수익증권,KRW,,5000000000,5000000000,48,A1,A1,,,케이비자산운용,차환발행위험(유동성 공여형 매입약정),금융기관,국민은행
51704,엘이피제이차,KRZF383673G1,엘이피제이차 20260129-90-3,N,20260129,20260429,수익증권,KRW,,5000000000,5000000000,48,A1,A1,,,케이비자산운용,금리변동/환율변동,금융기관,국민은행
51704,엘이피제이차,KRZF383674G1,엘이피제이차 20260129-90-4,N,20260129,20260429,수익증권,KRW,,5000000000,5000000000,48,A1,A1,,,케이비자산운용,차환발행위험(유동성 공여형 매입약정),금융기관,국민은행
51704,엘이피제이차,KRZF383674G1,엘이피제이차 20260129-90-4,N,20260129,20260429,수익증권,KRW,,5000000000,5000000000,48,A1,A1,,,케이비자산운용,금리변동/환율변동,금융기관,국민은행
51704,엘이피제이차,KRZF383675G1,엘이피제이차 20260129-90-5,N,20260129,20260429,수익증권,KRW,,10000000000,10000000000,48,A1,A1,,,케이비자산운용,차환발행위험(유동성 공여형 매입약정),금융기관,국민은행
51704,엘이피제이차,KRZF383675G1,엘이피제이차 20260129-90-5,N,20260129,20260429,수익증권,KRW,,10000000000,10000000000,48,A1,A1,,,케이비자산운용,금리변동/환율변동,금융기관,국민은행
51704,엘이피제이차,KRZF383676G1,엘이피제이차 20260129-90-6,N,20260129,20260429,수익증권,KRW,,10000000000,10000000000,48,A1,A1,,,케이비자산운용,차환발행위험(유동성 공여형 매입약정),금융기관,국민은행
51704,엘이피제이차,KRZF383676G1,엘이피제이차 20260129-90-6,N,20260129,20260429,수익증권,KRW,,10000000000,10000000000,48,A1,A1,,,케이비자산운용,금리변동/환율변동,금융기관,국민은행
51704,엘이피제이차,KRZF383677G1,엘이피제이차 20260129-90-7,N,20260129,20260429,수익증권,KRW,,10000000000,10000000000,48,A1,A1,,,케이비자산운용,차환발행위험(유동성 공여형 매입약정),금융기관,국민은행
51704,엘이피제이차,KRZF383677G1,엘이피제이차 20260129-90-7,N,20260129,20260429,수익증권,KRW,,10000000000,10000000000,48,A1,A1,,,케이비자산운용,금리변동/환율변동,금융기관,국민은행
51704,엘이피제이차,KRZF383678G1,엘이피제이차 20260129-90-8,N,20260129,20260429,수익증권,KRW,,5000000000,5000000000,48,A1,A1,,,케이비자산운용,차환발행위험(유동성 공여형 매입약정),금융기관,국민은행
51704,엘이피제이차,KRZF383678G1,엘이피제이차 20260129-90-8,N,20260129,20260429,수익증권,KRW,,5000000000,5000000000,48,A1,A1,,,케이비자산운용,금리변동/환율변동,금융기관,국민은행
51704,엘이피제이차,KRZF383679G1,엘이피제이차 20260129-90-9,N,20260129,20260429,수익증권,KRW,,5000000000,5000000000,48,A1,A1,,,케이비자산운용,차환발행위험(유동성 공여형 매입약정),금융기관,국민은행
51704,엘이피제이차,KRZF383679G1,엘이피제이차 20260129-90-9,N,20260129,20260429,수익증권,KRW,,5000000000,5000000000,48,A1,A1,,,케이비자산운용,금리변동/환율변동,금융기관,국민은행
73600,와이디피제십팔차,KRZF0067S0GD,와이디피제십팔차 20260129-218-33,N,20260129,20260904,정기예금,KRW,,137000000,137000000,176,A1,A1,A1,,하나은행,자체 신용보강,자체 신용보강,하나은행
73600,와이디피제십팔차,KRZF0067S1G1,와이디피제십팔차 20260129-47-1,N,20260129,20260317,정기예금,KRW,,5000000000,5000000000,5,A1,A1,A1,,하나은행,자체 신용보강,자체 신용보강,하나은행
73600,와이디피제십팔차,KRZF0067SAG1,와이디피제십팔차 20260129-47-10,N,20260129,20260317,정기예금,KRW,,5000000000,5000000000,5,A1,A1,A1,,하나은행,자체 신용보강,자체 신용보강,하나은행
73600,와이디피제십팔차,KRZF0067SBG1,와이디피제십팔차 20260129-47-11,N,20260129,20260317,정기예금,KRW,,5000000000,5000000000,5,A1,A1,A1,,하나은행,자체 신용보강,자체 신용보강,하나은행
73600,와이디피제십팔차,KRZF0067SCG1,와이디피제십팔차 20260129-47-12,N,20260129,20260317,정기예금,KRW,,5000000000,5000000000,5,A1,A1,A1,,하나은행,자체 신용보강,자체 신용보강,하나은행
73600,와이디피제십팔차,KRZF0067SDG1,와이디피제십팔차 20260129-47-13,N,20260129,20260317,정기예금,KRW,,5000000000,5000000000,5,A1,A1,A1,,하나은행,자체 신용보강,자체 신용보강,하나은행
73600,와이디피제십팔차,KRZF0067SEG1,와이디피제십팔차 20260129-47-14,N,20260129,20260317,정기예금,KRW,,5000000000,5000000000,5,A1,A1,A1,,하나은행,자체 신용보강,자체 신용보강,하나은행
73600,와이디피제십팔차,KRZF0067SFG1,와이디피제십팔차 20260129-47-15,N,20260129,20260317,정기예금,KRW,,5000000000,5000000000,5,A1,A1,A1,,하나은행,자체 신용보강,자체 신용보강,하나은행
73600,와이디피제십팔차,KRZF0067SGG1,와이디피제십팔차 20260129-47-16,N,20260129,20260317,정기예금,KRW,,5000000000,5000000000,5,A1,A1,A1,,하나은행,자체 신용보강,자체 신용보강,하나은행
73600,와이디피제십팔차,KRZF0067SHG1,와이디피제십팔차 20260129-47-17,N,20260129,20260317,정기예금,KRW,,5000000000,5000000000,5,A1,A1,A1,,하나은행,자체 신용보강,자체 신용보강,하나은행
73600,와이디피제십팔차,KRZF0067SJG1,와이디피제십팔차 20260129-47-18,N,20260129,20260317,정기예금,KRW,,5000000000,5000000000,5,A1,A1,A1,,하나은행,자체 신용보강,자체 신용보강,하나은행
73600,와이디피제십팔차,KRZF0067SKG1,와이디피제십팔차 20260129-47-19,N,20260129,20260317,정기예금,KRW,,5000000000,5000000000,5,A1,A1,A1,,하나은행,자체 신용보강,자체 신용보강,하나은행
73600,와이디피제십팔차,KRZF0067S2G1,와이디피제십팔차 20260129-47-2,N,20260129,20260317,정기예금,KRW,,5000000000,5000000000,5,A1,A1,A1,,하나은행,자체 신용보강,자체 신용보강,하나은행
73600,와이디피제십팔차,KRZF0067SLG1,와이디피제십팔차 20260129-47-20,N,20260129,20260317,정기예금,KRW,,5000000000,5000000000,5,A1,A1,A1,,하나은행,자체 신용보강,자체 신용보강,하나은행
73600,와이디피제십팔차,KRZF0067SMG1,와이디피제십팔차 20260129-47-21,N,20260129,20260317,정기예금,KRW,,5000000000,5000000000,5,A1,A1,A1,,하나은행,자체 신용보강,자체 신용보강,하나은행
73600,와이디피제십팔차,KRZF0067SNG1,와이디피제십팔차 20260129-47-22,N,20260129,20260317,정기예금,KRW,,5000000000,5000000000,5,A1,A1,A1,,하나은행,자체 신용보강,자체 신용보강,하나은행
73600,와이디피제십팔차,KRZF0067SPG1,와이디피제십팔차 20260129-47-23,N,20260129,20260317,정기예금,KRW,,5000000000,5000000000,5,A1,A1,A1,,하나은행,자체 신용보강,자체 신용보강,하나은행
73600,와이디피제십팔차,KRZF0067SQG1,와이디피제십팔차 20260129-47-24,N,20260129,20260317,정기예금,KRW,,5000000000,5000000000,5,A1,A1,A1,,하나은행,자체 신용보강,자체 신용보강,하나은행
73600,와이디피제십팔차,KRZF0067SRG1,와이디피제십팔차 20260129-47-25,N,20260129,20260317,정기예금,KRW,,5000000000,5000000000,5,A1,A1,A1,,하나은행,자체 신용보강,자체 신용보강,하나은행
73600,와이디피제십팔차,KRZF0067SSG1,와이디피제십팔차 20260129-47-26,N,20260129,20260317,정기예금,KRW,,5000000000,5000000000,5,A1,A1,A1,,하나은행,자체 신용보강,자체 신용보강,하나은행
73600,와이디피제십팔차,KRZF0067STG1,와이디피제십팔차 20260129-47-27,N,20260129,20260317,정기예금,KRW,,5000000000,5000000000,5,A1,A1,A1,,하나은행,자체 신용보강,자체 신용보강,하나은행
73600,와이디피제십팔차,KRZF0067SVG1,와이디피제십팔차 20260129-47-28,N,20260129,20260317,정기예금,KRW,,5000000000,5000000000,5,A1,A1,A1,,하나은행,자체 신용보강,자체 신용보강,하나은행
73600,와이디피제십팔차,KRZF0067SWG1,와이디피제십팔차 20260129-47-29,N,20260129,20260317,정기예금,KRW,,5000000000,5000000000,5,A1,A1,A1,,하나은행,자체 신용보강,자체 신용보강,하나은행
73600,와이디피제십팔차,KRZF0067S3G1,와이디피제십팔차 20260129-47-3,N,20260129,20260317,정기예금,KRW,,5000000000,5000000000,5,A1,A1,A1,,하나은행,자체 신용보강,자체 신용보강,하나은행
73600,와이디피제십팔차,KRZF0067SXG1,와이디피제십팔차 20260129-47-30,N,20260129,20260317,정기예금,KRW,,5000000000,5000000000,5,A1,A1,A1,,하나은행,자체 신용보강,자체 신용보강,하나은행
73600,와이디피제십팔차,KRZF0067SYG1,와이디피제십팔차 20260129-47-31,N,20260129,20260317,정기예금,KRW,,5000000000,5000000000,5,A1,A1,A1,,하나은행,자체 신용보강,자체 신용보강,하나은행
73600,와이디피제십팔차,KRZF0067SZG1,와이디피제십팔차 20260129-47-32,N,20260129,20260317,정기예금,KRW,,5000000000,5000000000,5,A1,A1,A1,,하나은행,자체 신용보강,자체 신용보강,하나은행
73600,와이디피제십팔차,KRZF0067S1GD,와이디피제십팔차 20260129-47-34,N,20260129,20260317,정기예금,KRW,,5000000000,5000000000,5,A1,A1,A1,,하나은행,자체 신용보강,자체 신용보강,하나은행
73600,와이디피제십팔차,KRZF0067S2GD,와이디피제십팔차 20260129-47-35,N,20260129,20260317,정기예금,KRW,,5000000000,5000000000,5,A1,A1,A1,,하나은행,자체 신용보강,자체 신용보강,하나은행
73600,와이디피제십팔차,KRZF0067S3GD,와이디피제십팔차 20260129-47-36,N,20260129,20260317,정기예금,KRW,,5000000000,5000000000,5,A1,A1,A1,,하나은행,자체 신용보강,자체 신용보강,하나은행
73600,와이디피제십팔차,KRZF0067S4GD,와이디피제십팔차 20260129-47-37,N,20260129,20260317,정기예금,KRW,,5000000000,5000000000,5,A1,A1,A1,,하나은행,자체 신용보강,자체 신용보강,하나은행
73600,와이디피제십팔차,KRZF0067S5GD,와이디피제십팔차 20260129-47-38,N,20260129,20260317,정기예금,KRW,,5000000000,5000000000,5,A1,A1,A1,,하나은행,자체 신용보강,자체 신용보강,하나은행
73600,와이디피제십팔차,KRZF0067S6GD,와이디피제십팔차 20260129-47-39,N,20260129,20260317,정기예금,KRW,,5000000000,5000000000,5,A1,A1,A1,,하나은행,자체 신용보강,자체 신용보강,하나은행
73600,와이디피제십팔차,KRZF0067S4G1,와이디피제십팔차 20260129-47-4,N,20260129,20260317,정기예금,KRW,,5000000000,5000000000,5,A1,A1,A1,,하나은행,자체 신용보강,자체 신용보강,하나은행
73600,와이디피제십팔차,KRZF0067S7GD,와이디피제십팔차 20260129-47-40,N,20260129,20260317,정기예금,KRW,,5000000000,5000000000,5,A1,A1,A1,,하나은행,자체 신용보강,자체 신용보강,하나은행
73600,와이디피제십팔차,KRZF0067S8GD,와이디피제십팔차 20260129-47-41,N,20260129,20260317,정기예금,KRW,,5000000000,5000000000,5,A1,A1,A1,,하나은행,자체 신용보강,자체 신용보강,하나은행
73600,와이디피제십팔차,KRZF0067S9GD,와이디피제십팔차 20260129-47-42,N,20260129,20260317,정기예금,KRW,,5000000000,5000000000,5,A1,A1,A1,,하나은행,자체 신용보강,자체 신용보강,하나은행
73600,와이디피제십팔차,KRZF0067SAGD,와이디피제십팔차 20260129-47-43,N,20260129,20260317,정기예금,KRW,,5000000000,5000000000,5,A1,A1,A1,,하나은행,자체 신용보강,자체 신용보강,하나은행
73600,와이디피제십팔차,KRZF0067SBGD,와이디피제십팔차 20260129-47-44,N,20260129,20260317,정기예금,KRW,,5000000000,5000000000,5,A1,A1,A1,,하나은행,자체 신용보강,자체 신용보강,하나은행
73600,와이디피제십팔차,KRZF0067SCGD,와이디피제십팔차 20260129-47-45,N,20260129,20260317,정기예금,KRW,,5000000000,5000000000,5,A1,A1,A1,,하나은행,자체 신용보강,자체 신용보강,하나은행
73600,와이디피제십팔차,KRZF0067SDGD,와이디피제십팔차 20260129-47-46,N,20260129,20260317,정기예금,KRW,,5000000000,5000000000,5,A1,A1,A1,,하나은행,자체 신용보강,자체 신용보강,하나은행
73600,와이디피제십팔차,KRZF0067SEGD,와이디피제십팔차 20260129-47-47,N,20260129,20260317,정기예금,KRW,,5000000000,5000000000,5,A1,A1,A1,,하나은행,자체 신용보강,자체 신용보강,하나은행
73600,와이디피제십팔차,KRZF0067SFGD,와이디피제십팔차 20260129-47-48,N,20260129,20260317,정기예금,KRW,,5000000000,5000000000,5,A1,A1,A1,,하나은행,자체 신용보강,자체 신용보강,하나은행
73600,와이디피제십팔차,KRZF0067SGGD,와이디피제십팔차 20260129-47-49,N,20260129,20260317,정기예금,KRW,,5000000000,5000000000,5,A1,A1,A1,,하나은행,자체 신용보강,자체 신용보강,하나은행
73600,와이디피제십팔차,KRZF0067S5G1,와이디피제십팔차 20260129-47-5,N,20260129,20260317,정기예금,KRW,,5000000000,5000000000,5,A1,A1,A1,,하나은행,자체 신용보강,자체 신용보강,하나은행
73600,와이디피제십팔차,KRZF0067S6G1,와이디피제십팔차 20260129-47-6,N,20260129,20260317,정기예금,KRW,,5000000000,5000000000,5,A1,A1,A1,,하나은행,자체 신용보강,자체 신용보강,하나은행
73600,와이디피제십팔차,KRZF0067S7G1,와이디피제십팔차 20260129-47-7,N,20260129,20260317,정기예금,KRW,,5000000000,5000000000,5,A1,A1,A1,,하나은행,자체 신용보강,자체 신용보강,하나은행
73600,와이디피제십팔차,KRZF0067S8G1,와이디피제십팔차 20260129-47-8,N,20260129,20260317,정기예금,KRW,,5000000000,5000000000,5,A1,A1,A1,,하나은행,자체 신용보강,자체 신용보강,하나은행
73600,와이디피제십팔차,KRZF0067S9G1,와이디피제십팔차 20260129-47-9,N,20260129,20260317,정기예금,KRW,,5000000000,5000000000,5,A1,A1,A1,,하나은행,자체 신용보강,자체 신용보강,하나은행
73609,우리가이즈제1차,KRZF0028S1G1,우리가이즈제1차 20260129-154-1,N,20260129,20260702,정기예금,KRW,,5000000000,5000000000,112,A1,,A1,,우리은행,자체 신용보강,자체 신용보강,우리은행
73609,우리가이즈제1차,KRZF0028SAG1,우리가이즈제1차 20260129-154-10,N,20260129,20260702,정기예금,KRW,,5000000000,5000000000,112,A1,,A1,,우리은행,자체 신용보강,자체 신용보강,우리은행
73609,우리가이즈제1차,KRZF0028SBG1,우리가이즈제1차 20260129-154-11,N,20260129,20260702,정기예금,KRW,,5000000000,5000000000,112,A1,,A1,,우리은행,자체 신용보강,자체 신용보강,우리은행
73609,우리가이즈제1차,KRZF0028SCG1,우리가이즈제1차 20260129-154-12,N,20260129,20260702,정기예금,KRW,,5000000000,5000000000,112,A1,,A1,,우리은행,자체 신용보강,자체 신용보강,우리은행
73609,우리가이즈제1차,KRZF0028SDG1,우리가이즈제1차 20260129-154-13,N,20260129,20260702,정기예금,KRW,,5000000000,5000000000,112,A1,,A1,,우리은행,자체 신용보강,자체 신용보강,우리은행
73609,우리가이즈제1차,KRZF0028SEG1,우리가이즈제1차 20260129-154-14,N,20260129,20260702,정기예금,KRW,,5000000000,5000000000,112,A1,,A1,,우리은행,자체 신용보강,자체 신용보강,우리은행
73609,우리가이즈제1차,KRZF0028SFG1,우리가이즈제1차 20260129-154-15,N,20260129,20260702,정기예금,KRW,,5000000000,5000000000,112,A1,,A1,,우리은행,자체 신용보강,자체 신용보강,우리은행
73609,우리가이즈제1차,KRZF0028SGG1,우리가이즈제1차 20260129-154-16,N,20260129,20260702,정기예금,KRW,,5000000000,5000000000,112,A1,,A1,,우리은행,자체 신용보강,자체 신용보강,우리은행
73609,우리가이즈제1차,KRZF0028SHG1,우리가이즈제1차 20260129-154-17,N,20260129,20260702,정기예금,KRW,,5000000000,5000000000,112,A1,,A1,,우리은행,자체 신용보강,자체 신용보강,우리은행
73609,우리가이즈제1차,KRZF0028SJG1,우리가이즈제1차 20260129-154-18,N,20260129,20260702,정기예금,KRW,,5000000000,5000000000,112,A1,,A1,,우리은행,자체 신용보강,자체 신용보강,우리은행
73609,우리가이즈제1차,KRZF0028SKG1,우리가이즈제1차 20260129-154-19,N,20260129,20260702,정기예금,KRW,,5000000000,5000000000,112,A1,,A1,,우리은행,자체 신용보강,자체 신용보강,우리은행
73609,우리가이즈제1차,KRZF0028S2G1,우리가이즈제1차 20260129-154-2,N,20260129,20260702,정기예금,KRW,,5000000000,5000000000,112,A1,,A1,,우리은행,자체 신용보강,자체 신용보강,우리은행
73609,우리가이즈제1차,KRZF0028SLG1,우리가이즈제1차 20260129-154-20,N,20260129,20260702,정기예금,KRW,,5000000000,5000000000,112,A1,,A1,,우리은행,자체 신용보강,자체 신용보강,우리은행
73609,우리가이즈제1차,KRZF0028SMG1,우리가이즈제1차 20260129-154-21,N,20260129,20260702,정기예금,KRW,,5000000000,5000000000,112,A1,,A1,,우리은행,자체 신용보강,자체 신용보강,우리은행
73609,우리가이즈제1차,KRZF0028SNG1,우리가이즈제1차 20260129-154-22,N,20260129,20260702,정기예금,KRW,,5000000000,5000000000,112,A1,,A1,,우리은행,자체 신용보강,자체 신용보강,우리은행
73609,우리가이즈제1차,KRZF0028SPG1,우리가이즈제1차 20260129-154-23,N,20260129,20260702,정기예금,KRW,,5000000000,5000000000,112,A1,,A1,,우리은행,자체 신용보강,자체 신용보강,우리은행
73609,우리가이즈제1차,KRZF0028SQG1,우리가이즈제1차 20260129-154-24,N,20260129,20260702,정기예금,KRW,,5000000000,5000000000,112,A1,,A1,,우리은행,자체 신용보강,자체 신용보강,우리은행
73609,우리가이즈제1차,KRZF0028SRG1,우리가이즈제1차 20260129-154-25,N,20260129,20260702,정기예금,KRW,,5000000000,5000000000,112,A1,,A1,,우리은행,자체 신용보강,자체 신용보강,우리은행
73609,우리가이즈제1차,KRZF0028SSG1,우리가이즈제1차 20260129-154-26,N,20260129,20260702,정기예금,KRW,,5000000000,5000000000,112,A1,,A1,,우리은행,자체 신용보강,자체 신용보강,우리은행
73609,우리가이즈제1차,KRZF0028STG1,우리가이즈제1차 20260129-154-27,N,20260129,20260702,정기예금,KRW,,5000000000,5000000000,112,A1,,A1,,우리은행,자체 신용보강,자체 신용보강,우리은행
73609,우리가이즈제1차,KRZF0028SVG1,우리가이즈제1차 20260129-154-28,N,20260129,20260702,정기예금,KRW,,5000000000,5000000000,112,A1,,A1,,우리은행,자체 신용보강,자체 신용보강,우리은행
73609,우리가이즈제1차,KRZF0028SWG1,우리가이즈제1차 20260129-154-29,N,20260129,20260702,정기예금,KRW,,5000000000,5000000000,112,A1,,A1,,우리은행,자체 신용보강,자체 신용보강,우리은행
73609,우리가이즈제1차,KRZF0028S3G1,우리가이즈제1차 20260129-154-3,N,20260129,20260702,정기예금,KRW,,5000000000,5000000000,112,A1,,A1,,우리은행,자체 신용보강,자체 신용보강,우리은행
73609,우리가이즈제1차,KRZF0028SXG1,우리가이즈제1차 20260129-154-30,N,20260129,20260702,정기예금,KRW,,5000000000,5000000000,112,A1,,A1,,우리은행,자체 신용보강,자체 신용보강,우리은행
73609,우리가이즈제1차,KRZF0028SYG1,우리가이즈제1차 20260129-154-31,N,20260129,20260702,정기예금,KRW,,5000000000,5000000000,112,A1,,A1,,우리은행,자체 신용보강,자체 신용보강,우리은행
73609,우리가이즈제1차,KRZF0028SZG1,우리가이즈제1차 20260129-154-32,N,20260129,20260702,정기예금,KRW,,5000000000,5000000000,112,A1,,A1,,우리은행,자체 신용보강,자체 신용보강,우리은행
73609,우리가이즈제1차,KRZF0028S0GD,우리가이즈제1차 20260129-154-33,N,20260129,20260702,정기예금,KRW,,5000000000,5000000000,112,A1,,A1,,우리은행,자체 신용보강,자체 신용보강,우리은행
73609,우리가이즈제1차,KRZF0028S1GD,우리가이즈제1차 20260129-154-34,N,20260129,20260702,정기예금,KRW,,5000000000,5000000000,112,A1,,A1,,우리은행,자체 신용보강,자체 신용보강,우리은행
73609,우리가이즈제1차,KRZF0028S2GD,우리가이즈제1차 20260129-154-35,N,20260129,20260702,정기예금,KRW,,5000000000,5000000000,112,A1,,A1,,우리은행,자체 신용보강,자체 신용보강,우리은행
73609,우리가이즈제1차,KRZF0028S3GD,우리가이즈제1차 20260129-154-36,N,20260129,20260702,정기예금,KRW,,5000000000,5000000000,112,A1,,A1,,우리은행,자체 신용보강,자체 신용보강,우리은행
73609,우리가이즈제1차,KRZF0028S4GD,우리가이즈제1차 20260129-154-37,N,20260129,20260702,정기예금,KRW,,5000000000,5000000000,112,A1,,A1,,우리은행,자체 신용보강,자체 신용보강,우리은행
73609,우리가이즈제1차,KRZF0028S5GD,우리가이즈제1차 20260129-154-38,N,20260129,20260702,정기예금,KRW,,5000000000,5000000000,112,A1,,A1,,우리은행,자체 신용보강,자체 신용보강,우리은행
73609,우리가이즈제1차,KRZF0028S6GD,우리가이즈제1차 20260129-154-39,N,20260129,20260702,정기예금,KRW,,5000000000,5000000000,112,A1,,A1,,우리은행,자체 신용보강,자체 신용보강,우리은행
73609,우리가이즈제1차,KRZF0028S4G1,우리가이즈제1차 20260129-154-4,N,20260129,20260702,정기예금,KRW,,5000000000,5000000000,112,A1,,A1,,우리은행,자체 신용보강,자체 신용보강,우리은행
73609,우리가이즈제1차,KRZF0028S7GD,우리가이즈제1차 20260129-154-40,N,20260129,20260702,정기예금,KRW,,5000000000,5000000000,112,A1,,A1,,우리은행,자체 신용보강,자체 신용보강,우리은행
73609,우리가이즈제1차,KRZF0028S8GD,우리가이즈제1차 20260129-154-41,N,20260129,20260702,정기예금,KRW,,5000000000,5000000000,112,A1,,A1,,우리은행,자체 신용보강,자체 신용보강,우리은행
73609,우리가이즈제1차,KRZF0028S9GD,우리가이즈제1차 20260129-154-42,N,20260129,20260702,정기예금,KRW,,5000000000,5000000000,112,A1,,A1,,우리은행,자체 신용보강,자체 신용보강,우리은행
73609,우리가이즈제1차,KRZF0028SAGD,우리가이즈제1차 20260129-154-43,N,20260129,20260702,정기예금,KRW,,5000000000,5000000000,112,A1,,A1,,우리은행,자체 신용보강,자체 신용보강,우리은행
73609,우리가이즈제1차,KRZF0028SBGD,우리가이즈제1차 20260129-154-44,N,20260129,20260702,정기예금,KRW,,5000000000,5000000000,112,A1,,A1,,우리은행,자체 신용보강,자체 신용보강,우리은행
73609,우리가이즈제1차,KRZF0028SCGD,우리가이즈제1차 20260129-154-45,N,20260129,20260702,정기예금,KRW,,5000000000,5000000000,112,A1,,A1,,우리은행,자체 신용보강,자체 신용보강,우리은행
73609,우리가이즈제1차,KRZF0028SDGD,우리가이즈제1차 20260129-154-46,N,20260129,20260702,정기예금,KRW,,5000000000,5000000000,112,A1,,A1,,우리은행,자체 신용보강,자체 신용보강,우리은행
73609,우리가이즈제1차,KRZF0028SEGD,우리가이즈제1차 20260129-154-47,N,20260129,20260702,정기예금,KRW,,5000000000,5000000000,112,A1,,A1,,우리은행,자체 신용보강,자체 신용보강,우리은행
73609,우리가이즈제1차,KRZF0028SFGD,우리가이즈제1차 20260129-154-48,N,20260129,20260702,정기예금,KRW,,5000000000,5000000000,112,A1,,A1,,우리은행,자체 신용보강,자체 신용보강,우리은행
73609,우리가이즈제1차,KRZF0028S5G1,우리가이즈제1차 20260129-154-5,N,20260129,20260702,정기예금,KRW,,5000000000,5000000000,112,A1,,A1,,우리은행,자체 신용보강,자체 신용보강,우리은행
73609,우리가이즈제1차,KRZF0028S6G1,우리가이즈제1차 20260129-154-6,N,20260129,20260702,정기예금,KRW,,5000000000,5000000000,112,A1,,A1,,우리은행,자체 신용보강,자체 신용보강,우리은행
73609,우리가이즈제1차,KRZF0028S7G1,우리가이즈제1차 20260129-154-7,N,20260129,20260702,정기예금,KRW,,5000000000,5000000000,112,A1,,A1,,우리은행,자체 신용보강,자체 신용보강,우리은행
73609,우리가이즈제1차,KRZF0028S8G1,우리가이즈제1차 20260129-154-8,N,20260129,20260702,정기예금,KRW,,5000000000,5000000000,112,A1,,A1,,우리은행,자체 신용보강,자체 신용보강,우리은행
73609,우리가이즈제1차,KRZF0028S9G1,우리가이즈제1차 20260129-154-9,N,20260129,20260702,정기예금,KRW,,5000000000,5000000000,112,A1,,A1,,우리은행,자체 신용보강,자체 신용보강,우리은행
73609,우리가이즈제1차,KRZF0028SGGD,우리가이즈제1차 20260129-356-49,N,20260129,20270120,정기예금,KRW,,456000000,456000000,314,A1,,A1,,우리은행,자체 신용보강,자체 신용보강,우리은행
73611,우리베스트제1차,KRZF0007W1G1,우리베스트제1차 20260129-154-1,N,20260129,20260702,정기예금,KRW,,5000000000,5000000000,112,A1,A1,,,우리은행,자체 신용보강,자체 신용보강,우리은행
73611,우리베스트제1차,KRZF0007WAG1,우리베스트제1차 20260129-154-10,N,20260129,20260702,정기예금,KRW,,5000000000,5000000000,112,A1,A1,,,우리은행,자체 신용보강,자체 신용보강,우리은행
73611,우리베스트제1차,KRZF0007WBG1,우리베스트제1차 20260129-154-11,N,20260129,20260702,정기예금,KRW,,5000000000,5000000000,112,A1,A1,,,우리은행,자체 신용보강,자체 신용보강,우리은행
73611,우리베스트제1차,KRZF0007WCG1,우리베스트제1차 20260129-154-12,N,20260129,20260702,정기예금,KRW,,5000000000,5000000000,112,A1,A1,,,우리은행,자체 신용보강,자체 신용보강,우리은행
73611,우리베스트제1차,KRZF0007WDG1,우리베스트제1차 20260129-154-13,N,20260129,20260702,정기예금,KRW,,5000000000,5000000000,112,A1,A1,,,우리은행,자체 신용보강,자체 신용보강,우리은행
73611,우리베스트제1차,KRZF0007WEG1,우리베스트제1차 20260129-154-14,N,20260129,20260702,정기예금,KRW,,5000000000,5000000000,112,A1,A1,,,우리은행,자체 신용보강,자체 신용보강,우리은행
73611,우리베스트제1차,KRZF0007WFG1,우리베스트제1차 20260129-154-15,N,20260129,20260702,정기예금,KRW,,5000000000,5000000000,112,A1,A1,,,우리은행,자체 신용보강,자체 신용보강,우리은행
73611,우리베스트제1차,KRZF0007WGG1,우리베스트제1차 20260129-154-16,N,20260129,20260702,정기예금,KRW,,5000000000,5000000000,112,A1,A1,,,우리은행,자체 신용보강,자체 신용보강,우리은행
73611,우리베스트제1차,KRZF0007WHG1,우리베스트제1차 20260129-154-17,N,20260129,20260702,정기예금,KRW,,5000000000,5000000000,112,A1,A1,,,우리은행,자체 신용보강,자체 신용보강,우리은행
73611,우리베스트제1차,KRZF0007WJG1,우리베스트제1차 20260129-154-18,N,20260129,20260702,정기예금,KRW,,5000000000,5000000000,112,A1,A1,,,우리은행,자체 신용보강,자체 신용보강,우리은행
73611,우리베스트제1차,KRZF0007WKG1,우리베스트제1차 20260129-154-19,N,20260129,20260702,정기예금,KRW,,5000000000,5000000000,112,A1,A1,,,우리은행,자체 신용보강,자체 신용보강,우리은행
73611,우리베스트제1차,KRZF0007W2G1,우리베스트제1차 20260129-154-2,N,20260129,20260702,정기예금,KRW,,5000000000,5000000000,112,A1,A1,,,우리은행,자체 신용보강,자체 신용보강,우리은행
73611,우리베스트제1차,KRZF0007WLG1,우리베스트제1차 20260129-154-20,N,20260129,20260702,정기예금,KRW,,5000000000,5000000000,112,A1,A1,,,우리은행,자체 신용보강,자체 신용보강,우리은행
73611,우리베스트제1차,KRZF0007WMG1,우리베스트제1차 20260129-154-21,N,20260129,20260702,정기예금,KRW,,5000000000,5000000000,112,A1,A1,,,우리은행,자체 신용보강,자체 신용보강,우리은행
73611,우리베스트제1차,KRZF0007WNG1,우리베스트제1차 20260129-154-22,N,20260129,20260702,정기예금,KRW,,5000000000,5000000000,112,A1,A1,,,우리은행,자체 신용보강,자체 신용보강,우리은행
73611,우리베스트제1차,KRZF0007WPG1,우리베스트제1차 20260129-154-23,N,20260129,20260702,정기예금,KRW,,5000000000,5000000000,112,A1,A1,,,우리은행,자체 신용보강,자체 신용보강,우리은행
73611,우리베스트제1차,KRZF0007WQG1,우리베스트제1차 20260129-154-24,N,20260129,20260702,정기예금,KRW,,5000000000,5000000000,112,A1,A1,,,우리은행,자체 신용보강,자체 신용보강,우리은행
73611,우리베스트제1차,KRZF0007WRG1,우리베스트제1차 20260129-154-25,N,20260129,20260702,정기예금,KRW,,5000000000,5000000000,112,A1,A1,,,우리은행,자체 신용보강,자체 신용보강,우리은행
73611,우리베스트제1차,KRZF0007WSG1,우리베스트제1차 20260129-154-26,N,20260129,20260702,정기예금,KRW,,5000000000,5000000000,112,A1,A1,,,우리은행,자체 신용보강,자체 신용보강,우리은행
73611,우리베스트제1차,KRZF0007WTG1,우리베스트제1차 20260129-154-27,N,20260129,20260702,정기예금,KRW,,5000000000,5000000000,112,A1,A1,,,우리은행,자체 신용보강,자체 신용보강,우리은행
73611,우리베스트제1차,KRZF0007WVG1,우리베스트제1차 20260129-154-28,N,20260129,20260702,정기예금,KRW,,5000000000,5000000000,112,A1,A1,,,우리은행,자체 신용보강,자체 신용보강,우리은행
73611,우리베스트제1차,KRZF0007WWG1,우리베스트제1차 20260129-154-29,N,20260129,20260702,정기예금,KRW,,5000000000,5000000000,112,A1,A1,,,우리은행,자체 신용보강,자체 신용보강,우리은행
73611,우리베스트제1차,KRZF0007W3G1,우리베스트제1차 20260129-154-3,N,20260129,20260702,정기예금,KRW,,5000000000,5000000000,112,A1,A1,,,우리은행,자체 신용보강,자체 신용보강,우리은행
73611,우리베스트제1차,KRZF0007WXG1,우리베스트제1차 20260129-154-30,N,20260129,20260702,정기예금,KRW,,5000000000,5000000000,112,A1,A1,,,우리은행,자체 신용보강,자체 신용보강,우리은행
73611,우리베스트제1차,KRZF0007WYG1,우리베스트제1차 20260129-154-31,N,20260129,20260702,정기예금,KRW,,5000000000,5000000000,112,A1,A1,,,우리은행,자체 신용보강,자체 신용보강,우리은행
73611,우리베스트제1차,KRZF0007WZG1,우리베스트제1차 20260129-154-32,N,20260129,20260702,정기예금,KRW,,5000000000,5000000000,112,A1,A1,,,우리은행,자체 신용보강,자체 신용보강,우리은행
73611,우리베스트제1차,KRZF0007W0GD,우리베스트제1차 20260129-154-33,N,20260129,20260702,정기예금,KRW,,5000000000,5000000000,112,A1,A1,,,우리은행,자체 신용보강,자체 신용보강,우리은행
73611,우리베스트제1차,KRZF0007W1GD,우리베스트제1차 20260129-154-34,N,20260129,20260702,정기예금,KRW,,5000000000,5000000000,112,A1,A1,,,우리은행,자체 신용보강,자체 신용보강,우리은행
73611,우리베스트제1차,KRZF0007W2GD,우리베스트제1차 20260129-154-35,N,20260129,20260702,정기예금,KRW,,5000000000,5000000000,112,A1,A1,,,우리은행,자체 신용보강,자체 신용보강,우리은행
73611,우리베스트제1차,KRZF0007W3GD,우리베스트제1차 20260129-154-36,N,20260129,20260702,정기예금,KRW,,5000000000,5000000000,112,A1,A1,,,우리은행,자체 신용보강,자체 신용보강,우리은행
73611,우리베스트제1차,KRZF0007W4GD,우리베스트제1차 20260129-154-37,N,20260129,20260702,정기예금,KRW,,5000000000,5000000000,112,A1,A1,,,우리은행,자체 신용보강,자체 신용보강,우리은행
73611,우리베스트제1차,KRZF0007W5GD,우리베스트제1차 20260129-154-38,N,20260129,20260702,정기예금,KRW,,5000000000,5000000000,112,A1,A1,,,우리은행,자체 신용보강,자체 신용보강,우리은행
73611,우리베스트제1차,KRZF0007W6GD,우리베스트제1차 20260129-154-39,N,20260129,20260702,정기예금,KRW,,5000000000,5000000000,112,A1,A1,,,우리은행,자체 신용보강,자체 신용보강,우리은행
73611,우리베스트제1차,KRZF0007W4G1,우리베스트제1차 20260129-154-4,N,20260129,20260702,정기예금,KRW,,5000000000,5000000000,112,A1,A1,,,우리은행,자체 신용보강,자체 신용보강,우리은행
73611,우리베스트제1차,KRZF0007W7GD,우리베스트제1차 20260129-154-40,N,20260129,20260702,정기예금,KRW,,5000000000,5000000000,112,A1,A1,,,우리은행,자체 신용보강,자체 신용보강,우리은행
73611,우리베스트제1차,KRZF0007W8GD,우리베스트제1차 20260129-154-41,N,20260129,20260702,정기예금,KRW,,5000000000,5000000000,112,A1,A1,,,우리은행,자체 신용보강,자체 신용보강,우리은행
73611,우리베스트제1차,KRZF0007W9GD,우리베스트제1차 20260129-154-42,N,20260129,20260702,정기예금,KRW,,5000000000,5000000000,112,A1,A1,,,우리은행,자체 신용보강,자체 신용보강,우리은행
73611,우리베스트제1차,KRZF0007WAGD,우리베스트제1차 20260129-154-43,N,20260129,20260702,정기예금,KRW,,5000000000,5000000000,112,A1,A1,,,우리은행,자체 신용보강,자체 신용보강,우리은행
73611,우리베스트제1차,KRZF0007WBGD,우리베스트제1차 20260129-154-44,N,20260129,20260702,정기예금,KRW,,5000000000,5000000000,112,A1,A1,,,우리은행,자체 신용보강,자체 신용보강,우리은행
73611,우리베스트제1차,KRZF0007WCGD,우리베스트제1차 20260129-154-45,N,20260129,20260702,정기예금,KRW,,5000000000,5000000000,112,A1,A1,,,우리은행,자체 신용보강,자체 신용보강,우리은행
73611,우리베스트제1차,KRZF0007WDGD,우리베스트제1차 20260129-154-46,N,20260129,20260702,정기예금,KRW,,5000000000,5000000000,112,A1,A1,,,우리은행,자체 신용보강,자체 신용보강,우리은행
73611,우리베스트제1차,KRZF0007WEGD,우리베스트제1차 20260129-154-47,N,20260129,20260702,정기예금,KRW,,5000000000,5000000000,112,A1,A1,,,우리은행,자체 신용보강,자체 신용보강,우리은행
73611,우리베스트제1차,KRZF0007WFGD,우리베스트제1차 20260129-154-48,N,20260129,20260702,정기예금,KRW,,5000000000,5000000000,112,A1,A1,,,우리은행,자체 신용보강,자체 신용보강,우리은행
73611,우리베스트제1차,KRZF0007W5G1,우리베스트제1차 20260129-154-5,N,20260129,20260702,정기예금,KRW,,5000000000,5000000000,112,A1,A1,,,우리은행,자체 신용보강,자체 신용보강,우리은행
73611,우리베스트제1차,KRZF0007W6G1,우리베스트제1차 20260129-154-6,N,20260129,20260702,정기예금,KRW,,5000000000,5000000000,112,A1,A1,,,우리은행,자체 신용보강,자체 신용보강,우리은행
73611,우리베스트제1차,KRZF0007W7G1,우리베스트제1차 20260129-154-7,N,20260129,20260702,정기예금,KRW,,5000000000,5000000000,112,A1,A1,,,우리은행,자체 신용보강,자체 신용보강,우리은행
73611,우리베스트제1차,KRZF0007W8G1,우리베스트제1차 20260129-154-8,N,20260129,20260702,정기예금,KRW,,5000000000,5000000000,112,A1,A1,,,우리은행,자체 신용보강,자체 신용보강,우리은행
73611,우리베스트제1차,KRZF0007W9G1,우리베스트제1차 20260129-154-9,N,20260129,20260702,정기예금,KRW,,5000000000,5000000000,112,A1,A1,,,우리은행,자체 신용보강,자체 신용보강,우리은행
73611,우리베스트제1차,KRZF0007WGGD,우리베스트제1차 20260129-356-49,N,20260129,20270120,정기예금,KRW,,456000000,456000000,314,A1,A1,,,우리은행,자체 신용보강,자체 신용보강,우리은행
73565,월드하나제일차,KRZF0142Z1G1,월드하나제일차 20260129-90-1,N,20260129,20260429,대출채권,KRW,,5000000000,5000000000,48,A1,A1,,,호텔롯데,외부 신용보강,금융기관,하나은행
73565,월드하나제일차,KRZF0142ZAG1,월드하나제일차 20260129-90-10,N,20260129,20260429,대출채권,KRW,,5000000000,5000000000,48,A1,A1,,,호텔롯데,외부 신용보강,금융기관,하나은행
73565,월드하나제일차,KRZF0142Z2G1,월드하나제일차 20260129-90-2,N,20260129,20260429,대출채권,KRW,,5000000000,5000000000,48,A1,A1,,,호텔롯데,외부 신용보강,금융기관,하나은행
73565,월드하나제일차,KRZF0142Z3G1,월드하나제일차 20260129-90-3,N,20260129,20260429,대출채권,KRW,,5000000000,5000000000,48,A1,A1,,,호텔롯데,외부 신용보강,금융기관,하나은행
73565,월드하나제일차,KRZF0142Z4G1,월드하나제일차 20260129-90-4,N,20260129,20260429,대출채권,KRW,,5000000000,5000000000,48,A1,A1,,,호텔롯데,외부 신용보강,금융기관,하나은행
73565,월드하나제일차,KRZF0142Z5G1,월드하나제일차 20260129-90-5,N,20260129,20260429,대출채권,KRW,,5000000000,5000000000,48,A1,A1,,,호텔롯데,외부 신용보강,금융기관,하나은행
73565,월드하나제일차,KRZF0142Z6G1,월드하나제일차 20260129-90-6,N,20260129,20260429,대출채권,KRW,,5000000000,5000000000,48,A1,A1,,,호텔롯데,외부 신용보강,금융기관,하나은행
73565,월드하나제일차,KRZF0142Z7G1,월드하나제일차 20260129-90-7,N,20260129,20260429,대출채권,KRW,,5000000000,5000000000,48,A1,A1,,,호텔롯데,외부 신용보강,금융기관,하나은행
73565,월드하나제일차,KRZF0142Z8G1,월드하나제일차 20260129-90-8,N,20260129,20260429,대출채권,KRW,,5000000000,5000000000,48,A1,A1,,,호텔롯데,외부 신용보강,금융기관,하나은행
73565,월드하나제일차,KRZF0142Z9G1,월드하나제일차 20260129-90-9,N,20260129,20260429,대출채권,KRW,,5000000000,5000000000,48,A1,A1,,,호텔롯데,외부 신용보강,금융기관,하나은행
58871,지아이비수표,KRZFA40001G1,지아이비수표 20260129-90-1,Y,20260129,20260429,PF대출채권,KRW,,5000000000,5000000000,48,A1,A1,,,(주)트윈웍스피에프브이,차환발행위험(유동성 공여형 매입약정),금융기관,신한은행
58871,지아이비수표,KRZFA40002G1,지아이비수표 20260129-90-2,Y,20260129,20260429,PF대출채권,KRW,,5000000000,5000000000,48,A1,A1,,,(주)트윈웍스피에프브이,차환발행위험(유동성 공여형 매입약정),금융기관,신한은행
58871,지아이비수표,KRZFA40003G1,지아이비수표 20260129-90-3,Y,20260129,20260429,PF대출채권,KRW,,5000000000,5000000000,48,A1,A1,,,(주)트윈웍스피에프브이,차환발행위험(유동성 공여형 매입약정),금융기관,신한은행
58871,지아이비수표,KRZFA40004G1,지아이비수표 20260129-90-4,Y,20260129,20260429,PF대출채권,KRW,,5000000000,5000000000,48,A1,A1,,,(주)트윈웍스피에프브이,차환발행위험(유동성 공여형 매입약정),금융기관,신한은행
58871,지아이비수표,KRZFA40005G1,지아이비수표 20260129-90-5,Y,20260129,20260429,PF대출채권,KRW,,5000000000,5000000000,48,A1,A1,,,(주)트윈웍스피에프브이,차환발행위험(유동성 공여형 매입약정),금융기관,신한은행
58871,지아이비수표,KRZFA40006G1,지아이비수표 20260129-90-6,Y,20260129,20260429,PF대출채권,KRW,,5000000000,5000000000,48,A1,A1,,,(주)트윈웍스피에프브이,차환발행위험(유동성 공여형 매입약정),금융기관,신한은행
58871,지아이비수표,KRZFA40007G1,지아이비수표 20260129-90-7,Y,20260129,20260429,PF대출채권,KRW,,4560000000,4560000000,48,A1,A1,,,(주)트윈웍스피에프브이,차환발행위험(유동성 공여형 매입약정),금융기관,신한은행
55957,지아이비해운대,KRZFA15841G1,지아이비해운대 20260129-29-1,Y,20260129,20260227,PF대출채권,KRW,,5000000000,5000000000,0,A1,A1,,,(주)태광개발,외부 신용보강,금융기관,신한은행
55957,지아이비해운대,KRZFA15842G1,지아이비해운대 20260129-29-2,Y,20260129,20260227,PF대출채권,KRW,,5000000000,5000000000,0,A1,A1,,,(주)태광개발,외부 신용보강,금융기관,신한은행
55957,지아이비해운대,KRZFA15843G1,지아이비해운대 20260129-29-3,Y,20260129,20260227,PF대출채권,KRW,,5000000000,5000000000,0,A1,A1,,,(주)태광개발,외부 신용보강,금융기관,신한은행
55957,지아이비해운대,KRZFA15844G1,지아이비해운대 20260129-29-4,Y,20260129,20260227,PF대출채권,KRW,,5000000000,5000000000,0,A1,A1,,,(주)태광개발,외부 신용보강,금융기관,신한은행
55957,지아이비해운대,KRZFA15845G1,지아이비해운대 20260129-29-5,Y,20260129,20260227,PF대출채권,KRW,,5000000000,5000000000,0,A1,A1,,,(주)태광개발,외부 신용보강,금융기관,신한은행
55957,지아이비해운대,KRZFA15846G1,지아이비해운대 20260129-29-6,Y,20260129,20260227,PF대출채권,KRW,,3814754099,3814754099,0,A1,A1,,,(주)태광개발,외부 신용보강,금융기관,신한은행
73599,한솔제오십일차,KRZF0058K1G1,한솔제오십일차 20260129-151-1,N,20260129,20260629,정기예금,KRW,,5000000000,5000000000,109,A1,A1,,,농협은행,자체 신용보강,자체 신용보강,농협은행
73599,한솔제오십일차,KRZF0058KAG1,한솔제오십일차 20260129-151-10,N,20260129,20260629,정기예금,KRW,,5000000000,5000000000,109,A1,A1,,,농협은행,자체 신용보강,자체 신용보강,농협은행
73599,한솔제오십일차,KRZF0058KBG1,한솔제오십일차 20260129-151-11,N,20260129,20260629,정기예금,KRW,,5000000000,5000000000,109,A1,A1,,,농협은행,자체 신용보강,자체 신용보강,농협은행
73599,한솔제오십일차,KRZF0058KCG1,한솔제오십일차 20260129-151-12,N,20260129,20260629,정기예금,KRW,,5000000000,5000000000,109,A1,A1,,,농협은행,자체 신용보강,자체 신용보강,농협은행
73599,한솔제오십일차,KRZF0058KDG1,한솔제오십일차 20260129-151-13,N,20260129,20260629,정기예금,KRW,,5000000000,5000000000,109,A1,A1,,,농협은행,자체 신용보강,자체 신용보강,농협은행
73599,한솔제오십일차,KRZF0058KEG1,한솔제오십일차 20260129-151-14,N,20260129,20260629,정기예금,KRW,,5000000000,5000000000,109,A1,A1,,,농협은행,자체 신용보강,자체 신용보강,농협은행
73599,한솔제오십일차,KRZF0058KFG1,한솔제오십일차 20260129-151-15,N,20260129,20260629,정기예금,KRW,,5000000000,5000000000,109,A1,A1,,,농협은행,자체 신용보강,자체 신용보강,농협은행
73599,한솔제오십일차,KRZF0058KGG1,한솔제오십일차 20260129-151-16,N,20260129,20260629,정기예금,KRW,,5000000000,5000000000,109,A1,A1,,,농협은행,자체 신용보강,자체 신용보강,농협은행
73599,한솔제오십일차,KRZF0058KHG1,한솔제오십일차 20260129-151-17,N,20260129,20260629,정기예금,KRW,,5000000000,5000000000,109,A1,A1,,,농협은행,자체 신용보강,자체 신용보강,농협은행
73599,한솔제오십일차,KRZF0058KJG1,한솔제오십일차 20260129-151-18,N,20260129,20260629,정기예금,KRW,,5000000000,5000000000,109,A1,A1,,,농협은행,자체 신용보강,자체 신용보강,농협은행
73599,한솔제오십일차,KRZF0058KKG1,한솔제오십일차 20260129-151-19,N,20260129,20260629,정기예금,KRW,,5000000000,5000000000,109,A1,A1,,,농협은행,자체 신용보강,자체 신용보강,농협은행
73599,한솔제오십일차,KRZF0058K2G1,한솔제오십일차 20260129-151-2,N,20260129,20260629,정기예금,KRW,,5000000000,5000000000,109,A1,A1,,,농협은행,자체 신용보강,자체 신용보강,농협은행
73599,한솔제오십일차,KRZF0058KLG1,한솔제오십일차 20260129-151-20,N,20260129,20260629,정기예금,KRW,,5000000000,5000000000,109,A1,A1,,,농협은행,자체 신용보강,자체 신용보강,농협은행
73599,한솔제오십일차,KRZF0058KMG1,한솔제오십일차 20260129-151-21,N,20260129,20260629,정기예금,KRW,,5000000000,5000000000,109,A1,A1,,,농협은행,자체 신용보강,자체 신용보강,농협은행
73599,한솔제오십일차,KRZF0058KNG1,한솔제오십일차 20260129-151-22,N,20260129,20260629,정기예금,KRW,,5000000000,5000000000,109,A1,A1,,,농협은행,자체 신용보강,자체 신용보강,농협은행
73599,한솔제오십일차,KRZF0058KPG1,한솔제오십일차 20260129-151-23,N,20260129,20260629,정기예금,KRW,,5000000000,5000000000,109,A1,A1,,,농협은행,자체 신용보강,자체 신용보강,농협은행
73599,한솔제오십일차,KRZF0058KQG1,한솔제오십일차 20260129-151-24,N,20260129,20260629,정기예금,KRW,,5000000000,5000000000,109,A1,A1,,,농협은행,자체 신용보강,자체 신용보강,농협은행
73599,한솔제오십일차,KRZF0058KRG1,한솔제오십일차 20260129-151-25,N,20260129,20260629,정기예금,KRW,,5000000000,5000000000,109,A1,A1,,,농협은행,자체 신용보강,자체 신용보강,농협은행
73599,한솔제오십일차,KRZF0058KSG1,한솔제오십일차 20260129-151-26,N,20260129,20260629,정기예금,KRW,,5000000000,5000000000,109,A1,A1,,,농협은행,자체 신용보강,자체 신용보강,농협은행
73599,한솔제오십일차,KRZF0058KTG1,한솔제오십일차 20260129-151-27,N,20260129,20260629,정기예금,KRW,,5000000000,5000000000,109,A1,A1,,,농협은행,자체 신용보강,자체 신용보강,농협은행
73599,한솔제오십일차,KRZF0058KVG1,한솔제오십일차 20260129-151-28,N,20260129,20260629,정기예금,KRW,,5000000000,5000000000,109,A1,A1,,,농협은행,자체 신용보강,자체 신용보강,농협은행
73599,한솔제오십일차,KRZF0058KWG1,한솔제오십일차 20260129-151-29,N,20260129,20260629,정기예금,KRW,,5000000000,5000000000,109,A1,A1,,,농협은행,자체 신용보강,자체 신용보강,농협은행
73599,한솔제오십일차,KRZF0058K3G1,한솔제오십일차 20260129-151-3,N,20260129,20260629,정기예금,KRW,,5000000000,5000000000,109,A1,A1,,,농협은행,자체 신용보강,자체 신용보강,농협은행
73599,한솔제오십일차,KRZF0058KXG1,한솔제오십일차 20260129-151-30,N,20260129,20260629,정기예금,KRW,,5000000000,5000000000,109,A1,A1,,,농협은행,자체 신용보강,자체 신용보강,농협은행
73599,한솔제오십일차,KRZF0058KYG1,한솔제오십일차 20260129-151-31,N,20260129,20260629,정기예금,KRW,,5000000000,5000000000,109,A1,A1,,,농협은행,자체 신용보강,자체 신용보강,농협은행
73599,한솔제오십일차,KRZF0058KZG1,한솔제오십일차 20260129-151-32,N,20260129,20260629,정기예금,KRW,,5000000000,5000000000,109,A1,A1,,,농협은행,자체 신용보강,자체 신용보강,농협은행
73599,한솔제오십일차,KRZF0058K0GD,한솔제오십일차 20260129-151-33,N,20260129,20260629,정기예금,KRW,,5000000000,5000000000,109,A1,A1,,,농협은행,자체 신용보강,자체 신용보강,농협은행
73599,한솔제오십일차,KRZF0058K1GD,한솔제오십일차 20260129-151-34,N,20260129,20260629,정기예금,KRW,,5000000000,5000000000,109,A1,A1,,,농협은행,자체 신용보강,자체 신용보강,농협은행
73599,한솔제오십일차,KRZF0058K2GD,한솔제오십일차 20260129-151-35,N,20260129,20260629,정기예금,KRW,,5000000000,5000000000,109,A1,A1,,,농협은행,자체 신용보강,자체 신용보강,농협은행
73599,한솔제오십일차,KRZF0058K3GD,한솔제오십일차 20260129-151-36,N,20260129,20260629,정기예금,KRW,,5000000000,5000000000,109,A1,A1,,,농협은행,자체 신용보강,자체 신용보강,농협은행
73599,한솔제오십일차,KRZF0058K4GD,한솔제오십일차 20260129-151-37,N,20260129,20260629,정기예금,KRW,,5000000000,5000000000,109,A1,A1,,,농협은행,자체 신용보강,자체 신용보강,농협은행
73599,한솔제오십일차,KRZF0058K5GD,한솔제오십일차 20260129-151-38,N,20260129,20260629,정기예금,KRW,,5000000000,5000000000,109,A1,A1,,,농협은행,자체 신용보강,자체 신용보강,농협은행
73599,한솔제오십일차,KRZF0058K6GD,한솔제오십일차 20260129-151-39,N,20260129,20260629,정기예금,KRW,,5000000000,5000000000,109,A1,A1,,,농협은행,자체 신용보강,자체 신용보강,농협은행
73599,한솔제오십일차,KRZF0058K4G1,한솔제오십일차 20260129-151-4,N,20260129,20260629,정기예금,KRW,,5000000000,5000000000,109,A1,A1,,,농협은행,자체 신용보강,자체 신용보강,농협은행
73599,한솔제오십일차,KRZF0058K7GD,한솔제오십일차 20260129-151-40,N,20260129,20260629,정기예금,KRW,,5000000000,5000000000,109,A1,A1,,,농협은행,자체 신용보강,자체 신용보강,농협은행
73599,한솔제오십일차,KRZF0058K8GD,한솔제오십일차 20260129-151-41,N,20260129,20260629,정기예금,KRW,,5000000000,5000000000,109,A1,A1,,,농협은행,자체 신용보강,자체 신용보강,농협은행
73599,한솔제오십일차,KRZF0058K9GD,한솔제오십일차 20260129-151-42,N,20260129,20260629,정기예금,KRW,,5000000000,5000000000,109,A1,A1,,,농협은행,자체 신용보강,자체 신용보강,농협은행
73599,한솔제오십일차,KRZF0058KAGD,한솔제오십일차 20260129-151-43,N,20260129,20260629,정기예금,KRW,,5000000000,5000000000,109,A1,A1,,,농협은행,자체 신용보강,자체 신용보강,농협은행
73599,한솔제오십일차,KRZF0058KBGD,한솔제오십일차 20260129-151-44,N,20260129,20260629,정기예금,KRW,,5000000000,5000000000,109,A1,A1,,,농협은행,자체 신용보강,자체 신용보강,농협은행
73599,한솔제오십일차,KRZF0058KCGD,한솔제오십일차 20260129-151-45,N,20260129,20260629,정기예금,KRW,,5000000000,5000000000,109,A1,A1,,,농협은행,자체 신용보강,자체 신용보강,농협은행
73599,한솔제오십일차,KRZF0058KDGD,한솔제오십일차 20260129-151-46,N,20260129,20260629,정기예금,KRW,,5000000000,5000000000,109,A1,A1,,,농협은행,자체 신용보강,자체 신용보강,농협은행
73599,한솔제오십일차,KRZF0058KEGD,한솔제오십일차 20260129-151-47,N,20260129,20260629,정기예금,KRW,,5000000000,5000000000,109,A1,A1,,,농협은행,자체 신용보강,자체 신용보강,농협은행
73599,한솔제오십일차,KRZF0058KFGD,한솔제오십일차 20260129-151-48,N,20260129,20260629,정기예금,KRW,,5000000000,5000000000,109,A1,A1,,,농협은행,자체 신용보강,자체 신용보강,농협은행
73599,한솔제오십일차,KRZF0058K5G1,한솔제오십일차 20260129-151-5,N,20260129,20260629,정기예금,KRW,,5000000000,5000000000,109,A1,A1,,,농협은행,자체 신용보강,자체 신용보강,농협은행
73599,한솔제오십일차,KRZF0058K6G1,한솔제오십일차 20260129-151-6,N,20260129,20260629,정기예금,KRW,,5000000000,5000000000,109,A1,A1,,,농협은행,자체 신용보강,자체 신용보강,농협은행
73599,한솔제오십일차,KRZF0058K7G1,한솔제오십일차 20260129-151-7,N,20260129,20260629,정기예금,KRW,,5000000000,5000000000,109,A1,A1,,,농협은행,자체 신용보강,자체 신용보강,농협은행
73599,한솔제오십일차,KRZF0058K8G1,한솔제오십일차 20260129-151-8,N,20260129,20260629,정기예금,KRW,,5000000000,5000000000,109,A1,A1,,,농협은행,자체 신용보강,자체 신용보강,농협은행
73599,한솔제오십일차,KRZF0058K9G1,한솔제오십일차 20260129-151-9,N,20260129,20260629,정기예금,KRW,,5000000000,5000000000,109,A1,A1,,,농협은행,자체 신용보강,자체 신용보강,농협은행
73599,한솔제오십일차,KRZF0058KGGD,한솔제오십일차 20260129-312-49,N,20260129,20261207,정기예금,KRW,,439000000,439000000,270,A1,A1,,,농협은행,자체 신용보강,자체 신용보강,농협은행
55058,훼밀리팜제일차,KRZFA08081G1,훼밀리팜제일차 20260129-90-1,N,20260129,20260429,매출채권,KRW,,5000000000,5000000000,48,A1,,A1,,훼밀리팜,외부 신용보강,금융기관,한국산업은행
55058,훼밀리팜제일차,KRZFA08081G1,훼밀리팜제일차 20260129-90-1,N,20260129,20260429,매출채권,KRW,,5000000000,5000000000,48,A1,,A1,,훼밀리팜,차환발행위험(유동성 공여형 매입약정),금융기관,한국산업은행
55058,훼밀리팜제일차,KRZFA08082G1,훼밀리팜제일차 20260129-90-2,N,20260129,20260429,매출채권,KRW,,5000000000,5000000000,48,A1,,A1,,훼밀리팜,외부 신용보강,금융기관,한국산업은행
55058,훼밀리팜제일차,KRZFA08082G1,훼밀리팜제일차 20260129-90-2,N,20260129,20260429,매출채권,KRW,,5000000000,5000000000,48,A1,,A1,,훼밀리팜,차환발행위험(유동성 공여형 매입약정),금융기관,한국산업은행
55058,훼밀리팜제일차,KRZFA08083G1,훼밀리팜제일차 20260129-90-3,N,20260129,20260429,매출채권,KRW,,500000000,500000000,48,A1,,A1,,훼밀리팜,외부 신용보강,금융기관,한국산업은행
55058,훼밀리팜제일차,KRZFA08083G1,훼밀리팜제일차 20260129-90-3,N,20260129,20260429,매출채권,KRW,,500000000,500000000,48,A1,,A1,,훼밀리팜,차환발행위험(유동성 공여형 매입약정),금융기관,한국산업은행
73583,국민행복제18차,KRZF0005PWG1,국민행복제18차 20260128-286-29,N,20260128,20261110,정기예금,KRW,,288000000,288000000,243,A1,A1,,,국민은행,자체 신용보강,자체 신용보강,국민은행
73583,국민행복제18차,KRZF0005P1G1,국민행복제18차 20260128-99-1,N,20260128,20260507,정기예금,KRW,,5000000000,5000000000,56,A1,A1,,,국민은행,자체 신용보강,자체 신용보강,국민은행
73583,국민행복제18차,KRZF0005PAG1,국민행복제18차 20260128-99-10,N,20260128,20260507,정기예금,KRW,,5000000000,5000000000,56,A1,A1,,,국민은행,자체 신용보강,자체 신용보강,국민은행
73583,국민행복제18차,KRZF0005PBG1,국민행복제18차 20260128-99-11,N,20260128,20260507,정기예금,KRW,,5000000000,5000000000,56,A1,A1,,,국민은행,자체 신용보강,자체 신용보강,국민은행
73583,국민행복제18차,KRZF0005PCG1,국민행복제18차 20260128-99-12,N,20260128,20260507,정기예금,KRW,,5000000000,5000000000,56,A1,A1,,,국민은행,자체 신용보강,자체 신용보강,국민은행
73583,국민행복제18차,KRZF0005PDG1,국민행복제18차 20260128-99-13,N,20260128,20260507,정기예금,KRW,,5000000000,5000000000,56,A1,A1,,,국민은행,자체 신용보강,자체 신용보강,국민은행
73583,국민행복제18차,KRZF0005PEG1,국민행복제18차 20260128-99-14,N,20260128,20260507,정기예금,KRW,,5000000000,5000000000,56,A1,A1,,,국민은행,자체 신용보강,자체 신용보강,국민은행
73583,국민행복제18차,KRZF0005PFG1,국민행복제18차 20260128-99-15,N,20260128,20260507,정기예금,KRW,,5000000000,5000000000,56,A1,A1,,,국민은행,자체 신용보강,자체 신용보강,국민은행
73583,국민행복제18차,KRZF0005PGG1,국민행복제18차 20260128-99-16,N,20260128,20260507,정기예금,KRW,,5000000000,5000000000,56,A1,A1,,,국민은행,자체 신용보강,자체 신용보강,국민은행
73583,국민행복제18차,KRZF0005PHG1,국민행복제18차 20260128-99-17,N,20260128,20260507,정기예금,KRW,,5000000000,5000000000,56,A1,A1,,,국민은행,자체 신용보강,자체 신용보강,국민은행
73583,국민행복제18차,KRZF0005PJG1,국민행복제18차 20260128-99-18,N,20260128,20260507,정기예금,KRW,,5000000000,5000000000,56,A1,A1,,,국민은행,자체 신용보강,자체 신용보강,국민은행
73583,국민행복제18차,KRZF0005PKG1,국민행복제18차 20260128-99-19,N,20260128,20260507,정기예금,KRW,,5000000000,5000000000,56,A1,A1,,,국민은행,자체 신용보강,자체 신용보강,국민은행
73583,국민행복제18차,KRZF0005P2G1,국민행복제18차 20260128-99-2,N,20260128,20260507,정기예금,KRW,,5000000000,5000000000,56,A1,A1,,,국민은행,자체 신용보강,자체 신용보강,국민은행
73583,국민행복제18차,KRZF0005PLG1,국민행복제18차 20260128-99-20,N,20260128,20260507,정기예금,KRW,,5000000000,5000000000,56,A1,A1,,,국민은행,자체 신용보강,자체 신용보강,국민은행
73583,국민행복제18차,KRZF0005PMG1,국민행복제18차 20260128-99-21,N,20260128,20260507,정기예금,KRW,,5000000000,5000000000,56,A1,A1,,,국민은행,자체 신용보강,자체 신용보강,국민은행
73583,국민행복제18차,KRZF0005PNG1,국민행복제18차 20260128-99-22,N,20260128,20260507,정기예금,KRW,,5000000000,5000000000,56,A1,A1,,,국민은행,자체 신용보강,자체 신용보강,국민은행
73583,국민행복제18차,KRZF0005PPG1,국민행복제18차 20260128-99-23,N,20260128,20260507,정기예금,KRW,,5000000000,5000000000,56,A1,A1,,,국민은행,자체 신용보강,자체 신용보강,국민은행
73583,국민행복제18차,KRZF0005PQG1,국민행복제18차 20260128-99-24,N,20260128,20260507,정기예금,KRW,,5000000000,5000000000,56,A1,A1,,,국민은행,자체 신용보강,자체 신용보강,국민은행
73583,국민행복제18차,KRZF0005PRG1,국민행복제18차 20260128-99-25,N,20260128,20260507,정기예금,KRW,,5000000000,5000000000,56,A1,A1,,,국민은행,자체 신용보강,자체 신용보강,국민은행
73583,국민행복제18차,KRZF0005PSG1,국민행복제18차 20260128-99-26,N,20260128,20260507,정기예금,KRW,,5000000000,5000000000,56,A1,A1,,,국민은행,자체 신용보강,자체 신용보강,국민은행
73583,국민행복제18차,KRZF0005PTG1,국민행복제18차 20260128-99-27,N,20260128,20260507,정기예금,KRW,,5000000000,5000000000,56,A1,A1,,,국민은행,자체 신용보강,자체 신용보강,국민은행
73583,국민행복제18차,KRZF0005PVG1,국민행복제18차 20260128-99-28,N,20260128,20260507,정기예금,KRW,,5000000000,5000000000,56,A1,A1,,,국민은행,자체 신용보강,자체 신용보강,국민은행
73583,국민행복제18차,KRZF0005P3G1,국민행복제18차 20260128-99-3,N,20260128,20260507,정기예금,KRW,,5000000000,5000000000,56,A1,A1,,,국민은행,자체 신용보강,자체 신용보강,국민은행
73583,국민행복제18차,KRZF0005PXG1,국민행복제18차 20260128-99-30,N,20260128,20260507,정기예금,KRW,,5000000000,5000000000,56,A1,A1,,,국민은행,자체 신용보강,자체 신용보강,국민은행
73583,국민행복제18차,KRZF0005PYG1,국민행복제18차 20260128-99-31,N,20260128,20260507,정기예금,KRW,,5000000000,5000000000,56,A1,A1,,,국민은행,자체 신용보강,자체 신용보강,국민은행
73583,국민행복제18차,KRZF0005PZG1,국민행복제18차 20260128-99-32,N,20260128,20260507,정기예금,KRW,,5000000000,5000000000,56,A1,A1,,,국민은행,자체 신용보강,자체 신용보강,국민은행
73583,국민행복제18차,KRZF0005P0GD,국민행복제18차 20260128-99-33,N,20260128,20260507,정기예금,KRW,,5000000000,5000000000,56,A1,A1,,,국민은행,자체 신용보강,자체 신용보강,국민은행
73583,국민행복제18차,KRZF0005P1GD,국민행복제18차 20260128-99-34,N,20260128,20260507,정기예금,KRW,,5000000000,5000000000,56,A1,A1,,,국민은행,자체 신용보강,자체 신용보강,국민은행
73583,국민행복제18차,KRZF0005P2GD,국민행복제18차 20260128-99-35,N,20260128,20260507,정기예금,KRW,,5000000000,5000000000,56,A1,A1,,,국민은행,자체 신용보강,자체 신용보강,국민은행
73583,국민행복제18차,KRZF0005P3GD,국민행복제18차 20260128-99-36,N,20260128,20260507,정기예금,KRW,,5000000000,5000000000,56,A1,A1,,,국민은행,자체 신용보강,자체 신용보강,국민은행
73583,국민행복제18차,KRZF0005P4GD,국민행복제18차 20260128-99-37,N,20260128,20260507,정기예금,KRW,,5000000000,5000000000,56,A1,A1,,,국민은행,자체 신용보강,자체 신용보강,국민은행
73583,국민행복제18차,KRZF0005P5GD,국민행복제18차 20260128-99-38,N,20260128,20260507,정기예금,KRW,,5000000000,5000000000,56,A1,A1,,,국민은행,자체 신용보강,자체 신용보강,국민은행
73583,국민행복제18차,KRZF0005P6GD,국민행복제18차 20260128-99-39,N,20260128,20260507,정기예금,KRW,,5000000000,5000000000,56,A1,A1,,,국민은행,자체 신용보강,자체 신용보강,국민은행
73583,국민행복제18차,KRZF0005P4G1,국민행복제18차 20260128-99-4,N,20260128,20260507,정기예금,KRW,,5000000000,5000000000,56,A1,A1,,,국민은행,자체 신용보강,자체 신용보강,국민은행
73583,국민행복제18차,KRZF0005P7GD,국민행복제18차 20260128-99-40,N,20260128,20260507,정기예금,KRW,,5000000000,5000000000,56,A1,A1,,,국민은행,자체 신용보강,자체 신용보강,국민은행
73583,국민행복제18차,KRZF0005P8GD,국민행복제18차 20260128-99-41,N,20260128,20260507,정기예금,KRW,,5000000000,5000000000,56,A1,A1,,,국민은행,자체 신용보강,자체 신용보강,국민은행
73583,국민행복제18차,KRZF0005P9GD,국민행복제18차 20260128-99-42,N,20260128,20260507,정기예금,KRW,,5000000000,5000000000,56,A1,A1,,,국민은행,자체 신용보강,자체 신용보강,국민은행
73583,국민행복제18차,KRZF0005PAGD,국민행복제18차 20260128-99-43,N,20260128,20260507,정기예금,KRW,,5000000000,5000000000,56,A1,A1,,,국민은행,자체 신용보강,자체 신용보강,국민은행
73583,국민행복제18차,KRZF0005PBGD,국민행복제18차 20260128-99-44,N,20260128,20260507,정기예금,KRW,,5000000000,5000000000,56,A1,A1,,,국민은행,자체 신용보강,자체 신용보강,국민은행
73583,국민행복제18차,KRZF0005PCGD,국민행복제18차 20260128-99-45,N,20260128,20260507,정기예금,KRW,,5000000000,5000000000,56,A1,A1,,,국민은행,자체 신용보강,자체 신용보강,국민은행
73583,국민행복제18차,KRZF0005PDGD,국민행복제18차 20260128-99-46,N,20260128,20260507,정기예금,KRW,,5000000000,5000000000,56,A1,A1,,,국민은행,자체 신용보강,자체 신용보강,국민은행
73583,국민행복제18차,KRZF0005PEGD,국민행복제18차 20260128-99-47,N,20260128,20260507,정기예금,KRW,,5000000000,5000000000,56,A1,A1,,,국민은행,자체 신용보강,자체 신용보강,국민은행
73583,국민행복제18차,KRZF0005PFGD,국민행복제18차 20260128-99-48,N,20260128,20260507,정기예금,KRW,,5000000000,5000000000,56,A1,A1,,,국민은행,자체 신용보강,자체 신용보강,국민은행
73583,국민행복제18차,KRZF0005PGGD,국민행복제18차 20260128-99-49,N,20260128,20260507,정기예금,KRW,,5000000000,5000000000,56,A1,A1,,,국민은행,자체 신용보강,자체 신용보강,국민은행
73583,국민행복제18차,KRZF0005P5G1,국민행복제18차 20260128-99-5,N,20260128,20260507,정기예금,KRW,,5000000000,5000000000,56,A1,A1,,,국민은행,자체 신용보강,자체 신용보강,국민은행
73583,국민행복제18차,KRZF0005P6G1,국민행복제18차 20260128-99-6,N,20260128,20260507,정기예금,KRW,,5000000000,5000000000,56,A1,A1,,,국민은행,자체 신용보강,자체 신용보강,국민은행
73583,국민행복제18차,KRZF0005P7G1,국민행복제18차 20260128-99-7,N,20260128,20260507,정기예금,KRW,,5000000000,5000000000,56,A1,A1,,,국민은행,자체 신용보강,자체 신용보강,국민은행
73583,국민행복제18차,KRZF0005P8G1,국민행복제18차 20260128-99-8,N,20260128,20260507,정기예금,KRW,,5000000000,5000000000,56,A1,A1,,,국민은행,자체 신용보강,자체 신용보강,국민은행
73583,국민행복제18차,KRZF0005P9G1,국민행복제18차 20260128-99-9,N,20260128,20260507,정기예금,KRW,,5000000000,5000000000,56,A1,A1,,,국민은행,자체 신용보강,자체 신용보강,국민은행
73577,국민행복제5차,KRZFA81581G1,국민행복제5차 20260128-119-1,N,20260128,20260527,정기예금,KRW,,5000000000,5000000000,76,,A1,A1,,국민은행,자체 신용보강,자체 신용보강,국민은행
73577,국민행복제5차,KRZFA8158AG1,국민행복제5차 20260128-119-10,N,20260128,20260527,정기예금,KRW,,5000000000,5000000000,76,,A1,A1,,국민은행,자체 신용보강,자체 신용보강,국민은행
73577,국민행복제5차,KRZFA8158BG1,국민행복제5차 20260128-119-11,N,20260128,20260527,정기예금,KRW,,5000000000,5000000000,76,,A1,A1,,국민은행,자체 신용보강,자체 신용보강,국민은행
73577,국민행복제5차,KRZFA8158CG1,국민행복제5차 20260128-119-12,N,20260128,20260527,정기예금,KRW,,5000000000,5000000000,76,,A1,A1,,국민은행,자체 신용보강,자체 신용보강,국민은행
73577,국민행복제5차,KRZFA8158DG1,국민행복제5차 20260128-119-13,N,20260128,20260527,정기예금,KRW,,5000000000,5000000000,76,,A1,A1,,국민은행,자체 신용보강,자체 신용보강,국민은행
73577,국민행복제5차,KRZFA8158EG1,국민행복제5차 20260128-119-14,N,20260128,20260527,정기예금,KRW,,5000000000,5000000000,76,,A1,A1,,국민은행,자체 신용보강,자체 신용보강,국민은행
73577,국민행복제5차,KRZFA8158FG1,국민행복제5차 20260128-119-15,N,20260128,20260527,정기예금,KRW,,5000000000,5000000000,76,,A1,A1,,국민은행,자체 신용보강,자체 신용보강,국민은행
73577,국민행복제5차,KRZFA8158GG1,국민행복제5차 20260128-119-16,N,20260128,20260527,정기예금,KRW,,5000000000,5000000000,76,,A1,A1,,국민은행,자체 신용보강,자체 신용보강,국민은행
73577,국민행복제5차,KRZFA8158HG1,국민행복제5차 20260128-119-17,N,20260128,20260527,정기예금,KRW,,5000000000,5000000000,76,,A1,A1,,국민은행,자체 신용보강,자체 신용보강,국민은행
73577,국민행복제5차,KRZFA8158JG1,국민행복제5차 20260128-119-18,N,20260128,20260527,정기예금,KRW,,5000000000,5000000000,76,,A1,A1,,국민은행,자체 신용보강,자체 신용보강,국민은행
73577,국민행복제5차,KRZFA8158KG1,국민행복제5차 20260128-119-19,N,20260128,20260527,정기예금,KRW,,5000000000,5000000000,76,,A1,A1,,국민은행,자체 신용보강,자체 신용보강,국민은행
73577,국민행복제5차,KRZFA81582G1,국민행복제5차 20260128-119-2,N,20260128,20260527,정기예금,KRW,,5000000000,5000000000,76,,A1,A1,,국민은행,자체 신용보강,자체 신용보강,국민은행
73577,국민행복제5차,KRZFA8158LG1,국민행복제5차 20260128-119-20,N,20260128,20260527,정기예금,KRW,,5000000000,5000000000,76,,A1,A1,,국민은행,자체 신용보강,자체 신용보강,국민은행
73577,국민행복제5차,KRZFA8158MG1,국민행복제5차 20260128-119-21,N,20260128,20260527,정기예금,KRW,,5000000000,5000000000,76,,A1,A1,,국민은행,자체 신용보강,자체 신용보강,국민은행
73577,국민행복제5차,KRZFA8158NG1,국민행복제5차 20260128-119-22,N,20260128,20260527,정기예금,KRW,,5000000000,5000000000,76,,A1,A1,,국민은행,자체 신용보강,자체 신용보강,국민은행
73577,국민행복제5차,KRZFA8158PG1,국민행복제5차 20260128-119-23,N,20260128,20260527,정기예금,KRW,,5000000000,5000000000,76,,A1,A1,,국민은행,자체 신용보강,자체 신용보강,국민은행
73577,국민행복제5차,KRZFA8158QG1,국민행복제5차 20260128-119-24,N,20260128,20260527,정기예금,KRW,,5000000000,5000000000,76,,A1,A1,,국민은행,자체 신용보강,자체 신용보강,국민은행
73577,국민행복제5차,KRZFA8158RG1,국민행복제5차 20260128-119-25,N,20260128,20260527,정기예금,KRW,,5000000000,5000000000,76,,A1,A1,,국민은행,자체 신용보강,자체 신용보강,국민은행
73577,국민행복제5차,KRZFA8158SG1,국민행복제5차 20260128-119-26,N,20260128,20260527,정기예금,KRW,,5000000000,5000000000,76,,A1,A1,,국민은행,자체 신용보강,자체 신용보강,국민은행
73577,국민행복제5차,KRZFA8158TG1,국민행복제5차 20260128-119-27,N,20260128,20260527,정기예금,KRW,,5000000000,5000000000,76,,A1,A1,,국민은행,자체 신용보강,자체 신용보강,국민은행
73577,국민행복제5차,KRZFA8158VG1,국민행복제5차 20260128-119-28,N,20260128,20260527,정기예금,KRW,,5000000000,5000000000,76,,A1,A1,,국민은행,자체 신용보강,자체 신용보강,국민은행
73577,국민행복제5차,KRZFA8158WG1,국민행복제5차 20260128-119-29,N,20260128,20260527,정기예금,KRW,,5000000000,5000000000,76,,A1,A1,,국민은행,자체 신용보강,자체 신용보강,국민은행
73577,국민행복제5차,KRZFA81583G1,국민행복제5차 20260128-119-3,N,20260128,20260527,정기예금,KRW,,5000000000,5000000000,76,,A1,A1,,국민은행,자체 신용보강,자체 신용보강,국민은행
73577,국민행복제5차,KRZFA8158XG1,국민행복제5차 20260128-119-30,N,20260128,20260527,정기예금,KRW,,5000000000,5000000000,76,,A1,A1,,국민은행,자체 신용보강,자체 신용보강,국민은행
73577,국민행복제5차,KRZFA8158YG1,국민행복제5차 20260128-119-31,N,20260128,20260527,정기예금,KRW,,5000000000,5000000000,76,,A1,A1,,국민은행,자체 신용보강,자체 신용보강,국민은행
73577,국민행복제5차,KRZFA8158ZG1,국민행복제5차 20260128-119-32,N,20260128,20260527,정기예금,KRW,,5000000000,5000000000,76,,A1,A1,,국민은행,자체 신용보강,자체 신용보강,국민은행
73577,국민행복제5차,KRZFA81580GD,국민행복제5차 20260128-119-33,N,20260128,20260527,정기예금,KRW,,5000000000,5000000000,76,,A1,A1,,국민은행,자체 신용보강,자체 신용보강,국민은행
73577,국민행복제5차,KRZFA81581GD,국민행복제5차 20260128-119-34,N,20260128,20260527,정기예금,KRW,,5000000000,5000000000,76,,A1,A1,,국민은행,자체 신용보강,자체 신용보강,국민은행
73577,국민행복제5차,KRZFA81582GD,국민행복제5차 20260128-119-35,N,20260128,20260527,정기예금,KRW,,5000000000,5000000000,76,,A1,A1,,국민은행,자체 신용보강,자체 신용보강,국민은행
73577,국민행복제5차,KRZFA81583GD,국민행복제5차 20260128-119-36,N,20260128,20260527,정기예금,KRW,,5000000000,5000000000,76,,A1,A1,,국민은행,자체 신용보강,자체 신용보강,국민은행
73577,국민행복제5차,KRZFA81584GD,국민행복제5차 20260128-119-37,N,20260128,20260527,정기예금,KRW,,5000000000,5000000000,76,,A1,A1,,국민은행,자체 신용보강,자체 신용보강,국민은행
73577,국민행복제5차,KRZFA81585GD,국민행복제5차 20260128-119-38,N,20260128,20260527,정기예금,KRW,,5000000000,5000000000,76,,A1,A1,,국민은행,자체 신용보강,자체 신용보강,국민은행
73577,국민행복제5차,KRZFA81586GD,국민행복제5차 20260128-119-39,N,20260128,20260527,정기예금,KRW,,5000000000,5000000000,76,,A1,A1,,국민은행,자체 신용보강,자체 신용보강,국민은행
73577,국민행복제5차,KRZFA81584G1,국민행복제5차 20260128-119-4,N,20260128,20260527,정기예금,KRW,,5000000000,5000000000,76,,A1,A1,,국민은행,자체 신용보강,자체 신용보강,국민은행
73577,국민행복제5차,KRZFA81587GD,국민행복제5차 20260128-119-40,N,20260128,20260527,정기예금,KRW,,5000000000,5000000000,76,,A1,A1,,국민은행,자체 신용보강,자체 신용보강,국민은행
73577,국민행복제5차,KRZFA81588GD,국민행복제5차 20260128-119-41,N,20260128,20260527,정기예금,KRW,,5000000000,5000000000,76,,A1,A1,,국민은행,자체 신용보강,자체 신용보강,국민은행
73577,국민행복제5차,KRZFA81589GD,국민행복제5차 20260128-119-42,N,20260128,20260527,정기예금,KRW,,5000000000,5000000000,76,,A1,A1,,국민은행,자체 신용보강,자체 신용보강,국민은행
73577,국민행복제5차,KRZFA8158AGD,국민행복제5차 20260128-119-43,N,20260128,20260527,정기예금,KRW,,5000000000,5000000000,76,,A1,A1,,국민은행,자체 신용보강,자체 신용보강,국민은행
73577,국민행복제5차,KRZFA8158BGD,국민행복제5차 20260128-119-44,N,20260128,20260527,정기예금,KRW,,5000000000,5000000000,76,,A1,A1,,국민은행,자체 신용보강,자체 신용보강,국민은행
73577,국민행복제5차,KRZFA8158CGD,국민행복제5차 20260128-119-45,N,20260128,20260527,정기예금,KRW,,5000000000,5000000000,76,,A1,A1,,국민은행,자체 신용보강,자체 신용보강,국민은행
73577,국민행복제5차,KRZFA8158DGD,국민행복제5차 20260128-119-46,N,20260128,20260527,정기예금,KRW,,5000000000,5000000000,76,,A1,A1,,국민은행,자체 신용보강,자체 신용보강,국민은행
73577,국민행복제5차,KRZFA8158EGD,국민행복제5차 20260128-119-47,N,20260128,20260527,정기예금,KRW,,5000000000,5000000000,76,,A1,A1,,국민은행,자체 신용보강,자체 신용보강,국민은행
73577,국민행복제5차,KRZFA8158FGD,국민행복제5차 20260128-119-48,N,20260128,20260527,정기예금,KRW,,5000000000,5000000000,76,,A1,A1,,국민은행,자체 신용보강,자체 신용보강,국민은행
73577,국민행복제5차,KRZFA81585G1,국민행복제5차 20260128-119-5,N,20260128,20260527,정기예금,KRW,,5000000000,5000000000,76,,A1,A1,,국민은행,자체 신용보강,자체 신용보강,국민은행
73577,국민행복제5차,KRZFA81586G1,국민행복제5차 20260128-119-6,N,20260128,20260527,정기예금,KRW,,5000000000,5000000000,76,,A1,A1,,국민은행,자체 신용보강,자체 신용보강,국민은행
73577,국민행복제5차,KRZFA81587G1,국민행복제5차 20260128-119-7,N,20260128,20260527,정기예금,KRW,,5000000000,5000000000,76,,A1,A1,,국민은행,자체 신용보강,자체 신용보강,국민은행
73577,국민행복제5차,KRZFA81588G1,국민행복제5차 20260128-119-8,N,20260128,20260527,정기예금,KRW,,5000000000,5000000000,76,,A1,A1,,국민은행,자체 신용보강,자체 신용보강,국민은행
73577,국민행복제5차,KRZFA81589G1,국민행복제5차 20260128-119-9,N,20260128,20260527,정기예금,KRW,,5000000000,5000000000,76,,A1,A1,,국민은행,자체 신용보강,자체 신용보강,국민은행
73577,국민행복제5차,KRZFA8158GGD,국민행복제5차 20260128-286-49,N,20260128,20261110,정기예금,KRW,,351000000,351000000,243,,A1,A1,,국민은행,자체 신용보강,자체 신용보강,국민은행
69344,넥스트비전제오차,KRZF0029H1G1,넥스트비전제오차 20260128-152-1,Y,20260128,20260629,PF대출채권,KRW,,500000000,500000000,109,A1,A1,,,(주)수서3블럭에스피씨,외부 신용보강,금융기관,메리츠증권
69344,넥스트비전제오차,KRZF0029H2G1,넥스트비전제오차 20260128-152-2,Y,20260128,20260629,PF대출채권,KRW,,100000000,100000000,109,A1,A1,,,(주)수서3블럭에스피씨,외부 신용보강,금융기관,메리츠증권
69344,넥스트비전제오차,KRZF0029H3G1,넥스트비전제오차 20260128-152-3,Y,20260128,20260629,PF대출채권,KRW,,100000000,100000000,109,A1,A1,,,(주)수서3블럭에스피씨,외부 신용보강,금융기관,메리츠증권
69344,넥스트비전제오차,KRZF0029H4G1,넥스트비전제오차 20260128-152-4,Y,20260128,20260629,PF대출채권,KRW,,100000000,100000000,109,A1,A1,,,(주)수서3블럭에스피씨,외부 신용보강,금융기관,메리츠증권
69344,넥스트비전제오차,KRZF0029H5G1,넥스트비전제오차 20260128-152-5,Y,20260128,20260629,PF대출채권,KRW,,10000000,10000000,109,A1,A1,,,(주)수서3블럭에스피씨,외부 신용보강,금융기관,메리츠증권
72760,뉴스타시네제일차,KRZF0138W1G1,뉴스타시네제일차 20260128-30-1,Y,20260128,20260227,PF대출채권,KRW,,5000000000,5000000000,0,,A1,A1,,(주)한강시네폴리스개발,외부 신용보강,금융기관,케이비증권
72760,뉴스타시네제일차,KRZF0138W2G1,뉴스타시네제일차 20260128-30-2,Y,20260128,20260227,PF대출채권,KRW,,5000000000,5000000000,0,,A1,A1,,(주)한강시네폴리스개발,외부 신용보강,금융기관,케이비증권
72760,뉴스타시네제일차,KRZF0138W3G1,뉴스타시네제일차 20260128-30-3,Y,20260128,20260227,PF대출채권,KRW,,5000000000,5000000000,0,,A1,A1,,(주)한강시네폴리스개발,외부 신용보강,금융기관,케이비증권
72760,뉴스타시네제일차,KRZF0138W4G1,뉴스타시네제일차 20260128-30-4,Y,20260128,20260227,PF대출채권,KRW,,5000000000,5000000000,0,,A1,A1,,(주)한강시네폴리스개발,외부 신용보강,금융기관,케이비증권
72760,뉴스타시네제일차,KRZF0138W5G1,뉴스타시네제일차 20260128-30-5,Y,20260128,20260227,PF대출채권,KRW,,5000000000,5000000000,0,,A1,A1,,(주)한강시네폴리스개발,외부 신용보강,금융기관,케이비증권
72760,뉴스타시네제일차,KRZF0138W6G1,뉴스타시네제일차 20260128-30-6,Y,20260128,20260227,PF대출채권,KRW,,5000000000,5000000000,0,,A1,A1,,(주)한강시네폴리스개발,외부 신용보강,금융기관,케이비증권
53762,베스트수정제삼차,KRZF366701G1,베스트수정제삼차 20260128-181-1,Y,20260128,20260728,PF대출채권,KRW,,1000000000,1000000000,138,A1,,A1,,(주)디에스씨앤디,외부 신용보강,금융기관,한국투자증권
53762,베스트수정제삼차,KRZF366702G1,베스트수정제삼차 20260128-181-2,Y,20260128,20260728,PF대출채권,KRW,,1000000000,1000000000,138,A1,,A1,,(주)디에스씨앤디,외부 신용보강,금융기관,한국투자증권
67461,서울역제일차,KRZFA91711G1,서울역제일차 20260128-90-1,Y,20260128,20260428,PF대출채권,KRW,,5000000000,5000000000,47,A1,A1,,,(주)서울역북부역세권개발,외부 신용보강,공공기관,중소기업은행
67461,서울역제일차,KRZFA9171AG1,서울역제일차 20260128-90-10,Y,20260128,20260428,PF대출채권,KRW,,5000000000,5000000000,47,A1,A1,,,(주)서울역북부역세권개발,외부 신용보강,공공기관,중소기업은행
67461,서울역제일차,KRZFA9171BG1,서울역제일차 20260128-90-11,Y,20260128,20260428,PF대출채권,KRW,,5000000000,5000000000,47,A1,A1,,,(주)서울역북부역세권개발,외부 신용보강,공공기관,중소기업은행
67461,서울역제일차,KRZFA9171CG1,서울역제일차 20260128-90-12,Y,20260128,20260428,PF대출채권,KRW,,5000000000,5000000000,47,A1,A1,,,(주)서울역북부역세권개발,외부 신용보강,공공기관,중소기업은행
67461,서울역제일차,KRZFA9171DG1,서울역제일차 20260128-90-13,Y,20260128,20260428,PF대출채권,KRW,,5000000000,5000000000,47,A1,A1,,,(주)서울역북부역세권개발,외부 신용보강,공공기관,중소기업은행
67461,서울역제일차,KRZFA9171EG1,서울역제일차 20260128-90-14,Y,20260128,20260428,PF대출채권,KRW,,5000000000,5000000000,47,A1,A1,,,(주)서울역북부역세권개발,외부 신용보강,공공기관,중소기업은행
67461,서울역제일차,KRZFA9171FG1,서울역제일차 20260128-90-15,Y,20260128,20260428,PF대출채권,KRW,,5000000000,5000000000,47,A1,A1,,,(주)서울역북부역세권개발,외부 신용보강,공공기관,중소기업은행
67461,서울역제일차,KRZFA9171GG1,서울역제일차 20260128-90-16,Y,20260128,20260428,PF대출채권,KRW,,5000000000,5000000000,47,A1,A1,,,(주)서울역북부역세권개발,외부 신용보강,공공기관,중소기업은행
67461,서울역제일차,KRZFA9171HG1,서울역제일차 20260128-90-17,Y,20260128,20260428,PF대출채권,KRW,,5000000000,5000000000,47,A1,A1,,,(주)서울역북부역세권개발,외부 신용보강,공공기관,중소기업은행
67461,서울역제일차,KRZFA9171JG1,서울역제일차 20260128-90-18,Y,20260128,20260428,PF대출채권,KRW,,5000000000,5000000000,47,A1,A1,,,(주)서울역북부역세권개발,외부 신용보강,공공기관,중소기업은행
67461,서울역제일차,KRZFA9171KG1,서울역제일차 20260128-90-19,Y,20260128,20260428,PF대출채권,KRW,,5000000000,5000000000,47,A1,A1,,,(주)서울역북부역세권개발,외부 신용보강,공공기관,중소기업은행
67461,서울역제일차,KRZFA91712G1,서울역제일차 20260128-90-2,Y,20260128,20260428,PF대출채권,KRW,,5000000000,5000000000,47,A1,A1,,,(주)서울역북부역세권개발,외부 신용보강,공공기관,중소기업은행
67461,서울역제일차,KRZFA9171LG1,서울역제일차 20260128-90-20,Y,20260128,20260428,PF대출채권,KRW,,5000000000,5000000000,47,A1,A1,,,(주)서울역북부역세권개발,외부 신용보강,공공기관,중소기업은행
67461,서울역제일차,KRZFA9171MG1,서울역제일차 20260128-90-21,Y,20260128,20260428,PF대출채권,KRW,,5000000000,5000000000,47,A1,A1,,,(주)서울역북부역세권개발,외부 신용보강,공공기관,중소기업은행
67461,서울역제일차,KRZFA9171NG1,서울역제일차 20260128-90-22,Y,20260128,20260428,PF대출채권,KRW,,5000000000,5000000000,47,A1,A1,,,(주)서울역북부역세권개발,외부 신용보강,공공기관,중소기업은행
67461,서울역제일차,KRZFA9171PG1,서울역제일차 20260128-90-23,Y,20260128,20260428,PF대출채권,KRW,,5000000000,5000000000,47,A1,A1,,,(주)서울역북부역세권개발,외부 신용보강,공공기관,중소기업은행
67461,서울역제일차,KRZFA9171QG1,서울역제일차 20260128-90-24,Y,20260128,20260428,PF대출채권,KRW,,5000000000,5000000000,47,A1,A1,,,(주)서울역북부역세권개발,외부 신용보강,공공기관,중소기업은행
67461,서울역제일차,KRZFA9171RG1,서울역제일차 20260128-90-25,Y,20260128,20260428,PF대출채권,KRW,,1124000000,1124000000,47,A1,A1,,,(주)서울역북부역세권개발,외부 신용보강,공공기관,중소기업은행
67461,서울역제일차,KRZFA91713G1,서울역제일차 20260128-90-3,Y,20260128,20260428,PF대출채권,KRW,,5000000000,5000000000,47,A1,A1,,,(주)서울역북부역세권개발,외부 신용보강,공공기관,중소기업은행
67461,서울역제일차,KRZFA91714G1,서울역제일차 20260128-90-4,Y,20260128,20260428,PF대출채권,KRW,,5000000000,5000000000,47,A1,A1,,,(주)서울역북부역세권개발,외부 신용보강,공공기관,중소기업은행
67461,서울역제일차,KRZFA91715G1,서울역제일차 20260128-90-5,Y,20260128,20260428,PF대출채권,KRW,,5000000000,5000000000,47,A1,A1,,,(주)서울역북부역세권개발,외부 신용보강,공공기관,중소기업은행
67461,서울역제일차,KRZFA91716G1,서울역제일차 20260128-90-6,Y,20260128,20260428,PF대출채권,KRW,,5000000000,5000000000,47,A1,A1,,,(주)서울역북부역세권개발,외부 신용보강,공공기관,중소기업은행
67461,서울역제일차,KRZFA91717G1,서울역제일차 20260128-90-7,Y,20260128,20260428,PF대출채권,KRW,,5000000000,5000000000,47,A1,A1,,,(주)서울역북부역세권개발,외부 신용보강,공공기관,중소기업은행
67461,서울역제일차,KRZFA91718G1,서울역제일차 20260128-90-8,Y,20260128,20260428,PF대출채권,KRW,,5000000000,5000000000,47,A1,A1,,,(주)서울역북부역세권개발,외부 신용보강,공공기관,중소기업은행
67461,서울역제일차,KRZFA91719G1,서울역제일차 20260128-90-9,Y,20260128,20260428,PF대출채권,KRW,,5000000000,5000000000,47,A1,A1,,,(주)서울역북부역세권개발,외부 신용보강,공공기관,중소기업은행
73578,신디제이십차,KRZFA9479GGD,신디제이십차 20260128-219-49,N,20260128,20260904,정기예금,KRW,,178000000,178000000,176,,A1,A1,,하나은행,자체 신용보강,자체 신용보강,하나은행
73578,신디제이십차,KRZFA94791G1,신디제이십차 20260128-61-1,N,20260128,20260330,정기예금,KRW,,5000000000,5000000000,18,,A1,A1,,하나은행,자체 신용보강,자체 신용보강,하나은행
73578,신디제이십차,KRZFA9479AG1,신디제이십차 20260128-61-10,N,20260128,20260330,정기예금,KRW,,5000000000,5000000000,18,,A1,A1,,하나은행,자체 신용보강,자체 신용보강,하나은행
73578,신디제이십차,KRZFA9479BG1,신디제이십차 20260128-61-11,N,20260128,20260330,정기예금,KRW,,5000000000,5000000000,18,,A1,A1,,하나은행,자체 신용보강,자체 신용보강,하나은행
73578,신디제이십차,KRZFA9479CG1,신디제이십차 20260128-61-12,N,20260128,20260330,정기예금,KRW,,5000000000,5000000000,18,,A1,A1,,하나은행,자체 신용보강,자체 신용보강,하나은행
73578,신디제이십차,KRZFA9479DG1,신디제이십차 20260128-61-13,N,20260128,20260330,정기예금,KRW,,5000000000,5000000000,18,,A1,A1,,하나은행,자체 신용보강,자체 신용보강,하나은행
73578,신디제이십차,KRZFA9479EG1,신디제이십차 20260128-61-14,N,20260128,20260330,정기예금,KRW,,5000000000,5000000000,18,,A1,A1,,하나은행,자체 신용보강,자체 신용보강,하나은행
73578,신디제이십차,KRZFA9479FG1,신디제이십차 20260128-61-15,N,20260128,20260330,정기예금,KRW,,5000000000,5000000000,18,,A1,A1,,하나은행,자체 신용보강,자체 신용보강,하나은행
73578,신디제이십차,KRZFA9479GG1,신디제이십차 20260128-61-16,N,20260128,20260330,정기예금,KRW,,5000000000,5000000000,18,,A1,A1,,하나은행,자체 신용보강,자체 신용보강,하나은행
73578,신디제이십차,KRZFA9479HG1,신디제이십차 20260128-61-17,N,20260128,20260330,정기예금,KRW,,5000000000,5000000000,18,,A1,A1,,하나은행,자체 신용보강,자체 신용보강,하나은행
73578,신디제이십차,KRZFA9479JG1,신디제이십차 20260128-61-18,N,20260128,20260330,정기예금,KRW,,5000000000,5000000000,18,,A1,A1,,하나은행,자체 신용보강,자체 신용보강,하나은행
73578,신디제이십차,KRZFA9479KG1,신디제이십차 20260128-61-19,N,20260128,20260330,정기예금,KRW,,5000000000,5000000000,18,,A1,A1,,하나은행,자체 신용보강,자체 신용보강,하나은행
73578,신디제이십차,KRZFA94792G1,신디제이십차 20260128-61-2,N,20260128,20260330,정기예금,KRW,,5000000000,5000000000,18,,A1,A1,,하나은행,자체 신용보강,자체 신용보강,하나은행
73578,신디제이십차,KRZFA9479LG1,신디제이십차 20260128-61-20,N,20260128,20260330,정기예금,KRW,,5000000000,5000000000,18,,A1,A1,,하나은행,자체 신용보강,자체 신용보강,하나은행
73578,신디제이십차,KRZFA9479MG1,신디제이십차 20260128-61-21,N,20260128,20260330,정기예금,KRW,,5000000000,5000000000,18,,A1,A1,,하나은행,자체 신용보강,자체 신용보강,하나은행
73578,신디제이십차,KRZFA9479NG1,신디제이십차 20260128-61-22,N,20260128,20260330,정기예금,KRW,,5000000000,5000000000,18,,A1,A1,,하나은행,자체 신용보강,자체 신용보강,하나은행
73578,신디제이십차,KRZFA9479PG1,신디제이십차 20260128-61-23,N,20260128,20260330,정기예금,KRW,,5000000000,5000000000,18,,A1,A1,,하나은행,자체 신용보강,자체 신용보강,하나은행
73578,신디제이십차,KRZFA9479QG1,신디제이십차 20260128-61-24,N,20260128,20260330,정기예금,KRW,,5000000000,5000000000,18,,A1,A1,,하나은행,자체 신용보강,자체 신용보강,하나은행
73578,신디제이십차,KRZFA9479RG1,신디제이십차 20260128-61-25,N,20260128,20260330,정기예금,KRW,,5000000000,5000000000,18,,A1,A1,,하나은행,자체 신용보강,자체 신용보강,하나은행
73578,신디제이십차,KRZFA9479SG1,신디제이십차 20260128-61-26,N,20260128,20260330,정기예금,KRW,,5000000000,5000000000,18,,A1,A1,,하나은행,자체 신용보강,자체 신용보강,하나은행
73578,신디제이십차,KRZFA9479TG1,신디제이십차 20260128-61-27,N,20260128,20260330,정기예금,KRW,,5000000000,5000000000,18,,A1,A1,,하나은행,자체 신용보강,자체 신용보강,하나은행
73578,신디제이십차,KRZFA9479VG1,신디제이십차 20260128-61-28,N,20260128,20260330,정기예금,KRW,,5000000000,5000000000,18,,A1,A1,,하나은행,자체 신용보강,자체 신용보강,하나은행
73578,신디제이십차,KRZFA9479WG1,신디제이십차 20260128-61-29,N,20260128,20260330,정기예금,KRW,,5000000000,5000000000,18,,A1,A1,,하나은행,자체 신용보강,자체 신용보강,하나은행
73578,신디제이십차,KRZFA94793G1,신디제이십차 20260128-61-3,N,20260128,20260330,정기예금,KRW,,5000000000,5000000000,18,,A1,A1,,하나은행,자체 신용보강,자체 신용보강,하나은행
73578,신디제이십차,KRZFA9479XG1,신디제이십차 20260128-61-30,N,20260128,20260330,정기예금,KRW,,5000000000,5000000000,18,,A1,A1,,하나은행,자체 신용보강,자체 신용보강,하나은행
73578,신디제이십차,KRZFA9479YG1,신디제이십차 20260128-61-31,N,20260128,20260330,정기예금,KRW,,5000000000,5000000000,18,,A1,A1,,하나은행,자체 신용보강,자체 신용보강,하나은행
73578,신디제이십차,KRZFA9479ZG1,신디제이십차 20260128-61-32,N,20260128,20260330,정기예금,KRW,,5000000000,5000000000,18,,A1,A1,,하나은행,자체 신용보강,자체 신용보강,하나은행
73578,신디제이십차,KRZFA94790GD,신디제이십차 20260128-61-33,N,20260128,20260330,정기예금,KRW,,5000000000,5000000000,18,,A1,A1,,하나은행,자체 신용보강,자체 신용보강,하나은행
73578,신디제이십차,KRZFA94791GD,신디제이십차 20260128-61-34,N,20260128,20260330,정기예금,KRW,,5000000000,5000000000,18,,A1,A1,,하나은행,자체 신용보강,자체 신용보강,하나은행
73578,신디제이십차,KRZFA94792GD,신디제이십차 20260128-61-35,N,20260128,20260330,정기예금,KRW,,5000000000,5000000000,18,,A1,A1,,하나은행,자체 신용보강,자체 신용보강,하나은행
73578,신디제이십차,KRZFA94793GD,신디제이십차 20260128-61-36,N,20260128,20260330,정기예금,KRW,,5000000000,5000000000,18,,A1,A1,,하나은행,자체 신용보강,자체 신용보강,하나은행
73578,신디제이십차,KRZFA94794GD,신디제이십차 20260128-61-37,N,20260128,20260330,정기예금,KRW,,5000000000,5000000000,18,,A1,A1,,하나은행,자체 신용보강,자체 신용보강,하나은행
73578,신디제이십차,KRZFA94795GD,신디제이십차 20260128-61-38,N,20260128,20260330,정기예금,KRW,,5000000000,5000000000,18,,A1,A1,,하나은행,자체 신용보강,자체 신용보강,하나은행
73578,신디제이십차,KRZFA94796GD,신디제이십차 20260128-61-39,N,20260128,20260330,정기예금,KRW,,5000000000,5000000000,18,,A1,A1,,하나은행,자체 신용보강,자체 신용보강,하나은행
73578,신디제이십차,KRZFA94794G1,신디제이십차 20260128-61-4,N,20260128,20260330,정기예금,KRW,,5000000000,5000000000,18,,A1,A1,,하나은행,자체 신용보강,자체 신용보강,하나은행
73578,신디제이십차,KRZFA94797GD,신디제이십차 20260128-61-40,N,20260128,20260330,정기예금,KRW,,5000000000,5000000000,18,,A1,A1,,하나은행,자체 신용보강,자체 신용보강,하나은행
73578,신디제이십차,KRZFA94798GD,신디제이십차 20260128-61-41,N,20260128,20260330,정기예금,KRW,,5000000000,5000000000,18,,A1,A1,,하나은행,자체 신용보강,자체 신용보강,하나은행
73578,신디제이십차,KRZFA94799GD,신디제이십차 20260128-61-42,N,20260128,20260330,정기예금,KRW,,5000000000,5000000000,18,,A1,A1,,하나은행,자체 신용보강,자체 신용보강,하나은행
73578,신디제이십차,KRZFA9479AGD,신디제이십차 20260128-61-43,N,20260128,20260330,정기예금,KRW,,5000000000,5000000000,18,,A1,A1,,하나은행,자체 신용보강,자체 신용보강,하나은행
73578,신디제이십차,KRZFA9479BGD,신디제이십차 20260128-61-44,N,20260128,20260330,정기예금,KRW,,5000000000,5000000000,18,,A1,A1,,하나은행,자체 신용보강,자체 신용보강,하나은행
73578,신디제이십차,KRZFA9479CGD,신디제이십차 20260128-61-45,N,20260128,20260330,정기예금,KRW,,5000000000,5000000000,18,,A1,A1,,하나은행,자체 신용보강,자체 신용보강,하나은행
73578,신디제이십차,KRZFA9479DGD,신디제이십차 20260128-61-46,N,20260128,20260330,정기예금,KRW,,5000000000,5000000000,18,,A1,A1,,하나은행,자체 신용보강,자체 신용보강,하나은행
73578,신디제이십차,KRZFA9479EGD,신디제이십차 20260128-61-47,N,20260128,20260330,정기예금,KRW,,5000000000,5000000000,18,,A1,A1,,하나은행,자체 신용보강,자체 신용보강,하나은행
73578,신디제이십차,KRZFA9479FGD,신디제이십차 20260128-61-48,N,20260128,20260330,정기예금,KRW,,5000000000,5000000000,18,,A1,A1,,하나은행,자체 신용보강,자체 신용보강,하나은행
73578,신디제이십차,KRZFA94795G1,신디제이십차 20260128-61-5,N,20260128,20260330,정기예금,KRW,,5000000000,5000000000,18,,A1,A1,,하나은행,자체 신용보강,자체 신용보강,하나은행
73578,신디제이십차,KRZFA94796G1,신디제이십차 20260128-61-6,N,20260128,20260330,정기예금,KRW,,5000000000,5000000000,18,,A1,A1,,하나은행,자체 신용보강,자체 신용보강,하나은행
73578,신디제이십차,KRZFA94797G1,신디제이십차 20260128-61-7,N,20260128,20260330,정기예금,KRW,,5000000000,5000000000,18,,A1,A1,,하나은행,자체 신용보강,자체 신용보강,하나은행
73578,신디제이십차,KRZFA94798G1,신디제이십차 20260128-61-8,N,20260128,20260330,정기예금,KRW,,5000000000,5000000000,18,,A1,A1,,하나은행,자체 신용보강,자체 신용보강,하나은행
73578,신디제이십차,KRZFA94799G1,신디제이십차 20260128-61-9,N,20260128,20260330,정기예금,KRW,,5000000000,5000000000,18,,A1,A1,,하나은행,자체 신용보강,자체 신용보강,하나은행
65159,에스프로젝트더블유,KRZFA80131G1,에스프로젝트더블유 20260128-90-1,N,20260128,20260428,대출채권,KRW,,5000000000,5000000000,47,,A1,A1,,대우건설,차환발행위험(유동성 공여형 매입약정),금융기관,신한은행
65159,에스프로젝트더블유,KRZFA8013AG1,에스프로젝트더블유 20260128-90-10,N,20260128,20260428,대출채권,KRW,,5000000000,5000000000,47,,A1,A1,,대우건설,차환발행위험(유동성 공여형 매입약정),금융기관,신한은행
65159,에스프로젝트더블유,KRZFA80132G1,에스프로젝트더블유 20260128-90-2,N,20260128,20260428,대출채권,KRW,,5000000000,5000000000,47,,A1,A1,,대우건설,차환발행위험(유동성 공여형 매입약정),금융기관,신한은행
65159,에스프로젝트더블유,KRZFA80133G1,에스프로젝트더블유 20260128-90-3,N,20260128,20260428,대출채권,KRW,,5000000000,5000000000,47,,A1,A1,,대우건설,차환발행위험(유동성 공여형 매입약정),금융기관,신한은행
65159,에스프로젝트더블유,KRZFA80134G1,에스프로젝트더블유 20260128-90-4,N,20260128,20260428,대출채권,KRW,,5000000000,5000000000,47,,A1,A1,,대우건설,차환발행위험(유동성 공여형 매입약정),금융기관,신한은행
65159,에스프로젝트더블유,KRZFA80135G1,에스프로젝트더블유 20260128-90-5,N,20260128,20260428,대출채권,KRW,,5000000000,5000000000,47,,A1,A1,,대우건설,차환발행위험(유동성 공여형 매입약정),금융기관,신한은행
65159,에스프로젝트더블유,KRZFA80136G1,에스프로젝트더블유 20260128-90-6,N,20260128,20260428,대출채권,KRW,,5000000000,5000000000,47,,A1,A1,,대우건설,차환발행위험(유동성 공여형 매입약정),금융기관,신한은행
65159,에스프로젝트더블유,KRZFA80137G1,에스프로젝트더블유 20260128-90-7,N,20260128,20260428,대출채권,KRW,,5000000000,5000000000,47,,A1,A1,,대우건설,차환발행위험(유동성 공여형 매입약정),금융기관,신한은행
65159,에스프로젝트더블유,KRZFA80138G1,에스프로젝트더블유 20260128-90-8,N,20260128,20260428,대출채권,KRW,,5000000000,5000000000,47,,A1,A1,,대우건설,차환발행위험(유동성 공여형 매입약정),금융기관,신한은행
65159,에스프로젝트더블유,KRZFA80139G1,에스프로젝트더블유 20260128-90-9,N,20260128,20260428,대출채권,KRW,,5000000000,5000000000,47,,A1,A1,,대우건설,차환발행위험(유동성 공여형 매입약정),금융기관,신한은행
61698,에스프로젝트디,KRZFA58161G1,에스프로젝트디 20260128-90-1,N,20260128,20260428,대출채권,KRW,,5000000000,5000000000,47,A1,,A1,,대우건설,외부 신용보강,금융기관,신한은행
61698,에스프로젝트디,KRZFA58162G1,에스프로젝트디 20260128-90-2,N,20260128,20260428,대출채권,KRW,,5000000000,5000000000,47,A1,,A1,,대우건설,외부 신용보강,금융기관,신한은행
61698,에스프로젝트디,KRZFA58163G1,에스프로젝트디 20260128-90-3,N,20260128,20260428,대출채권,KRW,,5000000000,5000000000,47,A1,,A1,,대우건설,외부 신용보강,금융기관,신한은행
69111,에스프로젝트에이치씨,KRZF0027N1G1,에스프로젝트에이치씨 20260128-90-1,N,20260128,20260428,대출채권,KRW,,5000000000,5000000000,47,A1,,A1,,에이치디현대케미칼(주),외부 신용보강,금융기관,신한은행
69111,에스프로젝트에이치씨,KRZF0027N2G1,에스프로젝트에이치씨 20260128-90-2,N,20260128,20260428,대출채권,KRW,,5000000000,5000000000,47,A1,,A1,,에이치디현대케미칼(주),외부 신용보강,금융기관,신한은행
73579,와이디피제육차,KRZFA7038GGD,와이디피제육차 20260128-219-49,N,20260128,20260904,정기예금,KRW,,148000000,148000000,176,,A1,A1,,하나은행,자체 신용보강,자체 신용보강,하나은행
73579,와이디피제육차,KRZFA70381G1,와이디피제육차 20260128-51-1,N,20260128,20260320,정기예금,KRW,,5000000000,5000000000,8,,A1,A1,,하나은행,자체 신용보강,자체 신용보강,하나은행
73579,와이디피제육차,KRZFA7038AG1,와이디피제육차 20260128-51-10,N,20260128,20260320,정기예금,KRW,,5000000000,5000000000,8,,A1,A1,,하나은행,자체 신용보강,자체 신용보강,하나은행
73579,와이디피제육차,KRZFA7038BG1,와이디피제육차 20260128-51-11,N,20260128,20260320,정기예금,KRW,,5000000000,5000000000,8,,A1,A1,,하나은행,자체 신용보강,자체 신용보강,하나은행
73579,와이디피제육차,KRZFA7038CG1,와이디피제육차 20260128-51-12,N,20260128,20260320,정기예금,KRW,,5000000000,5000000000,8,,A1,A1,,하나은행,자체 신용보강,자체 신용보강,하나은행
73579,와이디피제육차,KRZFA7038DG1,와이디피제육차 20260128-51-13,N,20260128,20260320,정기예금,KRW,,5000000000,5000000000,8,,A1,A1,,하나은행,자체 신용보강,자체 신용보강,하나은행
73579,와이디피제육차,KRZFA7038EG1,와이디피제육차 20260128-51-14,N,20260128,20260320,정기예금,KRW,,5000000000,5000000000,8,,A1,A1,,하나은행,자체 신용보강,자체 신용보강,하나은행
73579,와이디피제육차,KRZFA7038FG1,와이디피제육차 20260128-51-15,N,20260128,20260320,정기예금,KRW,,5000000000,5000000000,8,,A1,A1,,하나은행,자체 신용보강,자체 신용보강,하나은행
73579,와이디피제육차,KRZFA7038GG1,와이디피제육차 20260128-51-16,N,20260128,20260320,정기예금,KRW,,5000000000,5000000000,8,,A1,A1,,하나은행,자체 신용보강,자체 신용보강,하나은행
73579,와이디피제육차,KRZFA7038HG1,와이디피제육차 20260128-51-17,N,20260128,20260320,정기예금,KRW,,5000000000,5000000000,8,,A1,A1,,하나은행,자체 신용보강,자체 신용보강,하나은행
73579,와이디피제육차,KRZFA7038JG1,와이디피제육차 20260128-51-18,N,20260128,20260320,정기예금,KRW,,5000000000,5000000000,8,,A1,A1,,하나은행,자체 신용보강,자체 신용보강,하나은행
73579,와이디피제육차,KRZFA7038KG1,와이디피제육차 20260128-51-19,N,20260128,20260320,정기예금,KRW,,5000000000,5000000000,8,,A1,A1,,하나은행,자체 신용보강,자체 신용보강,하나은행
73579,와이디피제육차,KRZFA70382G1,와이디피제육차 20260128-51-2,N,20260128,20260320,정기예금,KRW,,5000000000,5000000000,8,,A1,A1,,하나은행,자체 신용보강,자체 신용보강,하나은행
73579,와이디피제육차,KRZFA7038LG1,와이디피제육차 20260128-51-20,N,20260128,20260320,정기예금,KRW,,5000000000,5000000000,8,,A1,A1,,하나은행,자체 신용보강,자체 신용보강,하나은행
73579,와이디피제육차,KRZFA7038MG1,와이디피제육차 20260128-51-21,N,20260128,20260320,정기예금,KRW,,5000000000,5000000000,8,,A1,A1,,하나은행,자체 신용보강,자체 신용보강,하나은행
73579,와이디피제육차,KRZFA7038NG1,와이디피제육차 20260128-51-22,N,20260128,20260320,정기예금,KRW,,5000000000,5000000000,8,,A1,A1,,하나은행,자체 신용보강,자체 신용보강,하나은행
73579,와이디피제육차,KRZFA7038PG1,와이디피제육차 20260128-51-23,N,20260128,20260320,정기예금,KRW,,5000000000,5000000000,8,,A1,A1,,하나은행,자체 신용보강,자체 신용보강,하나은행
73579,와이디피제육차,KRZFA7038QG1,와이디피제육차 20260128-51-24,N,20260128,20260320,정기예금,KRW,,5000000000,5000000000,8,,A1,A1,,하나은행,자체 신용보강,자체 신용보강,하나은행
73579,와이디피제육차,KRZFA7038RG1,와이디피제육차 20260128-51-25,N,20260128,20260320,정기예금,KRW,,5000000000,5000000000,8,,A1,A1,,하나은행,자체 신용보강,자체 신용보강,하나은행
73579,와이디피제육차,KRZFA7038SG1,와이디피제육차 20260128-51-26,N,20260128,20260320,정기예금,KRW,,5000000000,5000000000,8,,A1,A1,,하나은행,자체 신용보강,자체 신용보강,하나은행
73579,와이디피제육차,KRZFA7038TG1,와이디피제육차 20260128-51-27,N,20260128,20260320,정기예금,KRW,,5000000000,5000000000,8,,A1,A1,,하나은행,자체 신용보강,자체 신용보강,하나은행
73579,와이디피제육차,KRZFA7038VG1,와이디피제육차 20260128-51-28,N,20260128,20260320,정기예금,KRW,,5000000000,5000000000,8,,A1,A1,,하나은행,자체 신용보강,자체 신용보강,하나은행
73579,와이디피제육차,KRZFA7038WG1,와이디피제육차 20260128-51-29,N,20260128,20260320,정기예금,KRW,,5000000000,5000000000,8,,A1,A1,,하나은행,자체 신용보강,자체 신용보강,하나은행
73579,와이디피제육차,KRZFA70383G1,와이디피제육차 20260128-51-3,N,20260128,20260320,정기예금,KRW,,5000000000,5000000000,8,,A1,A1,,하나은행,자체 신용보강,자체 신용보강,하나은행
73579,와이디피제육차,KRZFA7038XG1,와이디피제육차 20260128-51-30,N,20260128,20260320,정기예금,KRW,,5000000000,5000000000,8,,A1,A1,,하나은행,자체 신용보강,자체 신용보강,하나은행
73579,와이디피제육차,KRZFA7038YG1,와이디피제육차 20260128-51-31,N,20260128,20260320,정기예금,KRW,,5000000000,5000000000,8,,A1,A1,,하나은행,자체 신용보강,자체 신용보강,하나은행
73579,와이디피제육차,KRZFA7038ZG1,와이디피제육차 20260128-51-32,N,20260128,20260320,정기예금,KRW,,5000000000,5000000000,8,,A1,A1,,하나은행,자체 신용보강,자체 신용보강,하나은행
73579,와이디피제육차,KRZFA70380GD,와이디피제육차 20260128-51-33,N,20260128,20260320,정기예금,KRW,,5000000000,5000000000,8,,A1,A1,,하나은행,자체 신용보강,자체 신용보강,하나은행
73579,와이디피제육차,KRZFA70381GD,와이디피제육차 20260128-51-34,N,20260128,20260320,정기예금,KRW,,5000000000,5000000000,8,,A1,A1,,하나은행,자체 신용보강,자체 신용보강,하나은행
73579,와이디피제육차,KRZFA70382GD,와이디피제육차 20260128-51-35,N,20260128,20260320,정기예금,KRW,,5000000000,5000000000,8,,A1,A1,,하나은행,자체 신용보강,자체 신용보강,하나은행
73579,와이디피제육차,KRZFA70383GD,와이디피제육차 20260128-51-36,N,20260128,20260320,정기예금,KRW,,5000000000,5000000000,8,,A1,A1,,하나은행,자체 신용보강,자체 신용보강,하나은행
73579,와이디피제육차,KRZFA70384GD,와이디피제육차 20260128-51-37,N,20260128,20260320,정기예금,KRW,,5000000000,5000000000,8,,A1,A1,,하나은행,자체 신용보강,자체 신용보강,하나은행
73579,와이디피제육차,KRZFA70385GD,와이디피제육차 20260128-51-38,N,20260128,20260320,정기예금,KRW,,5000000000,5000000000,8,,A1,A1,,하나은행,자체 신용보강,자체 신용보강,하나은행
73579,와이디피제육차,KRZFA70386GD,와이디피제육차 20260128-51-39,N,20260128,20260320,정기예금,KRW,,5000000000,5000000000,8,,A1,A1,,하나은행,자체 신용보강,자체 신용보강,하나은행
73579,와이디피제육차,KRZFA70384G1,와이디피제육차 20260128-51-4,N,20260128,20260320,정기예금,KRW,,5000000000,5000000000,8,,A1,A1,,하나은행,자체 신용보강,자체 신용보강,하나은행
73579,와이디피제육차,KRZFA70387GD,와이디피제육차 20260128-51-40,N,20260128,20260320,정기예금,KRW,,5000000000,5000000000,8,,A1,A1,,하나은행,자체 신용보강,자체 신용보강,하나은행
73579,와이디피제육차,KRZFA70388GD,와이디피제육차 20260128-51-41,N,20260128,20260320,정기예금,KRW,,5000000000,5000000000,8,,A1,A1,,하나은행,자체 신용보강,자체 신용보강,하나은행
73579,와이디피제육차,KRZFA70389GD,와이디피제육차 20260128-51-42,N,20260128,20260320,정기예금,KRW,,5000000000,5000000000,8,,A1,A1,,하나은행,자체 신용보강,자체 신용보강,하나은행
73579,와이디피제육차,KRZFA7038AGD,와이디피제육차 20260128-51-43,N,20260128,20260320,정기예금,KRW,,5000000000,5000000000,8,,A1,A1,,하나은행,자체 신용보강,자체 신용보강,하나은행
73579,와이디피제육차,KRZFA7038BGD,와이디피제육차 20260128-51-44,N,20260128,20260320,정기예금,KRW,,5000000000,5000000000,8,,A1,A1,,하나은행,자체 신용보강,자체 신용보강,하나은행
73579,와이디피제육차,KRZFA7038CGD,와이디피제육차 20260128-51-45,N,20260128,20260320,정기예금,KRW,,5000000000,5000000000,8,,A1,A1,,하나은행,자체 신용보강,자체 신용보강,하나은행
73579,와이디피제육차,KRZFA7038DGD,와이디피제육차 20260128-51-46,N,20260128,20260320,정기예금,KRW,,5000000000,5000000000,8,,A1,A1,,하나은행,자체 신용보강,자체 신용보강,하나은행
73579,와이디피제육차,KRZFA7038EGD,와이디피제육차 20260128-51-47,N,20260128,20260320,정기예금,KRW,,5000000000,5000000000,8,,A1,A1,,하나은행,자체 신용보강,자체 신용보강,하나은행
73579,와이디피제육차,KRZFA7038FGD,와이디피제육차 20260128-51-48,N,20260128,20260320,정기예금,KRW,,5000000000,5000000000,8,,A1,A1,,하나은행,자체 신용보강,자체 신용보강,하나은행
73579,와이디피제육차,KRZFA70385G1,와이디피제육차 20260128-51-5,N,20260128,20260320,정기예금,KRW,,5000000000,5000000000,8,,A1,A1,,하나은행,자체 신용보강,자체 신용보강,하나은행
73579,와이디피제육차,KRZFA70386G1,와이디피제육차 20260128-51-6,N,20260128,20260320,정기예금,KRW,,5000000000,5000000000,8,,A1,A1,,하나은행,자체 신용보강,자체 신용보강,하나은행
73579,와이디피제육차,KRZFA70387G1,와이디피제육차 20260128-51-7,N,20260128,20260320,정기예금,KRW,,5000000000,5000000000,8,,A1,A1,,하나은행,자체 신용보강,자체 신용보강,하나은행
73579,와이디피제육차,KRZFA70388G1,와이디피제육차 20260128-51-8,N,20260128,20260320,정기예금,KRW,,5000000000,5000000000,8,,A1,A1,,하나은행,자체 신용보강,자체 신용보강,하나은행
73579,와이디피제육차,KRZFA70389G1,와이디피제육차 20260128-51-9,N,20260128,20260320,정기예금,KRW,,5000000000,5000000000,8,,A1,A1,,하나은행,자체 신용보강,자체 신용보강,하나은행
73575,와이디피제이십차,KRZF0067FJG1,와이디피제이십차 20260128-114-18,N,20260128,20260522,정기예금,KRW,,5000000000,5000000000,71,A1,A1,A1,,신한은행,자체 신용보강,자체 신용보강,신한은행
73575,와이디피제이십차,KRZF0067FKG1,와이디피제이십차 20260128-114-19,N,20260128,20260522,정기예금,KRW,,5000000000,5000000000,71,A1,A1,A1,,신한은행,자체 신용보강,자체 신용보강,신한은행
73575,와이디피제이십차,KRZF0067F2G1,와이디피제이십차 20260128-114-2,N,20260128,20260522,정기예금,KRW,,5000000000,5000000000,71,A1,A1,A1,,신한은행,자체 신용보강,자체 신용보강,신한은행
73575,와이디피제이십차,KRZF0067FLG1,와이디피제이십차 20260128-114-20,N,20260128,20260522,정기예금,KRW,,5000000000,5000000000,71,A1,A1,A1,,신한은행,자체 신용보강,자체 신용보강,신한은행
73575,와이디피제이십차,KRZF0067FMG1,와이디피제이십차 20260128-114-21,N,20260128,20260522,정기예금,KRW,,5000000000,5000000000,71,A1,A1,A1,,신한은행,자체 신용보강,자체 신용보강,신한은행
73575,와이디피제이십차,KRZF0067FNG1,와이디피제이십차 20260128-114-22,N,20260128,20260522,정기예금,KRW,,5000000000,5000000000,71,A1,A1,A1,,신한은행,자체 신용보강,자체 신용보강,신한은행
73575,와이디피제이십차,KRZF0067FPG1,와이디피제이십차 20260128-114-23,N,20260128,20260522,정기예금,KRW,,5000000000,5000000000,71,A1,A1,A1,,신한은행,자체 신용보강,자체 신용보강,신한은행
73575,와이디피제이십차,KRZF0067FQG1,와이디피제이십차 20260128-114-24,N,20260128,20260522,정기예금,KRW,,5000000000,5000000000,71,A1,A1,A1,,신한은행,자체 신용보강,자체 신용보강,신한은행
73575,와이디피제이십차,KRZF0067FRG1,와이디피제이십차 20260128-114-25,N,20260128,20260522,정기예금,KRW,,5000000000,5000000000,71,A1,A1,A1,,신한은행,자체 신용보강,자체 신용보강,신한은행
73575,와이디피제이십차,KRZF0067FSG1,와이디피제이십차 20260128-114-26,N,20260128,20260522,정기예금,KRW,,5000000000,5000000000,71,A1,A1,A1,,신한은행,자체 신용보강,자체 신용보강,신한은행
73575,와이디피제이십차,KRZF0067FTG1,와이디피제이십차 20260128-114-27,N,20260128,20260522,정기예금,KRW,,5000000000,5000000000,71,A1,A1,A1,,신한은행,자체 신용보강,자체 신용보강,신한은행
73575,와이디피제이십차,KRZF0067FVG1,와이디피제이십차 20260128-114-28,N,20260128,20260522,정기예금,KRW,,5000000000,5000000000,71,A1,A1,A1,,신한은행,자체 신용보강,자체 신용보강,신한은행
73575,와이디피제이십차,KRZF0067FWG1,와이디피제이십차 20260128-114-29,N,20260128,20260522,정기예금,KRW,,5000000000,5000000000,71,A1,A1,A1,,신한은행,자체 신용보강,자체 신용보강,신한은행
73575,와이디피제이십차,KRZF0067FXG1,와이디피제이십차 20260128-114-30,N,20260128,20260522,정기예금,KRW,,5000000000,5000000000,71,A1,A1,A1,,신한은행,자체 신용보강,자체 신용보강,신한은행
73575,와이디피제이십차,KRZF0067FYG1,와이디피제이십차 20260128-114-31,N,20260128,20260522,정기예금,KRW,,5000000000,5000000000,71,A1,A1,A1,,신한은행,자체 신용보강,자체 신용보강,신한은행
73575,와이디피제이십차,KRZF0067FZG1,와이디피제이십차 20260128-114-32,N,20260128,20260522,정기예금,KRW,,5000000000,5000000000,71,A1,A1,A1,,신한은행,자체 신용보강,자체 신용보강,신한은행
73575,와이디피제이십차,KRZF0067F0GD,와이디피제이십차 20260128-114-33,N,20260128,20260522,정기예금,KRW,,5000000000,5000000000,71,A1,A1,A1,,신한은행,자체 신용보강,자체 신용보강,신한은행
73575,와이디피제이십차,KRZF0067F1GD,와이디피제이십차 20260128-114-34,N,20260128,20260522,정기예금,KRW,,5000000000,5000000000,71,A1,A1,A1,,신한은행,자체 신용보강,자체 신용보강,신한은행
73575,와이디피제이십차,KRZF0067F2GD,와이디피제이십차 20260128-114-35,N,20260128,20260522,정기예금,KRW,,5000000000,5000000000,71,A1,A1,A1,,신한은행,자체 신용보강,자체 신용보강,신한은행
73575,와이디피제이십차,KRZF0067F3GD,와이디피제이십차 20260128-114-36,N,20260128,20260522,정기예금,KRW,,5000000000,5000000000,71,A1,A1,A1,,신한은행,자체 신용보강,자체 신용보강,신한은행
73575,와이디피제이십차,KRZF0067F4GD,와이디피제이십차 20260128-114-37,N,20260128,20260522,정기예금,KRW,,5000000000,5000000000,71,A1,A1,A1,,신한은행,자체 신용보강,자체 신용보강,신한은행
73575,와이디피제이십차,KRZF0067F5GD,와이디피제이십차 20260128-114-38,N,20260128,20260522,정기예금,KRW,,5000000000,5000000000,71,A1,A1,A1,,신한은행,자체 신용보강,자체 신용보강,신한은행
73575,와이디피제이십차,KRZF0067F6GD,와이디피제이십차 20260128-114-39,N,20260128,20260522,정기예금,KRW,,5000000000,5000000000,71,A1,A1,A1,,신한은행,자체 신용보강,자체 신용보강,신한은행
73575,와이디피제이십차,KRZF0067F7GD,와이디피제이십차 20260128-114-40,N,20260128,20260522,정기예금,KRW,,5000000000,5000000000,71,A1,A1,A1,,신한은행,자체 신용보강,자체 신용보강,신한은행
73575,와이디피제이십차,KRZF0067F8GD,와이디피제이십차 20260128-114-41,N,20260128,20260522,정기예금,KRW,,5000000000,5000000000,71,A1,A1,A1,,신한은행,자체 신용보강,자체 신용보강,신한은행
73575,와이디피제이십차,KRZF0067F9GD,와이디피제이십차 20260128-114-42,N,20260128,20260522,정기예금,KRW,,5000000000,5000000000,71,A1,A1,A1,,신한은행,자체 신용보강,자체 신용보강,신한은행
73575,와이디피제이십차,KRZF0067FAGD,와이디피제이십차 20260128-114-43,N,20260128,20260522,정기예금,KRW,,5000000000,5000000000,71,A1,A1,A1,,신한은행,자체 신용보강,자체 신용보강,신한은행
73575,와이디피제이십차,KRZF0067FBGD,와이디피제이십차 20260128-114-44,N,20260128,20260522,정기예금,KRW,,5000000000,5000000000,71,A1,A1,A1,,신한은행,자체 신용보강,자체 신용보강,신한은행
73575,와이디피제이십차,KRZF0067FCGD,와이디피제이십차 20260128-114-45,N,20260128,20260522,정기예금,KRW,,5000000000,5000000000,71,A1,A1,A1,,신한은행,자체 신용보강,자체 신용보강,신한은행
73575,와이디피제이십차,KRZF0067FDGD,와이디피제이십차 20260128-114-46,N,20260128,20260522,정기예금,KRW,,5000000000,5000000000,71,A1,A1,A1,,신한은행,자체 신용보강,자체 신용보강,신한은행
73575,와이디피제이십차,KRZF0067FEGD,와이디피제이십차 20260128-114-47,N,20260128,20260522,정기예금,KRW,,5000000000,5000000000,71,A1,A1,A1,,신한은행,자체 신용보강,자체 신용보강,신한은행
73575,와이디피제이십차,KRZF0067FFGD,와이디피제이십차 20260128-282-48,N,20260128,20261106,정기예금,KRW,,305000000,305000000,239,A1,A1,A1,,신한은행,자체 신용보강,자체 신용보강,신한은행
73575,와이디피제이십차,KRZF0067F1G1,와이디피제이십차 20260128-89-1,N,20260128,20260427,정기예금,KRW,,5000000000,5000000000,46,A1,A1,A1,,신한은행,자체 신용보강,자체 신용보강,신한은행
73575,와이디피제이십차,KRZF0067FAG1,와이디피제이십차 20260128-89-10,N,20260128,20260427,정기예금,KRW,,5000000000,5000000000,46,A1,A1,A1,,신한은행,자체 신용보강,자체 신용보강,신한은행
73575,와이디피제이십차,KRZF0067FBG1,와이디피제이십차 20260128-89-11,N,20260128,20260427,정기예금,KRW,,5000000000,5000000000,46,A1,A1,A1,,신한은행,자체 신용보강,자체 신용보강,신한은행
73575,와이디피제이십차,KRZF0067FCG1,와이디피제이십차 20260128-89-12,N,20260128,20260427,정기예금,KRW,,5000000000,5000000000,46,A1,A1,A1,,신한은행,자체 신용보강,자체 신용보강,신한은행
73575,와이디피제이십차,KRZF0067FDG1,와이디피제이십차 20260128-89-13,N,20260128,20260427,정기예금,KRW,,5000000000,5000000000,46,A1,A1,A1,,신한은행,자체 신용보강,자체 신용보강,신한은행
73575,와이디피제이십차,KRZF0067FEG1,와이디피제이십차 20260128-89-14,N,20260128,20260427,정기예금,KRW,,5000000000,5000000000,46,A1,A1,A1,,신한은행,자체 신용보강,자체 신용보강,신한은행
73575,와이디피제이십차,KRZF0067FFG1,와이디피제이십차 20260128-89-15,N,20260128,20260427,정기예금,KRW,,5000000000,5000000000,46,A1,A1,A1,,신한은행,자체 신용보강,자체 신용보강,신한은행
73575,와이디피제이십차,KRZF0067FGG1,와이디피제이십차 20260128-89-16,N,20260128,20260427,정기예금,KRW,,5000000000,5000000000,46,A1,A1,A1,,신한은행,자체 신용보강,자체 신용보강,신한은행
73575,와이디피제이십차,KRZF0067FHG1,와이디피제이십차 20260128-89-17,N,20260128,20260427,정기예금,KRW,,5000000000,5000000000,46,A1,A1,A1,,신한은행,자체 신용보강,자체 신용보강,신한은행
73575,와이디피제이십차,KRZF0067F3G1,와이디피제이십차 20260128-89-3,N,20260128,20260427,정기예금,KRW,,5000000000,5000000000,46,A1,A1,A1,,신한은행,자체 신용보강,자체 신용보강,신한은행
73575,와이디피제이십차,KRZF0067F4G1,와이디피제이십차 20260128-89-4,N,20260128,20260427,정기예금,KRW,,5000000000,5000000000,46,A1,A1,A1,,신한은행,자체 신용보강,자체 신용보강,신한은행
73575,와이디피제이십차,KRZF0067F5G1,와이디피제이십차 20260128-89-5,N,20260128,20260427,정기예금,KRW,,5000000000,5000000000,46,A1,A1,A1,,신한은행,자체 신용보강,자체 신용보강,신한은행
73575,와이디피제이십차,KRZF0067F6G1,와이디피제이십차 20260128-89-6,N,20260128,20260427,정기예금,KRW,,5000000000,5000000000,46,A1,A1,A1,,신한은행,자체 신용보강,자체 신용보강,신한은행
73575,와이디피제이십차,KRZF0067F7G1,와이디피제이십차 20260128-89-7,N,20260128,20260427,정기예금,KRW,,5000000000,5000000000,46,A1,A1,A1,,신한은행,자체 신용보강,자체 신용보강,신한은행
73575,와이디피제이십차,KRZF0067F8G1,와이디피제이십차 20260128-89-8,N,20260128,20260427,정기예금,KRW,,5000000000,5000000000,46,A1,A1,A1,,신한은행,자체 신용보강,자체 신용보강,신한은행
73575,와이디피제이십차,KRZF0067F9G1,와이디피제이십차 20260128-89-9,N,20260128,20260427,정기예금,KRW,,5000000000,5000000000,46,A1,A1,A1,,신한은행,자체 신용보강,자체 신용보강,신한은행
67611,우리서울역세권제일차,KRZFA96881G1,우리서울역세권제일차 20260128-90-1,Y,20260128,20260428,PF대출채권,KRW,,5000000000,5000000000,47,A1,A1,,,(주)서울역북부역세권개발,차환발행위험(유동성 공여형 매입약정),금융기관,우리은행
67611,우리서울역세권제일차,KRZFA9688AG1,우리서울역세권제일차 20260128-90-10,Y,20260128,20260428,PF대출채권,KRW,,5000000000,5000000000,47,A1,A1,,,(주)서울역북부역세권개발,차환발행위험(유동성 공여형 매입약정),금융기관,우리은행
67611,우리서울역세권제일차,KRZFA9688BG1,우리서울역세권제일차 20260128-90-11,Y,20260128,20260428,PF대출채권,KRW,,5000000000,5000000000,47,A1,A1,,,(주)서울역북부역세권개발,차환발행위험(유동성 공여형 매입약정),금융기관,우리은행
67611,우리서울역세권제일차,KRZFA9688CG1,우리서울역세권제일차 20260128-90-12,Y,20260128,20260428,PF대출채권,KRW,,5000000000,5000000000,47,A1,A1,,,(주)서울역북부역세권개발,차환발행위험(유동성 공여형 매입약정),금융기관,우리은행
67611,우리서울역세권제일차,KRZFA9688DG1,우리서울역세권제일차 20260128-90-13,Y,20260128,20260428,PF대출채권,KRW,,5000000000,5000000000,47,A1,A1,,,(주)서울역북부역세권개발,차환발행위험(유동성 공여형 매입약정),금융기관,우리은행
67611,우리서울역세권제일차,KRZFA9688EG1,우리서울역세권제일차 20260128-90-14,Y,20260128,20260428,PF대출채권,KRW,,5000000000,5000000000,47,A1,A1,,,(주)서울역북부역세권개발,차환발행위험(유동성 공여형 매입약정),금융기관,우리은행
67611,우리서울역세권제일차,KRZFA9688FG1,우리서울역세권제일차 20260128-90-15,Y,20260128,20260428,PF대출채권,KRW,,5000000000,5000000000,47,A1,A1,,,(주)서울역북부역세권개발,차환발행위험(유동성 공여형 매입약정),금융기관,우리은행
67611,우리서울역세권제일차,KRZFA9688GG1,우리서울역세권제일차 20260128-90-16,Y,20260128,20260428,PF대출채권,KRW,,5000000000,5000000000,47,A1,A1,,,(주)서울역북부역세권개발,차환발행위험(유동성 공여형 매입약정),금융기관,우리은행
67611,우리서울역세권제일차,KRZFA9688HG1,우리서울역세권제일차 20260128-90-17,Y,20260128,20260428,PF대출채권,KRW,,5000000000,5000000000,47,A1,A1,,,(주)서울역북부역세권개발,차환발행위험(유동성 공여형 매입약정),금융기관,우리은행
67611,우리서울역세권제일차,KRZFA9688JG1,우리서울역세권제일차 20260128-90-18,Y,20260128,20260428,PF대출채권,KRW,,5000000000,5000000000,47,A1,A1,,,(주)서울역북부역세권개발,차환발행위험(유동성 공여형 매입약정),금융기관,우리은행
67611,우리서울역세권제일차,KRZFA9688KG1,우리서울역세권제일차 20260128-90-19,Y,20260128,20260428,PF대출채권,KRW,,5000000000,5000000000,47,A1,A1,,,(주)서울역북부역세권개발,차환발행위험(유동성 공여형 매입약정),금융기관,우리은행
67611,우리서울역세권제일차,KRZFA96882G1,우리서울역세권제일차 20260128-90-2,Y,20260128,20260428,PF대출채권,KRW,,5000000000,5000000000,47,A1,A1,,,(주)서울역북부역세권개발,차환발행위험(유동성 공여형 매입약정),금융기관,우리은행
67611,우리서울역세권제일차,KRZFA9688LG1,우리서울역세권제일차 20260128-90-20,Y,20260128,20260428,PF대출채권,KRW,,5000000000,5000000000,47,A1,A1,,,(주)서울역북부역세권개발,차환발행위험(유동성 공여형 매입약정),금융기관,우리은행
67611,우리서울역세권제일차,KRZFA9688MG1,우리서울역세권제일차 20260128-90-21,Y,20260128,20260428,PF대출채권,KRW,,5000000000,5000000000,47,A1,A1,,,(주)서울역북부역세권개발,차환발행위험(유동성 공여형 매입약정),금융기관,우리은행
67611,우리서울역세권제일차,KRZFA9688NG1,우리서울역세권제일차 20260128-90-22,Y,20260128,20260428,PF대출채권,KRW,,5000000000,5000000000,47,A1,A1,,,(주)서울역북부역세권개발,차환발행위험(유동성 공여형 매입약정),금융기관,우리은행
67611,우리서울역세권제일차,KRZFA9688PG1,우리서울역세권제일차 20260128-90-23,Y,20260128,20260428,PF대출채권,KRW,,5000000000,5000000000,47,A1,A1,,,(주)서울역북부역세권개발,차환발행위험(유동성 공여형 매입약정),금융기관,우리은행
67611,우리서울역세권제일차,KRZFA9688QG1,우리서울역세권제일차 20260128-90-24,Y,20260128,20260428,PF대출채권,KRW,,5000000000,5000000000,47,A1,A1,,,(주)서울역북부역세권개발,차환발행위험(유동성 공여형 매입약정),금융기관,우리은행
67611,우리서울역세권제일차,KRZFA9688RG1,우리서울역세권제일차 20260128-90-25,Y,20260128,20260428,PF대출채권,KRW,,5000000000,5000000000,47,A1,A1,,,(주)서울역북부역세권개발,차환발행위험(유동성 공여형 매입약정),금융기관,우리은행
67611,우리서울역세권제일차,KRZFA9688SG1,우리서울역세권제일차 20260128-90-26,Y,20260128,20260428,PF대출채권,KRW,,5000000000,5000000000,47,A1,A1,,,(주)서울역북부역세권개발,차환발행위험(유동성 공여형 매입약정),금융기관,우리은행
67611,우리서울역세권제일차,KRZFA9688TG1,우리서울역세권제일차 20260128-90-27,Y,20260128,20260428,PF대출채권,KRW,,30000000000,30000000000,47,A1,A1,,,(주)서울역북부역세권개발,차환발행위험(유동성 공여형 매입약정),금융기관,우리은행
67611,우리서울역세권제일차,KRZFA9688VG1,우리서울역세권제일차 20260128-90-28,Y,20260128,20260428,PF대출채권,KRW,,1498000000,1498000000,47,A1,A1,,,(주)서울역북부역세권개발,차환발행위험(유동성 공여형 매입약정),금융기관,우리은행
67611,우리서울역세권제일차,KRZFA96883G1,우리서울역세권제일차 20260128-90-3,Y,20260128,20260428,PF대출채권,KRW,,5000000000,5000000000,47,A1,A1,,,(주)서울역북부역세권개발,차환발행위험(유동성 공여형 매입약정),금융기관,우리은행
67611,우리서울역세권제일차,KRZFA96884G1,우리서울역세권제일차 20260128-90-4,Y,20260128,20260428,PF대출채권,KRW,,5000000000,5000000000,47,A1,A1,,,(주)서울역북부역세권개발,차환발행위험(유동성 공여형 매입약정),금융기관,우리은행
67611,우리서울역세권제일차,KRZFA96885G1,우리서울역세권제일차 20260128-90-5,Y,20260128,20260428,PF대출채권,KRW,,5000000000,5000000000,47,A1,A1,,,(주)서울역북부역세권개발,차환발행위험(유동성 공여형 매입약정),금융기관,우리은행
67611,우리서울역세권제일차,KRZFA96886G1,우리서울역세권제일차 20260128-90-6,Y,20260128,20260428,PF대출채권,KRW,,5000000000,5000000000,47,A1,A1,,,(주)서울역북부역세권개발,차환발행위험(유동성 공여형 매입약정),금융기관,우리은행
67611,우리서울역세권제일차,KRZFA96887G1,우리서울역세권제일차 20260128-90-7,Y,20260128,20260428,PF대출채권,KRW,,5000000000,5000000000,47,A1,A1,,,(주)서울역북부역세권개발,차환발행위험(유동성 공여형 매입약정),금융기관,우리은행
67611,우리서울역세권제일차,KRZFA96888G1,우리서울역세권제일차 20260128-90-8,Y,20260128,20260428,PF대출채권,KRW,,5000000000,5000000000,47,A1,A1,,,(주)서울역북부역세권개발,차환발행위험(유동성 공여형 매입약정),금융기관,우리은행
67611,우리서울역세권제일차,KRZFA96889G1,우리서울역세권제일차 20260128-90-9,Y,20260128,20260428,PF대출채권,KRW,,5000000000,5000000000,47,A1,A1,,,(주)서울역북부역세권개발,차환발행위험(유동성 공여형 매입약정),금융기관,우리은행
69975,케이비그랑스타제이차,KRZF0054H1G1,케이비그랑스타제이차 20260128-90-1,N,20260128,20260428,대출채권,KRW,,10000000000,10000000000,47,A1,,A1,,지에스건설,차환발행위험(유동성 공여형 매입약정),금융기관,국민은행
69975,케이비그랑스타제이차,KRZF0054H1G1,케이비그랑스타제이차 20260128-90-1,N,20260128,20260428,대출채권,KRW,,10000000000,10000000000,47,A1,,A1,,지에스건설,금리변동/환율변동,금융기관,국민은행
69975,케이비그랑스타제이차,KRZF0054HAG1,케이비그랑스타제이차 20260128-90-10,N,20260128,20260428,대출채권,KRW,,5000000000,5000000000,47,A1,,A1,,지에스건설,차환발행위험(유동성 공여형 매입약정),금융기관,국민은행
69975,케이비그랑스타제이차,KRZF0054HAG1,케이비그랑스타제이차 20260128-90-10,N,20260128,20260428,대출채권,KRW,,5000000000,5000000000,47,A1,,A1,,지에스건설,금리변동/환율변동,금융기관,국민은행
69975,케이비그랑스타제이차,KRZF0054HBG1,케이비그랑스타제이차 20260128-90-11,N,20260128,20260428,대출채권,KRW,,5000000000,5000000000,47,A1,,A1,,지에스건설,차환발행위험(유동성 공여형 매입약정),금융기관,국민은행
69975,케이비그랑스타제이차,KRZF0054HBG1,케이비그랑스타제이차 20260128-90-11,N,20260128,20260428,대출채권,KRW,,5000000000,5000000000,47,A1,,A1,,지에스건설,금리변동/환율변동,금융기관,국민은행
69975,케이비그랑스타제이차,KRZF0054HCG1,케이비그랑스타제이차 20260128-90-12,N,20260128,20260428,대출채권,KRW,,5000000000,5000000000,47,A1,,A1,,지에스건설,차환발행위험(유동성 공여형 매입약정),금융기관,국민은행
69975,케이비그랑스타제이차,KRZF0054HCG1,케이비그랑스타제이차 20260128-90-12,N,20260128,20260428,대출채권,KRW,,5000000000,5000000000,47,A1,,A1,,지에스건설,금리변동/환율변동,금융기관,국민은행
69975,케이비그랑스타제이차,KRZF0054HDG1,케이비그랑스타제이차 20260128-90-13,N,20260128,20260428,대출채권,KRW,,5000000000,5000000000,47,A1,,A1,,지에스건설,차환발행위험(유동성 공여형 매입약정),금융기관,국민은행
69975,케이비그랑스타제이차,KRZF0054HDG1,케이비그랑스타제이차 20260128-90-13,N,20260128,20260428,대출채권,KRW,,5000000000,5000000000,47,A1,,A1,,지에스건설,금리변동/환율변동,금융기관,국민은행
69975,케이비그랑스타제이차,KRZF0054HEG1,케이비그랑스타제이차 20260128-90-14,N,20260128,20260428,대출채권,KRW,,5000000000,5000000000,47,A1,,A1,,지에스건설,차환발행위험(유동성 공여형 매입약정),금융기관,국민은행
69975,케이비그랑스타제이차,KRZF0054HEG1,케이비그랑스타제이차 20260128-90-14,N,20260128,20260428,대출채권,KRW,,5000000000,5000000000,47,A1,,A1,,지에스건설,금리변동/환율변동,금융기관,국민은행
69975,케이비그랑스타제이차,KRZF0054HFG1,케이비그랑스타제이차 20260128-90-15,N,20260128,20260428,대출채권,KRW,,5000000000,5000000000,47,A1,,A1,,지에스건설,차환발행위험(유동성 공여형 매입약정),금융기관,국민은행
69975,케이비그랑스타제이차,KRZF0054HFG1,케이비그랑스타제이차 20260128-90-15,N,20260128,20260428,대출채권,KRW,,5000000000,5000000000,47,A1,,A1,,지에스건설,금리변동/환율변동,금융기관,국민은행
69975,케이비그랑스타제이차,KRZF0054HGG1,케이비그랑스타제이차 20260128-90-16,N,20260128,20260428,대출채권,KRW,,5000000000,5000000000,47,A1,,A1,,지에스건설,차환발행위험(유동성 공여형 매입약정),금융기관,국민은행
69975,케이비그랑스타제이차,KRZF0054HGG1,케이비그랑스타제이차 20260128-90-16,N,20260128,20260428,대출채권,KRW,,5000000000,5000000000,47,A1,,A1,,지에스건설,금리변동/환율변동,금융기관,국민은행
69975,케이비그랑스타제이차,KRZF0054HHG1,케이비그랑스타제이차 20260128-90-17,N,20260128,20260428,대출채권,KRW,,5000000000,5000000000,47,A1,,A1,,지에스건설,차환발행위험(유동성 공여형 매입약정),금융기관,국민은행
69975,케이비그랑스타제이차,KRZF0054HHG1,케이비그랑스타제이차 20260128-90-17,N,20260128,20260428,대출채권,KRW,,5000000000,5000000000,47,A1,,A1,,지에스건설,금리변동/환율변동,금융기관,국민은행
69975,케이비그랑스타제이차,KRZF0054HJG1,케이비그랑스타제이차 20260128-90-18,N,20260128,20260428,대출채권,KRW,,5000000000,5000000000,47,A1,,A1,,지에스건설,차환발행위험(유동성 공여형 매입약정),금융기관,국민은행
69975,케이비그랑스타제이차,KRZF0054HJG1,케이비그랑스타제이차 20260128-90-18,N,20260128,20260428,대출채권,KRW,,5000000000,5000000000,47,A1,,A1,,지에스건설,금리변동/환율변동,금융기관,국민은행
69975,케이비그랑스타제이차,KRZF0054HKG1,케이비그랑스타제이차 20260128-90-19,N,20260128,20260428,대출채권,KRW,,5000000000,5000000000,47,A1,,A1,,지에스건설,차환발행위험(유동성 공여형 매입약정),금융기관,국민은행
69975,케이비그랑스타제이차,KRZF0054HKG1,케이비그랑스타제이차 20260128-90-19,N,20260128,20260428,대출채권,KRW,,5000000000,5000000000,47,A1,,A1,,지에스건설,금리변동/환율변동,금융기관,국민은행
69975,케이비그랑스타제이차,KRZF0054H2G1,케이비그랑스타제이차 20260128-90-2,N,20260128,20260428,대출채권,KRW,,10000000000,10000000000,47,A1,,A1,,지에스건설,차환발행위험(유동성 공여형 매입약정),금융기관,국민은행
69975,케이비그랑스타제이차,KRZF0054H2G1,케이비그랑스타제이차 20260128-90-2,N,20260128,20260428,대출채권,KRW,,10000000000,10000000000,47,A1,,A1,,지에스건설,금리변동/환율변동,금융기관,국민은행
69975,케이비그랑스타제이차,KRZF0054HLG1,케이비그랑스타제이차 20260128-90-20,N,20260128,20260428,대출채권,KRW,,5000000000,5000000000,47,A1,,A1,,지에스건설,차환발행위험(유동성 공여형 매입약정),금융기관,국민은행
69975,케이비그랑스타제이차,KRZF0054HLG1,케이비그랑스타제이차 20260128-90-20,N,20260128,20260428,대출채권,KRW,,5000000000,5000000000,47,A1,,A1,,지에스건설,금리변동/환율변동,금융기관,국민은행
69975,케이비그랑스타제이차,KRZF0054HMG1,케이비그랑스타제이차 20260128-90-21,N,20260128,20260428,대출채권,KRW,,5000000000,5000000000,47,A1,,A1,,지에스건설,차환발행위험(유동성 공여형 매입약정),금융기관,국민은행
69975,케이비그랑스타제이차,KRZF0054HMG1,케이비그랑스타제이차 20260128-90-21,N,20260128,20260428,대출채권,KRW,,5000000000,5000000000,47,A1,,A1,,지에스건설,금리변동/환율변동,금융기관,국민은행
69975,케이비그랑스타제이차,KRZF0054HNG1,케이비그랑스타제이차 20260128-90-22,N,20260128,20260428,대출채권,KRW,,5000000000,5000000000,47,A1,,A1,,지에스건설,차환발행위험(유동성 공여형 매입약정),금융기관,국민은행
69975,케이비그랑스타제이차,KRZF0054HNG1,케이비그랑스타제이차 20260128-90-22,N,20260128,20260428,대출채권,KRW,,5000000000,5000000000,47,A1,,A1,,지에스건설,금리변동/환율변동,금융기관,국민은행
69975,케이비그랑스타제이차,KRZF0054HPG1,케이비그랑스타제이차 20260128-90-23,N,20260128,20260428,대출채권,KRW,,5000000000,5000000000,47,A1,,A1,,지에스건설,차환발행위험(유동성 공여형 매입약정),금융기관,국민은행
69975,케이비그랑스타제이차,KRZF0054HPG1,케이비그랑스타제이차 20260128-90-23,N,20260128,20260428,대출채권,KRW,,5000000000,5000000000,47,A1,,A1,,지에스건설,금리변동/환율변동,금융기관,국민은행
69975,케이비그랑스타제이차,KRZF0054HQG1,케이비그랑스타제이차 20260128-90-24,N,20260128,20260428,대출채권,KRW,,5000000000,5000000000,47,A1,,A1,,지에스건설,차환발행위험(유동성 공여형 매입약정),금융기관,국민은행
69975,케이비그랑스타제이차,KRZF0054HQG1,케이비그랑스타제이차 20260128-90-24,N,20260128,20260428,대출채권,KRW,,5000000000,5000000000,47,A1,,A1,,지에스건설,금리변동/환율변동,금융기관,국민은행
69975,케이비그랑스타제이차,KRZF0054HRG1,케이비그랑스타제이차 20260128-90-25,N,20260128,20260428,대출채권,KRW,,5000000000,5000000000,47,A1,,A1,,지에스건설,차환발행위험(유동성 공여형 매입약정),금융기관,국민은행
69975,케이비그랑스타제이차,KRZF0054HRG1,케이비그랑스타제이차 20260128-90-25,N,20260128,20260428,대출채권,KRW,,5000000000,5000000000,47,A1,,A1,,지에스건설,금리변동/환율변동,금융기관,국민은행
69975,케이비그랑스타제이차,KRZF0054HSG1,케이비그랑스타제이차 20260128-90-26,N,20260128,20260428,대출채권,KRW,,5000000000,5000000000,47,A1,,A1,,지에스건설,차환발행위험(유동성 공여형 매입약정),금융기관,국민은행
69975,케이비그랑스타제이차,KRZF0054HSG1,케이비그랑스타제이차 20260128-90-26,N,20260128,20260428,대출채권,KRW,,5000000000,5000000000,47,A1,,A1,,지에스건설,금리변동/환율변동,금융기관,국민은행
69975,케이비그랑스타제이차,KRZF0054HTG1,케이비그랑스타제이차 20260128-90-27,N,20260128,20260428,대출채권,KRW,,5000000000,5000000000,47,A1,,A1,,지에스건설,차환발행위험(유동성 공여형 매입약정),금융기관,국민은행
69975,케이비그랑스타제이차,KRZF0054HTG1,케이비그랑스타제이차 20260128-90-27,N,20260128,20260428,대출채권,KRW,,5000000000,5000000000,47,A1,,A1,,지에스건설,금리변동/환율변동,금융기관,국민은행
69975,케이비그랑스타제이차,KRZF0054HVG1,케이비그랑스타제이차 20260128-90-28,N,20260128,20260428,대출채권,KRW,,5000000000,5000000000,47,A1,,A1,,지에스건설,차환발행위험(유동성 공여형 매입약정),금융기관,국민은행
69975,케이비그랑스타제이차,KRZF0054HVG1,케이비그랑스타제이차 20260128-90-28,N,20260128,20260428,대출채권,KRW,,5000000000,5000000000,47,A1,,A1,,지에스건설,금리변동/환율변동,금융기관,국민은행
69975,케이비그랑스타제이차,KRZF0054HWG1,케이비그랑스타제이차 20260128-90-29,N,20260128,20260428,대출채권,KRW,,5000000000,5000000000,47,A1,,A1,,지에스건설,차환발행위험(유동성 공여형 매입약정),금융기관,국민은행
69975,케이비그랑스타제이차,KRZF0054HWG1,케이비그랑스타제이차 20260128-90-29,N,20260128,20260428,대출채권,KRW,,5000000000,5000000000,47,A1,,A1,,지에스건설,금리변동/환율변동,금융기관,국민은행
69975,케이비그랑스타제이차,KRZF0054H3G1,케이비그랑스타제이차 20260128-90-3,N,20260128,20260428,대출채권,KRW,,10000000000,10000000000,47,A1,,A1,,지에스건설,차환발행위험(유동성 공여형 매입약정),금융기관,국민은행
69975,케이비그랑스타제이차,KRZF0054H3G1,케이비그랑스타제이차 20260128-90-3,N,20260128,20260428,대출채권,KRW,,10000000000,10000000000,47,A1,,A1,,지에스건설,금리변동/환율변동,금융기관,국민은행
69975,케이비그랑스타제이차,KRZF0054HXG1,케이비그랑스타제이차 20260128-90-30,N,20260128,20260428,대출채권,KRW,,5000000000,5000000000,47,A1,,A1,,지에스건설,차환발행위험(유동성 공여형 매입약정),금융기관,국민은행
69975,케이비그랑스타제이차,KRZF0054HXG1,케이비그랑스타제이차 20260128-90-30,N,20260128,20260428,대출채권,KRW,,5000000000,5000000000,47,A1,,A1,,지에스건설,금리변동/환율변동,금융기관,국민은행
69975,케이비그랑스타제이차,KRZF0054HYG1,케이비그랑스타제이차 20260128-90-31,N,20260128,20260428,대출채권,KRW,,5000000000,5000000000,47,A1,,A1,,지에스건설,차환발행위험(유동성 공여형 매입약정),금융기관,국민은행
69975,케이비그랑스타제이차,KRZF0054HYG1,케이비그랑스타제이차 20260128-90-31,N,20260128,20260428,대출채권,KRW,,5000000000,5000000000,47,A1,,A1,,지에스건설,금리변동/환율변동,금융기관,국민은행
69975,케이비그랑스타제이차,KRZF0054HZG1,케이비그랑스타제이차 20260128-90-32,N,20260128,20260428,대출채권,KRW,,5000000000,5000000000,47,A1,,A1,,지에스건설,차환발행위험(유동성 공여형 매입약정),금융기관,국민은행
69975,케이비그랑스타제이차,KRZF0054HZG1,케이비그랑스타제이차 20260128-90-32,N,20260128,20260428,대출채권,KRW,,5000000000,5000000000,47,A1,,A1,,지에스건설,금리변동/환율변동,금융기관,국민은행
69975,케이비그랑스타제이차,KRZF0054H0GD,케이비그랑스타제이차 20260128-90-33,N,20260128,20260428,대출채권,KRW,,5000000000,5000000000,47,A1,,A1,,지에스건설,차환발행위험(유동성 공여형 매입약정),금융기관,국민은행
69975,케이비그랑스타제이차,KRZF0054H0GD,케이비그랑스타제이차 20260128-90-33,N,20260128,20260428,대출채권,KRW,,5000000000,5000000000,47,A1,,A1,,지에스건설,금리변동/환율변동,금융기관,국민은행
69975,케이비그랑스타제이차,KRZF0054H1GD,케이비그랑스타제이차 20260128-90-34,N,20260128,20260428,대출채권,KRW,,5000000000,5000000000,47,A1,,A1,,지에스건설,차환발행위험(유동성 공여형 매입약정),금융기관,국민은행
69975,케이비그랑스타제이차,KRZF0054H1GD,케이비그랑스타제이차 20260128-90-34,N,20260128,20260428,대출채권,KRW,,5000000000,5000000000,47,A1,,A1,,지에스건설,금리변동/환율변동,금융기관,국민은행
69975,케이비그랑스타제이차,KRZF0054H2GD,케이비그랑스타제이차 20260128-90-35,N,20260128,20260428,대출채권,KRW,,5000000000,5000000000,47,A1,,A1,,지에스건설,차환발행위험(유동성 공여형 매입약정),금융기관,국민은행
69975,케이비그랑스타제이차,KRZF0054H2GD,케이비그랑스타제이차 20260128-90-35,N,20260128,20260428,대출채권,KRW,,5000000000,5000000000,47,A1,,A1,,지에스건설,금리변동/환율변동,금융기관,국민은행
69975,케이비그랑스타제이차,KRZF0054H3GD,케이비그랑스타제이차 20260128-90-36,N,20260128,20260428,대출채권,KRW,,5000000000,5000000000,47,A1,,A1,,지에스건설,차환발행위험(유동성 공여형 매입약정),금융기관,국민은행
69975,케이비그랑스타제이차,KRZF0054H3GD,케이비그랑스타제이차 20260128-90-36,N,20260128,20260428,대출채권,KRW,,5000000000,5000000000,47,A1,,A1,,지에스건설,금리변동/환율변동,금융기관,국민은행
69975,케이비그랑스타제이차,KRZF0054H4G1,케이비그랑스타제이차 20260128-90-4,N,20260128,20260428,대출채권,KRW,,10000000000,10000000000,47,A1,,A1,,지에스건설,차환발행위험(유동성 공여형 매입약정),금융기관,국민은행
69975,케이비그랑스타제이차,KRZF0054H4G1,케이비그랑스타제이차 20260128-90-4,N,20260128,20260428,대출채권,KRW,,10000000000,10000000000,47,A1,,A1,,지에스건설,금리변동/환율변동,금융기관,국민은행
69975,케이비그랑스타제이차,KRZF0054H5G1,케이비그랑스타제이차 20260128-90-5,N,20260128,20260428,대출채권,KRW,,5000000000,5000000000,47,A1,,A1,,지에스건설,차환발행위험(유동성 공여형 매입약정),금융기관,국민은행
69975,케이비그랑스타제이차,KRZF0054H5G1,케이비그랑스타제이차 20260128-90-5,N,20260128,20260428,대출채권,KRW,,5000000000,5000000000,47,A1,,A1,,지에스건설,금리변동/환율변동,금융기관,국민은행
69975,케이비그랑스타제이차,KRZF0054H6G1,케이비그랑스타제이차 20260128-90-6,N,20260128,20260428,대출채권,KRW,,5000000000,5000000000,47,A1,,A1,,지에스건설,차환발행위험(유동성 공여형 매입약정),금융기관,국민은행
69975,케이비그랑스타제이차,KRZF0054H6G1,케이비그랑스타제이차 20260128-90-6,N,20260128,20260428,대출채권,KRW,,5000000000,5000000000,47,A1,,A1,,지에스건설,금리변동/환율변동,금융기관,국민은행
69975,케이비그랑스타제이차,KRZF0054H7G1,케이비그랑스타제이차 20260128-90-7,N,20260128,20260428,대출채권,KRW,,5000000000,5000000000,47,A1,,A1,,지에스건설,차환발행위험(유동성 공여형 매입약정),금융기관,국민은행
69975,케이비그랑스타제이차,KRZF0054H7G1,케이비그랑스타제이차 20260128-90-7,N,20260128,20260428,대출채권,KRW,,5000000000,5000000000,47,A1,,A1,,지에스건설,금리변동/환율변동,금융기관,국민은행
69975,케이비그랑스타제이차,KRZF0054H8G1,케이비그랑스타제이차 20260128-90-8,N,20260128,20260428,대출채권,KRW,,5000000000,5000000000,47,A1,,A1,,지에스건설,차환발행위험(유동성 공여형 매입약정),금융기관,국민은행
69975,케이비그랑스타제이차,KRZF0054H8G1,케이비그랑스타제이차 20260128-90-8,N,20260128,20260428,대출채권,KRW,,5000000000,5000000000,47,A1,,A1,,지에스건설,금리변동/환율변동,금융기관,국민은행
69975,케이비그랑스타제이차,KRZF0054H9G1,케이비그랑스타제이차 20260128-90-9,N,20260128,20260428,대출채권,KRW,,5000000000,5000000000,47,A1,,A1,,지에스건설,차환발행위험(유동성 공여형 매입약정),금융기관,국민은행
69975,케이비그랑스타제이차,KRZF0054H9G1,케이비그랑스타제이차 20260128-90-9,N,20260128,20260428,대출채권,KRW,,5000000000,5000000000,47,A1,,A1,,지에스건설,금리변동/환율변동,금융기관,국민은행
67621,케이에이치피제삼차,KRZFA84531G1,케이에이치피제삼차 20260128-120-1,Y,20260128,20260528,PF대출채권,KRW,,5000000000,5000000000,77,A1,A1,,,성수디비제일차(주),외부 신용보강,금융기관,메리츠증권
67621,케이에이치피제삼차,KRZFA84532G1,케이에이치피제삼차 20260128-120-2,Y,20260128,20260528,PF대출채권,KRW,,5000000000,5000000000,77,A1,A1,,,성수디비제일차(주),외부 신용보강,금융기관,메리츠증권
67621,케이에이치피제삼차,KRZFA84533G1,케이에이치피제삼차 20260128-120-3,Y,20260128,20260528,PF대출채권,KRW,,3300000000,3300000000,77,A1,A1,,,성수디비제일차(주),외부 신용보강,금융기관,메리츠증권
73568,포르투나제일차,KRZFA8431MG1,포르투나제일차 20260128-245-21,N,20260128,20260930,정기예금,KRW,,169000000,169000000,202,A1,,A1,,하나은행,자체 신용보강,자체 신용보강,하나은행
73568,포르투나제일차,KRZFA84311G1,포르투나제일차 20260128-58-1,N,20260128,20260327,정기예금,KRW,,5000000000,5000000000,15,A1,,A1,,하나은행,자체 신용보강,자체 신용보강,하나은행
73568,포르투나제일차,KRZFA8431AG1,포르투나제일차 20260128-58-10,N,20260128,20260327,정기예금,KRW,,5000000000,5000000000,15,A1,,A1,,하나은행,자체 신용보강,자체 신용보강,하나은행
73568,포르투나제일차,KRZFA8431BG1,포르투나제일차 20260128-58-11,N,20260128,20260327,정기예금,KRW,,5000000000,5000000000,15,A1,,A1,,하나은행,자체 신용보강,자체 신용보강,하나은행
73568,포르투나제일차,KRZFA8431CG1,포르투나제일차 20260128-58-12,N,20260128,20260327,정기예금,KRW,,5000000000,5000000000,15,A1,,A1,,하나은행,자체 신용보강,자체 신용보강,하나은행
73568,포르투나제일차,KRZFA8431DG1,포르투나제일차 20260128-58-13,N,20260128,20260327,정기예금,KRW,,5000000000,5000000000,15,A1,,A1,,하나은행,자체 신용보강,자체 신용보강,하나은행
73568,포르투나제일차,KRZFA8431EG1,포르투나제일차 20260128-58-14,N,20260128,20260327,정기예금,KRW,,5000000000,5000000000,15,A1,,A1,,하나은행,자체 신용보강,자체 신용보강,하나은행
73568,포르투나제일차,KRZFA8431FG1,포르투나제일차 20260128-58-15,N,20260128,20260327,정기예금,KRW,,5000000000,5000000000,15,A1,,A1,,하나은행,자체 신용보강,자체 신용보강,하나은행
73568,포르투나제일차,KRZFA8431GG1,포르투나제일차 20260128-58-16,N,20260128,20260327,정기예금,KRW,,5000000000,5000000000,15,A1,,A1,,하나은행,자체 신용보강,자체 신용보강,하나은행
73568,포르투나제일차,KRZFA8431HG1,포르투나제일차 20260128-58-17,N,20260128,20260327,정기예금,KRW,,5000000000,5000000000,15,A1,,A1,,하나은행,자체 신용보강,자체 신용보강,하나은행
73568,포르투나제일차,KRZFA8431JG1,포르투나제일차 20260128-58-18,N,20260128,20260327,정기예금,KRW,,5000000000,5000000000,15,A1,,A1,,하나은행,자체 신용보강,자체 신용보강,하나은행
73568,포르투나제일차,KRZFA8431KG1,포르투나제일차 20260128-58-19,N,20260128,20260327,정기예금,KRW,,5000000000,5000000000,15,A1,,A1,,하나은행,자체 신용보강,자체 신용보강,하나은행
73568,포르투나제일차,KRZFA84312G1,포르투나제일차 20260128-58-2,N,20260128,20260327,정기예금,KRW,,5000000000,5000000000,15,A1,,A1,,하나은행,자체 신용보강,자체 신용보강,하나은행
73568,포르투나제일차,KRZFA8431LG1,포르투나제일차 20260128-58-20,N,20260128,20260327,정기예금,KRW,,5000000000,5000000000,15,A1,,A1,,하나은행,자체 신용보강,자체 신용보강,하나은행
73568,포르투나제일차,KRZFA8431NG1,포르투나제일차 20260128-58-22,N,20260128,20260327,정기예금,KRW,,5000000000,5000000000,15,A1,,A1,,하나은행,자체 신용보강,자체 신용보강,하나은행
73568,포르투나제일차,KRZFA8431PG1,포르투나제일차 20260128-58-23,N,20260128,20260327,정기예금,KRW,,5000000000,5000000000,15,A1,,A1,,하나은행,자체 신용보강,자체 신용보강,하나은행
73568,포르투나제일차,KRZFA8431QG1,포르투나제일차 20260128-58-24,N,20260128,20260327,정기예금,KRW,,5000000000,5000000000,15,A1,,A1,,하나은행,자체 신용보강,자체 신용보강,하나은행
73568,포르투나제일차,KRZFA8431RG1,포르투나제일차 20260128-58-25,N,20260128,20260327,정기예금,KRW,,5000000000,5000000000,15,A1,,A1,,하나은행,자체 신용보강,자체 신용보강,하나은행
73568,포르투나제일차,KRZFA8431SG1,포르투나제일차 20260128-58-26,N,20260128,20260327,정기예금,KRW,,5000000000,5000000000,15,A1,,A1,,하나은행,자체 신용보강,자체 신용보강,하나은행
73568,포르투나제일차,KRZFA8431TG1,포르투나제일차 20260128-58-27,N,20260128,20260327,정기예금,KRW,,5000000000,5000000000,15,A1,,A1,,하나은행,자체 신용보강,자체 신용보강,하나은행
73568,포르투나제일차,KRZFA8431VG1,포르투나제일차 20260128-58-28,N,20260128,20260327,정기예금,KRW,,5000000000,5000000000,15,A1,,A1,,하나은행,자체 신용보강,자체 신용보강,하나은행
73568,포르투나제일차,KRZFA8431WG1,포르투나제일차 20260128-58-29,N,20260128,20260327,정기예금,KRW,,5000000000,5000000000,15,A1,,A1,,하나은행,자체 신용보강,자체 신용보강,하나은행
73568,포르투나제일차,KRZFA84313G1,포르투나제일차 20260128-58-3,N,20260128,20260327,정기예금,KRW,,5000000000,5000000000,15,A1,,A1,,하나은행,자체 신용보강,자체 신용보강,하나은행
73568,포르투나제일차,KRZFA8431XG1,포르투나제일차 20260128-58-30,N,20260128,20260327,정기예금,KRW,,5000000000,5000000000,15,A1,,A1,,하나은행,자체 신용보강,자체 신용보강,하나은행
73568,포르투나제일차,KRZFA8431YG1,포르투나제일차 20260128-58-31,N,20260128,20260327,정기예금,KRW,,5000000000,5000000000,15,A1,,A1,,하나은행,자체 신용보강,자체 신용보강,하나은행
73568,포르투나제일차,KRZFA8431ZG1,포르투나제일차 20260128-58-32,N,20260128,20260327,정기예금,KRW,,5000000000,5000000000,15,A1,,A1,,하나은행,자체 신용보강,자체 신용보강,하나은행
73568,포르투나제일차,KRZFA84310GD,포르투나제일차 20260128-58-33,N,20260128,20260327,정기예금,KRW,,5000000000,5000000000,15,A1,,A1,,하나은행,자체 신용보강,자체 신용보강,하나은행
73568,포르투나제일차,KRZFA84311GD,포르투나제일차 20260128-58-34,N,20260128,20260327,정기예금,KRW,,5000000000,5000000000,15,A1,,A1,,하나은행,자체 신용보강,자체 신용보강,하나은행
73568,포르투나제일차,KRZFA84312GD,포르투나제일차 20260128-58-35,N,20260128,20260327,정기예금,KRW,,5000000000,5000000000,15,A1,,A1,,하나은행,자체 신용보강,자체 신용보강,하나은행
73568,포르투나제일차,KRZFA84313GD,포르투나제일차 20260128-58-36,N,20260128,20260327,정기예금,KRW,,5000000000,5000000000,15,A1,,A1,,하나은행,자체 신용보강,자체 신용보강,하나은행
73568,포르투나제일차,KRZFA84314GD,포르투나제일차 20260128-58-37,N,20260128,20260327,정기예금,KRW,,5000000000,5000000000,15,A1,,A1,,하나은행,자체 신용보강,자체 신용보강,하나은행
73568,포르투나제일차,KRZFA84315GD,포르투나제일차 20260128-58-38,N,20260128,20260327,정기예금,KRW,,5000000000,5000000000,15,A1,,A1,,하나은행,자체 신용보강,자체 신용보강,하나은행
73568,포르투나제일차,KRZFA84316GD,포르투나제일차 20260128-58-39,N,20260128,20260327,정기예금,KRW,,5000000000,5000000000,15,A1,,A1,,하나은행,자체 신용보강,자체 신용보강,하나은행
73568,포르투나제일차,KRZFA84314G1,포르투나제일차 20260128-58-4,N,20260128,20260327,정기예금,KRW,,5000000000,5000000000,15,A1,,A1,,하나은행,자체 신용보강,자체 신용보강,하나은행
73568,포르투나제일차,KRZFA84317GD,포르투나제일차 20260128-58-40,N,20260128,20260327,정기예금,KRW,,5000000000,5000000000,15,A1,,A1,,하나은행,자체 신용보강,자체 신용보강,하나은행
73568,포르투나제일차,KRZFA84318GD,포르투나제일차 20260128-58-41,N,20260128,20260327,정기예금,KRW,,5000000000,5000000000,15,A1,,A1,,하나은행,자체 신용보강,자체 신용보강,하나은행
73568,포르투나제일차,KRZFA84319GD,포르투나제일차 20260128-58-42,N,20260128,20260327,정기예금,KRW,,5000000000,5000000000,15,A1,,A1,,하나은행,자체 신용보강,자체 신용보강,하나은행
73568,포르투나제일차,KRZFA8431AGD,포르투나제일차 20260128-58-43,N,20260128,20260327,정기예금,KRW,,5000000000,5000000000,15,A1,,A1,,하나은행,자체 신용보강,자체 신용보강,하나은행
73568,포르투나제일차,KRZFA8431BGD,포르투나제일차 20260128-58-44,N,20260128,20260327,정기예금,KRW,,5000000000,5000000000,15,A1,,A1,,하나은행,자체 신용보강,자체 신용보강,하나은행
73568,포르투나제일차,KRZFA8431CGD,포르투나제일차 20260128-58-45,N,20260128,20260327,정기예금,KRW,,5000000000,5000000000,15,A1,,A1,,하나은행,자체 신용보강,자체 신용보강,하나은행
73568,포르투나제일차,KRZFA8431DGD,포르투나제일차 20260128-58-46,N,20260128,20260327,정기예금,KRW,,5000000000,5000000000,15,A1,,A1,,하나은행,자체 신용보강,자체 신용보강,하나은행
73568,포르투나제일차,KRZFA8431EGD,포르투나제일차 20260128-58-47,N,20260128,20260327,정기예금,KRW,,5000000000,5000000000,15,A1,,A1,,하나은행,자체 신용보강,자체 신용보강,하나은행
73568,포르투나제일차,KRZFA8431FGD,포르투나제일차 20260128-58-48,N,20260128,20260327,정기예금,KRW,,5000000000,5000000000,15,A1,,A1,,하나은행,자체 신용보강,자체 신용보강,하나은행
73568,포르투나제일차,KRZFA8431GGD,포르투나제일차 20260128-58-49,N,20260128,20260327,정기예금,KRW,,5000000000,5000000000,15,A1,,A1,,하나은행,자체 신용보강,자체 신용보강,하나은행
73568,포르투나제일차,KRZFA84315G1,포르투나제일차 20260128-58-5,N,20260128,20260327,정기예금,KRW,,5000000000,5000000000,15,A1,,A1,,하나은행,자체 신용보강,자체 신용보강,하나은행
73568,포르투나제일차,KRZFA84316G1,포르투나제일차 20260128-58-6,N,20260128,20260327,정기예금,KRW,,5000000000,5000000000,15,A1,,A1,,하나은행,자체 신용보강,자체 신용보강,하나은행
73568,포르투나제일차,KRZFA84317G1,포르투나제일차 20260128-58-7,N,20260128,20260327,정기예금,KRW,,5000000000,5000000000,15,A1,,A1,,하나은행,자체 신용보강,자체 신용보강,하나은행
73568,포르투나제일차,KRZFA84318G1,포르투나제일차 20260128-58-8,N,20260128,20260327,정기예금,KRW,,5000000000,5000000000,15,A1,,A1,,하나은행,자체 신용보강,자체 신용보강,하나은행
73568,포르투나제일차,KRZFA84319G1,포르투나제일차 20260128-58-9,N,20260128,20260327,정기예금,KRW,,5000000000,5000000000,15,A1,,A1,,하나은행,자체 신용보강,자체 신용보강,하나은행
73582,하나챔피온제육차,KRZF0152WGGD,하나챔피온제육차 20260128-229-49,N,20260128,20260914,정기예금,KRW,,160000000,160000000,186,,A1,A1,,하나은행,자체 신용보강,자체 신용보강,하나은행
73582,하나챔피온제육차,KRZF0152W1G1,하나챔피온제육차 20260128-54-1,N,20260128,20260323,정기예금,KRW,,5000000000,5000000000,11,,A1,A1,,하나은행,자체 신용보강,자체 신용보강,하나은행
73582,하나챔피온제육차,KRZF0152WAG1,하나챔피온제육차 20260128-54-10,N,20260128,20260323,정기예금,KRW,,5000000000,5000000000,11,,A1,A1,,하나은행,자체 신용보강,자체 신용보강,하나은행
73582,하나챔피온제육차,KRZF0152WBG1,하나챔피온제육차 20260128-54-11,N,20260128,20260323,정기예금,KRW,,5000000000,5000000000,11,,A1,A1,,하나은행,자체 신용보강,자체 신용보강,하나은행
73582,하나챔피온제육차,KRZF0152WCG1,하나챔피온제육차 20260128-54-12,N,20260128,20260323,정기예금,KRW,,5000000000,5000000000,11,,A1,A1,,하나은행,자체 신용보강,자체 신용보강,하나은행
73582,하나챔피온제육차,KRZF0152WDG1,하나챔피온제육차 20260128-54-13,N,20260128,20260323,정기예금,KRW,,5000000000,5000000000,11,,A1,A1,,하나은행,자체 신용보강,자체 신용보강,하나은행
73582,하나챔피온제육차,KRZF0152WEG1,하나챔피온제육차 20260128-54-14,N,20260128,20260323,정기예금,KRW,,5000000000,5000000000,11,,A1,A1,,하나은행,자체 신용보강,자체 신용보강,하나은행
73582,하나챔피온제육차,KRZF0152WFG1,하나챔피온제육차 20260128-54-15,N,20260128,20260323,정기예금,KRW,,5000000000,5000000000,11,,A1,A1,,하나은행,자체 신용보강,자체 신용보강,하나은행
73582,하나챔피온제육차,KRZF0152WGG1,하나챔피온제육차 20260128-54-16,N,20260128,20260323,정기예금,KRW,,5000000000,5000000000,11,,A1,A1,,하나은행,자체 신용보강,자체 신용보강,하나은행
73582,하나챔피온제육차,KRZF0152WHG1,하나챔피온제육차 20260128-54-17,N,20260128,20260323,정기예금,KRW,,5000000000,5000000000,11,,A1,A1,,하나은행,자체 신용보강,자체 신용보강,하나은행
73582,하나챔피온제육차,KRZF0152WJG1,하나챔피온제육차 20260128-54-18,N,20260128,20260323,정기예금,KRW,,5000000000,5000000000,11,,A1,A1,,하나은행,자체 신용보강,자체 신용보강,하나은행
73582,하나챔피온제육차,KRZF0152WKG1,하나챔피온제육차 20260128-54-19,N,20260128,20260323,정기예금,KRW,,5000000000,5000000000,11,,A1,A1,,하나은행,자체 신용보강,자체 신용보강,하나은행
73582,하나챔피온제육차,KRZF0152W2G1,하나챔피온제육차 20260128-54-2,N,20260128,20260323,정기예금,KRW,,5000000000,5000000000,11,,A1,A1,,하나은행,자체 신용보강,자체 신용보강,하나은행
73582,하나챔피온제육차,KRZF0152WLG1,하나챔피온제육차 20260128-54-20,N,20260128,20260323,정기예금,KRW,,5000000000,5000000000,11,,A1,A1,,하나은행,자체 신용보강,자체 신용보강,하나은행
73582,하나챔피온제육차,KRZF0152WMG1,하나챔피온제육차 20260128-54-21,N,20260128,20260323,정기예금,KRW,,5000000000,5000000000,11,,A1,A1,,하나은행,자체 신용보강,자체 신용보강,하나은행
73582,하나챔피온제육차,KRZF0152WNG1,하나챔피온제육차 20260128-54-22,N,20260128,20260323,정기예금,KRW,,5000000000,5000000000,11,,A1,A1,,하나은행,자체 신용보강,자체 신용보강,하나은행
73582,하나챔피온제육차,KRZF0152WPG1,하나챔피온제육차 20260128-54-23,N,20260128,20260323,정기예금,KRW,,5000000000,5000000000,11,,A1,A1,,하나은행,자체 신용보강,자체 신용보강,하나은행
73582,하나챔피온제육차,KRZF0152WQG1,하나챔피온제육차 20260128-54-24,N,20260128,20260323,정기예금,KRW,,5000000000,5000000000,11,,A1,A1,,하나은행,자체 신용보강,자체 신용보강,하나은행
73582,하나챔피온제육차,KRZF0152WRG1,하나챔피온제육차 20260128-54-25,N,20260128,20260323,정기예금,KRW,,5000000000,5000000000,11,,A1,A1,,하나은행,자체 신용보강,자체 신용보강,하나은행
73582,하나챔피온제육차,KRZF0152WSG1,하나챔피온제육차 20260128-54-26,N,20260128,20260323,정기예금,KRW,,5000000000,5000000000,11,,A1,A1,,하나은행,자체 신용보강,자체 신용보강,하나은행
73582,하나챔피온제육차,KRZF0152WTG1,하나챔피온제육차 20260128-54-27,N,20260128,20260323,정기예금,KRW,,5000000000,5000000000,11,,A1,A1,,하나은행,자체 신용보강,자체 신용보강,하나은행
73582,하나챔피온제육차,KRZF0152WVG1,하나챔피온제육차 20260128-54-28,N,20260128,20260323,정기예금,KRW,,5000000000,5000000000,11,,A1,A1,,하나은행,자체 신용보강,자체 신용보강,하나은행
73582,하나챔피온제육차,KRZF0152WWG1,하나챔피온제육차 20260128-54-29,N,20260128,20260323,정기예금,KRW,,5000000000,5000000000,11,,A1,A1,,하나은행,자체 신용보강,자체 신용보강,하나은행
73582,하나챔피온제육차,KRZF0152W3G1,하나챔피온제육차 20260128-54-3,N,20260128,20260323,정기예금,KRW,,5000000000,5000000000,11,,A1,A1,,하나은행,자체 신용보강,자체 신용보강,하나은행
73582,하나챔피온제육차,KRZF0152WXG1,하나챔피온제육차 20260128-54-30,N,20260128,20260323,정기예금,KRW,,5000000000,5000000000,11,,A1,A1,,하나은행,자체 신용보강,자체 신용보강,하나은행
73582,하나챔피온제육차,KRZF0152WYG1,하나챔피온제육차 20260128-54-31,N,20260128,20260323,정기예금,KRW,,5000000000,5000000000,11,,A1,A1,,하나은행,자체 신용보강,자체 신용보강,하나은행
73582,하나챔피온제육차,KRZF0152WZG1,하나챔피온제육차 20260128-54-32,N,20260128,20260323,정기예금,KRW,,5000000000,5000000000,11,,A1,A1,,하나은행,자체 신용보강,자체 신용보강,하나은행
73582,하나챔피온제육차,KRZF0152W0GD,하나챔피온제육차 20260128-54-33,N,20260128,20260323,정기예금,KRW,,5000000000,5000000000,11,,A1,A1,,하나은행,자체 신용보강,자체 신용보강,하나은행
73582,하나챔피온제육차,KRZF0152W1GD,하나챔피온제육차 20260128-54-34,N,20260128,20260323,정기예금,KRW,,5000000000,5000000000,11,,A1,A1,,하나은행,자체 신용보강,자체 신용보강,하나은행
73582,하나챔피온제육차,KRZF0152W2GD,하나챔피온제육차 20260128-54-35,N,20260128,20260323,정기예금,KRW,,5000000000,5000000000,11,,A1,A1,,하나은행,자체 신용보강,자체 신용보강,하나은행
73582,하나챔피온제육차,KRZF0152W3GD,하나챔피온제육차 20260128-54-36,N,20260128,20260323,정기예금,KRW,,5000000000,5000000000,11,,A1,A1,,하나은행,자체 신용보강,자체 신용보강,하나은행
73582,하나챔피온제육차,KRZF0152W4GD,하나챔피온제육차 20260128-54-37,N,20260128,20260323,정기예금,KRW,,5000000000,5000000000,11,,A1,A1,,하나은행,자체 신용보강,자체 신용보강,하나은행
73582,하나챔피온제육차,KRZF0152W5GD,하나챔피온제육차 20260128-54-38,N,20260128,20260323,정기예금,KRW,,5000000000,5000000000,11,,A1,A1,,하나은행,자체 신용보강,자체 신용보강,하나은행
73582,하나챔피온제육차,KRZF0152W6GD,하나챔피온제육차 20260128-54-39,N,20260128,20260323,정기예금,KRW,,5000000000,5000000000,11,,A1,A1,,하나은행,자체 신용보강,자체 신용보강,하나은행
73582,하나챔피온제육차,KRZF0152W4G1,하나챔피온제육차 20260128-54-4,N,20260128,20260323,정기예금,KRW,,5000000000,5000000000,11,,A1,A1,,하나은행,자체 신용보강,자체 신용보강,하나은행
73582,하나챔피온제육차,KRZF0152W7GD,하나챔피온제육차 20260128-54-40,N,20260128,20260323,정기예금,KRW,,5000000000,5000000000,11,,A1,A1,,하나은행,자체 신용보강,자체 신용보강,하나은행
73582,하나챔피온제육차,KRZF0152W8GD,하나챔피온제육차 20260128-54-41,N,20260128,20260323,정기예금,KRW,,5000000000,5000000000,11,,A1,A1,,하나은행,자체 신용보강,자체 신용보강,하나은행
73582,하나챔피온제육차,KRZF0152W9GD,하나챔피온제육차 20260128-54-42,N,20260128,20260323,정기예금,KRW,,5000000000,5000000000,11,,A1,A1,,하나은행,자체 신용보강,자체 신용보강,하나은행
73582,하나챔피온제육차,KRZF0152WAGD,하나챔피온제육차 20260128-54-43,N,20260128,20260323,정기예금,KRW,,5000000000,5000000000,11,,A1,A1,,하나은행,자체 신용보강,자체 신용보강,하나은행
73582,하나챔피온제육차,KRZF0152WBGD,하나챔피온제육차 20260128-54-44,N,20260128,20260323,정기예금,KRW,,5000000000,5000000000,11,,A1,A1,,하나은행,자체 신용보강,자체 신용보강,하나은행
73582,하나챔피온제육차,KRZF0152WCGD,하나챔피온제육차 20260128-54-45,N,20260128,20260323,정기예금,KRW,,5000000000,5000000000,11,,A1,A1,,하나은행,자체 신용보강,자체 신용보강,하나은행
73582,하나챔피온제육차,KRZF0152WDGD,하나챔피온제육차 20260128-54-46,N,20260128,20260323,정기예금,KRW,,5000000000,5000000000,11,,A1,A1,,하나은행,자체 신용보강,자체 신용보강,하나은행
73582,하나챔피온제육차,KRZF0152WEGD,하나챔피온제육차 20260128-54-47,N,20260128,20260323,정기예금,KRW,,5000000000,5000000000,11,,A1,A1,,하나은행,자체 신용보강,자체 신용보강,하나은행
73582,하나챔피온제육차,KRZF0152WFGD,하나챔피온제육차 20260128-54-48,N,20260128,20260323,정기예금,KRW,,5000000000,5000000000,11,,A1,A1,,하나은행,자체 신용보강,자체 신용보강,하나은행
73582,하나챔피온제육차,KRZF0152W5G1,하나챔피온제육차 20260128-54-5,N,20260128,20260323,정기예금,KRW,,5000000000,5000000000,11,,A1,A1,,하나은행,자체 신용보강,자체 신용보강,하나은행
73582,하나챔피온제육차,KRZF0152W6G1,하나챔피온제육차 20260128-54-6,N,20260128,20260323,정기예금,KRW,,5000000000,5000000000,11,,A1,A1,,하나은행,자체 신용보강,자체 신용보강,하나은행
73582,하나챔피온제육차,KRZF0152W7G1,하나챔피온제육차 20260128-54-7,N,20260128,20260323,정기예금,KRW,,5000000000,5000000000,11,,A1,A1,,하나은행,자체 신용보강,자체 신용보강,하나은행
73582,하나챔피온제육차,KRZF0152W8G1,하나챔피온제육차 20260128-54-8,N,20260128,20260323,정기예금,KRW,,5000000000,5000000000,11,,A1,A1,,하나은행,자체 신용보강,자체 신용보강,하나은행
73582,하나챔피온제육차,KRZF0152W9G1,하나챔피온제육차 20260128-54-9,N,20260128,20260323,정기예금,KRW,,5000000000,5000000000,11,,A1,A1,,하나은행,자체 신용보강,자체 신용보강,하나은행
73562,하나챔피온제일차,KRZFA1447GGD,하나챔피온제일차 20260128-237-49,N,20260128,20260922,정기예금,KRW,,180000000,180000000,194,,A1,A1,,하나은행,자체 신용보강,자체 신용보강,하나은행
73562,하나챔피온제일차,KRZFA14471G1,하나챔피온제일차 20260128-62-1,N,20260128,20260331,정기예금,KRW,,5000000000,5000000000,19,,A1,A1,,하나은행,자체 신용보강,자체 신용보강,하나은행
73562,하나챔피온제일차,KRZFA1447AG1,하나챔피온제일차 20260128-62-10,N,20260128,20260331,정기예금,KRW,,5000000000,5000000000,19,,A1,A1,,하나은행,자체 신용보강,자체 신용보강,하나은행
73562,하나챔피온제일차,KRZFA1447BG1,하나챔피온제일차 20260128-62-11,N,20260128,20260331,정기예금,KRW,,5000000000,5000000000,19,,A1,A1,,하나은행,자체 신용보강,자체 신용보강,하나은행
73562,하나챔피온제일차,KRZFA1447CG1,하나챔피온제일차 20260128-62-12,N,20260128,20260331,정기예금,KRW,,5000000000,5000000000,19,,A1,A1,,하나은행,자체 신용보강,자체 신용보강,하나은행
73562,하나챔피온제일차,KRZFA1447DG1,하나챔피온제일차 20260128-62-13,N,20260128,20260331,정기예금,KRW,,5000000000,5000000000,19,,A1,A1,,하나은행,자체 신용보강,자체 신용보강,하나은행
73562,하나챔피온제일차,KRZFA1447EG1,하나챔피온제일차 20260128-62-14,N,20260128,20260331,정기예금,KRW,,5000000000,5000000000,19,,A1,A1,,하나은행,자체 신용보강,자체 신용보강,하나은행
73562,하나챔피온제일차,KRZFA1447FG1,하나챔피온제일차 20260128-62-15,N,20260128,20260331,정기예금,KRW,,5000000000,5000000000,19,,A1,A1,,하나은행,자체 신용보강,자체 신용보강,하나은행
73562,하나챔피온제일차,KRZFA1447GG1,하나챔피온제일차 20260128-62-16,N,20260128,20260331,정기예금,KRW,,5000000000,5000000000,19,,A1,A1,,하나은행,자체 신용보강,자체 신용보강,하나은행
73562,하나챔피온제일차,KRZFA1447HG1,하나챔피온제일차 20260128-62-17,N,20260128,20260331,정기예금,KRW,,5000000000,5000000000,19,,A1,A1,,하나은행,자체 신용보강,자체 신용보강,하나은행
73562,하나챔피온제일차,KRZFA1447JG1,하나챔피온제일차 20260128-62-18,N,20260128,20260331,정기예금,KRW,,5000000000,5000000000,19,,A1,A1,,하나은행,자체 신용보강,자체 신용보강,하나은행
73562,하나챔피온제일차,KRZFA1447KG1,하나챔피온제일차 20260128-62-19,N,20260128,20260331,정기예금,KRW,,5000000000,5000000000,19,,A1,A1,,하나은행,자체 신용보강,자체 신용보강,하나은행
73562,하나챔피온제일차,KRZFA14472G1,하나챔피온제일차 20260128-62-2,N,20260128,20260331,정기예금,KRW,,5000000000,5000000000,19,,A1,A1,,하나은행,자체 신용보강,자체 신용보강,하나은행
73562,하나챔피온제일차,KRZFA1447LG1,하나챔피온제일차 20260128-62-20,N,20260128,20260331,정기예금,KRW,,5000000000,5000000000,19,,A1,A1,,하나은행,자체 신용보강,자체 신용보강,하나은행
73562,하나챔피온제일차,KRZFA1447MG1,하나챔피온제일차 20260128-62-21,N,20260128,20260331,정기예금,KRW,,5000000000,5000000000,19,,A1,A1,,하나은행,자체 신용보강,자체 신용보강,하나은행
73562,하나챔피온제일차,KRZFA1447NG1,하나챔피온제일차 20260128-62-22,N,20260128,20260331,정기예금,KRW,,5000000000,5000000000,19,,A1,A1,,하나은행,자체 신용보강,자체 신용보강,하나은행
73562,하나챔피온제일차,KRZFA1447PG1,하나챔피온제일차 20260128-62-23,N,20260128,20260331,정기예금,KRW,,5000000000,5000000000,19,,A1,A1,,하나은행,자체 신용보강,자체 신용보강,하나은행
73562,하나챔피온제일차,KRZFA1447QG1,하나챔피온제일차 20260128-62-24,N,20260128,20260331,정기예금,KRW,,5000000000,5000000000,19,,A1,A1,,하나은행,자체 신용보강,자체 신용보강,하나은행
73562,하나챔피온제일차,KRZFA1447RG1,하나챔피온제일차 20260128-62-25,N,20260128,20260331,정기예금,KRW,,5000000000,5000000000,19,,A1,A1,,하나은행,자체 신용보강,자체 신용보강,하나은행
73562,하나챔피온제일차,KRZFA1447SG1,하나챔피온제일차 20260128-62-26,N,20260128,20260331,정기예금,KRW,,5000000000,5000000000,19,,A1,A1,,하나은행,자체 신용보강,자체 신용보강,하나은행
73562,하나챔피온제일차,KRZFA1447TG1,하나챔피온제일차 20260128-62-27,N,20260128,20260331,정기예금,KRW,,5000000000,5000000000,19,,A1,A1,,하나은행,자체 신용보강,자체 신용보강,하나은행
73562,하나챔피온제일차,KRZFA1447VG1,하나챔피온제일차 20260128-62-28,N,20260128,20260331,정기예금,KRW,,5000000000,5000000000,19,,A1,A1,,하나은행,자체 신용보강,자체 신용보강,하나은행
73562,하나챔피온제일차,KRZFA1447WG1,하나챔피온제일차 20260128-62-29,N,20260128,20260331,정기예금,KRW,,5000000000,5000000000,19,,A1,A1,,하나은행,자체 신용보강,자체 신용보강,하나은행
73562,하나챔피온제일차,KRZFA14473G1,하나챔피온제일차 20260128-62-3,N,20260128,20260331,정기예금,KRW,,5000000000,5000000000,19,,A1,A1,,하나은행,자체 신용보강,자체 신용보강,하나은행
73562,하나챔피온제일차,KRZFA1447XG1,하나챔피온제일차 20260128-62-30,N,20260128,20260331,정기예금,KRW,,5000000000,5000000000,19,,A1,A1,,하나은행,자체 신용보강,자체 신용보강,하나은행
73562,하나챔피온제일차,KRZFA1447YG1,하나챔피온제일차 20260128-62-31,N,20260128,20260331,정기예금,KRW,,5000000000,5000000000,19,,A1,A1,,하나은행,자체 신용보강,자체 신용보강,하나은행
73562,하나챔피온제일차,KRZFA1447ZG1,하나챔피온제일차 20260128-62-32,N,20260128,20260331,정기예금,KRW,,5000000000,5000000000,19,,A1,A1,,하나은행,자체 신용보강,자체 신용보강,하나은행
73562,하나챔피온제일차,KRZFA14470GD,하나챔피온제일차 20260128-62-33,N,20260128,20260331,정기예금,KRW,,5000000000,5000000000,19,,A1,A1,,하나은행,자체 신용보강,자체 신용보강,하나은행
73562,하나챔피온제일차,KRZFA14471GD,하나챔피온제일차 20260128-62-34,N,20260128,20260331,정기예금,KRW,,5000000000,5000000000,19,,A1,A1,,하나은행,자체 신용보강,자체 신용보강,하나은행
73562,하나챔피온제일차,KRZFA14472GD,하나챔피온제일차 20260128-62-35,N,20260128,20260331,정기예금,KRW,,5000000000,5000000000,19,,A1,A1,,하나은행,자체 신용보강,자체 신용보강,하나은행
73562,하나챔피온제일차,KRZFA14473GD,하나챔피온제일차 20260128-62-36,N,20260128,20260331,정기예금,KRW,,5000000000,5000000000,19,,A1,A1,,하나은행,자체 신용보강,자체 신용보강,하나은행
73562,하나챔피온제일차,KRZFA14474GD,하나챔피온제일차 20260128-62-37,N,20260128,20260331,정기예금,KRW,,5000000000,5000000000,19,,A1,A1,,하나은행,자체 신용보강,자체 신용보강,하나은행
73562,하나챔피온제일차,KRZFA14475GD,하나챔피온제일차 20260128-62-38,N,20260128,20260331,정기예금,KRW,,5000000000,5000000000,19,,A1,A1,,하나은행,자체 신용보강,자체 신용보강,하나은행
73562,하나챔피온제일차,KRZFA14476GD,하나챔피온제일차 20260128-62-39,N,20260128,20260331,정기예금,KRW,,5000000000,5000000000,19,,A1,A1,,하나은행,자체 신용보강,자체 신용보강,하나은행
73562,하나챔피온제일차,KRZFA14474G1,하나챔피온제일차 20260128-62-4,N,20260128,20260331,정기예금,KRW,,5000000000,5000000000,19,,A1,A1,,하나은행,자체 신용보강,자체 신용보강,하나은행
73562,하나챔피온제일차,KRZFA14477GD,하나챔피온제일차 20260128-62-40,N,20260128,20260331,정기예금,KRW,,5000000000,5000000000,19,,A1,A1,,하나은행,자체 신용보강,자체 신용보강,하나은행
73562,하나챔피온제일차,KRZFA14478GD,하나챔피온제일차 20260128-62-41,N,20260128,20260331,정기예금,KRW,,5000000000,5000000000,19,,A1,A1,,하나은행,자체 신용보강,자체 신용보강,하나은행
73562,하나챔피온제일차,KRZFA14479GD,하나챔피온제일차 20260128-62-42,N,20260128,20260331,정기예금,KRW,,5000000000,5000000000,19,,A1,A1,,하나은행,자체 신용보강,자체 신용보강,하나은행
73562,하나챔피온제일차,KRZFA1447AGD,하나챔피온제일차 20260128-62-43,N,20260128,20260331,정기예금,KRW,,5000000000,5000000000,19,,A1,A1,,하나은행,자체 신용보강,자체 신용보강,하나은행
73562,하나챔피온제일차,KRZFA1447BGD,하나챔피온제일차 20260128-62-44,N,20260128,20260331,정기예금,KRW,,5000000000,5000000000,19,,A1,A1,,하나은행,자체 신용보강,자체 신용보강,하나은행
73562,하나챔피온제일차,KRZFA1447CGD,하나챔피온제일차 20260128-62-45,N,20260128,20260331,정기예금,KRW,,5000000000,5000000000,19,,A1,A1,,하나은행,자체 신용보강,자체 신용보강,하나은행
73562,하나챔피온제일차,KRZFA1447DGD,하나챔피온제일차 20260128-62-46,N,20260128,20260331,정기예금,KRW,,5000000000,5000000000,19,,A1,A1,,하나은행,자체 신용보강,자체 신용보강,하나은행
73562,하나챔피온제일차,KRZFA1447EGD,하나챔피온제일차 20260128-62-47,N,20260128,20260331,정기예금,KRW,,5000000000,5000000000,19,,A1,A1,,하나은행,자체 신용보강,자체 신용보강,하나은행
73562,하나챔피온제일차,KRZFA1447FGD,하나챔피온제일차 20260128-62-48,N,20260128,20260331,정기예금,KRW,,5000000000,5000000000,19,,A1,A1,,하나은행,자체 신용보강,자체 신용보강,하나은행
73562,하나챔피온제일차,KRZFA14475G1,하나챔피온제일차 20260128-62-5,N,20260128,20260331,정기예금,KRW,,5000000000,5000000000,19,,A1,A1,,하나은행,자체 신용보강,자체 신용보강,하나은행
73562,하나챔피온제일차,KRZFA14476G1,하나챔피온제일차 20260128-62-6,N,20260128,20260331,정기예금,KRW,,5000000000,5000000000,19,,A1,A1,,하나은행,자체 신용보강,자체 신용보강,하나은행
73562,하나챔피온제일차,KRZFA14477G1,하나챔피온제일차 20260128-62-7,N,20260128,20260331,정기예금,KRW,,5000000000,5000000000,19,,A1,A1,,하나은행,자체 신용보강,자체 신용보강,하나은행
73562,하나챔피온제일차,KRZFA14478G1,하나챔피온제일차 20260128-62-8,N,20260128,20260331,정기예금,KRW,,5000000000,5000000000,19,,A1,A1,,하나은행,자체 신용보강,자체 신용보강,하나은행
73562,하나챔피온제일차,KRZFA14479G1,하나챔피온제일차 20260128-62-9,N,20260128,20260331,정기예금,KRW,,5000000000,5000000000,19,,A1,A1,,하나은행,자체 신용보강,자체 신용보강,하나은행
73570,한솔제오십육차,KRZF0098VAG1,한솔제오십육차 20260128-121-10,N,20260128,20260529,정기예금,KRW,,5000000000,5000000000,78,A1,A1,,,신한은행,자체 신용보강,자체 신용보강,신한은행
73570,한솔제오십육차,KRZF0098VBG1,한솔제오십육차 20260128-121-11,N,20260128,20260529,정기예금,KRW,,5000000000,5000000000,78,A1,A1,,,신한은행,자체 신용보강,자체 신용보강,신한은행
73570,한솔제오십육차,KRZF0098VCG1,한솔제오십육차 20260128-121-12,N,20260128,20260529,정기예금,KRW,,5000000000,5000000000,78,A1,A1,,,신한은행,자체 신용보강,자체 신용보강,신한은행
73570,한솔제오십육차,KRZF0098VDG1,한솔제오십육차 20260128-121-13,N,20260128,20260529,정기예금,KRW,,5000000000,5000000000,78,A1,A1,,,신한은행,자체 신용보강,자체 신용보강,신한은행
73570,한솔제오십육차,KRZF0098VEG1,한솔제오십육차 20260128-121-14,N,20260128,20260529,정기예금,KRW,,5000000000,5000000000,78,A1,A1,,,신한은행,자체 신용보강,자체 신용보강,신한은행
73570,한솔제오십육차,KRZF0098VFG1,한솔제오십육차 20260128-121-15,N,20260128,20260529,정기예금,KRW,,5000000000,5000000000,78,A1,A1,,,신한은행,자체 신용보강,자체 신용보강,신한은행
73570,한솔제오십육차,KRZF0098VGG1,한솔제오십육차 20260128-121-16,N,20260128,20260529,정기예금,KRW,,5000000000,5000000000,78,A1,A1,,,신한은행,자체 신용보강,자체 신용보강,신한은행
73570,한솔제오십육차,KRZF0098VHG1,한솔제오십육차 20260128-121-17,N,20260128,20260529,정기예금,KRW,,5000000000,5000000000,78,A1,A1,,,신한은행,자체 신용보강,자체 신용보강,신한은행
73570,한솔제오십육차,KRZF0098VJG1,한솔제오십육차 20260128-121-18,N,20260128,20260529,정기예금,KRW,,5000000000,5000000000,78,A1,A1,,,신한은행,자체 신용보강,자체 신용보강,신한은행
73570,한솔제오십육차,KRZF0098VKG1,한솔제오십육차 20260128-121-19,N,20260128,20260529,정기예금,KRW,,5000000000,5000000000,78,A1,A1,,,신한은행,자체 신용보강,자체 신용보강,신한은행
73570,한솔제오십육차,KRZF0098VLG1,한솔제오십육차 20260128-121-20,N,20260128,20260529,정기예금,KRW,,5000000000,5000000000,78,A1,A1,,,신한은행,자체 신용보강,자체 신용보강,신한은행
73570,한솔제오십육차,KRZF0098VMG1,한솔제오십육차 20260128-121-21,N,20260128,20260529,정기예금,KRW,,5000000000,5000000000,78,A1,A1,,,신한은행,자체 신용보강,자체 신용보강,신한은행
73570,한솔제오십육차,KRZF0098VNG1,한솔제오십육차 20260128-121-22,N,20260128,20260529,정기예금,KRW,,5000000000,5000000000,78,A1,A1,,,신한은행,자체 신용보강,자체 신용보강,신한은행
73570,한솔제오십육차,KRZF0098VPG1,한솔제오십육차 20260128-121-23,N,20260128,20260529,정기예금,KRW,,5000000000,5000000000,78,A1,A1,,,신한은행,자체 신용보강,자체 신용보강,신한은행
73570,한솔제오십육차,KRZF0098VQG1,한솔제오십육차 20260128-121-24,N,20260128,20260529,정기예금,KRW,,5000000000,5000000000,78,A1,A1,,,신한은행,자체 신용보강,자체 신용보강,신한은행
73570,한솔제오십육차,KRZF0098VRG1,한솔제오십육차 20260128-121-25,N,20260128,20260529,정기예금,KRW,,5000000000,5000000000,78,A1,A1,,,신한은행,자체 신용보강,자체 신용보강,신한은행
73570,한솔제오십육차,KRZF0098VSG1,한솔제오십육차 20260128-121-26,N,20260128,20260529,정기예금,KRW,,5000000000,5000000000,78,A1,A1,,,신한은행,자체 신용보강,자체 신용보강,신한은행
73570,한솔제오십육차,KRZF0098VTG1,한솔제오십육차 20260128-121-27,N,20260128,20260529,정기예금,KRW,,5000000000,5000000000,78,A1,A1,,,신한은행,자체 신용보강,자체 신용보강,신한은행
73570,한솔제오십육차,KRZF0098VVG1,한솔제오십육차 20260128-121-28,N,20260128,20260529,정기예금,KRW,,5000000000,5000000000,78,A1,A1,,,신한은행,자체 신용보강,자체 신용보강,신한은행
73570,한솔제오십육차,KRZF0098VWG1,한솔제오십육차 20260128-121-29,N,20260128,20260529,정기예금,KRW,,5000000000,5000000000,78,A1,A1,,,신한은행,자체 신용보강,자체 신용보강,신한은행
73570,한솔제오십육차,KRZF0098VXG1,한솔제오십육차 20260128-121-30,N,20260128,20260529,정기예금,KRW,,5000000000,5000000000,78,A1,A1,,,신한은행,자체 신용보강,자체 신용보강,신한은행
73570,한솔제오십육차,KRZF0098VYG1,한솔제오십육차 20260128-121-31,N,20260128,20260529,정기예금,KRW,,5000000000,5000000000,78,A1,A1,,,신한은행,자체 신용보강,자체 신용보강,신한은행
73570,한솔제오십육차,KRZF0098VZG1,한솔제오십육차 20260128-121-32,N,20260128,20260529,정기예금,KRW,,5000000000,5000000000,78,A1,A1,,,신한은행,자체 신용보강,자체 신용보강,신한은행
73570,한솔제오십육차,KRZF0098V0GD,한솔제오십육차 20260128-121-33,N,20260128,20260529,정기예금,KRW,,5000000000,5000000000,78,A1,A1,,,신한은행,자체 신용보강,자체 신용보강,신한은행
73570,한솔제오십육차,KRZF0098V1GD,한솔제오십육차 20260128-121-34,N,20260128,20260529,정기예금,KRW,,5000000000,5000000000,78,A1,A1,,,신한은행,자체 신용보강,자체 신용보강,신한은행
73570,한솔제오십육차,KRZF0098V2GD,한솔제오십육차 20260128-121-35,N,20260128,20260529,정기예금,KRW,,5000000000,5000000000,78,A1,A1,,,신한은행,자체 신용보강,자체 신용보강,신한은행
73570,한솔제오십육차,KRZF0098V3GD,한솔제오십육차 20260128-121-36,N,20260128,20260529,정기예금,KRW,,5000000000,5000000000,78,A1,A1,,,신한은행,자체 신용보강,자체 신용보강,신한은행
73570,한솔제오십육차,KRZF0098V4GD,한솔제오십육차 20260128-121-37,N,20260128,20260529,정기예금,KRW,,5000000000,5000000000,78,A1,A1,,,신한은행,자체 신용보강,자체 신용보강,신한은행
73570,한솔제오십육차,KRZF0098V5GD,한솔제오십육차 20260128-121-38,N,20260128,20260529,정기예금,KRW,,5000000000,5000000000,78,A1,A1,,,신한은행,자체 신용보강,자체 신용보강,신한은행
73570,한솔제오십육차,KRZF0098V6GD,한솔제오십육차 20260128-121-39,N,20260128,20260529,정기예금,KRW,,5000000000,5000000000,78,A1,A1,,,신한은행,자체 신용보강,자체 신용보강,신한은행
73570,한솔제오십육차,KRZF0098V7GD,한솔제오십육차 20260128-121-40,N,20260128,20260529,정기예금,KRW,,5000000000,5000000000,78,A1,A1,,,신한은행,자체 신용보강,자체 신용보강,신한은행
73570,한솔제오십육차,KRZF0098V8GD,한솔제오십육차 20260128-121-41,N,20260128,20260529,정기예금,KRW,,5000000000,5000000000,78,A1,A1,,,신한은행,자체 신용보강,자체 신용보강,신한은행
73570,한솔제오십육차,KRZF0098V9GD,한솔제오십육차 20260128-121-42,N,20260128,20260529,정기예금,KRW,,5000000000,5000000000,78,A1,A1,,,신한은행,자체 신용보강,자체 신용보강,신한은행
73570,한솔제오십육차,KRZF0098VAGD,한솔제오십육차 20260128-121-43,N,20260128,20260529,정기예금,KRW,,5000000000,5000000000,78,A1,A1,,,신한은행,자체 신용보강,자체 신용보강,신한은행
73570,한솔제오십육차,KRZF0098VBGD,한솔제오십육차 20260128-121-44,N,20260128,20260529,정기예금,KRW,,5000000000,5000000000,78,A1,A1,,,신한은행,자체 신용보강,자체 신용보강,신한은행
73570,한솔제오십육차,KRZF0098VCGD,한솔제오십육차 20260128-121-45,N,20260128,20260529,정기예금,KRW,,5000000000,5000000000,78,A1,A1,,,신한은행,자체 신용보강,자체 신용보강,신한은행
73570,한솔제오십육차,KRZF0098VDGD,한솔제오십육차 20260128-121-46,N,20260128,20260529,정기예금,KRW,,5000000000,5000000000,78,A1,A1,,,신한은행,자체 신용보강,자체 신용보강,신한은행
73570,한솔제오십육차,KRZF0098VEGD,한솔제오십육차 20260128-121-47,N,20260128,20260529,정기예금,KRW,,5000000000,5000000000,78,A1,A1,,,신한은행,자체 신용보강,자체 신용보강,신한은행
73570,한솔제오십육차,KRZF0098VFGD,한솔제오십육차 20260128-121-48,N,20260128,20260529,정기예금,KRW,,5000000000,5000000000,78,A1,A1,,,신한은행,자체 신용보강,자체 신용보강,신한은행
73570,한솔제오십육차,KRZF0098V7G1,한솔제오십육차 20260128-121-7,N,20260128,20260529,정기예금,KRW,,5000000000,5000000000,78,A1,A1,,,신한은행,자체 신용보강,자체 신용보강,신한은행
73570,한솔제오십육차,KRZF0098V8G1,한솔제오십육차 20260128-121-8,N,20260128,20260529,정기예금,KRW,,5000000000,5000000000,78,A1,A1,,,신한은행,자체 신용보강,자체 신용보강,신한은행
73570,한솔제오십육차,KRZF0098V9G1,한솔제오십육차 20260128-121-9,N,20260128,20260529,정기예금,KRW,,5000000000,5000000000,78,A1,A1,,,신한은행,자체 신용보강,자체 신용보강,신한은행
73570,한솔제오십육차,KRZF0098VGGD,한솔제오십육차 20260128-282-49,N,20260128,20261106,정기예금,KRW,,346000000,346000000,239,A1,A1,,,신한은행,자체 신용보강,자체 신용보강,신한은행
73570,한솔제오십육차,KRZF0098V1G1,한솔제오십육차 20260128-91-1,N,20260128,20260429,정기예금,KRW,,5000000000,5000000000,48,A1,A1,,,신한은행,자체 신용보강,자체 신용보강,신한은행
73570,한솔제오십육차,KRZF0098V2G1,한솔제오십육차 20260128-91-2,N,20260128,20260429,정기예금,KRW,,5000000000,5000000000,48,A1,A1,,,신한은행,자체 신용보강,자체 신용보강,신한은행
73570,한솔제오십육차,KRZF0098V3G1,한솔제오십육차 20260128-91-3,N,20260128,20260429,정기예금,KRW,,5000000000,5000000000,48,A1,A1,,,신한은행,자체 신용보강,자체 신용보강,신한은행
73570,한솔제오십육차,KRZF0098V4G1,한솔제오십육차 20260128-91-4,N,20260128,20260429,정기예금,KRW,,5000000000,5000000000,48,A1,A1,,,신한은행,자체 신용보강,자체 신용보강,신한은행
73570,한솔제오십육차,KRZF0098V5G1,한솔제오십육차 20260128-91-5,N,20260128,20260429,정기예금,KRW,,5000000000,5000000000,48,A1,A1,,,신한은행,자체 신용보강,자체 신용보강,신한은행
73570,한솔제오십육차,KRZF0098V6G1,한솔제오십육차 20260128-91-6,N,20260128,20260429,정기예금,KRW,,5000000000,5000000000,48,A1,A1,,,신한은행,자체 신용보강,자체 신용보강,신한은행
69764,해피월드하나제이차,KRZF0044X1G1,해피월드하나제이차 20260128-90-1,N,20260128,20260428,대출채권,KRW,,5000000000,5000000000,47,,A1,A1,,이마트,차환발행위험(유동성 공여형 매입약정),금융기관,하나은행
69764,해피월드하나제이차,KRZF0044XAG1,해피월드하나제이차 20260128-90-10,N,20260128,20260428,대출채권,KRW,,5000000000,5000000000,47,,A1,A1,,이마트,차환발행위험(유동성 공여형 매입약정),금융기관,하나은행
69764,해피월드하나제이차,KRZF0044XBG1,해피월드하나제이차 20260128-90-11,N,20260128,20260428,대출채권,KRW,,5000000000,5000000000,47,,A1,A1,,이마트,차환발행위험(유동성 공여형 매입약정),금융기관,하나은행
69764,해피월드하나제이차,KRZF0044XCG1,해피월드하나제이차 20260128-90-12,N,20260128,20260428,대출채권,KRW,,5000000000,5000000000,47,,A1,A1,,이마트,차환발행위험(유동성 공여형 매입약정),금융기관,하나은행
69764,해피월드하나제이차,KRZF0044XDG1,해피월드하나제이차 20260128-90-13,N,20260128,20260428,대출채권,KRW,,5000000000,5000000000,47,,A1,A1,,이마트,차환발행위험(유동성 공여형 매입약정),금융기관,하나은행
69764,해피월드하나제이차,KRZF0044XEG1,해피월드하나제이차 20260128-90-14,N,20260128,20260428,대출채권,KRW,,5000000000,5000000000,47,,A1,A1,,이마트,차환발행위험(유동성 공여형 매입약정),금융기관,하나은행
69764,해피월드하나제이차,KRZF0044XFG1,해피월드하나제이차 20260128-90-15,N,20260128,20260428,대출채권,KRW,,5000000000,5000000000,47,,A1,A1,,이마트,차환발행위험(유동성 공여형 매입약정),금융기관,하나은행
69764,해피월드하나제이차,KRZF0044XGG1,해피월드하나제이차 20260128-90-16,N,20260128,20260428,대출채권,KRW,,5000000000,5000000000,47,,A1,A1,,이마트,차환발행위험(유동성 공여형 매입약정),금융기관,하나은행
69764,해피월드하나제이차,KRZF0044XHG1,해피월드하나제이차 20260128-90-17,N,20260128,20260428,대출채권,KRW,,5000000000,5000000000,47,,A1,A1,,이마트,차환발행위험(유동성 공여형 매입약정),금융기관,하나은행
69764,해피월드하나제이차,KRZF0044XJG1,해피월드하나제이차 20260128-90-18,N,20260128,20260428,대출채권,KRW,,5000000000,5000000000,47,,A1,A1,,이마트,차환발행위험(유동성 공여형 매입약정),금융기관,하나은행
69764,해피월드하나제이차,KRZF0044XKG1,해피월드하나제이차 20260128-90-19,N,20260128,20260428,대출채권,KRW,,5000000000,5000000000,47,,A1,A1,,이마트,차환발행위험(유동성 공여형 매입약정),금융기관,하나은행
69764,해피월드하나제이차,KRZF0044X2G1,해피월드하나제이차 20260128-90-2,N,20260128,20260428,대출채권,KRW,,5000000000,5000000000,47,,A1,A1,,이마트,차환발행위험(유동성 공여형 매입약정),금융기관,하나은행
69764,해피월드하나제이차,KRZF0044XLG1,해피월드하나제이차 20260128-90-20,N,20260128,20260428,대출채권,KRW,,5000000000,5000000000,47,,A1,A1,,이마트,차환발행위험(유동성 공여형 매입약정),금융기관,하나은행
69764,해피월드하나제이차,KRZF0044X3G1,해피월드하나제이차 20260128-90-3,N,20260128,20260428,대출채권,KRW,,5000000000,5000000000,47,,A1,A1,,이마트,차환발행위험(유동성 공여형 매입약정),금융기관,하나은행
69764,해피월드하나제이차,KRZF0044X4G1,해피월드하나제이차 20260128-90-4,N,20260128,20260428,대출채권,KRW,,5000000000,5000000000,47,,A1,A1,,이마트,차환발행위험(유동성 공여형 매입약정),금융기관,하나은행
69764,해피월드하나제이차,KRZF0044X5G1,해피월드하나제이차 20260128-90-5,N,20260128,20260428,대출채권,KRW,,5000000000,5000000000,47,,A1,A1,,이마트,차환발행위험(유동성 공여형 매입약정),금융기관,하나은행
69764,해피월드하나제이차,KRZF0044X6G1,해피월드하나제이차 20260128-90-6,N,20260128,20260428,대출채권,KRW,,5000000000,5000000000,47,,A1,A1,,이마트,차환발행위험(유동성 공여형 매입약정),금융기관,하나은행
69764,해피월드하나제이차,KRZF0044X7G1,해피월드하나제이차 20260128-90-7,N,20260128,20260428,대출채권,KRW,,5000000000,5000000000,47,,A1,A1,,이마트,차환발행위험(유동성 공여형 매입약정),금융기관,하나은행
69764,해피월드하나제이차,KRZF0044X8G1,해피월드하나제이차 20260128-90-8,N,20260128,20260428,대출채권,KRW,,5000000000,5000000000,47,,A1,A1,,이마트,차환발행위험(유동성 공여형 매입약정),금융기관,하나은행
69764,해피월드하나제이차,KRZF0044X9G1,해피월드하나제이차 20260128-90-9,N,20260128,20260428,대출채권,KRW,,5000000000,5000000000,47,,A1,A1,,이마트,차환발행위험(유동성 공여형 매입약정),금융기관,하나은행
73556,국민챔피온제육차,KRZFA19871G1,국민챔피온제육차 20260127-122-1,N,20260127,20260529,정기예금,KRW,,5000000000,5000000000,78,,A1,A1,,국민은행,자체 신용보강,자체 신용보강,국민은행
73556,국민챔피온제육차,KRZFA1987AG1,국민챔피온제육차 20260127-122-10,N,20260127,20260529,정기예금,KRW,,5000000000,5000000000,78,,A1,A1,,국민은행,자체 신용보강,자체 신용보강,국민은행
73556,국민챔피온제육차,KRZFA1987BG1,국민챔피온제육차 20260127-122-11,N,20260127,20260529,정기예금,KRW,,5000000000,5000000000,78,,A1,A1,,국민은행,자체 신용보강,자체 신용보강,국민은행
73556,국민챔피온제육차,KRZFA1987CG1,국민챔피온제육차 20260127-122-12,N,20260127,20260529,정기예금,KRW,,5000000000,5000000000,78,,A1,A1,,국민은행,자체 신용보강,자체 신용보강,국민은행
73556,국민챔피온제육차,KRZFA1987DG1,국민챔피온제육차 20260127-122-13,N,20260127,20260529,정기예금,KRW,,5000000000,5000000000,78,,A1,A1,,국민은행,자체 신용보강,자체 신용보강,국민은행
73556,국민챔피온제육차,KRZFA1987EG1,국민챔피온제육차 20260127-122-14,N,20260127,20260529,정기예금,KRW,,5000000000,5000000000,78,,A1,A1,,국민은행,자체 신용보강,자체 신용보강,국민은행
73556,국민챔피온제육차,KRZFA1987FG1,국민챔피온제육차 20260127-122-15,N,20260127,20260529,정기예금,KRW,,5000000000,5000000000,78,,A1,A1,,국민은행,자체 신용보강,자체 신용보강,국민은행
73556,국민챔피온제육차,KRZFA1987GG1,국민챔피온제육차 20260127-122-16,N,20260127,20260529,정기예금,KRW,,5000000000,5000000000,78,,A1,A1,,국민은행,자체 신용보강,자체 신용보강,국민은행
73556,국민챔피온제육차,KRZFA1987HG1,국민챔피온제육차 20260127-122-17,N,20260127,20260529,정기예금,KRW,,5000000000,5000000000,78,,A1,A1,,국민은행,자체 신용보강,자체 신용보강,국민은행
73556,국민챔피온제육차,KRZFA1987JG1,국민챔피온제육차 20260127-122-18,N,20260127,20260529,정기예금,KRW,,5000000000,5000000000,78,,A1,A1,,국민은행,자체 신용보강,자체 신용보강,국민은행
73556,국민챔피온제육차,KRZFA1987KG1,국민챔피온제육차 20260127-122-19,N,20260127,20260529,정기예금,KRW,,5000000000,5000000000,78,,A1,A1,,국민은행,자체 신용보강,자체 신용보강,국민은행
73556,국민챔피온제육차,KRZFA19872G1,국민챔피온제육차 20260127-122-2,N,20260127,20260529,정기예금,KRW,,5000000000,5000000000,78,,A1,A1,,국민은행,자체 신용보강,자체 신용보강,국민은행
73556,국민챔피온제육차,KRZFA1987LG1,국민챔피온제육차 20260127-122-20,N,20260127,20260529,정기예금,KRW,,5000000000,5000000000,78,,A1,A1,,국민은행,자체 신용보강,자체 신용보강,국민은행
73556,국민챔피온제육차,KRZFA1987MG1,국민챔피온제육차 20260127-122-21,N,20260127,20260529,정기예금,KRW,,5000000000,5000000000,78,,A1,A1,,국민은행,자체 신용보강,자체 신용보강,국민은행
73556,국민챔피온제육차,KRZFA1987NG1,국민챔피온제육차 20260127-122-22,N,20260127,20260529,정기예금,KRW,,5000000000,5000000000,78,,A1,A1,,국민은행,자체 신용보강,자체 신용보강,국민은행
73556,국민챔피온제육차,KRZFA1987PG1,국민챔피온제육차 20260127-122-23,N,20260127,20260529,정기예금,KRW,,5000000000,5000000000,78,,A1,A1,,국민은행,자체 신용보강,자체 신용보강,국민은행
73556,국민챔피온제육차,KRZFA1987QG1,국민챔피온제육차 20260127-122-24,N,20260127,20260529,정기예금,KRW,,5000000000,5000000000,78,,A1,A1,,국민은행,자체 신용보강,자체 신용보강,국민은행
73556,국민챔피온제육차,KRZFA1987RG1,국민챔피온제육차 20260127-122-25,N,20260127,20260529,정기예금,KRW,,5000000000,5000000000,78,,A1,A1,,국민은행,자체 신용보강,자체 신용보강,국민은행
73556,국민챔피온제육차,KRZFA1987SG1,국민챔피온제육차 20260127-122-26,N,20260127,20260529,정기예금,KRW,,5000000000,5000000000,78,,A1,A1,,국민은행,자체 신용보강,자체 신용보강,국민은행
73556,국민챔피온제육차,KRZFA1987TG1,국민챔피온제육차 20260127-122-27,N,20260127,20260529,정기예금,KRW,,5000000000,5000000000,78,,A1,A1,,국민은행,자체 신용보강,자체 신용보강,국민은행
73556,국민챔피온제육차,KRZFA1987VG1,국민챔피온제육차 20260127-122-28,N,20260127,20260529,정기예금,KRW,,5000000000,5000000000,78,,A1,A1,,국민은행,자체 신용보강,자체 신용보강,국민은행
73556,국민챔피온제육차,KRZFA1987WG1,국민챔피온제육차 20260127-122-29,N,20260127,20260529,정기예금,KRW,,5000000000,5000000000,78,,A1,A1,,국민은행,자체 신용보강,자체 신용보강,국민은행
73556,국민챔피온제육차,KRZFA19873G1,국민챔피온제육차 20260127-122-3,N,20260127,20260529,정기예금,KRW,,5000000000,5000000000,78,,A1,A1,,국민은행,자체 신용보강,자체 신용보강,국민은행
73556,국민챔피온제육차,KRZFA1987XG1,국민챔피온제육차 20260127-122-30,N,20260127,20260529,정기예금,KRW,,5000000000,5000000000,78,,A1,A1,,국민은행,자체 신용보강,자체 신용보강,국민은행
73556,국민챔피온제육차,KRZFA1987YG1,국민챔피온제육차 20260127-122-31,N,20260127,20260529,정기예금,KRW,,5000000000,5000000000,78,,A1,A1,,국민은행,자체 신용보강,자체 신용보강,국민은행
73556,국민챔피온제육차,KRZFA1987ZG1,국민챔피온제육차 20260127-122-32,N,20260127,20260529,정기예금,KRW,,5000000000,5000000000,78,,A1,A1,,국민은행,자체 신용보강,자체 신용보강,국민은행
73556,국민챔피온제육차,KRZFA19870GD,국민챔피온제육차 20260127-122-33,N,20260127,20260529,정기예금,KRW,,5000000000,5000000000,78,,A1,A1,,국민은행,자체 신용보강,자체 신용보강,국민은행
73556,국민챔피온제육차,KRZFA19871GD,국민챔피온제육차 20260127-122-34,N,20260127,20260529,정기예금,KRW,,5000000000,5000000000,78,,A1,A1,,국민은행,자체 신용보강,자체 신용보강,국민은행
73556,국민챔피온제육차,KRZFA19872GD,국민챔피온제육차 20260127-122-35,N,20260127,20260529,정기예금,KRW,,5000000000,5000000000,78,,A1,A1,,국민은행,자체 신용보강,자체 신용보강,국민은행
73556,국민챔피온제육차,KRZFA19873GD,국민챔피온제육차 20260127-122-36,N,20260127,20260529,정기예금,KRW,,5000000000,5000000000,78,,A1,A1,,국민은행,자체 신용보강,자체 신용보강,국민은행
73556,국민챔피온제육차,KRZFA19874GD,국민챔피온제육차 20260127-122-37,N,20260127,20260529,정기예금,KRW,,5000000000,5000000000,78,,A1,A1,,국민은행,자체 신용보강,자체 신용보강,국민은행
73556,국민챔피온제육차,KRZFA19875GD,국민챔피온제육차 20260127-122-38,N,20260127,20260529,정기예금,KRW,,5000000000,5000000000,78,,A1,A1,,국민은행,자체 신용보강,자체 신용보강,국민은행
73556,국민챔피온제육차,KRZFA19876GD,국민챔피온제육차 20260127-122-39,N,20260127,20260529,정기예금,KRW,,5000000000,5000000000,78,,A1,A1,,국민은행,자체 신용보강,자체 신용보강,국민은행
73556,국민챔피온제육차,KRZFA19874G1,국민챔피온제육차 20260127-122-4,N,20260127,20260529,정기예금,KRW,,5000000000,5000000000,78,,A1,A1,,국민은행,자체 신용보강,자체 신용보강,국민은행
73556,국민챔피온제육차,KRZFA19877GD,국민챔피온제육차 20260127-122-40,N,20260127,20260529,정기예금,KRW,,5000000000,5000000000,78,,A1,A1,,국민은행,자체 신용보강,자체 신용보강,국민은행
73556,국민챔피온제육차,KRZFA19878GD,국민챔피온제육차 20260127-122-41,N,20260127,20260529,정기예금,KRW,,5000000000,5000000000,78,,A1,A1,,국민은행,자체 신용보강,자체 신용보강,국민은행
73556,국민챔피온제육차,KRZFA19879GD,국민챔피온제육차 20260127-122-42,N,20260127,20260529,정기예금,KRW,,5000000000,5000000000,78,,A1,A1,,국민은행,자체 신용보강,자체 신용보강,국민은행
73556,국민챔피온제육차,KRZFA1987AGD,국민챔피온제육차 20260127-122-43,N,20260127,20260529,정기예금,KRW,,5000000000,5000000000,78,,A1,A1,,국민은행,자체 신용보강,자체 신용보강,국민은행
73556,국민챔피온제육차,KRZFA1987BGD,국민챔피온제육차 20260127-122-44,N,20260127,20260529,정기예금,KRW,,5000000000,5000000000,78,,A1,A1,,국민은행,자체 신용보강,자체 신용보강,국민은행
73556,국민챔피온제육차,KRZFA1987CGD,국민챔피온제육차 20260127-122-45,N,20260127,20260529,정기예금,KRW,,5000000000,5000000000,78,,A1,A1,,국민은행,자체 신용보강,자체 신용보강,국민은행
73556,국민챔피온제육차,KRZFA1987DGD,국민챔피온제육차 20260127-122-46,N,20260127,20260529,정기예금,KRW,,5000000000,5000000000,78,,A1,A1,,국민은행,자체 신용보강,자체 신용보강,국민은행
73556,국민챔피온제육차,KRZFA1987EGD,국민챔피온제육차 20260127-122-47,N,20260127,20260529,정기예금,KRW,,5000000000,5000000000,78,,A1,A1,,국민은행,자체 신용보강,자체 신용보강,국민은행
73556,국민챔피온제육차,KRZFA1987FGD,국민챔피온제육차 20260127-122-48,N,20260127,20260529,정기예금,KRW,,5000000000,5000000000,78,,A1,A1,,국민은행,자체 신용보강,자체 신용보강,국민은행
73556,국민챔피온제육차,KRZFA19875G1,국민챔피온제육차 20260127-122-5,N,20260127,20260529,정기예금,KRW,,5000000000,5000000000,78,,A1,A1,,국민은행,자체 신용보강,자체 신용보강,국민은행
73556,국민챔피온제육차,KRZFA19876G1,국민챔피온제육차 20260127-122-6,N,20260127,20260529,정기예금,KRW,,5000000000,5000000000,78,,A1,A1,,국민은행,자체 신용보강,자체 신용보강,국민은행
73556,국민챔피온제육차,KRZFA19877G1,국민챔피온제육차 20260127-122-7,N,20260127,20260529,정기예금,KRW,,5000000000,5000000000,78,,A1,A1,,국민은행,자체 신용보강,자체 신용보강,국민은행
73556,국민챔피온제육차,KRZFA19878G1,국민챔피온제육차 20260127-122-8,N,20260127,20260529,정기예금,KRW,,5000000000,5000000000,78,,A1,A1,,국민은행,자체 신용보강,자체 신용보강,국민은행
73556,국민챔피온제육차,KRZFA19879G1,국민챔피온제육차 20260127-122-9,N,20260127,20260529,정기예금,KRW,,5000000000,5000000000,78,,A1,A1,,국민은행,자체 신용보강,자체 신용보강,국민은행
73556,국민챔피온제육차,KRZFA1987GGD,국민챔피온제육차 20260127-297-49,N,20260127,20261120,정기예금,KRW,,360000000,360000000,253,,A1,A1,,국민은행,자체 신용보강,자체 신용보강,국민은행
61275,뉴스타코퍼제일차,KRZFA52051G1,뉴스타코퍼제일차 20260127-90-1,N,20260127,20260427,신용파생,KRW,,5000000000,5000000000,46,A1,A1,,,에스케이넥실리스(주),외부 신용보강,금융기관,신한은행
61275,뉴스타코퍼제일차,KRZFA52051G1,뉴스타코퍼제일차 20260127-90-1,N,20260127,20260427,신용파생,KRW,,5000000000,5000000000,46,A1,A1,,,에스케이넥실리스(주),외부 신용보강,금융기관,우리은행
61275,뉴스타코퍼제일차,KRZFA5205AG1,뉴스타코퍼제일차 20260127-90-10,N,20260127,20260427,신용파생,KRW,,5000000000,5000000000,46,A1,A1,,,에스케이넥실리스(주),외부 신용보강,금융기관,신한은행
61275,뉴스타코퍼제일차,KRZFA5205AG1,뉴스타코퍼제일차 20260127-90-10,N,20260127,20260427,신용파생,KRW,,5000000000,5000000000,46,A1,A1,,,에스케이넥실리스(주),외부 신용보강,금융기관,우리은행
61275,뉴스타코퍼제일차,KRZFA52052G1,뉴스타코퍼제일차 20260127-90-2,N,20260127,20260427,신용파생,KRW,,5000000000,5000000000,46,A1,A1,,,에스케이넥실리스(주),외부 신용보강,금융기관,신한은행
61275,뉴스타코퍼제일차,KRZFA52052G1,뉴스타코퍼제일차 20260127-90-2,N,20260127,20260427,신용파생,KRW,,5000000000,5000000000,46,A1,A1,,,에스케이넥실리스(주),외부 신용보강,금융기관,우리은행
61275,뉴스타코퍼제일차,KRZFA52053G1,뉴스타코퍼제일차 20260127-90-3,N,20260127,20260427,신용파생,KRW,,5000000000,5000000000,46,A1,A1,,,에스케이넥실리스(주),외부 신용보강,금융기관,신한은행
61275,뉴스타코퍼제일차,KRZFA52053G1,뉴스타코퍼제일차 20260127-90-3,N,20260127,20260427,신용파생,KRW,,5000000000,5000000000,46,A1,A1,,,에스케이넥실리스(주),외부 신용보강,금융기관,우리은행
61275,뉴스타코퍼제일차,KRZFA52054G1,뉴스타코퍼제일차 20260127-90-4,N,20260127,20260427,신용파생,KRW,,5000000000,5000000000,46,A1,A1,,,에스케이넥실리스(주),외부 신용보강,금융기관,신한은행
61275,뉴스타코퍼제일차,KRZFA52054G1,뉴스타코퍼제일차 20260127-90-4,N,20260127,20260427,신용파생,KRW,,5000000000,5000000000,46,A1,A1,,,에스케이넥실리스(주),외부 신용보강,금융기관,우리은행
61275,뉴스타코퍼제일차,KRZFA52055G1,뉴스타코퍼제일차 20260127-90-5,N,20260127,20260427,신용파생,KRW,,5000000000,5000000000,46,A1,A1,,,에스케이넥실리스(주),외부 신용보강,금융기관,신한은행
61275,뉴스타코퍼제일차,KRZFA52055G1,뉴스타코퍼제일차 20260127-90-5,N,20260127,20260427,신용파생,KRW,,5000000000,5000000000,46,A1,A1,,,에스케이넥실리스(주),외부 신용보강,금융기관,우리은행
61275,뉴스타코퍼제일차,KRZFA52056G1,뉴스타코퍼제일차 20260127-90-6,N,20260127,20260427,신용파생,KRW,,5000000000,5000000000,46,A1,A1,,,에스케이넥실리스(주),외부 신용보강,금융기관,신한은행
61275,뉴스타코퍼제일차,KRZFA52056G1,뉴스타코퍼제일차 20260127-90-6,N,20260127,20260427,신용파생,KRW,,5000000000,5000000000,46,A1,A1,,,에스케이넥실리스(주),외부 신용보강,금융기관,우리은행
61275,뉴스타코퍼제일차,KRZFA52057G1,뉴스타코퍼제일차 20260127-90-7,N,20260127,20260427,신용파생,KRW,,5000000000,5000000000,46,A1,A1,,,에스케이넥실리스(주),외부 신용보강,금융기관,신한은행
61275,뉴스타코퍼제일차,KRZFA52057G1,뉴스타코퍼제일차 20260127-90-7,N,20260127,20260427,신용파생,KRW,,5000000000,5000000000,46,A1,A1,,,에스케이넥실리스(주),외부 신용보강,금융기관,우리은행
61275,뉴스타코퍼제일차,KRZFA52058G1,뉴스타코퍼제일차 20260127-90-8,N,20260127,20260427,신용파생,KRW,,5000000000,5000000000,46,A1,A1,,,에스케이넥실리스(주),외부 신용보강,금융기관,신한은행
61275,뉴스타코퍼제일차,KRZFA52058G1,뉴스타코퍼제일차 20260127-90-8,N,20260127,20260427,신용파생,KRW,,5000000000,5000000000,46,A1,A1,,,에스케이넥실리스(주),외부 신용보강,금융기관,우리은행
61275,뉴스타코퍼제일차,KRZFA52059G1,뉴스타코퍼제일차 20260127-90-9,N,20260127,20260427,신용파생,KRW,,5000000000,5000000000,46,A1,A1,,,에스케이넥실리스(주),외부 신용보강,금융기관,신한은행
61275,뉴스타코퍼제일차,KRZFA52059G1,뉴스타코퍼제일차 20260127-90-9,N,20260127,20260427,신용파생,KRW,,5000000000,5000000000,46,A1,A1,,,에스케이넥실리스(주),외부 신용보강,금융기관,우리은행
73549,도로쉬제일차,KRZF0054G1G1,도로쉬제일차 20260127-122-1,,20260127,20260529,,KRW,,5000000000,5000000000,78,A1,,A1,,,,,
73549,도로쉬제일차,KRZF0054GAG1,도로쉬제일차 20260127-122-10,,20260127,20260529,,KRW,,5000000000,5000000000,78,A1,,A1,,,,,
73549,도로쉬제일차,KRZF0054GBG1,도로쉬제일차 20260127-122-11,,20260127,20260529,,KRW,,5000000000,5000000000,78,A1,,A1,,,,,
73549,도로쉬제일차,KRZF0054GCG1,도로쉬제일차 20260127-122-12,,20260127,20260529,,KRW,,5000000000,5000000000,78,A1,,A1,,,,,
73549,도로쉬제일차,KRZF0054GDG1,도로쉬제일차 20260127-122-13,,20260127,20260529,,KRW,,5000000000,5000000000,78,A1,,A1,,,,,
73549,도로쉬제일차,KRZF0054GEG1,도로쉬제일차 20260127-122-14,,20260127,20260529,,KRW,,5000000000,5000000000,78,A1,,A1,,,,,
73549,도로쉬제일차,KRZF0054GFG1,도로쉬제일차 20260127-122-15,,20260127,20260529,,KRW,,5000000000,5000000000,78,A1,,A1,,,,,
73549,도로쉬제일차,KRZF0054GGG1,도로쉬제일차 20260127-122-16,,20260127,20260529,,KRW,,5000000000,5000000000,78,A1,,A1,,,,,
73549,도로쉬제일차,KRZF0054GHG1,도로쉬제일차 20260127-122-17,,20260127,20260529,,KRW,,5000000000,5000000000,78,A1,,A1,,,,,
73549,도로쉬제일차,KRZF0054GJG1,도로쉬제일차 20260127-122-18,,20260127,20260529,,KRW,,5000000000,5000000000,78,A1,,A1,,,,,
73549,도로쉬제일차,KRZF0054GKG1,도로쉬제일차 20260127-122-19,,20260127,20260529,,KRW,,5000000000,5000000000,78,A1,,A1,,,,,
73549,도로쉬제일차,KRZF0054G2G1,도로쉬제일차 20260127-122-2,,20260127,20260529,,KRW,,5000000000,5000000000,78,A1,,A1,,,,,
73549,도로쉬제일차,KRZF0054GLG1,도로쉬제일차 20260127-122-20,,20260127,20260529,,KRW,,5000000000,5000000000,78,A1,,A1,,,,,
73549,도로쉬제일차,KRZF0054GMG1,도로쉬제일차 20260127-122-21,,20260127,20260529,,KRW,,5000000000,5000000000,78,A1,,A1,,,,,
73549,도로쉬제일차,KRZF0054GNG1,도로쉬제일차 20260127-122-22,,20260127,20260529,,KRW,,5000000000,5000000000,78,A1,,A1,,,,,
73549,도로쉬제일차,KRZF0054GPG1,도로쉬제일차 20260127-122-23,,20260127,20260529,,KRW,,5000000000,5000000000,78,A1,,A1,,,,,
73549,도로쉬제일차,KRZF0054GQG1,도로쉬제일차 20260127-122-24,,20260127,20260529,,KRW,,5000000000,5000000000,78,A1,,A1,,,,,
73549,도로쉬제일차,KRZF0054GRG1,도로쉬제일차 20260127-122-25,,20260127,20260529,,KRW,,5000000000,5000000000,78,A1,,A1,,,,,
73549,도로쉬제일차,KRZF0054GSG1,도로쉬제일차 20260127-122-26,,20260127,20260529,,KRW,,5000000000,5000000000,78,A1,,A1,,,,,
73549,도로쉬제일차,KRZF0054GTG1,도로쉬제일차 20260127-122-27,,20260127,20260529,,KRW,,5000000000,5000000000,78,A1,,A1,,,,,
73549,도로쉬제일차,KRZF0054GVG1,도로쉬제일차 20260127-122-28,,20260127,20260529,,KRW,,5000000000,5000000000,78,A1,,A1,,,,,
73549,도로쉬제일차,KRZF0054GWG1,도로쉬제일차 20260127-122-29,,20260127,20260529,,KRW,,5000000000,5000000000,78,A1,,A1,,,,,
73549,도로쉬제일차,KRZF0054G3G1,도로쉬제일차 20260127-122-3,,20260127,20260529,,KRW,,5000000000,5000000000,78,A1,,A1,,,,,
73549,도로쉬제일차,KRZF0054GXG1,도로쉬제일차 20260127-122-30,,20260127,20260529,,KRW,,5000000000,5000000000,78,A1,,A1,,,,,
73549,도로쉬제일차,KRZF0054GYG1,도로쉬제일차 20260127-122-31,,20260127,20260529,,KRW,,5000000000,5000000000,78,A1,,A1,,,,,
73549,도로쉬제일차,KRZF0054GZG1,도로쉬제일차 20260127-122-32,,20260127,20260529,,KRW,,5000000000,5000000000,78,A1,,A1,,,,,
73549,도로쉬제일차,KRZF0054G0GD,도로쉬제일차 20260127-122-33,,20260127,20260529,,KRW,,5000000000,5000000000,78,A1,,A1,,,,,
73549,도로쉬제일차,KRZF0054G1GD,도로쉬제일차 20260127-122-34,,20260127,20260529,,KRW,,5000000000,5000000000,78,A1,,A1,,,,,
73549,도로쉬제일차,KRZF0054G2GD,도로쉬제일차 20260127-122-35,,20260127,20260529,,KRW,,5000000000,5000000000,78,A1,,A1,,,,,
73549,도로쉬제일차,KRZF0054G3GD,도로쉬제일차 20260127-122-36,,20260127,20260529,,KRW,,5000000000,5000000000,78,A1,,A1,,,,,
73549,도로쉬제일차,KRZF0054G4GD,도로쉬제일차 20260127-122-37,,20260127,20260529,,KRW,,5000000000,5000000000,78,A1,,A1,,,,,
73549,도로쉬제일차,KRZF0054G5GD,도로쉬제일차 20260127-122-38,,20260127,20260529,,KRW,,5000000000,5000000000,78,A1,,A1,,,,,
73549,도로쉬제일차,KRZF0054G6GD,도로쉬제일차 20260127-122-39,,20260127,20260529,,KRW,,5000000000,5000000000,78,A1,,A1,,,,,
73549,도로쉬제일차,KRZF0054G4G1,도로쉬제일차 20260127-122-4,,20260127,20260529,,KRW,,5000000000,5000000000,78,A1,,A1,,,,,
73549,도로쉬제일차,KRZF0054G7GD,도로쉬제일차 20260127-122-40,,20260127,20260529,,KRW,,5000000000,5000000000,78,A1,,A1,,,,,
73549,도로쉬제일차,KRZF0054G8GD,도로쉬제일차 20260127-122-41,,20260127,20260529,,KRW,,5000000000,5000000000,78,A1,,A1,,,,,
73549,도로쉬제일차,KRZF0054G9GD,도로쉬제일차 20260127-122-42,,20260127,20260529,,KRW,,5000000000,5000000000,78,A1,,A1,,,,,
73549,도로쉬제일차,KRZF0054GAGD,도로쉬제일차 20260127-122-43,,20260127,20260529,,KRW,,5000000000,5000000000,78,A1,,A1,,,,,
73549,도로쉬제일차,KRZF0054GBGD,도로쉬제일차 20260127-122-44,,20260127,20260529,,KRW,,5000000000,5000000000,78,A1,,A1,,,,,
73549,도로쉬제일차,KRZF0054GCGD,도로쉬제일차 20260127-122-45,,20260127,20260529,,KRW,,5000000000,5000000000,78,A1,,A1,,,,,
73549,도로쉬제일차,KRZF0054GDGD,도로쉬제일차 20260127-122-46,,20260127,20260529,,KRW,,5000000000,5000000000,78,A1,,A1,,,,,
73549,도로쉬제일차,KRZF0054GEGD,도로쉬제일차 20260127-122-47,,20260127,20260529,,KRW,,5000000000,5000000000,78,A1,,A1,,,,,
73549,도로쉬제일차,KRZF0054GFGD,도로쉬제일차 20260127-122-48,,20260127,20260529,,KRW,,5000000000,5000000000,78,A1,,A1,,,,,
73549,도로쉬제일차,KRZF0054G5G1,도로쉬제일차 20260127-122-5,,20260127,20260529,,KRW,,5000000000,5000000000,78,A1,,A1,,,,,
73549,도로쉬제일차,KRZF0054G6G1,도로쉬제일차 20260127-122-6,,20260127,20260529,,KRW,,5000000000,5000000000,78,A1,,A1,,,,,
73549,도로쉬제일차,KRZF0054G7G1,도로쉬제일차 20260127-122-7,,20260127,20260529,,KRW,,5000000000,5000000000,78,A1,,A1,,,,,
73549,도로쉬제일차,KRZF0054G8G1,도로쉬제일차 20260127-122-8,,20260127,20260529,,KRW,,5000000000,5000000000,78,A1,,A1,,,,,
73549,도로쉬제일차,KRZF0054G9G1,도로쉬제일차 20260127-122-9,,20260127,20260529,,KRW,,5000000000,5000000000,78,A1,,A1,,,,,
73549,도로쉬제일차,KRZF0054GGGD,도로쉬제일차 20260127-283-49,,20260127,20261106,,KRW,,361000000,361000000,239,A1,,A1,,,,,
65751,리치게이트남서울,KRZFA84321G1,리치게이트남서울 20260127-31-1,Y,20260127,20260227,PF대출채권,KRW,,5000000000,5000000000,0,A1,,A1,,남서울종합시장 시장정비사업조합,외부 신용보강,금융기관,신한은행
65751,리치게이트남서울,KRZFA84322G1,리치게이트남서울 20260127-31-2,Y,20260127,20260227,PF대출채권,KRW,,5000000000,5000000000,0,A1,,A1,,남서울종합시장 시장정비사업조합,외부 신용보강,금융기관,신한은행
65751,리치게이트남서울,KRZFA84323G1,리치게이트남서울 20260127-31-3,Y,20260127,20260227,PF대출채권,KRW,,5000000000,5000000000,0,A1,,A1,,남서울종합시장 시장정비사업조합,외부 신용보강,금융기관,신한은행
65751,리치게이트남서울,KRZFA84324G1,리치게이트남서울 20260127-31-4,Y,20260127,20260227,PF대출채권,KRW,,5000000000,5000000000,0,A1,,A1,,남서울종합시장 시장정비사업조합,외부 신용보강,금융기관,신한은행
65751,리치게이트남서울,KRZFA84325G1,리치게이트남서울 20260127-31-5,Y,20260127,20260227,PF대출채권,KRW,,5000000000,5000000000,0,A1,,A1,,남서울종합시장 시장정비사업조합,외부 신용보강,금융기관,신한은행
65751,리치게이트남서울,KRZFA84326G1,리치게이트남서울 20260127-31-6,Y,20260127,20260227,PF대출채권,KRW,,5000000000,5000000000,0,A1,,A1,,남서울종합시장 시장정비사업조합,외부 신용보강,금융기관,신한은행
65751,리치게이트남서울,KRZFA84327G1,리치게이트남서울 20260127-31-7,Y,20260127,20260227,PF대출채권,KRW,,5000000000,5000000000,0,A1,,A1,,남서울종합시장 시장정비사업조합,외부 신용보강,금융기관,신한은행
65751,리치게이트남서울,KRZFA84328G1,리치게이트남서울 20260127-31-8,Y,20260127,20260227,PF대출채권,KRW,,4172033809,4172033809,0,A1,,A1,,남서울종합시장 시장정비사업조합,외부 신용보강,금융기관,신한은행
73548,신디제육차,KRZFA87651G1,신디제육차 20260127-111-1,N,20260127,20260518,정기예금,KRW,,5000000000,5000000000,67,,A1,A1,,부산은행,자체 신용보강,자체 신용보강,부산은행
73548,신디제육차,KRZFA8765AG1,신디제육차 20260127-111-10,N,20260127,20260518,정기예금,KRW,,5000000000,5000000000,67,,A1,A1,,부산은행,자체 신용보강,자체 신용보강,부산은행
73548,신디제육차,KRZFA8765BG1,신디제육차 20260127-111-11,N,20260127,20260518,정기예금,KRW,,5000000000,5000000000,67,,A1,A1,,부산은행,자체 신용보강,자체 신용보강,부산은행
73548,신디제육차,KRZFA8765CG1,신디제육차 20260127-111-12,N,20260127,20260518,정기예금,KRW,,5000000000,5000000000,67,,A1,A1,,부산은행,자체 신용보강,자체 신용보강,부산은행
73548,신디제육차,KRZFA8765DG1,신디제육차 20260127-111-13,N,20260127,20260518,정기예금,KRW,,5000000000,5000000000,67,,A1,A1,,부산은행,자체 신용보강,자체 신용보강,부산은행
73548,신디제육차,KRZFA8765EG1,신디제육차 20260127-111-14,N,20260127,20260518,정기예금,KRW,,5000000000,5000000000,67,,A1,A1,,부산은행,자체 신용보강,자체 신용보강,부산은행
73548,신디제육차,KRZFA8765FG1,신디제육차 20260127-111-15,N,20260127,20260518,정기예금,KRW,,5000000000,5000000000,67,,A1,A1,,부산은행,자체 신용보강,자체 신용보강,부산은행
73548,신디제육차,KRZFA8765GG1,신디제육차 20260127-111-16,N,20260127,20260518,정기예금,KRW,,5000000000,5000000000,67,,A1,A1,,부산은행,자체 신용보강,자체 신용보강,부산은행
73548,신디제육차,KRZFA8765HG1,신디제육차 20260127-111-17,N,20260127,20260518,정기예금,KRW,,5000000000,5000000000,67,,A1,A1,,부산은행,자체 신용보강,자체 신용보강,부산은행
73548,신디제육차,KRZFA8765JG1,신디제육차 20260127-111-18,N,20260127,20260518,정기예금,KRW,,5000000000,5000000000,67,,A1,A1,,부산은행,자체 신용보강,자체 신용보강,부산은행
73548,신디제육차,KRZFA8765LG1,신디제육차 20260127-111-20,N,20260127,20260518,정기예금,KRW,,5000000000,5000000000,67,,A1,A1,,부산은행,자체 신용보강,자체 신용보강,부산은행
73548,신디제육차,KRZFA8765MG1,신디제육차 20260127-111-21,N,20260127,20260518,정기예금,KRW,,5000000000,5000000000,67,,A1,A1,,부산은행,자체 신용보강,자체 신용보강,부산은행
73548,신디제육차,KRZFA8765NG1,신디제육차 20260127-111-22,N,20260127,20260518,정기예금,KRW,,5000000000,5000000000,67,,A1,A1,,부산은행,자체 신용보강,자체 신용보강,부산은행
73548,신디제육차,KRZFA8765PG1,신디제육차 20260127-111-23,N,20260127,20260518,정기예금,KRW,,5000000000,5000000000,67,,A1,A1,,부산은행,자체 신용보강,자체 신용보강,부산은행
73548,신디제육차,KRZFA8765QG1,신디제육차 20260127-111-24,N,20260127,20260518,정기예금,KRW,,5000000000,5000000000,67,,A1,A1,,부산은행,자체 신용보강,자체 신용보강,부산은행
73548,신디제육차,KRZFA8765SG1,신디제육차 20260127-111-26,N,20260127,20260518,정기예금,KRW,,5000000000,5000000000,67,,A1,A1,,부산은행,자체 신용보강,자체 신용보강,부산은행
73548,신디제육차,KRZFA8765TG1,신디제육차 20260127-111-27,N,20260127,20260518,정기예금,KRW,,5000000000,5000000000,67,,A1,A1,,부산은행,자체 신용보강,자체 신용보강,부산은행
73548,신디제육차,KRZFA87653G1,신디제육차 20260127-111-3,N,20260127,20260518,정기예금,KRW,,5000000000,5000000000,67,,A1,A1,,부산은행,자체 신용보강,자체 신용보강,부산은행
73548,신디제육차,KRZFA8765ZG1,신디제육차 20260127-111-32,N,20260127,20260518,정기예금,KRW,,5000000000,5000000000,67,,A1,A1,,부산은행,자체 신용보강,자체 신용보강,부산은행
73548,신디제육차,KRZFA87655G1,신디제육차 20260127-111-5,N,20260127,20260518,정기예금,KRW,,5000000000,5000000000,67,,A1,A1,,부산은행,자체 신용보강,자체 신용보강,부산은행
73548,신디제육차,KRZFA87656G1,신디제육차 20260127-111-6,N,20260127,20260518,정기예금,KRW,,5000000000,5000000000,67,,A1,A1,,부산은행,자체 신용보강,자체 신용보강,부산은행
73548,신디제육차,KRZFA87657G1,신디제육차 20260127-111-7,N,20260127,20260518,정기예금,KRW,,5000000000,5000000000,67,,A1,A1,,부산은행,자체 신용보강,자체 신용보강,부산은행
73548,신디제육차,KRZFA87658G1,신디제육차 20260127-111-8,N,20260127,20260518,정기예금,KRW,,5000000000,5000000000,67,,A1,A1,,부산은행,자체 신용보강,자체 신용보강,부산은행
73548,신디제육차,KRZFA87659G1,신디제육차 20260127-111-9,N,20260127,20260518,정기예금,KRW,,5000000000,5000000000,67,,A1,A1,,부산은행,자체 신용보강,자체 신용보강,부산은행
73548,신디제육차,KRZFA8765KG1,신디제육차 20260127-120-19,N,20260127,20260527,정기예금,KRW,,5000000000,5000000000,76,,A1,A1,,부산은행,자체 신용보강,자체 신용보강,부산은행
73548,신디제육차,KRZFA87652G1,신디제육차 20260127-120-2,N,20260127,20260527,정기예금,KRW,,5000000000,5000000000,76,,A1,A1,,부산은행,자체 신용보강,자체 신용보강,부산은행
73548,신디제육차,KRZFA8765RG1,신디제육차 20260127-120-25,N,20260127,20260527,정기예금,KRW,,5000000000,5000000000,76,,A1,A1,,부산은행,자체 신용보강,자체 신용보강,부산은행
73548,신디제육차,KRZFA8765VG1,신디제육차 20260127-120-28,N,20260127,20260527,정기예금,KRW,,5000000000,5000000000,76,,A1,A1,,부산은행,자체 신용보강,자체 신용보강,부산은행
73548,신디제육차,KRZFA8765WG1,신디제육차 20260127-120-29,N,20260127,20260527,정기예금,KRW,,5000000000,5000000000,76,,A1,A1,,부산은행,자체 신용보강,자체 신용보강,부산은행
73548,신디제육차,KRZFA8765XG1,신디제육차 20260127-120-30,N,20260127,20260527,정기예금,KRW,,5000000000,5000000000,76,,A1,A1,,부산은행,자체 신용보강,자체 신용보강,부산은행
73548,신디제육차,KRZFA8765YG1,신디제육차 20260127-120-31,N,20260127,20260527,정기예금,KRW,,5000000000,5000000000,76,,A1,A1,,부산은행,자체 신용보강,자체 신용보강,부산은행
73548,신디제육차,KRZFA87650GD,신디제육차 20260127-120-33,N,20260127,20260527,정기예금,KRW,,5000000000,5000000000,76,,A1,A1,,부산은행,자체 신용보강,자체 신용보강,부산은행
73548,신디제육차,KRZFA87651GD,신디제육차 20260127-120-34,N,20260127,20260527,정기예금,KRW,,5000000000,5000000000,76,,A1,A1,,부산은행,자체 신용보강,자체 신용보강,부산은행
73548,신디제육차,KRZFA87652GD,신디제육차 20260127-120-35,N,20260127,20260527,정기예금,KRW,,5000000000,5000000000,76,,A1,A1,,부산은행,자체 신용보강,자체 신용보강,부산은행
73548,신디제육차,KRZFA87653GD,신디제육차 20260127-120-36,N,20260127,20260527,정기예금,KRW,,5000000000,5000000000,76,,A1,A1,,부산은행,자체 신용보강,자체 신용보강,부산은행
73548,신디제육차,KRZFA87654GD,신디제육차 20260127-120-37,N,20260127,20260527,정기예금,KRW,,5000000000,5000000000,76,,A1,A1,,부산은행,자체 신용보강,자체 신용보강,부산은행
73548,신디제육차,KRZFA87655GD,신디제육차 20260127-120-38,N,20260127,20260527,정기예금,KRW,,5000000000,5000000000,76,,A1,A1,,부산은행,자체 신용보강,자체 신용보강,부산은행
73548,신디제육차,KRZFA87656GD,신디제육차 20260127-120-39,N,20260127,20260527,정기예금,KRW,,5000000000,5000000000,76,,A1,A1,,부산은행,자체 신용보강,자체 신용보강,부산은행
73548,신디제육차,KRZFA87654G1,신디제육차 20260127-120-4,N,20260127,20260527,정기예금,KRW,,5000000000,5000000000,76,,A1,A1,,부산은행,자체 신용보강,자체 신용보강,부산은행
73548,신디제육차,KRZFA87657GD,신디제육차 20260127-120-40,N,20260127,20260527,정기예금,KRW,,5000000000,5000000000,76,,A1,A1,,부산은행,자체 신용보강,자체 신용보강,부산은행
73548,신디제육차,KRZFA87658GD,신디제육차 20260127-120-41,N,20260127,20260527,정기예금,KRW,,5000000000,5000000000,76,,A1,A1,,부산은행,자체 신용보강,자체 신용보강,부산은행
73548,신디제육차,KRZFA87659GD,신디제육차 20260127-120-42,N,20260127,20260527,정기예금,KRW,,5000000000,5000000000,76,,A1,A1,,부산은행,자체 신용보강,자체 신용보강,부산은행
73548,신디제육차,KRZFA8765AGD,신디제육차 20260127-120-43,N,20260127,20260527,정기예금,KRW,,5000000000,5000000000,76,,A1,A1,,부산은행,자체 신용보강,자체 신용보강,부산은행
73548,신디제육차,KRZFA8765BGD,신디제육차 20260127-120-44,N,20260127,20260527,정기예금,KRW,,5000000000,5000000000,76,,A1,A1,,부산은행,자체 신용보강,자체 신용보강,부산은행
73548,신디제육차,KRZFA8765CGD,신디제육차 20260127-120-45,N,20260127,20260527,정기예금,KRW,,5000000000,5000000000,76,,A1,A1,,부산은행,자체 신용보강,자체 신용보강,부산은행
73548,신디제육차,KRZFA8765DGD,신디제육차 20260127-120-46,N,20260127,20260527,정기예금,KRW,,5000000000,5000000000,76,,A1,A1,,부산은행,자체 신용보강,자체 신용보강,부산은행
73548,신디제육차,KRZFA8765EGD,신디제육차 20260127-120-47,N,20260127,20260527,정기예금,KRW,,5000000000,5000000000,76,,A1,A1,,부산은행,자체 신용보강,자체 신용보강,부산은행
73548,신디제육차,KRZFA8765FGD,신디제육차 20260127-120-48,N,20260127,20260527,정기예금,KRW,,5000000000,5000000000,76,,A1,A1,,부산은행,자체 신용보강,자체 신용보강,부산은행
73548,신디제육차,KRZFA8765GGD,신디제육차 20260127-283-49,N,20260127,20261106,정기예금,KRW,,341000000,341000000,239,,A1,A1,,부산은행,자체 신용보강,자체 신용보강,부산은행
70673,에스프로젝트올영,KRZF0081P1G1,에스프로젝트올영 20260127-31-1,N,20260127,20260227,기타,KRW,,5000000000,5000000000,0,,A1,A1,,씨제이올리브영,차환발행위험(유동성 공여형 매입약정),금융기관,신한은행
70673,에스프로젝트올영,KRZF0081PAG1,에스프로젝트올영 20260127-31-10,N,20260127,20260227,기타,KRW,,5000000000,5000000000,0,,A1,A1,,씨제이올리브영,차환발행위험(유동성 공여형 매입약정),금융기관,신한은행
70673,에스프로젝트올영,KRZF0081PBG1,에스프로젝트올영 20260127-31-11,N,20260127,20260227,기타,KRW,,5000000000,5000000000,0,,A1,A1,,씨제이올리브영,차환발행위험(유동성 공여형 매입약정),금융기관,신한은행
70673,에스프로젝트올영,KRZF0081PCG1,에스프로젝트올영 20260127-31-12,N,20260127,20260227,기타,KRW,,5000000000,5000000000,0,,A1,A1,,씨제이올리브영,차환발행위험(유동성 공여형 매입약정),금융기관,신한은행
70673,에스프로젝트올영,KRZF0081PDG1,에스프로젝트올영 20260127-31-13,N,20260127,20260227,기타,KRW,,5000000000,5000000000,0,,A1,A1,,씨제이올리브영,차환발행위험(유동성 공여형 매입약정),금융기관,신한은행
70673,에스프로젝트올영,KRZF0081PEG1,에스프로젝트올영 20260127-31-14,N,20260127,20260227,기타,KRW,,5000000000,5000000000,0,,A1,A1,,씨제이올리브영,차환발행위험(유동성 공여형 매입약정),금융기관,신한은행
70673,에스프로젝트올영,KRZF0081PFG1,에스프로젝트올영 20260127-31-15,N,20260127,20260227,기타,KRW,,5000000000,5000000000,0,,A1,A1,,씨제이올리브영,차환발행위험(유동성 공여형 매입약정),금융기관,신한은행
70673,에스프로젝트올영,KRZF0081PGG1,에스프로젝트올영 20260127-31-16,N,20260127,20260227,기타,KRW,,1300000000,1300000000,0,,A1,A1,,씨제이올리브영,차환발행위험(유동성 공여형 매입약정),금융기관,신한은행
70673,에스프로젝트올영,KRZF0081PHG1,에스프로젝트올영 20260127-31-17,N,20260127,20260227,기타,KRW,,5000000000,5000000000,0,,A1,A1,,씨제이올리브영,차환발행위험(유동성 공여형 매입약정),금융기관,신한은행
70673,에스프로젝트올영,KRZF0081PJG1,에스프로젝트올영 20260127-31-18,N,20260127,20260227,기타,KRW,,5000000000,5000000000,0,,A1,A1,,씨제이올리브영,차환발행위험(유동성 공여형 매입약정),금융기관,신한은행
70673,에스프로젝트올영,KRZF0081PKG1,에스프로젝트올영 20260127-31-19,N,20260127,20260227,기타,KRW,,5000000000,5000000000,0,,A1,A1,,씨제이올리브영,차환발행위험(유동성 공여형 매입약정),금융기관,신한은행
70673,에스프로젝트올영,KRZF0081P2G1,에스프로젝트올영 20260127-31-2,N,20260127,20260227,기타,KRW,,5000000000,5000000000,0,,A1,A1,,씨제이올리브영,차환발행위험(유동성 공여형 매입약정),금융기관,신한은행
70673,에스프로젝트올영,KRZF0081PLG1,에스프로젝트올영 20260127-31-20,N,20260127,20260227,기타,KRW,,5000000000,5000000000,0,,A1,A1,,씨제이올리브영,차환발행위험(유동성 공여형 매입약정),금융기관,신한은행
70673,에스프로젝트올영,KRZF0081PMG1,에스프로젝트올영 20260127-31-21,N,20260127,20260227,기타,KRW,,5000000000,5000000000,0,,A1,A1,,씨제이올리브영,차환발행위험(유동성 공여형 매입약정),금융기관,신한은행
70673,에스프로젝트올영,KRZF0081PNG1,에스프로젝트올영 20260127-31-22,N,20260127,20260227,기타,KRW,,5000000000,5000000000,0,,A1,A1,,씨제이올리브영,차환발행위험(유동성 공여형 매입약정),금융기관,신한은행
70673,에스프로젝트올영,KRZF0081PPG1,에스프로젝트올영 20260127-31-23,N,20260127,20260227,기타,KRW,,5000000000,5000000000,0,,A1,A1,,씨제이올리브영,차환발행위험(유동성 공여형 매입약정),금융기관,신한은행
70673,에스프로젝트올영,KRZF0081PQG1,에스프로젝트올영 20260127-31-24,N,20260127,20260227,기타,KRW,,5000000000,5000000000,0,,A1,A1,,씨제이올리브영,차환발행위험(유동성 공여형 매입약정),금융기관,신한은행
70673,에스프로젝트올영,KRZF0081PRG1,에스프로젝트올영 20260127-31-25,N,20260127,20260227,기타,KRW,,5000000000,5000000000,0,,A1,A1,,씨제이올리브영,차환발행위험(유동성 공여형 매입약정),금융기관,신한은행
70673,에스프로젝트올영,KRZF0081PSG1,에스프로젝트올영 20260127-31-26,N,20260127,20260227,기타,KRW,,5000000000,5000000000,0,,A1,A1,,씨제이올리브영,차환발행위험(유동성 공여형 매입약정),금융기관,신한은행
70673,에스프로젝트올영,KRZF0081PTG1,에스프로젝트올영 20260127-31-27,N,20260127,20260227,기타,KRW,,5000000000,5000000000,0,,A1,A1,,씨제이올리브영,차환발행위험(유동성 공여형 매입약정),금융기관,신한은행
70673,에스프로젝트올영,KRZF0081PVG1,에스프로젝트올영 20260127-31-28,N,20260127,20260227,기타,KRW,,5000000000,5000000000,0,,A1,A1,,씨제이올리브영,차환발행위험(유동성 공여형 매입약정),금융기관,신한은행
70673,에스프로젝트올영,KRZF0081PWG1,에스프로젝트올영 20260127-31-29,N,20260127,20260227,기타,KRW,,5000000000,5000000000,0,,A1,A1,,씨제이올리브영,차환발행위험(유동성 공여형 매입약정),금융기관,신한은행
70673,에스프로젝트올영,KRZF0081P3G1,에스프로젝트올영 20260127-31-3,N,20260127,20260227,기타,KRW,,5000000000,5000000000,0,,A1,A1,,씨제이올리브영,차환발행위험(유동성 공여형 매입약정),금융기관,신한은행
70673,에스프로젝트올영,KRZF0081PXG1,에스프로젝트올영 20260127-31-30,N,20260127,20260227,기타,KRW,,5000000000,5000000000,0,,A1,A1,,씨제이올리브영,차환발행위험(유동성 공여형 매입약정),금융기관,신한은행
70673,에스프로젝트올영,KRZF0081PYG1,에스프로젝트올영 20260127-31-31,N,20260127,20260227,기타,KRW,,5000000000,5000000000,0,,A1,A1,,씨제이올리브영,차환발행위험(유동성 공여형 매입약정),금융기관,신한은행
70673,에스프로젝트올영,KRZF0081PZG1,에스프로젝트올영 20260127-31-32,N,20260127,20260227,기타,KRW,,5000000000,5000000000,0,,A1,A1,,씨제이올리브영,차환발행위험(유동성 공여형 매입약정),금융기관,신한은행
70673,에스프로젝트올영,KRZF0081P0GD,에스프로젝트올영 20260127-31-33,N,20260127,20260227,기타,KRW,,5000000000,5000000000,0,,A1,A1,,씨제이올리브영,차환발행위험(유동성 공여형 매입약정),금융기관,신한은행
70673,에스프로젝트올영,KRZF0081P1GD,에스프로젝트올영 20260127-31-34,N,20260127,20260227,기타,KRW,,5000000000,5000000000,0,,A1,A1,,씨제이올리브영,차환발행위험(유동성 공여형 매입약정),금융기관,신한은행
70673,에스프로젝트올영,KRZF0081P2GD,에스프로젝트올영 20260127-31-35,N,20260127,20260227,기타,KRW,,5000000000,5000000000,0,,A1,A1,,씨제이올리브영,차환발행위험(유동성 공여형 매입약정),금융기관,신한은행
70673,에스프로젝트올영,KRZF0081P3GD,에스프로젝트올영 20260127-31-36,N,20260127,20260227,기타,KRW,,5000000000,5000000000,0,,A1,A1,,씨제이올리브영,차환발행위험(유동성 공여형 매입약정),금융기관,신한은행
70673,에스프로젝트올영,KRZF0081P4GD,에스프로젝트올영 20260127-31-37,N,20260127,20260227,기타,KRW,,5000000000,5000000000,0,,A1,A1,,씨제이올리브영,차환발행위험(유동성 공여형 매입약정),금융기관,신한은행
70673,에스프로젝트올영,KRZF0081P5GD,에스프로젝트올영 20260127-31-38,N,20260127,20260227,기타,KRW,,1137757361,1137757361,0,,A1,A1,,씨제이올리브영,차환발행위험(유동성 공여형 매입약정),금융기관,신한은행
70673,에스프로젝트올영,KRZF0081P4G1,에스프로젝트올영 20260127-31-4,N,20260127,20260227,기타,KRW,,5000000000,5000000000,0,,A1,A1,,씨제이올리브영,차환발행위험(유동성 공여형 매입약정),금융기관,신한은행
70673,에스프로젝트올영,KRZF0081P5G1,에스프로젝트올영 20260127-31-5,N,20260127,20260227,기타,KRW,,5000000000,5000000000,0,,A1,A1,,씨제이올리브영,차환발행위험(유동성 공여형 매입약정),금융기관,신한은행
70673,에스프로젝트올영,KRZF0081P6G1,에스프로젝트올영 20260127-31-6,N,20260127,20260227,기타,KRW,,5000000000,5000000000,0,,A1,A1,,씨제이올리브영,차환발행위험(유동성 공여형 매입약정),금융기관,신한은행
70673,에스프로젝트올영,KRZF0081P7G1,에스프로젝트올영 20260127-31-7,N,20260127,20260227,기타,KRW,,5000000000,5000000000,0,,A1,A1,,씨제이올리브영,차환발행위험(유동성 공여형 매입약정),금융기관,신한은행
70673,에스프로젝트올영,KRZF0081P8G1,에스프로젝트올영 20260127-31-8,N,20260127,20260227,기타,KRW,,5000000000,5000000000,0,,A1,A1,,씨제이올리브영,차환발행위험(유동성 공여형 매입약정),금융기관,신한은행
70673,에스프로젝트올영,KRZF0081P9G1,에스프로젝트올영 20260127-31-9,N,20260127,20260227,기타,KRW,,5000000000,5000000000,0,,A1,A1,,씨제이올리브영,차환발행위험(유동성 공여형 매입약정),금융기관,신한은행
70667,올리브원큐제일차,KRZF0062D1G1,올리브원큐제일차 20260127-31-1,N,20260127,20260227,대출채권,KRW,,5000000000,5000000000,0,A1,A1,,,씨제이올리브영,외부 신용보강,금융기관,하나은행
70667,올리브원큐제일차,KRZF0062DAG1,올리브원큐제일차 20260127-31-10,N,20260127,20260227,대출채권,KRW,,5000000000,5000000000,0,A1,A1,,,씨제이올리브영,외부 신용보강,금융기관,하나은행
70667,올리브원큐제일차,KRZF0062DBG1,올리브원큐제일차 20260127-31-11,N,20260127,20260227,대출채권,KRW,,5000000000,5000000000,0,A1,A1,,,씨제이올리브영,외부 신용보강,금융기관,하나은행
70667,올리브원큐제일차,KRZF0062DCG1,올리브원큐제일차 20260127-31-12,N,20260127,20260227,대출채권,KRW,,5000000000,5000000000,0,A1,A1,,,씨제이올리브영,외부 신용보강,금융기관,하나은행
70667,올리브원큐제일차,KRZF0062DDG1,올리브원큐제일차 20260127-31-13,N,20260127,20260227,대출채권,KRW,,5000000000,5000000000,0,A1,A1,,,씨제이올리브영,외부 신용보강,금융기관,하나은행
70667,올리브원큐제일차,KRZF0062DEG1,올리브원큐제일차 20260127-31-14,N,20260127,20260227,대출채권,KRW,,5000000000,5000000000,0,A1,A1,,,씨제이올리브영,외부 신용보강,금융기관,하나은행
70667,올리브원큐제일차,KRZF0062DFG1,올리브원큐제일차 20260127-31-15,N,20260127,20260227,대출채권,KRW,,5000000000,5000000000,0,A1,A1,,,씨제이올리브영,외부 신용보강,금융기관,하나은행
70667,올리브원큐제일차,KRZF0062DGG1,올리브원큐제일차 20260127-31-16,N,20260127,20260227,대출채권,KRW,,3340000000,3340000000,0,A1,A1,,,씨제이올리브영,외부 신용보강,금융기관,하나은행
70667,올리브원큐제일차,KRZF0062D2G1,올리브원큐제일차 20260127-31-2,N,20260127,20260227,대출채권,KRW,,5000000000,5000000000,0,A1,A1,,,씨제이올리브영,외부 신용보강,금융기관,하나은행
70667,올리브원큐제일차,KRZF0062D3G1,올리브원큐제일차 20260127-31-3,N,20260127,20260227,대출채권,KRW,,5000000000,5000000000,0,A1,A1,,,씨제이올리브영,외부 신용보강,금융기관,하나은행
70667,올리브원큐제일차,KRZF0062D4G1,올리브원큐제일차 20260127-31-4,N,20260127,20260227,대출채권,KRW,,5000000000,5000000000,0,A1,A1,,,씨제이올리브영,외부 신용보강,금융기관,하나은행
70667,올리브원큐제일차,KRZF0062D5G1,올리브원큐제일차 20260127-31-5,N,20260127,20260227,대출채권,KRW,,5000000000,5000000000,0,A1,A1,,,씨제이올리브영,외부 신용보강,금융기관,하나은행
70667,올리브원큐제일차,KRZF0062D6G1,올리브원큐제일차 20260127-31-6,N,20260127,20260227,대출채권,KRW,,5000000000,5000000000,0,A1,A1,,,씨제이올리브영,외부 신용보강,금융기관,하나은행
70667,올리브원큐제일차,KRZF0062D7G1,올리브원큐제일차 20260127-31-7,N,20260127,20260227,대출채권,KRW,,5000000000,5000000000,0,A1,A1,,,씨제이올리브영,외부 신용보강,금융기관,하나은행
70667,올리브원큐제일차,KRZF0062D8G1,올리브원큐제일차 20260127-31-8,N,20260127,20260227,대출채권,KRW,,5000000000,5000000000,0,A1,A1,,,씨제이올리브영,외부 신용보강,금융기관,하나은행
70667,올리브원큐제일차,KRZF0062D9G1,올리브원큐제일차 20260127-31-9,N,20260127,20260227,대출채권,KRW,,5000000000,5000000000,0,A1,A1,,,씨제이올리브영,외부 신용보강,금융기관,하나은행
63352,우리에이치더블유제이차,KRZFA68791G1,우리에이치더블유제이차 20260127-90-1,N,20260127,20260427,대출채권,KRW,,10000000000,10000000000,46,,A1,A1,,한화,차환발행위험(유동성 공여형 매입약정),금융기관,우리은행
63352,우리에이치더블유제이차,KRZFA6879AG1,우리에이치더블유제이차 20260127-90-10,N,20260127,20260427,대출채권,KRW,,5000000000,5000000000,46,,A1,A1,,한화,차환발행위험(유동성 공여형 매입약정),금융기관,우리은행
63352,우리에이치더블유제이차,KRZFA6879BG1,우리에이치더블유제이차 20260127-90-11,N,20260127,20260427,대출채권,KRW,,5000000000,5000000000,46,,A1,A1,,한화,차환발행위험(유동성 공여형 매입약정),금융기관,우리은행
63352,우리에이치더블유제이차,KRZFA6879CG1,우리에이치더블유제이차 20260127-90-12,N,20260127,20260427,대출채권,KRW,,5000000000,5000000000,46,,A1,A1,,한화,차환발행위험(유동성 공여형 매입약정),금융기관,우리은행
63352,우리에이치더블유제이차,KRZFA6879DG1,우리에이치더블유제이차 20260127-90-13,N,20260127,20260427,대출채권,KRW,,5000000000,5000000000,46,,A1,A1,,한화,차환발행위험(유동성 공여형 매입약정),금융기관,우리은행
63352,우리에이치더블유제이차,KRZFA6879EG1,우리에이치더블유제이차 20260127-90-14,N,20260127,20260427,대출채권,KRW,,5000000000,5000000000,46,,A1,A1,,한화,차환발행위험(유동성 공여형 매입약정),금융기관,우리은행
63352,우리에이치더블유제이차,KRZFA6879FG1,우리에이치더블유제이차 20260127-90-15,N,20260127,20260427,대출채권,KRW,,5000000000,5000000000,46,,A1,A1,,한화,차환발행위험(유동성 공여형 매입약정),금융기관,우리은행
63352,우리에이치더블유제이차,KRZFA6879GG1,우리에이치더블유제이차 20260127-90-16,N,20260127,20260427,대출채권,KRW,,5000000000,5000000000,46,,A1,A1,,한화,차환발행위험(유동성 공여형 매입약정),금융기관,우리은행
63352,우리에이치더블유제이차,KRZFA6879HG1,우리에이치더블유제이차 20260127-90-17,N,20260127,20260427,대출채권,KRW,,5000000000,5000000000,46,,A1,A1,,한화,차환발행위험(유동성 공여형 매입약정),금융기관,우리은행
63352,우리에이치더블유제이차,KRZFA6879JG1,우리에이치더블유제이차 20260127-90-18,N,20260127,20260427,대출채권,KRW,,5000000000,5000000000,46,,A1,A1,,한화,차환발행위험(유동성 공여형 매입약정),금융기관,우리은행
63352,우리에이치더블유제이차,KRZFA6879KG1,우리에이치더블유제이차 20260127-90-19,N,20260127,20260427,대출채권,KRW,,5000000000,5000000000,46,,A1,A1,,한화,차환발행위험(유동성 공여형 매입약정),금융기관,우리은행
63352,우리에이치더블유제이차,KRZFA68792G1,우리에이치더블유제이차 20260127-90-2,N,20260127,20260427,대출채권,KRW,,10000000000,10000000000,46,,A1,A1,,한화,차환발행위험(유동성 공여형 매입약정),금융기관,우리은행
63352,우리에이치더블유제이차,KRZFA6879LG1,우리에이치더블유제이차 20260127-90-20,N,20260127,20260427,대출채권,KRW,,5000000000,5000000000,46,,A1,A1,,한화,차환발행위험(유동성 공여형 매입약정),금융기관,우리은행
63352,우리에이치더블유제이차,KRZFA6879MG1,우리에이치더블유제이차 20260127-90-21,N,20260127,20260427,대출채권,KRW,,5000000000,5000000000,46,,A1,A1,,한화,차환발행위험(유동성 공여형 매입약정),금융기관,우리은행
63352,우리에이치더블유제이차,KRZFA6879NG1,우리에이치더블유제이차 20260127-90-22,N,20260127,20260427,대출채권,KRW,,5000000000,5000000000,46,,A1,A1,,한화,차환발행위험(유동성 공여형 매입약정),금융기관,우리은행
63352,우리에이치더블유제이차,KRZFA6879PG1,우리에이치더블유제이차 20260127-90-23,N,20260127,20260427,대출채권,KRW,,5000000000,5000000000,46,,A1,A1,,한화,차환발행위험(유동성 공여형 매입약정),금융기관,우리은행
63352,우리에이치더블유제이차,KRZFA6879QG1,우리에이치더블유제이차 20260127-90-24,N,20260127,20260427,대출채권,KRW,,5000000000,5000000000,46,,A1,A1,,한화,차환발행위험(유동성 공여형 매입약정),금융기관,우리은행
63352,우리에이치더블유제이차,KRZFA6879RG1,우리에이치더블유제이차 20260127-90-25,N,20260127,20260427,대출채권,KRW,,5000000000,5000000000,46,,A1,A1,,한화,차환발행위험(유동성 공여형 매입약정),금융기관,우리은행
63352,우리에이치더블유제이차,KRZFA6879SG1,우리에이치더블유제이차 20260127-90-26,N,20260127,20260427,대출채권,KRW,,5000000000,5000000000,46,,A1,A1,,한화,차환발행위험(유동성 공여형 매입약정),금융기관,우리은행
63352,우리에이치더블유제이차,KRZFA6879TG1,우리에이치더블유제이차 20260127-90-27,N,20260127,20260427,대출채권,KRW,,5000000000,5000000000,46,,A1,A1,,한화,차환발행위험(유동성 공여형 매입약정),금융기관,우리은행
63352,우리에이치더블유제이차,KRZFA6879VG1,우리에이치더블유제이차 20260127-90-28,N,20260127,20260427,대출채권,KRW,,5000000000,5000000000,46,,A1,A1,,한화,차환발행위험(유동성 공여형 매입약정),금융기관,우리은행
63352,우리에이치더블유제이차,KRZFA6879WG1,우리에이치더블유제이차 20260127-90-29,N,20260127,20260427,대출채권,KRW,,5000000000,5000000000,46,,A1,A1,,한화,차환발행위험(유동성 공여형 매입약정),금융기관,우리은행
63352,우리에이치더블유제이차,KRZFA68793G1,우리에이치더블유제이차 20260127-90-3,N,20260127,20260427,대출채권,KRW,,10000000000,10000000000,46,,A1,A1,,한화,차환발행위험(유동성 공여형 매입약정),금융기관,우리은행
63352,우리에이치더블유제이차,KRZFA6879XG1,우리에이치더블유제이차 20260127-90-30,N,20260127,20260427,대출채권,KRW,,5000000000,5000000000,46,,A1,A1,,한화,차환발행위험(유동성 공여형 매입약정),금융기관,우리은행
63352,우리에이치더블유제이차,KRZFA6879YG1,우리에이치더블유제이차 20260127-90-31,N,20260127,20260427,대출채권,KRW,,5000000000,5000000000,46,,A1,A1,,한화,차환발행위험(유동성 공여형 매입약정),금융기관,우리은행
63352,우리에이치더블유제이차,KRZFA6879ZG1,우리에이치더블유제이차 20260127-90-32,N,20260127,20260427,대출채권,KRW,,5000000000,5000000000,46,,A1,A1,,한화,차환발행위험(유동성 공여형 매입약정),금융기관,우리은행
63352,우리에이치더블유제이차,KRZFA68790GD,우리에이치더블유제이차 20260127-90-33,N,20260127,20260427,대출채권,KRW,,5000000000,5000000000,46,,A1,A1,,한화,차환발행위험(유동성 공여형 매입약정),금융기관,우리은행
63352,우리에이치더블유제이차,KRZFA68791GD,우리에이치더블유제이차 20260127-90-34,N,20260127,20260427,대출채권,KRW,,5000000000,5000000000,46,,A1,A1,,한화,차환발행위험(유동성 공여형 매입약정),금융기관,우리은행
63352,우리에이치더블유제이차,KRZFA68792GD,우리에이치더블유제이차 20260127-90-35,N,20260127,20260427,대출채권,KRW,,5000000000,5000000000,46,,A1,A1,,한화,차환발행위험(유동성 공여형 매입약정),금융기관,우리은행
63352,우리에이치더블유제이차,KRZFA68793GD,우리에이치더블유제이차 20260127-90-36,N,20260127,20260427,대출채권,KRW,,5000000000,5000000000,46,,A1,A1,,한화,차환발행위험(유동성 공여형 매입약정),금융기관,우리은행
63352,우리에이치더블유제이차,KRZFA68794GD,우리에이치더블유제이차 20260127-90-37,N,20260127,20260427,대출채권,KRW,,5000000000,5000000000,46,,A1,A1,,한화,차환발행위험(유동성 공여형 매입약정),금융기관,우리은행
63352,우리에이치더블유제이차,KRZFA68795GD,우리에이치더블유제이차 20260127-90-38,N,20260127,20260427,대출채권,KRW,,5000000000,5000000000,46,,A1,A1,,한화,차환발행위험(유동성 공여형 매입약정),금융기관,우리은행
63352,우리에이치더블유제이차,KRZFA68796GD,우리에이치더블유제이차 20260127-90-39,N,20260127,20260427,대출채권,KRW,,5000000000,5000000000,46,,A1,A1,,한화,차환발행위험(유동성 공여형 매입약정),금융기관,우리은행
63352,우리에이치더블유제이차,KRZFA68794G1,우리에이치더블유제이차 20260127-90-4,N,20260127,20260427,대출채권,KRW,,5000000000,5000000000,46,,A1,A1,,한화,차환발행위험(유동성 공여형 매입약정),금융기관,우리은행
63352,우리에이치더블유제이차,KRZFA68797GD,우리에이치더블유제이차 20260127-90-40,N,20260127,20260427,대출채권,KRW,,5000000000,5000000000,46,,A1,A1,,한화,차환발행위험(유동성 공여형 매입약정),금융기관,우리은행
63352,우리에이치더블유제이차,KRZFA68798GD,우리에이치더블유제이차 20260127-90-41,N,20260127,20260427,대출채권,KRW,,5000000000,5000000000,46,,A1,A1,,한화,차환발행위험(유동성 공여형 매입약정),금융기관,우리은행
63352,우리에이치더블유제이차,KRZFA68799GD,우리에이치더블유제이차 20260127-90-42,N,20260127,20260427,대출채권,KRW,,5000000000,5000000000,46,,A1,A1,,한화,차환발행위험(유동성 공여형 매입약정),금융기관,우리은행
63352,우리에이치더블유제이차,KRZFA6879AGD,우리에이치더블유제이차 20260127-90-43,N,20260127,20260427,대출채권,KRW,,5000000000,5000000000,46,,A1,A1,,한화,차환발행위험(유동성 공여형 매입약정),금융기관,우리은행
63352,우리에이치더블유제이차,KRZFA6879BGD,우리에이치더블유제이차 20260127-90-44,N,20260127,20260427,대출채권,KRW,,5000000000,5000000000,46,,A1,A1,,한화,차환발행위험(유동성 공여형 매입약정),금융기관,우리은행
63352,우리에이치더블유제이차,KRZFA6879CGD,우리에이치더블유제이차 20260127-90-45,N,20260127,20260427,대출채권,KRW,,5000000000,5000000000,46,,A1,A1,,한화,차환발행위험(유동성 공여형 매입약정),금융기관,우리은행
63352,우리에이치더블유제이차,KRZFA6879DGD,우리에이치더블유제이차 20260127-90-46,N,20260127,20260427,대출채권,KRW,,5000000000,5000000000,46,,A1,A1,,한화,차환발행위험(유동성 공여형 매입약정),금융기관,우리은행
63352,우리에이치더블유제이차,KRZFA6879EGD,우리에이치더블유제이차 20260127-90-47,N,20260127,20260427,대출채권,KRW,,5000000000,5000000000,46,,A1,A1,,한화,차환발행위험(유동성 공여형 매입약정),금융기관,우리은행
63352,우리에이치더블유제이차,KRZFA68795G1,우리에이치더블유제이차 20260127-90-5,N,20260127,20260427,대출채권,KRW,,5000000000,5000000000,46,,A1,A1,,한화,차환발행위험(유동성 공여형 매입약정),금융기관,우리은행
63352,우리에이치더블유제이차,KRZFA68796G1,우리에이치더블유제이차 20260127-90-6,N,20260127,20260427,대출채권,KRW,,5000000000,5000000000,46,,A1,A1,,한화,차환발행위험(유동성 공여형 매입약정),금융기관,우리은행
63352,우리에이치더블유제이차,KRZFA68797G1,우리에이치더블유제이차 20260127-90-7,N,20260127,20260427,대출채권,KRW,,5000000000,5000000000,46,,A1,A1,,한화,차환발행위험(유동성 공여형 매입약정),금융기관,우리은행
63352,우리에이치더블유제이차,KRZFA68798G1,우리에이치더블유제이차 20260127-90-8,N,20260127,20260427,대출채권,KRW,,5000000000,5000000000,46,,A1,A1,,한화,차환발행위험(유동성 공여형 매입약정),금융기관,우리은행
63352,우리에이치더블유제이차,KRZFA68799G1,우리에이치더블유제이차 20260127-90-9,N,20260127,20260427,대출채권,KRW,,5000000000,5000000000,46,,A1,A1,,한화,차환발행위험(유동성 공여형 매입약정),금융기관,우리은행
73526,디에스에어식스제이차,KRZF0158X1G1,디에스에어식스제이차 20260126-31-1,N,20260126,20260226,대출채권,KRW,,5000000000,5000000000,0,A1,A1,,,다산네트웍스,외부 신용보강,금융기관,한국산업은행
73526,디에스에어식스제이차,KRZF0158X2G1,디에스에어식스제이차 20260126-31-2,N,20260126,20260226,대출채권,KRW,,5000000000,5000000000,0,A1,A1,,,다산네트웍스,외부 신용보강,금융기관,한국산업은행
73526,디에스에어식스제이차,KRZF0158X3G1,디에스에어식스제이차 20260126-31-3,N,20260126,20260226,대출채권,KRW,,5000000000,5000000000,0,A1,A1,,,다산네트웍스,외부 신용보강,금융기관,한국산업은행
73526,디에스에어식스제이차,KRZF0158X4G1,디에스에어식스제이차 20260126-31-4,N,20260126,20260226,대출채권,KRW,,5000000000,5000000000,0,A1,A1,,,다산네트웍스,외부 신용보강,금융기관,한국산업은행
73526,디에스에어식스제이차,KRZF0158X5G1,디에스에어식스제이차 20260126-31-5,N,20260126,20260226,대출채권,KRW,,5000000000,5000000000,0,A1,A1,,,다산네트웍스,외부 신용보강,금융기관,한국산업은행
70564,디케이하나제일차,KRZF0075A1G1,디케이하나제일차 20260126-29-1,N,20260126,20260224,대출채권,KRW,,5000000000,5000000000,0,,A1,A1,,엠디드래곤제일차(주),외부 신용보강,금융기관,하나은행
70564,디케이하나제일차,KRZF0075A1G1,디케이하나제일차 20260126-29-1,N,20260126,20260224,대출채권,KRW,,5000000000,5000000000,0,,A1,A1,,엠디드래곤제일차(주),차환발행위험(유동성 공여형 매입약정),금융기관,하나은행
70564,디케이하나제일차,KRZF0075A2G1,디케이하나제일차 20260126-29-2,N,20260126,20260224,대출채권,KRW,,5000000000,5000000000,0,,A1,A1,,엠디드래곤제일차(주),외부 신용보강,금융기관,하나은행
70564,디케이하나제일차,KRZF0075A2G1,디케이하나제일차 20260126-29-2,N,20260126,20260224,대출채권,KRW,,5000000000,5000000000,0,,A1,A1,,엠디드래곤제일차(주),차환발행위험(유동성 공여형 매입약정),금융기관,하나은행
70564,디케이하나제일차,KRZF0075A3G1,디케이하나제일차 20260126-29-3,N,20260126,20260224,대출채권,KRW,,5000000000,5000000000,0,,A1,A1,,엠디드래곤제일차(주),외부 신용보강,금융기관,하나은행
70564,디케이하나제일차,KRZF0075A3G1,디케이하나제일차 20260126-29-3,N,20260126,20260224,대출채권,KRW,,5000000000,5000000000,0,,A1,A1,,엠디드래곤제일차(주),차환발행위험(유동성 공여형 매입약정),금융기관,하나은행
70564,디케이하나제일차,KRZF0075A4G1,디케이하나제일차 20260126-29-4,N,20260126,20260224,대출채권,KRW,,5000000000,5000000000,0,,A1,A1,,엠디드래곤제일차(주),외부 신용보강,금융기관,하나은행
70564,디케이하나제일차,KRZF0075A4G1,디케이하나제일차 20260126-29-4,N,20260126,20260224,대출채권,KRW,,5000000000,5000000000,0,,A1,A1,,엠디드래곤제일차(주),차환발행위험(유동성 공여형 매입약정),금융기관,하나은행
70564,디케이하나제일차,KRZF0075A5G1,디케이하나제일차 20260126-29-5,N,20260126,20260224,대출채권,KRW,,5000000000,5000000000,0,,A1,A1,,엠디드래곤제일차(주),외부 신용보강,금융기관,하나은행
70564,디케이하나제일차,KRZF0075A5G1,디케이하나제일차 20260126-29-5,N,20260126,20260224,대출채권,KRW,,5000000000,5000000000,0,,A1,A1,,엠디드래곤제일차(주),차환발행위험(유동성 공여형 매입약정),금융기관,하나은행
70564,디케이하나제일차,KRZF0075A6G1,디케이하나제일차 20260126-29-6,N,20260126,20260224,대출채권,KRW,,5000000000,5000000000,0,,A1,A1,,엠디드래곤제일차(주),외부 신용보강,금융기관,하나은행
70564,디케이하나제일차,KRZF0075A6G1,디케이하나제일차 20260126-29-6,N,20260126,20260224,대출채권,KRW,,5000000000,5000000000,0,,A1,A1,,엠디드래곤제일차(주),차환발행위험(유동성 공여형 매입약정),금융기관,하나은행
58750,모다인천제이차,KRZFA39751G1,모다인천제이차 20260126-91-1,N,20260126,20260427,매출채권,KRW,,5000000000,5000000000,46,A1,A1,,,대명화학,외부 신용보강,금융기관,한국산업은행
58750,모다인천제이차,KRZFA39751G1,모다인천제이차 20260126-91-1,N,20260126,20260427,매출채권,KRW,,5000000000,5000000000,46,A1,A1,,,대명화학,차환발행위험(유동성 공여형 매입약정),금융기관,한국산업은행
58750,모다인천제이차,KRZFA39752G1,모다인천제이차 20260126-91-2,N,20260126,20260427,매출채권,KRW,,5000000000,5000000000,46,A1,A1,,,대명화학,외부 신용보강,금융기관,한국산업은행
58750,모다인천제이차,KRZFA39752G1,모다인천제이차 20260126-91-2,N,20260126,20260427,매출채권,KRW,,5000000000,5000000000,46,A1,A1,,,대명화학,차환발행위험(유동성 공여형 매입약정),금융기관,한국산업은행
58750,모다인천제이차,KRZFA39753G1,모다인천제이차 20260126-91-3,N,20260126,20260427,매출채권,KRW,,5000000000,5000000000,46,A1,A1,,,대명화학,외부 신용보강,금융기관,한국산업은행
58750,모다인천제이차,KRZFA39753G1,모다인천제이차 20260126-91-3,N,20260126,20260427,매출채권,KRW,,5000000000,5000000000,46,A1,A1,,,대명화학,차환발행위험(유동성 공여형 매입약정),금융기관,한국산업은행
73521,비욘드스카이제십이차,KRZFA85771G1,비욘드스카이제십이차 20260126-182-1,Y,20260126,20260727,PF대출채권,KRW,,50000000,50000000,137,A1,A1,A1,,하율디앤씨 주식회사,외부 신용보강,일반기업,현대건설
73521,비욘드스카이제십이차,KRZFA85771G1,비욘드스카이제십이차 20260126-182-1,Y,20260126,20260727,PF대출채권,KRW,,50000000,50000000,137,A1,A1,A1,,하율디앤씨 주식회사,자체 신용보강,자체 신용보강,세금환급(국세및지방세등)
68649,에스타이거에이치제삼차,KRZF0015D1G1,에스타이거에이치제삼차 20260126-88-1,N,20260126,20260424,대출채권,KRW,,5000000000,5000000000,43,,A1,A1,,한화,외부 신용보강,금융기관,신한은행
68649,에스타이거에이치제삼차,KRZF0015D1G1,에스타이거에이치제삼차 20260126-88-1,N,20260126,20260424,대출채권,KRW,,5000000000,5000000000,43,,A1,A1,,한화,차환발행위험(유동성 공여형 매입약정),금융기관,신한은행
68649,에스타이거에이치제삼차,KRZF0015DAG1,에스타이거에이치제삼차 20260126-88-10,N,20260126,20260424,대출채권,KRW,,5000000000,5000000000,43,,A1,A1,,한화,외부 신용보강,금융기관,신한은행
68649,에스타이거에이치제삼차,KRZF0015DAG1,에스타이거에이치제삼차 20260126-88-10,N,20260126,20260424,대출채권,KRW,,5000000000,5000000000,43,,A1,A1,,한화,차환발행위험(유동성 공여형 매입약정),금융기관,신한은행
68649,에스타이거에이치제삼차,KRZF0015DBG1,에스타이거에이치제삼차 20260126-88-11,N,20260126,20260424,대출채권,KRW,,5000000000,5000000000,43,,A1,A1,,한화,외부 신용보강,금융기관,신한은행
68649,에스타이거에이치제삼차,KRZF0015DBG1,에스타이거에이치제삼차 20260126-88-11,N,20260126,20260424,대출채권,KRW,,5000000000,5000000000,43,,A1,A1,,한화,차환발행위험(유동성 공여형 매입약정),금융기관,신한은행
68649,에스타이거에이치제삼차,KRZF0015DCG1,에스타이거에이치제삼차 20260126-88-12,N,20260126,20260424,대출채권,KRW,,5000000000,5000000000,43,,A1,A1,,한화,외부 신용보강,금융기관,신한은행
68649,에스타이거에이치제삼차,KRZF0015DCG1,에스타이거에이치제삼차 20260126-88-12,N,20260126,20260424,대출채권,KRW,,5000000000,5000000000,43,,A1,A1,,한화,차환발행위험(유동성 공여형 매입약정),금융기관,신한은행
68649,에스타이거에이치제삼차,KRZF0015DDG1,에스타이거에이치제삼차 20260126-88-13,N,20260126,20260424,대출채권,KRW,,5000000000,5000000000,43,,A1,A1,,한화,외부 신용보강,금융기관,신한은행
68649,에스타이거에이치제삼차,KRZF0015DDG1,에스타이거에이치제삼차 20260126-88-13,N,20260126,20260424,대출채권,KRW,,5000000000,5000000000,43,,A1,A1,,한화,차환발행위험(유동성 공여형 매입약정),금융기관,신한은행
68649,에스타이거에이치제삼차,KRZF0015DEG1,에스타이거에이치제삼차 20260126-88-14,N,20260126,20260424,대출채권,KRW,,5000000000,5000000000,43,,A1,A1,,한화,외부 신용보강,금융기관,신한은행
68649,에스타이거에이치제삼차,KRZF0015DEG1,에스타이거에이치제삼차 20260126-88-14,N,20260126,20260424,대출채권,KRW,,5000000000,5000000000,43,,A1,A1,,한화,차환발행위험(유동성 공여형 매입약정),금융기관,신한은행
68649,에스타이거에이치제삼차,KRZF0015DFG1,에스타이거에이치제삼차 20260126-88-15,N,20260126,20260424,대출채권,KRW,,5000000000,5000000000,43,,A1,A1,,한화,외부 신용보강,금융기관,신한은행
68649,에스타이거에이치제삼차,KRZF0015DFG1,에스타이거에이치제삼차 20260126-88-15,N,20260126,20260424,대출채권,KRW,,5000000000,5000000000,43,,A1,A1,,한화,차환발행위험(유동성 공여형 매입약정),금융기관,신한은행
68649,에스타이거에이치제삼차,KRZF0015DGG1,에스타이거에이치제삼차 20260126-88-16,N,20260126,20260424,대출채권,KRW,,10000000000,10000000000,43,,A1,A1,,한화,외부 신용보강,금융기관,신한은행
68649,에스타이거에이치제삼차,KRZF0015DGG1,에스타이거에이치제삼차 20260126-88-16,N,20260126,20260424,대출채권,KRW,,10000000000,10000000000,43,,A1,A1,,한화,차환발행위험(유동성 공여형 매입약정),금융기관,신한은행
68649,에스타이거에이치제삼차,KRZF0015DHG1,에스타이거에이치제삼차 20260126-88-17,N,20260126,20260424,대출채권,KRW,,1000000000,1000000000,43,,A1,A1,,한화,외부 신용보강,금융기관,신한은행
68649,에스타이거에이치제삼차,KRZF0015DHG1,에스타이거에이치제삼차 20260126-88-17,N,20260126,20260424,대출채권,KRW,,1000000000,1000000000,43,,A1,A1,,한화,차환발행위험(유동성 공여형 매입약정),금융기관,신한은행
68649,에스타이거에이치제삼차,KRZF0015DJG1,에스타이거에이치제삼차 20260126-88-18,N,20260126,20260424,대출채권,KRW,,1000000000,1000000000,43,,A1,A1,,한화,외부 신용보강,금융기관,신한은행
68649,에스타이거에이치제삼차,KRZF0015DJG1,에스타이거에이치제삼차 20260126-88-18,N,20260126,20260424,대출채권,KRW,,1000000000,1000000000,43,,A1,A1,,한화,차환발행위험(유동성 공여형 매입약정),금융기관,신한은행
68649,에스타이거에이치제삼차,KRZF0015DKG1,에스타이거에이치제삼차 20260126-88-19,N,20260126,20260424,대출채권,KRW,,1000000000,1000000000,43,,A1,A1,,한화,외부 신용보강,금융기관,신한은행
68649,에스타이거에이치제삼차,KRZF0015DKG1,에스타이거에이치제삼차 20260126-88-19,N,20260126,20260424,대출채권,KRW,,1000000000,1000000000,43,,A1,A1,,한화,차환발행위험(유동성 공여형 매입약정),금융기관,신한은행
68649,에스타이거에이치제삼차,KRZF0015D2G1,에스타이거에이치제삼차 20260126-88-2,N,20260126,20260424,대출채권,KRW,,5000000000,5000000000,43,,A1,A1,,한화,외부 신용보강,금융기관,신한은행
68649,에스타이거에이치제삼차,KRZF0015D2G1,에스타이거에이치제삼차 20260126-88-2,N,20260126,20260424,대출채권,KRW,,5000000000,5000000000,43,,A1,A1,,한화,차환발행위험(유동성 공여형 매입약정),금융기관,신한은행
68649,에스타이거에이치제삼차,KRZF0015DLG1,에스타이거에이치제삼차 20260126-88-20,N,20260126,20260424,대출채권,KRW,,1000000000,1000000000,43,,A1,A1,,한화,외부 신용보강,금융기관,신한은행
68649,에스타이거에이치제삼차,KRZF0015DLG1,에스타이거에이치제삼차 20260126-88-20,N,20260126,20260424,대출채권,KRW,,1000000000,1000000000,43,,A1,A1,,한화,차환발행위험(유동성 공여형 매입약정),금융기관,신한은행
68649,에스타이거에이치제삼차,KRZF0015DMG1,에스타이거에이치제삼차 20260126-88-21,N,20260126,20260424,대출채권,KRW,,500000000,500000000,43,,A1,A1,,한화,외부 신용보강,금융기관,신한은행
68649,에스타이거에이치제삼차,KRZF0015DMG1,에스타이거에이치제삼차 20260126-88-21,N,20260126,20260424,대출채권,KRW,,500000000,500000000,43,,A1,A1,,한화,차환발행위험(유동성 공여형 매입약정),금융기관,신한은행
68649,에스타이거에이치제삼차,KRZF0015DNG1,에스타이거에이치제삼차 20260126-88-22,N,20260126,20260424,대출채권,KRW,,500000000,500000000,43,,A1,A1,,한화,외부 신용보강,금융기관,신한은행
68649,에스타이거에이치제삼차,KRZF0015DNG1,에스타이거에이치제삼차 20260126-88-22,N,20260126,20260424,대출채권,KRW,,500000000,500000000,43,,A1,A1,,한화,차환발행위험(유동성 공여형 매입약정),금융기관,신한은행
68649,에스타이거에이치제삼차,KRZF0015DPG1,에스타이거에이치제삼차 20260126-88-23,N,20260126,20260424,대출채권,KRW,,5000000000,5000000000,43,,A1,A1,,한화,외부 신용보강,금융기관,신한은행
68649,에스타이거에이치제삼차,KRZF0015DPG1,에스타이거에이치제삼차 20260126-88-23,N,20260126,20260424,대출채권,KRW,,5000000000,5000000000,43,,A1,A1,,한화,차환발행위험(유동성 공여형 매입약정),금융기관,신한은행
68649,에스타이거에이치제삼차,KRZF0015DQG1,에스타이거에이치제삼차 20260126-88-24,N,20260126,20260424,대출채권,KRW,,5000000000,5000000000,43,,A1,A1,,한화,외부 신용보강,금융기관,신한은행
68649,에스타이거에이치제삼차,KRZF0015DQG1,에스타이거에이치제삼차 20260126-88-24,N,20260126,20260424,대출채권,KRW,,5000000000,5000000000,43,,A1,A1,,한화,차환발행위험(유동성 공여형 매입약정),금융기관,신한은행
68649,에스타이거에이치제삼차,KRZF0015D3G1,에스타이거에이치제삼차 20260126-88-3,N,20260126,20260424,대출채권,KRW,,5000000000,5000000000,43,,A1,A1,,한화,외부 신용보강,금융기관,신한은행
68649,에스타이거에이치제삼차,KRZF0015D3G1,에스타이거에이치제삼차 20260126-88-3,N,20260126,20260424,대출채권,KRW,,5000000000,5000000000,43,,A1,A1,,한화,차환발행위험(유동성 공여형 매입약정),금융기관,신한은행
68649,에스타이거에이치제삼차,KRZF0015D4G1,에스타이거에이치제삼차 20260126-88-4,N,20260126,20260424,대출채권,KRW,,5000000000,5000000000,43,,A1,A1,,한화,외부 신용보강,금융기관,신한은행
68649,에스타이거에이치제삼차,KRZF0015D4G1,에스타이거에이치제삼차 20260126-88-4,N,20260126,20260424,대출채권,KRW,,5000000000,5000000000,43,,A1,A1,,한화,차환발행위험(유동성 공여형 매입약정),금융기관,신한은행
68649,에스타이거에이치제삼차,KRZF0015D5G1,에스타이거에이치제삼차 20260126-88-5,N,20260126,20260424,대출채권,KRW,,5000000000,5000000000,43,,A1,A1,,한화,외부 신용보강,금융기관,신한은행
68649,에스타이거에이치제삼차,KRZF0015D5G1,에스타이거에이치제삼차 20260126-88-5,N,20260126,20260424,대출채권,KRW,,5000000000,5000000000,43,,A1,A1,,한화,차환발행위험(유동성 공여형 매입약정),금융기관,신한은행
68649,에스타이거에이치제삼차,KRZF0015D6G1,에스타이거에이치제삼차 20260126-88-6,N,20260126,20260424,대출채권,KRW,,5000000000,5000000000,43,,A1,A1,,한화,외부 신용보강,금융기관,신한은행
68649,에스타이거에이치제삼차,KRZF0015D6G1,에스타이거에이치제삼차 20260126-88-6,N,20260126,20260424,대출채권,KRW,,5000000000,5000000000,43,,A1,A1,,한화,차환발행위험(유동성 공여형 매입약정),금융기관,신한은행
68649,에스타이거에이치제삼차,KRZF0015D7G1,에스타이거에이치제삼차 20260126-88-7,N,20260126,20260424,대출채권,KRW,,5000000000,5000000000,43,,A1,A1,,한화,외부 신용보강,금융기관,신한은행
68649,에스타이거에이치제삼차,KRZF0015D7G1,에스타이거에이치제삼차 20260126-88-7,N,20260126,20260424,대출채권,KRW,,5000000000,5000000000,43,,A1,A1,,한화,차환발행위험(유동성 공여형 매입약정),금융기관,신한은행
68649,에스타이거에이치제삼차,KRZF0015D8G1,에스타이거에이치제삼차 20260126-88-8,N,20260126,20260424,대출채권,KRW,,5000000000,5000000000,43,,A1,A1,,한화,외부 신용보강,금융기관,신한은행
68649,에스타이거에이치제삼차,KRZF0015D8G1,에스타이거에이치제삼차 20260126-88-8,N,20260126,20260424,대출채권,KRW,,5000000000,5000000000,43,,A1,A1,,한화,차환발행위험(유동성 공여형 매입약정),금융기관,신한은행
68649,에스타이거에이치제삼차,KRZF0015D9G1,에스타이거에이치제삼차 20260126-88-9,N,20260126,20260424,대출채권,KRW,,5000000000,5000000000,43,,A1,A1,,한화,외부 신용보강,금융기관,신한은행
68649,에스타이거에이치제삼차,KRZF0015D9G1,에스타이거에이치제삼차 20260126-88-9,N,20260126,20260424,대출채권,KRW,,5000000000,5000000000,43,,A1,A1,,한화,차환발행위험(유동성 공여형 매입약정),금융기관,신한은행
65466,올마이티제일차,KRZF385931G1,올마이티제일차 20260126-91-1,N,20260126,20260427,대출채권,KRW,,5000000000,5000000000,46,A1,A1,,,아난티강남피에프브이 주식회사,외부 신용보강,금융기관,중소기업은행
65466,올마이티제일차,KRZF385932G1,올마이티제일차 20260126-91-2,N,20260126,20260427,대출채권,KRW,,5000000000,5000000000,46,A1,A1,,,아난티강남피에프브이 주식회사,외부 신용보강,금융기관,중소기업은행
65466,올마이티제일차,KRZF385933G1,올마이티제일차 20260126-91-3,N,20260126,20260427,대출채권,KRW,,5000000000,5000000000,46,A1,A1,,,아난티강남피에프브이 주식회사,외부 신용보강,금융기관,중소기업은행
65466,올마이티제일차,KRZF385934G1,올마이티제일차 20260126-91-4,N,20260126,20260427,대출채권,KRW,,5000000000,5000000000,46,A1,A1,,,아난티강남피에프브이 주식회사,외부 신용보강,금융기관,중소기업은행
65466,올마이티제일차,KRZF385935G1,올마이티제일차 20260126-91-5,N,20260126,20260427,대출채권,KRW,,5000000000,5000000000,46,A1,A1,,,아난티강남피에프브이 주식회사,외부 신용보강,금융기관,중소기업은행
65466,올마이티제일차,KRZF385936G1,올마이티제일차 20260126-91-6,N,20260126,20260427,대출채권,KRW,,5000000000,5000000000,46,A1,A1,,,아난티강남피에프브이 주식회사,외부 신용보강,금융기관,중소기업은행
65466,올마이티제일차,KRZF385937G1,올마이티제일차 20260126-91-7,N,20260126,20260427,대출채권,KRW,,5000000000,5000000000,46,A1,A1,,,아난티강남피에프브이 주식회사,외부 신용보강,금융기관,중소기업은행
65466,올마이티제일차,KRZF385938G1,올마이티제일차 20260126-91-8,N,20260126,20260427,대출채권,KRW,,5000000000,5000000000,46,A1,A1,,,아난티강남피에프브이 주식회사,외부 신용보강,금융기관,중소기업은행
65466,올마이티제일차,KRZF385939G1,올마이티제일차 20260126-91-9,N,20260126,20260427,대출채권,KRW,,5000000000,5000000000,46,A1,A1,,,아난티강남피에프브이 주식회사,외부 신용보강,금융기관,중소기업은행
63633,우리드림제이차,KRZF308951G1,우리드림제이차 20260126-91-1,N,20260126,20260427,대출채권,KRW,,5000000000,5000000000,46,,A1,A1,,삼표시멘트,외부 신용보강,금융기관,우리은행
63633,우리드림제이차,KRZF308952G1,우리드림제이차 20260126-91-2,N,20260126,20260427,대출채권,KRW,,5000000000,5000000000,46,,A1,A1,,삼표시멘트,외부 신용보강,금융기관,우리은행
63633,우리드림제이차,KRZF308953G1,우리드림제이차 20260126-91-3,N,20260126,20260427,대출채권,KRW,,5000000000,5000000000,46,,A1,A1,,삼표시멘트,외부 신용보강,금융기관,우리은행
63633,우리드림제이차,KRZF308954G1,우리드림제이차 20260126-91-4,N,20260126,20260427,대출채권,KRW,,5000000000,5000000000,46,,A1,A1,,삼표시멘트,외부 신용보강,금융기관,우리은행
72295,우리한숲제일차,KRZF223351G1,우리한숲제일차 20260126-88-1,N,20260126,20260424,대출채권,KRW,,5000000000,5000000000,43,A1,A1,,,디엘이앤씨 주식회사,차환발행위험(유동성 공여형 매입약정),금융기관,우리은행
72295,우리한숲제일차,KRZF223351G1,우리한숲제일차 20260126-88-1,N,20260126,20260424,대출채권,KRW,,5000000000,5000000000,43,A1,A1,,,디엘이앤씨 주식회사,금리변동/환율변동,금융기관,우리은행
72295,우리한숲제일차,KRZF22335AG1,우리한숲제일차 20260126-88-10,N,20260126,20260424,대출채권,KRW,,5000000000,5000000000,43,A1,A1,,,디엘이앤씨 주식회사,차환발행위험(유동성 공여형 매입약정),금융기관,우리은행
72295,우리한숲제일차,KRZF22335AG1,우리한숲제일차 20260126-88-10,N,20260126,20260424,대출채권,KRW,,5000000000,5000000000,43,A1,A1,,,디엘이앤씨 주식회사,금리변동/환율변동,금융기관,우리은행
72295,우리한숲제일차,KRZF22335BG1,우리한숲제일차 20260126-88-11,N,20260126,20260424,대출채권,KRW,,5000000000,5000000000,43,A1,A1,,,디엘이앤씨 주식회사,차환발행위험(유동성 공여형 매입약정),금융기관,우리은행
72295,우리한숲제일차,KRZF22335BG1,우리한숲제일차 20260126-88-11,N,20260126,20260424,대출채권,KRW,,5000000000,5000000000,43,A1,A1,,,디엘이앤씨 주식회사,금리변동/환율변동,금융기관,우리은행
72295,우리한숲제일차,KRZF22335CG1,우리한숲제일차 20260126-88-12,N,20260126,20260424,대출채권,KRW,,5000000000,5000000000,43,A1,A1,,,디엘이앤씨 주식회사,차환발행위험(유동성 공여형 매입약정),금융기관,우리은행
72295,우리한숲제일차,KRZF22335CG1,우리한숲제일차 20260126-88-12,N,20260126,20260424,대출채권,KRW,,5000000000,5000000000,43,A1,A1,,,디엘이앤씨 주식회사,금리변동/환율변동,금융기관,우리은행
72295,우리한숲제일차,KRZF22335DG1,우리한숲제일차 20260126-88-13,N,20260126,20260424,대출채권,KRW,,5000000000,5000000000,43,A1,A1,,,디엘이앤씨 주식회사,차환발행위험(유동성 공여형 매입약정),금융기관,우리은행
72295,우리한숲제일차,KRZF22335DG1,우리한숲제일차 20260126-88-13,N,20260126,20260424,대출채권,KRW,,5000000000,5000000000,43,A1,A1,,,디엘이앤씨 주식회사,금리변동/환율변동,금융기관,우리은행
72295,우리한숲제일차,KRZF22335EG1,우리한숲제일차 20260126-88-14,N,20260126,20260424,대출채권,KRW,,5000000000,5000000000,43,A1,A1,,,디엘이앤씨 주식회사,차환발행위험(유동성 공여형 매입약정),금융기관,우리은행
72295,우리한숲제일차,KRZF22335EG1,우리한숲제일차 20260126-88-14,N,20260126,20260424,대출채권,KRW,,5000000000,5000000000,43,A1,A1,,,디엘이앤씨 주식회사,금리변동/환율변동,금융기관,우리은행
72295,우리한숲제일차,KRZF22335FG1,우리한숲제일차 20260126-88-15,N,20260126,20260424,대출채권,KRW,,5000000000,5000000000,43,A1,A1,,,디엘이앤씨 주식회사,차환발행위험(유동성 공여형 매입약정),금융기관,우리은행
72295,우리한숲제일차,KRZF22335FG1,우리한숲제일차 20260126-88-15,N,20260126,20260424,대출채권,KRW,,5000000000,5000000000,43,A1,A1,,,디엘이앤씨 주식회사,금리변동/환율변동,금융기관,우리은행
72295,우리한숲제일차,KRZF223352G1,우리한숲제일차 20260126-88-2,N,20260126,20260424,대출채권,KRW,,5000000000,5000000000,43,A1,A1,,,디엘이앤씨 주식회사,차환발행위험(유동성 공여형 매입약정),금융기관,우리은행
72295,우리한숲제일차,KRZF223352G1,우리한숲제일차 20260126-88-2,N,20260126,20260424,대출채권,KRW,,5000000000,5000000000,43,A1,A1,,,디엘이앤씨 주식회사,금리변동/환율변동,금융기관,우리은행
72295,우리한숲제일차,KRZF223353G1,우리한숲제일차 20260126-88-3,N,20260126,20260424,대출채권,KRW,,5000000000,5000000000,43,A1,A1,,,디엘이앤씨 주식회사,차환발행위험(유동성 공여형 매입약정),금융기관,우리은행
72295,우리한숲제일차,KRZF223353G1,우리한숲제일차 20260126-88-3,N,20260126,20260424,대출채권,KRW,,5000000000,5000000000,43,A1,A1,,,디엘이앤씨 주식회사,금리변동/환율변동,금융기관,우리은행
72295,우리한숲제일차,KRZF223354G1,우리한숲제일차 20260126-88-4,N,20260126,20260424,대출채권,KRW,,5000000000,5000000000,43,A1,A1,,,디엘이앤씨 주식회사,차환발행위험(유동성 공여형 매입약정),금융기관,우리은행
72295,우리한숲제일차,KRZF223354G1,우리한숲제일차 20260126-88-4,N,20260126,20260424,대출채권,KRW,,5000000000,5000000000,43,A1,A1,,,디엘이앤씨 주식회사,금리변동/환율변동,금융기관,우리은행
72295,우리한숲제일차,KRZF223355G1,우리한숲제일차 20260126-88-5,N,20260126,20260424,대출채권,KRW,,5000000000,5000000000,43,A1,A1,,,디엘이앤씨 주식회사,차환발행위험(유동성 공여형 매입약정),금융기관,우리은행
72295,우리한숲제일차,KRZF223355G1,우리한숲제일차 20260126-88-5,N,20260126,20260424,대출채권,KRW,,5000000000,5000000000,43,A1,A1,,,디엘이앤씨 주식회사,금리변동/환율변동,금융기관,우리은행
72295,우리한숲제일차,KRZF223356G1,우리한숲제일차 20260126-88-6,N,20260126,20260424,대출채권,KRW,,5000000000,5000000000,43,A1,A1,,,디엘이앤씨 주식회사,차환발행위험(유동성 공여형 매입약정),금융기관,우리은행
72295,우리한숲제일차,KRZF223356G1,우리한숲제일차 20260126-88-6,N,20260126,20260424,대출채권,KRW,,5000000000,5000000000,43,A1,A1,,,디엘이앤씨 주식회사,금리변동/환율변동,금융기관,우리은행
72295,우리한숲제일차,KRZF223357G1,우리한숲제일차 20260126-88-7,N,20260126,20260424,대출채권,KRW,,5000000000,5000000000,43,A1,A1,,,디엘이앤씨 주식회사,차환발행위험(유동성 공여형 매입약정),금융기관,우리은행
72295,우리한숲제일차,KRZF223357G1,우리한숲제일차 20260126-88-7,N,20260126,20260424,대출채권,KRW,,5000000000,5000000000,43,A1,A1,,,디엘이앤씨 주식회사,금리변동/환율변동,금융기관,우리은행
72295,우리한숲제일차,KRZF223358G1,우리한숲제일차 20260126-88-8,N,20260126,20260424,대출채권,KRW,,5000000000,5000000000,43,A1,A1,,,디엘이앤씨 주식회사,차환발행위험(유동성 공여형 매입약정),금융기관,우리은행
72295,우리한숲제일차,KRZF223358G1,우리한숲제일차 20260126-88-8,N,20260126,20260424,대출채권,KRW,,5000000000,5000000000,43,A1,A1,,,디엘이앤씨 주식회사,금리변동/환율변동,금융기관,우리은행
72295,우리한숲제일차,KRZF223359G1,우리한숲제일차 20260126-88-9,N,20260126,20260424,대출채권,KRW,,5000000000,5000000000,43,A1,A1,,,디엘이앤씨 주식회사,차환발행위험(유동성 공여형 매입약정),금융기관,우리은행
72295,우리한숲제일차,KRZF223359G1,우리한숲제일차 20260126-88-9,N,20260126,20260424,대출채권,KRW,,5000000000,5000000000,43,A1,A1,,,디엘이앤씨 주식회사,금리변동/환율변동,금융기관,우리은행
73520,유포리아제십일차,KRZFA74561G1,유포리아제십일차 20260126-179-1,N,20260126,20260724,신용파생,KRW,,5000000000,5000000000,134,A1,,A1,,메리츠캐피탈,외부 신용보강,금융기관,메리츠증권
73520,유포리아제십일차,KRZFA74562G1,유포리아제십일차 20260126-179-2,N,20260126,20260724,신용파생,KRW,,5000000000,5000000000,134,A1,,A1,,메리츠캐피탈,외부 신용보강,금융기관,메리츠증권
73520,유포리아제십일차,KRZFA74563G1,유포리아제십일차 20260126-179-3,N,20260126,20260724,신용파생,KRW,,5000000000,5000000000,134,A1,,A1,,메리츠캐피탈,외부 신용보강,금융기관,메리츠증권
73520,유포리아제십일차,KRZFA74564G1,유포리아제십일차 20260126-179-4,N,20260126,20260724,신용파생,KRW,,5000000000,5000000000,134,A1,,A1,,메리츠캐피탈,외부 신용보강,금융기관,메리츠증권
73520,유포리아제십일차,KRZFA74565G1,유포리아제십일차 20260126-179-5,N,20260126,20260724,신용파생,KRW,,1000000000,1000000000,134,A1,,A1,,메리츠캐피탈,외부 신용보강,금융기관,메리츠증권
73520,유포리아제십일차,KRZFA74566G1,유포리아제십일차 20260126-179-6,N,20260126,20260724,신용파생,KRW,,1000000000,1000000000,134,A1,,A1,,메리츠캐피탈,외부 신용보강,금융기관,메리츠증권
57483,지아이비용문,KRZFA29491G1,지아이비용문 20260126-58-1,Y,20260126,20260325,PF대출채권,KRW,,5000000000,5000000000,13,A1,A1,,,(주)마이다스씨엠,외부 신용보강,금융기관,신한은행
57483,지아이비용문,KRZFA2949AG1,지아이비용문 20260126-58-10,Y,20260126,20260325,PF대출채권,KRW,,500000000,500000000,13,A1,A1,,,(주)마이다스씨엠,외부 신용보강,금융기관,신한은행
57483,지아이비용문,KRZFA2949BG1,지아이비용문 20260126-58-11,Y,20260126,20260325,PF대출채권,KRW,,500000000,500000000,13,A1,A1,,,(주)마이다스씨엠,외부 신용보강,금융기관,신한은행
57483,지아이비용문,KRZFA2949CG1,지아이비용문 20260126-58-12,Y,20260126,20260325,PF대출채권,KRW,,500000000,500000000,13,A1,A1,,,(주)마이다스씨엠,외부 신용보강,금융기관,신한은행
57483,지아이비용문,KRZFA2949DG1,지아이비용문 20260126-58-13,Y,20260126,20260325,PF대출채권,KRW,,100000000,100000000,13,A1,A1,,,(주)마이다스씨엠,외부 신용보강,금융기관,신한은행
57483,지아이비용문,KRZFA2949EG1,지아이비용문 20260126-58-14,Y,20260126,20260325,PF대출채권,KRW,,100000000,100000000,13,A1,A1,,,(주)마이다스씨엠,외부 신용보강,금융기관,신한은행
57483,지아이비용문,KRZFA2949FG1,지아이비용문 20260126-58-15,Y,20260126,20260325,PF대출채권,KRW,,100000000,100000000,13,A1,A1,,,(주)마이다스씨엠,외부 신용보강,금융기관,신한은행
57483,지아이비용문,KRZFA2949GG1,지아이비용문 20260126-58-16,Y,20260126,20260325,PF대출채권,KRW,,100000000,100000000,13,A1,A1,,,(주)마이다스씨엠,외부 신용보강,금융기관,신한은행
57483,지아이비용문,KRZFA2949HG1,지아이비용문 20260126-58-17,Y,20260126,20260325,PF대출채권,KRW,,100000000,100000000,13,A1,A1,,,(주)마이다스씨엠,외부 신용보강,금융기관,신한은행
57483,지아이비용문,KRZFA29492G1,지아이비용문 20260126-58-2,Y,20260126,20260325,PF대출채권,KRW,,5000000000,5000000000,13,A1,A1,,,(주)마이다스씨엠,외부 신용보강,금융기관,신한은행
57483,지아이비용문,KRZFA29493G1,지아이비용문 20260126-58-3,Y,20260126,20260325,PF대출채권,KRW,,1700000000,1700000000,13,A1,A1,,,(주)마이다스씨엠,외부 신용보강,금융기관,신한은행
57483,지아이비용문,KRZFA29494G1,지아이비용문 20260126-58-4,Y,20260126,20260325,PF대출채권,KRW,,2000000000,2000000000,13,A1,A1,,,(주)마이다스씨엠,외부 신용보강,금융기관,신한은행
57483,지아이비용문,KRZFA29495G1,지아이비용문 20260126-58-5,Y,20260126,20260325,PF대출채권,KRW,,2000000000,2000000000,13,A1,A1,,,(주)마이다스씨엠,외부 신용보강,금융기관,신한은행
57483,지아이비용문,KRZFA29496G1,지아이비용문 20260126-58-6,Y,20260126,20260325,PF대출채권,KRW,,1000000000,1000000000,13,A1,A1,,,(주)마이다스씨엠,외부 신용보강,금융기관,신한은행
57483,지아이비용문,KRZFA29497G1,지아이비용문 20260126-58-7,Y,20260126,20260325,PF대출채권,KRW,,1000000000,1000000000,13,A1,A1,,,(주)마이다스씨엠,외부 신용보강,금융기관,신한은행
57483,지아이비용문,KRZFA29498G1,지아이비용문 20260126-58-8,Y,20260126,20260325,PF대출채권,KRW,,1000000000,1000000000,13,A1,A1,,,(주)마이다스씨엠,외부 신용보강,금융기관,신한은행
57483,지아이비용문,KRZFA29499G1,지아이비용문 20260126-58-9,Y,20260126,20260325,PF대출채권,KRW,,1000000000,1000000000,13,A1,A1,,,(주)마이다스씨엠,외부 신용보강,금융기관,신한은행
73489,케이비학하제일차,KRZF0158N1G1,케이비학하제일차 20260126-91-1,N,20260126,20260427,대출채권,KRW,,5000000000,5000000000,46,A1,A1,,,신세계프라퍼티,차환발행위험(유동성 공여형 매입약정),금융기관,국민은행
73489,케이비학하제일차,KRZF0158N1G1,케이비학하제일차 20260126-91-1,N,20260126,20260427,대출채권,KRW,,5000000000,5000000000,46,A1,A1,,,신세계프라퍼티,금리변동/환율변동,금융기관,국민은행
73489,케이비학하제일차,KRZF0158NAG1,케이비학하제일차 20260126-91-10,N,20260126,20260427,대출채권,KRW,,5000000000,5000000000,46,A1,A1,,,신세계프라퍼티,차환발행위험(유동성 공여형 매입약정),금융기관,국민은행
73489,케이비학하제일차,KRZF0158NAG1,케이비학하제일차 20260126-91-10,N,20260126,20260427,대출채권,KRW,,5000000000,5000000000,46,A1,A1,,,신세계프라퍼티,금리변동/환율변동,금융기관,국민은행
73489,케이비학하제일차,KRZF0158N2G1,케이비학하제일차 20260126-91-2,N,20260126,20260427,대출채권,KRW,,5000000000,5000000000,46,A1,A1,,,신세계프라퍼티,차환발행위험(유동성 공여형 매입약정),금융기관,국민은행
73489,케이비학하제일차,KRZF0158N2G1,케이비학하제일차 20260126-91-2,N,20260126,20260427,대출채권,KRW,,5000000000,5000000000,46,A1,A1,,,신세계프라퍼티,금리변동/환율변동,금융기관,국민은행
73489,케이비학하제일차,KRZF0158N3G1,케이비학하제일차 20260126-91-3,N,20260126,20260427,대출채권,KRW,,5000000000,5000000000,46,A1,A1,,,신세계프라퍼티,차환발행위험(유동성 공여형 매입약정),금융기관,국민은행
73489,케이비학하제일차,KRZF0158N3G1,케이비학하제일차 20260126-91-3,N,20260126,20260427,대출채권,KRW,,5000000000,5000000000,46,A1,A1,,,신세계프라퍼티,금리변동/환율변동,금융기관,국민은행
73489,케이비학하제일차,KRZF0158N4G1,케이비학하제일차 20260126-91-4,N,20260126,20260427,대출채권,KRW,,5000000000,5000000000,46,A1,A1,,,신세계프라퍼티,차환발행위험(유동성 공여형 매입약정),금융기관,국민은행
73489,케이비학하제일차,KRZF0158N4G1,케이비학하제일차 20260126-91-4,N,20260126,20260427,대출채권,KRW,,5000000000,5000000000,46,A1,A1,,,신세계프라퍼티,금리변동/환율변동,금융기관,국민은행
73489,케이비학하제일차,KRZF0158N5G1,케이비학하제일차 20260126-91-5,N,20260126,20260427,대출채권,KRW,,5000000000,5000000000,46,A1,A1,,,신세계프라퍼티,차환발행위험(유동성 공여형 매입약정),금융기관,국민은행
73489,케이비학하제일차,KRZF0158N5G1,케이비학하제일차 20260126-91-5,N,20260126,20260427,대출채권,KRW,,5000000000,5000000000,46,A1,A1,,,신세계프라퍼티,금리변동/환율변동,금융기관,국민은행
73489,케이비학하제일차,KRZF0158N6G1,케이비학하제일차 20260126-91-6,N,20260126,20260427,대출채권,KRW,,5000000000,5000000000,46,A1,A1,,,신세계프라퍼티,차환발행위험(유동성 공여형 매입약정),금융기관,국민은행
73489,케이비학하제일차,KRZF0158N6G1,케이비학하제일차 20260126-91-6,N,20260126,20260427,대출채권,KRW,,5000000000,5000000000,46,A1,A1,,,신세계프라퍼티,금리변동/환율변동,금융기관,국민은행
73489,케이비학하제일차,KRZF0158N7G1,케이비학하제일차 20260126-91-7,N,20260126,20260427,대출채권,KRW,,5000000000,5000000000,46,A1,A1,,,신세계프라퍼티,차환발행위험(유동성 공여형 매입약정),금융기관,국민은행
73489,케이비학하제일차,KRZF0158N7G1,케이비학하제일차 20260126-91-7,N,20260126,20260427,대출채권,KRW,,5000000000,5000000000,46,A1,A1,,,신세계프라퍼티,금리변동/환율변동,금융기관,국민은행
73489,케이비학하제일차,KRZF0158N8G1,케이비학하제일차 20260126-91-8,N,20260126,20260427,대출채권,KRW,,5000000000,5000000000,46,A1,A1,,,신세계프라퍼티,차환발행위험(유동성 공여형 매입약정),금융기관,국민은행
73489,케이비학하제일차,KRZF0158N8G1,케이비학하제일차 20260126-91-8,N,20260126,20260427,대출채권,KRW,,5000000000,5000000000,46,A1,A1,,,신세계프라퍼티,금리변동/환율변동,금융기관,국민은행
73489,케이비학하제일차,KRZF0158N9G1,케이비학하제일차 20260126-91-9,N,20260126,20260427,대출채권,KRW,,5000000000,5000000000,46,A1,A1,,,신세계프라퍼티,차환발행위험(유동성 공여형 매입약정),금융기관,국민은행
73489,케이비학하제일차,KRZF0158N9G1,케이비학하제일차 20260126-91-9,N,20260126,20260427,대출채권,KRW,,5000000000,5000000000,46,A1,A1,,,신세계프라퍼티,금리변동/환율변동,금융기관,국민은행
73527,크리스탈제일차,KRZFA46241G1,크리스탈제일차 20260126-123-1,N,20260126,20260529,정기예금,KRW,,5000000000,5000000000,78,,A1,A1,,수협은행,자체 신용보강,자체 신용보강,수협은행
73527,크리스탈제일차,KRZFA4624AG1,크리스탈제일차 20260126-123-10,N,20260126,20260529,정기예금,KRW,,5000000000,5000000000,78,,A1,A1,,수협은행,자체 신용보강,자체 신용보강,수협은행
73527,크리스탈제일차,KRZFA4624BG1,크리스탈제일차 20260126-123-11,N,20260126,20260529,정기예금,KRW,,5000000000,5000000000,78,,A1,A1,,수협은행,자체 신용보강,자체 신용보강,수협은행
73527,크리스탈제일차,KRZFA4624CG1,크리스탈제일차 20260126-123-12,N,20260126,20260529,정기예금,KRW,,5000000000,5000000000,78,,A1,A1,,수협은행,자체 신용보강,자체 신용보강,수협은행
73527,크리스탈제일차,KRZFA4624DG1,크리스탈제일차 20260126-123-13,N,20260126,20260529,정기예금,KRW,,5000000000,5000000000,78,,A1,A1,,수협은행,자체 신용보강,자체 신용보강,수협은행
73527,크리스탈제일차,KRZFA4624EG1,크리스탈제일차 20260126-123-14,N,20260126,20260529,정기예금,KRW,,5000000000,5000000000,78,,A1,A1,,수협은행,자체 신용보강,자체 신용보강,수협은행
73527,크리스탈제일차,KRZFA4624FG1,크리스탈제일차 20260126-123-15,N,20260126,20260529,정기예금,KRW,,5000000000,5000000000,78,,A1,A1,,수협은행,자체 신용보강,자체 신용보강,수협은행
73527,크리스탈제일차,KRZFA4624GG1,크리스탈제일차 20260126-123-16,N,20260126,20260529,정기예금,KRW,,5000000000,5000000000,78,,A1,A1,,수협은행,자체 신용보강,자체 신용보강,수협은행
73527,크리스탈제일차,KRZFA4624HG1,크리스탈제일차 20260126-123-17,N,20260126,20260529,정기예금,KRW,,5000000000,5000000000,78,,A1,A1,,수협은행,자체 신용보강,자체 신용보강,수협은행
73527,크리스탈제일차,KRZFA4624JG1,크리스탈제일차 20260126-123-18,N,20260126,20260529,정기예금,KRW,,5000000000,5000000000,78,,A1,A1,,수협은행,자체 신용보강,자체 신용보강,수협은행
73527,크리스탈제일차,KRZFA4624KG1,크리스탈제일차 20260126-123-19,N,20260126,20260529,정기예금,KRW,,5000000000,5000000000,78,,A1,A1,,수협은행,자체 신용보강,자체 신용보강,수협은행
73527,크리스탈제일차,KRZFA46242G1,크리스탈제일차 20260126-123-2,N,20260126,20260529,정기예금,KRW,,5000000000,5000000000,78,,A1,A1,,수협은행,자체 신용보강,자체 신용보강,수협은행
73527,크리스탈제일차,KRZFA4624LG1,크리스탈제일차 20260126-123-20,N,20260126,20260529,정기예금,KRW,,5000000000,5000000000,78,,A1,A1,,수협은행,자체 신용보강,자체 신용보강,수협은행
73527,크리스탈제일차,KRZFA4624MG1,크리스탈제일차 20260126-123-21,N,20260126,20260529,정기예금,KRW,,5000000000,5000000000,78,,A1,A1,,수협은행,자체 신용보강,자체 신용보강,수협은행
73527,크리스탈제일차,KRZFA4624NG1,크리스탈제일차 20260126-123-22,N,20260126,20260529,정기예금,KRW,,5000000000,5000000000,78,,A1,A1,,수협은행,자체 신용보강,자체 신용보강,수협은행
73527,크리스탈제일차,KRZFA4624PG1,크리스탈제일차 20260126-123-23,N,20260126,20260529,정기예금,KRW,,5000000000,5000000000,78,,A1,A1,,수협은행,자체 신용보강,자체 신용보강,수협은행
73527,크리스탈제일차,KRZFA4624QG1,크리스탈제일차 20260126-123-24,N,20260126,20260529,정기예금,KRW,,5000000000,5000000000,78,,A1,A1,,수협은행,자체 신용보강,자체 신용보강,수협은행
73527,크리스탈제일차,KRZFA4624RG1,크리스탈제일차 20260126-123-25,N,20260126,20260529,정기예금,KRW,,5000000000,5000000000,78,,A1,A1,,수협은행,자체 신용보강,자체 신용보강,수협은행
73527,크리스탈제일차,KRZFA4624SG1,크리스탈제일차 20260126-123-26,N,20260126,20260529,정기예금,KRW,,5000000000,5000000000,78,,A1,A1,,수협은행,자체 신용보강,자체 신용보강,수협은행
73527,크리스탈제일차,KRZFA4624TG1,크리스탈제일차 20260126-123-27,N,20260126,20260529,정기예금,KRW,,5000000000,5000000000,78,,A1,A1,,수협은행,자체 신용보강,자체 신용보강,수협은행
73527,크리스탈제일차,KRZFA4624VG1,크리스탈제일차 20260126-123-28,N,20260126,20260529,정기예금,KRW,,5000000000,5000000000,78,,A1,A1,,수협은행,자체 신용보강,자체 신용보강,수협은행
73527,크리스탈제일차,KRZFA4624WG1,크리스탈제일차 20260126-123-29,N,20260126,20260529,정기예금,KRW,,5000000000,5000000000,78,,A1,A1,,수협은행,자체 신용보강,자체 신용보강,수협은행
73527,크리스탈제일차,KRZFA46243G1,크리스탈제일차 20260126-123-3,N,20260126,20260529,정기예금,KRW,,5000000000,5000000000,78,,A1,A1,,수협은행,자체 신용보강,자체 신용보강,수협은행
73527,크리스탈제일차,KRZFA4624XG1,크리스탈제일차 20260126-123-30,N,20260126,20260529,정기예금,KRW,,5000000000,5000000000,78,,A1,A1,,수협은행,자체 신용보강,자체 신용보강,수협은행
73527,크리스탈제일차,KRZFA4624YG1,크리스탈제일차 20260126-123-31,N,20260126,20260529,정기예금,KRW,,5000000000,5000000000,78,,A1,A1,,수협은행,자체 신용보강,자체 신용보강,수협은행
73527,크리스탈제일차,KRZFA4624ZG1,크리스탈제일차 20260126-123-32,N,20260126,20260529,정기예금,KRW,,5000000000,5000000000,78,,A1,A1,,수협은행,자체 신용보강,자체 신용보강,수협은행
73527,크리스탈제일차,KRZFA46240GD,크리스탈제일차 20260126-123-33,N,20260126,20260529,정기예금,KRW,,5000000000,5000000000,78,,A1,A1,,수협은행,자체 신용보강,자체 신용보강,수협은행
73527,크리스탈제일차,KRZFA46241GD,크리스탈제일차 20260126-123-34,N,20260126,20260529,정기예금,KRW,,5000000000,5000000000,78,,A1,A1,,수협은행,자체 신용보강,자체 신용보강,수협은행
73527,크리스탈제일차,KRZFA46242GD,크리스탈제일차 20260126-123-35,N,20260126,20260529,정기예금,KRW,,5000000000,5000000000,78,,A1,A1,,수협은행,자체 신용보강,자체 신용보강,수협은행
73527,크리스탈제일차,KRZFA46243GD,크리스탈제일차 20260126-123-36,N,20260126,20260529,정기예금,KRW,,5000000000,5000000000,78,,A1,A1,,수협은행,자체 신용보강,자체 신용보강,수협은행
73527,크리스탈제일차,KRZFA46244GD,크리스탈제일차 20260126-123-37,N,20260126,20260529,정기예금,KRW,,5000000000,5000000000,78,,A1,A1,,수협은행,자체 신용보강,자체 신용보강,수협은행
73527,크리스탈제일차,KRZFA46245GD,크리스탈제일차 20260126-123-38,N,20260126,20260529,정기예금,KRW,,5000000000,5000000000,78,,A1,A1,,수협은행,자체 신용보강,자체 신용보강,수협은행
73527,크리스탈제일차,KRZFA46246GD,크리스탈제일차 20260126-123-39,N,20260126,20260529,정기예금,KRW,,5000000000,5000000000,78,,A1,A1,,수협은행,자체 신용보강,자체 신용보강,수협은행
73527,크리스탈제일차,KRZFA46244G1,크리스탈제일차 20260126-123-4,N,20260126,20260529,정기예금,KRW,,5000000000,5000000000,78,,A1,A1,,수협은행,자체 신용보강,자체 신용보강,수협은행
73527,크리스탈제일차,KRZFA46247GD,크리스탈제일차 20260126-123-40,N,20260126,20260529,정기예금,KRW,,5000000000,5000000000,78,,A1,A1,,수협은행,자체 신용보강,자체 신용보강,수협은행
73527,크리스탈제일차,KRZFA46248GD,크리스탈제일차 20260126-123-41,N,20260126,20260529,정기예금,KRW,,5000000000,5000000000,78,,A1,A1,,수협은행,자체 신용보강,자체 신용보강,수협은행
73527,크리스탈제일차,KRZFA46249GD,크리스탈제일차 20260126-123-42,N,20260126,20260529,정기예금,KRW,,5000000000,5000000000,78,,A1,A1,,수협은행,자체 신용보강,자체 신용보강,수협은행
73527,크리스탈제일차,KRZFA4624AGD,크리스탈제일차 20260126-123-43,N,20260126,20260529,정기예금,KRW,,5000000000,5000000000,78,,A1,A1,,수협은행,자체 신용보강,자체 신용보강,수협은행
73527,크리스탈제일차,KRZFA4624BGD,크리스탈제일차 20260126-123-44,N,20260126,20260529,정기예금,KRW,,5000000000,5000000000,78,,A1,A1,,수협은행,자체 신용보강,자체 신용보강,수협은행
73527,크리스탈제일차,KRZFA4624CGD,크리스탈제일차 20260126-123-45,N,20260126,20260529,정기예금,KRW,,5000000000,5000000000,78,,A1,A1,,수협은행,자체 신용보강,자체 신용보강,수협은행
73527,크리스탈제일차,KRZFA4624DGD,크리스탈제일차 20260126-123-46,N,20260126,20260529,정기예금,KRW,,5000000000,5000000000,78,,A1,A1,,수협은행,자체 신용보강,자체 신용보강,수협은행
73527,크리스탈제일차,KRZFA4624EGD,크리스탈제일차 20260126-123-47,N,20260126,20260529,정기예금,KRW,,5000000000,5000000000,78,,A1,A1,,수협은행,자체 신용보강,자체 신용보강,수협은행
73527,크리스탈제일차,KRZFA4624FGD,크리스탈제일차 20260126-123-48,N,20260126,20260529,정기예금,KRW,,5000000000,5000000000,78,,A1,A1,,수협은행,자체 신용보강,자체 신용보강,수협은행
73527,크리스탈제일차,KRZFA46245G1,크리스탈제일차 20260126-123-5,N,20260126,20260529,정기예금,KRW,,5000000000,5000000000,78,,A1,A1,,수협은행,자체 신용보강,자체 신용보강,수협은행
73527,크리스탈제일차,KRZFA46246G1,크리스탈제일차 20260126-123-6,N,20260126,20260529,정기예금,KRW,,5000000000,5000000000,78,,A1,A1,,수협은행,자체 신용보강,자체 신용보강,수협은행
73527,크리스탈제일차,KRZFA46247G1,크리스탈제일차 20260126-123-7,N,20260126,20260529,정기예금,KRW,,5000000000,5000000000,78,,A1,A1,,수협은행,자체 신용보강,자체 신용보강,수협은행
73527,크리스탈제일차,KRZFA46248G1,크리스탈제일차 20260126-123-8,N,20260126,20260529,정기예금,KRW,,5000000000,5000000000,78,,A1,A1,,수협은행,자체 신용보강,자체 신용보강,수협은행
73527,크리스탈제일차,KRZFA46249G1,크리스탈제일차 20260126-123-9,N,20260126,20260529,정기예금,KRW,,5000000000,5000000000,78,,A1,A1,,수협은행,자체 신용보강,자체 신용보강,수협은행
73527,크리스탈제일차,KRZFA4624GGD,크리스탈제일차 20260126-298-49,N,20260126,20261120,정기예금,KRW,,370000000,370000000,253,,A1,A1,,수협은행,자체 신용보강,자체 신용보강,수협은행
55630,통영일차,KRZFA13201G1,통영일차 20260126-91-1,N,20260126,20260427,대출채권,KRW,,5000000000,5000000000,46,,A1,A1,,통영에코파워 주식회사,차환발행위험(유동성 공여형 매입약정),금융기관,중소기업은행
55630,통영일차,KRZFA1320AG1,통영일차 20260126-91-10,N,20260126,20260427,대출채권,KRW,,5000000000,5000000000,46,,A1,A1,,통영에코파워 주식회사,차환발행위험(유동성 공여형 매입약정),금융기관,중소기업은행
55630,통영일차,KRZFA1320BG1,통영일차 20260126-91-11,N,20260126,20260427,대출채권,KRW,,5000000000,5000000000,46,,A1,A1,,통영에코파워 주식회사,차환발행위험(유동성 공여형 매입약정),금융기관,중소기업은행
55630,통영일차,KRZFA1320CG1,통영일차 20260126-91-12,N,20260126,20260427,대출채권,KRW,,5000000000,5000000000,46,,A1,A1,,통영에코파워 주식회사,차환발행위험(유동성 공여형 매입약정),금융기관,중소기업은행
55630,통영일차,KRZFA1320DG1,통영일차 20260126-91-13,N,20260126,20260427,대출채권,KRW,,5000000000,5000000000,46,,A1,A1,,통영에코파워 주식회사,차환발행위험(유동성 공여형 매입약정),금융기관,중소기업은행
55630,통영일차,KRZFA1320EG1,통영일차 20260126-91-14,N,20260126,20260427,대출채권,KRW,,5000000000,5000000000,46,,A1,A1,,통영에코파워 주식회사,차환발행위험(유동성 공여형 매입약정),금융기관,중소기업은행
55630,통영일차,KRZFA1320FG1,통영일차 20260126-91-15,N,20260126,20260427,대출채권,KRW,,5000000000,5000000000,46,,A1,A1,,통영에코파워 주식회사,차환발행위험(유동성 공여형 매입약정),금융기관,중소기업은행
55630,통영일차,KRZFA1320GG1,통영일차 20260126-91-16,N,20260126,20260427,대출채권,KRW,,5000000000,5000000000,46,,A1,A1,,통영에코파워 주식회사,차환발행위험(유동성 공여형 매입약정),금융기관,중소기업은행
55630,통영일차,KRZFA1320HG1,통영일차 20260126-91-17,N,20260126,20260427,대출채권,KRW,,896428571,896428571,46,,A1,A1,,통영에코파워 주식회사,차환발행위험(유동성 공여형 매입약정),금융기관,중소기업은행
55630,통영일차,KRZFA13202G1,통영일차 20260126-91-2,N,20260126,20260427,대출채권,KRW,,5000000000,5000000000,46,,A1,A1,,통영에코파워 주식회사,차환발행위험(유동성 공여형 매입약정),금융기관,중소기업은행
55630,통영일차,KRZFA13203G1,통영일차 20260126-91-3,N,20260126,20260427,대출채권,KRW,,5000000000,5000000000,46,,A1,A1,,통영에코파워 주식회사,차환발행위험(유동성 공여형 매입약정),금융기관,중소기업은행
55630,통영일차,KRZFA13204G1,통영일차 20260126-91-4,N,20260126,20260427,대출채권,KRW,,5000000000,5000000000,46,,A1,A1,,통영에코파워 주식회사,차환발행위험(유동성 공여형 매입약정),금융기관,중소기업은행
55630,통영일차,KRZFA13205G1,통영일차 20260126-91-5,N,20260126,20260427,대출채권,KRW,,5000000000,5000000000,46,,A1,A1,,통영에코파워 주식회사,차환발행위험(유동성 공여형 매입약정),금융기관,중소기업은행
55630,통영일차,KRZFA13206G1,통영일차 20260126-91-6,N,20260126,20260427,대출채권,KRW,,5000000000,5000000000,46,,A1,A1,,통영에코파워 주식회사,차환발행위험(유동성 공여형 매입약정),금융기관,중소기업은행
55630,통영일차,KRZFA13207G1,통영일차 20260126-91-7,N,20260126,20260427,대출채권,KRW,,5000000000,5000000000,46,,A1,A1,,통영에코파워 주식회사,차환발행위험(유동성 공여형 매입약정),금융기관,중소기업은행
55630,통영일차,KRZFA13208G1,통영일차 20260126-91-8,N,20260126,20260427,대출채권,KRW,,5000000000,5000000000,46,,A1,A1,,통영에코파워 주식회사,차환발행위험(유동성 공여형 매입약정),금융기관,중소기업은행
55630,통영일차,KRZFA13209G1,통영일차 20260126-91-9,N,20260126,20260427,대출채권,KRW,,5000000000,5000000000,46,,A1,A1,,통영에코파워 주식회사,차환발행위험(유동성 공여형 매입약정),금융기관,중소기업은행
63601,해피월드하나제일차,KRZFA67511G1,해피월드하나제일차 20260126-91-1,N,20260126,20260427,대출채권,KRW,,10000000000,10000000000,46,A1,A1,,,이마트,차환발행위험(유동성 공여형 매입약정),금융기관,하나은행
63601,해피월드하나제일차,KRZFA6751AG1,해피월드하나제일차 20260126-91-10,N,20260126,20260427,대출채권,KRW,,5000000000,5000000000,46,A1,A1,,,이마트,차환발행위험(유동성 공여형 매입약정),금융기관,하나은행
63601,해피월드하나제일차,KRZFA6751BG1,해피월드하나제일차 20260126-91-11,N,20260126,20260427,대출채권,KRW,,5000000000,5000000000,46,A1,A1,,,이마트,차환발행위험(유동성 공여형 매입약정),금융기관,하나은행
63601,해피월드하나제일차,KRZFA6751CG1,해피월드하나제일차 20260126-91-12,N,20260126,20260427,대출채권,KRW,,5000000000,5000000000,46,A1,A1,,,이마트,차환발행위험(유동성 공여형 매입약정),금융기관,하나은행
63601,해피월드하나제일차,KRZFA6751DG1,해피월드하나제일차 20260126-91-13,N,20260126,20260427,대출채권,KRW,,5000000000,5000000000,46,A1,A1,,,이마트,차환발행위험(유동성 공여형 매입약정),금융기관,하나은행
63601,해피월드하나제일차,KRZFA6751EG1,해피월드하나제일차 20260126-91-14,N,20260126,20260427,대출채권,KRW,,5000000000,5000000000,46,A1,A1,,,이마트,차환발행위험(유동성 공여형 매입약정),금융기관,하나은행
63601,해피월드하나제일차,KRZFA6751FG1,해피월드하나제일차 20260126-91-15,N,20260126,20260427,대출채권,KRW,,5000000000,5000000000,46,A1,A1,,,이마트,차환발행위험(유동성 공여형 매입약정),금융기관,하나은행
63601,해피월드하나제일차,KRZFA6751GG1,해피월드하나제일차 20260126-91-16,N,20260126,20260427,대출채권,KRW,,5000000000,5000000000,46,A1,A1,,,이마트,차환발행위험(유동성 공여형 매입약정),금융기관,하나은행
63601,해피월드하나제일차,KRZFA6751HG1,해피월드하나제일차 20260126-91-17,N,20260126,20260427,대출채권,KRW,,5000000000,5000000000,46,A1,A1,,,이마트,차환발행위험(유동성 공여형 매입약정),금융기관,하나은행
63601,해피월드하나제일차,KRZFA6751JG1,해피월드하나제일차 20260126-91-18,N,20260126,20260427,대출채권,KRW,,5000000000,5000000000,46,A1,A1,,,이마트,차환발행위험(유동성 공여형 매입약정),금융기관,하나은행
63601,해피월드하나제일차,KRZFA6751KG1,해피월드하나제일차 20260126-91-19,N,20260126,20260427,대출채권,KRW,,5000000000,5000000000,46,A1,A1,,,이마트,차환발행위험(유동성 공여형 매입약정),금융기관,하나은행
63601,해피월드하나제일차,KRZFA67512G1,해피월드하나제일차 20260126-91-2,N,20260126,20260427,대출채권,KRW,,10000000000,10000000000,46,A1,A1,,,이마트,차환발행위험(유동성 공여형 매입약정),금융기관,하나은행
63601,해피월드하나제일차,KRZFA6751LG1,해피월드하나제일차 20260126-91-20,N,20260126,20260427,대출채권,KRW,,5000000000,5000000000,46,A1,A1,,,이마트,차환발행위험(유동성 공여형 매입약정),금융기관,하나은행
63601,해피월드하나제일차,KRZFA6751MG1,해피월드하나제일차 20260126-91-21,N,20260126,20260427,대출채권,KRW,,5000000000,5000000000,46,A1,A1,,,이마트,차환발행위험(유동성 공여형 매입약정),금융기관,하나은행
63601,해피월드하나제일차,KRZFA6751NG1,해피월드하나제일차 20260126-91-22,N,20260126,20260427,대출채권,KRW,,5000000000,5000000000,46,A1,A1,,,이마트,차환발행위험(유동성 공여형 매입약정),금융기관,하나은행
63601,해피월드하나제일차,KRZFA67513G1,해피월드하나제일차 20260126-91-3,N,20260126,20260427,대출채권,KRW,,5000000000,5000000000,46,A1,A1,,,이마트,차환발행위험(유동성 공여형 매입약정),금융기관,하나은행
63601,해피월드하나제일차,KRZFA67514G1,해피월드하나제일차 20260126-91-4,N,20260126,20260427,대출채권,KRW,,5000000000,5000000000,46,A1,A1,,,이마트,차환발행위험(유동성 공여형 매입약정),금융기관,하나은행
63601,해피월드하나제일차,KRZFA67515G1,해피월드하나제일차 20260126-91-5,N,20260126,20260427,대출채권,KRW,,5000000000,5000000000,46,A1,A1,,,이마트,차환발행위험(유동성 공여형 매입약정),금융기관,하나은행
63601,해피월드하나제일차,KRZFA67516G1,해피월드하나제일차 20260126-91-6,N,20260126,20260427,대출채권,KRW,,5000000000,5000000000,46,A1,A1,,,이마트,차환발행위험(유동성 공여형 매입약정),금융기관,하나은행
63601,해피월드하나제일차,KRZFA67517G1,해피월드하나제일차 20260126-91-7,N,20260126,20260427,대출채권,KRW,,5000000000,5000000000,46,A1,A1,,,이마트,차환발행위험(유동성 공여형 매입약정),금융기관,하나은행
63601,해피월드하나제일차,KRZFA67518G1,해피월드하나제일차 20260126-91-8,N,20260126,20260427,대출채권,KRW,,5000000000,5000000000,46,A1,A1,,,이마트,차환발행위험(유동성 공여형 매입약정),금융기관,하나은행
63601,해피월드하나제일차,KRZFA67519G1,해피월드하나제일차 20260126-91-9,N,20260126,20260427,대출채권,KRW,,5000000000,5000000000,46,A1,A1,,,이마트,차환발행위험(유동성 공여형 매입약정),금융기관,하나은행
