플랜번호,발행인,종목코드,종목명,PF여부,발행일,만기일,기초자산,통화,환율,발행금액,원화환산발행금액,잔존일물,한국신용평가,한국기업평가,NICE신용평가,서울신용평가,실질자금조달자,신용보강 유형,신용보강기관 유형,신용보강기관
73340,농협사랑제1차,KRZFA38411G1,농협사랑제1차 20260109-285-1,N,20260109,20261021,정기예금,KRW,,944000000,944000000,223,,A1,A1,,농협은행,자체 신용보강,자체 신용보강,농협은행
73342,농협사랑제4차,KRZFA58711G1,농협사랑제4차 20260109-167-1,N,20260109,20260625,정기예금,KRW,,1350000000,1350000000,105,A1,A1,,,농협은행,자체 신용보강,자체 신용보강,농협은행
73342,농협사랑제4차,KRZFA58712G1,농협사랑제4차 20260109-167-2,N,20260109,20260625,정기예금,KRW,,1380000000,1380000000,105,A1,A1,,,농협은행,자체 신용보강,자체 신용보강,농협은행
73306,디비엠비피제십차,KRZF0112VAG1,디비엠비피제십차 20260109-181-10,N,20260109,20260709,매출채권,KRW,,5000000000,5000000000,119,,A1,A1,,한화솔루션,자체 신용보강,자체 신용보강,한화솔루션
73306,디비엠비피제십차,KRZF0112VBG1,디비엠비피제십차 20260109-181-11,N,20260109,20260709,매출채권,KRW,,5000000000,5000000000,119,,A1,A1,,한화솔루션,자체 신용보강,자체 신용보강,한화솔루션
73306,디비엠비피제십차,KRZF0112VCG1,디비엠비피제십차 20260109-181-12,N,20260109,20260709,매출채권,KRW,,1800000000,1800000000,119,,A1,A1,,한화솔루션,자체 신용보강,자체 신용보강,한화솔루션
73306,디비엠비피제십차,KRZF0112V6G1,디비엠비피제십차 20260109-181-6,N,20260109,20260709,매출채권,KRW,,5000000000,5000000000,119,,A1,A1,,한화솔루션,자체 신용보강,자체 신용보강,한화솔루션
73306,디비엠비피제십차,KRZF0112V7G1,디비엠비피제십차 20260109-181-7,N,20260109,20260709,매출채권,KRW,,5000000000,5000000000,119,,A1,A1,,한화솔루션,자체 신용보강,자체 신용보강,한화솔루션
73306,디비엠비피제십차,KRZF0112V8G1,디비엠비피제십차 20260109-181-8,N,20260109,20260709,매출채권,KRW,,5000000000,5000000000,119,,A1,A1,,한화솔루션,자체 신용보강,자체 신용보강,한화솔루션
73306,디비엠비피제십차,KRZF0112V9G1,디비엠비피제십차 20260109-181-9,N,20260109,20260709,매출채권,KRW,,5000000000,5000000000,119,,A1,A1,,한화솔루션,자체 신용보강,자체 신용보강,한화솔루션
73322,블루스네이크제삼차,KRZF0005W1G1,블루스네이크제삼차 20260109-364-1,N,20260109,20270108,하이브리드증권,KRW,,5000000000,5000000000,302,A1,A1,,,NH투자증권,자체 신용보강,자체 신용보강,NH투자증권
73322,블루스네이크제삼차,KRZF0005W2G1,블루스네이크제삼차 20260109-364-2,N,20260109,20270108,하이브리드증권,KRW,,5000000000,5000000000,302,A1,A1,,,NH투자증권,자체 신용보강,자체 신용보강,NH투자증권
73322,블루스네이크제삼차,KRZF0005W3G1,블루스네이크제삼차 20260109-364-3,N,20260109,20270108,하이브리드증권,KRW,,5000000000,5000000000,302,A1,A1,,,NH투자증권,자체 신용보강,자체 신용보강,NH투자증권
73322,블루스네이크제삼차,KRZF0005W4G1,블루스네이크제삼차 20260109-364-4,N,20260109,20270108,하이브리드증권,KRW,,5000000000,5000000000,302,A1,A1,,,NH투자증권,자체 신용보강,자체 신용보강,NH투자증권
73337,와이디피제십오차,KRZF0048A1G1,와이디피제십오차 20260109-340-1,N,20260109,20261215,정기예금,KRW,,5000000000,5000000000,278,,A1,A1,,신한은행,자체 신용보강,자체 신용보강,신한은행
73337,와이디피제십오차,KRZF0048AAG1,와이디피제십오차 20260109-340-10,N,20260109,20261215,정기예금,KRW,,5000000000,5000000000,278,,A1,A1,,신한은행,자체 신용보강,자체 신용보강,신한은행
73337,와이디피제십오차,KRZF0048ABG1,와이디피제십오차 20260109-340-11,N,20260109,20261215,정기예금,KRW,,5000000000,5000000000,278,,A1,A1,,신한은행,자체 신용보강,자체 신용보강,신한은행
73337,와이디피제십오차,KRZF0048ACG1,와이디피제십오차 20260109-340-12,N,20260109,20261215,정기예금,KRW,,5000000000,5000000000,278,,A1,A1,,신한은행,자체 신용보강,자체 신용보강,신한은행
73337,와이디피제십오차,KRZF0048ADG1,와이디피제십오차 20260109-340-13,N,20260109,20261215,정기예금,KRW,,5000000000,5000000000,278,,A1,A1,,신한은행,자체 신용보강,자체 신용보강,신한은행
73337,와이디피제십오차,KRZF0048AEG1,와이디피제십오차 20260109-340-14,N,20260109,20261215,정기예금,KRW,,5000000000,5000000000,278,,A1,A1,,신한은행,자체 신용보강,자체 신용보강,신한은행
73337,와이디피제십오차,KRZF0048AFG1,와이디피제십오차 20260109-340-15,N,20260109,20261215,정기예금,KRW,,5000000000,5000000000,278,,A1,A1,,신한은행,자체 신용보강,자체 신용보강,신한은행
73337,와이디피제십오차,KRZF0048AGG1,와이디피제십오차 20260109-340-16,N,20260109,20261215,정기예금,KRW,,5000000000,5000000000,278,,A1,A1,,신한은행,자체 신용보강,자체 신용보강,신한은행
73337,와이디피제십오차,KRZF0048AHG1,와이디피제십오차 20260109-340-17,N,20260109,20261215,정기예금,KRW,,5000000000,5000000000,278,,A1,A1,,신한은행,자체 신용보강,자체 신용보강,신한은행
73337,와이디피제십오차,KRZF0048AJG1,와이디피제십오차 20260109-340-18,N,20260109,20261215,정기예금,KRW,,5000000000,5000000000,278,,A1,A1,,신한은행,자체 신용보강,자체 신용보강,신한은행
73337,와이디피제십오차,KRZF0048AKG1,와이디피제십오차 20260109-340-19,N,20260109,20261215,정기예금,KRW,,5000000000,5000000000,278,,A1,A1,,신한은행,자체 신용보강,자체 신용보강,신한은행
73337,와이디피제십오차,KRZF0048A2G1,와이디피제십오차 20260109-340-2,N,20260109,20261215,정기예금,KRW,,5000000000,5000000000,278,,A1,A1,,신한은행,자체 신용보강,자체 신용보강,신한은행
73337,와이디피제십오차,KRZF0048ALG1,와이디피제십오차 20260109-340-20,N,20260109,20261215,정기예금,KRW,,5000000000,5000000000,278,,A1,A1,,신한은행,자체 신용보강,자체 신용보강,신한은행
73337,와이디피제십오차,KRZF0048AMG1,와이디피제십오차 20260109-340-21,N,20260109,20261215,정기예금,KRW,,5000000000,5000000000,278,,A1,A1,,신한은행,자체 신용보강,자체 신용보강,신한은행
73337,와이디피제십오차,KRZF0048ANG1,와이디피제십오차 20260109-340-22,N,20260109,20261215,정기예금,KRW,,5000000000,5000000000,278,,A1,A1,,신한은행,자체 신용보강,자체 신용보강,신한은행
73337,와이디피제십오차,KRZF0048APG1,와이디피제십오차 20260109-340-23,N,20260109,20261215,정기예금,KRW,,5000000000,5000000000,278,,A1,A1,,신한은행,자체 신용보강,자체 신용보강,신한은행
73337,와이디피제십오차,KRZF0048AQG1,와이디피제십오차 20260109-340-24,N,20260109,20261215,정기예금,KRW,,5000000000,5000000000,278,,A1,A1,,신한은행,자체 신용보강,자체 신용보강,신한은행
73337,와이디피제십오차,KRZF0048ARG1,와이디피제십오차 20260109-340-25,N,20260109,20261215,정기예금,KRW,,5000000000,5000000000,278,,A1,A1,,신한은행,자체 신용보강,자체 신용보강,신한은행
73337,와이디피제십오차,KRZF0048ASG1,와이디피제십오차 20260109-340-26,N,20260109,20261215,정기예금,KRW,,5000000000,5000000000,278,,A1,A1,,신한은행,자체 신용보강,자체 신용보강,신한은행
73337,와이디피제십오차,KRZF0048ATG1,와이디피제십오차 20260109-340-27,N,20260109,20261215,정기예금,KRW,,5000000000,5000000000,278,,A1,A1,,신한은행,자체 신용보강,자체 신용보강,신한은행
73337,와이디피제십오차,KRZF0048AVG1,와이디피제십오차 20260109-340-28,N,20260109,20261215,정기예금,KRW,,5000000000,5000000000,278,,A1,A1,,신한은행,자체 신용보강,자체 신용보강,신한은행
73337,와이디피제십오차,KRZF0048AWG1,와이디피제십오차 20260109-340-29,N,20260109,20261215,정기예금,KRW,,5000000000,5000000000,278,,A1,A1,,신한은행,자체 신용보강,자체 신용보강,신한은행
73337,와이디피제십오차,KRZF0048A3G1,와이디피제십오차 20260109-340-3,N,20260109,20261215,정기예금,KRW,,5000000000,5000000000,278,,A1,A1,,신한은행,자체 신용보강,자체 신용보강,신한은행
73337,와이디피제십오차,KRZF0048AXG1,와이디피제십오차 20260109-340-30,N,20260109,20261215,정기예금,KRW,,5000000000,5000000000,278,,A1,A1,,신한은행,자체 신용보강,자체 신용보강,신한은행
73337,와이디피제십오차,KRZF0048AYG1,와이디피제십오차 20260109-340-31,N,20260109,20261215,정기예금,KRW,,5000000000,5000000000,278,,A1,A1,,신한은행,자체 신용보강,자체 신용보강,신한은행
73337,와이디피제십오차,KRZF0048AZG1,와이디피제십오차 20260109-340-32,N,20260109,20261215,정기예금,KRW,,5000000000,5000000000,278,,A1,A1,,신한은행,자체 신용보강,자체 신용보강,신한은행
73337,와이디피제십오차,KRZF0048A0GD,와이디피제십오차 20260109-340-33,N,20260109,20261215,정기예금,KRW,,5000000000,5000000000,278,,A1,A1,,신한은행,자체 신용보강,자체 신용보강,신한은행
73337,와이디피제십오차,KRZF0048A1GD,와이디피제십오차 20260109-340-34,N,20260109,20261215,정기예금,KRW,,5000000000,5000000000,278,,A1,A1,,신한은행,자체 신용보강,자체 신용보강,신한은행
73337,와이디피제십오차,KRZF0048A2GD,와이디피제십오차 20260109-340-35,N,20260109,20261215,정기예금,KRW,,5000000000,5000000000,278,,A1,A1,,신한은행,자체 신용보강,자체 신용보강,신한은행
73337,와이디피제십오차,KRZF0048A3GD,와이디피제십오차 20260109-340-36,N,20260109,20261215,정기예금,KRW,,5000000000,5000000000,278,,A1,A1,,신한은행,자체 신용보강,자체 신용보강,신한은행
73337,와이디피제십오차,KRZF0048A4GD,와이디피제십오차 20260109-340-37,N,20260109,20261215,정기예금,KRW,,5000000000,5000000000,278,,A1,A1,,신한은행,자체 신용보강,자체 신용보강,신한은행
73337,와이디피제십오차,KRZF0048A5GD,와이디피제십오차 20260109-340-38,N,20260109,20261215,정기예금,KRW,,5000000000,5000000000,278,,A1,A1,,신한은행,자체 신용보강,자체 신용보강,신한은행
73337,와이디피제십오차,KRZF0048A6GD,와이디피제십오차 20260109-340-39,N,20260109,20261215,정기예금,KRW,,5000000000,5000000000,278,,A1,A1,,신한은행,자체 신용보강,자체 신용보강,신한은행
73337,와이디피제십오차,KRZF0048A4G1,와이디피제십오차 20260109-340-4,N,20260109,20261215,정기예금,KRW,,5000000000,5000000000,278,,A1,A1,,신한은행,자체 신용보강,자체 신용보강,신한은행
73337,와이디피제십오차,KRZF0048A7GD,와이디피제십오차 20260109-340-40,N,20260109,20261215,정기예금,KRW,,5000000000,5000000000,278,,A1,A1,,신한은행,자체 신용보강,자체 신용보강,신한은행
73337,와이디피제십오차,KRZF0048A8GD,와이디피제십오차 20260109-340-41,N,20260109,20261215,정기예금,KRW,,5000000000,5000000000,278,,A1,A1,,신한은행,자체 신용보강,자체 신용보강,신한은행
73337,와이디피제십오차,KRZF0048A9GD,와이디피제십오차 20260109-340-42,N,20260109,20261215,정기예금,KRW,,5000000000,5000000000,278,,A1,A1,,신한은행,자체 신용보강,자체 신용보강,신한은행
73337,와이디피제십오차,KRZF0048AAGD,와이디피제십오차 20260109-340-43,N,20260109,20261215,정기예금,KRW,,5000000000,5000000000,278,,A1,A1,,신한은행,자체 신용보강,자체 신용보강,신한은행
73337,와이디피제십오차,KRZF0048ABGD,와이디피제십오차 20260109-340-44,N,20260109,20261215,정기예금,KRW,,5000000000,5000000000,278,,A1,A1,,신한은행,자체 신용보강,자체 신용보강,신한은행
73337,와이디피제십오차,KRZF0048ACGD,와이디피제십오차 20260109-340-45,N,20260109,20261215,정기예금,KRW,,5000000000,5000000000,278,,A1,A1,,신한은행,자체 신용보강,자체 신용보강,신한은행
73337,와이디피제십오차,KRZF0048ADGD,와이디피제십오차 20260109-340-46,N,20260109,20261215,정기예금,KRW,,5000000000,5000000000,278,,A1,A1,,신한은행,자체 신용보강,자체 신용보강,신한은행
73337,와이디피제십오차,KRZF0048AEGD,와이디피제십오차 20260109-340-47,N,20260109,20261215,정기예금,KRW,,5000000000,5000000000,278,,A1,A1,,신한은행,자체 신용보강,자체 신용보강,신한은행
73337,와이디피제십오차,KRZF0048AFGD,와이디피제십오차 20260109-340-48,N,20260109,20261215,정기예금,KRW,,5000000000,5000000000,278,,A1,A1,,신한은행,자체 신용보강,자체 신용보강,신한은행
73337,와이디피제십오차,KRZF0048AGGD,와이디피제십오차 20260109-340-49,N,20260109,20261215,정기예금,KRW,,5000000000,5000000000,278,,A1,A1,,신한은행,자체 신용보강,자체 신용보강,신한은행
73337,와이디피제십오차,KRZF0048A5G1,와이디피제십오차 20260109-340-5,N,20260109,20261215,정기예금,KRW,,5000000000,5000000000,278,,A1,A1,,신한은행,자체 신용보강,자체 신용보강,신한은행
73337,와이디피제십오차,KRZF0048A6G1,와이디피제십오차 20260109-340-6,N,20260109,20261215,정기예금,KRW,,5000000000,5000000000,278,,A1,A1,,신한은행,자체 신용보강,자체 신용보강,신한은행
73337,와이디피제십오차,KRZF0048A7G1,와이디피제십오차 20260109-340-7,N,20260109,20261215,정기예금,KRW,,5000000000,5000000000,278,,A1,A1,,신한은행,자체 신용보강,자체 신용보강,신한은행
73337,와이디피제십오차,KRZF0048A8G1,와이디피제십오차 20260109-340-8,N,20260109,20261215,정기예금,KRW,,5000000000,5000000000,278,,A1,A1,,신한은행,자체 신용보강,자체 신용보강,신한은행
73337,와이디피제십오차,KRZF0048A9G1,와이디피제십오차 20260109-340-9,N,20260109,20261215,정기예금,KRW,,5000000000,5000000000,278,,A1,A1,,신한은행,자체 신용보강,자체 신용보강,신한은행
73343,우리사랑제13차,KRZFA67721G1,우리사랑제13차 20260109-348-1,N,20260109,20261223,정기예금,KRW,,816000000,816000000,286,A1,A1,,,우리은행,자체 신용보강,자체 신용보강,우리은행
73343,우리사랑제13차,KRZFA67722G1,우리사랑제13차 20260109-348-2,N,20260109,20261223,정기예금,KRW,,661000000,661000000,286,A1,A1,,,우리은행,자체 신용보강,자체 신용보강,우리은행
73344,우리사랑제17차,KRZFA72661G1,우리사랑제17차 20260109-348-1,N,20260109,20261223,정기예금,KRW,,757000000,757000000,286,A1,A1,,,우리은행,자체 신용보강,자체 신용보강,우리은행
73345,우리사랑제18차,KRZFA73811G1,우리사랑제18차 20260109-348-1,N,20260109,20261223,정기예금,KRW,,829000000,829000000,286,A1,,A1,,우리은행,자체 신용보강,자체 신용보강,우리은행
73334,이비지에스와이,KRZF379011G1,이비지에스와이 20260109-203-1,N,20260109,20260731,대출채권,KRW,,100000000,100000000,141,,A3,A3,,이랜드월드,자체 신용보강,자체 신용보강,이랜드월드
73334,이비지에스와이,KRZF379012G1,이비지에스와이 20260109-203-2,N,20260109,20260731,대출채권,KRW,,30000000,30000000,141,,A3,A3,,이랜드월드,자체 신용보강,자체 신용보강,이랜드월드
73341,제일사랑제4차,KRZFA52011G1,제일사랑제4차 20260109-285-1,N,20260109,20261021,정기예금,KRW,,1110000000,1110000000,223,A1,A1,,,한국스탠다드차타드은행,자체 신용보강,자체 신용보강,한국스탠다드차타드은행
73339,제일하모니제1차,KRZF0029G1G1,제일하모니제1차 20260109-348-1,N,20260109,20261223,정기예금,KRW,,718000000,718000000,286,A1,A1,,,한국스탠다드차타드은행,자체 신용보강,자체 신용보강,한국스탠다드차타드은행
73323,국민사랑제7차,KRZFA4979AG1,국민사랑제7차 20260108-132-10,N,20260108,20260520,정기예금,KRW,,5000000000,5000000000,69,,A1,A1,,국민은행,자체 신용보강,자체 신용보강,국민은행
73323,국민사랑제7차,KRZFA4979BG1,국민사랑제7차 20260108-132-11,N,20260108,20260520,정기예금,KRW,,5000000000,5000000000,69,,A1,A1,,국민은행,자체 신용보강,자체 신용보강,국민은행
73323,국민사랑제7차,KRZFA4979CG1,국민사랑제7차 20260108-132-12,N,20260108,20260520,정기예금,KRW,,5000000000,5000000000,69,,A1,A1,,국민은행,자체 신용보강,자체 신용보강,국민은행
73323,국민사랑제7차,KRZFA4979DG1,국민사랑제7차 20260108-132-13,N,20260108,20260520,정기예금,KRW,,5000000000,5000000000,69,,A1,A1,,국민은행,자체 신용보강,자체 신용보강,국민은행
73323,국민사랑제7차,KRZFA4979EG1,국민사랑제7차 20260108-132-14,N,20260108,20260520,정기예금,KRW,,5000000000,5000000000,69,,A1,A1,,국민은행,자체 신용보강,자체 신용보강,국민은행
73323,국민사랑제7차,KRZFA4979FG1,국민사랑제7차 20260108-132-15,N,20260108,20260520,정기예금,KRW,,5000000000,5000000000,69,,A1,A1,,국민은행,자체 신용보강,자체 신용보강,국민은행
73323,국민사랑제7차,KRZFA4979GG1,국민사랑제7차 20260108-132-16,N,20260108,20260520,정기예금,KRW,,5000000000,5000000000,69,,A1,A1,,국민은행,자체 신용보강,자체 신용보강,국민은행
73323,국민사랑제7차,KRZFA4979HG1,국민사랑제7차 20260108-132-17,N,20260108,20260520,정기예금,KRW,,5000000000,5000000000,69,,A1,A1,,국민은행,자체 신용보강,자체 신용보강,국민은행
73323,국민사랑제7차,KRZFA4979JG1,국민사랑제7차 20260108-132-18,N,20260108,20260520,정기예금,KRW,,5000000000,5000000000,69,,A1,A1,,국민은행,자체 신용보강,자체 신용보강,국민은행
73323,국민사랑제7차,KRZFA4979LG1,국민사랑제7차 20260108-132-20,N,20260108,20260520,정기예금,KRW,,5000000000,5000000000,69,,A1,A1,,국민은행,자체 신용보강,자체 신용보강,국민은행
73323,국민사랑제7차,KRZFA4979MG1,국민사랑제7차 20260108-132-21,N,20260108,20260520,정기예금,KRW,,5000000000,5000000000,69,,A1,A1,,국민은행,자체 신용보강,자체 신용보강,국민은행
73323,국민사랑제7차,KRZFA4979NG1,국민사랑제7차 20260108-132-22,N,20260108,20260520,정기예금,KRW,,5000000000,5000000000,69,,A1,A1,,국민은행,자체 신용보강,자체 신용보강,국민은행
73323,국민사랑제7차,KRZFA4979PG1,국민사랑제7차 20260108-132-23,N,20260108,20260520,정기예금,KRW,,5000000000,5000000000,69,,A1,A1,,국민은행,자체 신용보강,자체 신용보강,국민은행
73323,국민사랑제7차,KRZFA4979QG1,국민사랑제7차 20260108-132-24,N,20260108,20260520,정기예금,KRW,,5000000000,5000000000,69,,A1,A1,,국민은행,자체 신용보강,자체 신용보강,국민은행
73323,국민사랑제7차,KRZFA4979RG1,국민사랑제7차 20260108-132-25,N,20260108,20260520,정기예금,KRW,,5000000000,5000000000,69,,A1,A1,,국민은행,자체 신용보강,자체 신용보강,국민은행
73323,국민사랑제7차,KRZFA4979SG1,국민사랑제7차 20260108-132-26,N,20260108,20260520,정기예금,KRW,,5000000000,5000000000,69,,A1,A1,,국민은행,자체 신용보강,자체 신용보강,국민은행
73323,국민사랑제7차,KRZFA4979TG1,국민사랑제7차 20260108-132-27,N,20260108,20260520,정기예금,KRW,,5000000000,5000000000,69,,A1,A1,,국민은행,자체 신용보강,자체 신용보강,국민은행
73323,국민사랑제7차,KRZFA4979VG1,국민사랑제7차 20260108-132-28,N,20260108,20260520,정기예금,KRW,,5000000000,5000000000,69,,A1,A1,,국민은행,자체 신용보강,자체 신용보강,국민은행
73323,국민사랑제7차,KRZFA4979WG1,국민사랑제7차 20260108-132-29,N,20260108,20260520,정기예금,KRW,,5000000000,5000000000,69,,A1,A1,,국민은행,자체 신용보강,자체 신용보강,국민은행
73323,국민사랑제7차,KRZFA4979XG1,국민사랑제7차 20260108-132-30,N,20260108,20260520,정기예금,KRW,,5000000000,5000000000,69,,A1,A1,,국민은행,자체 신용보강,자체 신용보강,국민은행
73323,국민사랑제7차,KRZFA4979YG1,국민사랑제7차 20260108-132-31,N,20260108,20260520,정기예금,KRW,,5000000000,5000000000,69,,A1,A1,,국민은행,자체 신용보강,자체 신용보강,국민은행
73323,국민사랑제7차,KRZFA4979ZG1,국민사랑제7차 20260108-132-32,N,20260108,20260520,정기예금,KRW,,5000000000,5000000000,69,,A1,A1,,국민은행,자체 신용보강,자체 신용보강,국민은행
73323,국민사랑제7차,KRZFA49790GD,국민사랑제7차 20260108-132-33,N,20260108,20260520,정기예금,KRW,,5000000000,5000000000,69,,A1,A1,,국민은행,자체 신용보강,자체 신용보강,국민은행
73323,국민사랑제7차,KRZFA49791GD,국민사랑제7차 20260108-132-34,N,20260108,20260520,정기예금,KRW,,5000000000,5000000000,69,,A1,A1,,국민은행,자체 신용보강,자체 신용보강,국민은행
73323,국민사랑제7차,KRZFA49792GD,국민사랑제7차 20260108-132-35,N,20260108,20260520,정기예금,KRW,,5000000000,5000000000,69,,A1,A1,,국민은행,자체 신용보강,자체 신용보강,국민은행
73323,국민사랑제7차,KRZFA49793GD,국민사랑제7차 20260108-132-36,N,20260108,20260520,정기예금,KRW,,5000000000,5000000000,69,,A1,A1,,국민은행,자체 신용보강,자체 신용보강,국민은행
73323,국민사랑제7차,KRZFA49794GD,국민사랑제7차 20260108-132-37,N,20260108,20260520,정기예금,KRW,,5000000000,5000000000,69,,A1,A1,,국민은행,자체 신용보강,자체 신용보강,국민은행
73323,국민사랑제7차,KRZFA49795GD,국민사랑제7차 20260108-132-38,N,20260108,20260520,정기예금,KRW,,5000000000,5000000000,69,,A1,A1,,국민은행,자체 신용보강,자체 신용보강,국민은행
73323,국민사랑제7차,KRZFA49796GD,국민사랑제7차 20260108-132-39,N,20260108,20260520,정기예금,KRW,,5000000000,5000000000,69,,A1,A1,,국민은행,자체 신용보강,자체 신용보강,국민은행
73323,국민사랑제7차,KRZFA49797GD,국민사랑제7차 20260108-132-40,N,20260108,20260520,정기예금,KRW,,5000000000,5000000000,69,,A1,A1,,국민은행,자체 신용보강,자체 신용보강,국민은행
73323,국민사랑제7차,KRZFA49798GD,국민사랑제7차 20260108-132-41,N,20260108,20260520,정기예금,KRW,,5000000000,5000000000,69,,A1,A1,,국민은행,자체 신용보강,자체 신용보강,국민은행
73323,국민사랑제7차,KRZFA49799GD,국민사랑제7차 20260108-132-42,N,20260108,20260520,정기예금,KRW,,5000000000,5000000000,69,,A1,A1,,국민은행,자체 신용보강,자체 신용보강,국민은행
73323,국민사랑제7차,KRZFA4979AGD,국민사랑제7차 20260108-132-43,N,20260108,20260520,정기예금,KRW,,5000000000,5000000000,69,,A1,A1,,국민은행,자체 신용보강,자체 신용보강,국민은행
73323,국민사랑제7차,KRZFA4979BGD,국민사랑제7차 20260108-132-44,N,20260108,20260520,정기예금,KRW,,5000000000,5000000000,69,,A1,A1,,국민은행,자체 신용보강,자체 신용보강,국민은행
73323,국민사랑제7차,KRZFA4979CGD,국민사랑제7차 20260108-132-45,N,20260108,20260520,정기예금,KRW,,5000000000,5000000000,69,,A1,A1,,국민은행,자체 신용보강,자체 신용보강,국민은행
73323,국민사랑제7차,KRZFA4979DGD,국민사랑제7차 20260108-132-46,N,20260108,20260520,정기예금,KRW,,5000000000,5000000000,69,,A1,A1,,국민은행,자체 신용보강,자체 신용보강,국민은행
73323,국민사랑제7차,KRZFA4979EGD,국민사랑제7차 20260108-132-47,N,20260108,20260520,정기예금,KRW,,5000000000,5000000000,69,,A1,A1,,국민은행,자체 신용보강,자체 신용보강,국민은행
73323,국민사랑제7차,KRZFA4979FGD,국민사랑제7차 20260108-132-48,N,20260108,20260520,정기예금,KRW,,5000000000,5000000000,69,,A1,A1,,국민은행,자체 신용보강,자체 신용보강,국민은행
73323,국민사랑제7차,KRZFA4979GGD,국민사랑제7차 20260108-132-49,N,20260108,20260520,정기예금,KRW,,5000000000,5000000000,69,,A1,A1,,국민은행,자체 신용보강,자체 신용보강,국민은행
73323,국민사랑제7차,KRZFA49799G1,국민사랑제7차 20260108-132-9,N,20260108,20260520,정기예금,KRW,,5000000000,5000000000,69,,A1,A1,,국민은행,자체 신용보강,자체 신용보강,국민은행
73323,국민사랑제7차,KRZFA4979KG1,국민사랑제7차 20260108-306-19,N,20260108,20261110,정기예금,KRW,,343000000,343000000,243,,A1,A1,,국민은행,자체 신용보강,자체 신용보강,국민은행
73323,국민사랑제7차,KRZFA49791G1,국민사랑제7차 20260108-84-1,N,20260108,20260402,정기예금,KRW,,5000000000,5000000000,21,,A1,A1,,국민은행,자체 신용보강,자체 신용보강,국민은행
73323,국민사랑제7차,KRZFA49792G1,국민사랑제7차 20260108-84-2,N,20260108,20260402,정기예금,KRW,,5000000000,5000000000,21,,A1,A1,,국민은행,자체 신용보강,자체 신용보강,국민은행
73323,국민사랑제7차,KRZFA49793G1,국민사랑제7차 20260108-84-3,N,20260108,20260402,정기예금,KRW,,5000000000,5000000000,21,,A1,A1,,국민은행,자체 신용보강,자체 신용보강,국민은행
73323,국민사랑제7차,KRZFA49794G1,국민사랑제7차 20260108-84-4,N,20260108,20260402,정기예금,KRW,,5000000000,5000000000,21,,A1,A1,,국민은행,자체 신용보강,자체 신용보강,국민은행
73323,국민사랑제7차,KRZFA49795G1,국민사랑제7차 20260108-84-5,N,20260108,20260402,정기예금,KRW,,5000000000,5000000000,21,,A1,A1,,국민은행,자체 신용보강,자체 신용보강,국민은행
73323,국민사랑제7차,KRZFA49796G1,국민사랑제7차 20260108-84-6,N,20260108,20260402,정기예금,KRW,,5000000000,5000000000,21,,A1,A1,,국민은행,자체 신용보강,자체 신용보강,국민은행
73323,국민사랑제7차,KRZFA49797G1,국민사랑제7차 20260108-84-7,N,20260108,20260402,정기예금,KRW,,5000000000,5000000000,21,,A1,A1,,국민은행,자체 신용보강,자체 신용보강,국민은행
73323,국민사랑제7차,KRZFA49798G1,국민사랑제7차 20260108-84-8,N,20260108,20260402,정기예금,KRW,,5000000000,5000000000,21,,A1,A1,,국민은행,자체 신용보강,자체 신용보강,국민은행
73317,더웨일제십사차,KRZFA98251G1,더웨일제십사차 20260108-284-1,N,20260108,20261019,정기예금,KRW,,5000000000,5000000000,221,,A1,A1,,농협은행,자체 신용보강,자체 신용보강,농협은행
73317,더웨일제십사차,KRZFA9825AG1,더웨일제십사차 20260108-284-10,N,20260108,20261019,정기예금,KRW,,5000000000,5000000000,221,,A1,A1,,농협은행,자체 신용보강,자체 신용보강,농협은행
73317,더웨일제십사차,KRZFA9825BG1,더웨일제십사차 20260108-284-11,N,20260108,20261019,정기예금,KRW,,5000000000,5000000000,221,,A1,A1,,농협은행,자체 신용보강,자체 신용보강,농협은행
73317,더웨일제십사차,KRZFA9825CG1,더웨일제십사차 20260108-284-12,N,20260108,20261019,정기예금,KRW,,5000000000,5000000000,221,,A1,A1,,농협은행,자체 신용보강,자체 신용보강,농협은행
73317,더웨일제십사차,KRZFA9825DG1,더웨일제십사차 20260108-284-13,N,20260108,20261019,정기예금,KRW,,5000000000,5000000000,221,,A1,A1,,농협은행,자체 신용보강,자체 신용보강,농협은행
73317,더웨일제십사차,KRZFA9825EG1,더웨일제십사차 20260108-284-14,N,20260108,20261019,정기예금,KRW,,5000000000,5000000000,221,,A1,A1,,농협은행,자체 신용보강,자체 신용보강,농협은행
73317,더웨일제십사차,KRZFA9825FG1,더웨일제십사차 20260108-284-15,N,20260108,20261019,정기예금,KRW,,5000000000,5000000000,221,,A1,A1,,농협은행,자체 신용보강,자체 신용보강,농협은행
73317,더웨일제십사차,KRZFA9825GG1,더웨일제십사차 20260108-284-16,N,20260108,20261019,정기예금,KRW,,5000000000,5000000000,221,,A1,A1,,농협은행,자체 신용보강,자체 신용보강,농협은행
73317,더웨일제십사차,KRZFA9825HG1,더웨일제십사차 20260108-284-17,N,20260108,20261019,정기예금,KRW,,5000000000,5000000000,221,,A1,A1,,농협은행,자체 신용보강,자체 신용보강,농협은행
73317,더웨일제십사차,KRZFA9825JG1,더웨일제십사차 20260108-284-18,N,20260108,20261019,정기예금,KRW,,5000000000,5000000000,221,,A1,A1,,농협은행,자체 신용보강,자체 신용보강,농협은행
73317,더웨일제십사차,KRZFA9825KG1,더웨일제십사차 20260108-284-19,N,20260108,20261019,정기예금,KRW,,5000000000,5000000000,221,,A1,A1,,농협은행,자체 신용보강,자체 신용보강,농협은행
73317,더웨일제십사차,KRZFA98252G1,더웨일제십사차 20260108-284-2,N,20260108,20261019,정기예금,KRW,,5000000000,5000000000,221,,A1,A1,,농협은행,자체 신용보강,자체 신용보강,농협은행
73317,더웨일제십사차,KRZFA9825LG1,더웨일제십사차 20260108-284-20,N,20260108,20261019,정기예금,KRW,,5000000000,5000000000,221,,A1,A1,,농협은행,자체 신용보강,자체 신용보강,농협은행
73317,더웨일제십사차,KRZFA9825MG1,더웨일제십사차 20260108-284-21,N,20260108,20261019,정기예금,KRW,,5000000000,5000000000,221,,A1,A1,,농협은행,자체 신용보강,자체 신용보강,농협은행
73317,더웨일제십사차,KRZFA9825NG1,더웨일제십사차 20260108-284-22,N,20260108,20261019,정기예금,KRW,,5000000000,5000000000,221,,A1,A1,,농협은행,자체 신용보강,자체 신용보강,농협은행
73317,더웨일제십사차,KRZFA9825PG1,더웨일제십사차 20260108-284-23,N,20260108,20261019,정기예금,KRW,,5000000000,5000000000,221,,A1,A1,,농협은행,자체 신용보강,자체 신용보강,농협은행
73317,더웨일제십사차,KRZFA9825QG1,더웨일제십사차 20260108-284-24,N,20260108,20261019,정기예금,KRW,,5000000000,5000000000,221,,A1,A1,,농협은행,자체 신용보강,자체 신용보강,농협은행
73317,더웨일제십사차,KRZFA9825RG1,더웨일제십사차 20260108-284-25,N,20260108,20261019,정기예금,KRW,,5000000000,5000000000,221,,A1,A1,,농협은행,자체 신용보강,자체 신용보강,농협은행
73317,더웨일제십사차,KRZFA9825SG1,더웨일제십사차 20260108-284-26,N,20260108,20261019,정기예금,KRW,,5000000000,5000000000,221,,A1,A1,,농협은행,자체 신용보강,자체 신용보강,농협은행
73317,더웨일제십사차,KRZFA9825TG1,더웨일제십사차 20260108-284-27,N,20260108,20261019,정기예금,KRW,,5000000000,5000000000,221,,A1,A1,,농협은행,자체 신용보강,자체 신용보강,농협은행
73317,더웨일제십사차,KRZFA9825VG1,더웨일제십사차 20260108-284-28,N,20260108,20261019,정기예금,KRW,,5000000000,5000000000,221,,A1,A1,,농협은행,자체 신용보강,자체 신용보강,농협은행
73317,더웨일제십사차,KRZFA9825WG1,더웨일제십사차 20260108-284-29,N,20260108,20261019,정기예금,KRW,,5000000000,5000000000,221,,A1,A1,,농협은행,자체 신용보강,자체 신용보강,농협은행
73317,더웨일제십사차,KRZFA98253G1,더웨일제십사차 20260108-284-3,N,20260108,20261019,정기예금,KRW,,5000000000,5000000000,221,,A1,A1,,농협은행,자체 신용보강,자체 신용보강,농협은행
73317,더웨일제십사차,KRZFA9825XG1,더웨일제십사차 20260108-284-30,N,20260108,20261019,정기예금,KRW,,5000000000,5000000000,221,,A1,A1,,농협은행,자체 신용보강,자체 신용보강,농협은행
73317,더웨일제십사차,KRZFA9825YG1,더웨일제십사차 20260108-284-31,N,20260108,20261019,정기예금,KRW,,5000000000,5000000000,221,,A1,A1,,농협은행,자체 신용보강,자체 신용보강,농협은행
73317,더웨일제십사차,KRZFA9825ZG1,더웨일제십사차 20260108-284-32,N,20260108,20261019,정기예금,KRW,,5000000000,5000000000,221,,A1,A1,,농협은행,자체 신용보강,자체 신용보강,농협은행
73317,더웨일제십사차,KRZFA98250GD,더웨일제십사차 20260108-284-33,N,20260108,20261019,정기예금,KRW,,5000000000,5000000000,221,,A1,A1,,농협은행,자체 신용보강,자체 신용보강,농협은행
73317,더웨일제십사차,KRZFA98251GD,더웨일제십사차 20260108-284-34,N,20260108,20261019,정기예금,KRW,,5000000000,5000000000,221,,A1,A1,,농협은행,자체 신용보강,자체 신용보강,농협은행
73317,더웨일제십사차,KRZFA98252GD,더웨일제십사차 20260108-284-35,N,20260108,20261019,정기예금,KRW,,5000000000,5000000000,221,,A1,A1,,농협은행,자체 신용보강,자체 신용보강,농협은행
73317,더웨일제십사차,KRZFA98253GD,더웨일제십사차 20260108-284-36,N,20260108,20261019,정기예금,KRW,,5000000000,5000000000,221,,A1,A1,,농협은행,자체 신용보강,자체 신용보강,농협은행
73317,더웨일제십사차,KRZFA98254GD,더웨일제십사차 20260108-284-37,N,20260108,20261019,정기예금,KRW,,5000000000,5000000000,221,,A1,A1,,농협은행,자체 신용보강,자체 신용보강,농협은행
73317,더웨일제십사차,KRZFA98255GD,더웨일제십사차 20260108-284-38,N,20260108,20261019,정기예금,KRW,,5000000000,5000000000,221,,A1,A1,,농협은행,자체 신용보강,자체 신용보강,농협은행
73317,더웨일제십사차,KRZFA98256GD,더웨일제십사차 20260108-284-39,N,20260108,20261019,정기예금,KRW,,5000000000,5000000000,221,,A1,A1,,농협은행,자체 신용보강,자체 신용보강,농협은행
73317,더웨일제십사차,KRZFA98254G1,더웨일제십사차 20260108-284-4,N,20260108,20261019,정기예금,KRW,,5000000000,5000000000,221,,A1,A1,,농협은행,자체 신용보강,자체 신용보강,농협은행
73317,더웨일제십사차,KRZFA98257GD,더웨일제십사차 20260108-284-40,N,20260108,20261019,정기예금,KRW,,5000000000,5000000000,221,,A1,A1,,농협은행,자체 신용보강,자체 신용보강,농협은행
73317,더웨일제십사차,KRZFA98258GD,더웨일제십사차 20260108-284-41,N,20260108,20261019,정기예금,KRW,,5000000000,5000000000,221,,A1,A1,,농협은행,자체 신용보강,자체 신용보강,농협은행
73317,더웨일제십사차,KRZFA98259GD,더웨일제십사차 20260108-284-42,N,20260108,20261019,정기예금,KRW,,5000000000,5000000000,221,,A1,A1,,농협은행,자체 신용보강,자체 신용보강,농협은행
73317,더웨일제십사차,KRZFA9825AGD,더웨일제십사차 20260108-284-43,N,20260108,20261019,정기예금,KRW,,5000000000,5000000000,221,,A1,A1,,농협은행,자체 신용보강,자체 신용보강,농협은행
73317,더웨일제십사차,KRZFA9825BGD,더웨일제십사차 20260108-284-44,N,20260108,20261019,정기예금,KRW,,5000000000,5000000000,221,,A1,A1,,농협은행,자체 신용보강,자체 신용보강,농협은행
73317,더웨일제십사차,KRZFA9825CGD,더웨일제십사차 20260108-284-45,N,20260108,20261019,정기예금,KRW,,5000000000,5000000000,221,,A1,A1,,농협은행,자체 신용보강,자체 신용보강,농협은행
73317,더웨일제십사차,KRZFA9825DGD,더웨일제십사차 20260108-284-46,N,20260108,20261019,정기예금,KRW,,5000000000,5000000000,221,,A1,A1,,농협은행,자체 신용보강,자체 신용보강,농협은행
73317,더웨일제십사차,KRZFA9825EGD,더웨일제십사차 20260108-284-47,N,20260108,20261019,정기예금,KRW,,5000000000,5000000000,221,,A1,A1,,농협은행,자체 신용보강,자체 신용보강,농협은행
73317,더웨일제십사차,KRZFA9825FGD,더웨일제십사차 20260108-284-48,N,20260108,20261019,정기예금,KRW,,5000000000,5000000000,221,,A1,A1,,농협은행,자체 신용보강,자체 신용보강,농협은행
73317,더웨일제십사차,KRZFA9825GGD,더웨일제십사차 20260108-284-49,N,20260108,20261019,정기예금,KRW,,5000000000,5000000000,221,,A1,A1,,농협은행,자체 신용보강,자체 신용보강,농협은행
73317,더웨일제십사차,KRZFA98255G1,더웨일제십사차 20260108-284-5,N,20260108,20261019,정기예금,KRW,,5000000000,5000000000,221,,A1,A1,,농협은행,자체 신용보강,자체 신용보강,농협은행
73317,더웨일제십사차,KRZFA98256G1,더웨일제십사차 20260108-284-6,N,20260108,20261019,정기예금,KRW,,5000000000,5000000000,221,,A1,A1,,농협은행,자체 신용보강,자체 신용보강,농협은행
73317,더웨일제십사차,KRZFA98257G1,더웨일제십사차 20260108-284-7,N,20260108,20261019,정기예금,KRW,,5000000000,5000000000,221,,A1,A1,,농협은행,자체 신용보강,자체 신용보강,농협은행
73317,더웨일제십사차,KRZFA98258G1,더웨일제십사차 20260108-284-8,N,20260108,20261019,정기예금,KRW,,5000000000,5000000000,221,,A1,A1,,농협은행,자체 신용보강,자체 신용보강,농협은행
73317,더웨일제십사차,KRZFA98259G1,더웨일제십사차 20260108-284-9,N,20260108,20261019,정기예금,KRW,,5000000000,5000000000,221,,A1,A1,,농협은행,자체 신용보강,자체 신용보강,농협은행
73305,디비엠비피제십차,KRZF0112V1G1,디비엠비피제십차 20260108-181-1,N,20260108,20260708,매출채권,KRW,,5000000000,5000000000,118,,A1,A1,,한화솔루션,자체 신용보강,자체 신용보강,한화솔루션
73305,디비엠비피제십차,KRZF0112V2G1,디비엠비피제십차 20260108-181-2,N,20260108,20260708,매출채권,KRW,,5000000000,5000000000,118,,A1,A1,,한화솔루션,자체 신용보강,자체 신용보강,한화솔루션
73305,디비엠비피제십차,KRZF0112V3G1,디비엠비피제십차 20260108-181-3,N,20260108,20260708,매출채권,KRW,,5000000000,5000000000,118,,A1,A1,,한화솔루션,자체 신용보강,자체 신용보강,한화솔루션
73305,디비엠비피제십차,KRZF0112V4G1,디비엠비피제십차 20260108-181-4,N,20260108,20260708,매출채권,KRW,,5000000000,5000000000,118,,A1,A1,,한화솔루션,자체 신용보강,자체 신용보강,한화솔루션
73305,디비엠비피제십차,KRZF0112V5G1,디비엠비피제십차 20260108-181-5,N,20260108,20260708,매출채권,KRW,,1400000000,1400000000,118,,A1,A1,,한화솔루션,자체 신용보강,자체 신용보강,한화솔루션
73314,디피에스제삼차,KRZF381151G1,디피에스제삼차 20260108-362-1,N,20260108,20270105,매출채권,KRW,,3900000000,3900000000,299,,,A1,A1,블루월넛(주),자체 신용보강,자체 신용보강,현대카드
73314,디피에스제삼차,KRZF381151G1,디피에스제삼차 20260108-362-1,N,20260108,20270105,매출채권,KRW,,3900000000,3900000000,299,,,A1,A1,블루월넛(주),자체 신용보강,자체 신용보강,현대홈쇼핑
73314,디피에스제삼차,KRZF381152G1,디피에스제삼차 20260108-362-2,N,20260108,20270105,매출채권,KRW,,207000000,207000000,299,,,A1,A1,블루월넛(주),자체 신용보강,자체 신용보강,현대카드
73314,디피에스제삼차,KRZF381152G1,디피에스제삼차 20260108-362-2,N,20260108,20270105,매출채권,KRW,,207000000,207000000,299,,,A1,A1,블루월넛(주),자체 신용보강,자체 신용보강,현대홈쇼핑
73325,레티스제삼차,KRZF0066PAG1,레티스제삼차 20260108-134-10,N,20260108,20260522,정기예금,KRW,,5000000000,5000000000,71,A1,A1,,,국민은행,자체 신용보강,자체 신용보강,국민은행
73325,레티스제삼차,KRZF0066PBG1,레티스제삼차 20260108-134-11,N,20260108,20260522,정기예금,KRW,,5000000000,5000000000,71,A1,A1,,,국민은행,자체 신용보강,자체 신용보강,국민은행
73325,레티스제삼차,KRZF0066PCG1,레티스제삼차 20260108-134-12,N,20260108,20260522,정기예금,KRW,,5000000000,5000000000,71,A1,A1,,,국민은행,자체 신용보강,자체 신용보강,국민은행
73325,레티스제삼차,KRZF0066PDG1,레티스제삼차 20260108-134-13,N,20260108,20260522,정기예금,KRW,,5000000000,5000000000,71,A1,A1,,,국민은행,자체 신용보강,자체 신용보강,국민은행
73325,레티스제삼차,KRZF0066PEG1,레티스제삼차 20260108-134-14,N,20260108,20260522,정기예금,KRW,,5000000000,5000000000,71,A1,A1,,,국민은행,자체 신용보강,자체 신용보강,국민은행
73325,레티스제삼차,KRZF0066PFG1,레티스제삼차 20260108-134-15,N,20260108,20260522,정기예금,KRW,,5000000000,5000000000,71,A1,A1,,,국민은행,자체 신용보강,자체 신용보강,국민은행
73325,레티스제삼차,KRZF0066PGG1,레티스제삼차 20260108-134-16,N,20260108,20260522,정기예금,KRW,,5000000000,5000000000,71,A1,A1,,,국민은행,자체 신용보강,자체 신용보강,국민은행
73325,레티스제삼차,KRZF0066PHG1,레티스제삼차 20260108-134-17,N,20260108,20260522,정기예금,KRW,,5000000000,5000000000,71,A1,A1,,,국민은행,자체 신용보강,자체 신용보강,국민은행
73325,레티스제삼차,KRZF0066PJG1,레티스제삼차 20260108-134-18,N,20260108,20260522,정기예금,KRW,,5000000000,5000000000,71,A1,A1,,,국민은행,자체 신용보강,자체 신용보강,국민은행
73325,레티스제삼차,KRZF0066PKG1,레티스제삼차 20260108-134-19,N,20260108,20260522,정기예금,KRW,,5000000000,5000000000,71,A1,A1,,,국민은행,자체 신용보강,자체 신용보강,국민은행
73325,레티스제삼차,KRZF0066PLG1,레티스제삼차 20260108-134-20,N,20260108,20260522,정기예금,KRW,,5000000000,5000000000,71,A1,A1,,,국민은행,자체 신용보강,자체 신용보강,국민은행
73325,레티스제삼차,KRZF0066PMG1,레티스제삼차 20260108-134-21,N,20260108,20260522,정기예금,KRW,,5000000000,5000000000,71,A1,A1,,,국민은행,자체 신용보강,자체 신용보강,국민은행
73325,레티스제삼차,KRZF0066PNG1,레티스제삼차 20260108-134-22,N,20260108,20260522,정기예금,KRW,,5000000000,5000000000,71,A1,A1,,,국민은행,자체 신용보강,자체 신용보강,국민은행
73325,레티스제삼차,KRZF0066PPG1,레티스제삼차 20260108-134-23,N,20260108,20260522,정기예금,KRW,,5000000000,5000000000,71,A1,A1,,,국민은행,자체 신용보강,자체 신용보강,국민은행
73325,레티스제삼차,KRZF0066PQG1,레티스제삼차 20260108-134-24,N,20260108,20260522,정기예금,KRW,,5000000000,5000000000,71,A1,A1,,,국민은행,자체 신용보강,자체 신용보강,국민은행
73325,레티스제삼차,KRZF0066PRG1,레티스제삼차 20260108-134-25,N,20260108,20260522,정기예금,KRW,,5000000000,5000000000,71,A1,A1,,,국민은행,자체 신용보강,자체 신용보강,국민은행
73325,레티스제삼차,KRZF0066PSG1,레티스제삼차 20260108-134-26,N,20260108,20260522,정기예금,KRW,,5000000000,5000000000,71,A1,A1,,,국민은행,자체 신용보강,자체 신용보강,국민은행
73325,레티스제삼차,KRZF0066PTG1,레티스제삼차 20260108-134-27,N,20260108,20260522,정기예금,KRW,,5000000000,5000000000,71,A1,A1,,,국민은행,자체 신용보강,자체 신용보강,국민은행
73325,레티스제삼차,KRZF0066PVG1,레티스제삼차 20260108-134-28,N,20260108,20260522,정기예금,KRW,,5000000000,5000000000,71,A1,A1,,,국민은행,자체 신용보강,자체 신용보강,국민은행
73325,레티스제삼차,KRZF0066PWG1,레티스제삼차 20260108-134-29,N,20260108,20260522,정기예금,KRW,,5000000000,5000000000,71,A1,A1,,,국민은행,자체 신용보강,자체 신용보강,국민은행
73325,레티스제삼차,KRZF0066PXG1,레티스제삼차 20260108-134-30,N,20260108,20260522,정기예금,KRW,,5000000000,5000000000,71,A1,A1,,,국민은행,자체 신용보강,자체 신용보강,국민은행
73325,레티스제삼차,KRZF0066PYG1,레티스제삼차 20260108-134-31,N,20260108,20260522,정기예금,KRW,,5000000000,5000000000,71,A1,A1,,,국민은행,자체 신용보강,자체 신용보강,국민은행
73325,레티스제삼차,KRZF0066PZG1,레티스제삼차 20260108-134-32,N,20260108,20260522,정기예금,KRW,,5000000000,5000000000,71,A1,A1,,,국민은행,자체 신용보강,자체 신용보강,국민은행
73325,레티스제삼차,KRZF0066P0GD,레티스제삼차 20260108-134-33,N,20260108,20260522,정기예금,KRW,,5000000000,5000000000,71,A1,A1,,,국민은행,자체 신용보강,자체 신용보강,국민은행
73325,레티스제삼차,KRZF0066P1GD,레티스제삼차 20260108-134-34,N,20260108,20260522,정기예금,KRW,,5000000000,5000000000,71,A1,A1,,,국민은행,자체 신용보강,자체 신용보강,국민은행
73325,레티스제삼차,KRZF0066P2GD,레티스제삼차 20260108-134-35,N,20260108,20260522,정기예금,KRW,,5000000000,5000000000,71,A1,A1,,,국민은행,자체 신용보강,자체 신용보강,국민은행
73325,레티스제삼차,KRZF0066P3GD,레티스제삼차 20260108-134-36,N,20260108,20260522,정기예금,KRW,,5000000000,5000000000,71,A1,A1,,,국민은행,자체 신용보강,자체 신용보강,국민은행
73325,레티스제삼차,KRZF0066P4GD,레티스제삼차 20260108-134-37,N,20260108,20260522,정기예금,KRW,,5000000000,5000000000,71,A1,A1,,,국민은행,자체 신용보강,자체 신용보강,국민은행
73325,레티스제삼차,KRZF0066P5GD,레티스제삼차 20260108-134-38,N,20260108,20260522,정기예금,KRW,,5000000000,5000000000,71,A1,A1,,,국민은행,자체 신용보강,자체 신용보강,국민은행
73325,레티스제삼차,KRZF0066P6GD,레티스제삼차 20260108-134-39,N,20260108,20260522,정기예금,KRW,,5000000000,5000000000,71,A1,A1,,,국민은행,자체 신용보강,자체 신용보강,국민은행
73325,레티스제삼차,KRZF0066P7GD,레티스제삼차 20260108-134-40,N,20260108,20260522,정기예금,KRW,,5000000000,5000000000,71,A1,A1,,,국민은행,자체 신용보강,자체 신용보강,국민은행
73325,레티스제삼차,KRZF0066P8GD,레티스제삼차 20260108-134-41,N,20260108,20260522,정기예금,KRW,,5000000000,5000000000,71,A1,A1,,,국민은행,자체 신용보강,자체 신용보강,국민은행
73325,레티스제삼차,KRZF0066P9GD,레티스제삼차 20260108-134-42,N,20260108,20260522,정기예금,KRW,,5000000000,5000000000,71,A1,A1,,,국민은행,자체 신용보강,자체 신용보강,국민은행
73325,레티스제삼차,KRZF0066PAGD,레티스제삼차 20260108-134-43,N,20260108,20260522,정기예금,KRW,,5000000000,5000000000,71,A1,A1,,,국민은행,자체 신용보강,자체 신용보강,국민은행
73325,레티스제삼차,KRZF0066PBGD,레티스제삼차 20260108-134-44,N,20260108,20260522,정기예금,KRW,,5000000000,5000000000,71,A1,A1,,,국민은행,자체 신용보강,자체 신용보강,국민은행
73325,레티스제삼차,KRZF0066PCGD,레티스제삼차 20260108-134-45,N,20260108,20260522,정기예금,KRW,,5000000000,5000000000,71,A1,A1,,,국민은행,자체 신용보강,자체 신용보강,국민은행
73325,레티스제삼차,KRZF0066PDGD,레티스제삼차 20260108-134-46,N,20260108,20260522,정기예금,KRW,,5000000000,5000000000,71,A1,A1,,,국민은행,자체 신용보강,자체 신용보강,국민은행
73325,레티스제삼차,KRZF0066PEGD,레티스제삼차 20260108-134-47,N,20260108,20260522,정기예금,KRW,,5000000000,5000000000,71,A1,A1,,,국민은행,자체 신용보강,자체 신용보강,국민은행
73325,레티스제삼차,KRZF0066PFGD,레티스제삼차 20260108-134-48,N,20260108,20260522,정기예금,KRW,,5000000000,5000000000,71,A1,A1,,,국민은행,자체 신용보강,자체 신용보강,국민은행
73325,레티스제삼차,KRZF0066P8G1,레티스제삼차 20260108-134-8,N,20260108,20260522,정기예금,KRW,,5000000000,5000000000,71,A1,A1,,,국민은행,자체 신용보강,자체 신용보강,국민은행
73325,레티스제삼차,KRZF0066P9G1,레티스제삼차 20260108-134-9,N,20260108,20260522,정기예금,KRW,,5000000000,5000000000,71,A1,A1,,,국민은행,자체 신용보강,자체 신용보강,국민은행
73325,레티스제삼차,KRZF0066P7G1,레티스제삼차 20260108-295-7,N,20260108,20261030,정기예금,KRW,,32000000,32000000,232,A1,A1,,,국민은행,자체 신용보강,자체 신용보강,국민은행
73325,레티스제삼차,KRZF0066PGGD,레티스제삼차 20260108-326-49,N,20260108,20261130,정기예금,KRW,,317000000,317000000,263,A1,A1,,,국민은행,자체 신용보강,자체 신용보강,국민은행
73325,레티스제삼차,KRZF0066P1G1,레티스제삼차 20260108-92-1,N,20260108,20260410,정기예금,KRW,,5000000000,5000000000,29,A1,A1,,,국민은행,자체 신용보강,자체 신용보강,국민은행
73325,레티스제삼차,KRZF0066P2G1,레티스제삼차 20260108-92-2,N,20260108,20260410,정기예금,KRW,,5000000000,5000000000,29,A1,A1,,,국민은행,자체 신용보강,자체 신용보강,국민은행
73325,레티스제삼차,KRZF0066P3G1,레티스제삼차 20260108-92-3,N,20260108,20260410,정기예금,KRW,,5000000000,5000000000,29,A1,A1,,,국민은행,자체 신용보강,자체 신용보강,국민은행
73325,레티스제삼차,KRZF0066P4G1,레티스제삼차 20260108-92-4,N,20260108,20260410,정기예금,KRW,,5000000000,5000000000,29,A1,A1,,,국민은행,자체 신용보강,자체 신용보강,국민은행
73325,레티스제삼차,KRZF0066P5G1,레티스제삼차 20260108-92-5,N,20260108,20260410,정기예금,KRW,,5000000000,5000000000,29,A1,A1,,,국민은행,자체 신용보강,자체 신용보강,국민은행
73325,레티스제삼차,KRZF0066P6G1,레티스제삼차 20260108-92-6,N,20260108,20260410,정기예금,KRW,,5000000000,5000000000,29,A1,A1,,,국민은행,자체 신용보강,자체 신용보강,국민은행
73312,메이플라이제일차,KRZFA43151G1,메이플라이제일차 20260108-344-1,N,20260108,20261218,정기예금,KRW,,5000000000,5000000000,281,A1,A1,,,광주은행,자체 신용보강,자체 신용보강,광주은행
73312,메이플라이제일차,KRZFA4315AG1,메이플라이제일차 20260108-344-10,N,20260108,20261218,정기예금,KRW,,5000000000,5000000000,281,A1,A1,,,광주은행,자체 신용보강,자체 신용보강,광주은행
73312,메이플라이제일차,KRZFA4315BG1,메이플라이제일차 20260108-344-11,N,20260108,20261218,정기예금,KRW,,5000000000,5000000000,281,A1,A1,,,광주은행,자체 신용보강,자체 신용보강,광주은행
73312,메이플라이제일차,KRZFA4315CG1,메이플라이제일차 20260108-344-12,N,20260108,20261218,정기예금,KRW,,5000000000,5000000000,281,A1,A1,,,광주은행,자체 신용보강,자체 신용보강,광주은행
73312,메이플라이제일차,KRZFA4315DG1,메이플라이제일차 20260108-344-13,N,20260108,20261218,정기예금,KRW,,5000000000,5000000000,281,A1,A1,,,광주은행,자체 신용보강,자체 신용보강,광주은행
73312,메이플라이제일차,KRZFA4315EG1,메이플라이제일차 20260108-344-14,N,20260108,20261218,정기예금,KRW,,5000000000,5000000000,281,A1,A1,,,광주은행,자체 신용보강,자체 신용보강,광주은행
73312,메이플라이제일차,KRZFA4315FG1,메이플라이제일차 20260108-344-15,N,20260108,20261218,정기예금,KRW,,5000000000,5000000000,281,A1,A1,,,광주은행,자체 신용보강,자체 신용보강,광주은행
73312,메이플라이제일차,KRZFA4315GG1,메이플라이제일차 20260108-344-16,N,20260108,20261218,정기예금,KRW,,5000000000,5000000000,281,A1,A1,,,광주은행,자체 신용보강,자체 신용보강,광주은행
73312,메이플라이제일차,KRZFA4315HG1,메이플라이제일차 20260108-344-17,N,20260108,20261218,정기예금,KRW,,5000000000,5000000000,281,A1,A1,,,광주은행,자체 신용보강,자체 신용보강,광주은행
73312,메이플라이제일차,KRZFA4315JG1,메이플라이제일차 20260108-344-18,N,20260108,20261218,정기예금,KRW,,5000000000,5000000000,281,A1,A1,,,광주은행,자체 신용보강,자체 신용보강,광주은행
73312,메이플라이제일차,KRZFA4315KG1,메이플라이제일차 20260108-344-19,N,20260108,20261218,정기예금,KRW,,5000000000,5000000000,281,A1,A1,,,광주은행,자체 신용보강,자체 신용보강,광주은행
73312,메이플라이제일차,KRZFA43152G1,메이플라이제일차 20260108-344-2,N,20260108,20261218,정기예금,KRW,,5000000000,5000000000,281,A1,A1,,,광주은행,자체 신용보강,자체 신용보강,광주은행
73312,메이플라이제일차,KRZFA4315LG1,메이플라이제일차 20260108-344-20,N,20260108,20261218,정기예금,KRW,,5000000000,5000000000,281,A1,A1,,,광주은행,자체 신용보강,자체 신용보강,광주은행
73312,메이플라이제일차,KRZFA4315MG1,메이플라이제일차 20260108-344-21,N,20260108,20261218,정기예금,KRW,,5000000000,5000000000,281,A1,A1,,,광주은행,자체 신용보강,자체 신용보강,광주은행
73312,메이플라이제일차,KRZFA4315NG1,메이플라이제일차 20260108-344-22,N,20260108,20261218,정기예금,KRW,,5000000000,5000000000,281,A1,A1,,,광주은행,자체 신용보강,자체 신용보강,광주은행
73312,메이플라이제일차,KRZFA4315PG1,메이플라이제일차 20260108-344-23,N,20260108,20261218,정기예금,KRW,,5000000000,5000000000,281,A1,A1,,,광주은행,자체 신용보강,자체 신용보강,광주은행
73312,메이플라이제일차,KRZFA4315QG1,메이플라이제일차 20260108-344-24,N,20260108,20261218,정기예금,KRW,,5000000000,5000000000,281,A1,A1,,,광주은행,자체 신용보강,자체 신용보강,광주은행
73312,메이플라이제일차,KRZFA4315RG1,메이플라이제일차 20260108-344-25,N,20260108,20261218,정기예금,KRW,,5000000000,5000000000,281,A1,A1,,,광주은행,자체 신용보강,자체 신용보강,광주은행
73312,메이플라이제일차,KRZFA4315SG1,메이플라이제일차 20260108-344-26,N,20260108,20261218,정기예금,KRW,,5000000000,5000000000,281,A1,A1,,,광주은행,자체 신용보강,자체 신용보강,광주은행
73312,메이플라이제일차,KRZFA4315TG1,메이플라이제일차 20260108-344-27,N,20260108,20261218,정기예금,KRW,,5000000000,5000000000,281,A1,A1,,,광주은행,자체 신용보강,자체 신용보강,광주은행
73312,메이플라이제일차,KRZFA4315VG1,메이플라이제일차 20260108-344-28,N,20260108,20261218,정기예금,KRW,,5000000000,5000000000,281,A1,A1,,,광주은행,자체 신용보강,자체 신용보강,광주은행
73312,메이플라이제일차,KRZFA4315WG1,메이플라이제일차 20260108-344-29,N,20260108,20261218,정기예금,KRW,,5000000000,5000000000,281,A1,A1,,,광주은행,자체 신용보강,자체 신용보강,광주은행
73312,메이플라이제일차,KRZFA43153G1,메이플라이제일차 20260108-344-3,N,20260108,20261218,정기예금,KRW,,5000000000,5000000000,281,A1,A1,,,광주은행,자체 신용보강,자체 신용보강,광주은행
73312,메이플라이제일차,KRZFA4315XG1,메이플라이제일차 20260108-344-30,N,20260108,20261218,정기예금,KRW,,5000000000,5000000000,281,A1,A1,,,광주은행,자체 신용보강,자체 신용보강,광주은행
73312,메이플라이제일차,KRZFA4315YG1,메이플라이제일차 20260108-344-31,N,20260108,20261218,정기예금,KRW,,5000000000,5000000000,281,A1,A1,,,광주은행,자체 신용보강,자체 신용보강,광주은행
73312,메이플라이제일차,KRZFA4315ZG1,메이플라이제일차 20260108-344-32,N,20260108,20261218,정기예금,KRW,,5000000000,5000000000,281,A1,A1,,,광주은행,자체 신용보강,자체 신용보강,광주은행
73312,메이플라이제일차,KRZFA43150GD,메이플라이제일차 20260108-344-33,N,20260108,20261218,정기예금,KRW,,5000000000,5000000000,281,A1,A1,,,광주은행,자체 신용보강,자체 신용보강,광주은행
73312,메이플라이제일차,KRZFA43151GD,메이플라이제일차 20260108-344-34,N,20260108,20261218,정기예금,KRW,,5000000000,5000000000,281,A1,A1,,,광주은행,자체 신용보강,자체 신용보강,광주은행
73312,메이플라이제일차,KRZFA43152GD,메이플라이제일차 20260108-344-35,N,20260108,20261218,정기예금,KRW,,5000000000,5000000000,281,A1,A1,,,광주은행,자체 신용보강,자체 신용보강,광주은행
73312,메이플라이제일차,KRZFA43153GD,메이플라이제일차 20260108-344-36,N,20260108,20261218,정기예금,KRW,,5000000000,5000000000,281,A1,A1,,,광주은행,자체 신용보강,자체 신용보강,광주은행
73312,메이플라이제일차,KRZFA43154GD,메이플라이제일차 20260108-344-37,N,20260108,20261218,정기예금,KRW,,5000000000,5000000000,281,A1,A1,,,광주은행,자체 신용보강,자체 신용보강,광주은행
73312,메이플라이제일차,KRZFA43155GD,메이플라이제일차 20260108-344-38,N,20260108,20261218,정기예금,KRW,,5000000000,5000000000,281,A1,A1,,,광주은행,자체 신용보강,자체 신용보강,광주은행
73312,메이플라이제일차,KRZFA43156GD,메이플라이제일차 20260108-344-39,N,20260108,20261218,정기예금,KRW,,5000000000,5000000000,281,A1,A1,,,광주은행,자체 신용보강,자체 신용보강,광주은행
73312,메이플라이제일차,KRZFA43154G1,메이플라이제일차 20260108-344-4,N,20260108,20261218,정기예금,KRW,,5000000000,5000000000,281,A1,A1,,,광주은행,자체 신용보강,자체 신용보강,광주은행
73312,메이플라이제일차,KRZFA43157GD,메이플라이제일차 20260108-344-40,N,20260108,20261218,정기예금,KRW,,5000000000,5000000000,281,A1,A1,,,광주은행,자체 신용보강,자체 신용보강,광주은행
73312,메이플라이제일차,KRZFA43158GD,메이플라이제일차 20260108-344-41,N,20260108,20261218,정기예금,KRW,,5000000000,5000000000,281,A1,A1,,,광주은행,자체 신용보강,자체 신용보강,광주은행
73312,메이플라이제일차,KRZFA43159GD,메이플라이제일차 20260108-344-42,N,20260108,20261218,정기예금,KRW,,5000000000,5000000000,281,A1,A1,,,광주은행,자체 신용보강,자체 신용보강,광주은행
73312,메이플라이제일차,KRZFA4315AGD,메이플라이제일차 20260108-344-43,N,20260108,20261218,정기예금,KRW,,5000000000,5000000000,281,A1,A1,,,광주은행,자체 신용보강,자체 신용보강,광주은행
73312,메이플라이제일차,KRZFA4315BGD,메이플라이제일차 20260108-344-44,N,20260108,20261218,정기예금,KRW,,5000000000,5000000000,281,A1,A1,,,광주은행,자체 신용보강,자체 신용보강,광주은행
73312,메이플라이제일차,KRZFA4315CGD,메이플라이제일차 20260108-344-45,N,20260108,20261218,정기예금,KRW,,5000000000,5000000000,281,A1,A1,,,광주은행,자체 신용보강,자체 신용보강,광주은행
73312,메이플라이제일차,KRZFA4315DGD,메이플라이제일차 20260108-344-46,N,20260108,20261218,정기예금,KRW,,10000000000,10000000000,281,A1,A1,,,광주은행,자체 신용보강,자체 신용보강,광주은행
73312,메이플라이제일차,KRZFA4315EGD,메이플라이제일차 20260108-344-47,N,20260108,20261218,정기예금,KRW,,10000000000,10000000000,281,A1,A1,,,광주은행,자체 신용보강,자체 신용보강,광주은행
73312,메이플라이제일차,KRZFA4315FGD,메이플라이제일차 20260108-344-48,N,20260108,20261218,정기예금,KRW,,1000000000,1000000000,281,A1,A1,,,광주은행,자체 신용보강,자체 신용보강,광주은행
73312,메이플라이제일차,KRZFA4315GGD,메이플라이제일차 20260108-344-49,N,20260108,20261218,정기예금,KRW,,500000000,500000000,281,A1,A1,,,광주은행,자체 신용보강,자체 신용보강,광주은행
73312,메이플라이제일차,KRZFA43155G1,메이플라이제일차 20260108-344-5,N,20260108,20261218,정기예금,KRW,,5000000000,5000000000,281,A1,A1,,,광주은행,자체 신용보강,자체 신용보강,광주은행
73312,메이플라이제일차,KRZFA43156G1,메이플라이제일차 20260108-344-6,N,20260108,20261218,정기예금,KRW,,5000000000,5000000000,281,A1,A1,,,광주은행,자체 신용보강,자체 신용보강,광주은행
73312,메이플라이제일차,KRZFA43157G1,메이플라이제일차 20260108-344-7,N,20260108,20261218,정기예금,KRW,,5000000000,5000000000,281,A1,A1,,,광주은행,자체 신용보강,자체 신용보강,광주은행
73312,메이플라이제일차,KRZFA43158G1,메이플라이제일차 20260108-344-8,N,20260108,20261218,정기예금,KRW,,5000000000,5000000000,281,A1,A1,,,광주은행,자체 신용보강,자체 신용보강,광주은행
73312,메이플라이제일차,KRZFA43159G1,메이플라이제일차 20260108-344-9,N,20260108,20261218,정기예금,KRW,,5000000000,5000000000,281,A1,A1,,,광주은행,자체 신용보강,자체 신용보강,광주은행
67384,미래파트너쉽제사차,KRZFA94731G1,미래파트너쉽제사차 20260108-90-1,N,20260108,20260408,회사채,KRW,,5000000000,5000000000,27,,A1,A1,,엘에스아이앤디,차환발행위험(유동성 공여형 매입약정),금융기관,한국산업은행
67384,미래파트너쉽제사차,KRZFA94732G1,미래파트너쉽제사차 20260108-90-2,N,20260108,20260408,회사채,KRW,,5000000000,5000000000,27,,A1,A1,,엘에스아이앤디,차환발행위험(유동성 공여형 매입약정),금융기관,한국산업은행
67384,미래파트너쉽제사차,KRZFA94733G1,미래파트너쉽제사차 20260108-90-3,N,20260108,20260408,회사채,KRW,,5000000000,5000000000,27,,A1,A1,,엘에스아이앤디,차환발행위험(유동성 공여형 매입약정),금융기관,한국산업은행
67384,미래파트너쉽제사차,KRZFA94734G1,미래파트너쉽제사차 20260108-90-4,N,20260108,20260408,회사채,KRW,,5000000000,5000000000,27,,A1,A1,,엘에스아이앤디,차환발행위험(유동성 공여형 매입약정),금융기관,한국산업은행
67384,미래파트너쉽제사차,KRZFA94735G1,미래파트너쉽제사차 20260108-90-5,N,20260108,20260408,회사채,KRW,,5000000000,5000000000,27,,A1,A1,,엘에스아이앤디,차환발행위험(유동성 공여형 매입약정),금융기관,한국산업은행
67384,미래파트너쉽제사차,KRZFA94736G1,미래파트너쉽제사차 20260108-90-6,N,20260108,20260408,회사채,KRW,,5000000000,5000000000,27,,A1,A1,,엘에스아이앤디,차환발행위험(유동성 공여형 매입약정),금융기관,한국산업은행
69455,에스에프씨제일차,KRZF0035F1G1,에스에프씨제일차 20260108-90-1,N,20260108,20260408,대출채권,KRW,,5000000000,5000000000,27,A1,,A1,,서울파이낸스센터(주),차환발행위험(유동성 공여형 매입약정),공공기관,중소기업은행
69455,에스에프씨제일차,KRZF0035FAG1,에스에프씨제일차 20260108-90-10,N,20260108,20260408,대출채권,KRW,,5000000000,5000000000,27,A1,,A1,,서울파이낸스센터(주),차환발행위험(유동성 공여형 매입약정),공공기관,중소기업은행
69455,에스에프씨제일차,KRZF0035FBG1,에스에프씨제일차 20260108-90-11,N,20260108,20260408,대출채권,KRW,,5000000000,5000000000,27,A1,,A1,,서울파이낸스센터(주),차환발행위험(유동성 공여형 매입약정),공공기관,중소기업은행
69455,에스에프씨제일차,KRZF0035FCG1,에스에프씨제일차 20260108-90-12,N,20260108,20260408,대출채권,KRW,,5000000000,5000000000,27,A1,,A1,,서울파이낸스센터(주),차환발행위험(유동성 공여형 매입약정),공공기관,중소기업은행
69455,에스에프씨제일차,KRZF0035FDG1,에스에프씨제일차 20260108-90-13,N,20260108,20260408,대출채권,KRW,,5000000000,5000000000,27,A1,,A1,,서울파이낸스센터(주),차환발행위험(유동성 공여형 매입약정),공공기관,중소기업은행
69455,에스에프씨제일차,KRZF0035FEG1,에스에프씨제일차 20260108-90-14,N,20260108,20260408,대출채권,KRW,,5000000000,5000000000,27,A1,,A1,,서울파이낸스센터(주),차환발행위험(유동성 공여형 매입약정),공공기관,중소기업은행
69455,에스에프씨제일차,KRZF0035FFG1,에스에프씨제일차 20260108-90-15,N,20260108,20260408,대출채권,KRW,,5000000000,5000000000,27,A1,,A1,,서울파이낸스센터(주),차환발행위험(유동성 공여형 매입약정),공공기관,중소기업은행
69455,에스에프씨제일차,KRZF0035FGG1,에스에프씨제일차 20260108-90-16,N,20260108,20260408,대출채권,KRW,,5000000000,5000000000,27,A1,,A1,,서울파이낸스센터(주),차환발행위험(유동성 공여형 매입약정),공공기관,중소기업은행
69455,에스에프씨제일차,KRZF0035FHG1,에스에프씨제일차 20260108-90-17,N,20260108,20260408,대출채권,KRW,,5000000000,5000000000,27,A1,,A1,,서울파이낸스센터(주),차환발행위험(유동성 공여형 매입약정),공공기관,중소기업은행
69455,에스에프씨제일차,KRZF0035FJG1,에스에프씨제일차 20260108-90-18,N,20260108,20260408,대출채권,KRW,,5000000000,5000000000,27,A1,,A1,,서울파이낸스센터(주),차환발행위험(유동성 공여형 매입약정),공공기관,중소기업은행
69455,에스에프씨제일차,KRZF0035FKG1,에스에프씨제일차 20260108-90-19,N,20260108,20260408,대출채권,KRW,,5000000000,5000000000,27,A1,,A1,,서울파이낸스센터(주),차환발행위험(유동성 공여형 매입약정),공공기관,중소기업은행
69455,에스에프씨제일차,KRZF0035F2G1,에스에프씨제일차 20260108-90-2,N,20260108,20260408,대출채권,KRW,,5000000000,5000000000,27,A1,,A1,,서울파이낸스센터(주),차환발행위험(유동성 공여형 매입약정),공공기관,중소기업은행
69455,에스에프씨제일차,KRZF0035FLG1,에스에프씨제일차 20260108-90-20,N,20260108,20260408,대출채권,KRW,,5000000000,5000000000,27,A1,,A1,,서울파이낸스센터(주),차환발행위험(유동성 공여형 매입약정),공공기관,중소기업은행
69455,에스에프씨제일차,KRZF0035FMG1,에스에프씨제일차 20260108-90-21,N,20260108,20260408,대출채권,KRW,,5000000000,5000000000,27,A1,,A1,,서울파이낸스센터(주),차환발행위험(유동성 공여형 매입약정),공공기관,중소기업은행
69455,에스에프씨제일차,KRZF0035FNG1,에스에프씨제일차 20260108-90-22,N,20260108,20260408,대출채권,KRW,,5000000000,5000000000,27,A1,,A1,,서울파이낸스센터(주),차환발행위험(유동성 공여형 매입약정),공공기관,중소기업은행
69455,에스에프씨제일차,KRZF0035FPG1,에스에프씨제일차 20260108-90-23,N,20260108,20260408,대출채권,KRW,,5000000000,5000000000,27,A1,,A1,,서울파이낸스센터(주),차환발행위험(유동성 공여형 매입약정),공공기관,중소기업은행
69455,에스에프씨제일차,KRZF0035FQG1,에스에프씨제일차 20260108-90-24,N,20260108,20260408,대출채권,KRW,,5000000000,5000000000,27,A1,,A1,,서울파이낸스센터(주),차환발행위험(유동성 공여형 매입약정),공공기관,중소기업은행
69455,에스에프씨제일차,KRZF0035FRG1,에스에프씨제일차 20260108-90-25,N,20260108,20260408,대출채권,KRW,,5000000000,5000000000,27,A1,,A1,,서울파이낸스센터(주),차환발행위험(유동성 공여형 매입약정),공공기관,중소기업은행
69455,에스에프씨제일차,KRZF0035FSG1,에스에프씨제일차 20260108-90-26,N,20260108,20260408,대출채권,KRW,,5000000000,5000000000,27,A1,,A1,,서울파이낸스센터(주),차환발행위험(유동성 공여형 매입약정),공공기관,중소기업은행
69455,에스에프씨제일차,KRZF0035FTG1,에스에프씨제일차 20260108-90-27,N,20260108,20260408,대출채권,KRW,,5000000000,5000000000,27,A1,,A1,,서울파이낸스센터(주),차환발행위험(유동성 공여형 매입약정),공공기관,중소기업은행
69455,에스에프씨제일차,KRZF0035FVG1,에스에프씨제일차 20260108-90-28,N,20260108,20260408,대출채권,KRW,,5000000000,5000000000,27,A1,,A1,,서울파이낸스센터(주),차환발행위험(유동성 공여형 매입약정),공공기관,중소기업은행
69455,에스에프씨제일차,KRZF0035FWG1,에스에프씨제일차 20260108-90-29,N,20260108,20260408,대출채권,KRW,,5000000000,5000000000,27,A1,,A1,,서울파이낸스센터(주),차환발행위험(유동성 공여형 매입약정),공공기관,중소기업은행
69455,에스에프씨제일차,KRZF0035F3G1,에스에프씨제일차 20260108-90-3,N,20260108,20260408,대출채권,KRW,,5000000000,5000000000,27,A1,,A1,,서울파이낸스센터(주),차환발행위험(유동성 공여형 매입약정),공공기관,중소기업은행
69455,에스에프씨제일차,KRZF0035FXG1,에스에프씨제일차 20260108-90-30,N,20260108,20260408,대출채권,KRW,,5000000000,5000000000,27,A1,,A1,,서울파이낸스센터(주),차환발행위험(유동성 공여형 매입약정),공공기관,중소기업은행
69455,에스에프씨제일차,KRZF0035FYG1,에스에프씨제일차 20260108-90-31,N,20260108,20260408,대출채권,KRW,,5000000000,5000000000,27,A1,,A1,,서울파이낸스센터(주),차환발행위험(유동성 공여형 매입약정),공공기관,중소기업은행
69455,에스에프씨제일차,KRZF0035FZG1,에스에프씨제일차 20260108-90-32,N,20260108,20260408,대출채권,KRW,,5000000000,5000000000,27,A1,,A1,,서울파이낸스센터(주),차환발행위험(유동성 공여형 매입약정),공공기관,중소기업은행
69455,에스에프씨제일차,KRZF0035F0GD,에스에프씨제일차 20260108-90-33,N,20260108,20260408,대출채권,KRW,,5000000000,5000000000,27,A1,,A1,,서울파이낸스센터(주),차환발행위험(유동성 공여형 매입약정),공공기관,중소기업은행
69455,에스에프씨제일차,KRZF0035F1GD,에스에프씨제일차 20260108-90-34,N,20260108,20260408,대출채권,KRW,,5000000000,5000000000,27,A1,,A1,,서울파이낸스센터(주),차환발행위험(유동성 공여형 매입약정),공공기관,중소기업은행
69455,에스에프씨제일차,KRZF0035F2GD,에스에프씨제일차 20260108-90-35,N,20260108,20260408,대출채권,KRW,,5000000000,5000000000,27,A1,,A1,,서울파이낸스센터(주),차환발행위험(유동성 공여형 매입약정),공공기관,중소기업은행
69455,에스에프씨제일차,KRZF0035F3GD,에스에프씨제일차 20260108-90-36,N,20260108,20260408,대출채권,KRW,,5000000000,5000000000,27,A1,,A1,,서울파이낸스센터(주),차환발행위험(유동성 공여형 매입약정),공공기관,중소기업은행
69455,에스에프씨제일차,KRZF0035F4GD,에스에프씨제일차 20260108-90-37,N,20260108,20260408,대출채권,KRW,,5000000000,5000000000,27,A1,,A1,,서울파이낸스센터(주),차환발행위험(유동성 공여형 매입약정),공공기관,중소기업은행
69455,에스에프씨제일차,KRZF0035F5GD,에스에프씨제일차 20260108-90-38,N,20260108,20260408,대출채권,KRW,,5000000000,5000000000,27,A1,,A1,,서울파이낸스센터(주),차환발행위험(유동성 공여형 매입약정),공공기관,중소기업은행
69455,에스에프씨제일차,KRZF0035F4G1,에스에프씨제일차 20260108-90-4,N,20260108,20260408,대출채권,KRW,,5000000000,5000000000,27,A1,,A1,,서울파이낸스센터(주),차환발행위험(유동성 공여형 매입약정),공공기관,중소기업은행
69455,에스에프씨제일차,KRZF0035F5G1,에스에프씨제일차 20260108-90-5,N,20260108,20260408,대출채권,KRW,,5000000000,5000000000,27,A1,,A1,,서울파이낸스센터(주),차환발행위험(유동성 공여형 매입약정),공공기관,중소기업은행
69455,에스에프씨제일차,KRZF0035F6G1,에스에프씨제일차 20260108-90-6,N,20260108,20260408,대출채권,KRW,,5000000000,5000000000,27,A1,,A1,,서울파이낸스센터(주),차환발행위험(유동성 공여형 매입약정),공공기관,중소기업은행
69455,에스에프씨제일차,KRZF0035F7G1,에스에프씨제일차 20260108-90-7,N,20260108,20260408,대출채권,KRW,,5000000000,5000000000,27,A1,,A1,,서울파이낸스센터(주),차환발행위험(유동성 공여형 매입약정),공공기관,중소기업은행
69455,에스에프씨제일차,KRZF0035F8G1,에스에프씨제일차 20260108-90-8,N,20260108,20260408,대출채권,KRW,,5000000000,5000000000,27,A1,,A1,,서울파이낸스센터(주),차환발행위험(유동성 공여형 매입약정),공공기관,중소기업은행
69455,에스에프씨제일차,KRZF0035F9G1,에스에프씨제일차 20260108-90-9,N,20260108,20260408,대출채권,KRW,,5000000000,5000000000,27,A1,,A1,,서울파이낸스센터(주),차환발행위험(유동성 공여형 매입약정),공공기관,중소기업은행
69514,에스프로젝트이슬,KRZF0042E1G1,에스프로젝트이슬 20260108-90-1,N,20260108,20260408,대출채권,KRW,,5000000000,5000000000,27,A1,,A1,,하이트진로,외부 신용보강,금융기관,신한은행
69514,에스프로젝트이슬,KRZF0042EAG1,에스프로젝트이슬 20260108-90-10,N,20260108,20260408,대출채권,KRW,,5000000000,5000000000,27,A1,,A1,,하이트진로,외부 신용보강,금융기관,신한은행
69514,에스프로젝트이슬,KRZF0042EBG1,에스프로젝트이슬 20260108-90-11,N,20260108,20260408,대출채권,KRW,,5000000000,5000000000,27,A1,,A1,,하이트진로,외부 신용보강,금융기관,신한은행
69514,에스프로젝트이슬,KRZF0042E2G1,에스프로젝트이슬 20260108-90-2,N,20260108,20260408,대출채권,KRW,,1000000000,1000000000,27,A1,,A1,,하이트진로,외부 신용보강,금융기관,신한은행
69514,에스프로젝트이슬,KRZF0042E3G1,에스프로젝트이슬 20260108-90-3,N,20260108,20260408,대출채권,KRW,,1000000000,1000000000,27,A1,,A1,,하이트진로,외부 신용보강,금융기관,신한은행
69514,에스프로젝트이슬,KRZF0042E4G1,에스프로젝트이슬 20260108-90-4,N,20260108,20260408,대출채권,KRW,,1000000000,1000000000,27,A1,,A1,,하이트진로,외부 신용보강,금융기관,신한은행
69514,에스프로젝트이슬,KRZF0042E5G1,에스프로젝트이슬 20260108-90-5,N,20260108,20260408,대출채권,KRW,,1000000000,1000000000,27,A1,,A1,,하이트진로,외부 신용보강,금융기관,신한은행
69514,에스프로젝트이슬,KRZF0042E6G1,에스프로젝트이슬 20260108-90-6,N,20260108,20260408,대출채권,KRW,,500000000,500000000,27,A1,,A1,,하이트진로,외부 신용보강,금융기관,신한은행
69514,에스프로젝트이슬,KRZF0042E7G1,에스프로젝트이슬 20260108-90-7,N,20260108,20260408,대출채권,KRW,,500000000,500000000,27,A1,,A1,,하이트진로,외부 신용보강,금융기관,신한은행
69514,에스프로젝트이슬,KRZF0042E8G1,에스프로젝트이슬 20260108-90-8,N,20260108,20260408,대출채권,KRW,,5000000000,5000000000,27,A1,,A1,,하이트진로,외부 신용보강,금융기관,신한은행
69514,에스프로젝트이슬,KRZF0042E9G1,에스프로젝트이슬 20260108-90-9,N,20260108,20260408,대출채권,KRW,,5000000000,5000000000,27,A1,,A1,,하이트진로,외부 신용보강,금융기관,신한은행
70802,에스프로젝트이슬홀딩스,KRZF0084K1G1,에스프로젝트이슬홀딩스 20260108-90-1,N,20260108,20260408,대출채권,KRW,,5000000000,5000000000,27,,A1,A1,,하이트진로홀딩스,차환발행위험(유동성 공여형 매입약정),금융기관,신한은행
70802,에스프로젝트이슬홀딩스,KRZF0084K2G1,에스프로젝트이슬홀딩스 20260108-90-2,N,20260108,20260408,대출채권,KRW,,5000000000,5000000000,27,,A1,A1,,하이트진로홀딩스,차환발행위험(유동성 공여형 매입약정),금융기관,신한은행
70802,에스프로젝트이슬홀딩스,KRZF0084K3G1,에스프로젝트이슬홀딩스 20260108-90-3,N,20260108,20260408,대출채권,KRW,,5000000000,5000000000,27,,A1,A1,,하이트진로홀딩스,차환발행위험(유동성 공여형 매입약정),금융기관,신한은행
70802,에스프로젝트이슬홀딩스,KRZF0084K4G1,에스프로젝트이슬홀딩스 20260108-90-4,N,20260108,20260408,대출채권,KRW,,5000000000,5000000000,27,,A1,A1,,하이트진로홀딩스,차환발행위험(유동성 공여형 매입약정),금융기관,신한은행
70802,에스프로젝트이슬홀딩스,KRZF0084K5G1,에스프로젝트이슬홀딩스 20260108-90-5,N,20260108,20260408,대출채권,KRW,,5000000000,5000000000,27,,A1,A1,,하이트진로홀딩스,차환발행위험(유동성 공여형 매입약정),금융기관,신한은행
70802,에스프로젝트이슬홀딩스,KRZF0084K6G1,에스프로젝트이슬홀딩스 20260108-90-6,N,20260108,20260408,대출채권,KRW,,5000000000,5000000000,27,,A1,A1,,하이트진로홀딩스,차환발행위험(유동성 공여형 매입약정),금융기관,신한은행
69520,엔에이치에스에프씨,KRZF0041C1G1,엔에이치에스에프씨 20260108-90-1,N,20260108,20260408,대출채권,KRW,,10000000000,10000000000,27,A1,,A1,,서울파이낸스센터(주),차환발행위험(유동성 공여형 매입약정),금융기관,농협은행
69520,엔에이치에스에프씨,KRZF0041CAG1,엔에이치에스에프씨 20260108-90-10,N,20260108,20260408,대출채권,KRW,,5000000000,5000000000,27,A1,,A1,,서울파이낸스센터(주),차환발행위험(유동성 공여형 매입약정),금융기관,농협은행
69520,엔에이치에스에프씨,KRZF0041CBG1,엔에이치에스에프씨 20260108-90-11,N,20260108,20260408,대출채권,KRW,,5000000000,5000000000,27,A1,,A1,,서울파이낸스센터(주),차환발행위험(유동성 공여형 매입약정),금융기관,농협은행
69520,엔에이치에스에프씨,KRZF0041CCG1,엔에이치에스에프씨 20260108-90-12,N,20260108,20260408,대출채권,KRW,,5000000000,5000000000,27,A1,,A1,,서울파이낸스센터(주),차환발행위험(유동성 공여형 매입약정),금융기관,농협은행
69520,엔에이치에스에프씨,KRZF0041CDG1,엔에이치에스에프씨 20260108-90-13,N,20260108,20260408,대출채권,KRW,,5000000000,5000000000,27,A1,,A1,,서울파이낸스센터(주),차환발행위험(유동성 공여형 매입약정),금융기관,농협은행
69520,엔에이치에스에프씨,KRZF0041CEG1,엔에이치에스에프씨 20260108-90-14,N,20260108,20260408,대출채권,KRW,,5000000000,5000000000,27,A1,,A1,,서울파이낸스센터(주),차환발행위험(유동성 공여형 매입약정),금융기관,농협은행
69520,엔에이치에스에프씨,KRZF0041CFG1,엔에이치에스에프씨 20260108-90-15,N,20260108,20260408,대출채권,KRW,,5000000000,5000000000,27,A1,,A1,,서울파이낸스센터(주),차환발행위험(유동성 공여형 매입약정),금융기관,농협은행
69520,엔에이치에스에프씨,KRZF0041CGG1,엔에이치에스에프씨 20260108-90-16,N,20260108,20260408,대출채권,KRW,,5000000000,5000000000,27,A1,,A1,,서울파이낸스센터(주),차환발행위험(유동성 공여형 매입약정),금융기관,농협은행
69520,엔에이치에스에프씨,KRZF0041CHG1,엔에이치에스에프씨 20260108-90-17,N,20260108,20260408,대출채권,KRW,,5000000000,5000000000,27,A1,,A1,,서울파이낸스센터(주),차환발행위험(유동성 공여형 매입약정),금융기관,농협은행
69520,엔에이치에스에프씨,KRZF0041CJG1,엔에이치에스에프씨 20260108-90-18,N,20260108,20260408,대출채권,KRW,,5000000000,5000000000,27,A1,,A1,,서울파이낸스센터(주),차환발행위험(유동성 공여형 매입약정),금융기관,농협은행
69520,엔에이치에스에프씨,KRZF0041CKG1,엔에이치에스에프씨 20260108-90-19,N,20260108,20260408,대출채권,KRW,,5000000000,5000000000,27,A1,,A1,,서울파이낸스센터(주),차환발행위험(유동성 공여형 매입약정),금융기관,농협은행
69520,엔에이치에스에프씨,KRZF0041C2G1,엔에이치에스에프씨 20260108-90-2,N,20260108,20260408,대출채권,KRW,,10000000000,10000000000,27,A1,,A1,,서울파이낸스센터(주),차환발행위험(유동성 공여형 매입약정),금융기관,농협은행
69520,엔에이치에스에프씨,KRZF0041CLG1,엔에이치에스에프씨 20260108-90-20,N,20260108,20260408,대출채권,KRW,,5000000000,5000000000,27,A1,,A1,,서울파이낸스센터(주),차환발행위험(유동성 공여형 매입약정),금융기관,농협은행
69520,엔에이치에스에프씨,KRZF0041CMG1,엔에이치에스에프씨 20260108-90-21,N,20260108,20260408,대출채권,KRW,,5000000000,5000000000,27,A1,,A1,,서울파이낸스센터(주),차환발행위험(유동성 공여형 매입약정),금융기관,농협은행
69520,엔에이치에스에프씨,KRZF0041CNG1,엔에이치에스에프씨 20260108-90-22,N,20260108,20260408,대출채권,KRW,,5000000000,5000000000,27,A1,,A1,,서울파이낸스센터(주),차환발행위험(유동성 공여형 매입약정),금융기관,농협은행
69520,엔에이치에스에프씨,KRZF0041CPG1,엔에이치에스에프씨 20260108-90-23,N,20260108,20260408,대출채권,KRW,,5000000000,5000000000,27,A1,,A1,,서울파이낸스센터(주),차환발행위험(유동성 공여형 매입약정),금융기관,농협은행
69520,엔에이치에스에프씨,KRZF0041CQG1,엔에이치에스에프씨 20260108-90-24,N,20260108,20260408,대출채권,KRW,,5000000000,5000000000,27,A1,,A1,,서울파이낸스센터(주),차환발행위험(유동성 공여형 매입약정),금융기관,농협은행
69520,엔에이치에스에프씨,KRZF0041CRG1,엔에이치에스에프씨 20260108-90-25,N,20260108,20260408,대출채권,KRW,,5000000000,5000000000,27,A1,,A1,,서울파이낸스센터(주),차환발행위험(유동성 공여형 매입약정),금융기관,농협은행
69520,엔에이치에스에프씨,KRZF0041CSG1,엔에이치에스에프씨 20260108-90-26,N,20260108,20260408,대출채권,KRW,,5000000000,5000000000,27,A1,,A1,,서울파이낸스센터(주),차환발행위험(유동성 공여형 매입약정),금융기관,농협은행
69520,엔에이치에스에프씨,KRZF0041CTG1,엔에이치에스에프씨 20260108-90-27,N,20260108,20260408,대출채권,KRW,,5000000000,5000000000,27,A1,,A1,,서울파이낸스센터(주),차환발행위험(유동성 공여형 매입약정),금융기관,농협은행
69520,엔에이치에스에프씨,KRZF0041CVG1,엔에이치에스에프씨 20260108-90-28,N,20260108,20260408,대출채권,KRW,,5000000000,5000000000,27,A1,,A1,,서울파이낸스센터(주),차환발행위험(유동성 공여형 매입약정),금융기관,농협은행
69520,엔에이치에스에프씨,KRZF0041CWG1,엔에이치에스에프씨 20260108-90-29,N,20260108,20260408,대출채권,KRW,,5000000000,5000000000,27,A1,,A1,,서울파이낸스센터(주),차환발행위험(유동성 공여형 매입약정),금융기관,농협은행
69520,엔에이치에스에프씨,KRZF0041C3G1,엔에이치에스에프씨 20260108-90-3,N,20260108,20260408,대출채권,KRW,,10000000000,10000000000,27,A1,,A1,,서울파이낸스센터(주),차환발행위험(유동성 공여형 매입약정),금융기관,농협은행
69520,엔에이치에스에프씨,KRZF0041CXG1,엔에이치에스에프씨 20260108-90-30,N,20260108,20260408,대출채권,KRW,,5000000000,5000000000,27,A1,,A1,,서울파이낸스센터(주),차환발행위험(유동성 공여형 매입약정),금융기관,농협은행
69520,엔에이치에스에프씨,KRZF0041CYG1,엔에이치에스에프씨 20260108-90-31,N,20260108,20260408,대출채권,KRW,,5000000000,5000000000,27,A1,,A1,,서울파이낸스센터(주),차환발행위험(유동성 공여형 매입약정),금융기관,농협은행
69520,엔에이치에스에프씨,KRZF0041CZG1,엔에이치에스에프씨 20260108-90-32,N,20260108,20260408,대출채권,KRW,,3000000000,3000000000,27,A1,,A1,,서울파이낸스센터(주),차환발행위험(유동성 공여형 매입약정),금융기관,농협은행
69520,엔에이치에스에프씨,KRZF0041C4G1,엔에이치에스에프씨 20260108-90-4,N,20260108,20260408,대출채권,KRW,,10000000000,10000000000,27,A1,,A1,,서울파이낸스센터(주),차환발행위험(유동성 공여형 매입약정),금융기관,농협은행
69520,엔에이치에스에프씨,KRZF0041C5G1,엔에이치에스에프씨 20260108-90-5,N,20260108,20260408,대출채권,KRW,,10000000000,10000000000,27,A1,,A1,,서울파이낸스센터(주),차환발행위험(유동성 공여형 매입약정),금융기관,농협은행
69520,엔에이치에스에프씨,KRZF0041C6G1,엔에이치에스에프씨 20260108-90-6,N,20260108,20260408,대출채권,KRW,,10000000000,10000000000,27,A1,,A1,,서울파이낸스센터(주),차환발행위험(유동성 공여형 매입약정),금융기관,농협은행
69520,엔에이치에스에프씨,KRZF0041C7G1,엔에이치에스에프씨 20260108-90-7,N,20260108,20260408,대출채권,KRW,,10000000000,10000000000,27,A1,,A1,,서울파이낸스센터(주),차환발행위험(유동성 공여형 매입약정),금융기관,농협은행
69520,엔에이치에스에프씨,KRZF0041C8G1,엔에이치에스에프씨 20260108-90-8,N,20260108,20260408,대출채권,KRW,,5000000000,5000000000,27,A1,,A1,,서울파이낸스센터(주),차환발행위험(유동성 공여형 매입약정),금융기관,농협은행
69520,엔에이치에스에프씨,KRZF0041C9G1,엔에이치에스에프씨 20260108-90-9,N,20260108,20260408,대출채권,KRW,,5000000000,5000000000,27,A1,,A1,,서울파이낸스센터(주),차환발행위험(유동성 공여형 매입약정),금융기관,농협은행
58571,지아이비신정,KRZFA38041G1,지아이비신정 20260108-90-1,Y,20260108,20260408,PF대출채권,KRW,,5000000000,5000000000,27,A1,A1,,,(주)케이알파트너스,차환발행위험(유동성 공여형 매입약정),금융기관,신한은행
58571,지아이비신정,KRZFA3804AG1,지아이비신정 20260108-90-10,Y,20260108,20260408,PF대출채권,KRW,,500000000,500000000,27,A1,A1,,,(주)케이알파트너스,차환발행위험(유동성 공여형 매입약정),금융기관,신한은행
58571,지아이비신정,KRZFA3804BG1,지아이비신정 20260108-90-11,Y,20260108,20260408,PF대출채권,KRW,,500000000,500000000,27,A1,A1,,,(주)케이알파트너스,차환발행위험(유동성 공여형 매입약정),금융기관,신한은행
58571,지아이비신정,KRZFA3804CG1,지아이비신정 20260108-90-12,Y,20260108,20260408,PF대출채권,KRW,,100000000,100000000,27,A1,A1,,,(주)케이알파트너스,차환발행위험(유동성 공여형 매입약정),금융기관,신한은행
58571,지아이비신정,KRZFA3804DG1,지아이비신정 20260108-90-13,Y,20260108,20260408,PF대출채권,KRW,,100000000,100000000,27,A1,A1,,,(주)케이알파트너스,차환발행위험(유동성 공여형 매입약정),금융기관,신한은행
58571,지아이비신정,KRZFA3804EG1,지아이비신정 20260108-90-14,Y,20260108,20260408,PF대출채권,KRW,,100000000,100000000,27,A1,A1,,,(주)케이알파트너스,차환발행위험(유동성 공여형 매입약정),금융기관,신한은행
58571,지아이비신정,KRZFA3804FG1,지아이비신정 20260108-90-15,Y,20260108,20260408,PF대출채권,KRW,,100000000,100000000,27,A1,A1,,,(주)케이알파트너스,차환발행위험(유동성 공여형 매입약정),금융기관,신한은행
58571,지아이비신정,KRZFA3804GG1,지아이비신정 20260108-90-16,Y,20260108,20260408,PF대출채권,KRW,,100000000,100000000,27,A1,A1,,,(주)케이알파트너스,차환발행위험(유동성 공여형 매입약정),금융기관,신한은행
58571,지아이비신정,KRZFA38042G1,지아이비신정 20260108-90-2,Y,20260108,20260408,PF대출채권,KRW,,5000000000,5000000000,27,A1,A1,,,(주)케이알파트너스,차환발행위험(유동성 공여형 매입약정),금융기관,신한은행
58571,지아이비신정,KRZFA38043G1,지아이비신정 20260108-90-3,Y,20260108,20260408,PF대출채권,KRW,,1200000000,1200000000,27,A1,A1,,,(주)케이알파트너스,차환발행위험(유동성 공여형 매입약정),금융기관,신한은행
58571,지아이비신정,KRZFA38044G1,지아이비신정 20260108-90-4,Y,20260108,20260408,PF대출채권,KRW,,8000000000,8000000000,27,A1,A1,,,(주)케이알파트너스,차환발행위험(유동성 공여형 매입약정),금융기관,신한은행
58571,지아이비신정,KRZFA38045G1,지아이비신정 20260108-90-5,Y,20260108,20260408,PF대출채권,KRW,,2000000000,2000000000,27,A1,A1,,,(주)케이알파트너스,차환발행위험(유동성 공여형 매입약정),금융기관,신한은행
58571,지아이비신정,KRZFA38046G1,지아이비신정 20260108-90-6,Y,20260108,20260408,PF대출채권,KRW,,1000000000,1000000000,27,A1,A1,,,(주)케이알파트너스,차환발행위험(유동성 공여형 매입약정),금융기관,신한은행
58571,지아이비신정,KRZFA38047G1,지아이비신정 20260108-90-7,Y,20260108,20260408,PF대출채권,KRW,,1000000000,1000000000,27,A1,A1,,,(주)케이알파트너스,차환발행위험(유동성 공여형 매입약정),금융기관,신한은행
58571,지아이비신정,KRZFA38048G1,지아이비신정 20260108-90-8,Y,20260108,20260408,PF대출채권,KRW,,1000000000,1000000000,27,A1,A1,,,(주)케이알파트너스,차환발행위험(유동성 공여형 매입약정),금융기관,신한은행
58571,지아이비신정,KRZFA38049G1,지아이비신정 20260108-90-9,Y,20260108,20260408,PF대출채권,KRW,,500000000,500000000,27,A1,A1,,,(주)케이알파트너스,차환발행위험(유동성 공여형 매입약정),금융기관,신한은행
69521,코어씨비디제일차,KRZF0042J1G1,코어씨비디제일차 20260108-90-1,N,20260108,20260408,대출채권,KRW,,5000000000,5000000000,27,A1,,A1,,서울파이낸스센터(주),차환발행위험(유동성 공여형 매입약정),금융기관,신한은행
69521,코어씨비디제일차,KRZF0042JAG1,코어씨비디제일차 20260108-90-10,N,20260108,20260408,대출채권,KRW,,5000000000,5000000000,27,A1,,A1,,서울파이낸스센터(주),차환발행위험(유동성 공여형 매입약정),금융기관,신한은행
69521,코어씨비디제일차,KRZF0042JBG1,코어씨비디제일차 20260108-90-11,N,20260108,20260408,대출채권,KRW,,5000000000,5000000000,27,A1,,A1,,서울파이낸스센터(주),차환발행위험(유동성 공여형 매입약정),금융기관,신한은행
69521,코어씨비디제일차,KRZF0042JCG1,코어씨비디제일차 20260108-90-12,N,20260108,20260408,대출채권,KRW,,5000000000,5000000000,27,A1,,A1,,서울파이낸스센터(주),차환발행위험(유동성 공여형 매입약정),금융기관,신한은행
69521,코어씨비디제일차,KRZF0042JDG1,코어씨비디제일차 20260108-90-13,N,20260108,20260408,대출채권,KRW,,5000000000,5000000000,27,A1,,A1,,서울파이낸스센터(주),차환발행위험(유동성 공여형 매입약정),금융기관,신한은행
69521,코어씨비디제일차,KRZF0042JEG1,코어씨비디제일차 20260108-90-14,N,20260108,20260408,대출채권,KRW,,5000000000,5000000000,27,A1,,A1,,서울파이낸스센터(주),차환발행위험(유동성 공여형 매입약정),금융기관,신한은행
69521,코어씨비디제일차,KRZF0042JFG1,코어씨비디제일차 20260108-90-15,N,20260108,20260408,대출채권,KRW,,5000000000,5000000000,27,A1,,A1,,서울파이낸스센터(주),차환발행위험(유동성 공여형 매입약정),금융기관,신한은행
69521,코어씨비디제일차,KRZF0042JGG1,코어씨비디제일차 20260108-90-16,N,20260108,20260408,대출채권,KRW,,5000000000,5000000000,27,A1,,A1,,서울파이낸스센터(주),차환발행위험(유동성 공여형 매입약정),금융기관,신한은행
69521,코어씨비디제일차,KRZF0042JHG1,코어씨비디제일차 20260108-90-17,N,20260108,20260408,대출채권,KRW,,5000000000,5000000000,27,A1,,A1,,서울파이낸스센터(주),차환발행위험(유동성 공여형 매입약정),금융기관,신한은행
69521,코어씨비디제일차,KRZF0042JJG1,코어씨비디제일차 20260108-90-18,N,20260108,20260408,대출채권,KRW,,5000000000,5000000000,27,A1,,A1,,서울파이낸스센터(주),차환발행위험(유동성 공여형 매입약정),금융기관,신한은행
69521,코어씨비디제일차,KRZF0042JKG1,코어씨비디제일차 20260108-90-19,N,20260108,20260408,대출채권,KRW,,5000000000,5000000000,27,A1,,A1,,서울파이낸스센터(주),차환발행위험(유동성 공여형 매입약정),금융기관,신한은행
69521,코어씨비디제일차,KRZF0042J2G1,코어씨비디제일차 20260108-90-2,N,20260108,20260408,대출채권,KRW,,5000000000,5000000000,27,A1,,A1,,서울파이낸스센터(주),차환발행위험(유동성 공여형 매입약정),금융기관,신한은행
69521,코어씨비디제일차,KRZF0042JLG1,코어씨비디제일차 20260108-90-20,N,20260108,20260408,대출채권,KRW,,5000000000,5000000000,27,A1,,A1,,서울파이낸스센터(주),차환발행위험(유동성 공여형 매입약정),금융기관,신한은행
69521,코어씨비디제일차,KRZF0042JMG1,코어씨비디제일차 20260108-90-21,N,20260108,20260408,대출채권,KRW,,5000000000,5000000000,27,A1,,A1,,서울파이낸스센터(주),차환발행위험(유동성 공여형 매입약정),금융기관,신한은행
69521,코어씨비디제일차,KRZF0042JNG1,코어씨비디제일차 20260108-90-22,N,20260108,20260408,대출채권,KRW,,5000000000,5000000000,27,A1,,A1,,서울파이낸스센터(주),차환발행위험(유동성 공여형 매입약정),금융기관,신한은행
69521,코어씨비디제일차,KRZF0042JPG1,코어씨비디제일차 20260108-90-23,N,20260108,20260408,대출채권,KRW,,5000000000,5000000000,27,A1,,A1,,서울파이낸스센터(주),차환발행위험(유동성 공여형 매입약정),금융기관,신한은행
69521,코어씨비디제일차,KRZF0042JQG1,코어씨비디제일차 20260108-90-24,N,20260108,20260408,대출채권,KRW,,5000000000,5000000000,27,A1,,A1,,서울파이낸스센터(주),차환발행위험(유동성 공여형 매입약정),금융기관,신한은행
69521,코어씨비디제일차,KRZF0042JRG1,코어씨비디제일차 20260108-90-25,N,20260108,20260408,대출채권,KRW,,5000000000,5000000000,27,A1,,A1,,서울파이낸스센터(주),차환발행위험(유동성 공여형 매입약정),금융기관,신한은행
69521,코어씨비디제일차,KRZF0042JSG1,코어씨비디제일차 20260108-90-26,N,20260108,20260408,대출채권,KRW,,5000000000,5000000000,27,A1,,A1,,서울파이낸스센터(주),차환발행위험(유동성 공여형 매입약정),금융기관,신한은행
69521,코어씨비디제일차,KRZF0042JTG1,코어씨비디제일차 20260108-90-27,N,20260108,20260408,대출채권,KRW,,5000000000,5000000000,27,A1,,A1,,서울파이낸스센터(주),차환발행위험(유동성 공여형 매입약정),금융기관,신한은행
69521,코어씨비디제일차,KRZF0042JVG1,코어씨비디제일차 20260108-90-28,N,20260108,20260408,대출채권,KRW,,5000000000,5000000000,27,A1,,A1,,서울파이낸스센터(주),차환발행위험(유동성 공여형 매입약정),금융기관,신한은행
69521,코어씨비디제일차,KRZF0042JWG1,코어씨비디제일차 20260108-90-29,N,20260108,20260408,대출채권,KRW,,5000000000,5000000000,27,A1,,A1,,서울파이낸스센터(주),차환발행위험(유동성 공여형 매입약정),금융기관,신한은행
69521,코어씨비디제일차,KRZF0042J3G1,코어씨비디제일차 20260108-90-3,N,20260108,20260408,대출채권,KRW,,5000000000,5000000000,27,A1,,A1,,서울파이낸스센터(주),차환발행위험(유동성 공여형 매입약정),금융기관,신한은행
69521,코어씨비디제일차,KRZF0042JXG1,코어씨비디제일차 20260108-90-30,N,20260108,20260408,대출채권,KRW,,5000000000,5000000000,27,A1,,A1,,서울파이낸스센터(주),차환발행위험(유동성 공여형 매입약정),금융기관,신한은행
69521,코어씨비디제일차,KRZF0042JYG1,코어씨비디제일차 20260108-90-31,N,20260108,20260408,대출채권,KRW,,5000000000,5000000000,27,A1,,A1,,서울파이낸스센터(주),차환발행위험(유동성 공여형 매입약정),금융기관,신한은행
69521,코어씨비디제일차,KRZF0042JZG1,코어씨비디제일차 20260108-90-32,N,20260108,20260408,대출채권,KRW,,5000000000,5000000000,27,A1,,A1,,서울파이낸스센터(주),차환발행위험(유동성 공여형 매입약정),금융기관,신한은행
69521,코어씨비디제일차,KRZF0042J0GD,코어씨비디제일차 20260108-90-33,N,20260108,20260408,대출채권,KRW,,5000000000,5000000000,27,A1,,A1,,서울파이낸스센터(주),차환발행위험(유동성 공여형 매입약정),금융기관,신한은행
69521,코어씨비디제일차,KRZF0042J1GD,코어씨비디제일차 20260108-90-34,N,20260108,20260408,대출채권,KRW,,5000000000,5000000000,27,A1,,A1,,서울파이낸스센터(주),차환발행위험(유동성 공여형 매입약정),금융기관,신한은행
69521,코어씨비디제일차,KRZF0042J2GD,코어씨비디제일차 20260108-90-35,N,20260108,20260408,대출채권,KRW,,5000000000,5000000000,27,A1,,A1,,서울파이낸스센터(주),차환발행위험(유동성 공여형 매입약정),금융기관,신한은행
69521,코어씨비디제일차,KRZF0042J3GD,코어씨비디제일차 20260108-90-36,N,20260108,20260408,대출채권,KRW,,5000000000,5000000000,27,A1,,A1,,서울파이낸스센터(주),차환발행위험(유동성 공여형 매입약정),금융기관,신한은행
69521,코어씨비디제일차,KRZF0042J4GD,코어씨비디제일차 20260108-90-37,N,20260108,20260408,대출채권,KRW,,5000000000,5000000000,27,A1,,A1,,서울파이낸스센터(주),차환발행위험(유동성 공여형 매입약정),금융기관,신한은행
69521,코어씨비디제일차,KRZF0042J5GD,코어씨비디제일차 20260108-90-38,N,20260108,20260408,대출채권,KRW,,5000000000,5000000000,27,A1,,A1,,서울파이낸스센터(주),차환발행위험(유동성 공여형 매입약정),금융기관,신한은행
69521,코어씨비디제일차,KRZF0042J6GD,코어씨비디제일차 20260108-90-39,N,20260108,20260408,대출채권,KRW,,5000000000,5000000000,27,A1,,A1,,서울파이낸스센터(주),차환발행위험(유동성 공여형 매입약정),금융기관,신한은행
69521,코어씨비디제일차,KRZF0042J4G1,코어씨비디제일차 20260108-90-4,N,20260108,20260408,대출채권,KRW,,5000000000,5000000000,27,A1,,A1,,서울파이낸스센터(주),차환발행위험(유동성 공여형 매입약정),금융기관,신한은행
69521,코어씨비디제일차,KRZF0042J7GD,코어씨비디제일차 20260108-90-40,N,20260108,20260408,대출채권,KRW,,5000000000,5000000000,27,A1,,A1,,서울파이낸스센터(주),차환발행위험(유동성 공여형 매입약정),금융기관,신한은행
69521,코어씨비디제일차,KRZF0042J8GD,코어씨비디제일차 20260108-90-41,N,20260108,20260408,대출채권,KRW,,5000000000,5000000000,27,A1,,A1,,서울파이낸스센터(주),차환발행위험(유동성 공여형 매입약정),금융기관,신한은행
69521,코어씨비디제일차,KRZF0042J9GD,코어씨비디제일차 20260108-90-42,N,20260108,20260408,대출채권,KRW,,5000000000,5000000000,27,A1,,A1,,서울파이낸스센터(주),차환발행위험(유동성 공여형 매입약정),금융기관,신한은행
69521,코어씨비디제일차,KRZF0042JAGD,코어씨비디제일차 20260108-90-43,N,20260108,20260408,대출채권,KRW,,5000000000,5000000000,27,A1,,A1,,서울파이낸스센터(주),차환발행위험(유동성 공여형 매입약정),금융기관,신한은행
69521,코어씨비디제일차,KRZF0042JBGD,코어씨비디제일차 20260108-90-44,N,20260108,20260408,대출채권,KRW,,5000000000,5000000000,27,A1,,A1,,서울파이낸스센터(주),차환발행위험(유동성 공여형 매입약정),금융기관,신한은행
69521,코어씨비디제일차,KRZF0042JCGD,코어씨비디제일차 20260108-90-45,N,20260108,20260408,대출채권,KRW,,5000000000,5000000000,27,A1,,A1,,서울파이낸스센터(주),차환발행위험(유동성 공여형 매입약정),금융기관,신한은행
69521,코어씨비디제일차,KRZF0042JDGD,코어씨비디제일차 20260108-90-46,N,20260108,20260408,대출채권,KRW,,5000000000,5000000000,27,A1,,A1,,서울파이낸스센터(주),차환발행위험(유동성 공여형 매입약정),금융기관,신한은행
69521,코어씨비디제일차,KRZF0042J5G1,코어씨비디제일차 20260108-90-5,N,20260108,20260408,대출채권,KRW,,5000000000,5000000000,27,A1,,A1,,서울파이낸스센터(주),차환발행위험(유동성 공여형 매입약정),금융기관,신한은행
69521,코어씨비디제일차,KRZF0042J6G1,코어씨비디제일차 20260108-90-6,N,20260108,20260408,대출채권,KRW,,5000000000,5000000000,27,A1,,A1,,서울파이낸스센터(주),차환발행위험(유동성 공여형 매입약정),금융기관,신한은행
69521,코어씨비디제일차,KRZF0042J7G1,코어씨비디제일차 20260108-90-7,N,20260108,20260408,대출채권,KRW,,5000000000,5000000000,27,A1,,A1,,서울파이낸스센터(주),차환발행위험(유동성 공여형 매입약정),금융기관,신한은행
69521,코어씨비디제일차,KRZF0042J8G1,코어씨비디제일차 20260108-90-8,N,20260108,20260408,대출채권,KRW,,5000000000,5000000000,27,A1,,A1,,서울파이낸스센터(주),차환발행위험(유동성 공여형 매입약정),금융기관,신한은행
69521,코어씨비디제일차,KRZF0042J9G1,코어씨비디제일차 20260108-90-9,N,20260108,20260408,대출채권,KRW,,5000000000,5000000000,27,A1,,A1,,서울파이낸스센터(주),차환발행위험(유동성 공여형 매입약정),금융기관,신한은행
73319,트루프랜드경산제구차,KRZFA48461G1,트루프랜드경산제구차 20260108-151-1,Y,20260108,20260608,PF대출채권,KRW,,5000000000,5000000000,88,A1,A1,,,경산지식산업개발(주),외부 신용보강,금융기관,한국투자증권
73319,트루프랜드경산제구차,KRZFA48462G1,트루프랜드경산제구차 20260108-151-2,Y,20260108,20260608,PF대출채권,KRW,,5000000000,5000000000,88,A1,A1,,,경산지식산업개발(주),외부 신용보강,금융기관,한국투자증권
73319,트루프랜드경산제구차,KRZFA48463G1,트루프랜드경산제구차 20260108-151-3,Y,20260108,20260608,PF대출채권,KRW,,5000000000,5000000000,88,A1,A1,,,경산지식산업개발(주),외부 신용보강,금융기관,한국투자증권
73319,트루프랜드경산제구차,KRZFA48464G1,트루프랜드경산제구차 20260108-334-4,Y,20260108,20261208,PF대출채권,KRW,,5000000000,5000000000,271,A1,A1,,,경산지식산업개발(주),외부 신용보강,금융기관,한국투자증권
73319,트루프랜드경산제구차,KRZFA48465G1,트루프랜드경산제구차 20260108-334-5,Y,20260108,20261208,PF대출채권,KRW,,2000000000,2000000000,271,A1,A1,,,경산지식산업개발(주),외부 신용보강,금융기관,한국투자증권
73315,하나챔피온제오차,KRZF0152S1G1,하나챔피온제오차 20260108-326-1,N,20260108,20261130,정기예금,KRW,,5000000000,5000000000,263,,A1,A1,,하나은행,자체 신용보강,자체 신용보강,하나은행
73315,하나챔피온제오차,KRZF0152SAG1,하나챔피온제오차 20260108-326-10,N,20260108,20261130,정기예금,KRW,,5000000000,5000000000,263,,A1,A1,,하나은행,자체 신용보강,자체 신용보강,하나은행
73315,하나챔피온제오차,KRZF0152SBG1,하나챔피온제오차 20260108-326-11,N,20260108,20261130,정기예금,KRW,,5000000000,5000000000,263,,A1,A1,,하나은행,자체 신용보강,자체 신용보강,하나은행
73315,하나챔피온제오차,KRZF0152SCG1,하나챔피온제오차 20260108-326-12,N,20260108,20261130,정기예금,KRW,,5000000000,5000000000,263,,A1,A1,,하나은행,자체 신용보강,자체 신용보강,하나은행
73315,하나챔피온제오차,KRZF0152SDG1,하나챔피온제오차 20260108-326-13,N,20260108,20261130,정기예금,KRW,,5000000000,5000000000,263,,A1,A1,,하나은행,자체 신용보강,자체 신용보강,하나은행
73315,하나챔피온제오차,KRZF0152SEG1,하나챔피온제오차 20260108-326-14,N,20260108,20261130,정기예금,KRW,,5000000000,5000000000,263,,A1,A1,,하나은행,자체 신용보강,자체 신용보강,하나은행
73315,하나챔피온제오차,KRZF0152SFG1,하나챔피온제오차 20260108-326-15,N,20260108,20261130,정기예금,KRW,,5000000000,5000000000,263,,A1,A1,,하나은행,자체 신용보강,자체 신용보강,하나은행
73315,하나챔피온제오차,KRZF0152SGG1,하나챔피온제오차 20260108-326-16,N,20260108,20261130,정기예금,KRW,,5000000000,5000000000,263,,A1,A1,,하나은행,자체 신용보강,자체 신용보강,하나은행
73315,하나챔피온제오차,KRZF0152SHG1,하나챔피온제오차 20260108-326-17,N,20260108,20261130,정기예금,KRW,,5000000000,5000000000,263,,A1,A1,,하나은행,자체 신용보강,자체 신용보강,하나은행
73315,하나챔피온제오차,KRZF0152SJG1,하나챔피온제오차 20260108-326-18,N,20260108,20261130,정기예금,KRW,,5000000000,5000000000,263,,A1,A1,,하나은행,자체 신용보강,자체 신용보강,하나은행
73315,하나챔피온제오차,KRZF0152SKG1,하나챔피온제오차 20260108-326-19,N,20260108,20261130,정기예금,KRW,,5000000000,5000000000,263,,A1,A1,,하나은행,자체 신용보강,자체 신용보강,하나은행
73315,하나챔피온제오차,KRZF0152S2G1,하나챔피온제오차 20260108-326-2,N,20260108,20261130,정기예금,KRW,,5000000000,5000000000,263,,A1,A1,,하나은행,자체 신용보강,자체 신용보강,하나은행
73315,하나챔피온제오차,KRZF0152SLG1,하나챔피온제오차 20260108-326-20,N,20260108,20261130,정기예금,KRW,,5000000000,5000000000,263,,A1,A1,,하나은행,자체 신용보강,자체 신용보강,하나은행
73315,하나챔피온제오차,KRZF0152SMG1,하나챔피온제오차 20260108-326-21,N,20260108,20261130,정기예금,KRW,,5000000000,5000000000,263,,A1,A1,,하나은행,자체 신용보강,자체 신용보강,하나은행
73315,하나챔피온제오차,KRZF0152SNG1,하나챔피온제오차 20260108-326-22,N,20260108,20261130,정기예금,KRW,,5000000000,5000000000,263,,A1,A1,,하나은행,자체 신용보강,자체 신용보강,하나은행
73315,하나챔피온제오차,KRZF0152SPG1,하나챔피온제오차 20260108-326-23,N,20260108,20261130,정기예금,KRW,,5000000000,5000000000,263,,A1,A1,,하나은행,자체 신용보강,자체 신용보강,하나은행
73315,하나챔피온제오차,KRZF0152SQG1,하나챔피온제오차 20260108-326-24,N,20260108,20261130,정기예금,KRW,,5000000000,5000000000,263,,A1,A1,,하나은행,자체 신용보강,자체 신용보강,하나은행
73315,하나챔피온제오차,KRZF0152SRG1,하나챔피온제오차 20260108-326-25,N,20260108,20261130,정기예금,KRW,,5000000000,5000000000,263,,A1,A1,,하나은행,자체 신용보강,자체 신용보강,하나은행
73315,하나챔피온제오차,KRZF0152SSG1,하나챔피온제오차 20260108-326-26,N,20260108,20261130,정기예금,KRW,,5000000000,5000000000,263,,A1,A1,,하나은행,자체 신용보강,자체 신용보강,하나은행
73315,하나챔피온제오차,KRZF0152STG1,하나챔피온제오차 20260108-326-27,N,20260108,20261130,정기예금,KRW,,5000000000,5000000000,263,,A1,A1,,하나은행,자체 신용보강,자체 신용보강,하나은행
73315,하나챔피온제오차,KRZF0152SVG1,하나챔피온제오차 20260108-326-28,N,20260108,20261130,정기예금,KRW,,5000000000,5000000000,263,,A1,A1,,하나은행,자체 신용보강,자체 신용보강,하나은행
73315,하나챔피온제오차,KRZF0152SWG1,하나챔피온제오차 20260108-326-29,N,20260108,20261130,정기예금,KRW,,5000000000,5000000000,263,,A1,A1,,하나은행,자체 신용보강,자체 신용보강,하나은행
73315,하나챔피온제오차,KRZF0152S3G1,하나챔피온제오차 20260108-326-3,N,20260108,20261130,정기예금,KRW,,5000000000,5000000000,263,,A1,A1,,하나은행,자체 신용보강,자체 신용보강,하나은행
73315,하나챔피온제오차,KRZF0152SXG1,하나챔피온제오차 20260108-326-30,N,20260108,20261130,정기예금,KRW,,5000000000,5000000000,263,,A1,A1,,하나은행,자체 신용보강,자체 신용보강,하나은행
73315,하나챔피온제오차,KRZF0152SYG1,하나챔피온제오차 20260108-326-31,N,20260108,20261130,정기예금,KRW,,5000000000,5000000000,263,,A1,A1,,하나은행,자체 신용보강,자체 신용보강,하나은행
73315,하나챔피온제오차,KRZF0152SZG1,하나챔피온제오차 20260108-326-32,N,20260108,20261130,정기예금,KRW,,5000000000,5000000000,263,,A1,A1,,하나은행,자체 신용보강,자체 신용보강,하나은행
73315,하나챔피온제오차,KRZF0152S0GD,하나챔피온제오차 20260108-326-33,N,20260108,20261130,정기예금,KRW,,5000000000,5000000000,263,,A1,A1,,하나은행,자체 신용보강,자체 신용보강,하나은행
73315,하나챔피온제오차,KRZF0152S1GD,하나챔피온제오차 20260108-326-34,N,20260108,20261130,정기예금,KRW,,5000000000,5000000000,263,,A1,A1,,하나은행,자체 신용보강,자체 신용보강,하나은행
73315,하나챔피온제오차,KRZF0152S2GD,하나챔피온제오차 20260108-326-35,N,20260108,20261130,정기예금,KRW,,5000000000,5000000000,263,,A1,A1,,하나은행,자체 신용보강,자체 신용보강,하나은행
73315,하나챔피온제오차,KRZF0152S3GD,하나챔피온제오차 20260108-326-36,N,20260108,20261130,정기예금,KRW,,5000000000,5000000000,263,,A1,A1,,하나은행,자체 신용보강,자체 신용보강,하나은행
73315,하나챔피온제오차,KRZF0152S4GD,하나챔피온제오차 20260108-326-37,N,20260108,20261130,정기예금,KRW,,5000000000,5000000000,263,,A1,A1,,하나은행,자체 신용보강,자체 신용보강,하나은행
73315,하나챔피온제오차,KRZF0152S5GD,하나챔피온제오차 20260108-326-38,N,20260108,20261130,정기예금,KRW,,5000000000,5000000000,263,,A1,A1,,하나은행,자체 신용보강,자체 신용보강,하나은행
73315,하나챔피온제오차,KRZF0152S6GD,하나챔피온제오차 20260108-326-39,N,20260108,20261130,정기예금,KRW,,5000000000,5000000000,263,,A1,A1,,하나은행,자체 신용보강,자체 신용보강,하나은행
73315,하나챔피온제오차,KRZF0152S4G1,하나챔피온제오차 20260108-326-4,N,20260108,20261130,정기예금,KRW,,5000000000,5000000000,263,,A1,A1,,하나은행,자체 신용보강,자체 신용보강,하나은행
73315,하나챔피온제오차,KRZF0152S7GD,하나챔피온제오차 20260108-326-40,N,20260108,20261130,정기예금,KRW,,5000000000,5000000000,263,,A1,A1,,하나은행,자체 신용보강,자체 신용보강,하나은행
73315,하나챔피온제오차,KRZF0152S8GD,하나챔피온제오차 20260108-326-41,N,20260108,20261130,정기예금,KRW,,5000000000,5000000000,263,,A1,A1,,하나은행,자체 신용보강,자체 신용보강,하나은행
73315,하나챔피온제오차,KRZF0152S9GD,하나챔피온제오차 20260108-326-42,N,20260108,20261130,정기예금,KRW,,5000000000,5000000000,263,,A1,A1,,하나은행,자체 신용보강,자체 신용보강,하나은행
73315,하나챔피온제오차,KRZF0152SAGD,하나챔피온제오차 20260108-326-43,N,20260108,20261130,정기예금,KRW,,5000000000,5000000000,263,,A1,A1,,하나은행,자체 신용보강,자체 신용보강,하나은행
73315,하나챔피온제오차,KRZF0152SBGD,하나챔피온제오차 20260108-326-44,N,20260108,20261130,정기예금,KRW,,5000000000,5000000000,263,,A1,A1,,하나은행,자체 신용보강,자체 신용보강,하나은행
73315,하나챔피온제오차,KRZF0152SCGD,하나챔피온제오차 20260108-326-45,N,20260108,20261130,정기예금,KRW,,5000000000,5000000000,263,,A1,A1,,하나은행,자체 신용보강,자체 신용보강,하나은행
73315,하나챔피온제오차,KRZF0152SDGD,하나챔피온제오차 20260108-326-46,N,20260108,20261130,정기예금,KRW,,5000000000,5000000000,263,,A1,A1,,하나은행,자체 신용보강,자체 신용보강,하나은행
73315,하나챔피온제오차,KRZF0152SEGD,하나챔피온제오차 20260108-326-47,N,20260108,20261130,정기예금,KRW,,5000000000,5000000000,263,,A1,A1,,하나은행,자체 신용보강,자체 신용보강,하나은행
73315,하나챔피온제오차,KRZF0152SFGD,하나챔피온제오차 20260108-326-48,N,20260108,20261130,정기예금,KRW,,5000000000,5000000000,263,,A1,A1,,하나은행,자체 신용보강,자체 신용보강,하나은행
73315,하나챔피온제오차,KRZF0152SGGD,하나챔피온제오차 20260108-326-49,N,20260108,20261130,정기예금,KRW,,5000000000,5000000000,263,,A1,A1,,하나은행,자체 신용보강,자체 신용보강,하나은행
73315,하나챔피온제오차,KRZF0152S5G1,하나챔피온제오차 20260108-326-5,N,20260108,20261130,정기예금,KRW,,5000000000,5000000000,263,,A1,A1,,하나은행,자체 신용보강,자체 신용보강,하나은행
73315,하나챔피온제오차,KRZF0152S6G1,하나챔피온제오차 20260108-326-6,N,20260108,20261130,정기예금,KRW,,5000000000,5000000000,263,,A1,A1,,하나은행,자체 신용보강,자체 신용보강,하나은행
73315,하나챔피온제오차,KRZF0152S7G1,하나챔피온제오차 20260108-326-7,N,20260108,20261130,정기예금,KRW,,5000000000,5000000000,263,,A1,A1,,하나은행,자체 신용보강,자체 신용보강,하나은행
73315,하나챔피온제오차,KRZF0152S8G1,하나챔피온제오차 20260108-326-8,N,20260108,20261130,정기예금,KRW,,5000000000,5000000000,263,,A1,A1,,하나은행,자체 신용보강,자체 신용보강,하나은행
73315,하나챔피온제오차,KRZF0152S9G1,하나챔피온제오차 20260108-326-9,N,20260108,20261130,정기예금,KRW,,5000000000,5000000000,263,,A1,A1,,하나은행,자체 신용보강,자체 신용보강,하나은행
67366,케이디비첨단전략이에스지제구차,KRZFA94601G1,케이디비첨단전략이에스지제구차 20260107-90-1,N,20260107,20260407,회사채,KRW,,5000000000,5000000000,26,A1,,A1,,(주)화승코퍼레이션,외부 신용보강,금융기관,한국산업은행
67366,케이디비첨단전략이에스지제구차,KRZFA94601G1,케이디비첨단전략이에스지제구차 20260107-90-1,N,20260107,20260407,회사채,KRW,,5000000000,5000000000,26,A1,,A1,,일지테크,외부 신용보강,금융기관,한국산업은행
67366,케이디비첨단전략이에스지제구차,KRZFA94601G1,케이디비첨단전략이에스지제구차 20260107-90-1,N,20260107,20260407,회사채,KRW,,5000000000,5000000000,26,A1,,A1,,대주중공업,외부 신용보강,금융기관,한국산업은행
67366,케이디비첨단전략이에스지제구차,KRZFA94601G1,케이디비첨단전략이에스지제구차 20260107-90-1,N,20260107,20260407,회사채,KRW,,5000000000,5000000000,26,A1,,A1,,케이씨,외부 신용보강,금융기관,한국산업은행
67366,케이디비첨단전략이에스지제구차,KRZFA94601G1,케이디비첨단전략이에스지제구차 20260107-90-1,N,20260107,20260407,회사채,KRW,,5000000000,5000000000,26,A1,,A1,,삼기,외부 신용보강,금융기관,한국산업은행
67366,케이디비첨단전략이에스지제구차,KRZFA94601G1,케이디비첨단전략이에스지제구차 20260107-90-1,N,20260107,20260407,회사채,KRW,,5000000000,5000000000,26,A1,,A1,,(주)신세계까사,외부 신용보강,금융기관,한국산업은행
67366,케이디비첨단전략이에스지제구차,KRZFA94601G1,케이디비첨단전략이에스지제구차 20260107-90-1,N,20260107,20260407,회사채,KRW,,5000000000,5000000000,26,A1,,A1,,SK해운,외부 신용보강,금융기관,한국산업은행
67366,케이디비첨단전략이에스지제구차,KRZFA94601G1,케이디비첨단전략이에스지제구차 20260107-90-1,N,20260107,20260407,회사채,KRW,,5000000000,5000000000,26,A1,,A1,,신세계프라퍼티,외부 신용보강,금융기관,한국산업은행
67366,케이디비첨단전략이에스지제구차,KRZFA94601G1,케이디비첨단전략이에스지제구차 20260107-90-1,N,20260107,20260407,회사채,KRW,,5000000000,5000000000,26,A1,,A1,,네패스아크,외부 신용보강,금융기관,한국산업은행
67366,케이디비첨단전략이에스지제구차,KRZFA94601G1,케이디비첨단전략이에스지제구차 20260107-90-1,N,20260107,20260407,회사채,KRW,,5000000000,5000000000,26,A1,,A1,,(주)이테크시스템,외부 신용보강,금융기관,한국산업은행
67366,케이디비첨단전략이에스지제구차,KRZFA9460AG1,케이디비첨단전략이에스지제구차 20260107-90-10,N,20260107,20260407,회사채,KRW,,5000000000,5000000000,26,A1,,A1,,(주)화승코퍼레이션,외부 신용보강,금융기관,한국산업은행
67366,케이디비첨단전략이에스지제구차,KRZFA9460AG1,케이디비첨단전략이에스지제구차 20260107-90-10,N,20260107,20260407,회사채,KRW,,5000000000,5000000000,26,A1,,A1,,일지테크,외부 신용보강,금융기관,한국산업은행
67366,케이디비첨단전략이에스지제구차,KRZFA9460AG1,케이디비첨단전략이에스지제구차 20260107-90-10,N,20260107,20260407,회사채,KRW,,5000000000,5000000000,26,A1,,A1,,대주중공업,외부 신용보강,금융기관,한국산업은행
67366,케이디비첨단전략이에스지제구차,KRZFA9460AG1,케이디비첨단전략이에스지제구차 20260107-90-10,N,20260107,20260407,회사채,KRW,,5000000000,5000000000,26,A1,,A1,,케이씨,외부 신용보강,금융기관,한국산업은행
67366,케이디비첨단전략이에스지제구차,KRZFA9460AG1,케이디비첨단전략이에스지제구차 20260107-90-10,N,20260107,20260407,회사채,KRW,,5000000000,5000000000,26,A1,,A1,,삼기,외부 신용보강,금융기관,한국산업은행
67366,케이디비첨단전략이에스지제구차,KRZFA9460AG1,케이디비첨단전략이에스지제구차 20260107-90-10,N,20260107,20260407,회사채,KRW,,5000000000,5000000000,26,A1,,A1,,(주)신세계까사,외부 신용보강,금융기관,한국산업은행
67366,케이디비첨단전략이에스지제구차,KRZFA9460AG1,케이디비첨단전략이에스지제구차 20260107-90-10,N,20260107,20260407,회사채,KRW,,5000000000,5000000000,26,A1,,A1,,SK해운,외부 신용보강,금융기관,한국산업은행
67366,케이디비첨단전략이에스지제구차,KRZFA9460AG1,케이디비첨단전략이에스지제구차 20260107-90-10,N,20260107,20260407,회사채,KRW,,5000000000,5000000000,26,A1,,A1,,신세계프라퍼티,외부 신용보강,금융기관,한국산업은행
67366,케이디비첨단전략이에스지제구차,KRZFA9460AG1,케이디비첨단전략이에스지제구차 20260107-90-10,N,20260107,20260407,회사채,KRW,,5000000000,5000000000,26,A1,,A1,,네패스아크,외부 신용보강,금융기관,한국산업은행
67366,케이디비첨단전략이에스지제구차,KRZFA9460AG1,케이디비첨단전략이에스지제구차 20260107-90-10,N,20260107,20260407,회사채,KRW,,5000000000,5000000000,26,A1,,A1,,(주)이테크시스템,외부 신용보강,금융기관,한국산업은행
67366,케이디비첨단전략이에스지제구차,KRZFA9460BG1,케이디비첨단전략이에스지제구차 20260107-90-11,N,20260107,20260407,회사채,KRW,,5000000000,5000000000,26,A1,,A1,,(주)화승코퍼레이션,외부 신용보강,금융기관,한국산업은행
67366,케이디비첨단전략이에스지제구차,KRZFA9460BG1,케이디비첨단전략이에스지제구차 20260107-90-11,N,20260107,20260407,회사채,KRW,,5000000000,5000000000,26,A1,,A1,,일지테크,외부 신용보강,금융기관,한국산업은행
67366,케이디비첨단전략이에스지제구차,KRZFA9460BG1,케이디비첨단전략이에스지제구차 20260107-90-11,N,20260107,20260407,회사채,KRW,,5000000000,5000000000,26,A1,,A1,,대주중공업,외부 신용보강,금융기관,한국산업은행
67366,케이디비첨단전략이에스지제구차,KRZFA9460BG1,케이디비첨단전략이에스지제구차 20260107-90-11,N,20260107,20260407,회사채,KRW,,5000000000,5000000000,26,A1,,A1,,케이씨,외부 신용보강,금융기관,한국산업은행
67366,케이디비첨단전략이에스지제구차,KRZFA9460BG1,케이디비첨단전략이에스지제구차 20260107-90-11,N,20260107,20260407,회사채,KRW,,5000000000,5000000000,26,A1,,A1,,삼기,외부 신용보강,금융기관,한국산업은행
67366,케이디비첨단전략이에스지제구차,KRZFA9460BG1,케이디비첨단전략이에스지제구차 20260107-90-11,N,20260107,20260407,회사채,KRW,,5000000000,5000000000,26,A1,,A1,,(주)신세계까사,외부 신용보강,금융기관,한국산업은행
67366,케이디비첨단전략이에스지제구차,KRZFA9460BG1,케이디비첨단전략이에스지제구차 20260107-90-11,N,20260107,20260407,회사채,KRW,,5000000000,5000000000,26,A1,,A1,,SK해운,외부 신용보강,금융기관,한국산업은행
67366,케이디비첨단전략이에스지제구차,KRZFA9460BG1,케이디비첨단전략이에스지제구차 20260107-90-11,N,20260107,20260407,회사채,KRW,,5000000000,5000000000,26,A1,,A1,,신세계프라퍼티,외부 신용보강,금융기관,한국산업은행
67366,케이디비첨단전략이에스지제구차,KRZFA9460BG1,케이디비첨단전략이에스지제구차 20260107-90-11,N,20260107,20260407,회사채,KRW,,5000000000,5000000000,26,A1,,A1,,네패스아크,외부 신용보강,금융기관,한국산업은행
67366,케이디비첨단전략이에스지제구차,KRZFA9460BG1,케이디비첨단전략이에스지제구차 20260107-90-11,N,20260107,20260407,회사채,KRW,,5000000000,5000000000,26,A1,,A1,,(주)이테크시스템,외부 신용보강,금융기관,한국산업은행
67366,케이디비첨단전략이에스지제구차,KRZFA9460CG1,케이디비첨단전략이에스지제구차 20260107-90-12,N,20260107,20260407,회사채,KRW,,5000000000,5000000000,26,A1,,A1,,(주)화승코퍼레이션,외부 신용보강,금융기관,한국산업은행
67366,케이디비첨단전략이에스지제구차,KRZFA9460CG1,케이디비첨단전략이에스지제구차 20260107-90-12,N,20260107,20260407,회사채,KRW,,5000000000,5000000000,26,A1,,A1,,일지테크,외부 신용보강,금융기관,한국산업은행
67366,케이디비첨단전략이에스지제구차,KRZFA9460CG1,케이디비첨단전략이에스지제구차 20260107-90-12,N,20260107,20260407,회사채,KRW,,5000000000,5000000000,26,A1,,A1,,대주중공업,외부 신용보강,금융기관,한국산업은행
67366,케이디비첨단전략이에스지제구차,KRZFA9460CG1,케이디비첨단전략이에스지제구차 20260107-90-12,N,20260107,20260407,회사채,KRW,,5000000000,5000000000,26,A1,,A1,,케이씨,외부 신용보강,금융기관,한국산업은행
67366,케이디비첨단전략이에스지제구차,KRZFA9460CG1,케이디비첨단전략이에스지제구차 20260107-90-12,N,20260107,20260407,회사채,KRW,,5000000000,5000000000,26,A1,,A1,,삼기,외부 신용보강,금융기관,한국산업은행
67366,케이디비첨단전략이에스지제구차,KRZFA9460CG1,케이디비첨단전략이에스지제구차 20260107-90-12,N,20260107,20260407,회사채,KRW,,5000000000,5000000000,26,A1,,A1,,(주)신세계까사,외부 신용보강,금융기관,한국산업은행
67366,케이디비첨단전략이에스지제구차,KRZFA9460CG1,케이디비첨단전략이에스지제구차 20260107-90-12,N,20260107,20260407,회사채,KRW,,5000000000,5000000000,26,A1,,A1,,SK해운,외부 신용보강,금융기관,한국산업은행
67366,케이디비첨단전략이에스지제구차,KRZFA9460CG1,케이디비첨단전략이에스지제구차 20260107-90-12,N,20260107,20260407,회사채,KRW,,5000000000,5000000000,26,A1,,A1,,신세계프라퍼티,외부 신용보강,금융기관,한국산업은행
67366,케이디비첨단전략이에스지제구차,KRZFA9460CG1,케이디비첨단전략이에스지제구차 20260107-90-12,N,20260107,20260407,회사채,KRW,,5000000000,5000000000,26,A1,,A1,,네패스아크,외부 신용보강,금융기관,한국산업은행
67366,케이디비첨단전략이에스지제구차,KRZFA9460CG1,케이디비첨단전략이에스지제구차 20260107-90-12,N,20260107,20260407,회사채,KRW,,5000000000,5000000000,26,A1,,A1,,(주)이테크시스템,외부 신용보강,금융기관,한국산업은행
67366,케이디비첨단전략이에스지제구차,KRZFA9460DG1,케이디비첨단전략이에스지제구차 20260107-90-13,N,20260107,20260407,회사채,KRW,,5000000000,5000000000,26,A1,,A1,,(주)화승코퍼레이션,외부 신용보강,금융기관,한국산업은행
67366,케이디비첨단전략이에스지제구차,KRZFA9460DG1,케이디비첨단전략이에스지제구차 20260107-90-13,N,20260107,20260407,회사채,KRW,,5000000000,5000000000,26,A1,,A1,,일지테크,외부 신용보강,금융기관,한국산업은행
67366,케이디비첨단전략이에스지제구차,KRZFA9460DG1,케이디비첨단전략이에스지제구차 20260107-90-13,N,20260107,20260407,회사채,KRW,,5000000000,5000000000,26,A1,,A1,,대주중공업,외부 신용보강,금융기관,한국산업은행
67366,케이디비첨단전략이에스지제구차,KRZFA9460DG1,케이디비첨단전략이에스지제구차 20260107-90-13,N,20260107,20260407,회사채,KRW,,5000000000,5000000000,26,A1,,A1,,케이씨,외부 신용보강,금융기관,한국산업은행
67366,케이디비첨단전략이에스지제구차,KRZFA9460DG1,케이디비첨단전략이에스지제구차 20260107-90-13,N,20260107,20260407,회사채,KRW,,5000000000,5000000000,26,A1,,A1,,삼기,외부 신용보강,금융기관,한국산업은행
67366,케이디비첨단전략이에스지제구차,KRZFA9460DG1,케이디비첨단전략이에스지제구차 20260107-90-13,N,20260107,20260407,회사채,KRW,,5000000000,5000000000,26,A1,,A1,,(주)신세계까사,외부 신용보강,금융기관,한국산업은행
67366,케이디비첨단전략이에스지제구차,KRZFA9460DG1,케이디비첨단전략이에스지제구차 20260107-90-13,N,20260107,20260407,회사채,KRW,,5000000000,5000000000,26,A1,,A1,,SK해운,외부 신용보강,금융기관,한국산업은행
67366,케이디비첨단전략이에스지제구차,KRZFA9460DG1,케이디비첨단전략이에스지제구차 20260107-90-13,N,20260107,20260407,회사채,KRW,,5000000000,5000000000,26,A1,,A1,,신세계프라퍼티,외부 신용보강,금융기관,한국산업은행
67366,케이디비첨단전략이에스지제구차,KRZFA9460DG1,케이디비첨단전략이에스지제구차 20260107-90-13,N,20260107,20260407,회사채,KRW,,5000000000,5000000000,26,A1,,A1,,네패스아크,외부 신용보강,금융기관,한국산업은행
67366,케이디비첨단전략이에스지제구차,KRZFA9460DG1,케이디비첨단전략이에스지제구차 20260107-90-13,N,20260107,20260407,회사채,KRW,,5000000000,5000000000,26,A1,,A1,,(주)이테크시스템,외부 신용보강,금융기관,한국산업은행
67366,케이디비첨단전략이에스지제구차,KRZFA9460EG1,케이디비첨단전략이에스지제구차 20260107-90-14,N,20260107,20260407,회사채,KRW,,5000000000,5000000000,26,A1,,A1,,(주)화승코퍼레이션,외부 신용보강,금융기관,한국산업은행
67366,케이디비첨단전략이에스지제구차,KRZFA9460EG1,케이디비첨단전략이에스지제구차 20260107-90-14,N,20260107,20260407,회사채,KRW,,5000000000,5000000000,26,A1,,A1,,일지테크,외부 신용보강,금융기관,한국산업은행
67366,케이디비첨단전략이에스지제구차,KRZFA9460EG1,케이디비첨단전략이에스지제구차 20260107-90-14,N,20260107,20260407,회사채,KRW,,5000000000,5000000000,26,A1,,A1,,대주중공업,외부 신용보강,금융기관,한국산업은행
67366,케이디비첨단전략이에스지제구차,KRZFA9460EG1,케이디비첨단전략이에스지제구차 20260107-90-14,N,20260107,20260407,회사채,KRW,,5000000000,5000000000,26,A1,,A1,,케이씨,외부 신용보강,금융기관,한국산업은행
67366,케이디비첨단전략이에스지제구차,KRZFA9460EG1,케이디비첨단전략이에스지제구차 20260107-90-14,N,20260107,20260407,회사채,KRW,,5000000000,5000000000,26,A1,,A1,,삼기,외부 신용보강,금융기관,한국산업은행
67366,케이디비첨단전략이에스지제구차,KRZFA9460EG1,케이디비첨단전략이에스지제구차 20260107-90-14,N,20260107,20260407,회사채,KRW,,5000000000,5000000000,26,A1,,A1,,(주)신세계까사,외부 신용보강,금융기관,한국산업은행
67366,케이디비첨단전략이에스지제구차,KRZFA9460EG1,케이디비첨단전략이에스지제구차 20260107-90-14,N,20260107,20260407,회사채,KRW,,5000000000,5000000000,26,A1,,A1,,SK해운,외부 신용보강,금융기관,한국산업은행
67366,케이디비첨단전략이에스지제구차,KRZFA9460EG1,케이디비첨단전략이에스지제구차 20260107-90-14,N,20260107,20260407,회사채,KRW,,5000000000,5000000000,26,A1,,A1,,신세계프라퍼티,외부 신용보강,금융기관,한국산업은행
67366,케이디비첨단전략이에스지제구차,KRZFA9460EG1,케이디비첨단전략이에스지제구차 20260107-90-14,N,20260107,20260407,회사채,KRW,,5000000000,5000000000,26,A1,,A1,,네패스아크,외부 신용보강,금융기관,한국산업은행
67366,케이디비첨단전략이에스지제구차,KRZFA9460EG1,케이디비첨단전략이에스지제구차 20260107-90-14,N,20260107,20260407,회사채,KRW,,5000000000,5000000000,26,A1,,A1,,(주)이테크시스템,외부 신용보강,금융기관,한국산업은행
67366,케이디비첨단전략이에스지제구차,KRZFA9460FG1,케이디비첨단전략이에스지제구차 20260107-90-15,N,20260107,20260407,회사채,KRW,,10000000000,10000000000,26,A1,,A1,,(주)화승코퍼레이션,외부 신용보강,금융기관,한국산업은행
67366,케이디비첨단전략이에스지제구차,KRZFA9460FG1,케이디비첨단전략이에스지제구차 20260107-90-15,N,20260107,20260407,회사채,KRW,,10000000000,10000000000,26,A1,,A1,,일지테크,외부 신용보강,금융기관,한국산업은행
67366,케이디비첨단전략이에스지제구차,KRZFA9460FG1,케이디비첨단전략이에스지제구차 20260107-90-15,N,20260107,20260407,회사채,KRW,,10000000000,10000000000,26,A1,,A1,,대주중공업,외부 신용보강,금융기관,한국산업은행
67366,케이디비첨단전략이에스지제구차,KRZFA9460FG1,케이디비첨단전략이에스지제구차 20260107-90-15,N,20260107,20260407,회사채,KRW,,10000000000,10000000000,26,A1,,A1,,케이씨,외부 신용보강,금융기관,한국산업은행
67366,케이디비첨단전략이에스지제구차,KRZFA9460FG1,케이디비첨단전략이에스지제구차 20260107-90-15,N,20260107,20260407,회사채,KRW,,10000000000,10000000000,26,A1,,A1,,삼기,외부 신용보강,금융기관,한국산업은행
67366,케이디비첨단전략이에스지제구차,KRZFA9460FG1,케이디비첨단전략이에스지제구차 20260107-90-15,N,20260107,20260407,회사채,KRW,,10000000000,10000000000,26,A1,,A1,,(주)신세계까사,외부 신용보강,금융기관,한국산업은행
67366,케이디비첨단전략이에스지제구차,KRZFA9460FG1,케이디비첨단전략이에스지제구차 20260107-90-15,N,20260107,20260407,회사채,KRW,,10000000000,10000000000,26,A1,,A1,,SK해운,외부 신용보강,금융기관,한국산업은행
67366,케이디비첨단전략이에스지제구차,KRZFA9460FG1,케이디비첨단전략이에스지제구차 20260107-90-15,N,20260107,20260407,회사채,KRW,,10000000000,10000000000,26,A1,,A1,,신세계프라퍼티,외부 신용보강,금융기관,한국산업은행
67366,케이디비첨단전략이에스지제구차,KRZFA9460FG1,케이디비첨단전략이에스지제구차 20260107-90-15,N,20260107,20260407,회사채,KRW,,10000000000,10000000000,26,A1,,A1,,네패스아크,외부 신용보강,금융기관,한국산업은행
67366,케이디비첨단전략이에스지제구차,KRZFA9460FG1,케이디비첨단전략이에스지제구차 20260107-90-15,N,20260107,20260407,회사채,KRW,,10000000000,10000000000,26,A1,,A1,,(주)이테크시스템,외부 신용보강,금융기관,한국산업은행
67366,케이디비첨단전략이에스지제구차,KRZFA9460GG1,케이디비첨단전략이에스지제구차 20260107-90-16,N,20260107,20260407,회사채,KRW,,5000000000,5000000000,26,A1,,A1,,(주)화승코퍼레이션,외부 신용보강,금융기관,한국산업은행
67366,케이디비첨단전략이에스지제구차,KRZFA9460GG1,케이디비첨단전략이에스지제구차 20260107-90-16,N,20260107,20260407,회사채,KRW,,5000000000,5000000000,26,A1,,A1,,일지테크,외부 신용보강,금융기관,한국산업은행
67366,케이디비첨단전략이에스지제구차,KRZFA9460GG1,케이디비첨단전략이에스지제구차 20260107-90-16,N,20260107,20260407,회사채,KRW,,5000000000,5000000000,26,A1,,A1,,대주중공업,외부 신용보강,금융기관,한국산업은행
67366,케이디비첨단전략이에스지제구차,KRZFA9460GG1,케이디비첨단전략이에스지제구차 20260107-90-16,N,20260107,20260407,회사채,KRW,,5000000000,5000000000,26,A1,,A1,,케이씨,외부 신용보강,금융기관,한국산업은행
67366,케이디비첨단전략이에스지제구차,KRZFA9460GG1,케이디비첨단전략이에스지제구차 20260107-90-16,N,20260107,20260407,회사채,KRW,,5000000000,5000000000,26,A1,,A1,,삼기,외부 신용보강,금융기관,한국산업은행
67366,케이디비첨단전략이에스지제구차,KRZFA9460GG1,케이디비첨단전략이에스지제구차 20260107-90-16,N,20260107,20260407,회사채,KRW,,5000000000,5000000000,26,A1,,A1,,(주)신세계까사,외부 신용보강,금융기관,한국산업은행
67366,케이디비첨단전략이에스지제구차,KRZFA9460GG1,케이디비첨단전략이에스지제구차 20260107-90-16,N,20260107,20260407,회사채,KRW,,5000000000,5000000000,26,A1,,A1,,SK해운,외부 신용보강,금융기관,한국산업은행
67366,케이디비첨단전략이에스지제구차,KRZFA9460GG1,케이디비첨단전략이에스지제구차 20260107-90-16,N,20260107,20260407,회사채,KRW,,5000000000,5000000000,26,A1,,A1,,신세계프라퍼티,외부 신용보강,금융기관,한국산업은행
67366,케이디비첨단전략이에스지제구차,KRZFA9460GG1,케이디비첨단전략이에스지제구차 20260107-90-16,N,20260107,20260407,회사채,KRW,,5000000000,5000000000,26,A1,,A1,,네패스아크,외부 신용보강,금융기관,한국산업은행
67366,케이디비첨단전략이에스지제구차,KRZFA9460GG1,케이디비첨단전략이에스지제구차 20260107-90-16,N,20260107,20260407,회사채,KRW,,5000000000,5000000000,26,A1,,A1,,(주)이테크시스템,외부 신용보강,금융기관,한국산업은행
67366,케이디비첨단전략이에스지제구차,KRZFA9460HG1,케이디비첨단전략이에스지제구차 20260107-90-17,N,20260107,20260407,회사채,KRW,,5000000000,5000000000,26,A1,,A1,,(주)화승코퍼레이션,외부 신용보강,금융기관,한국산업은행
67366,케이디비첨단전략이에스지제구차,KRZFA9460HG1,케이디비첨단전략이에스지제구차 20260107-90-17,N,20260107,20260407,회사채,KRW,,5000000000,5000000000,26,A1,,A1,,일지테크,외부 신용보강,금융기관,한국산업은행
67366,케이디비첨단전략이에스지제구차,KRZFA9460HG1,케이디비첨단전략이에스지제구차 20260107-90-17,N,20260107,20260407,회사채,KRW,,5000000000,5000000000,26,A1,,A1,,대주중공업,외부 신용보강,금융기관,한국산업은행
67366,케이디비첨단전략이에스지제구차,KRZFA9460HG1,케이디비첨단전략이에스지제구차 20260107-90-17,N,20260107,20260407,회사채,KRW,,5000000000,5000000000,26,A1,,A1,,케이씨,외부 신용보강,금융기관,한국산업은행
67366,케이디비첨단전략이에스지제구차,KRZFA9460HG1,케이디비첨단전략이에스지제구차 20260107-90-17,N,20260107,20260407,회사채,KRW,,5000000000,5000000000,26,A1,,A1,,삼기,외부 신용보강,금융기관,한국산업은행
67366,케이디비첨단전략이에스지제구차,KRZFA9460HG1,케이디비첨단전략이에스지제구차 20260107-90-17,N,20260107,20260407,회사채,KRW,,5000000000,5000000000,26,A1,,A1,,(주)신세계까사,외부 신용보강,금융기관,한국산업은행
67366,케이디비첨단전략이에스지제구차,KRZFA9460HG1,케이디비첨단전략이에스지제구차 20260107-90-17,N,20260107,20260407,회사채,KRW,,5000000000,5000000000,26,A1,,A1,,SK해운,외부 신용보강,금융기관,한국산업은행
67366,케이디비첨단전략이에스지제구차,KRZFA9460HG1,케이디비첨단전략이에스지제구차 20260107-90-17,N,20260107,20260407,회사채,KRW,,5000000000,5000000000,26,A1,,A1,,신세계프라퍼티,외부 신용보강,금융기관,한국산업은행
67366,케이디비첨단전략이에스지제구차,KRZFA9460HG1,케이디비첨단전략이에스지제구차 20260107-90-17,N,20260107,20260407,회사채,KRW,,5000000000,5000000000,26,A1,,A1,,네패스아크,외부 신용보강,금융기관,한국산업은행
67366,케이디비첨단전략이에스지제구차,KRZFA9460HG1,케이디비첨단전략이에스지제구차 20260107-90-17,N,20260107,20260407,회사채,KRW,,5000000000,5000000000,26,A1,,A1,,(주)이테크시스템,외부 신용보강,금융기관,한국산업은행
67366,케이디비첨단전략이에스지제구차,KRZFA9460JG1,케이디비첨단전략이에스지제구차 20260107-90-18,N,20260107,20260407,회사채,KRW,,5000000000,5000000000,26,A1,,A1,,(주)화승코퍼레이션,외부 신용보강,금융기관,한국산업은행
67366,케이디비첨단전략이에스지제구차,KRZFA9460JG1,케이디비첨단전략이에스지제구차 20260107-90-18,N,20260107,20260407,회사채,KRW,,5000000000,5000000000,26,A1,,A1,,일지테크,외부 신용보강,금융기관,한국산업은행
67366,케이디비첨단전략이에스지제구차,KRZFA9460JG1,케이디비첨단전략이에스지제구차 20260107-90-18,N,20260107,20260407,회사채,KRW,,5000000000,5000000000,26,A1,,A1,,대주중공업,외부 신용보강,금융기관,한국산업은행
67366,케이디비첨단전략이에스지제구차,KRZFA9460JG1,케이디비첨단전략이에스지제구차 20260107-90-18,N,20260107,20260407,회사채,KRW,,5000000000,5000000000,26,A1,,A1,,케이씨,외부 신용보강,금융기관,한국산업은행
67366,케이디비첨단전략이에스지제구차,KRZFA9460JG1,케이디비첨단전략이에스지제구차 20260107-90-18,N,20260107,20260407,회사채,KRW,,5000000000,5000000000,26,A1,,A1,,삼기,외부 신용보강,금융기관,한국산업은행
67366,케이디비첨단전략이에스지제구차,KRZFA9460JG1,케이디비첨단전략이에스지제구차 20260107-90-18,N,20260107,20260407,회사채,KRW,,5000000000,5000000000,26,A1,,A1,,(주)신세계까사,외부 신용보강,금융기관,한국산업은행
67366,케이디비첨단전략이에스지제구차,KRZFA9460JG1,케이디비첨단전략이에스지제구차 20260107-90-18,N,20260107,20260407,회사채,KRW,,5000000000,5000000000,26,A1,,A1,,SK해운,외부 신용보강,금융기관,한국산업은행
67366,케이디비첨단전략이에스지제구차,KRZFA9460JG1,케이디비첨단전략이에스지제구차 20260107-90-18,N,20260107,20260407,회사채,KRW,,5000000000,5000000000,26,A1,,A1,,신세계프라퍼티,외부 신용보강,금융기관,한국산업은행
67366,케이디비첨단전략이에스지제구차,KRZFA9460JG1,케이디비첨단전략이에스지제구차 20260107-90-18,N,20260107,20260407,회사채,KRW,,5000000000,5000000000,26,A1,,A1,,네패스아크,외부 신용보강,금융기관,한국산업은행
67366,케이디비첨단전략이에스지제구차,KRZFA9460JG1,케이디비첨단전략이에스지제구차 20260107-90-18,N,20260107,20260407,회사채,KRW,,5000000000,5000000000,26,A1,,A1,,(주)이테크시스템,외부 신용보강,금융기관,한국산업은행
67366,케이디비첨단전략이에스지제구차,KRZFA9460KG1,케이디비첨단전략이에스지제구차 20260107-90-19,N,20260107,20260407,회사채,KRW,,5000000000,5000000000,26,A1,,A1,,(주)화승코퍼레이션,외부 신용보강,금융기관,한국산업은행
67366,케이디비첨단전략이에스지제구차,KRZFA9460KG1,케이디비첨단전략이에스지제구차 20260107-90-19,N,20260107,20260407,회사채,KRW,,5000000000,5000000000,26,A1,,A1,,일지테크,외부 신용보강,금융기관,한국산업은행
67366,케이디비첨단전략이에스지제구차,KRZFA9460KG1,케이디비첨단전략이에스지제구차 20260107-90-19,N,20260107,20260407,회사채,KRW,,5000000000,5000000000,26,A1,,A1,,대주중공업,외부 신용보강,금융기관,한국산업은행
67366,케이디비첨단전략이에스지제구차,KRZFA9460KG1,케이디비첨단전략이에스지제구차 20260107-90-19,N,20260107,20260407,회사채,KRW,,5000000000,5000000000,26,A1,,A1,,케이씨,외부 신용보강,금융기관,한국산업은행
67366,케이디비첨단전략이에스지제구차,KRZFA9460KG1,케이디비첨단전략이에스지제구차 20260107-90-19,N,20260107,20260407,회사채,KRW,,5000000000,5000000000,26,A1,,A1,,삼기,외부 신용보강,금융기관,한국산업은행
67366,케이디비첨단전략이에스지제구차,KRZFA9460KG1,케이디비첨단전략이에스지제구차 20260107-90-19,N,20260107,20260407,회사채,KRW,,5000000000,5000000000,26,A1,,A1,,(주)신세계까사,외부 신용보강,금융기관,한국산업은행
67366,케이디비첨단전략이에스지제구차,KRZFA9460KG1,케이디비첨단전략이에스지제구차 20260107-90-19,N,20260107,20260407,회사채,KRW,,5000000000,5000000000,26,A1,,A1,,SK해운,외부 신용보강,금융기관,한국산업은행
67366,케이디비첨단전략이에스지제구차,KRZFA9460KG1,케이디비첨단전략이에스지제구차 20260107-90-19,N,20260107,20260407,회사채,KRW,,5000000000,5000000000,26,A1,,A1,,신세계프라퍼티,외부 신용보강,금융기관,한국산업은행
67366,케이디비첨단전략이에스지제구차,KRZFA9460KG1,케이디비첨단전략이에스지제구차 20260107-90-19,N,20260107,20260407,회사채,KRW,,5000000000,5000000000,26,A1,,A1,,네패스아크,외부 신용보강,금융기관,한국산업은행
67366,케이디비첨단전략이에스지제구차,KRZFA9460KG1,케이디비첨단전략이에스지제구차 20260107-90-19,N,20260107,20260407,회사채,KRW,,5000000000,5000000000,26,A1,,A1,,(주)이테크시스템,외부 신용보강,금융기관,한국산업은행
67366,케이디비첨단전략이에스지제구차,KRZFA94602G1,케이디비첨단전략이에스지제구차 20260107-90-2,N,20260107,20260407,회사채,KRW,,5000000000,5000000000,26,A1,,A1,,(주)화승코퍼레이션,외부 신용보강,금융기관,한국산업은행
67366,케이디비첨단전략이에스지제구차,KRZFA94602G1,케이디비첨단전략이에스지제구차 20260107-90-2,N,20260107,20260407,회사채,KRW,,5000000000,5000000000,26,A1,,A1,,일지테크,외부 신용보강,금융기관,한국산업은행
67366,케이디비첨단전략이에스지제구차,KRZFA94602G1,케이디비첨단전략이에스지제구차 20260107-90-2,N,20260107,20260407,회사채,KRW,,5000000000,5000000000,26,A1,,A1,,대주중공업,외부 신용보강,금융기관,한국산업은행
67366,케이디비첨단전략이에스지제구차,KRZFA94602G1,케이디비첨단전략이에스지제구차 20260107-90-2,N,20260107,20260407,회사채,KRW,,5000000000,5000000000,26,A1,,A1,,케이씨,외부 신용보강,금융기관,한국산업은행
67366,케이디비첨단전략이에스지제구차,KRZFA94602G1,케이디비첨단전략이에스지제구차 20260107-90-2,N,20260107,20260407,회사채,KRW,,5000000000,5000000000,26,A1,,A1,,삼기,외부 신용보강,금융기관,한국산업은행
67366,케이디비첨단전략이에스지제구차,KRZFA94602G1,케이디비첨단전략이에스지제구차 20260107-90-2,N,20260107,20260407,회사채,KRW,,5000000000,5000000000,26,A1,,A1,,(주)신세계까사,외부 신용보강,금융기관,한국산업은행
67366,케이디비첨단전략이에스지제구차,KRZFA94602G1,케이디비첨단전략이에스지제구차 20260107-90-2,N,20260107,20260407,회사채,KRW,,5000000000,5000000000,26,A1,,A1,,SK해운,외부 신용보강,금융기관,한국산업은행
67366,케이디비첨단전략이에스지제구차,KRZFA94602G1,케이디비첨단전략이에스지제구차 20260107-90-2,N,20260107,20260407,회사채,KRW,,5000000000,5000000000,26,A1,,A1,,신세계프라퍼티,외부 신용보강,금융기관,한국산업은행
67366,케이디비첨단전략이에스지제구차,KRZFA94602G1,케이디비첨단전략이에스지제구차 20260107-90-2,N,20260107,20260407,회사채,KRW,,5000000000,5000000000,26,A1,,A1,,네패스아크,외부 신용보강,금융기관,한국산업은행
67366,케이디비첨단전략이에스지제구차,KRZFA94602G1,케이디비첨단전략이에스지제구차 20260107-90-2,N,20260107,20260407,회사채,KRW,,5000000000,5000000000,26,A1,,A1,,(주)이테크시스템,외부 신용보강,금융기관,한국산업은행
67366,케이디비첨단전략이에스지제구차,KRZFA9460LG1,케이디비첨단전략이에스지제구차 20260107-90-20,N,20260107,20260407,회사채,KRW,,5000000000,5000000000,26,A1,,A1,,(주)화승코퍼레이션,외부 신용보강,금융기관,한국산업은행
67366,케이디비첨단전략이에스지제구차,KRZFA9460LG1,케이디비첨단전략이에스지제구차 20260107-90-20,N,20260107,20260407,회사채,KRW,,5000000000,5000000000,26,A1,,A1,,일지테크,외부 신용보강,금융기관,한국산업은행
67366,케이디비첨단전략이에스지제구차,KRZFA9460LG1,케이디비첨단전략이에스지제구차 20260107-90-20,N,20260107,20260407,회사채,KRW,,5000000000,5000000000,26,A1,,A1,,대주중공업,외부 신용보강,금융기관,한국산업은행
67366,케이디비첨단전략이에스지제구차,KRZFA9460LG1,케이디비첨단전략이에스지제구차 20260107-90-20,N,20260107,20260407,회사채,KRW,,5000000000,5000000000,26,A1,,A1,,케이씨,외부 신용보강,금융기관,한국산업은행
67366,케이디비첨단전략이에스지제구차,KRZFA9460LG1,케이디비첨단전략이에스지제구차 20260107-90-20,N,20260107,20260407,회사채,KRW,,5000000000,5000000000,26,A1,,A1,,삼기,외부 신용보강,금융기관,한국산업은행
67366,케이디비첨단전략이에스지제구차,KRZFA9460LG1,케이디비첨단전략이에스지제구차 20260107-90-20,N,20260107,20260407,회사채,KRW,,5000000000,5000000000,26,A1,,A1,,(주)신세계까사,외부 신용보강,금융기관,한국산업은행
67366,케이디비첨단전략이에스지제구차,KRZFA9460LG1,케이디비첨단전략이에스지제구차 20260107-90-20,N,20260107,20260407,회사채,KRW,,5000000000,5000000000,26,A1,,A1,,SK해운,외부 신용보강,금융기관,한국산업은행
67366,케이디비첨단전략이에스지제구차,KRZFA9460LG1,케이디비첨단전략이에스지제구차 20260107-90-20,N,20260107,20260407,회사채,KRW,,5000000000,5000000000,26,A1,,A1,,신세계프라퍼티,외부 신용보강,금융기관,한국산업은행
67366,케이디비첨단전략이에스지제구차,KRZFA9460LG1,케이디비첨단전략이에스지제구차 20260107-90-20,N,20260107,20260407,회사채,KRW,,5000000000,5000000000,26,A1,,A1,,네패스아크,외부 신용보강,금융기관,한국산업은행
67366,케이디비첨단전략이에스지제구차,KRZFA9460LG1,케이디비첨단전략이에스지제구차 20260107-90-20,N,20260107,20260407,회사채,KRW,,5000000000,5000000000,26,A1,,A1,,(주)이테크시스템,외부 신용보강,금융기관,한국산업은행
67366,케이디비첨단전략이에스지제구차,KRZFA9460MG1,케이디비첨단전략이에스지제구차 20260107-90-21,N,20260107,20260407,회사채,KRW,,5000000000,5000000000,26,A1,,A1,,(주)화승코퍼레이션,외부 신용보강,금융기관,한국산업은행
67366,케이디비첨단전략이에스지제구차,KRZFA9460MG1,케이디비첨단전략이에스지제구차 20260107-90-21,N,20260107,20260407,회사채,KRW,,5000000000,5000000000,26,A1,,A1,,일지테크,외부 신용보강,금융기관,한국산업은행
67366,케이디비첨단전략이에스지제구차,KRZFA9460MG1,케이디비첨단전략이에스지제구차 20260107-90-21,N,20260107,20260407,회사채,KRW,,5000000000,5000000000,26,A1,,A1,,대주중공업,외부 신용보강,금융기관,한국산업은행
67366,케이디비첨단전략이에스지제구차,KRZFA9460MG1,케이디비첨단전략이에스지제구차 20260107-90-21,N,20260107,20260407,회사채,KRW,,5000000000,5000000000,26,A1,,A1,,케이씨,외부 신용보강,금융기관,한국산업은행
67366,케이디비첨단전략이에스지제구차,KRZFA9460MG1,케이디비첨단전략이에스지제구차 20260107-90-21,N,20260107,20260407,회사채,KRW,,5000000000,5000000000,26,A1,,A1,,삼기,외부 신용보강,금융기관,한국산업은행
67366,케이디비첨단전략이에스지제구차,KRZFA9460MG1,케이디비첨단전략이에스지제구차 20260107-90-21,N,20260107,20260407,회사채,KRW,,5000000000,5000000000,26,A1,,A1,,(주)신세계까사,외부 신용보강,금융기관,한국산업은행
67366,케이디비첨단전략이에스지제구차,KRZFA9460MG1,케이디비첨단전략이에스지제구차 20260107-90-21,N,20260107,20260407,회사채,KRW,,5000000000,5000000000,26,A1,,A1,,SK해운,외부 신용보강,금융기관,한국산업은행
67366,케이디비첨단전략이에스지제구차,KRZFA9460MG1,케이디비첨단전략이에스지제구차 20260107-90-21,N,20260107,20260407,회사채,KRW,,5000000000,5000000000,26,A1,,A1,,신세계프라퍼티,외부 신용보강,금융기관,한국산업은행
67366,케이디비첨단전략이에스지제구차,KRZFA9460MG1,케이디비첨단전략이에스지제구차 20260107-90-21,N,20260107,20260407,회사채,KRW,,5000000000,5000000000,26,A1,,A1,,네패스아크,외부 신용보강,금융기관,한국산업은행
67366,케이디비첨단전략이에스지제구차,KRZFA9460MG1,케이디비첨단전략이에스지제구차 20260107-90-21,N,20260107,20260407,회사채,KRW,,5000000000,5000000000,26,A1,,A1,,(주)이테크시스템,외부 신용보강,금융기관,한국산업은행
67366,케이디비첨단전략이에스지제구차,KRZFA9460NG1,케이디비첨단전략이에스지제구차 20260107-90-22,N,20260107,20260407,회사채,KRW,,5000000000,5000000000,26,A1,,A1,,(주)화승코퍼레이션,외부 신용보강,금융기관,한국산업은행
67366,케이디비첨단전략이에스지제구차,KRZFA9460NG1,케이디비첨단전략이에스지제구차 20260107-90-22,N,20260107,20260407,회사채,KRW,,5000000000,5000000000,26,A1,,A1,,일지테크,외부 신용보강,금융기관,한국산업은행
67366,케이디비첨단전략이에스지제구차,KRZFA9460NG1,케이디비첨단전략이에스지제구차 20260107-90-22,N,20260107,20260407,회사채,KRW,,5000000000,5000000000,26,A1,,A1,,대주중공업,외부 신용보강,금융기관,한국산업은행
67366,케이디비첨단전략이에스지제구차,KRZFA9460NG1,케이디비첨단전략이에스지제구차 20260107-90-22,N,20260107,20260407,회사채,KRW,,5000000000,5000000000,26,A1,,A1,,케이씨,외부 신용보강,금융기관,한국산업은행
67366,케이디비첨단전략이에스지제구차,KRZFA9460NG1,케이디비첨단전략이에스지제구차 20260107-90-22,N,20260107,20260407,회사채,KRW,,5000000000,5000000000,26,A1,,A1,,삼기,외부 신용보강,금융기관,한국산업은행
67366,케이디비첨단전략이에스지제구차,KRZFA9460NG1,케이디비첨단전략이에스지제구차 20260107-90-22,N,20260107,20260407,회사채,KRW,,5000000000,5000000000,26,A1,,A1,,(주)신세계까사,외부 신용보강,금융기관,한국산업은행
67366,케이디비첨단전략이에스지제구차,KRZFA9460NG1,케이디비첨단전략이에스지제구차 20260107-90-22,N,20260107,20260407,회사채,KRW,,5000000000,5000000000,26,A1,,A1,,SK해운,외부 신용보강,금융기관,한국산업은행
67366,케이디비첨단전략이에스지제구차,KRZFA9460NG1,케이디비첨단전략이에스지제구차 20260107-90-22,N,20260107,20260407,회사채,KRW,,5000000000,5000000000,26,A1,,A1,,신세계프라퍼티,외부 신용보강,금융기관,한국산업은행
67366,케이디비첨단전략이에스지제구차,KRZFA9460NG1,케이디비첨단전략이에스지제구차 20260107-90-22,N,20260107,20260407,회사채,KRW,,5000000000,5000000000,26,A1,,A1,,네패스아크,외부 신용보강,금융기관,한국산업은행
67366,케이디비첨단전략이에스지제구차,KRZFA9460NG1,케이디비첨단전략이에스지제구차 20260107-90-22,N,20260107,20260407,회사채,KRW,,5000000000,5000000000,26,A1,,A1,,(주)이테크시스템,외부 신용보강,금융기관,한국산업은행
67366,케이디비첨단전략이에스지제구차,KRZFA9460PG1,케이디비첨단전략이에스지제구차 20260107-90-23,N,20260107,20260407,회사채,KRW,,5000000000,5000000000,26,A1,,A1,,(주)화승코퍼레이션,외부 신용보강,금융기관,한국산업은행
67366,케이디비첨단전략이에스지제구차,KRZFA9460PG1,케이디비첨단전략이에스지제구차 20260107-90-23,N,20260107,20260407,회사채,KRW,,5000000000,5000000000,26,A1,,A1,,일지테크,외부 신용보강,금융기관,한국산업은행
67366,케이디비첨단전략이에스지제구차,KRZFA9460PG1,케이디비첨단전략이에스지제구차 20260107-90-23,N,20260107,20260407,회사채,KRW,,5000000000,5000000000,26,A1,,A1,,대주중공업,외부 신용보강,금융기관,한국산업은행
67366,케이디비첨단전략이에스지제구차,KRZFA9460PG1,케이디비첨단전략이에스지제구차 20260107-90-23,N,20260107,20260407,회사채,KRW,,5000000000,5000000000,26,A1,,A1,,케이씨,외부 신용보강,금융기관,한국산업은행
67366,케이디비첨단전략이에스지제구차,KRZFA9460PG1,케이디비첨단전략이에스지제구차 20260107-90-23,N,20260107,20260407,회사채,KRW,,5000000000,5000000000,26,A1,,A1,,삼기,외부 신용보강,금융기관,한국산업은행
67366,케이디비첨단전략이에스지제구차,KRZFA9460PG1,케이디비첨단전략이에스지제구차 20260107-90-23,N,20260107,20260407,회사채,KRW,,5000000000,5000000000,26,A1,,A1,,(주)신세계까사,외부 신용보강,금융기관,한국산업은행
67366,케이디비첨단전략이에스지제구차,KRZFA9460PG1,케이디비첨단전략이에스지제구차 20260107-90-23,N,20260107,20260407,회사채,KRW,,5000000000,5000000000,26,A1,,A1,,SK해운,외부 신용보강,금융기관,한국산업은행
67366,케이디비첨단전략이에스지제구차,KRZFA9460PG1,케이디비첨단전략이에스지제구차 20260107-90-23,N,20260107,20260407,회사채,KRW,,5000000000,5000000000,26,A1,,A1,,신세계프라퍼티,외부 신용보강,금융기관,한국산업은행
67366,케이디비첨단전략이에스지제구차,KRZFA9460PG1,케이디비첨단전략이에스지제구차 20260107-90-23,N,20260107,20260407,회사채,KRW,,5000000000,5000000000,26,A1,,A1,,네패스아크,외부 신용보강,금융기관,한국산업은행
67366,케이디비첨단전략이에스지제구차,KRZFA9460PG1,케이디비첨단전략이에스지제구차 20260107-90-23,N,20260107,20260407,회사채,KRW,,5000000000,5000000000,26,A1,,A1,,(주)이테크시스템,외부 신용보강,금융기관,한국산업은행
67366,케이디비첨단전략이에스지제구차,KRZFA9460QG1,케이디비첨단전략이에스지제구차 20260107-90-24,N,20260107,20260407,회사채,KRW,,5000000000,5000000000,26,A1,,A1,,(주)화승코퍼레이션,외부 신용보강,금융기관,한국산업은행
67366,케이디비첨단전략이에스지제구차,KRZFA9460QG1,케이디비첨단전략이에스지제구차 20260107-90-24,N,20260107,20260407,회사채,KRW,,5000000000,5000000000,26,A1,,A1,,일지테크,외부 신용보강,금융기관,한국산업은행
67366,케이디비첨단전략이에스지제구차,KRZFA9460QG1,케이디비첨단전략이에스지제구차 20260107-90-24,N,20260107,20260407,회사채,KRW,,5000000000,5000000000,26,A1,,A1,,대주중공업,외부 신용보강,금융기관,한국산업은행
67366,케이디비첨단전략이에스지제구차,KRZFA9460QG1,케이디비첨단전략이에스지제구차 20260107-90-24,N,20260107,20260407,회사채,KRW,,5000000000,5000000000,26,A1,,A1,,케이씨,외부 신용보강,금융기관,한국산업은행
67366,케이디비첨단전략이에스지제구차,KRZFA9460QG1,케이디비첨단전략이에스지제구차 20260107-90-24,N,20260107,20260407,회사채,KRW,,5000000000,5000000000,26,A1,,A1,,삼기,외부 신용보강,금융기관,한국산업은행
67366,케이디비첨단전략이에스지제구차,KRZFA9460QG1,케이디비첨단전략이에스지제구차 20260107-90-24,N,20260107,20260407,회사채,KRW,,5000000000,5000000000,26,A1,,A1,,(주)신세계까사,외부 신용보강,금융기관,한국산업은행
67366,케이디비첨단전략이에스지제구차,KRZFA9460QG1,케이디비첨단전략이에스지제구차 20260107-90-24,N,20260107,20260407,회사채,KRW,,5000000000,5000000000,26,A1,,A1,,SK해운,외부 신용보강,금융기관,한국산업은행
67366,케이디비첨단전략이에스지제구차,KRZFA9460QG1,케이디비첨단전략이에스지제구차 20260107-90-24,N,20260107,20260407,회사채,KRW,,5000000000,5000000000,26,A1,,A1,,신세계프라퍼티,외부 신용보강,금융기관,한국산업은행
67366,케이디비첨단전략이에스지제구차,KRZFA9460QG1,케이디비첨단전략이에스지제구차 20260107-90-24,N,20260107,20260407,회사채,KRW,,5000000000,5000000000,26,A1,,A1,,네패스아크,외부 신용보강,금융기관,한국산업은행
67366,케이디비첨단전략이에스지제구차,KRZFA9460QG1,케이디비첨단전략이에스지제구차 20260107-90-24,N,20260107,20260407,회사채,KRW,,5000000000,5000000000,26,A1,,A1,,(주)이테크시스템,외부 신용보강,금융기관,한국산업은행
67366,케이디비첨단전략이에스지제구차,KRZFA9460RG1,케이디비첨단전략이에스지제구차 20260107-90-25,N,20260107,20260407,회사채,KRW,,5000000000,5000000000,26,A1,,A1,,(주)화승코퍼레이션,외부 신용보강,금융기관,한국산업은행
67366,케이디비첨단전략이에스지제구차,KRZFA9460RG1,케이디비첨단전략이에스지제구차 20260107-90-25,N,20260107,20260407,회사채,KRW,,5000000000,5000000000,26,A1,,A1,,일지테크,외부 신용보강,금융기관,한국산업은행
67366,케이디비첨단전략이에스지제구차,KRZFA9460RG1,케이디비첨단전략이에스지제구차 20260107-90-25,N,20260107,20260407,회사채,KRW,,5000000000,5000000000,26,A1,,A1,,대주중공업,외부 신용보강,금융기관,한국산업은행
67366,케이디비첨단전략이에스지제구차,KRZFA9460RG1,케이디비첨단전략이에스지제구차 20260107-90-25,N,20260107,20260407,회사채,KRW,,5000000000,5000000000,26,A1,,A1,,케이씨,외부 신용보강,금융기관,한국산업은행
67366,케이디비첨단전략이에스지제구차,KRZFA9460RG1,케이디비첨단전략이에스지제구차 20260107-90-25,N,20260107,20260407,회사채,KRW,,5000000000,5000000000,26,A1,,A1,,삼기,외부 신용보강,금융기관,한국산업은행
67366,케이디비첨단전략이에스지제구차,KRZFA9460RG1,케이디비첨단전략이에스지제구차 20260107-90-25,N,20260107,20260407,회사채,KRW,,5000000000,5000000000,26,A1,,A1,,(주)신세계까사,외부 신용보강,금융기관,한국산업은행
67366,케이디비첨단전략이에스지제구차,KRZFA9460RG1,케이디비첨단전략이에스지제구차 20260107-90-25,N,20260107,20260407,회사채,KRW,,5000000000,5000000000,26,A1,,A1,,SK해운,외부 신용보강,금융기관,한국산업은행
67366,케이디비첨단전략이에스지제구차,KRZFA9460RG1,케이디비첨단전략이에스지제구차 20260107-90-25,N,20260107,20260407,회사채,KRW,,5000000000,5000000000,26,A1,,A1,,신세계프라퍼티,외부 신용보강,금융기관,한국산업은행
67366,케이디비첨단전략이에스지제구차,KRZFA9460RG1,케이디비첨단전략이에스지제구차 20260107-90-25,N,20260107,20260407,회사채,KRW,,5000000000,5000000000,26,A1,,A1,,네패스아크,외부 신용보강,금융기관,한국산업은행
67366,케이디비첨단전략이에스지제구차,KRZFA9460RG1,케이디비첨단전략이에스지제구차 20260107-90-25,N,20260107,20260407,회사채,KRW,,5000000000,5000000000,26,A1,,A1,,(주)이테크시스템,외부 신용보강,금융기관,한국산업은행
67366,케이디비첨단전략이에스지제구차,KRZFA9460SG1,케이디비첨단전략이에스지제구차 20260107-90-26,N,20260107,20260407,회사채,KRW,,5000000000,5000000000,26,A1,,A1,,(주)화승코퍼레이션,외부 신용보강,금융기관,한국산업은행
67366,케이디비첨단전략이에스지제구차,KRZFA9460SG1,케이디비첨단전략이에스지제구차 20260107-90-26,N,20260107,20260407,회사채,KRW,,5000000000,5000000000,26,A1,,A1,,일지테크,외부 신용보강,금융기관,한국산업은행
67366,케이디비첨단전략이에스지제구차,KRZFA9460SG1,케이디비첨단전략이에스지제구차 20260107-90-26,N,20260107,20260407,회사채,KRW,,5000000000,5000000000,26,A1,,A1,,대주중공업,외부 신용보강,금융기관,한국산업은행
67366,케이디비첨단전략이에스지제구차,KRZFA9460SG1,케이디비첨단전략이에스지제구차 20260107-90-26,N,20260107,20260407,회사채,KRW,,5000000000,5000000000,26,A1,,A1,,케이씨,외부 신용보강,금융기관,한국산업은행
67366,케이디비첨단전략이에스지제구차,KRZFA9460SG1,케이디비첨단전략이에스지제구차 20260107-90-26,N,20260107,20260407,회사채,KRW,,5000000000,5000000000,26,A1,,A1,,삼기,외부 신용보강,금융기관,한국산업은행
67366,케이디비첨단전략이에스지제구차,KRZFA9460SG1,케이디비첨단전략이에스지제구차 20260107-90-26,N,20260107,20260407,회사채,KRW,,5000000000,5000000000,26,A1,,A1,,(주)신세계까사,외부 신용보강,금융기관,한국산업은행
67366,케이디비첨단전략이에스지제구차,KRZFA9460SG1,케이디비첨단전략이에스지제구차 20260107-90-26,N,20260107,20260407,회사채,KRW,,5000000000,5000000000,26,A1,,A1,,SK해운,외부 신용보강,금융기관,한국산업은행
67366,케이디비첨단전략이에스지제구차,KRZFA9460SG1,케이디비첨단전략이에스지제구차 20260107-90-26,N,20260107,20260407,회사채,KRW,,5000000000,5000000000,26,A1,,A1,,신세계프라퍼티,외부 신용보강,금융기관,한국산업은행
67366,케이디비첨단전략이에스지제구차,KRZFA9460SG1,케이디비첨단전략이에스지제구차 20260107-90-26,N,20260107,20260407,회사채,KRW,,5000000000,5000000000,26,A1,,A1,,네패스아크,외부 신용보강,금융기관,한국산업은행
67366,케이디비첨단전략이에스지제구차,KRZFA9460SG1,케이디비첨단전략이에스지제구차 20260107-90-26,N,20260107,20260407,회사채,KRW,,5000000000,5000000000,26,A1,,A1,,(주)이테크시스템,외부 신용보강,금융기관,한국산업은행
67366,케이디비첨단전략이에스지제구차,KRZFA9460TG1,케이디비첨단전략이에스지제구차 20260107-90-27,N,20260107,20260407,회사채,KRW,,5000000000,5000000000,26,A1,,A1,,(주)화승코퍼레이션,외부 신용보강,금융기관,한국산업은행
67366,케이디비첨단전략이에스지제구차,KRZFA9460TG1,케이디비첨단전략이에스지제구차 20260107-90-27,N,20260107,20260407,회사채,KRW,,5000000000,5000000000,26,A1,,A1,,일지테크,외부 신용보강,금융기관,한국산업은행
67366,케이디비첨단전략이에스지제구차,KRZFA9460TG1,케이디비첨단전략이에스지제구차 20260107-90-27,N,20260107,20260407,회사채,KRW,,5000000000,5000000000,26,A1,,A1,,대주중공업,외부 신용보강,금융기관,한국산업은행
67366,케이디비첨단전략이에스지제구차,KRZFA9460TG1,케이디비첨단전략이에스지제구차 20260107-90-27,N,20260107,20260407,회사채,KRW,,5000000000,5000000000,26,A1,,A1,,케이씨,외부 신용보강,금융기관,한국산업은행
67366,케이디비첨단전략이에스지제구차,KRZFA9460TG1,케이디비첨단전략이에스지제구차 20260107-90-27,N,20260107,20260407,회사채,KRW,,5000000000,5000000000,26,A1,,A1,,삼기,외부 신용보강,금융기관,한국산업은행
67366,케이디비첨단전략이에스지제구차,KRZFA9460TG1,케이디비첨단전략이에스지제구차 20260107-90-27,N,20260107,20260407,회사채,KRW,,5000000000,5000000000,26,A1,,A1,,(주)신세계까사,외부 신용보강,금융기관,한국산업은행
67366,케이디비첨단전략이에스지제구차,KRZFA9460TG1,케이디비첨단전략이에스지제구차 20260107-90-27,N,20260107,20260407,회사채,KRW,,5000000000,5000000000,26,A1,,A1,,SK해운,외부 신용보강,금융기관,한국산업은행
67366,케이디비첨단전략이에스지제구차,KRZFA9460TG1,케이디비첨단전략이에스지제구차 20260107-90-27,N,20260107,20260407,회사채,KRW,,5000000000,5000000000,26,A1,,A1,,신세계프라퍼티,외부 신용보강,금융기관,한국산업은행
67366,케이디비첨단전략이에스지제구차,KRZFA9460TG1,케이디비첨단전략이에스지제구차 20260107-90-27,N,20260107,20260407,회사채,KRW,,5000000000,5000000000,26,A1,,A1,,네패스아크,외부 신용보강,금융기관,한국산업은행
67366,케이디비첨단전략이에스지제구차,KRZFA9460TG1,케이디비첨단전략이에스지제구차 20260107-90-27,N,20260107,20260407,회사채,KRW,,5000000000,5000000000,26,A1,,A1,,(주)이테크시스템,외부 신용보강,금융기관,한국산업은행
67366,케이디비첨단전략이에스지제구차,KRZFA9460VG1,케이디비첨단전략이에스지제구차 20260107-90-28,N,20260107,20260407,회사채,KRW,,5000000000,5000000000,26,A1,,A1,,(주)화승코퍼레이션,외부 신용보강,금융기관,한국산업은행
67366,케이디비첨단전략이에스지제구차,KRZFA9460VG1,케이디비첨단전략이에스지제구차 20260107-90-28,N,20260107,20260407,회사채,KRW,,5000000000,5000000000,26,A1,,A1,,일지테크,외부 신용보강,금융기관,한국산업은행
67366,케이디비첨단전략이에스지제구차,KRZFA9460VG1,케이디비첨단전략이에스지제구차 20260107-90-28,N,20260107,20260407,회사채,KRW,,5000000000,5000000000,26,A1,,A1,,대주중공업,외부 신용보강,금융기관,한국산업은행
67366,케이디비첨단전략이에스지제구차,KRZFA9460VG1,케이디비첨단전략이에스지제구차 20260107-90-28,N,20260107,20260407,회사채,KRW,,5000000000,5000000000,26,A1,,A1,,케이씨,외부 신용보강,금융기관,한국산업은행
67366,케이디비첨단전략이에스지제구차,KRZFA9460VG1,케이디비첨단전략이에스지제구차 20260107-90-28,N,20260107,20260407,회사채,KRW,,5000000000,5000000000,26,A1,,A1,,삼기,외부 신용보강,금융기관,한국산업은행
67366,케이디비첨단전략이에스지제구차,KRZFA9460VG1,케이디비첨단전략이에스지제구차 20260107-90-28,N,20260107,20260407,회사채,KRW,,5000000000,5000000000,26,A1,,A1,,(주)신세계까사,외부 신용보강,금융기관,한국산업은행
67366,케이디비첨단전략이에스지제구차,KRZFA9460VG1,케이디비첨단전략이에스지제구차 20260107-90-28,N,20260107,20260407,회사채,KRW,,5000000000,5000000000,26,A1,,A1,,SK해운,외부 신용보강,금융기관,한국산업은행
67366,케이디비첨단전략이에스지제구차,KRZFA9460VG1,케이디비첨단전략이에스지제구차 20260107-90-28,N,20260107,20260407,회사채,KRW,,5000000000,5000000000,26,A1,,A1,,신세계프라퍼티,외부 신용보강,금융기관,한국산업은행
67366,케이디비첨단전략이에스지제구차,KRZFA9460VG1,케이디비첨단전략이에스지제구차 20260107-90-28,N,20260107,20260407,회사채,KRW,,5000000000,5000000000,26,A1,,A1,,네패스아크,외부 신용보강,금융기관,한국산업은행
67366,케이디비첨단전략이에스지제구차,KRZFA9460VG1,케이디비첨단전략이에스지제구차 20260107-90-28,N,20260107,20260407,회사채,KRW,,5000000000,5000000000,26,A1,,A1,,(주)이테크시스템,외부 신용보강,금융기관,한국산업은행
67366,케이디비첨단전략이에스지제구차,KRZFA9460WG1,케이디비첨단전략이에스지제구차 20260107-90-29,N,20260107,20260407,회사채,KRW,,5000000000,5000000000,26,A1,,A1,,(주)화승코퍼레이션,외부 신용보강,금융기관,한국산업은행
67366,케이디비첨단전략이에스지제구차,KRZFA9460WG1,케이디비첨단전략이에스지제구차 20260107-90-29,N,20260107,20260407,회사채,KRW,,5000000000,5000000000,26,A1,,A1,,일지테크,외부 신용보강,금융기관,한국산업은행
67366,케이디비첨단전략이에스지제구차,KRZFA9460WG1,케이디비첨단전략이에스지제구차 20260107-90-29,N,20260107,20260407,회사채,KRW,,5000000000,5000000000,26,A1,,A1,,대주중공업,외부 신용보강,금융기관,한국산업은행
67366,케이디비첨단전략이에스지제구차,KRZFA9460WG1,케이디비첨단전략이에스지제구차 20260107-90-29,N,20260107,20260407,회사채,KRW,,5000000000,5000000000,26,A1,,A1,,케이씨,외부 신용보강,금융기관,한국산업은행
67366,케이디비첨단전략이에스지제구차,KRZFA9460WG1,케이디비첨단전략이에스지제구차 20260107-90-29,N,20260107,20260407,회사채,KRW,,5000000000,5000000000,26,A1,,A1,,삼기,외부 신용보강,금융기관,한국산업은행
67366,케이디비첨단전략이에스지제구차,KRZFA9460WG1,케이디비첨단전략이에스지제구차 20260107-90-29,N,20260107,20260407,회사채,KRW,,5000000000,5000000000,26,A1,,A1,,(주)신세계까사,외부 신용보강,금융기관,한국산업은행
67366,케이디비첨단전략이에스지제구차,KRZFA9460WG1,케이디비첨단전략이에스지제구차 20260107-90-29,N,20260107,20260407,회사채,KRW,,5000000000,5000000000,26,A1,,A1,,SK해운,외부 신용보강,금융기관,한국산업은행
67366,케이디비첨단전략이에스지제구차,KRZFA9460WG1,케이디비첨단전략이에스지제구차 20260107-90-29,N,20260107,20260407,회사채,KRW,,5000000000,5000000000,26,A1,,A1,,신세계프라퍼티,외부 신용보강,금융기관,한국산업은행
67366,케이디비첨단전략이에스지제구차,KRZFA9460WG1,케이디비첨단전략이에스지제구차 20260107-90-29,N,20260107,20260407,회사채,KRW,,5000000000,5000000000,26,A1,,A1,,네패스아크,외부 신용보강,금융기관,한국산업은행
67366,케이디비첨단전략이에스지제구차,KRZFA9460WG1,케이디비첨단전략이에스지제구차 20260107-90-29,N,20260107,20260407,회사채,KRW,,5000000000,5000000000,26,A1,,A1,,(주)이테크시스템,외부 신용보강,금융기관,한국산업은행
67366,케이디비첨단전략이에스지제구차,KRZFA94603G1,케이디비첨단전략이에스지제구차 20260107-90-3,N,20260107,20260407,회사채,KRW,,5000000000,5000000000,26,A1,,A1,,(주)화승코퍼레이션,외부 신용보강,금융기관,한국산업은행
67366,케이디비첨단전략이에스지제구차,KRZFA94603G1,케이디비첨단전략이에스지제구차 20260107-90-3,N,20260107,20260407,회사채,KRW,,5000000000,5000000000,26,A1,,A1,,일지테크,외부 신용보강,금융기관,한국산업은행
67366,케이디비첨단전략이에스지제구차,KRZFA94603G1,케이디비첨단전략이에스지제구차 20260107-90-3,N,20260107,20260407,회사채,KRW,,5000000000,5000000000,26,A1,,A1,,대주중공업,외부 신용보강,금융기관,한국산업은행
67366,케이디비첨단전략이에스지제구차,KRZFA94603G1,케이디비첨단전략이에스지제구차 20260107-90-3,N,20260107,20260407,회사채,KRW,,5000000000,5000000000,26,A1,,A1,,케이씨,외부 신용보강,금융기관,한국산업은행
67366,케이디비첨단전략이에스지제구차,KRZFA94603G1,케이디비첨단전략이에스지제구차 20260107-90-3,N,20260107,20260407,회사채,KRW,,5000000000,5000000000,26,A1,,A1,,삼기,외부 신용보강,금융기관,한국산업은행
67366,케이디비첨단전략이에스지제구차,KRZFA94603G1,케이디비첨단전략이에스지제구차 20260107-90-3,N,20260107,20260407,회사채,KRW,,5000000000,5000000000,26,A1,,A1,,(주)신세계까사,외부 신용보강,금융기관,한국산업은행
67366,케이디비첨단전략이에스지제구차,KRZFA94603G1,케이디비첨단전략이에스지제구차 20260107-90-3,N,20260107,20260407,회사채,KRW,,5000000000,5000000000,26,A1,,A1,,SK해운,외부 신용보강,금융기관,한국산업은행
67366,케이디비첨단전략이에스지제구차,KRZFA94603G1,케이디비첨단전략이에스지제구차 20260107-90-3,N,20260107,20260407,회사채,KRW,,5000000000,5000000000,26,A1,,A1,,신세계프라퍼티,외부 신용보강,금융기관,한국산업은행
67366,케이디비첨단전략이에스지제구차,KRZFA94603G1,케이디비첨단전략이에스지제구차 20260107-90-3,N,20260107,20260407,회사채,KRW,,5000000000,5000000000,26,A1,,A1,,네패스아크,외부 신용보강,금융기관,한국산업은행
67366,케이디비첨단전략이에스지제구차,KRZFA94603G1,케이디비첨단전략이에스지제구차 20260107-90-3,N,20260107,20260407,회사채,KRW,,5000000000,5000000000,26,A1,,A1,,(주)이테크시스템,외부 신용보강,금융기관,한국산업은행
67366,케이디비첨단전략이에스지제구차,KRZFA9460XG1,케이디비첨단전략이에스지제구차 20260107-90-30,N,20260107,20260407,회사채,KRW,,5000000000,5000000000,26,A1,,A1,,(주)화승코퍼레이션,외부 신용보강,금융기관,한국산업은행
67366,케이디비첨단전략이에스지제구차,KRZFA9460XG1,케이디비첨단전략이에스지제구차 20260107-90-30,N,20260107,20260407,회사채,KRW,,5000000000,5000000000,26,A1,,A1,,일지테크,외부 신용보강,금융기관,한국산업은행
67366,케이디비첨단전략이에스지제구차,KRZFA9460XG1,케이디비첨단전략이에스지제구차 20260107-90-30,N,20260107,20260407,회사채,KRW,,5000000000,5000000000,26,A1,,A1,,대주중공업,외부 신용보강,금융기관,한국산업은행
67366,케이디비첨단전략이에스지제구차,KRZFA9460XG1,케이디비첨단전략이에스지제구차 20260107-90-30,N,20260107,20260407,회사채,KRW,,5000000000,5000000000,26,A1,,A1,,케이씨,외부 신용보강,금융기관,한국산업은행
67366,케이디비첨단전략이에스지제구차,KRZFA9460XG1,케이디비첨단전략이에스지제구차 20260107-90-30,N,20260107,20260407,회사채,KRW,,5000000000,5000000000,26,A1,,A1,,삼기,외부 신용보강,금융기관,한국산업은행
67366,케이디비첨단전략이에스지제구차,KRZFA9460XG1,케이디비첨단전략이에스지제구차 20260107-90-30,N,20260107,20260407,회사채,KRW,,5000000000,5000000000,26,A1,,A1,,(주)신세계까사,외부 신용보강,금융기관,한국산업은행
67366,케이디비첨단전략이에스지제구차,KRZFA9460XG1,케이디비첨단전략이에스지제구차 20260107-90-30,N,20260107,20260407,회사채,KRW,,5000000000,5000000000,26,A1,,A1,,SK해운,외부 신용보강,금융기관,한국산업은행
67366,케이디비첨단전략이에스지제구차,KRZFA9460XG1,케이디비첨단전략이에스지제구차 20260107-90-30,N,20260107,20260407,회사채,KRW,,5000000000,5000000000,26,A1,,A1,,신세계프라퍼티,외부 신용보강,금융기관,한국산업은행
67366,케이디비첨단전략이에스지제구차,KRZFA9460XG1,케이디비첨단전략이에스지제구차 20260107-90-30,N,20260107,20260407,회사채,KRW,,5000000000,5000000000,26,A1,,A1,,네패스아크,외부 신용보강,금융기관,한국산업은행
67366,케이디비첨단전략이에스지제구차,KRZFA9460XG1,케이디비첨단전략이에스지제구차 20260107-90-30,N,20260107,20260407,회사채,KRW,,5000000000,5000000000,26,A1,,A1,,(주)이테크시스템,외부 신용보강,금융기관,한국산업은행
67366,케이디비첨단전략이에스지제구차,KRZFA9460YG1,케이디비첨단전략이에스지제구차 20260107-90-31,N,20260107,20260407,회사채,KRW,,5000000000,5000000000,26,A1,,A1,,(주)화승코퍼레이션,외부 신용보강,금융기관,한국산업은행
67366,케이디비첨단전략이에스지제구차,KRZFA9460YG1,케이디비첨단전략이에스지제구차 20260107-90-31,N,20260107,20260407,회사채,KRW,,5000000000,5000000000,26,A1,,A1,,일지테크,외부 신용보강,금융기관,한국산업은행
67366,케이디비첨단전략이에스지제구차,KRZFA9460YG1,케이디비첨단전략이에스지제구차 20260107-90-31,N,20260107,20260407,회사채,KRW,,5000000000,5000000000,26,A1,,A1,,대주중공업,외부 신용보강,금융기관,한국산업은행
67366,케이디비첨단전략이에스지제구차,KRZFA9460YG1,케이디비첨단전략이에스지제구차 20260107-90-31,N,20260107,20260407,회사채,KRW,,5000000000,5000000000,26,A1,,A1,,케이씨,외부 신용보강,금융기관,한국산업은행
67366,케이디비첨단전략이에스지제구차,KRZFA9460YG1,케이디비첨단전략이에스지제구차 20260107-90-31,N,20260107,20260407,회사채,KRW,,5000000000,5000000000,26,A1,,A1,,삼기,외부 신용보강,금융기관,한국산업은행
67366,케이디비첨단전략이에스지제구차,KRZFA9460YG1,케이디비첨단전략이에스지제구차 20260107-90-31,N,20260107,20260407,회사채,KRW,,5000000000,5000000000,26,A1,,A1,,(주)신세계까사,외부 신용보강,금융기관,한국산업은행
67366,케이디비첨단전략이에스지제구차,KRZFA9460YG1,케이디비첨단전략이에스지제구차 20260107-90-31,N,20260107,20260407,회사채,KRW,,5000000000,5000000000,26,A1,,A1,,SK해운,외부 신용보강,금융기관,한국산업은행
67366,케이디비첨단전략이에스지제구차,KRZFA9460YG1,케이디비첨단전략이에스지제구차 20260107-90-31,N,20260107,20260407,회사채,KRW,,5000000000,5000000000,26,A1,,A1,,신세계프라퍼티,외부 신용보강,금융기관,한국산업은행
67366,케이디비첨단전략이에스지제구차,KRZFA9460YG1,케이디비첨단전략이에스지제구차 20260107-90-31,N,20260107,20260407,회사채,KRW,,5000000000,5000000000,26,A1,,A1,,네패스아크,외부 신용보강,금융기관,한국산업은행
67366,케이디비첨단전략이에스지제구차,KRZFA9460YG1,케이디비첨단전략이에스지제구차 20260107-90-31,N,20260107,20260407,회사채,KRW,,5000000000,5000000000,26,A1,,A1,,(주)이테크시스템,외부 신용보강,금융기관,한국산업은행
67366,케이디비첨단전략이에스지제구차,KRZFA9460ZG1,케이디비첨단전략이에스지제구차 20260107-90-32,N,20260107,20260407,회사채,KRW,,2600000000,2600000000,26,A1,,A1,,(주)화승코퍼레이션,외부 신용보강,금융기관,한국산업은행
67366,케이디비첨단전략이에스지제구차,KRZFA9460ZG1,케이디비첨단전략이에스지제구차 20260107-90-32,N,20260107,20260407,회사채,KRW,,2600000000,2600000000,26,A1,,A1,,일지테크,외부 신용보강,금융기관,한국산업은행
67366,케이디비첨단전략이에스지제구차,KRZFA9460ZG1,케이디비첨단전략이에스지제구차 20260107-90-32,N,20260107,20260407,회사채,KRW,,2600000000,2600000000,26,A1,,A1,,대주중공업,외부 신용보강,금융기관,한국산업은행
67366,케이디비첨단전략이에스지제구차,KRZFA9460ZG1,케이디비첨단전략이에스지제구차 20260107-90-32,N,20260107,20260407,회사채,KRW,,2600000000,2600000000,26,A1,,A1,,케이씨,외부 신용보강,금융기관,한국산업은행
67366,케이디비첨단전략이에스지제구차,KRZFA9460ZG1,케이디비첨단전략이에스지제구차 20260107-90-32,N,20260107,20260407,회사채,KRW,,2600000000,2600000000,26,A1,,A1,,삼기,외부 신용보강,금융기관,한국산업은행
67366,케이디비첨단전략이에스지제구차,KRZFA9460ZG1,케이디비첨단전략이에스지제구차 20260107-90-32,N,20260107,20260407,회사채,KRW,,2600000000,2600000000,26,A1,,A1,,(주)신세계까사,외부 신용보강,금융기관,한국산업은행
67366,케이디비첨단전략이에스지제구차,KRZFA9460ZG1,케이디비첨단전략이에스지제구차 20260107-90-32,N,20260107,20260407,회사채,KRW,,2600000000,2600000000,26,A1,,A1,,SK해운,외부 신용보강,금융기관,한국산업은행
67366,케이디비첨단전략이에스지제구차,KRZFA9460ZG1,케이디비첨단전략이에스지제구차 20260107-90-32,N,20260107,20260407,회사채,KRW,,2600000000,2600000000,26,A1,,A1,,신세계프라퍼티,외부 신용보강,금융기관,한국산업은행
67366,케이디비첨단전략이에스지제구차,KRZFA9460ZG1,케이디비첨단전략이에스지제구차 20260107-90-32,N,20260107,20260407,회사채,KRW,,2600000000,2600000000,26,A1,,A1,,네패스아크,외부 신용보강,금융기관,한국산업은행
67366,케이디비첨단전략이에스지제구차,KRZFA9460ZG1,케이디비첨단전략이에스지제구차 20260107-90-32,N,20260107,20260407,회사채,KRW,,2600000000,2600000000,26,A1,,A1,,(주)이테크시스템,외부 신용보강,금융기관,한국산업은행
67366,케이디비첨단전략이에스지제구차,KRZFA94600GD,케이디비첨단전략이에스지제구차 20260107-90-33,N,20260107,20260407,회사채,KRW,,10000000000,10000000000,26,A1,,A1,,(주)화승코퍼레이션,외부 신용보강,금융기관,한국산업은행
67366,케이디비첨단전략이에스지제구차,KRZFA94600GD,케이디비첨단전략이에스지제구차 20260107-90-33,N,20260107,20260407,회사채,KRW,,10000000000,10000000000,26,A1,,A1,,일지테크,외부 신용보강,금융기관,한국산업은행
67366,케이디비첨단전략이에스지제구차,KRZFA94600GD,케이디비첨단전략이에스지제구차 20260107-90-33,N,20260107,20260407,회사채,KRW,,10000000000,10000000000,26,A1,,A1,,대주중공업,외부 신용보강,금융기관,한국산업은행
67366,케이디비첨단전략이에스지제구차,KRZFA94600GD,케이디비첨단전략이에스지제구차 20260107-90-33,N,20260107,20260407,회사채,KRW,,10000000000,10000000000,26,A1,,A1,,케이씨,외부 신용보강,금융기관,한국산업은행
67366,케이디비첨단전략이에스지제구차,KRZFA94600GD,케이디비첨단전략이에스지제구차 20260107-90-33,N,20260107,20260407,회사채,KRW,,10000000000,10000000000,26,A1,,A1,,삼기,외부 신용보강,금융기관,한국산업은행
67366,케이디비첨단전략이에스지제구차,KRZFA94600GD,케이디비첨단전략이에스지제구차 20260107-90-33,N,20260107,20260407,회사채,KRW,,10000000000,10000000000,26,A1,,A1,,(주)신세계까사,외부 신용보강,금융기관,한국산업은행
67366,케이디비첨단전략이에스지제구차,KRZFA94600GD,케이디비첨단전략이에스지제구차 20260107-90-33,N,20260107,20260407,회사채,KRW,,10000000000,10000000000,26,A1,,A1,,SK해운,외부 신용보강,금융기관,한국산업은행
67366,케이디비첨단전략이에스지제구차,KRZFA94600GD,케이디비첨단전략이에스지제구차 20260107-90-33,N,20260107,20260407,회사채,KRW,,10000000000,10000000000,26,A1,,A1,,신세계프라퍼티,외부 신용보강,금융기관,한국산업은행
67366,케이디비첨단전략이에스지제구차,KRZFA94600GD,케이디비첨단전략이에스지제구차 20260107-90-33,N,20260107,20260407,회사채,KRW,,10000000000,10000000000,26,A1,,A1,,네패스아크,외부 신용보강,금융기관,한국산업은행
67366,케이디비첨단전략이에스지제구차,KRZFA94600GD,케이디비첨단전략이에스지제구차 20260107-90-33,N,20260107,20260407,회사채,KRW,,10000000000,10000000000,26,A1,,A1,,(주)이테크시스템,외부 신용보강,금융기관,한국산업은행
67366,케이디비첨단전략이에스지제구차,KRZFA94601GD,케이디비첨단전략이에스지제구차 20260107-90-34,N,20260107,20260407,회사채,KRW,,5000000000,5000000000,26,A1,,A1,,(주)화승코퍼레이션,외부 신용보강,금융기관,한국산업은행
67366,케이디비첨단전략이에스지제구차,KRZFA94601GD,케이디비첨단전략이에스지제구차 20260107-90-34,N,20260107,20260407,회사채,KRW,,5000000000,5000000000,26,A1,,A1,,일지테크,외부 신용보강,금융기관,한국산업은행
67366,케이디비첨단전략이에스지제구차,KRZFA94601GD,케이디비첨단전략이에스지제구차 20260107-90-34,N,20260107,20260407,회사채,KRW,,5000000000,5000000000,26,A1,,A1,,대주중공업,외부 신용보강,금융기관,한국산업은행
67366,케이디비첨단전략이에스지제구차,KRZFA94601GD,케이디비첨단전략이에스지제구차 20260107-90-34,N,20260107,20260407,회사채,KRW,,5000000000,5000000000,26,A1,,A1,,케이씨,외부 신용보강,금융기관,한국산업은행
67366,케이디비첨단전략이에스지제구차,KRZFA94601GD,케이디비첨단전략이에스지제구차 20260107-90-34,N,20260107,20260407,회사채,KRW,,5000000000,5000000000,26,A1,,A1,,삼기,외부 신용보강,금융기관,한국산업은행
67366,케이디비첨단전략이에스지제구차,KRZFA94601GD,케이디비첨단전략이에스지제구차 20260107-90-34,N,20260107,20260407,회사채,KRW,,5000000000,5000000000,26,A1,,A1,,(주)신세계까사,외부 신용보강,금융기관,한국산업은행
67366,케이디비첨단전략이에스지제구차,KRZFA94601GD,케이디비첨단전략이에스지제구차 20260107-90-34,N,20260107,20260407,회사채,KRW,,5000000000,5000000000,26,A1,,A1,,SK해운,외부 신용보강,금융기관,한국산업은행
67366,케이디비첨단전략이에스지제구차,KRZFA94601GD,케이디비첨단전략이에스지제구차 20260107-90-34,N,20260107,20260407,회사채,KRW,,5000000000,5000000000,26,A1,,A1,,신세계프라퍼티,외부 신용보강,금융기관,한국산업은행
67366,케이디비첨단전략이에스지제구차,KRZFA94601GD,케이디비첨단전략이에스지제구차 20260107-90-34,N,20260107,20260407,회사채,KRW,,5000000000,5000000000,26,A1,,A1,,네패스아크,외부 신용보강,금융기관,한국산업은행
67366,케이디비첨단전략이에스지제구차,KRZFA94601GD,케이디비첨단전략이에스지제구차 20260107-90-34,N,20260107,20260407,회사채,KRW,,5000000000,5000000000,26,A1,,A1,,(주)이테크시스템,외부 신용보강,금융기관,한국산업은행
67366,케이디비첨단전략이에스지제구차,KRZFA94602GD,케이디비첨단전략이에스지제구차 20260107-90-35,N,20260107,20260407,회사채,KRW,,5000000000,5000000000,26,A1,,A1,,(주)화승코퍼레이션,외부 신용보강,금융기관,한국산업은행
67366,케이디비첨단전략이에스지제구차,KRZFA94602GD,케이디비첨단전략이에스지제구차 20260107-90-35,N,20260107,20260407,회사채,KRW,,5000000000,5000000000,26,A1,,A1,,일지테크,외부 신용보강,금융기관,한국산업은행
67366,케이디비첨단전략이에스지제구차,KRZFA94602GD,케이디비첨단전략이에스지제구차 20260107-90-35,N,20260107,20260407,회사채,KRW,,5000000000,5000000000,26,A1,,A1,,대주중공업,외부 신용보강,금융기관,한국산업은행
67366,케이디비첨단전략이에스지제구차,KRZFA94602GD,케이디비첨단전략이에스지제구차 20260107-90-35,N,20260107,20260407,회사채,KRW,,5000000000,5000000000,26,A1,,A1,,케이씨,외부 신용보강,금융기관,한국산업은행
67366,케이디비첨단전략이에스지제구차,KRZFA94602GD,케이디비첨단전략이에스지제구차 20260107-90-35,N,20260107,20260407,회사채,KRW,,5000000000,5000000000,26,A1,,A1,,삼기,외부 신용보강,금융기관,한국산업은행
67366,케이디비첨단전략이에스지제구차,KRZFA94602GD,케이디비첨단전략이에스지제구차 20260107-90-35,N,20260107,20260407,회사채,KRW,,5000000000,5000000000,26,A1,,A1,,(주)신세계까사,외부 신용보강,금융기관,한국산업은행
67366,케이디비첨단전략이에스지제구차,KRZFA94602GD,케이디비첨단전략이에스지제구차 20260107-90-35,N,20260107,20260407,회사채,KRW,,5000000000,5000000000,26,A1,,A1,,SK해운,외부 신용보강,금융기관,한국산업은행
67366,케이디비첨단전략이에스지제구차,KRZFA94602GD,케이디비첨단전략이에스지제구차 20260107-90-35,N,20260107,20260407,회사채,KRW,,5000000000,5000000000,26,A1,,A1,,신세계프라퍼티,외부 신용보강,금융기관,한국산업은행
67366,케이디비첨단전략이에스지제구차,KRZFA94602GD,케이디비첨단전략이에스지제구차 20260107-90-35,N,20260107,20260407,회사채,KRW,,5000000000,5000000000,26,A1,,A1,,네패스아크,외부 신용보강,금융기관,한국산업은행
67366,케이디비첨단전략이에스지제구차,KRZFA94602GD,케이디비첨단전략이에스지제구차 20260107-90-35,N,20260107,20260407,회사채,KRW,,5000000000,5000000000,26,A1,,A1,,(주)이테크시스템,외부 신용보강,금융기관,한국산업은행
67366,케이디비첨단전략이에스지제구차,KRZFA94603GD,케이디비첨단전략이에스지제구차 20260107-90-36,N,20260107,20260407,회사채,KRW,,5000000000,5000000000,26,A1,,A1,,(주)화승코퍼레이션,외부 신용보강,금융기관,한국산업은행
67366,케이디비첨단전략이에스지제구차,KRZFA94603GD,케이디비첨단전략이에스지제구차 20260107-90-36,N,20260107,20260407,회사채,KRW,,5000000000,5000000000,26,A1,,A1,,일지테크,외부 신용보강,금융기관,한국산업은행
67366,케이디비첨단전략이에스지제구차,KRZFA94603GD,케이디비첨단전략이에스지제구차 20260107-90-36,N,20260107,20260407,회사채,KRW,,5000000000,5000000000,26,A1,,A1,,대주중공업,외부 신용보강,금융기관,한국산업은행
67366,케이디비첨단전략이에스지제구차,KRZFA94603GD,케이디비첨단전략이에스지제구차 20260107-90-36,N,20260107,20260407,회사채,KRW,,5000000000,5000000000,26,A1,,A1,,케이씨,외부 신용보강,금융기관,한국산업은행
67366,케이디비첨단전략이에스지제구차,KRZFA94603GD,케이디비첨단전략이에스지제구차 20260107-90-36,N,20260107,20260407,회사채,KRW,,5000000000,5000000000,26,A1,,A1,,삼기,외부 신용보강,금융기관,한국산업은행
67366,케이디비첨단전략이에스지제구차,KRZFA94603GD,케이디비첨단전략이에스지제구차 20260107-90-36,N,20260107,20260407,회사채,KRW,,5000000000,5000000000,26,A1,,A1,,(주)신세계까사,외부 신용보강,금융기관,한국산업은행
67366,케이디비첨단전략이에스지제구차,KRZFA94603GD,케이디비첨단전략이에스지제구차 20260107-90-36,N,20260107,20260407,회사채,KRW,,5000000000,5000000000,26,A1,,A1,,SK해운,외부 신용보강,금융기관,한국산업은행
67366,케이디비첨단전략이에스지제구차,KRZFA94603GD,케이디비첨단전략이에스지제구차 20260107-90-36,N,20260107,20260407,회사채,KRW,,5000000000,5000000000,26,A1,,A1,,신세계프라퍼티,외부 신용보강,금융기관,한국산업은행
67366,케이디비첨단전략이에스지제구차,KRZFA94603GD,케이디비첨단전략이에스지제구차 20260107-90-36,N,20260107,20260407,회사채,KRW,,5000000000,5000000000,26,A1,,A1,,네패스아크,외부 신용보강,금융기관,한국산업은행
67366,케이디비첨단전략이에스지제구차,KRZFA94603GD,케이디비첨단전략이에스지제구차 20260107-90-36,N,20260107,20260407,회사채,KRW,,5000000000,5000000000,26,A1,,A1,,(주)이테크시스템,외부 신용보강,금융기관,한국산업은행
67366,케이디비첨단전략이에스지제구차,KRZFA94604GD,케이디비첨단전략이에스지제구차 20260107-90-37,N,20260107,20260407,회사채,KRW,,5000000000,5000000000,26,A1,,A1,,(주)화승코퍼레이션,외부 신용보강,금융기관,한국산업은행
67366,케이디비첨단전략이에스지제구차,KRZFA94604GD,케이디비첨단전략이에스지제구차 20260107-90-37,N,20260107,20260407,회사채,KRW,,5000000000,5000000000,26,A1,,A1,,일지테크,외부 신용보강,금융기관,한국산업은행
67366,케이디비첨단전략이에스지제구차,KRZFA94604GD,케이디비첨단전략이에스지제구차 20260107-90-37,N,20260107,20260407,회사채,KRW,,5000000000,5000000000,26,A1,,A1,,대주중공업,외부 신용보강,금융기관,한국산업은행
67366,케이디비첨단전략이에스지제구차,KRZFA94604GD,케이디비첨단전략이에스지제구차 20260107-90-37,N,20260107,20260407,회사채,KRW,,5000000000,5000000000,26,A1,,A1,,케이씨,외부 신용보강,금융기관,한국산업은행
67366,케이디비첨단전략이에스지제구차,KRZFA94604GD,케이디비첨단전략이에스지제구차 20260107-90-37,N,20260107,20260407,회사채,KRW,,5000000000,5000000000,26,A1,,A1,,삼기,외부 신용보강,금융기관,한국산업은행
67366,케이디비첨단전략이에스지제구차,KRZFA94604GD,케이디비첨단전략이에스지제구차 20260107-90-37,N,20260107,20260407,회사채,KRW,,5000000000,5000000000,26,A1,,A1,,(주)신세계까사,외부 신용보강,금융기관,한국산업은행
67366,케이디비첨단전략이에스지제구차,KRZFA94604GD,케이디비첨단전략이에스지제구차 20260107-90-37,N,20260107,20260407,회사채,KRW,,5000000000,5000000000,26,A1,,A1,,SK해운,외부 신용보강,금융기관,한국산업은행
67366,케이디비첨단전략이에스지제구차,KRZFA94604GD,케이디비첨단전략이에스지제구차 20260107-90-37,N,20260107,20260407,회사채,KRW,,5000000000,5000000000,26,A1,,A1,,신세계프라퍼티,외부 신용보강,금융기관,한국산업은행
67366,케이디비첨단전략이에스지제구차,KRZFA94604GD,케이디비첨단전략이에스지제구차 20260107-90-37,N,20260107,20260407,회사채,KRW,,5000000000,5000000000,26,A1,,A1,,네패스아크,외부 신용보강,금융기관,한국산업은행
67366,케이디비첨단전략이에스지제구차,KRZFA94604GD,케이디비첨단전략이에스지제구차 20260107-90-37,N,20260107,20260407,회사채,KRW,,5000000000,5000000000,26,A1,,A1,,(주)이테크시스템,외부 신용보강,금융기관,한국산업은행
67366,케이디비첨단전략이에스지제구차,KRZFA94605GD,케이디비첨단전략이에스지제구차 20260107-90-38,N,20260107,20260407,회사채,KRW,,5000000000,5000000000,26,A1,,A1,,(주)화승코퍼레이션,외부 신용보강,금융기관,한국산업은행
67366,케이디비첨단전략이에스지제구차,KRZFA94605GD,케이디비첨단전략이에스지제구차 20260107-90-38,N,20260107,20260407,회사채,KRW,,5000000000,5000000000,26,A1,,A1,,일지테크,외부 신용보강,금융기관,한국산업은행
67366,케이디비첨단전략이에스지제구차,KRZFA94605GD,케이디비첨단전략이에스지제구차 20260107-90-38,N,20260107,20260407,회사채,KRW,,5000000000,5000000000,26,A1,,A1,,대주중공업,외부 신용보강,금융기관,한국산업은행
67366,케이디비첨단전략이에스지제구차,KRZFA94605GD,케이디비첨단전략이에스지제구차 20260107-90-38,N,20260107,20260407,회사채,KRW,,5000000000,5000000000,26,A1,,A1,,케이씨,외부 신용보강,금융기관,한국산업은행
67366,케이디비첨단전략이에스지제구차,KRZFA94605GD,케이디비첨단전략이에스지제구차 20260107-90-38,N,20260107,20260407,회사채,KRW,,5000000000,5000000000,26,A1,,A1,,삼기,외부 신용보강,금융기관,한국산업은행
67366,케이디비첨단전략이에스지제구차,KRZFA94605GD,케이디비첨단전략이에스지제구차 20260107-90-38,N,20260107,20260407,회사채,KRW,,5000000000,5000000000,26,A1,,A1,,(주)신세계까사,외부 신용보강,금융기관,한국산업은행
67366,케이디비첨단전략이에스지제구차,KRZFA94605GD,케이디비첨단전략이에스지제구차 20260107-90-38,N,20260107,20260407,회사채,KRW,,5000000000,5000000000,26,A1,,A1,,SK해운,외부 신용보강,금융기관,한국산업은행
67366,케이디비첨단전략이에스지제구차,KRZFA94605GD,케이디비첨단전략이에스지제구차 20260107-90-38,N,20260107,20260407,회사채,KRW,,5000000000,5000000000,26,A1,,A1,,신세계프라퍼티,외부 신용보강,금융기관,한국산업은행
67366,케이디비첨단전략이에스지제구차,KRZFA94605GD,케이디비첨단전략이에스지제구차 20260107-90-38,N,20260107,20260407,회사채,KRW,,5000000000,5000000000,26,A1,,A1,,네패스아크,외부 신용보강,금융기관,한국산업은행
67366,케이디비첨단전략이에스지제구차,KRZFA94605GD,케이디비첨단전략이에스지제구차 20260107-90-38,N,20260107,20260407,회사채,KRW,,5000000000,5000000000,26,A1,,A1,,(주)이테크시스템,외부 신용보강,금융기관,한국산업은행
67366,케이디비첨단전략이에스지제구차,KRZFA94606GD,케이디비첨단전략이에스지제구차 20260107-90-39,N,20260107,20260407,회사채,KRW,,5000000000,5000000000,26,A1,,A1,,(주)화승코퍼레이션,외부 신용보강,금융기관,한국산업은행
67366,케이디비첨단전략이에스지제구차,KRZFA94606GD,케이디비첨단전략이에스지제구차 20260107-90-39,N,20260107,20260407,회사채,KRW,,5000000000,5000000000,26,A1,,A1,,일지테크,외부 신용보강,금융기관,한국산업은행
67366,케이디비첨단전략이에스지제구차,KRZFA94606GD,케이디비첨단전략이에스지제구차 20260107-90-39,N,20260107,20260407,회사채,KRW,,5000000000,5000000000,26,A1,,A1,,대주중공업,외부 신용보강,금융기관,한국산업은행
67366,케이디비첨단전략이에스지제구차,KRZFA94606GD,케이디비첨단전략이에스지제구차 20260107-90-39,N,20260107,20260407,회사채,KRW,,5000000000,5000000000,26,A1,,A1,,케이씨,외부 신용보강,금융기관,한국산업은행
67366,케이디비첨단전략이에스지제구차,KRZFA94606GD,케이디비첨단전략이에스지제구차 20260107-90-39,N,20260107,20260407,회사채,KRW,,5000000000,5000000000,26,A1,,A1,,삼기,외부 신용보강,금융기관,한국산업은행
67366,케이디비첨단전략이에스지제구차,KRZFA94606GD,케이디비첨단전략이에스지제구차 20260107-90-39,N,20260107,20260407,회사채,KRW,,5000000000,5000000000,26,A1,,A1,,(주)신세계까사,외부 신용보강,금융기관,한국산업은행
67366,케이디비첨단전략이에스지제구차,KRZFA94606GD,케이디비첨단전략이에스지제구차 20260107-90-39,N,20260107,20260407,회사채,KRW,,5000000000,5000000000,26,A1,,A1,,SK해운,외부 신용보강,금융기관,한국산업은행
67366,케이디비첨단전략이에스지제구차,KRZFA94606GD,케이디비첨단전략이에스지제구차 20260107-90-39,N,20260107,20260407,회사채,KRW,,5000000000,5000000000,26,A1,,A1,,신세계프라퍼티,외부 신용보강,금융기관,한국산업은행
67366,케이디비첨단전략이에스지제구차,KRZFA94606GD,케이디비첨단전략이에스지제구차 20260107-90-39,N,20260107,20260407,회사채,KRW,,5000000000,5000000000,26,A1,,A1,,네패스아크,외부 신용보강,금융기관,한국산업은행
67366,케이디비첨단전략이에스지제구차,KRZFA94606GD,케이디비첨단전략이에스지제구차 20260107-90-39,N,20260107,20260407,회사채,KRW,,5000000000,5000000000,26,A1,,A1,,(주)이테크시스템,외부 신용보강,금융기관,한국산업은행
67366,케이디비첨단전략이에스지제구차,KRZFA94604G1,케이디비첨단전략이에스지제구차 20260107-90-4,N,20260107,20260407,회사채,KRW,,5000000000,5000000000,26,A1,,A1,,(주)화승코퍼레이션,외부 신용보강,금융기관,한국산업은행
67366,케이디비첨단전략이에스지제구차,KRZFA94604G1,케이디비첨단전략이에스지제구차 20260107-90-4,N,20260107,20260407,회사채,KRW,,5000000000,5000000000,26,A1,,A1,,일지테크,외부 신용보강,금융기관,한국산업은행
67366,케이디비첨단전략이에스지제구차,KRZFA94604G1,케이디비첨단전략이에스지제구차 20260107-90-4,N,20260107,20260407,회사채,KRW,,5000000000,5000000000,26,A1,,A1,,대주중공업,외부 신용보강,금융기관,한국산업은행
67366,케이디비첨단전략이에스지제구차,KRZFA94604G1,케이디비첨단전략이에스지제구차 20260107-90-4,N,20260107,20260407,회사채,KRW,,5000000000,5000000000,26,A1,,A1,,케이씨,외부 신용보강,금융기관,한국산업은행
67366,케이디비첨단전략이에스지제구차,KRZFA94604G1,케이디비첨단전략이에스지제구차 20260107-90-4,N,20260107,20260407,회사채,KRW,,5000000000,5000000000,26,A1,,A1,,삼기,외부 신용보강,금융기관,한국산업은행
67366,케이디비첨단전략이에스지제구차,KRZFA94604G1,케이디비첨단전략이에스지제구차 20260107-90-4,N,20260107,20260407,회사채,KRW,,5000000000,5000000000,26,A1,,A1,,(주)신세계까사,외부 신용보강,금융기관,한국산업은행
67366,케이디비첨단전략이에스지제구차,KRZFA94604G1,케이디비첨단전략이에스지제구차 20260107-90-4,N,20260107,20260407,회사채,KRW,,5000000000,5000000000,26,A1,,A1,,SK해운,외부 신용보강,금융기관,한국산업은행
67366,케이디비첨단전략이에스지제구차,KRZFA94604G1,케이디비첨단전략이에스지제구차 20260107-90-4,N,20260107,20260407,회사채,KRW,,5000000000,5000000000,26,A1,,A1,,신세계프라퍼티,외부 신용보강,금융기관,한국산업은행
67366,케이디비첨단전략이에스지제구차,KRZFA94604G1,케이디비첨단전략이에스지제구차 20260107-90-4,N,20260107,20260407,회사채,KRW,,5000000000,5000000000,26,A1,,A1,,네패스아크,외부 신용보강,금융기관,한국산업은행
67366,케이디비첨단전략이에스지제구차,KRZFA94604G1,케이디비첨단전략이에스지제구차 20260107-90-4,N,20260107,20260407,회사채,KRW,,5000000000,5000000000,26,A1,,A1,,(주)이테크시스템,외부 신용보강,금융기관,한국산업은행
67366,케이디비첨단전략이에스지제구차,KRZFA94607GD,케이디비첨단전략이에스지제구차 20260107-90-40,N,20260107,20260407,회사채,KRW,,5000000000,5000000000,26,A1,,A1,,(주)화승코퍼레이션,외부 신용보강,금융기관,한국산업은행
67366,케이디비첨단전략이에스지제구차,KRZFA94607GD,케이디비첨단전략이에스지제구차 20260107-90-40,N,20260107,20260407,회사채,KRW,,5000000000,5000000000,26,A1,,A1,,일지테크,외부 신용보강,금융기관,한국산업은행
67366,케이디비첨단전략이에스지제구차,KRZFA94607GD,케이디비첨단전략이에스지제구차 20260107-90-40,N,20260107,20260407,회사채,KRW,,5000000000,5000000000,26,A1,,A1,,대주중공업,외부 신용보강,금융기관,한국산업은행
67366,케이디비첨단전략이에스지제구차,KRZFA94607GD,케이디비첨단전략이에스지제구차 20260107-90-40,N,20260107,20260407,회사채,KRW,,5000000000,5000000000,26,A1,,A1,,케이씨,외부 신용보강,금융기관,한국산업은행
67366,케이디비첨단전략이에스지제구차,KRZFA94607GD,케이디비첨단전략이에스지제구차 20260107-90-40,N,20260107,20260407,회사채,KRW,,5000000000,5000000000,26,A1,,A1,,삼기,외부 신용보강,금융기관,한국산업은행
67366,케이디비첨단전략이에스지제구차,KRZFA94607GD,케이디비첨단전략이에스지제구차 20260107-90-40,N,20260107,20260407,회사채,KRW,,5000000000,5000000000,26,A1,,A1,,(주)신세계까사,외부 신용보강,금융기관,한국산업은행
67366,케이디비첨단전략이에스지제구차,KRZFA94607GD,케이디비첨단전략이에스지제구차 20260107-90-40,N,20260107,20260407,회사채,KRW,,5000000000,5000000000,26,A1,,A1,,SK해운,외부 신용보강,금융기관,한국산업은행
67366,케이디비첨단전략이에스지제구차,KRZFA94607GD,케이디비첨단전략이에스지제구차 20260107-90-40,N,20260107,20260407,회사채,KRW,,5000000000,5000000000,26,A1,,A1,,신세계프라퍼티,외부 신용보강,금융기관,한국산업은행
67366,케이디비첨단전략이에스지제구차,KRZFA94607GD,케이디비첨단전략이에스지제구차 20260107-90-40,N,20260107,20260407,회사채,KRW,,5000000000,5000000000,26,A1,,A1,,네패스아크,외부 신용보강,금융기관,한국산업은행
67366,케이디비첨단전략이에스지제구차,KRZFA94607GD,케이디비첨단전략이에스지제구차 20260107-90-40,N,20260107,20260407,회사채,KRW,,5000000000,5000000000,26,A1,,A1,,(주)이테크시스템,외부 신용보강,금융기관,한국산업은행
67366,케이디비첨단전략이에스지제구차,KRZFA94608GD,케이디비첨단전략이에스지제구차 20260107-90-41,N,20260107,20260407,회사채,KRW,,5000000000,5000000000,26,A1,,A1,,(주)화승코퍼레이션,외부 신용보강,금융기관,한국산업은행
67366,케이디비첨단전략이에스지제구차,KRZFA94608GD,케이디비첨단전략이에스지제구차 20260107-90-41,N,20260107,20260407,회사채,KRW,,5000000000,5000000000,26,A1,,A1,,일지테크,외부 신용보강,금융기관,한국산업은행
67366,케이디비첨단전략이에스지제구차,KRZFA94608GD,케이디비첨단전략이에스지제구차 20260107-90-41,N,20260107,20260407,회사채,KRW,,5000000000,5000000000,26,A1,,A1,,대주중공업,외부 신용보강,금융기관,한국산업은행
67366,케이디비첨단전략이에스지제구차,KRZFA94608GD,케이디비첨단전략이에스지제구차 20260107-90-41,N,20260107,20260407,회사채,KRW,,5000000000,5000000000,26,A1,,A1,,케이씨,외부 신용보강,금융기관,한국산업은행
67366,케이디비첨단전략이에스지제구차,KRZFA94608GD,케이디비첨단전략이에스지제구차 20260107-90-41,N,20260107,20260407,회사채,KRW,,5000000000,5000000000,26,A1,,A1,,삼기,외부 신용보강,금융기관,한국산업은행
67366,케이디비첨단전략이에스지제구차,KRZFA94608GD,케이디비첨단전략이에스지제구차 20260107-90-41,N,20260107,20260407,회사채,KRW,,5000000000,5000000000,26,A1,,A1,,(주)신세계까사,외부 신용보강,금융기관,한국산업은행
67366,케이디비첨단전략이에스지제구차,KRZFA94608GD,케이디비첨단전략이에스지제구차 20260107-90-41,N,20260107,20260407,회사채,KRW,,5000000000,5000000000,26,A1,,A1,,SK해운,외부 신용보강,금융기관,한국산업은행
67366,케이디비첨단전략이에스지제구차,KRZFA94608GD,케이디비첨단전략이에스지제구차 20260107-90-41,N,20260107,20260407,회사채,KRW,,5000000000,5000000000,26,A1,,A1,,신세계프라퍼티,외부 신용보강,금융기관,한국산업은행
67366,케이디비첨단전략이에스지제구차,KRZFA94608GD,케이디비첨단전략이에스지제구차 20260107-90-41,N,20260107,20260407,회사채,KRW,,5000000000,5000000000,26,A1,,A1,,네패스아크,외부 신용보강,금융기관,한국산업은행
67366,케이디비첨단전략이에스지제구차,KRZFA94608GD,케이디비첨단전략이에스지제구차 20260107-90-41,N,20260107,20260407,회사채,KRW,,5000000000,5000000000,26,A1,,A1,,(주)이테크시스템,외부 신용보강,금융기관,한국산업은행
67366,케이디비첨단전략이에스지제구차,KRZFA94609GD,케이디비첨단전략이에스지제구차 20260107-90-42,N,20260107,20260407,회사채,KRW,,5000000000,5000000000,26,A1,,A1,,(주)화승코퍼레이션,외부 신용보강,금융기관,한국산업은행
67366,케이디비첨단전략이에스지제구차,KRZFA94609GD,케이디비첨단전략이에스지제구차 20260107-90-42,N,20260107,20260407,회사채,KRW,,5000000000,5000000000,26,A1,,A1,,일지테크,외부 신용보강,금융기관,한국산업은행
67366,케이디비첨단전략이에스지제구차,KRZFA94609GD,케이디비첨단전략이에스지제구차 20260107-90-42,N,20260107,20260407,회사채,KRW,,5000000000,5000000000,26,A1,,A1,,대주중공업,외부 신용보강,금융기관,한국산업은행
67366,케이디비첨단전략이에스지제구차,KRZFA94609GD,케이디비첨단전략이에스지제구차 20260107-90-42,N,20260107,20260407,회사채,KRW,,5000000000,5000000000,26,A1,,A1,,케이씨,외부 신용보강,금융기관,한국산업은행
67366,케이디비첨단전략이에스지제구차,KRZFA94609GD,케이디비첨단전략이에스지제구차 20260107-90-42,N,20260107,20260407,회사채,KRW,,5000000000,5000000000,26,A1,,A1,,삼기,외부 신용보강,금융기관,한국산업은행
67366,케이디비첨단전략이에스지제구차,KRZFA94609GD,케이디비첨단전략이에스지제구차 20260107-90-42,N,20260107,20260407,회사채,KRW,,5000000000,5000000000,26,A1,,A1,,(주)신세계까사,외부 신용보강,금융기관,한국산업은행
67366,케이디비첨단전략이에스지제구차,KRZFA94609GD,케이디비첨단전략이에스지제구차 20260107-90-42,N,20260107,20260407,회사채,KRW,,5000000000,5000000000,26,A1,,A1,,SK해운,외부 신용보강,금융기관,한국산업은행
67366,케이디비첨단전략이에스지제구차,KRZFA94609GD,케이디비첨단전략이에스지제구차 20260107-90-42,N,20260107,20260407,회사채,KRW,,5000000000,5000000000,26,A1,,A1,,신세계프라퍼티,외부 신용보강,금융기관,한국산업은행
67366,케이디비첨단전략이에스지제구차,KRZFA94609GD,케이디비첨단전략이에스지제구차 20260107-90-42,N,20260107,20260407,회사채,KRW,,5000000000,5000000000,26,A1,,A1,,네패스아크,외부 신용보강,금융기관,한국산업은행
67366,케이디비첨단전략이에스지제구차,KRZFA94609GD,케이디비첨단전략이에스지제구차 20260107-90-42,N,20260107,20260407,회사채,KRW,,5000000000,5000000000,26,A1,,A1,,(주)이테크시스템,외부 신용보강,금융기관,한국산업은행
67366,케이디비첨단전략이에스지제구차,KRZFA9460AGD,케이디비첨단전략이에스지제구차 20260107-90-43,N,20260107,20260407,회사채,KRW,,5000000000,5000000000,26,A1,,A1,,(주)화승코퍼레이션,외부 신용보강,금융기관,한국산업은행
67366,케이디비첨단전략이에스지제구차,KRZFA9460AGD,케이디비첨단전략이에스지제구차 20260107-90-43,N,20260107,20260407,회사채,KRW,,5000000000,5000000000,26,A1,,A1,,일지테크,외부 신용보강,금융기관,한국산업은행
67366,케이디비첨단전략이에스지제구차,KRZFA9460AGD,케이디비첨단전략이에스지제구차 20260107-90-43,N,20260107,20260407,회사채,KRW,,5000000000,5000000000,26,A1,,A1,,대주중공업,외부 신용보강,금융기관,한국산업은행
67366,케이디비첨단전략이에스지제구차,KRZFA9460AGD,케이디비첨단전략이에스지제구차 20260107-90-43,N,20260107,20260407,회사채,KRW,,5000000000,5000000000,26,A1,,A1,,케이씨,외부 신용보강,금융기관,한국산업은행
67366,케이디비첨단전략이에스지제구차,KRZFA9460AGD,케이디비첨단전략이에스지제구차 20260107-90-43,N,20260107,20260407,회사채,KRW,,5000000000,5000000000,26,A1,,A1,,삼기,외부 신용보강,금융기관,한국산업은행
67366,케이디비첨단전략이에스지제구차,KRZFA9460AGD,케이디비첨단전략이에스지제구차 20260107-90-43,N,20260107,20260407,회사채,KRW,,5000000000,5000000000,26,A1,,A1,,(주)신세계까사,외부 신용보강,금융기관,한국산업은행
67366,케이디비첨단전략이에스지제구차,KRZFA9460AGD,케이디비첨단전략이에스지제구차 20260107-90-43,N,20260107,20260407,회사채,KRW,,5000000000,5000000000,26,A1,,A1,,SK해운,외부 신용보강,금융기관,한국산업은행
67366,케이디비첨단전략이에스지제구차,KRZFA9460AGD,케이디비첨단전략이에스지제구차 20260107-90-43,N,20260107,20260407,회사채,KRW,,5000000000,5000000000,26,A1,,A1,,신세계프라퍼티,외부 신용보강,금융기관,한국산업은행
67366,케이디비첨단전략이에스지제구차,KRZFA9460AGD,케이디비첨단전략이에스지제구차 20260107-90-43,N,20260107,20260407,회사채,KRW,,5000000000,5000000000,26,A1,,A1,,네패스아크,외부 신용보강,금융기관,한국산업은행
67366,케이디비첨단전략이에스지제구차,KRZFA9460AGD,케이디비첨단전략이에스지제구차 20260107-90-43,N,20260107,20260407,회사채,KRW,,5000000000,5000000000,26,A1,,A1,,(주)이테크시스템,외부 신용보강,금융기관,한국산업은행
67366,케이디비첨단전략이에스지제구차,KRZFA9460BGD,케이디비첨단전략이에스지제구차 20260107-90-44,N,20260107,20260407,회사채,KRW,,5000000000,5000000000,26,A1,,A1,,(주)화승코퍼레이션,외부 신용보강,금융기관,한국산업은행
67366,케이디비첨단전략이에스지제구차,KRZFA9460BGD,케이디비첨단전략이에스지제구차 20260107-90-44,N,20260107,20260407,회사채,KRW,,5000000000,5000000000,26,A1,,A1,,일지테크,외부 신용보강,금융기관,한국산업은행
67366,케이디비첨단전략이에스지제구차,KRZFA9460BGD,케이디비첨단전략이에스지제구차 20260107-90-44,N,20260107,20260407,회사채,KRW,,5000000000,5000000000,26,A1,,A1,,대주중공업,외부 신용보강,금융기관,한국산업은행
67366,케이디비첨단전략이에스지제구차,KRZFA9460BGD,케이디비첨단전략이에스지제구차 20260107-90-44,N,20260107,20260407,회사채,KRW,,5000000000,5000000000,26,A1,,A1,,케이씨,외부 신용보강,금융기관,한국산업은행
67366,케이디비첨단전략이에스지제구차,KRZFA9460BGD,케이디비첨단전략이에스지제구차 20260107-90-44,N,20260107,20260407,회사채,KRW,,5000000000,5000000000,26,A1,,A1,,삼기,외부 신용보강,금융기관,한국산업은행
67366,케이디비첨단전략이에스지제구차,KRZFA9460BGD,케이디비첨단전략이에스지제구차 20260107-90-44,N,20260107,20260407,회사채,KRW,,5000000000,5000000000,26,A1,,A1,,(주)신세계까사,외부 신용보강,금융기관,한국산업은행
67366,케이디비첨단전략이에스지제구차,KRZFA9460BGD,케이디비첨단전략이에스지제구차 20260107-90-44,N,20260107,20260407,회사채,KRW,,5000000000,5000000000,26,A1,,A1,,SK해운,외부 신용보강,금융기관,한국산업은행
67366,케이디비첨단전략이에스지제구차,KRZFA9460BGD,케이디비첨단전략이에스지제구차 20260107-90-44,N,20260107,20260407,회사채,KRW,,5000000000,5000000000,26,A1,,A1,,신세계프라퍼티,외부 신용보강,금융기관,한국산업은행
67366,케이디비첨단전략이에스지제구차,KRZFA9460BGD,케이디비첨단전략이에스지제구차 20260107-90-44,N,20260107,20260407,회사채,KRW,,5000000000,5000000000,26,A1,,A1,,네패스아크,외부 신용보강,금융기관,한국산업은행
67366,케이디비첨단전략이에스지제구차,KRZFA9460BGD,케이디비첨단전략이에스지제구차 20260107-90-44,N,20260107,20260407,회사채,KRW,,5000000000,5000000000,26,A1,,A1,,(주)이테크시스템,외부 신용보강,금융기관,한국산업은행
67366,케이디비첨단전략이에스지제구차,KRZFA9460CGD,케이디비첨단전략이에스지제구차 20260107-90-45,N,20260107,20260407,회사채,KRW,,5000000000,5000000000,26,A1,,A1,,(주)화승코퍼레이션,외부 신용보강,금융기관,한국산업은행
67366,케이디비첨단전략이에스지제구차,KRZFA9460CGD,케이디비첨단전략이에스지제구차 20260107-90-45,N,20260107,20260407,회사채,KRW,,5000000000,5000000000,26,A1,,A1,,일지테크,외부 신용보강,금융기관,한국산업은행
67366,케이디비첨단전략이에스지제구차,KRZFA9460CGD,케이디비첨단전략이에스지제구차 20260107-90-45,N,20260107,20260407,회사채,KRW,,5000000000,5000000000,26,A1,,A1,,대주중공업,외부 신용보강,금융기관,한국산업은행
67366,케이디비첨단전략이에스지제구차,KRZFA9460CGD,케이디비첨단전략이에스지제구차 20260107-90-45,N,20260107,20260407,회사채,KRW,,5000000000,5000000000,26,A1,,A1,,케이씨,외부 신용보강,금융기관,한국산업은행
67366,케이디비첨단전략이에스지제구차,KRZFA9460CGD,케이디비첨단전략이에스지제구차 20260107-90-45,N,20260107,20260407,회사채,KRW,,5000000000,5000000000,26,A1,,A1,,삼기,외부 신용보강,금융기관,한국산업은행
67366,케이디비첨단전략이에스지제구차,KRZFA9460CGD,케이디비첨단전략이에스지제구차 20260107-90-45,N,20260107,20260407,회사채,KRW,,5000000000,5000000000,26,A1,,A1,,(주)신세계까사,외부 신용보강,금융기관,한국산업은행
67366,케이디비첨단전략이에스지제구차,KRZFA9460CGD,케이디비첨단전략이에스지제구차 20260107-90-45,N,20260107,20260407,회사채,KRW,,5000000000,5000000000,26,A1,,A1,,SK해운,외부 신용보강,금융기관,한국산업은행
67366,케이디비첨단전략이에스지제구차,KRZFA9460CGD,케이디비첨단전략이에스지제구차 20260107-90-45,N,20260107,20260407,회사채,KRW,,5000000000,5000000000,26,A1,,A1,,신세계프라퍼티,외부 신용보강,금융기관,한국산업은행
67366,케이디비첨단전략이에스지제구차,KRZFA9460CGD,케이디비첨단전략이에스지제구차 20260107-90-45,N,20260107,20260407,회사채,KRW,,5000000000,5000000000,26,A1,,A1,,네패스아크,외부 신용보강,금융기관,한국산업은행
67366,케이디비첨단전략이에스지제구차,KRZFA9460CGD,케이디비첨단전략이에스지제구차 20260107-90-45,N,20260107,20260407,회사채,KRW,,5000000000,5000000000,26,A1,,A1,,(주)이테크시스템,외부 신용보강,금융기관,한국산업은행
67366,케이디비첨단전략이에스지제구차,KRZFA9460DGD,케이디비첨단전략이에스지제구차 20260107-90-46,N,20260107,20260407,회사채,KRW,,5000000000,5000000000,26,A1,,A1,,(주)화승코퍼레이션,외부 신용보강,금융기관,한국산업은행
67366,케이디비첨단전략이에스지제구차,KRZFA9460DGD,케이디비첨단전략이에스지제구차 20260107-90-46,N,20260107,20260407,회사채,KRW,,5000000000,5000000000,26,A1,,A1,,일지테크,외부 신용보강,금융기관,한국산업은행
67366,케이디비첨단전략이에스지제구차,KRZFA9460DGD,케이디비첨단전략이에스지제구차 20260107-90-46,N,20260107,20260407,회사채,KRW,,5000000000,5000000000,26,A1,,A1,,대주중공업,외부 신용보강,금융기관,한국산업은행
67366,케이디비첨단전략이에스지제구차,KRZFA9460DGD,케이디비첨단전략이에스지제구차 20260107-90-46,N,20260107,20260407,회사채,KRW,,5000000000,5000000000,26,A1,,A1,,케이씨,외부 신용보강,금융기관,한국산업은행
67366,케이디비첨단전략이에스지제구차,KRZFA9460DGD,케이디비첨단전략이에스지제구차 20260107-90-46,N,20260107,20260407,회사채,KRW,,5000000000,5000000000,26,A1,,A1,,삼기,외부 신용보강,금융기관,한국산업은행
67366,케이디비첨단전략이에스지제구차,KRZFA9460DGD,케이디비첨단전략이에스지제구차 20260107-90-46,N,20260107,20260407,회사채,KRW,,5000000000,5000000000,26,A1,,A1,,(주)신세계까사,외부 신용보강,금융기관,한국산업은행
67366,케이디비첨단전략이에스지제구차,KRZFA9460DGD,케이디비첨단전략이에스지제구차 20260107-90-46,N,20260107,20260407,회사채,KRW,,5000000000,5000000000,26,A1,,A1,,SK해운,외부 신용보강,금융기관,한국산업은행
67366,케이디비첨단전략이에스지제구차,KRZFA9460DGD,케이디비첨단전략이에스지제구차 20260107-90-46,N,20260107,20260407,회사채,KRW,,5000000000,5000000000,26,A1,,A1,,신세계프라퍼티,외부 신용보강,금융기관,한국산업은행
67366,케이디비첨단전략이에스지제구차,KRZFA9460DGD,케이디비첨단전략이에스지제구차 20260107-90-46,N,20260107,20260407,회사채,KRW,,5000000000,5000000000,26,A1,,A1,,네패스아크,외부 신용보강,금융기관,한국산업은행
67366,케이디비첨단전략이에스지제구차,KRZFA9460DGD,케이디비첨단전략이에스지제구차 20260107-90-46,N,20260107,20260407,회사채,KRW,,5000000000,5000000000,26,A1,,A1,,(주)이테크시스템,외부 신용보강,금융기관,한국산업은행
67366,케이디비첨단전략이에스지제구차,KRZFA9460EGD,케이디비첨단전략이에스지제구차 20260107-90-47,N,20260107,20260407,회사채,KRW,,5000000000,5000000000,26,A1,,A1,,(주)화승코퍼레이션,외부 신용보강,금융기관,한국산업은행
67366,케이디비첨단전략이에스지제구차,KRZFA9460EGD,케이디비첨단전략이에스지제구차 20260107-90-47,N,20260107,20260407,회사채,KRW,,5000000000,5000000000,26,A1,,A1,,일지테크,외부 신용보강,금융기관,한국산업은행
67366,케이디비첨단전략이에스지제구차,KRZFA9460EGD,케이디비첨단전략이에스지제구차 20260107-90-47,N,20260107,20260407,회사채,KRW,,5000000000,5000000000,26,A1,,A1,,대주중공업,외부 신용보강,금융기관,한국산업은행
67366,케이디비첨단전략이에스지제구차,KRZFA9460EGD,케이디비첨단전략이에스지제구차 20260107-90-47,N,20260107,20260407,회사채,KRW,,5000000000,5000000000,26,A1,,A1,,케이씨,외부 신용보강,금융기관,한국산업은행
67366,케이디비첨단전략이에스지제구차,KRZFA9460EGD,케이디비첨단전략이에스지제구차 20260107-90-47,N,20260107,20260407,회사채,KRW,,5000000000,5000000000,26,A1,,A1,,삼기,외부 신용보강,금융기관,한국산업은행
67366,케이디비첨단전략이에스지제구차,KRZFA9460EGD,케이디비첨단전략이에스지제구차 20260107-90-47,N,20260107,20260407,회사채,KRW,,5000000000,5000000000,26,A1,,A1,,(주)신세계까사,외부 신용보강,금융기관,한국산업은행
67366,케이디비첨단전략이에스지제구차,KRZFA9460EGD,케이디비첨단전략이에스지제구차 20260107-90-47,N,20260107,20260407,회사채,KRW,,5000000000,5000000000,26,A1,,A1,,SK해운,외부 신용보강,금융기관,한국산업은행
67366,케이디비첨단전략이에스지제구차,KRZFA9460EGD,케이디비첨단전략이에스지제구차 20260107-90-47,N,20260107,20260407,회사채,KRW,,5000000000,5000000000,26,A1,,A1,,신세계프라퍼티,외부 신용보강,금융기관,한국산업은행
67366,케이디비첨단전략이에스지제구차,KRZFA9460EGD,케이디비첨단전략이에스지제구차 20260107-90-47,N,20260107,20260407,회사채,KRW,,5000000000,5000000000,26,A1,,A1,,네패스아크,외부 신용보강,금융기관,한국산업은행
67366,케이디비첨단전략이에스지제구차,KRZFA9460EGD,케이디비첨단전략이에스지제구차 20260107-90-47,N,20260107,20260407,회사채,KRW,,5000000000,5000000000,26,A1,,A1,,(주)이테크시스템,외부 신용보강,금융기관,한국산업은행
67366,케이디비첨단전략이에스지제구차,KRZFA9460FGD,케이디비첨단전략이에스지제구차 20260107-90-48,N,20260107,20260407,회사채,KRW,,5000000000,5000000000,26,A1,,A1,,(주)화승코퍼레이션,외부 신용보강,금융기관,한국산업은행
67366,케이디비첨단전략이에스지제구차,KRZFA9460FGD,케이디비첨단전략이에스지제구차 20260107-90-48,N,20260107,20260407,회사채,KRW,,5000000000,5000000000,26,A1,,A1,,일지테크,외부 신용보강,금융기관,한국산업은행
67366,케이디비첨단전략이에스지제구차,KRZFA9460FGD,케이디비첨단전략이에스지제구차 20260107-90-48,N,20260107,20260407,회사채,KRW,,5000000000,5000000000,26,A1,,A1,,대주중공업,외부 신용보강,금융기관,한국산업은행
67366,케이디비첨단전략이에스지제구차,KRZFA9460FGD,케이디비첨단전략이에스지제구차 20260107-90-48,N,20260107,20260407,회사채,KRW,,5000000000,5000000000,26,A1,,A1,,케이씨,외부 신용보강,금융기관,한국산업은행
67366,케이디비첨단전략이에스지제구차,KRZFA9460FGD,케이디비첨단전략이에스지제구차 20260107-90-48,N,20260107,20260407,회사채,KRW,,5000000000,5000000000,26,A1,,A1,,삼기,외부 신용보강,금융기관,한국산업은행
67366,케이디비첨단전략이에스지제구차,KRZFA9460FGD,케이디비첨단전략이에스지제구차 20260107-90-48,N,20260107,20260407,회사채,KRW,,5000000000,5000000000,26,A1,,A1,,(주)신세계까사,외부 신용보강,금융기관,한국산업은행
67366,케이디비첨단전략이에스지제구차,KRZFA9460FGD,케이디비첨단전략이에스지제구차 20260107-90-48,N,20260107,20260407,회사채,KRW,,5000000000,5000000000,26,A1,,A1,,SK해운,외부 신용보강,금융기관,한국산업은행
67366,케이디비첨단전략이에스지제구차,KRZFA9460FGD,케이디비첨단전략이에스지제구차 20260107-90-48,N,20260107,20260407,회사채,KRW,,5000000000,5000000000,26,A1,,A1,,신세계프라퍼티,외부 신용보강,금융기관,한국산업은행
67366,케이디비첨단전략이에스지제구차,KRZFA9460FGD,케이디비첨단전략이에스지제구차 20260107-90-48,N,20260107,20260407,회사채,KRW,,5000000000,5000000000,26,A1,,A1,,네패스아크,외부 신용보강,금융기관,한국산업은행
67366,케이디비첨단전략이에스지제구차,KRZFA9460FGD,케이디비첨단전략이에스지제구차 20260107-90-48,N,20260107,20260407,회사채,KRW,,5000000000,5000000000,26,A1,,A1,,(주)이테크시스템,외부 신용보강,금융기관,한국산업은행
67366,케이디비첨단전략이에스지제구차,KRZFA9460GGD,케이디비첨단전략이에스지제구차 20260107-90-49,N,20260107,20260407,회사채,KRW,,5000000000,5000000000,26,A1,,A1,,(주)화승코퍼레이션,외부 신용보강,금융기관,한국산업은행
67366,케이디비첨단전략이에스지제구차,KRZFA9460GGD,케이디비첨단전략이에스지제구차 20260107-90-49,N,20260107,20260407,회사채,KRW,,5000000000,5000000000,26,A1,,A1,,일지테크,외부 신용보강,금융기관,한국산업은행
67366,케이디비첨단전략이에스지제구차,KRZFA9460GGD,케이디비첨단전략이에스지제구차 20260107-90-49,N,20260107,20260407,회사채,KRW,,5000000000,5000000000,26,A1,,A1,,대주중공업,외부 신용보강,금융기관,한국산업은행
67366,케이디비첨단전략이에스지제구차,KRZFA9460GGD,케이디비첨단전략이에스지제구차 20260107-90-49,N,20260107,20260407,회사채,KRW,,5000000000,5000000000,26,A1,,A1,,케이씨,외부 신용보강,금융기관,한국산업은행
67366,케이디비첨단전략이에스지제구차,KRZFA9460GGD,케이디비첨단전략이에스지제구차 20260107-90-49,N,20260107,20260407,회사채,KRW,,5000000000,5000000000,26,A1,,A1,,삼기,외부 신용보강,금융기관,한국산업은행
67366,케이디비첨단전략이에스지제구차,KRZFA9460GGD,케이디비첨단전략이에스지제구차 20260107-90-49,N,20260107,20260407,회사채,KRW,,5000000000,5000000000,26,A1,,A1,,(주)신세계까사,외부 신용보강,금융기관,한국산업은행
67366,케이디비첨단전략이에스지제구차,KRZFA9460GGD,케이디비첨단전략이에스지제구차 20260107-90-49,N,20260107,20260407,회사채,KRW,,5000000000,5000000000,26,A1,,A1,,SK해운,외부 신용보강,금융기관,한국산업은행
67366,케이디비첨단전략이에스지제구차,KRZFA9460GGD,케이디비첨단전략이에스지제구차 20260107-90-49,N,20260107,20260407,회사채,KRW,,5000000000,5000000000,26,A1,,A1,,신세계프라퍼티,외부 신용보강,금융기관,한국산업은행
67366,케이디비첨단전략이에스지제구차,KRZFA9460GGD,케이디비첨단전략이에스지제구차 20260107-90-49,N,20260107,20260407,회사채,KRW,,5000000000,5000000000,26,A1,,A1,,네패스아크,외부 신용보강,금융기관,한국산업은행
67366,케이디비첨단전략이에스지제구차,KRZFA9460GGD,케이디비첨단전략이에스지제구차 20260107-90-49,N,20260107,20260407,회사채,KRW,,5000000000,5000000000,26,A1,,A1,,(주)이테크시스템,외부 신용보강,금융기관,한국산업은행
67366,케이디비첨단전략이에스지제구차,KRZFA94605G1,케이디비첨단전략이에스지제구차 20260107-90-5,N,20260107,20260407,회사채,KRW,,5000000000,5000000000,26,A1,,A1,,(주)화승코퍼레이션,외부 신용보강,금융기관,한국산업은행
67366,케이디비첨단전략이에스지제구차,KRZFA94605G1,케이디비첨단전략이에스지제구차 20260107-90-5,N,20260107,20260407,회사채,KRW,,5000000000,5000000000,26,A1,,A1,,일지테크,외부 신용보강,금융기관,한국산업은행
67366,케이디비첨단전략이에스지제구차,KRZFA94605G1,케이디비첨단전략이에스지제구차 20260107-90-5,N,20260107,20260407,회사채,KRW,,5000000000,5000000000,26,A1,,A1,,대주중공업,외부 신용보강,금융기관,한국산업은행
67366,케이디비첨단전략이에스지제구차,KRZFA94605G1,케이디비첨단전략이에스지제구차 20260107-90-5,N,20260107,20260407,회사채,KRW,,5000000000,5000000000,26,A1,,A1,,케이씨,외부 신용보강,금융기관,한국산업은행
67366,케이디비첨단전략이에스지제구차,KRZFA94605G1,케이디비첨단전략이에스지제구차 20260107-90-5,N,20260107,20260407,회사채,KRW,,5000000000,5000000000,26,A1,,A1,,삼기,외부 신용보강,금융기관,한국산업은행
67366,케이디비첨단전략이에스지제구차,KRZFA94605G1,케이디비첨단전략이에스지제구차 20260107-90-5,N,20260107,20260407,회사채,KRW,,5000000000,5000000000,26,A1,,A1,,(주)신세계까사,외부 신용보강,금융기관,한국산업은행
67366,케이디비첨단전략이에스지제구차,KRZFA94605G1,케이디비첨단전략이에스지제구차 20260107-90-5,N,20260107,20260407,회사채,KRW,,5000000000,5000000000,26,A1,,A1,,SK해운,외부 신용보강,금융기관,한국산업은행
67366,케이디비첨단전략이에스지제구차,KRZFA94605G1,케이디비첨단전략이에스지제구차 20260107-90-5,N,20260107,20260407,회사채,KRW,,5000000000,5000000000,26,A1,,A1,,신세계프라퍼티,외부 신용보강,금융기관,한국산업은행
67366,케이디비첨단전략이에스지제구차,KRZFA94605G1,케이디비첨단전략이에스지제구차 20260107-90-5,N,20260107,20260407,회사채,KRW,,5000000000,5000000000,26,A1,,A1,,네패스아크,외부 신용보강,금융기관,한국산업은행
67366,케이디비첨단전략이에스지제구차,KRZFA94605G1,케이디비첨단전략이에스지제구차 20260107-90-5,N,20260107,20260407,회사채,KRW,,5000000000,5000000000,26,A1,,A1,,(주)이테크시스템,외부 신용보강,금융기관,한국산업은행
67366,케이디비첨단전략이에스지제구차,KRZFA94606G1,케이디비첨단전략이에스지제구차 20260107-90-6,N,20260107,20260407,회사채,KRW,,5000000000,5000000000,26,A1,,A1,,(주)화승코퍼레이션,외부 신용보강,금융기관,한국산업은행
67366,케이디비첨단전략이에스지제구차,KRZFA94606G1,케이디비첨단전략이에스지제구차 20260107-90-6,N,20260107,20260407,회사채,KRW,,5000000000,5000000000,26,A1,,A1,,일지테크,외부 신용보강,금융기관,한국산업은행
67366,케이디비첨단전략이에스지제구차,KRZFA94606G1,케이디비첨단전략이에스지제구차 20260107-90-6,N,20260107,20260407,회사채,KRW,,5000000000,5000000000,26,A1,,A1,,대주중공업,외부 신용보강,금융기관,한국산업은행
67366,케이디비첨단전략이에스지제구차,KRZFA94606G1,케이디비첨단전략이에스지제구차 20260107-90-6,N,20260107,20260407,회사채,KRW,,5000000000,5000000000,26,A1,,A1,,케이씨,외부 신용보강,금융기관,한국산업은행
67366,케이디비첨단전략이에스지제구차,KRZFA94606G1,케이디비첨단전략이에스지제구차 20260107-90-6,N,20260107,20260407,회사채,KRW,,5000000000,5000000000,26,A1,,A1,,삼기,외부 신용보강,금융기관,한국산업은행
67366,케이디비첨단전략이에스지제구차,KRZFA94606G1,케이디비첨단전략이에스지제구차 20260107-90-6,N,20260107,20260407,회사채,KRW,,5000000000,5000000000,26,A1,,A1,,(주)신세계까사,외부 신용보강,금융기관,한국산업은행
67366,케이디비첨단전략이에스지제구차,KRZFA94606G1,케이디비첨단전략이에스지제구차 20260107-90-6,N,20260107,20260407,회사채,KRW,,5000000000,5000000000,26,A1,,A1,,SK해운,외부 신용보강,금융기관,한국산업은행
67366,케이디비첨단전략이에스지제구차,KRZFA94606G1,케이디비첨단전략이에스지제구차 20260107-90-6,N,20260107,20260407,회사채,KRW,,5000000000,5000000000,26,A1,,A1,,신세계프라퍼티,외부 신용보강,금융기관,한국산업은행
67366,케이디비첨단전략이에스지제구차,KRZFA94606G1,케이디비첨단전략이에스지제구차 20260107-90-6,N,20260107,20260407,회사채,KRW,,5000000000,5000000000,26,A1,,A1,,네패스아크,외부 신용보강,금융기관,한국산업은행
67366,케이디비첨단전략이에스지제구차,KRZFA94606G1,케이디비첨단전략이에스지제구차 20260107-90-6,N,20260107,20260407,회사채,KRW,,5000000000,5000000000,26,A1,,A1,,(주)이테크시스템,외부 신용보강,금융기관,한국산업은행
67366,케이디비첨단전략이에스지제구차,KRZFA94607G1,케이디비첨단전략이에스지제구차 20260107-90-7,N,20260107,20260407,회사채,KRW,,5000000000,5000000000,26,A1,,A1,,(주)화승코퍼레이션,외부 신용보강,금융기관,한국산업은행
67366,케이디비첨단전략이에스지제구차,KRZFA94607G1,케이디비첨단전략이에스지제구차 20260107-90-7,N,20260107,20260407,회사채,KRW,,5000000000,5000000000,26,A1,,A1,,일지테크,외부 신용보강,금융기관,한국산업은행
67366,케이디비첨단전략이에스지제구차,KRZFA94607G1,케이디비첨단전략이에스지제구차 20260107-90-7,N,20260107,20260407,회사채,KRW,,5000000000,5000000000,26,A1,,A1,,대주중공업,외부 신용보강,금융기관,한국산업은행
67366,케이디비첨단전략이에스지제구차,KRZFA94607G1,케이디비첨단전략이에스지제구차 20260107-90-7,N,20260107,20260407,회사채,KRW,,5000000000,5000000000,26,A1,,A1,,케이씨,외부 신용보강,금융기관,한국산업은행
67366,케이디비첨단전략이에스지제구차,KRZFA94607G1,케이디비첨단전략이에스지제구차 20260107-90-7,N,20260107,20260407,회사채,KRW,,5000000000,5000000000,26,A1,,A1,,삼기,외부 신용보강,금융기관,한국산업은행
67366,케이디비첨단전략이에스지제구차,KRZFA94607G1,케이디비첨단전략이에스지제구차 20260107-90-7,N,20260107,20260407,회사채,KRW,,5000000000,5000000000,26,A1,,A1,,(주)신세계까사,외부 신용보강,금융기관,한국산업은행
67366,케이디비첨단전략이에스지제구차,KRZFA94607G1,케이디비첨단전략이에스지제구차 20260107-90-7,N,20260107,20260407,회사채,KRW,,5000000000,5000000000,26,A1,,A1,,SK해운,외부 신용보강,금융기관,한국산업은행
67366,케이디비첨단전략이에스지제구차,KRZFA94607G1,케이디비첨단전략이에스지제구차 20260107-90-7,N,20260107,20260407,회사채,KRW,,5000000000,5000000000,26,A1,,A1,,신세계프라퍼티,외부 신용보강,금융기관,한국산업은행
67366,케이디비첨단전략이에스지제구차,KRZFA94607G1,케이디비첨단전략이에스지제구차 20260107-90-7,N,20260107,20260407,회사채,KRW,,5000000000,5000000000,26,A1,,A1,,네패스아크,외부 신용보강,금융기관,한국산업은행
67366,케이디비첨단전략이에스지제구차,KRZFA94607G1,케이디비첨단전략이에스지제구차 20260107-90-7,N,20260107,20260407,회사채,KRW,,5000000000,5000000000,26,A1,,A1,,(주)이테크시스템,외부 신용보강,금융기관,한국산업은행
67366,케이디비첨단전략이에스지제구차,KRZFA94608G1,케이디비첨단전략이에스지제구차 20260107-90-8,N,20260107,20260407,회사채,KRW,,5000000000,5000000000,26,A1,,A1,,(주)화승코퍼레이션,외부 신용보강,금융기관,한국산업은행
67366,케이디비첨단전략이에스지제구차,KRZFA94608G1,케이디비첨단전략이에스지제구차 20260107-90-8,N,20260107,20260407,회사채,KRW,,5000000000,5000000000,26,A1,,A1,,일지테크,외부 신용보강,금융기관,한국산업은행
67366,케이디비첨단전략이에스지제구차,KRZFA94608G1,케이디비첨단전략이에스지제구차 20260107-90-8,N,20260107,20260407,회사채,KRW,,5000000000,5000000000,26,A1,,A1,,대주중공업,외부 신용보강,금융기관,한국산업은행
67366,케이디비첨단전략이에스지제구차,KRZFA94608G1,케이디비첨단전략이에스지제구차 20260107-90-8,N,20260107,20260407,회사채,KRW,,5000000000,5000000000,26,A1,,A1,,케이씨,외부 신용보강,금융기관,한국산업은행
67366,케이디비첨단전략이에스지제구차,KRZFA94608G1,케이디비첨단전략이에스지제구차 20260107-90-8,N,20260107,20260407,회사채,KRW,,5000000000,5000000000,26,A1,,A1,,삼기,외부 신용보강,금융기관,한국산업은행
67366,케이디비첨단전략이에스지제구차,KRZFA94608G1,케이디비첨단전략이에스지제구차 20260107-90-8,N,20260107,20260407,회사채,KRW,,5000000000,5000000000,26,A1,,A1,,(주)신세계까사,외부 신용보강,금융기관,한국산업은행
67366,케이디비첨단전략이에스지제구차,KRZFA94608G1,케이디비첨단전략이에스지제구차 20260107-90-8,N,20260107,20260407,회사채,KRW,,5000000000,5000000000,26,A1,,A1,,SK해운,외부 신용보강,금융기관,한국산업은행
67366,케이디비첨단전략이에스지제구차,KRZFA94608G1,케이디비첨단전략이에스지제구차 20260107-90-8,N,20260107,20260407,회사채,KRW,,5000000000,5000000000,26,A1,,A1,,신세계프라퍼티,외부 신용보강,금융기관,한국산업은행
67366,케이디비첨단전략이에스지제구차,KRZFA94608G1,케이디비첨단전략이에스지제구차 20260107-90-8,N,20260107,20260407,회사채,KRW,,5000000000,5000000000,26,A1,,A1,,네패스아크,외부 신용보강,금융기관,한국산업은행
67366,케이디비첨단전략이에스지제구차,KRZFA94608G1,케이디비첨단전략이에스지제구차 20260107-90-8,N,20260107,20260407,회사채,KRW,,5000000000,5000000000,26,A1,,A1,,(주)이테크시스템,외부 신용보강,금융기관,한국산업은행
67366,케이디비첨단전략이에스지제구차,KRZFA94609G1,케이디비첨단전략이에스지제구차 20260107-90-9,N,20260107,20260407,회사채,KRW,,5000000000,5000000000,26,A1,,A1,,(주)화승코퍼레이션,외부 신용보강,금융기관,한국산업은행
67366,케이디비첨단전략이에스지제구차,KRZFA94609G1,케이디비첨단전략이에스지제구차 20260107-90-9,N,20260107,20260407,회사채,KRW,,5000000000,5000000000,26,A1,,A1,,일지테크,외부 신용보강,금융기관,한국산업은행
67366,케이디비첨단전략이에스지제구차,KRZFA94609G1,케이디비첨단전략이에스지제구차 20260107-90-9,N,20260107,20260407,회사채,KRW,,5000000000,5000000000,26,A1,,A1,,대주중공업,외부 신용보강,금융기관,한국산업은행
67366,케이디비첨단전략이에스지제구차,KRZFA94609G1,케이디비첨단전략이에스지제구차 20260107-90-9,N,20260107,20260407,회사채,KRW,,5000000000,5000000000,26,A1,,A1,,케이씨,외부 신용보강,금융기관,한국산업은행
67366,케이디비첨단전략이에스지제구차,KRZFA94609G1,케이디비첨단전략이에스지제구차 20260107-90-9,N,20260107,20260407,회사채,KRW,,5000000000,5000000000,26,A1,,A1,,삼기,외부 신용보강,금융기관,한국산업은행
67366,케이디비첨단전략이에스지제구차,KRZFA94609G1,케이디비첨단전략이에스지제구차 20260107-90-9,N,20260107,20260407,회사채,KRW,,5000000000,5000000000,26,A1,,A1,,(주)신세계까사,외부 신용보강,금융기관,한국산업은행
67366,케이디비첨단전략이에스지제구차,KRZFA94609G1,케이디비첨단전략이에스지제구차 20260107-90-9,N,20260107,20260407,회사채,KRW,,5000000000,5000000000,26,A1,,A1,,SK해운,외부 신용보강,금융기관,한국산업은행
67366,케이디비첨단전략이에스지제구차,KRZFA94609G1,케이디비첨단전략이에스지제구차 20260107-90-9,N,20260107,20260407,회사채,KRW,,5000000000,5000000000,26,A1,,A1,,신세계프라퍼티,외부 신용보강,금융기관,한국산업은행
67366,케이디비첨단전략이에스지제구차,KRZFA94609G1,케이디비첨단전략이에스지제구차 20260107-90-9,N,20260107,20260407,회사채,KRW,,5000000000,5000000000,26,A1,,A1,,네패스아크,외부 신용보강,금융기관,한국산업은행
67366,케이디비첨단전략이에스지제구차,KRZFA94609G1,케이디비첨단전략이에스지제구차 20260107-90-9,N,20260107,20260407,회사채,KRW,,5000000000,5000000000,26,A1,,A1,,(주)이테크시스템,외부 신용보강,금융기관,한국산업은행
73302,국민베스트제1차,KRZF0006KGGD,국민베스트제1차 20260106-275-49,N,20260106,20261008,정기예금,KRW,,256000000,256000000,210,A1,A1,,,국민은행,자체 신용보강,자체 신용보강,국민은행
73302,국민베스트제1차,KRZF0006K1G1,국민베스트제1차 20260106-93-1,N,20260106,20260409,정기예금,KRW,,5000000000,5000000000,28,A1,A1,,,국민은행,자체 신용보강,자체 신용보강,국민은행
73302,국민베스트제1차,KRZF0006KAG1,국민베스트제1차 20260106-93-10,N,20260106,20260409,정기예금,KRW,,5000000000,5000000000,28,A1,A1,,,국민은행,자체 신용보강,자체 신용보강,국민은행
73302,국민베스트제1차,KRZF0006KBG1,국민베스트제1차 20260106-93-11,N,20260106,20260409,정기예금,KRW,,5000000000,5000000000,28,A1,A1,,,국민은행,자체 신용보강,자체 신용보강,국민은행
73302,국민베스트제1차,KRZF0006KCG1,국민베스트제1차 20260106-93-12,N,20260106,20260409,정기예금,KRW,,5000000000,5000000000,28,A1,A1,,,국민은행,자체 신용보강,자체 신용보강,국민은행
73302,국민베스트제1차,KRZF0006KDG1,국민베스트제1차 20260106-93-13,N,20260106,20260409,정기예금,KRW,,5000000000,5000000000,28,A1,A1,,,국민은행,자체 신용보강,자체 신용보강,국민은행
73302,국민베스트제1차,KRZF0006KEG1,국민베스트제1차 20260106-93-14,N,20260106,20260409,정기예금,KRW,,5000000000,5000000000,28,A1,A1,,,국민은행,자체 신용보강,자체 신용보강,국민은행
73302,국민베스트제1차,KRZF0006KFG1,국민베스트제1차 20260106-93-15,N,20260106,20260409,정기예금,KRW,,5000000000,5000000000,28,A1,A1,,,국민은행,자체 신용보강,자체 신용보강,국민은행
73302,국민베스트제1차,KRZF0006KGG1,국민베스트제1차 20260106-93-16,N,20260106,20260409,정기예금,KRW,,5000000000,5000000000,28,A1,A1,,,국민은행,자체 신용보강,자체 신용보강,국민은행
73302,국민베스트제1차,KRZF0006KHG1,국민베스트제1차 20260106-93-17,N,20260106,20260409,정기예금,KRW,,5000000000,5000000000,28,A1,A1,,,국민은행,자체 신용보강,자체 신용보강,국민은행
73302,국민베스트제1차,KRZF0006KJG1,국민베스트제1차 20260106-93-18,N,20260106,20260409,정기예금,KRW,,5000000000,5000000000,28,A1,A1,,,국민은행,자체 신용보강,자체 신용보강,국민은행
73302,국민베스트제1차,KRZF0006KKG1,국민베스트제1차 20260106-93-19,N,20260106,20260409,정기예금,KRW,,5000000000,5000000000,28,A1,A1,,,국민은행,자체 신용보강,자체 신용보강,국민은행
73302,국민베스트제1차,KRZF0006K2G1,국민베스트제1차 20260106-93-2,N,20260106,20260409,정기예금,KRW,,5000000000,5000000000,28,A1,A1,,,국민은행,자체 신용보강,자체 신용보강,국민은행
73302,국민베스트제1차,KRZF0006KLG1,국민베스트제1차 20260106-93-20,N,20260106,20260409,정기예금,KRW,,5000000000,5000000000,28,A1,A1,,,국민은행,자체 신용보강,자체 신용보강,국민은행
73302,국민베스트제1차,KRZF0006KMG1,국민베스트제1차 20260106-93-21,N,20260106,20260409,정기예금,KRW,,5000000000,5000000000,28,A1,A1,,,국민은행,자체 신용보강,자체 신용보강,국민은행
73302,국민베스트제1차,KRZF0006KNG1,국민베스트제1차 20260106-93-22,N,20260106,20260409,정기예금,KRW,,5000000000,5000000000,28,A1,A1,,,국민은행,자체 신용보강,자체 신용보강,국민은행
73302,국민베스트제1차,KRZF0006KPG1,국민베스트제1차 20260106-93-23,N,20260106,20260409,정기예금,KRW,,5000000000,5000000000,28,A1,A1,,,국민은행,자체 신용보강,자체 신용보강,국민은행
73302,국민베스트제1차,KRZF0006KQG1,국민베스트제1차 20260106-93-24,N,20260106,20260409,정기예금,KRW,,5000000000,5000000000,28,A1,A1,,,국민은행,자체 신용보강,자체 신용보강,국민은행
73302,국민베스트제1차,KRZF0006KRG1,국민베스트제1차 20260106-93-25,N,20260106,20260409,정기예금,KRW,,5000000000,5000000000,28,A1,A1,,,국민은행,자체 신용보강,자체 신용보강,국민은행
73302,국민베스트제1차,KRZF0006KSG1,국민베스트제1차 20260106-93-26,N,20260106,20260409,정기예금,KRW,,5000000000,5000000000,28,A1,A1,,,국민은행,자체 신용보강,자체 신용보강,국민은행
73302,국민베스트제1차,KRZF0006KTG1,국민베스트제1차 20260106-93-27,N,20260106,20260409,정기예금,KRW,,5000000000,5000000000,28,A1,A1,,,국민은행,자체 신용보강,자체 신용보강,국민은행
73302,국민베스트제1차,KRZF0006KVG1,국민베스트제1차 20260106-93-28,N,20260106,20260409,정기예금,KRW,,5000000000,5000000000,28,A1,A1,,,국민은행,자체 신용보강,자체 신용보강,국민은행
73302,국민베스트제1차,KRZF0006KWG1,국민베스트제1차 20260106-93-29,N,20260106,20260409,정기예금,KRW,,5000000000,5000000000,28,A1,A1,,,국민은행,자체 신용보강,자체 신용보강,국민은행
73302,국민베스트제1차,KRZF0006K3G1,국민베스트제1차 20260106-93-3,N,20260106,20260409,정기예금,KRW,,5000000000,5000000000,28,A1,A1,,,국민은행,자체 신용보강,자체 신용보강,국민은행
73302,국민베스트제1차,KRZF0006KXG1,국민베스트제1차 20260106-93-30,N,20260106,20260409,정기예금,KRW,,5000000000,5000000000,28,A1,A1,,,국민은행,자체 신용보강,자체 신용보강,국민은행
73302,국민베스트제1차,KRZF0006KYG1,국민베스트제1차 20260106-93-31,N,20260106,20260409,정기예금,KRW,,5000000000,5000000000,28,A1,A1,,,국민은행,자체 신용보강,자체 신용보강,국민은행
73302,국민베스트제1차,KRZF0006KZG1,국민베스트제1차 20260106-93-32,N,20260106,20260409,정기예금,KRW,,5000000000,5000000000,28,A1,A1,,,국민은행,자체 신용보강,자체 신용보강,국민은행
73302,국민베스트제1차,KRZF0006K0GD,국민베스트제1차 20260106-93-33,N,20260106,20260409,정기예금,KRW,,5000000000,5000000000,28,A1,A1,,,국민은행,자체 신용보강,자체 신용보강,국민은행
73302,국민베스트제1차,KRZF0006K1GD,국민베스트제1차 20260106-93-34,N,20260106,20260409,정기예금,KRW,,5000000000,5000000000,28,A1,A1,,,국민은행,자체 신용보강,자체 신용보강,국민은행
73302,국민베스트제1차,KRZF0006K2GD,국민베스트제1차 20260106-93-35,N,20260106,20260409,정기예금,KRW,,5000000000,5000000000,28,A1,A1,,,국민은행,자체 신용보강,자체 신용보강,국민은행
73302,국민베스트제1차,KRZF0006K3GD,국민베스트제1차 20260106-93-36,N,20260106,20260409,정기예금,KRW,,5000000000,5000000000,28,A1,A1,,,국민은행,자체 신용보강,자체 신용보강,국민은행
73302,국민베스트제1차,KRZF0006K4GD,국민베스트제1차 20260106-93-37,N,20260106,20260409,정기예금,KRW,,5000000000,5000000000,28,A1,A1,,,국민은행,자체 신용보강,자체 신용보강,국민은행
73302,국민베스트제1차,KRZF0006K5GD,국민베스트제1차 20260106-93-38,N,20260106,20260409,정기예금,KRW,,5000000000,5000000000,28,A1,A1,,,국민은행,자체 신용보강,자체 신용보강,국민은행
73302,국민베스트제1차,KRZF0006K6GD,국민베스트제1차 20260106-93-39,N,20260106,20260409,정기예금,KRW,,5000000000,5000000000,28,A1,A1,,,국민은행,자체 신용보강,자체 신용보강,국민은행
73302,국민베스트제1차,KRZF0006K4G1,국민베스트제1차 20260106-93-4,N,20260106,20260409,정기예금,KRW,,5000000000,5000000000,28,A1,A1,,,국민은행,자체 신용보강,자체 신용보강,국민은행
73302,국민베스트제1차,KRZF0006K7GD,국민베스트제1차 20260106-93-40,N,20260106,20260409,정기예금,KRW,,5000000000,5000000000,28,A1,A1,,,국민은행,자체 신용보강,자체 신용보강,국민은행
73302,국민베스트제1차,KRZF0006K8GD,국민베스트제1차 20260106-93-41,N,20260106,20260409,정기예금,KRW,,5000000000,5000000000,28,A1,A1,,,국민은행,자체 신용보강,자체 신용보강,국민은행
73302,국민베스트제1차,KRZF0006K9GD,국민베스트제1차 20260106-93-42,N,20260106,20260409,정기예금,KRW,,5000000000,5000000000,28,A1,A1,,,국민은행,자체 신용보강,자체 신용보강,국민은행
73302,국민베스트제1차,KRZF0006KAGD,국민베스트제1차 20260106-93-43,N,20260106,20260409,정기예금,KRW,,5000000000,5000000000,28,A1,A1,,,국민은행,자체 신용보강,자체 신용보강,국민은행
73302,국민베스트제1차,KRZF0006KBGD,국민베스트제1차 20260106-93-44,N,20260106,20260409,정기예금,KRW,,5000000000,5000000000,28,A1,A1,,,국민은행,자체 신용보강,자체 신용보강,국민은행
73302,국민베스트제1차,KRZF0006KCGD,국민베스트제1차 20260106-93-45,N,20260106,20260409,정기예금,KRW,,5000000000,5000000000,28,A1,A1,,,국민은행,자체 신용보강,자체 신용보강,국민은행
73302,국민베스트제1차,KRZF0006KDGD,국민베스트제1차 20260106-93-46,N,20260106,20260409,정기예금,KRW,,5000000000,5000000000,28,A1,A1,,,국민은행,자체 신용보강,자체 신용보강,국민은행
73302,국민베스트제1차,KRZF0006KEGD,국민베스트제1차 20260106-93-47,N,20260106,20260409,정기예금,KRW,,5000000000,5000000000,28,A1,A1,,,국민은행,자체 신용보강,자체 신용보강,국민은행
73302,국민베스트제1차,KRZF0006KFGD,국민베스트제1차 20260106-93-48,N,20260106,20260409,정기예금,KRW,,5000000000,5000000000,28,A1,A1,,,국민은행,자체 신용보강,자체 신용보강,국민은행
73302,국민베스트제1차,KRZF0006K5G1,국민베스트제1차 20260106-93-5,N,20260106,20260409,정기예금,KRW,,5000000000,5000000000,28,A1,A1,,,국민은행,자체 신용보강,자체 신용보강,국민은행
73302,국민베스트제1차,KRZF0006K6G1,국민베스트제1차 20260106-93-6,N,20260106,20260409,정기예금,KRW,,5000000000,5000000000,28,A1,A1,,,국민은행,자체 신용보강,자체 신용보강,국민은행
73302,국민베스트제1차,KRZF0006K7G1,국민베스트제1차 20260106-93-7,N,20260106,20260409,정기예금,KRW,,5000000000,5000000000,28,A1,A1,,,국민은행,자체 신용보강,자체 신용보강,국민은행
73302,국민베스트제1차,KRZF0006K8G1,국민베스트제1차 20260106-93-8,N,20260106,20260409,정기예금,KRW,,5000000000,5000000000,28,A1,A1,,,국민은행,자체 신용보강,자체 신용보강,국민은행
73302,국민베스트제1차,KRZF0006K9G1,국민베스트제1차 20260106-93-9,N,20260106,20260409,정기예금,KRW,,5000000000,5000000000,28,A1,A1,,,국민은행,자체 신용보강,자체 신용보강,국민은행
73296,레드불스제칠차,KRZFA96301G1,레드불스제칠차 20260106-289-1,N,20260106,20261022,정기예금,KRW,,5000000000,5000000000,224,A1,A1,,,신한은행,자체 신용보강,자체 신용보강,신한은행
73296,레드불스제칠차,KRZFA9630AG1,레드불스제칠차 20260106-289-10,N,20260106,20261022,정기예금,KRW,,5000000000,5000000000,224,A1,A1,,,신한은행,자체 신용보강,자체 신용보강,신한은행
73296,레드불스제칠차,KRZFA9630BG1,레드불스제칠차 20260106-289-11,N,20260106,20261022,정기예금,KRW,,5000000000,5000000000,224,A1,A1,,,신한은행,자체 신용보강,자체 신용보강,신한은행
73296,레드불스제칠차,KRZFA9630CG1,레드불스제칠차 20260106-289-12,N,20260106,20261022,정기예금,KRW,,5000000000,5000000000,224,A1,A1,,,신한은행,자체 신용보강,자체 신용보강,신한은행
73296,레드불스제칠차,KRZFA9630DG1,레드불스제칠차 20260106-289-13,N,20260106,20261022,정기예금,KRW,,5000000000,5000000000,224,A1,A1,,,신한은행,자체 신용보강,자체 신용보강,신한은행
73296,레드불스제칠차,KRZFA9630EG1,레드불스제칠차 20260106-289-14,N,20260106,20261022,정기예금,KRW,,5000000000,5000000000,224,A1,A1,,,신한은행,자체 신용보강,자체 신용보강,신한은행
73296,레드불스제칠차,KRZFA9630FG1,레드불스제칠차 20260106-289-15,N,20260106,20261022,정기예금,KRW,,5000000000,5000000000,224,A1,A1,,,신한은행,자체 신용보강,자체 신용보강,신한은행
73296,레드불스제칠차,KRZFA9630GG1,레드불스제칠차 20260106-289-16,N,20260106,20261022,정기예금,KRW,,5000000000,5000000000,224,A1,A1,,,신한은행,자체 신용보강,자체 신용보강,신한은행
73296,레드불스제칠차,KRZFA9630HG1,레드불스제칠차 20260106-289-17,N,20260106,20261022,정기예금,KRW,,5000000000,5000000000,224,A1,A1,,,신한은행,자체 신용보강,자체 신용보강,신한은행
73296,레드불스제칠차,KRZFA9630JG1,레드불스제칠차 20260106-289-18,N,20260106,20261022,정기예금,KRW,,5000000000,5000000000,224,A1,A1,,,신한은행,자체 신용보강,자체 신용보강,신한은행
73296,레드불스제칠차,KRZFA9630KG1,레드불스제칠차 20260106-289-19,N,20260106,20261022,정기예금,KRW,,5000000000,5000000000,224,A1,A1,,,신한은행,자체 신용보강,자체 신용보강,신한은행
73296,레드불스제칠차,KRZFA96302G1,레드불스제칠차 20260106-289-2,N,20260106,20261022,정기예금,KRW,,5000000000,5000000000,224,A1,A1,,,신한은행,자체 신용보강,자체 신용보강,신한은행
73296,레드불스제칠차,KRZFA9630LG1,레드불스제칠차 20260106-289-20,N,20260106,20261022,정기예금,KRW,,5000000000,5000000000,224,A1,A1,,,신한은행,자체 신용보강,자체 신용보강,신한은행
73296,레드불스제칠차,KRZFA9630MG1,레드불스제칠차 20260106-289-21,N,20260106,20261022,정기예금,KRW,,5000000000,5000000000,224,A1,A1,,,신한은행,자체 신용보강,자체 신용보강,신한은행
73296,레드불스제칠차,KRZFA9630NG1,레드불스제칠차 20260106-289-22,N,20260106,20261022,정기예금,KRW,,5000000000,5000000000,224,A1,A1,,,신한은행,자체 신용보강,자체 신용보강,신한은행
73296,레드불스제칠차,KRZFA9630PG1,레드불스제칠차 20260106-289-23,N,20260106,20261022,정기예금,KRW,,5000000000,5000000000,224,A1,A1,,,신한은행,자체 신용보강,자체 신용보강,신한은행
73296,레드불스제칠차,KRZFA9630QG1,레드불스제칠차 20260106-289-24,N,20260106,20261022,정기예금,KRW,,5000000000,5000000000,224,A1,A1,,,신한은행,자체 신용보강,자체 신용보강,신한은행
73296,레드불스제칠차,KRZFA9630RG1,레드불스제칠차 20260106-289-25,N,20260106,20261022,정기예금,KRW,,5000000000,5000000000,224,A1,A1,,,신한은행,자체 신용보강,자체 신용보강,신한은행
73296,레드불스제칠차,KRZFA9630SG1,레드불스제칠차 20260106-289-26,N,20260106,20261022,정기예금,KRW,,5000000000,5000000000,224,A1,A1,,,신한은행,자체 신용보강,자체 신용보강,신한은행
73296,레드불스제칠차,KRZFA9630TG1,레드불스제칠차 20260106-289-27,N,20260106,20261022,정기예금,KRW,,5000000000,5000000000,224,A1,A1,,,신한은행,자체 신용보강,자체 신용보강,신한은행
73296,레드불스제칠차,KRZFA9630VG1,레드불스제칠차 20260106-289-28,N,20260106,20261022,정기예금,KRW,,5000000000,5000000000,224,A1,A1,,,신한은행,자체 신용보강,자체 신용보강,신한은행
73296,레드불스제칠차,KRZFA9630WG1,레드불스제칠차 20260106-289-29,N,20260106,20261022,정기예금,KRW,,5000000000,5000000000,224,A1,A1,,,신한은행,자체 신용보강,자체 신용보강,신한은행
73296,레드불스제칠차,KRZFA96303G1,레드불스제칠차 20260106-289-3,N,20260106,20261022,정기예금,KRW,,5000000000,5000000000,224,A1,A1,,,신한은행,자체 신용보강,자체 신용보강,신한은행
73296,레드불스제칠차,KRZFA9630XG1,레드불스제칠차 20260106-289-30,N,20260106,20261022,정기예금,KRW,,5000000000,5000000000,224,A1,A1,,,신한은행,자체 신용보강,자체 신용보강,신한은행
73296,레드불스제칠차,KRZFA9630YG1,레드불스제칠차 20260106-289-31,N,20260106,20261022,정기예금,KRW,,5000000000,5000000000,224,A1,A1,,,신한은행,자체 신용보강,자체 신용보강,신한은행
73296,레드불스제칠차,KRZFA9630ZG1,레드불스제칠차 20260106-289-32,N,20260106,20261022,정기예금,KRW,,5000000000,5000000000,224,A1,A1,,,신한은행,자체 신용보강,자체 신용보강,신한은행
73296,레드불스제칠차,KRZFA96300GD,레드불스제칠차 20260106-289-33,N,20260106,20261022,정기예금,KRW,,5000000000,5000000000,224,A1,A1,,,신한은행,자체 신용보강,자체 신용보강,신한은행
73296,레드불스제칠차,KRZFA96301GD,레드불스제칠차 20260106-289-34,N,20260106,20261022,정기예금,KRW,,5000000000,5000000000,224,A1,A1,,,신한은행,자체 신용보강,자체 신용보강,신한은행
73296,레드불스제칠차,KRZFA96302GD,레드불스제칠차 20260106-289-35,N,20260106,20261022,정기예금,KRW,,5000000000,5000000000,224,A1,A1,,,신한은행,자체 신용보강,자체 신용보강,신한은행
73296,레드불스제칠차,KRZFA96303GD,레드불스제칠차 20260106-289-36,N,20260106,20261022,정기예금,KRW,,5000000000,5000000000,224,A1,A1,,,신한은행,자체 신용보강,자체 신용보강,신한은행
73296,레드불스제칠차,KRZFA96304GD,레드불스제칠차 20260106-289-37,N,20260106,20261022,정기예금,KRW,,5000000000,5000000000,224,A1,A1,,,신한은행,자체 신용보강,자체 신용보강,신한은행
73296,레드불스제칠차,KRZFA96305GD,레드불스제칠차 20260106-289-38,N,20260106,20261022,정기예금,KRW,,5000000000,5000000000,224,A1,A1,,,신한은행,자체 신용보강,자체 신용보강,신한은행
73296,레드불스제칠차,KRZFA96306GD,레드불스제칠차 20260106-289-39,N,20260106,20261022,정기예금,KRW,,5000000000,5000000000,224,A1,A1,,,신한은행,자체 신용보강,자체 신용보강,신한은행
73296,레드불스제칠차,KRZFA96304G1,레드불스제칠차 20260106-289-4,N,20260106,20261022,정기예금,KRW,,5000000000,5000000000,224,A1,A1,,,신한은행,자체 신용보강,자체 신용보강,신한은행
73296,레드불스제칠차,KRZFA96307GD,레드불스제칠차 20260106-289-40,N,20260106,20261022,정기예금,KRW,,5000000000,5000000000,224,A1,A1,,,신한은행,자체 신용보강,자체 신용보강,신한은행
73296,레드불스제칠차,KRZFA96308GD,레드불스제칠차 20260106-289-41,N,20260106,20261022,정기예금,KRW,,5000000000,5000000000,224,A1,A1,,,신한은행,자체 신용보강,자체 신용보강,신한은행
73296,레드불스제칠차,KRZFA96309GD,레드불스제칠차 20260106-289-42,N,20260106,20261022,정기예금,KRW,,5000000000,5000000000,224,A1,A1,,,신한은행,자체 신용보강,자체 신용보강,신한은행
73296,레드불스제칠차,KRZFA9630AGD,레드불스제칠차 20260106-289-43,N,20260106,20261022,정기예금,KRW,,5000000000,5000000000,224,A1,A1,,,신한은행,자체 신용보강,자체 신용보강,신한은행
73296,레드불스제칠차,KRZFA9630BGD,레드불스제칠차 20260106-289-44,N,20260106,20261022,정기예금,KRW,,5000000000,5000000000,224,A1,A1,,,신한은행,자체 신용보강,자체 신용보강,신한은행
73296,레드불스제칠차,KRZFA9630CGD,레드불스제칠차 20260106-289-45,N,20260106,20261022,정기예금,KRW,,5000000000,5000000000,224,A1,A1,,,신한은행,자체 신용보강,자체 신용보강,신한은행
73296,레드불스제칠차,KRZFA9630DGD,레드불스제칠차 20260106-289-46,N,20260106,20261022,정기예금,KRW,,5000000000,5000000000,224,A1,A1,,,신한은행,자체 신용보강,자체 신용보강,신한은행
73296,레드불스제칠차,KRZFA9630EGD,레드불스제칠차 20260106-289-47,N,20260106,20261022,정기예금,KRW,,10000000000,10000000000,224,A1,A1,,,신한은행,자체 신용보강,자체 신용보강,신한은행
73296,레드불스제칠차,KRZFA9630FGD,레드불스제칠차 20260106-289-48,N,20260106,20261022,정기예금,KRW,,600000000,600000000,224,A1,A1,,,신한은행,자체 신용보강,자체 신용보강,신한은행
73296,레드불스제칠차,KRZFA9630GGD,레드불스제칠차 20260106-289-49,N,20260106,20261022,정기예금,KRW,,5000000000,5000000000,224,A1,A1,,,신한은행,자체 신용보강,자체 신용보강,신한은행
73296,레드불스제칠차,KRZFA96305G1,레드불스제칠차 20260106-289-5,N,20260106,20261022,정기예금,KRW,,5000000000,5000000000,224,A1,A1,,,신한은행,자체 신용보강,자체 신용보강,신한은행
73296,레드불스제칠차,KRZFA96306G1,레드불스제칠차 20260106-289-6,N,20260106,20261022,정기예금,KRW,,5000000000,5000000000,224,A1,A1,,,신한은행,자체 신용보강,자체 신용보강,신한은행
73296,레드불스제칠차,KRZFA96307G1,레드불스제칠차 20260106-289-7,N,20260106,20261022,정기예금,KRW,,5000000000,5000000000,224,A1,A1,,,신한은행,자체 신용보강,자체 신용보강,신한은행
73296,레드불스제칠차,KRZFA96308G1,레드불스제칠차 20260106-289-8,N,20260106,20261022,정기예금,KRW,,5000000000,5000000000,224,A1,A1,,,신한은행,자체 신용보강,자체 신용보강,신한은행
73296,레드불스제칠차,KRZFA96309G1,레드불스제칠차 20260106-289-9,N,20260106,20261022,정기예금,KRW,,5000000000,5000000000,224,A1,A1,,,신한은행,자체 신용보강,자체 신용보강,신한은행
73307,루크로스제구차,KRZF0037C1G1,루크로스제구차 20260106-325-1,N,20260106,20261127,정기예금,KRW,,5000000000,5000000000,260,A1,,A1,,하나은행,자체 신용보강,자체 신용보강,하나은행
73307,루크로스제구차,KRZF0037CAG1,루크로스제구차 20260106-325-10,N,20260106,20261127,정기예금,KRW,,5000000000,5000000000,260,A1,,A1,,하나은행,자체 신용보강,자체 신용보강,하나은행
73307,루크로스제구차,KRZF0037CBG1,루크로스제구차 20260106-325-11,N,20260106,20261127,정기예금,KRW,,5000000000,5000000000,260,A1,,A1,,하나은행,자체 신용보강,자체 신용보강,하나은행
73307,루크로스제구차,KRZF0037CCG1,루크로스제구차 20260106-325-12,N,20260106,20261127,정기예금,KRW,,5000000000,5000000000,260,A1,,A1,,하나은행,자체 신용보강,자체 신용보강,하나은행
73307,루크로스제구차,KRZF0037CDG1,루크로스제구차 20260106-325-13,N,20260106,20261127,정기예금,KRW,,5000000000,5000000000,260,A1,,A1,,하나은행,자체 신용보강,자체 신용보강,하나은행
73307,루크로스제구차,KRZF0037CEG1,루크로스제구차 20260106-325-14,N,20260106,20261127,정기예금,KRW,,5000000000,5000000000,260,A1,,A1,,하나은행,자체 신용보강,자체 신용보강,하나은행
73307,루크로스제구차,KRZF0037CFG1,루크로스제구차 20260106-325-15,N,20260106,20261127,정기예금,KRW,,5000000000,5000000000,260,A1,,A1,,하나은행,자체 신용보강,자체 신용보강,하나은행
73307,루크로스제구차,KRZF0037CGG1,루크로스제구차 20260106-325-16,N,20260106,20261127,정기예금,KRW,,5000000000,5000000000,260,A1,,A1,,하나은행,자체 신용보강,자체 신용보강,하나은행
73307,루크로스제구차,KRZF0037CHG1,루크로스제구차 20260106-325-17,N,20260106,20261127,정기예금,KRW,,5000000000,5000000000,260,A1,,A1,,하나은행,자체 신용보강,자체 신용보강,하나은행
73307,루크로스제구차,KRZF0037CJG1,루크로스제구차 20260106-325-18,N,20260106,20261127,정기예금,KRW,,5000000000,5000000000,260,A1,,A1,,하나은행,자체 신용보강,자체 신용보강,하나은행
73307,루크로스제구차,KRZF0037CKG1,루크로스제구차 20260106-325-19,N,20260106,20261127,정기예금,KRW,,5000000000,5000000000,260,A1,,A1,,하나은행,자체 신용보강,자체 신용보강,하나은행
73307,루크로스제구차,KRZF0037C2G1,루크로스제구차 20260106-325-2,N,20260106,20261127,정기예금,KRW,,5000000000,5000000000,260,A1,,A1,,하나은행,자체 신용보강,자체 신용보강,하나은행
73307,루크로스제구차,KRZF0037C3G1,루크로스제구차 20260106-325-3,N,20260106,20261127,정기예금,KRW,,5000000000,5000000000,260,A1,,A1,,하나은행,자체 신용보강,자체 신용보강,하나은행
73307,루크로스제구차,KRZF0037C4G1,루크로스제구차 20260106-325-4,N,20260106,20261127,정기예금,KRW,,5000000000,5000000000,260,A1,,A1,,하나은행,자체 신용보강,자체 신용보강,하나은행
73307,루크로스제구차,KRZF0037C5G1,루크로스제구차 20260106-325-5,N,20260106,20261127,정기예금,KRW,,5000000000,5000000000,260,A1,,A1,,하나은행,자체 신용보강,자체 신용보강,하나은행
73307,루크로스제구차,KRZF0037C6G1,루크로스제구차 20260106-325-6,N,20260106,20261127,정기예금,KRW,,5000000000,5000000000,260,A1,,A1,,하나은행,자체 신용보강,자체 신용보강,하나은행
73307,루크로스제구차,KRZF0037C7G1,루크로스제구차 20260106-325-7,N,20260106,20261127,정기예금,KRW,,5000000000,5000000000,260,A1,,A1,,하나은행,자체 신용보강,자체 신용보강,하나은행
73307,루크로스제구차,KRZF0037C8G1,루크로스제구차 20260106-325-8,N,20260106,20261127,정기예금,KRW,,5000000000,5000000000,260,A1,,A1,,하나은행,자체 신용보강,자체 신용보강,하나은행
73307,루크로스제구차,KRZF0037C9G1,루크로스제구차 20260106-325-9,N,20260106,20261127,정기예금,KRW,,5000000000,5000000000,260,A1,,A1,,하나은행,자체 신용보강,자체 신용보강,하나은행
73307,루크로스제구차,KRZF0037CLG1,루크로스제구차 20260106-356-20,N,20260106,20261228,정기예금,KRW,,5000000000,5000000000,291,A1,,A1,,하나은행,자체 신용보강,자체 신용보강,하나은행
73307,루크로스제구차,KRZF0037CMG1,루크로스제구차 20260106-356-21,N,20260106,20261228,정기예금,KRW,,5000000000,5000000000,291,A1,,A1,,하나은행,자체 신용보강,자체 신용보강,하나은행
73307,루크로스제구차,KRZF0037CNG1,루크로스제구차 20260106-356-22,N,20260106,20261228,정기예금,KRW,,5000000000,5000000000,291,A1,,A1,,하나은행,자체 신용보강,자체 신용보강,하나은행
73307,루크로스제구차,KRZF0037CPG1,루크로스제구차 20260106-356-23,N,20260106,20261228,정기예금,KRW,,5000000000,5000000000,291,A1,,A1,,하나은행,자체 신용보강,자체 신용보강,하나은행
73307,루크로스제구차,KRZF0037CQG1,루크로스제구차 20260106-356-24,N,20260106,20261228,정기예금,KRW,,5000000000,5000000000,291,A1,,A1,,하나은행,자체 신용보강,자체 신용보강,하나은행
73307,루크로스제구차,KRZF0037CRG1,루크로스제구차 20260106-356-25,N,20260106,20261228,정기예금,KRW,,5000000000,5000000000,291,A1,,A1,,하나은행,자체 신용보강,자체 신용보강,하나은행
73307,루크로스제구차,KRZF0037CSG1,루크로스제구차 20260106-356-26,N,20260106,20261228,정기예금,KRW,,5000000000,5000000000,291,A1,,A1,,하나은행,자체 신용보강,자체 신용보강,하나은행
73307,루크로스제구차,KRZF0037CTG1,루크로스제구차 20260106-356-27,N,20260106,20261228,정기예금,KRW,,5000000000,5000000000,291,A1,,A1,,하나은행,자체 신용보강,자체 신용보강,하나은행
73307,루크로스제구차,KRZF0037CVG1,루크로스제구차 20260106-356-28,N,20260106,20261228,정기예금,KRW,,5000000000,5000000000,291,A1,,A1,,하나은행,자체 신용보강,자체 신용보강,하나은행
73307,루크로스제구차,KRZF0037CWG1,루크로스제구차 20260106-356-29,N,20260106,20261228,정기예금,KRW,,5000000000,5000000000,291,A1,,A1,,하나은행,자체 신용보강,자체 신용보강,하나은행
73307,루크로스제구차,KRZF0037CXG1,루크로스제구차 20260106-356-30,N,20260106,20261228,정기예금,KRW,,5000000000,5000000000,291,A1,,A1,,하나은행,자체 신용보강,자체 신용보강,하나은행
73307,루크로스제구차,KRZF0037CYG1,루크로스제구차 20260106-356-31,N,20260106,20261228,정기예금,KRW,,5000000000,5000000000,291,A1,,A1,,하나은행,자체 신용보강,자체 신용보강,하나은행
73307,루크로스제구차,KRZF0037CZG1,루크로스제구차 20260106-356-32,N,20260106,20261228,정기예금,KRW,,5000000000,5000000000,291,A1,,A1,,하나은행,자체 신용보강,자체 신용보강,하나은행
73307,루크로스제구차,KRZF0037C0GD,루크로스제구차 20260106-356-33,N,20260106,20261228,정기예금,KRW,,5000000000,5000000000,291,A1,,A1,,하나은행,자체 신용보강,자체 신용보강,하나은행
73307,루크로스제구차,KRZF0037C1GD,루크로스제구차 20260106-356-34,N,20260106,20261228,정기예금,KRW,,5000000000,5000000000,291,A1,,A1,,하나은행,자체 신용보강,자체 신용보강,하나은행
73307,루크로스제구차,KRZF0037C2GD,루크로스제구차 20260106-356-35,N,20260106,20261228,정기예금,KRW,,5000000000,5000000000,291,A1,,A1,,하나은행,자체 신용보강,자체 신용보강,하나은행
73307,루크로스제구차,KRZF0037C3GD,루크로스제구차 20260106-356-36,N,20260106,20261228,정기예금,KRW,,5000000000,5000000000,291,A1,,A1,,하나은행,자체 신용보강,자체 신용보강,하나은행
73307,루크로스제구차,KRZF0037C4GD,루크로스제구차 20260106-356-37,N,20260106,20261228,정기예금,KRW,,5000000000,5000000000,291,A1,,A1,,하나은행,자체 신용보강,자체 신용보강,하나은행
73307,루크로스제구차,KRZF0037C5GD,루크로스제구차 20260106-356-38,N,20260106,20261228,정기예금,KRW,,5000000000,5000000000,291,A1,,A1,,하나은행,자체 신용보강,자체 신용보강,하나은행
73307,루크로스제구차,KRZF0037C6GD,루크로스제구차 20260106-356-39,N,20260106,20261228,정기예금,KRW,,5000000000,5000000000,291,A1,,A1,,하나은행,자체 신용보강,자체 신용보강,하나은행
73307,루크로스제구차,KRZF0037C7GD,루크로스제구차 20260106-356-40,N,20260106,20261228,정기예금,KRW,,5000000000,5000000000,291,A1,,A1,,하나은행,자체 신용보강,자체 신용보강,하나은행
73307,루크로스제구차,KRZF0037C8GD,루크로스제구차 20260106-356-41,N,20260106,20261228,정기예금,KRW,,5000000000,5000000000,291,A1,,A1,,하나은행,자체 신용보강,자체 신용보강,하나은행
73307,루크로스제구차,KRZF0037C9GD,루크로스제구차 20260106-356-42,N,20260106,20261228,정기예금,KRW,,5000000000,5000000000,291,A1,,A1,,하나은행,자체 신용보강,자체 신용보강,하나은행
73307,루크로스제구차,KRZF0037CAGD,루크로스제구차 20260106-356-43,N,20260106,20261228,정기예금,KRW,,5000000000,5000000000,291,A1,,A1,,하나은행,자체 신용보강,자체 신용보강,하나은행
73307,루크로스제구차,KRZF0037CBGD,루크로스제구차 20260106-356-44,N,20260106,20261228,정기예금,KRW,,5000000000,5000000000,291,A1,,A1,,하나은행,자체 신용보강,자체 신용보강,하나은행
73307,루크로스제구차,KRZF0037CCGD,루크로스제구차 20260106-356-45,N,20260106,20261228,정기예금,KRW,,5000000000,5000000000,291,A1,,A1,,하나은행,자체 신용보강,자체 신용보강,하나은행
73307,루크로스제구차,KRZF0037CDGD,루크로스제구차 20260106-356-46,N,20260106,20261228,정기예금,KRW,,5000000000,5000000000,291,A1,,A1,,하나은행,자체 신용보강,자체 신용보강,하나은행
73307,루크로스제구차,KRZF0037CEGD,루크로스제구차 20260106-356-47,N,20260106,20261228,정기예금,KRW,,5000000000,5000000000,291,A1,,A1,,하나은행,자체 신용보강,자체 신용보강,하나은행
73307,루크로스제구차,KRZF0037CFGD,루크로스제구차 20260106-356-48,N,20260106,20261228,정기예금,KRW,,5000000000,5000000000,291,A1,,A1,,하나은행,자체 신용보강,자체 신용보강,하나은행
73307,루크로스제구차,KRZF0037CGGD,루크로스제구차 20260106-356-49,N,20260106,20261228,정기예금,KRW,,5000000000,5000000000,291,A1,,A1,,하나은행,자체 신용보강,자체 신용보강,하나은행
73297,신디제십칠차,KRZFA94781G1,신디제십칠차 20260106-311-1,N,20260106,20261113,정기예금,KRW,,5000000000,5000000000,246,,A1,A1,,하나은행,자체 신용보강,자체 신용보강,하나은행
73297,신디제십칠차,KRZFA9478AG1,신디제십칠차 20260106-311-10,N,20260106,20261113,정기예금,KRW,,5000000000,5000000000,246,,A1,A1,,하나은행,자체 신용보강,자체 신용보강,하나은행
73297,신디제십칠차,KRZFA9478BG1,신디제십칠차 20260106-311-11,N,20260106,20261113,정기예금,KRW,,5000000000,5000000000,246,,A1,A1,,하나은행,자체 신용보강,자체 신용보강,하나은행
73297,신디제십칠차,KRZFA9478CG1,신디제십칠차 20260106-311-12,N,20260106,20261113,정기예금,KRW,,5000000000,5000000000,246,,A1,A1,,하나은행,자체 신용보강,자체 신용보강,하나은행
73297,신디제십칠차,KRZFA9478DG1,신디제십칠차 20260106-311-13,N,20260106,20261113,정기예금,KRW,,5000000000,5000000000,246,,A1,A1,,하나은행,자체 신용보강,자체 신용보강,하나은행
73297,신디제십칠차,KRZFA9478EG1,신디제십칠차 20260106-311-14,N,20260106,20261113,정기예금,KRW,,5000000000,5000000000,246,,A1,A1,,하나은행,자체 신용보강,자체 신용보강,하나은행
73297,신디제십칠차,KRZFA9478FG1,신디제십칠차 20260106-311-15,N,20260106,20261113,정기예금,KRW,,5000000000,5000000000,246,,A1,A1,,하나은행,자체 신용보강,자체 신용보강,하나은행
73297,신디제십칠차,KRZFA9478GG1,신디제십칠차 20260106-311-16,N,20260106,20261113,정기예금,KRW,,5000000000,5000000000,246,,A1,A1,,하나은행,자체 신용보강,자체 신용보강,하나은행
73297,신디제십칠차,KRZFA9478HG1,신디제십칠차 20260106-311-17,N,20260106,20261113,정기예금,KRW,,5000000000,5000000000,246,,A1,A1,,하나은행,자체 신용보강,자체 신용보강,하나은행
73297,신디제십칠차,KRZFA9478JG1,신디제십칠차 20260106-311-18,N,20260106,20261113,정기예금,KRW,,5000000000,5000000000,246,,A1,A1,,하나은행,자체 신용보강,자체 신용보강,하나은행
73297,신디제십칠차,KRZFA9478KG1,신디제십칠차 20260106-311-19,N,20260106,20261113,정기예금,KRW,,5000000000,5000000000,246,,A1,A1,,하나은행,자체 신용보강,자체 신용보강,하나은행
73297,신디제십칠차,KRZFA94782G1,신디제십칠차 20260106-311-2,N,20260106,20261113,정기예금,KRW,,5000000000,5000000000,246,,A1,A1,,하나은행,자체 신용보강,자체 신용보강,하나은행
73297,신디제십칠차,KRZFA9478LG1,신디제십칠차 20260106-311-20,N,20260106,20261113,정기예금,KRW,,5000000000,5000000000,246,,A1,A1,,하나은행,자체 신용보강,자체 신용보강,하나은행
73297,신디제십칠차,KRZFA9478MG1,신디제십칠차 20260106-311-21,N,20260106,20261113,정기예금,KRW,,5000000000,5000000000,246,,A1,A1,,하나은행,자체 신용보강,자체 신용보강,하나은행
73297,신디제십칠차,KRZFA9478NG1,신디제십칠차 20260106-311-22,N,20260106,20261113,정기예금,KRW,,5000000000,5000000000,246,,A1,A1,,하나은행,자체 신용보강,자체 신용보강,하나은행
73297,신디제십칠차,KRZFA9478PG1,신디제십칠차 20260106-311-23,N,20260106,20261113,정기예금,KRW,,5000000000,5000000000,246,,A1,A1,,하나은행,자체 신용보강,자체 신용보강,하나은행
73297,신디제십칠차,KRZFA9478QG1,신디제십칠차 20260106-311-24,N,20260106,20261113,정기예금,KRW,,5000000000,5000000000,246,,A1,A1,,하나은행,자체 신용보강,자체 신용보강,하나은행
73297,신디제십칠차,KRZFA9478RG1,신디제십칠차 20260106-311-25,N,20260106,20261113,정기예금,KRW,,5000000000,5000000000,246,,A1,A1,,하나은행,자체 신용보강,자체 신용보강,하나은행
73297,신디제십칠차,KRZFA9478SG1,신디제십칠차 20260106-311-26,N,20260106,20261113,정기예금,KRW,,5000000000,5000000000,246,,A1,A1,,하나은행,자체 신용보강,자체 신용보강,하나은행
73297,신디제십칠차,KRZFA9478TG1,신디제십칠차 20260106-311-27,N,20260106,20261113,정기예금,KRW,,5000000000,5000000000,246,,A1,A1,,하나은행,자체 신용보강,자체 신용보강,하나은행
73297,신디제십칠차,KRZFA9478VG1,신디제십칠차 20260106-311-28,N,20260106,20261113,정기예금,KRW,,5000000000,5000000000,246,,A1,A1,,하나은행,자체 신용보강,자체 신용보강,하나은행
73297,신디제십칠차,KRZFA9478WG1,신디제십칠차 20260106-311-29,N,20260106,20261113,정기예금,KRW,,5000000000,5000000000,246,,A1,A1,,하나은행,자체 신용보강,자체 신용보강,하나은행
73297,신디제십칠차,KRZFA94783G1,신디제십칠차 20260106-311-3,N,20260106,20261113,정기예금,KRW,,5000000000,5000000000,246,,A1,A1,,하나은행,자체 신용보강,자체 신용보강,하나은행
73297,신디제십칠차,KRZFA9478XG1,신디제십칠차 20260106-311-30,N,20260106,20261113,정기예금,KRW,,5000000000,5000000000,246,,A1,A1,,하나은행,자체 신용보강,자체 신용보강,하나은행
73297,신디제십칠차,KRZFA9478YG1,신디제십칠차 20260106-311-31,N,20260106,20261113,정기예금,KRW,,5000000000,5000000000,246,,A1,A1,,하나은행,자체 신용보강,자체 신용보강,하나은행
73297,신디제십칠차,KRZFA9478ZG1,신디제십칠차 20260106-311-32,N,20260106,20261113,정기예금,KRW,,5000000000,5000000000,246,,A1,A1,,하나은행,자체 신용보강,자체 신용보강,하나은행
73297,신디제십칠차,KRZFA94780GD,신디제십칠차 20260106-311-33,N,20260106,20261113,정기예금,KRW,,5000000000,5000000000,246,,A1,A1,,하나은행,자체 신용보강,자체 신용보강,하나은행
73297,신디제십칠차,KRZFA94781GD,신디제십칠차 20260106-311-34,N,20260106,20261113,정기예금,KRW,,5000000000,5000000000,246,,A1,A1,,하나은행,자체 신용보강,자체 신용보강,하나은행
73297,신디제십칠차,KRZFA94782GD,신디제십칠차 20260106-311-35,N,20260106,20261113,정기예금,KRW,,5000000000,5000000000,246,,A1,A1,,하나은행,자체 신용보강,자체 신용보강,하나은행
73297,신디제십칠차,KRZFA94783GD,신디제십칠차 20260106-311-36,N,20260106,20261113,정기예금,KRW,,5000000000,5000000000,246,,A1,A1,,하나은행,자체 신용보강,자체 신용보강,하나은행
73297,신디제십칠차,KRZFA94784GD,신디제십칠차 20260106-311-37,N,20260106,20261113,정기예금,KRW,,5000000000,5000000000,246,,A1,A1,,하나은행,자체 신용보강,자체 신용보강,하나은행
73297,신디제십칠차,KRZFA94785GD,신디제십칠차 20260106-311-38,N,20260106,20261113,정기예금,KRW,,5000000000,5000000000,246,,A1,A1,,하나은행,자체 신용보강,자체 신용보강,하나은행
73297,신디제십칠차,KRZFA94786GD,신디제십칠차 20260106-311-39,N,20260106,20261113,정기예금,KRW,,5000000000,5000000000,246,,A1,A1,,하나은행,자체 신용보강,자체 신용보강,하나은행
73297,신디제십칠차,KRZFA94784G1,신디제십칠차 20260106-311-4,N,20260106,20261113,정기예금,KRW,,5000000000,5000000000,246,,A1,A1,,하나은행,자체 신용보강,자체 신용보강,하나은행
73297,신디제십칠차,KRZFA94787GD,신디제십칠차 20260106-311-40,N,20260106,20261113,정기예금,KRW,,5000000000,5000000000,246,,A1,A1,,하나은행,자체 신용보강,자체 신용보강,하나은행
73297,신디제십칠차,KRZFA94788GD,신디제십칠차 20260106-311-41,N,20260106,20261113,정기예금,KRW,,5000000000,5000000000,246,,A1,A1,,하나은행,자체 신용보강,자체 신용보강,하나은행
73297,신디제십칠차,KRZFA94789GD,신디제십칠차 20260106-311-42,N,20260106,20261113,정기예금,KRW,,5000000000,5000000000,246,,A1,A1,,하나은행,자체 신용보강,자체 신용보강,하나은행
73297,신디제십칠차,KRZFA9478AGD,신디제십칠차 20260106-311-43,N,20260106,20261113,정기예금,KRW,,5000000000,5000000000,246,,A1,A1,,하나은행,자체 신용보강,자체 신용보강,하나은행
73297,신디제십칠차,KRZFA9478BGD,신디제십칠차 20260106-311-44,N,20260106,20261113,정기예금,KRW,,5000000000,5000000000,246,,A1,A1,,하나은행,자체 신용보강,자체 신용보강,하나은행
73297,신디제십칠차,KRZFA9478CGD,신디제십칠차 20260106-311-45,N,20260106,20261113,정기예금,KRW,,5000000000,5000000000,246,,A1,A1,,하나은행,자체 신용보강,자체 신용보강,하나은행
73297,신디제십칠차,KRZFA9478DGD,신디제십칠차 20260106-311-46,N,20260106,20261113,정기예금,KRW,,5000000000,5000000000,246,,A1,A1,,하나은행,자체 신용보강,자체 신용보강,하나은행
73297,신디제십칠차,KRZFA9478EGD,신디제십칠차 20260106-311-47,N,20260106,20261113,정기예금,KRW,,5000000000,5000000000,246,,A1,A1,,하나은행,자체 신용보강,자체 신용보강,하나은행
73297,신디제십칠차,KRZFA9478FGD,신디제십칠차 20260106-311-48,N,20260106,20261113,정기예금,KRW,,5000000000,5000000000,246,,A1,A1,,하나은행,자체 신용보강,자체 신용보강,하나은행
73297,신디제십칠차,KRZFA94785G1,신디제십칠차 20260106-311-5,N,20260106,20261113,정기예금,KRW,,5000000000,5000000000,246,,A1,A1,,하나은행,자체 신용보강,자체 신용보강,하나은행
73297,신디제십칠차,KRZFA94786G1,신디제십칠차 20260106-311-6,N,20260106,20261113,정기예금,KRW,,5000000000,5000000000,246,,A1,A1,,하나은행,자체 신용보강,자체 신용보강,하나은행
73297,신디제십칠차,KRZFA94787G1,신디제십칠차 20260106-311-7,N,20260106,20261113,정기예금,KRW,,5000000000,5000000000,246,,A1,A1,,하나은행,자체 신용보강,자체 신용보강,하나은행
73297,신디제십칠차,KRZFA94788G1,신디제십칠차 20260106-311-8,N,20260106,20261113,정기예금,KRW,,5000000000,5000000000,246,,A1,A1,,하나은행,자체 신용보강,자체 신용보강,하나은행
73297,신디제십칠차,KRZFA94789G1,신디제십칠차 20260106-311-9,N,20260106,20261113,정기예금,KRW,,5000000000,5000000000,246,,A1,A1,,하나은행,자체 신용보강,자체 신용보강,하나은행
73295,신디제이차,KRZFA83581G1,신디제이차 20260106-181-1,N,20260106,20260706,정기예금,KRW,,5000000000,5000000000,116,,A1,A1,,국민은행,자체 신용보강,자체 신용보강,국민은행
73295,신디제이차,KRZFA8358AG1,신디제이차 20260106-181-10,N,20260106,20260706,정기예금,KRW,,5000000000,5000000000,116,,A1,A1,,국민은행,자체 신용보강,자체 신용보강,국민은행
73295,신디제이차,KRZFA8358BG1,신디제이차 20260106-181-11,N,20260106,20260706,정기예금,KRW,,5000000000,5000000000,116,,A1,A1,,국민은행,자체 신용보강,자체 신용보강,국민은행
73295,신디제이차,KRZFA8358CG1,신디제이차 20260106-181-12,N,20260106,20260706,정기예금,KRW,,5000000000,5000000000,116,,A1,A1,,국민은행,자체 신용보강,자체 신용보강,국민은행
73295,신디제이차,KRZFA8358DG1,신디제이차 20260106-181-13,N,20260106,20260706,정기예금,KRW,,5000000000,5000000000,116,,A1,A1,,국민은행,자체 신용보강,자체 신용보강,국민은행
73295,신디제이차,KRZFA8358EG1,신디제이차 20260106-181-14,N,20260106,20260706,정기예금,KRW,,5000000000,5000000000,116,,A1,A1,,국민은행,자체 신용보강,자체 신용보강,국민은행
73295,신디제이차,KRZFA8358FG1,신디제이차 20260106-181-15,N,20260106,20260706,정기예금,KRW,,5000000000,5000000000,116,,A1,A1,,국민은행,자체 신용보강,자체 신용보강,국민은행
73295,신디제이차,KRZFA8358GG1,신디제이차 20260106-181-16,N,20260106,20260706,정기예금,KRW,,5000000000,5000000000,116,,A1,A1,,국민은행,자체 신용보강,자체 신용보강,국민은행
73295,신디제이차,KRZFA8358HG1,신디제이차 20260106-181-17,N,20260106,20260706,정기예금,KRW,,5000000000,5000000000,116,,A1,A1,,국민은행,자체 신용보강,자체 신용보강,국민은행
73295,신디제이차,KRZFA8358JG1,신디제이차 20260106-181-18,N,20260106,20260706,정기예금,KRW,,5000000000,5000000000,116,,A1,A1,,국민은행,자체 신용보강,자체 신용보강,국민은행
73295,신디제이차,KRZFA8358KG1,신디제이차 20260106-181-19,N,20260106,20260706,정기예금,KRW,,5000000000,5000000000,116,,A1,A1,,국민은행,자체 신용보강,자체 신용보강,국민은행
73295,신디제이차,KRZFA8358LG1,신디제이차 20260106-181-20,N,20260106,20260706,정기예금,KRW,,5000000000,5000000000,116,,A1,A1,,국민은행,자체 신용보강,자체 신용보강,국민은행
73295,신디제이차,KRZFA8358MG1,신디제이차 20260106-181-21,N,20260106,20260706,정기예금,KRW,,5000000000,5000000000,116,,A1,A1,,국민은행,자체 신용보강,자체 신용보강,국민은행
73295,신디제이차,KRZFA8358NG1,신디제이차 20260106-181-22,N,20260106,20260706,정기예금,KRW,,5000000000,5000000000,116,,A1,A1,,국민은행,자체 신용보강,자체 신용보강,국민은행
73295,신디제이차,KRZFA8358PG1,신디제이차 20260106-181-23,N,20260106,20260706,정기예금,KRW,,5000000000,5000000000,116,,A1,A1,,국민은행,자체 신용보강,자체 신용보강,국민은행
73295,신디제이차,KRZFA8358QG1,신디제이차 20260106-181-24,N,20260106,20260706,정기예금,KRW,,5000000000,5000000000,116,,A1,A1,,국민은행,자체 신용보강,자체 신용보강,국민은행
73295,신디제이차,KRZFA8358RG1,신디제이차 20260106-181-25,N,20260106,20260706,정기예금,KRW,,5000000000,5000000000,116,,A1,A1,,국민은행,자체 신용보강,자체 신용보강,국민은행
73295,신디제이차,KRZFA8358SG1,신디제이차 20260106-181-26,N,20260106,20260706,정기예금,KRW,,5000000000,5000000000,116,,A1,A1,,국민은행,자체 신용보강,자체 신용보강,국민은행
73295,신디제이차,KRZFA8358TG1,신디제이차 20260106-181-27,N,20260106,20260706,정기예금,KRW,,5000000000,5000000000,116,,A1,A1,,국민은행,자체 신용보강,자체 신용보강,국민은행
73295,신디제이차,KRZFA8358VG1,신디제이차 20260106-181-28,N,20260106,20260706,정기예금,KRW,,5000000000,5000000000,116,,A1,A1,,국민은행,자체 신용보강,자체 신용보강,국민은행
73295,신디제이차,KRZFA8358WG1,신디제이차 20260106-181-29,N,20260106,20260706,정기예금,KRW,,5000000000,5000000000,116,,A1,A1,,국민은행,자체 신용보강,자체 신용보강,국민은행
73295,신디제이차,KRZFA83583G1,신디제이차 20260106-181-3,N,20260106,20260706,정기예금,KRW,,5000000000,5000000000,116,,A1,A1,,국민은행,자체 신용보강,자체 신용보강,국민은행
73295,신디제이차,KRZFA8358XG1,신디제이차 20260106-181-30,N,20260106,20260706,정기예금,KRW,,5000000000,5000000000,116,,A1,A1,,국민은행,자체 신용보강,자체 신용보강,국민은행
73295,신디제이차,KRZFA8358YG1,신디제이차 20260106-181-31,N,20260106,20260706,정기예금,KRW,,5000000000,5000000000,116,,A1,A1,,국민은행,자체 신용보강,자체 신용보강,국민은행
73295,신디제이차,KRZFA8358ZG1,신디제이차 20260106-181-32,N,20260106,20260706,정기예금,KRW,,5000000000,5000000000,116,,A1,A1,,국민은행,자체 신용보강,자체 신용보강,국민은행
73295,신디제이차,KRZFA83580GD,신디제이차 20260106-181-33,N,20260106,20260706,정기예금,KRW,,5000000000,5000000000,116,,A1,A1,,국민은행,자체 신용보강,자체 신용보강,국민은행
73295,신디제이차,KRZFA83581GD,신디제이차 20260106-181-34,N,20260106,20260706,정기예금,KRW,,5000000000,5000000000,116,,A1,A1,,국민은행,자체 신용보강,자체 신용보강,국민은행
73295,신디제이차,KRZFA83582GD,신디제이차 20260106-181-35,N,20260106,20260706,정기예금,KRW,,5000000000,5000000000,116,,A1,A1,,국민은행,자체 신용보강,자체 신용보강,국민은행
73295,신디제이차,KRZFA83583GD,신디제이차 20260106-181-36,N,20260106,20260706,정기예금,KRW,,5000000000,5000000000,116,,A1,A1,,국민은행,자체 신용보강,자체 신용보강,국민은행
73295,신디제이차,KRZFA83584GD,신디제이차 20260106-181-37,N,20260106,20260706,정기예금,KRW,,5000000000,5000000000,116,,A1,A1,,국민은행,자체 신용보강,자체 신용보강,국민은행
73295,신디제이차,KRZFA83585GD,신디제이차 20260106-181-38,N,20260106,20260706,정기예금,KRW,,5000000000,5000000000,116,,A1,A1,,국민은행,자체 신용보강,자체 신용보강,국민은행
73295,신디제이차,KRZFA83586GD,신디제이차 20260106-181-39,N,20260106,20260706,정기예금,KRW,,5000000000,5000000000,116,,A1,A1,,국민은행,자체 신용보강,자체 신용보강,국민은행
73295,신디제이차,KRZFA83584G1,신디제이차 20260106-181-4,N,20260106,20260706,정기예금,KRW,,5000000000,5000000000,116,,A1,A1,,국민은행,자체 신용보강,자체 신용보강,국민은행
73295,신디제이차,KRZFA83587GD,신디제이차 20260106-181-40,N,20260106,20260706,정기예금,KRW,,5000000000,5000000000,116,,A1,A1,,국민은행,자체 신용보강,자체 신용보강,국민은행
73295,신디제이차,KRZFA83588GD,신디제이차 20260106-181-41,N,20260106,20260706,정기예금,KRW,,5000000000,5000000000,116,,A1,A1,,국민은행,자체 신용보강,자체 신용보강,국민은행
73295,신디제이차,KRZFA83589GD,신디제이차 20260106-181-42,N,20260106,20260706,정기예금,KRW,,5000000000,5000000000,116,,A1,A1,,국민은행,자체 신용보강,자체 신용보강,국민은행
73295,신디제이차,KRZFA8358AGD,신디제이차 20260106-181-43,N,20260106,20260706,정기예금,KRW,,5000000000,5000000000,116,,A1,A1,,국민은행,자체 신용보강,자체 신용보강,국민은행
73295,신디제이차,KRZFA8358BGD,신디제이차 20260106-181-44,N,20260106,20260706,정기예금,KRW,,5000000000,5000000000,116,,A1,A1,,국민은행,자체 신용보강,자체 신용보강,국민은행
73295,신디제이차,KRZFA8358CGD,신디제이차 20260106-181-45,N,20260106,20260706,정기예금,KRW,,5000000000,5000000000,116,,A1,A1,,국민은행,자체 신용보강,자체 신용보강,국민은행
73295,신디제이차,KRZFA8358DGD,신디제이차 20260106-181-46,N,20260106,20260706,정기예금,KRW,,5000000000,5000000000,116,,A1,A1,,국민은행,자체 신용보강,자체 신용보강,국민은행
73295,신디제이차,KRZFA8358EGD,신디제이차 20260106-181-47,N,20260106,20260706,정기예금,KRW,,5000000000,5000000000,116,,A1,A1,,국민은행,자체 신용보강,자체 신용보강,국민은행
73295,신디제이차,KRZFA8358FGD,신디제이차 20260106-181-48,N,20260106,20260706,정기예금,KRW,,5000000000,5000000000,116,,A1,A1,,국민은행,자체 신용보강,자체 신용보강,국민은행
73295,신디제이차,KRZFA8358GGD,신디제이차 20260106-181-49,N,20260106,20260706,정기예금,KRW,,5000000000,5000000000,116,,A1,A1,,국민은행,자체 신용보강,자체 신용보강,국민은행
73295,신디제이차,KRZFA83585G1,신디제이차 20260106-181-5,N,20260106,20260706,정기예금,KRW,,5000000000,5000000000,116,,A1,A1,,국민은행,자체 신용보강,자체 신용보강,국민은행
73295,신디제이차,KRZFA83586G1,신디제이차 20260106-181-6,N,20260106,20260706,정기예금,KRW,,5000000000,5000000000,116,,A1,A1,,국민은행,자체 신용보강,자체 신용보강,국민은행
73295,신디제이차,KRZFA83587G1,신디제이차 20260106-181-7,N,20260106,20260706,정기예금,KRW,,5000000000,5000000000,116,,A1,A1,,국민은행,자체 신용보강,자체 신용보강,국민은행
73295,신디제이차,KRZFA83588G1,신디제이차 20260106-181-8,N,20260106,20260706,정기예금,KRW,,5000000000,5000000000,116,,A1,A1,,국민은행,자체 신용보강,자체 신용보강,국민은행
73295,신디제이차,KRZFA83589G1,신디제이차 20260106-181-9,N,20260106,20260706,정기예금,KRW,,5000000000,5000000000,116,,A1,A1,,국민은행,자체 신용보강,자체 신용보강,국민은행
73295,신디제이차,KRZFA83582G1,신디제이차 20260106-363-2,N,20260106,20270104,정기예금,KRW,,495000000,495000000,298,,A1,A1,,국민은행,자체 신용보강,자체 신용보강,국민은행
73301,제일가이즈제2차,KRZF0140F1G1,제일가이즈제2차 20260106-364-1,N,20260106,20270105,정기예금,KRW,,5000000000,5000000000,299,A1,,A1,,한국스탠다드차타드은행,자체 신용보강,자체 신용보강,한국스탠다드차타드은행
73301,제일가이즈제2차,KRZF0140FAG1,제일가이즈제2차 20260106-364-10,N,20260106,20270105,정기예금,KRW,,5000000000,5000000000,299,A1,,A1,,한국스탠다드차타드은행,자체 신용보강,자체 신용보강,한국스탠다드차타드은행
73301,제일가이즈제2차,KRZF0140FBG1,제일가이즈제2차 20260106-364-11,N,20260106,20270105,정기예금,KRW,,5000000000,5000000000,299,A1,,A1,,한국스탠다드차타드은행,자체 신용보강,자체 신용보강,한국스탠다드차타드은행
73301,제일가이즈제2차,KRZF0140FCG1,제일가이즈제2차 20260106-364-12,N,20260106,20270105,정기예금,KRW,,5000000000,5000000000,299,A1,,A1,,한국스탠다드차타드은행,자체 신용보강,자체 신용보강,한국스탠다드차타드은행
73301,제일가이즈제2차,KRZF0140FDG1,제일가이즈제2차 20260106-364-13,N,20260106,20270105,정기예금,KRW,,5000000000,5000000000,299,A1,,A1,,한국스탠다드차타드은행,자체 신용보강,자체 신용보강,한국스탠다드차타드은행
73301,제일가이즈제2차,KRZF0140FEG1,제일가이즈제2차 20260106-364-14,N,20260106,20270105,정기예금,KRW,,5000000000,5000000000,299,A1,,A1,,한국스탠다드차타드은행,자체 신용보강,자체 신용보강,한국스탠다드차타드은행
73301,제일가이즈제2차,KRZF0140FFG1,제일가이즈제2차 20260106-364-15,N,20260106,20270105,정기예금,KRW,,5000000000,5000000000,299,A1,,A1,,한국스탠다드차타드은행,자체 신용보강,자체 신용보강,한국스탠다드차타드은행
73301,제일가이즈제2차,KRZF0140FGG1,제일가이즈제2차 20260106-364-16,N,20260106,20270105,정기예금,KRW,,5000000000,5000000000,299,A1,,A1,,한국스탠다드차타드은행,자체 신용보강,자체 신용보강,한국스탠다드차타드은행
73301,제일가이즈제2차,KRZF0140FHG1,제일가이즈제2차 20260106-364-17,N,20260106,20270105,정기예금,KRW,,5000000000,5000000000,299,A1,,A1,,한국스탠다드차타드은행,자체 신용보강,자체 신용보강,한국스탠다드차타드은행
73301,제일가이즈제2차,KRZF0140FJG1,제일가이즈제2차 20260106-364-18,N,20260106,20270105,정기예금,KRW,,5000000000,5000000000,299,A1,,A1,,한국스탠다드차타드은행,자체 신용보강,자체 신용보강,한국스탠다드차타드은행
73301,제일가이즈제2차,KRZF0140FKG1,제일가이즈제2차 20260106-364-19,N,20260106,20270105,정기예금,KRW,,5000000000,5000000000,299,A1,,A1,,한국스탠다드차타드은행,자체 신용보강,자체 신용보강,한국스탠다드차타드은행
73301,제일가이즈제2차,KRZF0140F2G1,제일가이즈제2차 20260106-364-2,N,20260106,20270105,정기예금,KRW,,5000000000,5000000000,299,A1,,A1,,한국스탠다드차타드은행,자체 신용보강,자체 신용보강,한국스탠다드차타드은행
73301,제일가이즈제2차,KRZF0140FLG1,제일가이즈제2차 20260106-364-20,N,20260106,20270105,정기예금,KRW,,5000000000,5000000000,299,A1,,A1,,한국스탠다드차타드은행,자체 신용보강,자체 신용보강,한국스탠다드차타드은행
73301,제일가이즈제2차,KRZF0140FMG1,제일가이즈제2차 20260106-364-21,N,20260106,20270105,정기예금,KRW,,5000000000,5000000000,299,A1,,A1,,한국스탠다드차타드은행,자체 신용보강,자체 신용보강,한국스탠다드차타드은행
73301,제일가이즈제2차,KRZF0140FNG1,제일가이즈제2차 20260106-364-22,N,20260106,20270105,정기예금,KRW,,5000000000,5000000000,299,A1,,A1,,한국스탠다드차타드은행,자체 신용보강,자체 신용보강,한국스탠다드차타드은행
73301,제일가이즈제2차,KRZF0140FPG1,제일가이즈제2차 20260106-364-23,N,20260106,20270105,정기예금,KRW,,5000000000,5000000000,299,A1,,A1,,한국스탠다드차타드은행,자체 신용보강,자체 신용보강,한국스탠다드차타드은행
73301,제일가이즈제2차,KRZF0140FQG1,제일가이즈제2차 20260106-364-24,N,20260106,20270105,정기예금,KRW,,5000000000,5000000000,299,A1,,A1,,한국스탠다드차타드은행,자체 신용보강,자체 신용보강,한국스탠다드차타드은행
73301,제일가이즈제2차,KRZF0140FRG1,제일가이즈제2차 20260106-364-25,N,20260106,20270105,정기예금,KRW,,5000000000,5000000000,299,A1,,A1,,한국스탠다드차타드은행,자체 신용보강,자체 신용보강,한국스탠다드차타드은행
73301,제일가이즈제2차,KRZF0140FSG1,제일가이즈제2차 20260106-364-26,N,20260106,20270105,정기예금,KRW,,5000000000,5000000000,299,A1,,A1,,한국스탠다드차타드은행,자체 신용보강,자체 신용보강,한국스탠다드차타드은행
73301,제일가이즈제2차,KRZF0140FTG1,제일가이즈제2차 20260106-364-27,N,20260106,20270105,정기예금,KRW,,5000000000,5000000000,299,A1,,A1,,한국스탠다드차타드은행,자체 신용보강,자체 신용보강,한국스탠다드차타드은행
73301,제일가이즈제2차,KRZF0140FVG1,제일가이즈제2차 20260106-364-28,N,20260106,20270105,정기예금,KRW,,5000000000,5000000000,299,A1,,A1,,한국스탠다드차타드은행,자체 신용보강,자체 신용보강,한국스탠다드차타드은행
73301,제일가이즈제2차,KRZF0140FWG1,제일가이즈제2차 20260106-364-29,N,20260106,20270105,정기예금,KRW,,5000000000,5000000000,299,A1,,A1,,한국스탠다드차타드은행,자체 신용보강,자체 신용보강,한국스탠다드차타드은행
73301,제일가이즈제2차,KRZF0140F3G1,제일가이즈제2차 20260106-364-3,N,20260106,20270105,정기예금,KRW,,5000000000,5000000000,299,A1,,A1,,한국스탠다드차타드은행,자체 신용보강,자체 신용보강,한국스탠다드차타드은행
73301,제일가이즈제2차,KRZF0140FXG1,제일가이즈제2차 20260106-364-30,N,20260106,20270105,정기예금,KRW,,5000000000,5000000000,299,A1,,A1,,한국스탠다드차타드은행,자체 신용보강,자체 신용보강,한국스탠다드차타드은행
73301,제일가이즈제2차,KRZF0140FYG1,제일가이즈제2차 20260106-364-31,N,20260106,20270105,정기예금,KRW,,5000000000,5000000000,299,A1,,A1,,한국스탠다드차타드은행,자체 신용보강,자체 신용보강,한국스탠다드차타드은행
73301,제일가이즈제2차,KRZF0140FZG1,제일가이즈제2차 20260106-364-32,N,20260106,20270105,정기예금,KRW,,5000000000,5000000000,299,A1,,A1,,한국스탠다드차타드은행,자체 신용보강,자체 신용보강,한국스탠다드차타드은행
73301,제일가이즈제2차,KRZF0140F0GD,제일가이즈제2차 20260106-364-33,N,20260106,20270105,정기예금,KRW,,5000000000,5000000000,299,A1,,A1,,한국스탠다드차타드은행,자체 신용보강,자체 신용보강,한국스탠다드차타드은행
73301,제일가이즈제2차,KRZF0140F1GD,제일가이즈제2차 20260106-364-34,N,20260106,20270105,정기예금,KRW,,5000000000,5000000000,299,A1,,A1,,한국스탠다드차타드은행,자체 신용보강,자체 신용보강,한국스탠다드차타드은행
73301,제일가이즈제2차,KRZF0140F2GD,제일가이즈제2차 20260106-364-35,N,20260106,20270105,정기예금,KRW,,5000000000,5000000000,299,A1,,A1,,한국스탠다드차타드은행,자체 신용보강,자체 신용보강,한국스탠다드차타드은행
73301,제일가이즈제2차,KRZF0140F3GD,제일가이즈제2차 20260106-364-36,N,20260106,20270105,정기예금,KRW,,5000000000,5000000000,299,A1,,A1,,한국스탠다드차타드은행,자체 신용보강,자체 신용보강,한국스탠다드차타드은행
73301,제일가이즈제2차,KRZF0140F4GD,제일가이즈제2차 20260106-364-37,N,20260106,20270105,정기예금,KRW,,5000000000,5000000000,299,A1,,A1,,한국스탠다드차타드은행,자체 신용보강,자체 신용보강,한국스탠다드차타드은행
73301,제일가이즈제2차,KRZF0140F5GD,제일가이즈제2차 20260106-364-38,N,20260106,20270105,정기예금,KRW,,5000000000,5000000000,299,A1,,A1,,한국스탠다드차타드은행,자체 신용보강,자체 신용보강,한국스탠다드차타드은행
73301,제일가이즈제2차,KRZF0140F6GD,제일가이즈제2차 20260106-364-39,N,20260106,20270105,정기예금,KRW,,5000000000,5000000000,299,A1,,A1,,한국스탠다드차타드은행,자체 신용보강,자체 신용보강,한국스탠다드차타드은행
73301,제일가이즈제2차,KRZF0140F4G1,제일가이즈제2차 20260106-364-4,N,20260106,20270105,정기예금,KRW,,5000000000,5000000000,299,A1,,A1,,한국스탠다드차타드은행,자체 신용보강,자체 신용보강,한국스탠다드차타드은행
73301,제일가이즈제2차,KRZF0140F7GD,제일가이즈제2차 20260106-364-40,N,20260106,20270105,정기예금,KRW,,5000000000,5000000000,299,A1,,A1,,한국스탠다드차타드은행,자체 신용보강,자체 신용보강,한국스탠다드차타드은행
73301,제일가이즈제2차,KRZF0140F8GD,제일가이즈제2차 20260106-364-41,N,20260106,20270105,정기예금,KRW,,5000000000,5000000000,299,A1,,A1,,한국스탠다드차타드은행,자체 신용보강,자체 신용보강,한국스탠다드차타드은행
73301,제일가이즈제2차,KRZF0140F9GD,제일가이즈제2차 20260106-364-42,N,20260106,20270105,정기예금,KRW,,5000000000,5000000000,299,A1,,A1,,한국스탠다드차타드은행,자체 신용보강,자체 신용보강,한국스탠다드차타드은행
73301,제일가이즈제2차,KRZF0140FAGD,제일가이즈제2차 20260106-364-43,N,20260106,20270105,정기예금,KRW,,5000000000,5000000000,299,A1,,A1,,한국스탠다드차타드은행,자체 신용보강,자체 신용보강,한국스탠다드차타드은행
73301,제일가이즈제2차,KRZF0140FBGD,제일가이즈제2차 20260106-364-44,N,20260106,20270105,정기예금,KRW,,5000000000,5000000000,299,A1,,A1,,한국스탠다드차타드은행,자체 신용보강,자체 신용보강,한국스탠다드차타드은행
73301,제일가이즈제2차,KRZF0140FCGD,제일가이즈제2차 20260106-364-45,N,20260106,20270105,정기예금,KRW,,5000000000,5000000000,299,A1,,A1,,한국스탠다드차타드은행,자체 신용보강,자체 신용보강,한국스탠다드차타드은행
73301,제일가이즈제2차,KRZF0140FDGD,제일가이즈제2차 20260106-364-46,N,20260106,20270105,정기예금,KRW,,5000000000,5000000000,299,A1,,A1,,한국스탠다드차타드은행,자체 신용보강,자체 신용보강,한국스탠다드차타드은행
73301,제일가이즈제2차,KRZF0140FEGD,제일가이즈제2차 20260106-364-47,N,20260106,20270105,정기예금,KRW,,5000000000,5000000000,299,A1,,A1,,한국스탠다드차타드은행,자체 신용보강,자체 신용보강,한국스탠다드차타드은행
73301,제일가이즈제2차,KRZF0140FFGD,제일가이즈제2차 20260106-364-48,N,20260106,20270105,정기예금,KRW,,5000000000,5000000000,299,A1,,A1,,한국스탠다드차타드은행,자체 신용보강,자체 신용보강,한국스탠다드차타드은행
73301,제일가이즈제2차,KRZF0140FGGD,제일가이즈제2차 20260106-364-49,N,20260106,20270105,정기예금,KRW,,5000000000,5000000000,299,A1,,A1,,한국스탠다드차타드은행,자체 신용보강,자체 신용보강,한국스탠다드차타드은행
73301,제일가이즈제2차,KRZF0140F5G1,제일가이즈제2차 20260106-364-5,N,20260106,20270105,정기예금,KRW,,5000000000,5000000000,299,A1,,A1,,한국스탠다드차타드은행,자체 신용보강,자체 신용보강,한국스탠다드차타드은행
73301,제일가이즈제2차,KRZF0140F6G1,제일가이즈제2차 20260106-364-6,N,20260106,20270105,정기예금,KRW,,5000000000,5000000000,299,A1,,A1,,한국스탠다드차타드은행,자체 신용보강,자체 신용보강,한국스탠다드차타드은행
73301,제일가이즈제2차,KRZF0140F7G1,제일가이즈제2차 20260106-364-7,N,20260106,20270105,정기예금,KRW,,5000000000,5000000000,299,A1,,A1,,한국스탠다드차타드은행,자체 신용보강,자체 신용보강,한국스탠다드차타드은행
73301,제일가이즈제2차,KRZF0140F8G1,제일가이즈제2차 20260106-364-8,N,20260106,20270105,정기예금,KRW,,5000000000,5000000000,299,A1,,A1,,한국스탠다드차타드은행,자체 신용보강,자체 신용보강,한국스탠다드차타드은행
73301,제일가이즈제2차,KRZF0140F9G1,제일가이즈제2차 20260106-364-9,N,20260106,20270105,정기예금,KRW,,5000000000,5000000000,299,A1,,A1,,한국스탠다드차타드은행,자체 신용보강,자체 신용보강,한국스탠다드차타드은행
66257,골드플라워제일차,KRZFA88031G1,골드플라워제일차 20260105-91-1,N,20260105,20260406,회사채,KRW,,10000000000,10000000000,25,,A1,A1,,갈라인터내셔널,차환발행위험(유동성 공여형 매입약정),금융기관,우리은행
66257,골드플라워제일차,KRZFA88031G1,골드플라워제일차 20260105-91-1,N,20260105,20260406,회사채,KRW,,10000000000,10000000000,25,,A1,A1,,(주)비제바노,차환발행위험(유동성 공여형 매입약정),금융기관,우리은행
66257,골드플라워제일차,KRZFA8803AG1,골드플라워제일차 20260105-91-10,N,20260105,20260406,회사채,KRW,,5000000000,5000000000,25,,A1,A1,,갈라인터내셔널,차환발행위험(유동성 공여형 매입약정),금융기관,우리은행
66257,골드플라워제일차,KRZFA8803AG1,골드플라워제일차 20260105-91-10,N,20260105,20260406,회사채,KRW,,5000000000,5000000000,25,,A1,A1,,(주)비제바노,차환발행위험(유동성 공여형 매입약정),금융기관,우리은행
66257,골드플라워제일차,KRZFA8803BG1,골드플라워제일차 20260105-91-11,N,20260105,20260406,회사채,KRW,,5000000000,5000000000,25,,A1,A1,,갈라인터내셔널,차환발행위험(유동성 공여형 매입약정),금융기관,우리은행
66257,골드플라워제일차,KRZFA8803BG1,골드플라워제일차 20260105-91-11,N,20260105,20260406,회사채,KRW,,5000000000,5000000000,25,,A1,A1,,(주)비제바노,차환발행위험(유동성 공여형 매입약정),금융기관,우리은행
66257,골드플라워제일차,KRZFA8803CG1,골드플라워제일차 20260105-91-12,N,20260105,20260406,회사채,KRW,,5000000000,5000000000,25,,A1,A1,,갈라인터내셔널,차환발행위험(유동성 공여형 매입약정),금융기관,우리은행
66257,골드플라워제일차,KRZFA8803CG1,골드플라워제일차 20260105-91-12,N,20260105,20260406,회사채,KRW,,5000000000,5000000000,25,,A1,A1,,(주)비제바노,차환발행위험(유동성 공여형 매입약정),금융기관,우리은행
66257,골드플라워제일차,KRZFA8803DG1,골드플라워제일차 20260105-91-13,N,20260105,20260406,회사채,KRW,,5000000000,5000000000,25,,A1,A1,,갈라인터내셔널,차환발행위험(유동성 공여형 매입약정),금융기관,우리은행
66257,골드플라워제일차,KRZFA8803DG1,골드플라워제일차 20260105-91-13,N,20260105,20260406,회사채,KRW,,5000000000,5000000000,25,,A1,A1,,(주)비제바노,차환발행위험(유동성 공여형 매입약정),금융기관,우리은행
66257,골드플라워제일차,KRZFA8803EG1,골드플라워제일차 20260105-91-14,N,20260105,20260406,회사채,KRW,,5000000000,5000000000,25,,A1,A1,,갈라인터내셔널,차환발행위험(유동성 공여형 매입약정),금융기관,우리은행
66257,골드플라워제일차,KRZFA8803EG1,골드플라워제일차 20260105-91-14,N,20260105,20260406,회사채,KRW,,5000000000,5000000000,25,,A1,A1,,(주)비제바노,차환발행위험(유동성 공여형 매입약정),금융기관,우리은행
66257,골드플라워제일차,KRZFA88032G1,골드플라워제일차 20260105-91-2,N,20260105,20260406,회사채,KRW,,10000000000,10000000000,25,,A1,A1,,갈라인터내셔널,차환발행위험(유동성 공여형 매입약정),금융기관,우리은행
66257,골드플라워제일차,KRZFA88032G1,골드플라워제일차 20260105-91-2,N,20260105,20260406,회사채,KRW,,10000000000,10000000000,25,,A1,A1,,(주)비제바노,차환발행위험(유동성 공여형 매입약정),금융기관,우리은행
66257,골드플라워제일차,KRZFA88033G1,골드플라워제일차 20260105-91-3,N,20260105,20260406,회사채,KRW,,5000000000,5000000000,25,,A1,A1,,갈라인터내셔널,차환발행위험(유동성 공여형 매입약정),금융기관,우리은행
66257,골드플라워제일차,KRZFA88033G1,골드플라워제일차 20260105-91-3,N,20260105,20260406,회사채,KRW,,5000000000,5000000000,25,,A1,A1,,(주)비제바노,차환발행위험(유동성 공여형 매입약정),금융기관,우리은행
66257,골드플라워제일차,KRZFA88034G1,골드플라워제일차 20260105-91-4,N,20260105,20260406,회사채,KRW,,5000000000,5000000000,25,,A1,A1,,갈라인터내셔널,차환발행위험(유동성 공여형 매입약정),금융기관,우리은행
66257,골드플라워제일차,KRZFA88034G1,골드플라워제일차 20260105-91-4,N,20260105,20260406,회사채,KRW,,5000000000,5000000000,25,,A1,A1,,(주)비제바노,차환발행위험(유동성 공여형 매입약정),금융기관,우리은행
66257,골드플라워제일차,KRZFA88035G1,골드플라워제일차 20260105-91-5,N,20260105,20260406,회사채,KRW,,5000000000,5000000000,25,,A1,A1,,갈라인터내셔널,차환발행위험(유동성 공여형 매입약정),금융기관,우리은행
66257,골드플라워제일차,KRZFA88035G1,골드플라워제일차 20260105-91-5,N,20260105,20260406,회사채,KRW,,5000000000,5000000000,25,,A1,A1,,(주)비제바노,차환발행위험(유동성 공여형 매입약정),금융기관,우리은행
66257,골드플라워제일차,KRZFA88036G1,골드플라워제일차 20260105-91-6,N,20260105,20260406,회사채,KRW,,5000000000,5000000000,25,,A1,A1,,갈라인터내셔널,차환발행위험(유동성 공여형 매입약정),금융기관,우리은행
66257,골드플라워제일차,KRZFA88036G1,골드플라워제일차 20260105-91-6,N,20260105,20260406,회사채,KRW,,5000000000,5000000000,25,,A1,A1,,(주)비제바노,차환발행위험(유동성 공여형 매입약정),금융기관,우리은행
66257,골드플라워제일차,KRZFA88037G1,골드플라워제일차 20260105-91-7,N,20260105,20260406,회사채,KRW,,5000000000,5000000000,25,,A1,A1,,갈라인터내셔널,차환발행위험(유동성 공여형 매입약정),금융기관,우리은행
66257,골드플라워제일차,KRZFA88037G1,골드플라워제일차 20260105-91-7,N,20260105,20260406,회사채,KRW,,5000000000,5000000000,25,,A1,A1,,(주)비제바노,차환발행위험(유동성 공여형 매입약정),금융기관,우리은행
66257,골드플라워제일차,KRZFA88038G1,골드플라워제일차 20260105-91-8,N,20260105,20260406,회사채,KRW,,5000000000,5000000000,25,,A1,A1,,갈라인터내셔널,차환발행위험(유동성 공여형 매입약정),금융기관,우리은행
66257,골드플라워제일차,KRZFA88038G1,골드플라워제일차 20260105-91-8,N,20260105,20260406,회사채,KRW,,5000000000,5000000000,25,,A1,A1,,(주)비제바노,차환발행위험(유동성 공여형 매입약정),금융기관,우리은행
66257,골드플라워제일차,KRZFA88039G1,골드플라워제일차 20260105-91-9,N,20260105,20260406,회사채,KRW,,5000000000,5000000000,25,,A1,A1,,갈라인터내셔널,차환발행위험(유동성 공여형 매입약정),금융기관,우리은행
66257,골드플라워제일차,KRZFA88039G1,골드플라워제일차 20260105-91-9,N,20260105,20260406,회사채,KRW,,5000000000,5000000000,25,,A1,A1,,(주)비제바노,차환발행위험(유동성 공여형 매입약정),금융기관,우리은행
73283,더웨일제십오차,KRZF0017V1G1,더웨일제십오차 20260105-323-1,N,20260105,20261124,정기예금,KRW,,5000000000,5000000000,257,,A1,A1,,하나은행,자체 신용보강,자체 신용보강,하나은행
73283,더웨일제십오차,KRZF0017VAG1,더웨일제십오차 20260105-323-10,N,20260105,20261124,정기예금,KRW,,5000000000,5000000000,257,,A1,A1,,하나은행,자체 신용보강,자체 신용보강,하나은행
73283,더웨일제십오차,KRZF0017VBG1,더웨일제십오차 20260105-323-11,N,20260105,20261124,정기예금,KRW,,5000000000,5000000000,257,,A1,A1,,하나은행,자체 신용보강,자체 신용보강,하나은행
73283,더웨일제십오차,KRZF0017VCG1,더웨일제십오차 20260105-323-12,N,20260105,20261124,정기예금,KRW,,5000000000,5000000000,257,,A1,A1,,하나은행,자체 신용보강,자체 신용보강,하나은행
73283,더웨일제십오차,KRZF0017VDG1,더웨일제십오차 20260105-323-13,N,20260105,20261124,정기예금,KRW,,5000000000,5000000000,257,,A1,A1,,하나은행,자체 신용보강,자체 신용보강,하나은행
73283,더웨일제십오차,KRZF0017VEG1,더웨일제십오차 20260105-323-14,N,20260105,20261124,정기예금,KRW,,5000000000,5000000000,257,,A1,A1,,하나은행,자체 신용보강,자체 신용보강,하나은행
73283,더웨일제십오차,KRZF0017VFG1,더웨일제십오차 20260105-323-15,N,20260105,20261124,정기예금,KRW,,5000000000,5000000000,257,,A1,A1,,하나은행,자체 신용보강,자체 신용보강,하나은행
73283,더웨일제십오차,KRZF0017VGG1,더웨일제십오차 20260105-323-16,N,20260105,20261124,정기예금,KRW,,5000000000,5000000000,257,,A1,A1,,하나은행,자체 신용보강,자체 신용보강,하나은행
73283,더웨일제십오차,KRZF0017VHG1,더웨일제십오차 20260105-323-17,N,20260105,20261124,정기예금,KRW,,5000000000,5000000000,257,,A1,A1,,하나은행,자체 신용보강,자체 신용보강,하나은행
73283,더웨일제십오차,KRZF0017VJG1,더웨일제십오차 20260105-323-18,N,20260105,20261124,정기예금,KRW,,5000000000,5000000000,257,,A1,A1,,하나은행,자체 신용보강,자체 신용보강,하나은행
73283,더웨일제십오차,KRZF0017VKG1,더웨일제십오차 20260105-323-19,N,20260105,20261124,정기예금,KRW,,5000000000,5000000000,257,,A1,A1,,하나은행,자체 신용보강,자체 신용보강,하나은행
73283,더웨일제십오차,KRZF0017V2G1,더웨일제십오차 20260105-323-2,N,20260105,20261124,정기예금,KRW,,5000000000,5000000000,257,,A1,A1,,하나은행,자체 신용보강,자체 신용보강,하나은행
73283,더웨일제십오차,KRZF0017VLG1,더웨일제십오차 20260105-323-20,N,20260105,20261124,정기예금,KRW,,5000000000,5000000000,257,,A1,A1,,하나은행,자체 신용보강,자체 신용보강,하나은행
73283,더웨일제십오차,KRZF0017VMG1,더웨일제십오차 20260105-323-21,N,20260105,20261124,정기예금,KRW,,5000000000,5000000000,257,,A1,A1,,하나은행,자체 신용보강,자체 신용보강,하나은행
73283,더웨일제십오차,KRZF0017VNG1,더웨일제십오차 20260105-323-22,N,20260105,20261124,정기예금,KRW,,5000000000,5000000000,257,,A1,A1,,하나은행,자체 신용보강,자체 신용보강,하나은행
73283,더웨일제십오차,KRZF0017VPG1,더웨일제십오차 20260105-323-23,N,20260105,20261124,정기예금,KRW,,5000000000,5000000000,257,,A1,A1,,하나은행,자체 신용보강,자체 신용보강,하나은행
73283,더웨일제십오차,KRZF0017VQG1,더웨일제십오차 20260105-323-24,N,20260105,20261124,정기예금,KRW,,5000000000,5000000000,257,,A1,A1,,하나은행,자체 신용보강,자체 신용보강,하나은행
73283,더웨일제십오차,KRZF0017VRG1,더웨일제십오차 20260105-323-25,N,20260105,20261124,정기예금,KRW,,5000000000,5000000000,257,,A1,A1,,하나은행,자체 신용보강,자체 신용보강,하나은행
73283,더웨일제십오차,KRZF0017VSG1,더웨일제십오차 20260105-323-26,N,20260105,20261124,정기예금,KRW,,5000000000,5000000000,257,,A1,A1,,하나은행,자체 신용보강,자체 신용보강,하나은행
73283,더웨일제십오차,KRZF0017VTG1,더웨일제십오차 20260105-323-27,N,20260105,20261124,정기예금,KRW,,5000000000,5000000000,257,,A1,A1,,하나은행,자체 신용보강,자체 신용보강,하나은행
73283,더웨일제십오차,KRZF0017VVG1,더웨일제십오차 20260105-323-28,N,20260105,20261124,정기예금,KRW,,5000000000,5000000000,257,,A1,A1,,하나은행,자체 신용보강,자체 신용보강,하나은행
73283,더웨일제십오차,KRZF0017VWG1,더웨일제십오차 20260105-323-29,N,20260105,20261124,정기예금,KRW,,5000000000,5000000000,257,,A1,A1,,하나은행,자체 신용보강,자체 신용보강,하나은행
73283,더웨일제십오차,KRZF0017V3G1,더웨일제십오차 20260105-323-3,N,20260105,20261124,정기예금,KRW,,5000000000,5000000000,257,,A1,A1,,하나은행,자체 신용보강,자체 신용보강,하나은행
73283,더웨일제십오차,KRZF0017VXG1,더웨일제십오차 20260105-323-30,N,20260105,20261124,정기예금,KRW,,5000000000,5000000000,257,,A1,A1,,하나은행,자체 신용보강,자체 신용보강,하나은행
73283,더웨일제십오차,KRZF0017VYG1,더웨일제십오차 20260105-323-31,N,20260105,20261124,정기예금,KRW,,5000000000,5000000000,257,,A1,A1,,하나은행,자체 신용보강,자체 신용보강,하나은행
73283,더웨일제십오차,KRZF0017VZG1,더웨일제십오차 20260105-323-32,N,20260105,20261124,정기예금,KRW,,5000000000,5000000000,257,,A1,A1,,하나은행,자체 신용보강,자체 신용보강,하나은행
73283,더웨일제십오차,KRZF0017V0GD,더웨일제십오차 20260105-323-33,N,20260105,20261124,정기예금,KRW,,5000000000,5000000000,257,,A1,A1,,하나은행,자체 신용보강,자체 신용보강,하나은행
73283,더웨일제십오차,KRZF0017V1GD,더웨일제십오차 20260105-323-34,N,20260105,20261124,정기예금,KRW,,5000000000,5000000000,257,,A1,A1,,하나은행,자체 신용보강,자체 신용보강,하나은행
73283,더웨일제십오차,KRZF0017V2GD,더웨일제십오차 20260105-323-35,N,20260105,20261124,정기예금,KRW,,5000000000,5000000000,257,,A1,A1,,하나은행,자체 신용보강,자체 신용보강,하나은행
73283,더웨일제십오차,KRZF0017V3GD,더웨일제십오차 20260105-323-36,N,20260105,20261124,정기예금,KRW,,5000000000,5000000000,257,,A1,A1,,하나은행,자체 신용보강,자체 신용보강,하나은행
73283,더웨일제십오차,KRZF0017V4GD,더웨일제십오차 20260105-323-37,N,20260105,20261124,정기예금,KRW,,5000000000,5000000000,257,,A1,A1,,하나은행,자체 신용보강,자체 신용보강,하나은행
73283,더웨일제십오차,KRZF0017V5GD,더웨일제십오차 20260105-323-38,N,20260105,20261124,정기예금,KRW,,5000000000,5000000000,257,,A1,A1,,하나은행,자체 신용보강,자체 신용보강,하나은행
73283,더웨일제십오차,KRZF0017V6GD,더웨일제십오차 20260105-323-39,N,20260105,20261124,정기예금,KRW,,5000000000,5000000000,257,,A1,A1,,하나은행,자체 신용보강,자체 신용보강,하나은행
73283,더웨일제십오차,KRZF0017V4G1,더웨일제십오차 20260105-323-4,N,20260105,20261124,정기예금,KRW,,5000000000,5000000000,257,,A1,A1,,하나은행,자체 신용보강,자체 신용보강,하나은행
73283,더웨일제십오차,KRZF0017V7GD,더웨일제십오차 20260105-323-40,N,20260105,20261124,정기예금,KRW,,5000000000,5000000000,257,,A1,A1,,하나은행,자체 신용보강,자체 신용보강,하나은행
73283,더웨일제십오차,KRZF0017V8GD,더웨일제십오차 20260105-323-41,N,20260105,20261124,정기예금,KRW,,5000000000,5000000000,257,,A1,A1,,하나은행,자체 신용보강,자체 신용보강,하나은행
73283,더웨일제십오차,KRZF0017V9GD,더웨일제십오차 20260105-323-42,N,20260105,20261124,정기예금,KRW,,5000000000,5000000000,257,,A1,A1,,하나은행,자체 신용보강,자체 신용보강,하나은행
73283,더웨일제십오차,KRZF0017VAGD,더웨일제십오차 20260105-323-43,N,20260105,20261124,정기예금,KRW,,5000000000,5000000000,257,,A1,A1,,하나은행,자체 신용보강,자체 신용보강,하나은행
73283,더웨일제십오차,KRZF0017VBGD,더웨일제십오차 20260105-323-44,N,20260105,20261124,정기예금,KRW,,5000000000,5000000000,257,,A1,A1,,하나은행,자체 신용보강,자체 신용보강,하나은행
73283,더웨일제십오차,KRZF0017VCGD,더웨일제십오차 20260105-323-45,N,20260105,20261124,정기예금,KRW,,5000000000,5000000000,257,,A1,A1,,하나은행,자체 신용보강,자체 신용보강,하나은행
73283,더웨일제십오차,KRZF0017VDGD,더웨일제십오차 20260105-323-46,N,20260105,20261124,정기예금,KRW,,5000000000,5000000000,257,,A1,A1,,하나은행,자체 신용보강,자체 신용보강,하나은행
73283,더웨일제십오차,KRZF0017VEGD,더웨일제십오차 20260105-323-47,N,20260105,20261124,정기예금,KRW,,5000000000,5000000000,257,,A1,A1,,하나은행,자체 신용보강,자체 신용보강,하나은행
73283,더웨일제십오차,KRZF0017VFGD,더웨일제십오차 20260105-323-48,N,20260105,20261124,정기예금,KRW,,5000000000,5000000000,257,,A1,A1,,하나은행,자체 신용보강,자체 신용보강,하나은행
73283,더웨일제십오차,KRZF0017V5G1,더웨일제십오차 20260105-323-5,N,20260105,20261124,정기예금,KRW,,5000000000,5000000000,257,,A1,A1,,하나은행,자체 신용보강,자체 신용보강,하나은행
73283,더웨일제십오차,KRZF0017V6G1,더웨일제십오차 20260105-323-6,N,20260105,20261124,정기예금,KRW,,5000000000,5000000000,257,,A1,A1,,하나은행,자체 신용보강,자체 신용보강,하나은행
73283,더웨일제십오차,KRZF0017V7G1,더웨일제십오차 20260105-323-7,N,20260105,20261124,정기예금,KRW,,5000000000,5000000000,257,,A1,A1,,하나은행,자체 신용보강,자체 신용보강,하나은행
73283,더웨일제십오차,KRZF0017V8G1,더웨일제십오차 20260105-323-8,N,20260105,20261124,정기예금,KRW,,5000000000,5000000000,257,,A1,A1,,하나은행,자체 신용보강,자체 신용보강,하나은행
73283,더웨일제십오차,KRZF0017V9G1,더웨일제십오차 20260105-323-9,N,20260105,20261124,정기예금,KRW,,5000000000,5000000000,257,,A1,A1,,하나은행,자체 신용보강,자체 신용보강,하나은행
73281,더웨일제십육차,KRZF0022W1G1,더웨일제십육차 20260105-88-1,N,20260105,20260403,정기예금,KRW,,5000000000,5000000000,22,A1,A1,A1,,국민은행,자체 신용보강,자체 신용보강,국민은행
73281,더웨일제십육차,KRZF0022WAG1,더웨일제십육차 20260105-88-10,N,20260105,20260403,정기예금,KRW,,5000000000,5000000000,22,A1,A1,A1,,국민은행,자체 신용보강,자체 신용보강,국민은행
73281,더웨일제십육차,KRZF0022WBG1,더웨일제십육차 20260105-88-11,N,20260105,20260403,정기예금,KRW,,5000000000,5000000000,22,A1,A1,A1,,국민은행,자체 신용보강,자체 신용보강,국민은행
73281,더웨일제십육차,KRZF0022WCG1,더웨일제십육차 20260105-88-12,N,20260105,20260403,정기예금,KRW,,5000000000,5000000000,22,A1,A1,A1,,국민은행,자체 신용보강,자체 신용보강,국민은행
73281,더웨일제십육차,KRZF0022WDG1,더웨일제십육차 20260105-88-13,N,20260105,20260403,정기예금,KRW,,5000000000,5000000000,22,A1,A1,A1,,국민은행,자체 신용보강,자체 신용보강,국민은행
73281,더웨일제십육차,KRZF0022WEG1,더웨일제십육차 20260105-88-14,N,20260105,20260403,정기예금,KRW,,5000000000,5000000000,22,A1,A1,A1,,국민은행,자체 신용보강,자체 신용보강,국민은행
73281,더웨일제십육차,KRZF0022WFG1,더웨일제십육차 20260105-88-15,N,20260105,20260403,정기예금,KRW,,5000000000,5000000000,22,A1,A1,A1,,국민은행,자체 신용보강,자체 신용보강,국민은행
73281,더웨일제십육차,KRZF0022WGG1,더웨일제십육차 20260105-88-16,N,20260105,20260403,정기예금,KRW,,5000000000,5000000000,22,A1,A1,A1,,국민은행,자체 신용보강,자체 신용보강,국민은행
73281,더웨일제십육차,KRZF0022WHG1,더웨일제십육차 20260105-88-17,N,20260105,20260403,정기예금,KRW,,5000000000,5000000000,22,A1,A1,A1,,국민은행,자체 신용보강,자체 신용보강,국민은행
73281,더웨일제십육차,KRZF0022WJG1,더웨일제십육차 20260105-88-18,N,20260105,20260403,정기예금,KRW,,5000000000,5000000000,22,A1,A1,A1,,국민은행,자체 신용보강,자체 신용보강,국민은행
73281,더웨일제십육차,KRZF0022WKG1,더웨일제십육차 20260105-88-19,N,20260105,20260403,정기예금,KRW,,5000000000,5000000000,22,A1,A1,A1,,국민은행,자체 신용보강,자체 신용보강,국민은행
73281,더웨일제십육차,KRZF0022W2G1,더웨일제십육차 20260105-88-2,N,20260105,20260403,정기예금,KRW,,5000000000,5000000000,22,A1,A1,A1,,국민은행,자체 신용보강,자체 신용보강,국민은행
73281,더웨일제십육차,KRZF0022WLG1,더웨일제십육차 20260105-88-20,N,20260105,20260403,정기예금,KRW,,5000000000,5000000000,22,A1,A1,A1,,국민은행,자체 신용보강,자체 신용보강,국민은행
73281,더웨일제십육차,KRZF0022WMG1,더웨일제십육차 20260105-88-21,N,20260105,20260403,정기예금,KRW,,5000000000,5000000000,22,A1,A1,A1,,국민은행,자체 신용보강,자체 신용보강,국민은행
73281,더웨일제십육차,KRZF0022WNG1,더웨일제십육차 20260105-88-22,N,20260105,20260403,정기예금,KRW,,5000000000,5000000000,22,A1,A1,A1,,국민은행,자체 신용보강,자체 신용보강,국민은행
73281,더웨일제십육차,KRZF0022WPG1,더웨일제십육차 20260105-88-23,N,20260105,20260403,정기예금,KRW,,5000000000,5000000000,22,A1,A1,A1,,국민은행,자체 신용보강,자체 신용보강,국민은행
73281,더웨일제십육차,KRZF0022WQG1,더웨일제십육차 20260105-88-24,N,20260105,20260403,정기예금,KRW,,5000000000,5000000000,22,A1,A1,A1,,국민은행,자체 신용보강,자체 신용보강,국민은행
73281,더웨일제십육차,KRZF0022WRG1,더웨일제십육차 20260105-88-25,N,20260105,20260403,정기예금,KRW,,5000000000,5000000000,22,A1,A1,A1,,국민은행,자체 신용보강,자체 신용보강,국민은행
73281,더웨일제십육차,KRZF0022WSG1,더웨일제십육차 20260105-88-26,N,20260105,20260403,정기예금,KRW,,5000000000,5000000000,22,A1,A1,A1,,국민은행,자체 신용보강,자체 신용보강,국민은행
73281,더웨일제십육차,KRZF0022WTG1,더웨일제십육차 20260105-88-27,N,20260105,20260403,정기예금,KRW,,5000000000,5000000000,22,A1,A1,A1,,국민은행,자체 신용보강,자체 신용보강,국민은행
73281,더웨일제십육차,KRZF0022WVG1,더웨일제십육차 20260105-88-28,N,20260105,20260403,정기예금,KRW,,5000000000,5000000000,22,A1,A1,A1,,국민은행,자체 신용보강,자체 신용보강,국민은행
73281,더웨일제십육차,KRZF0022WWG1,더웨일제십육차 20260105-88-29,N,20260105,20260403,정기예금,KRW,,5000000000,5000000000,22,A1,A1,A1,,국민은행,자체 신용보강,자체 신용보강,국민은행
73281,더웨일제십육차,KRZF0022W3G1,더웨일제십육차 20260105-88-3,N,20260105,20260403,정기예금,KRW,,5000000000,5000000000,22,A1,A1,A1,,국민은행,자체 신용보강,자체 신용보강,국민은행
73281,더웨일제십육차,KRZF0022WXG1,더웨일제십육차 20260105-88-30,N,20260105,20260403,정기예금,KRW,,5000000000,5000000000,22,A1,A1,A1,,국민은행,자체 신용보강,자체 신용보강,국민은행
73281,더웨일제십육차,KRZF0022WYG1,더웨일제십육차 20260105-88-31,N,20260105,20260403,정기예금,KRW,,5000000000,5000000000,22,A1,A1,A1,,국민은행,자체 신용보강,자체 신용보강,국민은행
73281,더웨일제십육차,KRZF0022WZG1,더웨일제십육차 20260105-88-32,N,20260105,20260403,정기예금,KRW,,5000000000,5000000000,22,A1,A1,A1,,국민은행,자체 신용보강,자체 신용보강,국민은행
73281,더웨일제십육차,KRZF0022W0GD,더웨일제십육차 20260105-88-33,N,20260105,20260403,정기예금,KRW,,5000000000,5000000000,22,A1,A1,A1,,국민은행,자체 신용보강,자체 신용보강,국민은행
73281,더웨일제십육차,KRZF0022W1GD,더웨일제십육차 20260105-88-34,N,20260105,20260403,정기예금,KRW,,5000000000,5000000000,22,A1,A1,A1,,국민은행,자체 신용보강,자체 신용보강,국민은행
73281,더웨일제십육차,KRZF0022W2GD,더웨일제십육차 20260105-88-35,N,20260105,20260403,정기예금,KRW,,5000000000,5000000000,22,A1,A1,A1,,국민은행,자체 신용보강,자체 신용보강,국민은행
73281,더웨일제십육차,KRZF0022W3GD,더웨일제십육차 20260105-88-36,N,20260105,20260403,정기예금,KRW,,5000000000,5000000000,22,A1,A1,A1,,국민은행,자체 신용보강,자체 신용보강,국민은행
73281,더웨일제십육차,KRZF0022W4GD,더웨일제십육차 20260105-88-37,N,20260105,20260403,정기예금,KRW,,5000000000,5000000000,22,A1,A1,A1,,국민은행,자체 신용보강,자체 신용보강,국민은행
73281,더웨일제십육차,KRZF0022W5GD,더웨일제십육차 20260105-88-38,N,20260105,20260403,정기예금,KRW,,5000000000,5000000000,22,A1,A1,A1,,국민은행,자체 신용보강,자체 신용보강,국민은행
73281,더웨일제십육차,KRZF0022W6GD,더웨일제십육차 20260105-88-39,N,20260105,20260403,정기예금,KRW,,5000000000,5000000000,22,A1,A1,A1,,국민은행,자체 신용보강,자체 신용보강,국민은행
73281,더웨일제십육차,KRZF0022W4G1,더웨일제십육차 20260105-88-4,N,20260105,20260403,정기예금,KRW,,5000000000,5000000000,22,A1,A1,A1,,국민은행,자체 신용보강,자체 신용보강,국민은행
73281,더웨일제십육차,KRZF0022W7GD,더웨일제십육차 20260105-88-40,N,20260105,20260403,정기예금,KRW,,5000000000,5000000000,22,A1,A1,A1,,국민은행,자체 신용보강,자체 신용보강,국민은행
73281,더웨일제십육차,KRZF0022W8GD,더웨일제십육차 20260105-88-41,N,20260105,20260403,정기예금,KRW,,5000000000,5000000000,22,A1,A1,A1,,국민은행,자체 신용보강,자체 신용보강,국민은행
73281,더웨일제십육차,KRZF0022W9GD,더웨일제십육차 20260105-88-42,N,20260105,20260403,정기예금,KRW,,5000000000,5000000000,22,A1,A1,A1,,국민은행,자체 신용보강,자체 신용보강,국민은행
73281,더웨일제십육차,KRZF0022WAGD,더웨일제십육차 20260105-88-43,N,20260105,20260403,정기예금,KRW,,5000000000,5000000000,22,A1,A1,A1,,국민은행,자체 신용보강,자체 신용보강,국민은행
73281,더웨일제십육차,KRZF0022WBGD,더웨일제십육차 20260105-88-44,N,20260105,20260403,정기예금,KRW,,5000000000,5000000000,22,A1,A1,A1,,국민은행,자체 신용보강,자체 신용보강,국민은행
73281,더웨일제십육차,KRZF0022WCGD,더웨일제십육차 20260105-88-45,N,20260105,20260403,정기예금,KRW,,5000000000,5000000000,22,A1,A1,A1,,국민은행,자체 신용보강,자체 신용보강,국민은행
73281,더웨일제십육차,KRZF0022WDGD,더웨일제십육차 20260105-88-46,N,20260105,20260403,정기예금,KRW,,5000000000,5000000000,22,A1,A1,A1,,국민은행,자체 신용보강,자체 신용보강,국민은행
73281,더웨일제십육차,KRZF0022WEGD,더웨일제십육차 20260105-88-47,N,20260105,20260403,정기예금,KRW,,5000000000,5000000000,22,A1,A1,A1,,국민은행,자체 신용보강,자체 신용보강,국민은행
73281,더웨일제십육차,KRZF0022WFGD,더웨일제십육차 20260105-88-48,N,20260105,20260403,정기예금,KRW,,5000000000,5000000000,22,A1,A1,A1,,국민은행,자체 신용보강,자체 신용보강,국민은행
73281,더웨일제십육차,KRZF0022WGGD,더웨일제십육차 20260105-88-49,N,20260105,20260403,정기예금,KRW,,5000000000,5000000000,22,A1,A1,A1,,국민은행,자체 신용보강,자체 신용보강,국민은행
73281,더웨일제십육차,KRZF0022W5G1,더웨일제십육차 20260105-88-5,N,20260105,20260403,정기예금,KRW,,5000000000,5000000000,22,A1,A1,A1,,국민은행,자체 신용보강,자체 신용보강,국민은행
73281,더웨일제십육차,KRZF0022W6G1,더웨일제십육차 20260105-88-6,N,20260105,20260403,정기예금,KRW,,5000000000,5000000000,22,A1,A1,A1,,국민은행,자체 신용보강,자체 신용보강,국민은행
73281,더웨일제십육차,KRZF0022W7G1,더웨일제십육차 20260105-88-7,N,20260105,20260403,정기예금,KRW,,5000000000,5000000000,22,A1,A1,A1,,국민은행,자체 신용보강,자체 신용보강,국민은행
73281,더웨일제십육차,KRZF0022W8G1,더웨일제십육차 20260105-88-8,N,20260105,20260403,정기예금,KRW,,5000000000,5000000000,22,A1,A1,A1,,국민은행,자체 신용보강,자체 신용보강,국민은행
73281,더웨일제십육차,KRZF0022W9G1,더웨일제십육차 20260105-88-9,N,20260105,20260403,정기예금,KRW,,5000000000,5000000000,22,A1,A1,A1,,국민은행,자체 신용보강,자체 신용보강,국민은행
73358,디베스제오차,KRZF0025L1G1,디베스제오차 20260105-228-1,N,20260105,20260821,정기예금,KRW,,5000000000,5000000000,162,A1,,A1,,하나은행,자체 신용보강,자체 신용보강,하나은행
73358,디베스제오차,KRZF0025LAG1,디베스제오차 20260105-228-10,N,20260105,20260821,정기예금,KRW,,5000000000,5000000000,162,A1,,A1,,하나은행,자체 신용보강,자체 신용보강,하나은행
73358,디베스제오차,KRZF0025LBG1,디베스제오차 20260105-228-11,N,20260105,20260821,정기예금,KRW,,5000000000,5000000000,162,A1,,A1,,하나은행,자체 신용보강,자체 신용보강,하나은행
73358,디베스제오차,KRZF0025LCG1,디베스제오차 20260105-228-12,N,20260105,20260821,정기예금,KRW,,5000000000,5000000000,162,A1,,A1,,하나은행,자체 신용보강,자체 신용보강,하나은행
73358,디베스제오차,KRZF0025LDG1,디베스제오차 20260105-228-13,N,20260105,20260821,정기예금,KRW,,5000000000,5000000000,162,A1,,A1,,하나은행,자체 신용보강,자체 신용보강,하나은행
73358,디베스제오차,KRZF0025LEG1,디베스제오차 20260105-228-14,N,20260105,20260821,정기예금,KRW,,5000000000,5000000000,162,A1,,A1,,하나은행,자체 신용보강,자체 신용보강,하나은행
73358,디베스제오차,KRZF0025LFG1,디베스제오차 20260105-228-15,N,20260105,20260821,정기예금,KRW,,5000000000,5000000000,162,A1,,A1,,하나은행,자체 신용보강,자체 신용보강,하나은행
73358,디베스제오차,KRZF0025LGG1,디베스제오차 20260105-228-16,N,20260105,20260821,정기예금,KRW,,5000000000,5000000000,162,A1,,A1,,하나은행,자체 신용보강,자체 신용보강,하나은행
73358,디베스제오차,KRZF0025LHG1,디베스제오차 20260105-228-17,N,20260105,20260821,정기예금,KRW,,5000000000,5000000000,162,A1,,A1,,하나은행,자체 신용보강,자체 신용보강,하나은행
73358,디베스제오차,KRZF0025LJG1,디베스제오차 20260105-228-18,N,20260105,20260821,정기예금,KRW,,5000000000,5000000000,162,A1,,A1,,하나은행,자체 신용보강,자체 신용보강,하나은행
73358,디베스제오차,KRZF0025LKG1,디베스제오차 20260105-228-19,N,20260105,20260821,정기예금,KRW,,5000000000,5000000000,162,A1,,A1,,하나은행,자체 신용보강,자체 신용보강,하나은행
73358,디베스제오차,KRZF0025L2G1,디베스제오차 20260105-228-2,N,20260105,20260821,정기예금,KRW,,5000000000,5000000000,162,A1,,A1,,하나은행,자체 신용보강,자체 신용보강,하나은행
73358,디베스제오차,KRZF0025LLG1,디베스제오차 20260105-228-20,N,20260105,20260821,정기예금,KRW,,5000000000,5000000000,162,A1,,A1,,하나은행,자체 신용보강,자체 신용보강,하나은행
73358,디베스제오차,KRZF0025LMG1,디베스제오차 20260105-228-21,N,20260105,20260821,정기예금,KRW,,5000000000,5000000000,162,A1,,A1,,하나은행,자체 신용보강,자체 신용보강,하나은행
73358,디베스제오차,KRZF0025LNG1,디베스제오차 20260105-228-22,N,20260105,20260821,정기예금,KRW,,5000000000,5000000000,162,A1,,A1,,하나은행,자체 신용보강,자체 신용보강,하나은행
73358,디베스제오차,KRZF0025LPG1,디베스제오차 20260105-228-23,N,20260105,20260821,정기예금,KRW,,5000000000,5000000000,162,A1,,A1,,하나은행,자체 신용보강,자체 신용보강,하나은행
73358,디베스제오차,KRZF0025LQG1,디베스제오차 20260105-228-24,N,20260105,20260821,정기예금,KRW,,5000000000,5000000000,162,A1,,A1,,하나은행,자체 신용보강,자체 신용보강,하나은행
73358,디베스제오차,KRZF0025LRG1,디베스제오차 20260105-228-25,N,20260105,20260821,정기예금,KRW,,5000000000,5000000000,162,A1,,A1,,하나은행,자체 신용보강,자체 신용보강,하나은행
73358,디베스제오차,KRZF0025LSG1,디베스제오차 20260105-228-26,N,20260105,20260821,정기예금,KRW,,5000000000,5000000000,162,A1,,A1,,하나은행,자체 신용보강,자체 신용보강,하나은행
73358,디베스제오차,KRZF0025LTG1,디베스제오차 20260105-228-27,N,20260105,20260821,정기예금,KRW,,5000000000,5000000000,162,A1,,A1,,하나은행,자체 신용보강,자체 신용보강,하나은행
73358,디베스제오차,KRZF0025LVG1,디베스제오차 20260105-228-28,N,20260105,20260821,정기예금,KRW,,5000000000,5000000000,162,A1,,A1,,하나은행,자체 신용보강,자체 신용보강,하나은행
73358,디베스제오차,KRZF0025LWG1,디베스제오차 20260105-228-29,N,20260105,20260821,정기예금,KRW,,5000000000,5000000000,162,A1,,A1,,하나은행,자체 신용보강,자체 신용보강,하나은행
73358,디베스제오차,KRZF0025L3G1,디베스제오차 20260105-228-3,N,20260105,20260821,정기예금,KRW,,5000000000,5000000000,162,A1,,A1,,하나은행,자체 신용보강,자체 신용보강,하나은행
73358,디베스제오차,KRZF0025L4G1,디베스제오차 20260105-228-4,N,20260105,20260821,정기예금,KRW,,5000000000,5000000000,162,A1,,A1,,하나은행,자체 신용보강,자체 신용보강,하나은행
73358,디베스제오차,KRZF0025L5G1,디베스제오차 20260105-228-5,N,20260105,20260821,정기예금,KRW,,5000000000,5000000000,162,A1,,A1,,하나은행,자체 신용보강,자체 신용보강,하나은행
73358,디베스제오차,KRZF0025L6G1,디베스제오차 20260105-228-6,N,20260105,20260821,정기예금,KRW,,5000000000,5000000000,162,A1,,A1,,하나은행,자체 신용보강,자체 신용보강,하나은행
73358,디베스제오차,KRZF0025L7G1,디베스제오차 20260105-228-7,N,20260105,20260821,정기예금,KRW,,5000000000,5000000000,162,A1,,A1,,하나은행,자체 신용보강,자체 신용보강,하나은행
73358,디베스제오차,KRZF0025L8G1,디베스제오차 20260105-228-8,N,20260105,20260821,정기예금,KRW,,5000000000,5000000000,162,A1,,A1,,하나은행,자체 신용보강,자체 신용보강,하나은행
73358,디베스제오차,KRZF0025L9G1,디베스제오차 20260105-228-9,N,20260105,20260821,정기예금,KRW,,5000000000,5000000000,162,A1,,A1,,하나은행,자체 신용보강,자체 신용보강,하나은행
73286,말리부제일차,KRZFA51281G1,말리부제일차 20260105-235-1,N,20260105,20260828,정기예금,KRW,,5000000000,5000000000,169,,A1,A1,,하나은행,자체 신용보강,자체 신용보강,하나은행
73286,말리부제일차,KRZFA5128AG1,말리부제일차 20260105-235-10,N,20260105,20260828,정기예금,KRW,,5000000000,5000000000,169,,A1,A1,,하나은행,자체 신용보강,자체 신용보강,하나은행
73286,말리부제일차,KRZFA5128BG1,말리부제일차 20260105-235-11,N,20260105,20260828,정기예금,KRW,,5000000000,5000000000,169,,A1,A1,,하나은행,자체 신용보강,자체 신용보강,하나은행
73286,말리부제일차,KRZFA5128CG1,말리부제일차 20260105-235-12,N,20260105,20260828,정기예금,KRW,,5000000000,5000000000,169,,A1,A1,,하나은행,자체 신용보강,자체 신용보강,하나은행
73286,말리부제일차,KRZFA5128DG1,말리부제일차 20260105-235-13,N,20260105,20260828,정기예금,KRW,,5000000000,5000000000,169,,A1,A1,,하나은행,자체 신용보강,자체 신용보강,하나은행
73286,말리부제일차,KRZFA5128EG1,말리부제일차 20260105-235-14,N,20260105,20260828,정기예금,KRW,,5000000000,5000000000,169,,A1,A1,,하나은행,자체 신용보강,자체 신용보강,하나은행
73286,말리부제일차,KRZFA5128FG1,말리부제일차 20260105-235-15,N,20260105,20260828,정기예금,KRW,,5000000000,5000000000,169,,A1,A1,,하나은행,자체 신용보강,자체 신용보강,하나은행
73286,말리부제일차,KRZFA5128GG1,말리부제일차 20260105-235-16,N,20260105,20260828,정기예금,KRW,,5000000000,5000000000,169,,A1,A1,,하나은행,자체 신용보강,자체 신용보강,하나은행
73286,말리부제일차,KRZFA5128HG1,말리부제일차 20260105-235-17,N,20260105,20260828,정기예금,KRW,,5000000000,5000000000,169,,A1,A1,,하나은행,자체 신용보강,자체 신용보강,하나은행
73286,말리부제일차,KRZFA5128JG1,말리부제일차 20260105-235-18,N,20260105,20260828,정기예금,KRW,,5000000000,5000000000,169,,A1,A1,,하나은행,자체 신용보강,자체 신용보강,하나은행
73286,말리부제일차,KRZFA5128KG1,말리부제일차 20260105-235-19,N,20260105,20260828,정기예금,KRW,,5000000000,5000000000,169,,A1,A1,,하나은행,자체 신용보강,자체 신용보강,하나은행
73286,말리부제일차,KRZFA51282G1,말리부제일차 20260105-235-2,N,20260105,20260828,정기예금,KRW,,5000000000,5000000000,169,,A1,A1,,하나은행,자체 신용보강,자체 신용보강,하나은행
73286,말리부제일차,KRZFA5128LG1,말리부제일차 20260105-235-20,N,20260105,20260828,정기예금,KRW,,5000000000,5000000000,169,,A1,A1,,하나은행,자체 신용보강,자체 신용보강,하나은행
73286,말리부제일차,KRZFA5128MG1,말리부제일차 20260105-235-21,N,20260105,20260828,정기예금,KRW,,5000000000,5000000000,169,,A1,A1,,하나은행,자체 신용보강,자체 신용보강,하나은행
73286,말리부제일차,KRZFA5128NG1,말리부제일차 20260105-235-22,N,20260105,20260828,정기예금,KRW,,5000000000,5000000000,169,,A1,A1,,하나은행,자체 신용보강,자체 신용보강,하나은행
73286,말리부제일차,KRZFA5128PG1,말리부제일차 20260105-235-23,N,20260105,20260828,정기예금,KRW,,5000000000,5000000000,169,,A1,A1,,하나은행,자체 신용보강,자체 신용보강,하나은행
73286,말리부제일차,KRZFA5128QG1,말리부제일차 20260105-235-24,N,20260105,20260828,정기예금,KRW,,5000000000,5000000000,169,,A1,A1,,하나은행,자체 신용보강,자체 신용보강,하나은행
73286,말리부제일차,KRZFA5128RG1,말리부제일차 20260105-235-25,N,20260105,20260828,정기예금,KRW,,5000000000,5000000000,169,,A1,A1,,하나은행,자체 신용보강,자체 신용보강,하나은행
73286,말리부제일차,KRZFA5128SG1,말리부제일차 20260105-235-26,N,20260105,20260828,정기예금,KRW,,5000000000,5000000000,169,,A1,A1,,하나은행,자체 신용보강,자체 신용보강,하나은행
73286,말리부제일차,KRZFA5128TG1,말리부제일차 20260105-235-27,N,20260105,20260828,정기예금,KRW,,5000000000,5000000000,169,,A1,A1,,하나은행,자체 신용보강,자체 신용보강,하나은행
73286,말리부제일차,KRZFA5128VG1,말리부제일차 20260105-235-28,N,20260105,20260828,정기예금,KRW,,5000000000,5000000000,169,,A1,A1,,하나은행,자체 신용보강,자체 신용보강,하나은행
73286,말리부제일차,KRZFA5128WG1,말리부제일차 20260105-235-29,N,20260105,20260828,정기예금,KRW,,5000000000,5000000000,169,,A1,A1,,하나은행,자체 신용보강,자체 신용보강,하나은행
73286,말리부제일차,KRZFA51283G1,말리부제일차 20260105-235-3,N,20260105,20260828,정기예금,KRW,,5000000000,5000000000,169,,A1,A1,,하나은행,자체 신용보강,자체 신용보강,하나은행
73286,말리부제일차,KRZFA5128XG1,말리부제일차 20260105-235-30,N,20260105,20260828,정기예금,KRW,,5000000000,5000000000,169,,A1,A1,,하나은행,자체 신용보강,자체 신용보강,하나은행
73286,말리부제일차,KRZFA5128YG1,말리부제일차 20260105-235-31,N,20260105,20260828,정기예금,KRW,,5000000000,5000000000,169,,A1,A1,,하나은행,자체 신용보강,자체 신용보강,하나은행
73286,말리부제일차,KRZFA5128ZG1,말리부제일차 20260105-235-32,N,20260105,20260828,정기예금,KRW,,5000000000,5000000000,169,,A1,A1,,하나은행,자체 신용보강,자체 신용보강,하나은행
73286,말리부제일차,KRZFA51280GD,말리부제일차 20260105-235-33,N,20260105,20260828,정기예금,KRW,,5000000000,5000000000,169,,A1,A1,,하나은행,자체 신용보강,자체 신용보강,하나은행
73286,말리부제일차,KRZFA51281GD,말리부제일차 20260105-235-34,N,20260105,20260828,정기예금,KRW,,5000000000,5000000000,169,,A1,A1,,하나은행,자체 신용보강,자체 신용보강,하나은행
73286,말리부제일차,KRZFA51282GD,말리부제일차 20260105-235-35,N,20260105,20260828,정기예금,KRW,,5000000000,5000000000,169,,A1,A1,,하나은행,자체 신용보강,자체 신용보강,하나은행
73286,말리부제일차,KRZFA51283GD,말리부제일차 20260105-235-36,N,20260105,20260828,정기예금,KRW,,5000000000,5000000000,169,,A1,A1,,하나은행,자체 신용보강,자체 신용보강,하나은행
73286,말리부제일차,KRZFA51284GD,말리부제일차 20260105-235-37,N,20260105,20260828,정기예금,KRW,,5000000000,5000000000,169,,A1,A1,,하나은행,자체 신용보강,자체 신용보강,하나은행
73286,말리부제일차,KRZFA51285GD,말리부제일차 20260105-235-38,N,20260105,20260828,정기예금,KRW,,5000000000,5000000000,169,,A1,A1,,하나은행,자체 신용보강,자체 신용보강,하나은행
73286,말리부제일차,KRZFA51286GD,말리부제일차 20260105-235-39,N,20260105,20260828,정기예금,KRW,,5000000000,5000000000,169,,A1,A1,,하나은행,자체 신용보강,자체 신용보강,하나은행
73286,말리부제일차,KRZFA51284G1,말리부제일차 20260105-235-4,N,20260105,20260828,정기예금,KRW,,5000000000,5000000000,169,,A1,A1,,하나은행,자체 신용보강,자체 신용보강,하나은행
73286,말리부제일차,KRZFA51287GD,말리부제일차 20260105-235-40,N,20260105,20260828,정기예금,KRW,,5000000000,5000000000,169,,A1,A1,,하나은행,자체 신용보강,자체 신용보강,하나은행
73286,말리부제일차,KRZFA51288GD,말리부제일차 20260105-235-41,N,20260105,20260828,정기예금,KRW,,5000000000,5000000000,169,,A1,A1,,하나은행,자체 신용보강,자체 신용보강,하나은행
73286,말리부제일차,KRZFA51289GD,말리부제일차 20260105-235-42,N,20260105,20260828,정기예금,KRW,,5000000000,5000000000,169,,A1,A1,,하나은행,자체 신용보강,자체 신용보강,하나은행
73286,말리부제일차,KRZFA5128AGD,말리부제일차 20260105-235-43,N,20260105,20260828,정기예금,KRW,,5000000000,5000000000,169,,A1,A1,,하나은행,자체 신용보강,자체 신용보강,하나은행
73286,말리부제일차,KRZFA5128BGD,말리부제일차 20260105-235-44,N,20260105,20260828,정기예금,KRW,,5000000000,5000000000,169,,A1,A1,,하나은행,자체 신용보강,자체 신용보강,하나은행
73286,말리부제일차,KRZFA5128CGD,말리부제일차 20260105-235-45,N,20260105,20260828,정기예금,KRW,,5000000000,5000000000,169,,A1,A1,,하나은행,자체 신용보강,자체 신용보강,하나은행
73286,말리부제일차,KRZFA5128DGD,말리부제일차 20260105-235-46,N,20260105,20260828,정기예금,KRW,,5000000000,5000000000,169,,A1,A1,,하나은행,자체 신용보강,자체 신용보강,하나은행
73286,말리부제일차,KRZFA5128EGD,말리부제일차 20260105-235-47,N,20260105,20260828,정기예금,KRW,,5000000000,5000000000,169,,A1,A1,,하나은행,자체 신용보강,자체 신용보강,하나은행
73286,말리부제일차,KRZFA5128FGD,말리부제일차 20260105-235-48,N,20260105,20260828,정기예금,KRW,,5000000000,5000000000,169,,A1,A1,,하나은행,자체 신용보강,자체 신용보강,하나은행
73286,말리부제일차,KRZFA5128GGD,말리부제일차 20260105-235-49,N,20260105,20260828,정기예금,KRW,,5000000000,5000000000,169,,A1,A1,,하나은행,자체 신용보강,자체 신용보강,하나은행
73286,말리부제일차,KRZFA51285G1,말리부제일차 20260105-235-5,N,20260105,20260828,정기예금,KRW,,5000000000,5000000000,169,,A1,A1,,하나은행,자체 신용보강,자체 신용보강,하나은행
73286,말리부제일차,KRZFA51286G1,말리부제일차 20260105-235-6,N,20260105,20260828,정기예금,KRW,,5000000000,5000000000,169,,A1,A1,,하나은행,자체 신용보강,자체 신용보강,하나은행
73286,말리부제일차,KRZFA51287G1,말리부제일차 20260105-235-7,N,20260105,20260828,정기예금,KRW,,5000000000,5000000000,169,,A1,A1,,하나은행,자체 신용보강,자체 신용보강,하나은행
73286,말리부제일차,KRZFA51288G1,말리부제일차 20260105-235-8,N,20260105,20260828,정기예금,KRW,,5000000000,5000000000,169,,A1,A1,,하나은행,자체 신용보강,자체 신용보강,하나은행
73286,말리부제일차,KRZFA51289G1,말리부제일차 20260105-235-9,N,20260105,20260828,정기예금,KRW,,5000000000,5000000000,169,,A1,A1,,하나은행,자체 신용보강,자체 신용보강,하나은행
69501,무비하나제이차,KRZF0034J1G1,무비하나제이차 20260105-91-1,N,20260105,20260406,대출채권,KRW,,5000000000,5000000000,25,A1,A1,,,씨제이씨지브이,외부 신용보강,금융기관,하나은행
69501,무비하나제이차,KRZF0034J1G1,무비하나제이차 20260105-91-1,N,20260105,20260406,대출채권,KRW,,5000000000,5000000000,25,A1,A1,,,씨제이씨지브이,차환발행위험(유동성 공여형 매입약정),금융기관,하나은행
69501,무비하나제이차,KRZF0034J2G1,무비하나제이차 20260105-91-2,N,20260105,20260406,대출채권,KRW,,5000000000,5000000000,25,A1,A1,,,씨제이씨지브이,외부 신용보강,금융기관,하나은행
69501,무비하나제이차,KRZF0034J2G1,무비하나제이차 20260105-91-2,N,20260105,20260406,대출채권,KRW,,5000000000,5000000000,25,A1,A1,,,씨제이씨지브이,차환발행위험(유동성 공여형 매입약정),금융기관,하나은행
73280,신디제십육차,KRZFA94771G1,신디제십육차 20260105-326-1,N,20260105,20261127,정기예금,KRW,,5000000000,5000000000,260,,A1,A1,,하나은행,자체 신용보강,자체 신용보강,하나은행
73280,신디제십육차,KRZFA9477AG1,신디제십육차 20260105-326-10,N,20260105,20261127,정기예금,KRW,,5000000000,5000000000,260,,A1,A1,,하나은행,자체 신용보강,자체 신용보강,하나은행
73280,신디제십육차,KRZFA9477BG1,신디제십육차 20260105-326-11,N,20260105,20261127,정기예금,KRW,,5000000000,5000000000,260,,A1,A1,,하나은행,자체 신용보강,자체 신용보강,하나은행
73280,신디제십육차,KRZFA9477CG1,신디제십육차 20260105-326-12,N,20260105,20261127,정기예금,KRW,,5000000000,5000000000,260,,A1,A1,,하나은행,자체 신용보강,자체 신용보강,하나은행
73280,신디제십육차,KRZFA9477DG1,신디제십육차 20260105-326-13,N,20260105,20261127,정기예금,KRW,,5000000000,5000000000,260,,A1,A1,,하나은행,자체 신용보강,자체 신용보강,하나은행
73280,신디제십육차,KRZFA9477EG1,신디제십육차 20260105-326-14,N,20260105,20261127,정기예금,KRW,,5000000000,5000000000,260,,A1,A1,,하나은행,자체 신용보강,자체 신용보강,하나은행
73280,신디제십육차,KRZFA9477FG1,신디제십육차 20260105-326-15,N,20260105,20261127,정기예금,KRW,,5000000000,5000000000,260,,A1,A1,,하나은행,자체 신용보강,자체 신용보강,하나은행
73280,신디제십육차,KRZFA9477GG1,신디제십육차 20260105-326-16,N,20260105,20261127,정기예금,KRW,,5000000000,5000000000,260,,A1,A1,,하나은행,자체 신용보강,자체 신용보강,하나은행
73280,신디제십육차,KRZFA9477HG1,신디제십육차 20260105-326-17,N,20260105,20261127,정기예금,KRW,,5000000000,5000000000,260,,A1,A1,,하나은행,자체 신용보강,자체 신용보강,하나은행
73280,신디제십육차,KRZFA9477JG1,신디제십육차 20260105-326-18,N,20260105,20261127,정기예금,KRW,,5000000000,5000000000,260,,A1,A1,,하나은행,자체 신용보강,자체 신용보강,하나은행
73280,신디제십육차,KRZFA9477KG1,신디제십육차 20260105-326-19,N,20260105,20261127,정기예금,KRW,,5000000000,5000000000,260,,A1,A1,,하나은행,자체 신용보강,자체 신용보강,하나은행
73280,신디제십육차,KRZFA94772G1,신디제십육차 20260105-326-2,N,20260105,20261127,정기예금,KRW,,5000000000,5000000000,260,,A1,A1,,하나은행,자체 신용보강,자체 신용보강,하나은행
73280,신디제십육차,KRZFA9477LG1,신디제십육차 20260105-326-20,N,20260105,20261127,정기예금,KRW,,5000000000,5000000000,260,,A1,A1,,하나은행,자체 신용보강,자체 신용보강,하나은행
73280,신디제십육차,KRZFA9477MG1,신디제십육차 20260105-326-21,N,20260105,20261127,정기예금,KRW,,5000000000,5000000000,260,,A1,A1,,하나은행,자체 신용보강,자체 신용보강,하나은행
73280,신디제십육차,KRZFA9477NG1,신디제십육차 20260105-326-22,N,20260105,20261127,정기예금,KRW,,5000000000,5000000000,260,,A1,A1,,하나은행,자체 신용보강,자체 신용보강,하나은행
73280,신디제십육차,KRZFA9477PG1,신디제십육차 20260105-326-23,N,20260105,20261127,정기예금,KRW,,5000000000,5000000000,260,,A1,A1,,하나은행,자체 신용보강,자체 신용보강,하나은행
73280,신디제십육차,KRZFA9477QG1,신디제십육차 20260105-326-24,N,20260105,20261127,정기예금,KRW,,5000000000,5000000000,260,,A1,A1,,하나은행,자체 신용보강,자체 신용보강,하나은행
73280,신디제십육차,KRZFA9477RG1,신디제십육차 20260105-326-25,N,20260105,20261127,정기예금,KRW,,5000000000,5000000000,260,,A1,A1,,하나은행,자체 신용보강,자체 신용보강,하나은행
73280,신디제십육차,KRZFA9477SG1,신디제십육차 20260105-326-26,N,20260105,20261127,정기예금,KRW,,5000000000,5000000000,260,,A1,A1,,하나은행,자체 신용보강,자체 신용보강,하나은행
73280,신디제십육차,KRZFA9477TG1,신디제십육차 20260105-326-27,N,20260105,20261127,정기예금,KRW,,5000000000,5000000000,260,,A1,A1,,하나은행,자체 신용보강,자체 신용보강,하나은행
73280,신디제십육차,KRZFA9477VG1,신디제십육차 20260105-326-28,N,20260105,20261127,정기예금,KRW,,5000000000,5000000000,260,,A1,A1,,하나은행,자체 신용보강,자체 신용보강,하나은행
73280,신디제십육차,KRZFA9477WG1,신디제십육차 20260105-326-29,N,20260105,20261127,정기예금,KRW,,5000000000,5000000000,260,,A1,A1,,하나은행,자체 신용보강,자체 신용보강,하나은행
73280,신디제십육차,KRZFA94773G1,신디제십육차 20260105-326-3,N,20260105,20261127,정기예금,KRW,,5000000000,5000000000,260,,A1,A1,,하나은행,자체 신용보강,자체 신용보강,하나은행
73280,신디제십육차,KRZFA9477XG1,신디제십육차 20260105-326-30,N,20260105,20261127,정기예금,KRW,,5000000000,5000000000,260,,A1,A1,,하나은행,자체 신용보강,자체 신용보강,하나은행
73280,신디제십육차,KRZFA9477YG1,신디제십육차 20260105-326-31,N,20260105,20261127,정기예금,KRW,,5000000000,5000000000,260,,A1,A1,,하나은행,자체 신용보강,자체 신용보강,하나은행
73280,신디제십육차,KRZFA9477ZG1,신디제십육차 20260105-326-32,N,20260105,20261127,정기예금,KRW,,5000000000,5000000000,260,,A1,A1,,하나은행,자체 신용보강,자체 신용보강,하나은행
73280,신디제십육차,KRZFA94770GD,신디제십육차 20260105-326-33,N,20260105,20261127,정기예금,KRW,,5000000000,5000000000,260,,A1,A1,,하나은행,자체 신용보강,자체 신용보강,하나은행
73280,신디제십육차,KRZFA94771GD,신디제십육차 20260105-326-34,N,20260105,20261127,정기예금,KRW,,5000000000,5000000000,260,,A1,A1,,하나은행,자체 신용보강,자체 신용보강,하나은행
73280,신디제십육차,KRZFA94772GD,신디제십육차 20260105-326-35,N,20260105,20261127,정기예금,KRW,,5000000000,5000000000,260,,A1,A1,,하나은행,자체 신용보강,자체 신용보강,하나은행
73280,신디제십육차,KRZFA94773GD,신디제십육차 20260105-326-36,N,20260105,20261127,정기예금,KRW,,5000000000,5000000000,260,,A1,A1,,하나은행,자체 신용보강,자체 신용보강,하나은행
73280,신디제십육차,KRZFA94774GD,신디제십육차 20260105-326-37,N,20260105,20261127,정기예금,KRW,,5000000000,5000000000,260,,A1,A1,,하나은행,자체 신용보강,자체 신용보강,하나은행
73280,신디제십육차,KRZFA94775GD,신디제십육차 20260105-326-38,N,20260105,20261127,정기예금,KRW,,5000000000,5000000000,260,,A1,A1,,하나은행,자체 신용보강,자체 신용보강,하나은행
73280,신디제십육차,KRZFA94776GD,신디제십육차 20260105-326-39,N,20260105,20261127,정기예금,KRW,,5000000000,5000000000,260,,A1,A1,,하나은행,자체 신용보강,자체 신용보강,하나은행
73280,신디제십육차,KRZFA94774G1,신디제십육차 20260105-326-4,N,20260105,20261127,정기예금,KRW,,5000000000,5000000000,260,,A1,A1,,하나은행,자체 신용보강,자체 신용보강,하나은행
73280,신디제십육차,KRZFA94777GD,신디제십육차 20260105-326-40,N,20260105,20261127,정기예금,KRW,,5000000000,5000000000,260,,A1,A1,,하나은행,자체 신용보강,자체 신용보강,하나은행
73280,신디제십육차,KRZFA94778GD,신디제십육차 20260105-326-41,N,20260105,20261127,정기예금,KRW,,5000000000,5000000000,260,,A1,A1,,하나은행,자체 신용보강,자체 신용보강,하나은행
73280,신디제십육차,KRZFA94779GD,신디제십육차 20260105-326-42,N,20260105,20261127,정기예금,KRW,,5000000000,5000000000,260,,A1,A1,,하나은행,자체 신용보강,자체 신용보강,하나은행
73280,신디제십육차,KRZFA9477AGD,신디제십육차 20260105-326-43,N,20260105,20261127,정기예금,KRW,,5000000000,5000000000,260,,A1,A1,,하나은행,자체 신용보강,자체 신용보강,하나은행
73280,신디제십육차,KRZFA9477BGD,신디제십육차 20260105-326-44,N,20260105,20261127,정기예금,KRW,,5000000000,5000000000,260,,A1,A1,,하나은행,자체 신용보강,자체 신용보강,하나은행
73280,신디제십육차,KRZFA9477CGD,신디제십육차 20260105-326-45,N,20260105,20261127,정기예금,KRW,,5000000000,5000000000,260,,A1,A1,,하나은행,자체 신용보강,자체 신용보강,하나은행
73280,신디제십육차,KRZFA9477DGD,신디제십육차 20260105-326-46,N,20260105,20261127,정기예금,KRW,,5000000000,5000000000,260,,A1,A1,,하나은행,자체 신용보강,자체 신용보강,하나은행
73280,신디제십육차,KRZFA9477EGD,신디제십육차 20260105-326-47,N,20260105,20261127,정기예금,KRW,,5000000000,5000000000,260,,A1,A1,,하나은행,자체 신용보강,자체 신용보강,하나은행
73280,신디제십육차,KRZFA9477FGD,신디제십육차 20260105-326-48,N,20260105,20261127,정기예금,KRW,,5000000000,5000000000,260,,A1,A1,,하나은행,자체 신용보강,자체 신용보강,하나은행
73280,신디제십육차,KRZFA94775G1,신디제십육차 20260105-326-5,N,20260105,20261127,정기예금,KRW,,5000000000,5000000000,260,,A1,A1,,하나은행,자체 신용보강,자체 신용보강,하나은행
73280,신디제십육차,KRZFA94776G1,신디제십육차 20260105-326-6,N,20260105,20261127,정기예금,KRW,,5000000000,5000000000,260,,A1,A1,,하나은행,자체 신용보강,자체 신용보강,하나은행
73280,신디제십육차,KRZFA94777G1,신디제십육차 20260105-326-7,N,20260105,20261127,정기예금,KRW,,5000000000,5000000000,260,,A1,A1,,하나은행,자체 신용보강,자체 신용보강,하나은행
73280,신디제십육차,KRZFA94778G1,신디제십육차 20260105-326-8,N,20260105,20261127,정기예금,KRW,,5000000000,5000000000,260,,A1,A1,,하나은행,자체 신용보강,자체 신용보강,하나은행
73280,신디제십육차,KRZFA94779G1,신디제십육차 20260105-326-9,N,20260105,20261127,정기예금,KRW,,5000000000,5000000000,260,,A1,A1,,하나은행,자체 신용보강,자체 신용보강,하나은행
66243,에스케이오피스원큐제이차,KRZFA88011G1,에스케이오피스원큐제이차 20260105-91-1,N,20260105,20260406,대출채권,KRW,,5000000000,5000000000,25,A1,,A1,,에스케이위탁관리부동산투자회사 주식회사,차환발행위험(유동성 공여형 매입약정),금융기관,하나은행
66243,에스케이오피스원큐제이차,KRZFA88012G1,에스케이오피스원큐제이차 20260105-91-2,N,20260105,20260406,대출채권,KRW,,5000000000,5000000000,25,A1,,A1,,에스케이위탁관리부동산투자회사 주식회사,차환발행위험(유동성 공여형 매입약정),금융기관,하나은행
66243,에스케이오피스원큐제이차,KRZFA88013G1,에스케이오피스원큐제이차 20260105-91-3,N,20260105,20260406,대출채권,KRW,,5000000000,5000000000,25,A1,,A1,,에스케이위탁관리부동산투자회사 주식회사,차환발행위험(유동성 공여형 매입약정),금융기관,하나은행
66243,에스케이오피스원큐제이차,KRZFA88014G1,에스케이오피스원큐제이차 20260105-91-4,N,20260105,20260406,대출채권,KRW,,5000000000,5000000000,25,A1,,A1,,에스케이위탁관리부동산투자회사 주식회사,차환발행위험(유동성 공여형 매입약정),금융기관,하나은행
66243,에스케이오피스원큐제이차,KRZFA88015G1,에스케이오피스원큐제이차 20260105-91-5,N,20260105,20260406,대출채권,KRW,,5000000000,5000000000,25,A1,,A1,,에스케이위탁관리부동산투자회사 주식회사,차환발행위험(유동성 공여형 매입약정),금융기관,하나은행
66243,에스케이오피스원큐제이차,KRZFA88016G1,에스케이오피스원큐제이차 20260105-91-6,N,20260105,20260406,대출채권,KRW,,5000000000,5000000000,25,A1,,A1,,에스케이위탁관리부동산투자회사 주식회사,차환발행위험(유동성 공여형 매입약정),금융기관,하나은행
66243,에스케이오피스원큐제이차,KRZFA88017G1,에스케이오피스원큐제이차 20260105-91-7,N,20260105,20260406,대출채권,KRW,,5000000000,5000000000,25,A1,,A1,,에스케이위탁관리부동산투자회사 주식회사,차환발행위험(유동성 공여형 매입약정),금융기관,하나은행
66243,에스케이오피스원큐제이차,KRZFA88018G1,에스케이오피스원큐제이차 20260105-91-8,N,20260105,20260406,대출채권,KRW,,5000000000,5000000000,25,A1,,A1,,에스케이위탁관리부동산투자회사 주식회사,차환발행위험(유동성 공여형 매입약정),금융기관,하나은행
66243,에스케이오피스원큐제이차,KRZFA88019G1,에스케이오피스원큐제이차 20260105-91-9,N,20260105,20260406,대출채권,KRW,,5000000000,5000000000,25,A1,,A1,,에스케이위탁관리부동산투자회사 주식회사,차환발행위험(유동성 공여형 매입약정),금융기관,하나은행
66255,에스프로젝트모리츠,KRZFA88121G1,에스프로젝트모리츠 20260105-91-1,N,20260105,20260406,대출채권,KRW,,5000000000,5000000000,25,A1,,A1,,에스케이위탁관리부동산투자회사 주식회사,외부 신용보강,금융기관,신한은행
66255,에스프로젝트모리츠,KRZFA8812AG1,에스프로젝트모리츠 20260105-91-10,N,20260105,20260406,대출채권,KRW,,2000000000,2000000000,25,A1,,A1,,에스케이위탁관리부동산투자회사 주식회사,외부 신용보강,금융기관,신한은행
66255,에스프로젝트모리츠,KRZFA8812BG1,에스프로젝트모리츠 20260105-91-11,N,20260105,20260406,대출채권,KRW,,2000000000,2000000000,25,A1,,A1,,에스케이위탁관리부동산투자회사 주식회사,외부 신용보강,금융기관,신한은행
66255,에스프로젝트모리츠,KRZFA8812CG1,에스프로젝트모리츠 20260105-91-12,N,20260105,20260406,대출채권,KRW,,2000000000,2000000000,25,A1,,A1,,에스케이위탁관리부동산투자회사 주식회사,외부 신용보강,금융기관,신한은행
66255,에스프로젝트모리츠,KRZFA8812DG1,에스프로젝트모리츠 20260105-91-13,N,20260105,20260406,대출채권,KRW,,1000000000,1000000000,25,A1,,A1,,에스케이위탁관리부동산투자회사 주식회사,외부 신용보강,금융기관,신한은행
66255,에스프로젝트모리츠,KRZFA8812EG1,에스프로젝트모리츠 20260105-91-14,N,20260105,20260406,대출채권,KRW,,1000000000,1000000000,25,A1,,A1,,에스케이위탁관리부동산투자회사 주식회사,외부 신용보강,금융기관,신한은행
66255,에스프로젝트모리츠,KRZFA8812FG1,에스프로젝트모리츠 20260105-91-15,N,20260105,20260406,대출채권,KRW,,1000000000,1000000000,25,A1,,A1,,에스케이위탁관리부동산투자회사 주식회사,외부 신용보강,금융기관,신한은행
66255,에스프로젝트모리츠,KRZFA8812GG1,에스프로젝트모리츠 20260105-91-16,N,20260105,20260406,대출채권,KRW,,1000000000,1000000000,25,A1,,A1,,에스케이위탁관리부동산투자회사 주식회사,외부 신용보강,금융기관,신한은행
66255,에스프로젝트모리츠,KRZFA8812HG1,에스프로젝트모리츠 20260105-91-17,N,20260105,20260406,대출채권,KRW,,1000000000,1000000000,25,A1,,A1,,에스케이위탁관리부동산투자회사 주식회사,외부 신용보강,금융기관,신한은행
66255,에스프로젝트모리츠,KRZFA8812JG1,에스프로젝트모리츠 20260105-91-18,N,20260105,20260406,대출채권,KRW,,500000000,500000000,25,A1,,A1,,에스케이위탁관리부동산투자회사 주식회사,외부 신용보강,금융기관,신한은행
66255,에스프로젝트모리츠,KRZFA8812KG1,에스프로젝트모리츠 20260105-91-19,N,20260105,20260406,대출채권,KRW,,500000000,500000000,25,A1,,A1,,에스케이위탁관리부동산투자회사 주식회사,외부 신용보강,금융기관,신한은행
66255,에스프로젝트모리츠,KRZFA88122G1,에스프로젝트모리츠 20260105-91-2,N,20260105,20260406,대출채권,KRW,,5000000000,5000000000,25,A1,,A1,,에스케이위탁관리부동산투자회사 주식회사,외부 신용보강,금융기관,신한은행
66255,에스프로젝트모리츠,KRZFA8812LG1,에스프로젝트모리츠 20260105-91-20,N,20260105,20260406,대출채권,KRW,,500000000,500000000,25,A1,,A1,,에스케이위탁관리부동산투자회사 주식회사,외부 신용보강,금융기관,신한은행
66255,에스프로젝트모리츠,KRZFA8812MG1,에스프로젝트모리츠 20260105-91-21,N,20260105,20260406,대출채권,KRW,,500000000,500000000,25,A1,,A1,,에스케이위탁관리부동산투자회사 주식회사,외부 신용보강,금융기관,신한은행
66255,에스프로젝트모리츠,KRZFA88123G1,에스프로젝트모리츠 20260105-91-3,N,20260105,20260406,대출채권,KRW,,5000000000,5000000000,25,A1,,A1,,에스케이위탁관리부동산투자회사 주식회사,외부 신용보강,금융기관,신한은행
66255,에스프로젝트모리츠,KRZFA88124G1,에스프로젝트모리츠 20260105-91-4,N,20260105,20260406,대출채권,KRW,,5000000000,5000000000,25,A1,,A1,,에스케이위탁관리부동산투자회사 주식회사,외부 신용보강,금융기관,신한은행
66255,에스프로젝트모리츠,KRZFA88125G1,에스프로젝트모리츠 20260105-91-5,N,20260105,20260406,대출채권,KRW,,5000000000,5000000000,25,A1,,A1,,에스케이위탁관리부동산투자회사 주식회사,외부 신용보강,금융기관,신한은행
66255,에스프로젝트모리츠,KRZFA88126G1,에스프로젝트모리츠 20260105-91-6,N,20260105,20260406,대출채권,KRW,,5000000000,5000000000,25,A1,,A1,,에스케이위탁관리부동산투자회사 주식회사,외부 신용보강,금융기관,신한은행
66255,에스프로젝트모리츠,KRZFA88127G1,에스프로젝트모리츠 20260105-91-7,N,20260105,20260406,대출채권,KRW,,10000000000,10000000000,25,A1,,A1,,에스케이위탁관리부동산투자회사 주식회사,외부 신용보강,금융기관,신한은행
66255,에스프로젝트모리츠,KRZFA88128G1,에스프로젝트모리츠 20260105-91-8,N,20260105,20260406,대출채권,KRW,,5000000000,5000000000,25,A1,,A1,,에스케이위탁관리부동산투자회사 주식회사,외부 신용보강,금융기관,신한은행
66255,에스프로젝트모리츠,KRZFA88129G1,에스프로젝트모리츠 20260105-91-9,N,20260105,20260406,대출채권,KRW,,2000000000,2000000000,25,A1,,A1,,에스케이위탁관리부동산투자회사 주식회사,외부 신용보강,금융기관,신한은행
66256,에스프로젝트자리츠,KRZFA88141G1,에스프로젝트자리츠 20260105-91-1,N,20260105,20260406,대출채권,KRW,,5000000000,5000000000,25,A1,,A1,,클린에너지위탁관리부동산투자회사 주식회사,외부 신용보강,금융기관,신한은행
66256,에스프로젝트자리츠,KRZFA88142G1,에스프로젝트자리츠 20260105-91-2,N,20260105,20260406,대출채권,KRW,,5000000000,5000000000,25,A1,,A1,,클린에너지위탁관리부동산투자회사 주식회사,외부 신용보강,금융기관,신한은행
66256,에스프로젝트자리츠,KRZFA88143G1,에스프로젝트자리츠 20260105-91-3,N,20260105,20260406,대출채권,KRW,,5000000000,5000000000,25,A1,,A1,,클린에너지위탁관리부동산투자회사 주식회사,외부 신용보강,금융기관,신한은행
66256,에스프로젝트자리츠,KRZFA88144G1,에스프로젝트자리츠 20260105-91-4,N,20260105,20260406,대출채권,KRW,,5000000000,5000000000,25,A1,,A1,,클린에너지위탁관리부동산투자회사 주식회사,외부 신용보강,금융기관,신한은행
66256,에스프로젝트자리츠,KRZFA88145G1,에스프로젝트자리츠 20260105-91-5,N,20260105,20260406,대출채권,KRW,,5000000000,5000000000,25,A1,,A1,,클린에너지위탁관리부동산투자회사 주식회사,외부 신용보강,금융기관,신한은행
66256,에스프로젝트자리츠,KRZFA88146G1,에스프로젝트자리츠 20260105-91-6,N,20260105,20260406,대출채권,KRW,,5000000000,5000000000,25,A1,,A1,,클린에너지위탁관리부동산투자회사 주식회사,외부 신용보강,금융기관,신한은행
66256,에스프로젝트자리츠,KRZFA88147G1,에스프로젝트자리츠 20260105-91-7,N,20260105,20260406,대출채권,KRW,,3475908476,3475908476,25,A1,,A1,,클린에너지위탁관리부동산투자회사 주식회사,외부 신용보강,금융기관,신한은행
73290,엠제이센트럴제이차,KRZFA69181G1,엠제이센트럴제이차 20260105-364-1,N,20260105,20270104,정기예금,KRW,,5000000000,5000000000,298,,A1,A1,,광주은행,자체 신용보강,자체 신용보강,광주은행
73290,엠제이센트럴제이차,KRZFA6918AG1,엠제이센트럴제이차 20260105-364-10,N,20260105,20270104,정기예금,KRW,,5000000000,5000000000,298,,A1,A1,,광주은행,자체 신용보강,자체 신용보강,광주은행
73290,엠제이센트럴제이차,KRZFA6918BG1,엠제이센트럴제이차 20260105-364-11,N,20260105,20270104,정기예금,KRW,,5000000000,5000000000,298,,A1,A1,,광주은행,자체 신용보강,자체 신용보강,광주은행
73290,엠제이센트럴제이차,KRZFA6918CG1,엠제이센트럴제이차 20260105-364-12,N,20260105,20270104,정기예금,KRW,,5000000000,5000000000,298,,A1,A1,,광주은행,자체 신용보강,자체 신용보강,광주은행
73290,엠제이센트럴제이차,KRZFA6918DG1,엠제이센트럴제이차 20260105-364-13,N,20260105,20270104,정기예금,KRW,,5000000000,5000000000,298,,A1,A1,,광주은행,자체 신용보강,자체 신용보강,광주은행
73290,엠제이센트럴제이차,KRZFA6918EG1,엠제이센트럴제이차 20260105-364-14,N,20260105,20270104,정기예금,KRW,,5000000000,5000000000,298,,A1,A1,,광주은행,자체 신용보강,자체 신용보강,광주은행
73290,엠제이센트럴제이차,KRZFA6918FG1,엠제이센트럴제이차 20260105-364-15,N,20260105,20270104,정기예금,KRW,,5000000000,5000000000,298,,A1,A1,,광주은행,자체 신용보강,자체 신용보강,광주은행
73290,엠제이센트럴제이차,KRZFA6918GG1,엠제이센트럴제이차 20260105-364-16,N,20260105,20270104,정기예금,KRW,,5000000000,5000000000,298,,A1,A1,,광주은행,자체 신용보강,자체 신용보강,광주은행
73290,엠제이센트럴제이차,KRZFA6918HG1,엠제이센트럴제이차 20260105-364-17,N,20260105,20270104,정기예금,KRW,,5000000000,5000000000,298,,A1,A1,,광주은행,자체 신용보강,자체 신용보강,광주은행
73290,엠제이센트럴제이차,KRZFA6918JG1,엠제이센트럴제이차 20260105-364-18,N,20260105,20270104,정기예금,KRW,,5000000000,5000000000,298,,A1,A1,,광주은행,자체 신용보강,자체 신용보강,광주은행
73290,엠제이센트럴제이차,KRZFA6918KG1,엠제이센트럴제이차 20260105-364-19,N,20260105,20270104,정기예금,KRW,,5000000000,5000000000,298,,A1,A1,,광주은행,자체 신용보강,자체 신용보강,광주은행
73290,엠제이센트럴제이차,KRZFA69182G1,엠제이센트럴제이차 20260105-364-2,N,20260105,20270104,정기예금,KRW,,5000000000,5000000000,298,,A1,A1,,광주은행,자체 신용보강,자체 신용보강,광주은행
73290,엠제이센트럴제이차,KRZFA6918LG1,엠제이센트럴제이차 20260105-364-20,N,20260105,20270104,정기예금,KRW,,5000000000,5000000000,298,,A1,A1,,광주은행,자체 신용보강,자체 신용보강,광주은행
73290,엠제이센트럴제이차,KRZFA6918MG1,엠제이센트럴제이차 20260105-364-21,N,20260105,20270104,정기예금,KRW,,5000000000,5000000000,298,,A1,A1,,광주은행,자체 신용보강,자체 신용보강,광주은행
73290,엠제이센트럴제이차,KRZFA6918NG1,엠제이센트럴제이차 20260105-364-22,N,20260105,20270104,정기예금,KRW,,5000000000,5000000000,298,,A1,A1,,광주은행,자체 신용보강,자체 신용보강,광주은행
73290,엠제이센트럴제이차,KRZFA6918PG1,엠제이센트럴제이차 20260105-364-23,N,20260105,20270104,정기예금,KRW,,5000000000,5000000000,298,,A1,A1,,광주은행,자체 신용보강,자체 신용보강,광주은행
73290,엠제이센트럴제이차,KRZFA6918QG1,엠제이센트럴제이차 20260105-364-24,N,20260105,20270104,정기예금,KRW,,5000000000,5000000000,298,,A1,A1,,광주은행,자체 신용보강,자체 신용보강,광주은행
73290,엠제이센트럴제이차,KRZFA6918RG1,엠제이센트럴제이차 20260105-364-25,N,20260105,20270104,정기예금,KRW,,5000000000,5000000000,298,,A1,A1,,광주은행,자체 신용보강,자체 신용보강,광주은행
73290,엠제이센트럴제이차,KRZFA6918SG1,엠제이센트럴제이차 20260105-364-26,N,20260105,20270104,정기예금,KRW,,5000000000,5000000000,298,,A1,A1,,광주은행,자체 신용보강,자체 신용보강,광주은행
73290,엠제이센트럴제이차,KRZFA6918TG1,엠제이센트럴제이차 20260105-364-27,N,20260105,20270104,정기예금,KRW,,5000000000,5000000000,298,,A1,A1,,광주은행,자체 신용보강,자체 신용보강,광주은행
73290,엠제이센트럴제이차,KRZFA6918VG1,엠제이센트럴제이차 20260105-364-28,N,20260105,20270104,정기예금,KRW,,5000000000,5000000000,298,,A1,A1,,광주은행,자체 신용보강,자체 신용보강,광주은행
73290,엠제이센트럴제이차,KRZFA6918WG1,엠제이센트럴제이차 20260105-364-29,N,20260105,20270104,정기예금,KRW,,5000000000,5000000000,298,,A1,A1,,광주은행,자체 신용보강,자체 신용보강,광주은행
73290,엠제이센트럴제이차,KRZFA69183G1,엠제이센트럴제이차 20260105-364-3,N,20260105,20270104,정기예금,KRW,,5000000000,5000000000,298,,A1,A1,,광주은행,자체 신용보강,자체 신용보강,광주은행
73290,엠제이센트럴제이차,KRZFA6918XG1,엠제이센트럴제이차 20260105-364-30,N,20260105,20270104,정기예금,KRW,,5000000000,5000000000,298,,A1,A1,,광주은행,자체 신용보강,자체 신용보강,광주은행
73290,엠제이센트럴제이차,KRZFA6918YG1,엠제이센트럴제이차 20260105-364-31,N,20260105,20270104,정기예금,KRW,,5000000000,5000000000,298,,A1,A1,,광주은행,자체 신용보강,자체 신용보강,광주은행
73290,엠제이센트럴제이차,KRZFA6918ZG1,엠제이센트럴제이차 20260105-364-32,N,20260105,20270104,정기예금,KRW,,5000000000,5000000000,298,,A1,A1,,광주은행,자체 신용보강,자체 신용보강,광주은행
73290,엠제이센트럴제이차,KRZFA69180GD,엠제이센트럴제이차 20260105-364-33,N,20260105,20270104,정기예금,KRW,,5000000000,5000000000,298,,A1,A1,,광주은행,자체 신용보강,자체 신용보강,광주은행
73290,엠제이센트럴제이차,KRZFA69181GD,엠제이센트럴제이차 20260105-364-34,N,20260105,20270104,정기예금,KRW,,5000000000,5000000000,298,,A1,A1,,광주은행,자체 신용보강,자체 신용보강,광주은행
73290,엠제이센트럴제이차,KRZFA69182GD,엠제이센트럴제이차 20260105-364-35,N,20260105,20270104,정기예금,KRW,,5000000000,5000000000,298,,A1,A1,,광주은행,자체 신용보강,자체 신용보강,광주은행
73290,엠제이센트럴제이차,KRZFA69183GD,엠제이센트럴제이차 20260105-364-36,N,20260105,20270104,정기예금,KRW,,5000000000,5000000000,298,,A1,A1,,광주은행,자체 신용보강,자체 신용보강,광주은행
73290,엠제이센트럴제이차,KRZFA69184GD,엠제이센트럴제이차 20260105-364-37,N,20260105,20270104,정기예금,KRW,,5000000000,5000000000,298,,A1,A1,,광주은행,자체 신용보강,자체 신용보강,광주은행
73290,엠제이센트럴제이차,KRZFA69185GD,엠제이센트럴제이차 20260105-364-38,N,20260105,20270104,정기예금,KRW,,5000000000,5000000000,298,,A1,A1,,광주은행,자체 신용보강,자체 신용보강,광주은행
73290,엠제이센트럴제이차,KRZFA69186GD,엠제이센트럴제이차 20260105-364-39,N,20260105,20270104,정기예금,KRW,,5000000000,5000000000,298,,A1,A1,,광주은행,자체 신용보강,자체 신용보강,광주은행
73290,엠제이센트럴제이차,KRZFA69184G1,엠제이센트럴제이차 20260105-364-4,N,20260105,20270104,정기예금,KRW,,5000000000,5000000000,298,,A1,A1,,광주은행,자체 신용보강,자체 신용보강,광주은행
73290,엠제이센트럴제이차,KRZFA69187GD,엠제이센트럴제이차 20260105-364-40,N,20260105,20270104,정기예금,KRW,,5000000000,5000000000,298,,A1,A1,,광주은행,자체 신용보강,자체 신용보강,광주은행
73290,엠제이센트럴제이차,KRZFA69188GD,엠제이센트럴제이차 20260105-364-41,N,20260105,20270104,정기예금,KRW,,5000000000,5000000000,298,,A1,A1,,광주은행,자체 신용보강,자체 신용보강,광주은행
73290,엠제이센트럴제이차,KRZFA69189GD,엠제이센트럴제이차 20260105-364-42,N,20260105,20270104,정기예금,KRW,,5000000000,5000000000,298,,A1,A1,,광주은행,자체 신용보강,자체 신용보강,광주은행
73290,엠제이센트럴제이차,KRZFA6918AGD,엠제이센트럴제이차 20260105-364-43,N,20260105,20270104,정기예금,KRW,,5000000000,5000000000,298,,A1,A1,,광주은행,자체 신용보강,자체 신용보강,광주은행
73290,엠제이센트럴제이차,KRZFA6918BGD,엠제이센트럴제이차 20260105-364-44,N,20260105,20270104,정기예금,KRW,,5000000000,5000000000,298,,A1,A1,,광주은행,자체 신용보강,자체 신용보강,광주은행
73290,엠제이센트럴제이차,KRZFA6918CGD,엠제이센트럴제이차 20260105-364-45,N,20260105,20270104,정기예금,KRW,,5000000000,5000000000,298,,A1,A1,,광주은행,자체 신용보강,자체 신용보강,광주은행
73290,엠제이센트럴제이차,KRZFA6918DGD,엠제이센트럴제이차 20260105-364-46,N,20260105,20270104,정기예금,KRW,,5000000000,5000000000,298,,A1,A1,,광주은행,자체 신용보강,자체 신용보강,광주은행
73290,엠제이센트럴제이차,KRZFA6918EGD,엠제이센트럴제이차 20260105-364-47,N,20260105,20270104,정기예금,KRW,,5000000000,5000000000,298,,A1,A1,,광주은행,자체 신용보강,자체 신용보강,광주은행
73290,엠제이센트럴제이차,KRZFA6918FGD,엠제이센트럴제이차 20260105-364-48,N,20260105,20270104,정기예금,KRW,,5000000000,5000000000,298,,A1,A1,,광주은행,자체 신용보강,자체 신용보강,광주은행
73290,엠제이센트럴제이차,KRZFA6918GGD,엠제이센트럴제이차 20260105-364-49,N,20260105,20270104,정기예금,KRW,,5000000000,5000000000,298,,A1,A1,,광주은행,자체 신용보강,자체 신용보강,광주은행
73290,엠제이센트럴제이차,KRZFA69185G1,엠제이센트럴제이차 20260105-364-5,N,20260105,20270104,정기예금,KRW,,5000000000,5000000000,298,,A1,A1,,광주은행,자체 신용보강,자체 신용보강,광주은행
73290,엠제이센트럴제이차,KRZFA69186G1,엠제이센트럴제이차 20260105-364-6,N,20260105,20270104,정기예금,KRW,,5000000000,5000000000,298,,A1,A1,,광주은행,자체 신용보강,자체 신용보강,광주은행
73290,엠제이센트럴제이차,KRZFA69187G1,엠제이센트럴제이차 20260105-364-7,N,20260105,20270104,정기예금,KRW,,5000000000,5000000000,298,,A1,A1,,광주은행,자체 신용보강,자체 신용보강,광주은행
73290,엠제이센트럴제이차,KRZFA69188G1,엠제이센트럴제이차 20260105-364-8,N,20260105,20270104,정기예금,KRW,,5000000000,5000000000,298,,A1,A1,,광주은행,자체 신용보강,자체 신용보강,광주은행
73290,엠제이센트럴제이차,KRZFA69189G1,엠제이센트럴제이차 20260105-364-9,N,20260105,20270104,정기예금,KRW,,5000000000,5000000000,298,,A1,A1,,광주은행,자체 신용보강,자체 신용보강,광주은행
62448,우리에이치더블유씨제일차,KRZF359861G1,우리에이치더블유씨제일차 20260105-88-1,N,20260105,20260403,대출채권,KRW,,5000000000,5000000000,22,,A1,A1,,한화,외부 신용보강,금융기관,우리은행
62448,우리에이치더블유씨제일차,KRZF359861G1,우리에이치더블유씨제일차 20260105-88-1,N,20260105,20260403,대출채권,KRW,,5000000000,5000000000,22,,A1,A1,,한화,금리변동/환율변동,금융기관,우리은행
62448,우리에이치더블유씨제일차,KRZF359862G1,우리에이치더블유씨제일차 20260105-88-2,N,20260105,20260403,대출채권,KRW,,5000000000,5000000000,22,,A1,A1,,한화,외부 신용보강,금융기관,우리은행
62448,우리에이치더블유씨제일차,KRZF359862G1,우리에이치더블유씨제일차 20260105-88-2,N,20260105,20260403,대출채권,KRW,,5000000000,5000000000,22,,A1,A1,,한화,금리변동/환율변동,금융기관,우리은행
62448,우리에이치더블유씨제일차,KRZF359863G1,우리에이치더블유씨제일차 20260105-88-3,N,20260105,20260403,대출채권,KRW,,5000000000,5000000000,22,,A1,A1,,한화,외부 신용보강,금융기관,우리은행
62448,우리에이치더블유씨제일차,KRZF359863G1,우리에이치더블유씨제일차 20260105-88-3,N,20260105,20260403,대출채권,KRW,,5000000000,5000000000,22,,A1,A1,,한화,금리변동/환율변동,금융기관,우리은행
62448,우리에이치더블유씨제일차,KRZF359864G1,우리에이치더블유씨제일차 20260105-88-4,N,20260105,20260403,대출채권,KRW,,5000000000,5000000000,22,,A1,A1,,한화,외부 신용보강,금융기관,우리은행
62448,우리에이치더블유씨제일차,KRZF359864G1,우리에이치더블유씨제일차 20260105-88-4,N,20260105,20260403,대출채권,KRW,,5000000000,5000000000,22,,A1,A1,,한화,금리변동/환율변동,금융기관,우리은행
62448,우리에이치더블유씨제일차,KRZF359865G1,우리에이치더블유씨제일차 20260105-88-5,N,20260105,20260403,대출채권,KRW,,5000000000,5000000000,22,,A1,A1,,한화,외부 신용보강,금융기관,우리은행
62448,우리에이치더블유씨제일차,KRZF359865G1,우리에이치더블유씨제일차 20260105-88-5,N,20260105,20260403,대출채권,KRW,,5000000000,5000000000,22,,A1,A1,,한화,금리변동/환율변동,금융기관,우리은행
62448,우리에이치더블유씨제일차,KRZF359866G1,우리에이치더블유씨제일차 20260105-88-6,N,20260105,20260403,대출채권,KRW,,5000000000,5000000000,22,,A1,A1,,한화,외부 신용보강,금융기관,우리은행
62448,우리에이치더블유씨제일차,KRZF359866G1,우리에이치더블유씨제일차 20260105-88-6,N,20260105,20260403,대출채권,KRW,,5000000000,5000000000,22,,A1,A1,,한화,금리변동/환율변동,금융기관,우리은행
62448,우리에이치더블유씨제일차,KRZF359867G1,우리에이치더블유씨제일차 20260105-88-7,N,20260105,20260403,대출채권,KRW,,5000000000,5000000000,22,,A1,A1,,한화,외부 신용보강,금융기관,우리은행
62448,우리에이치더블유씨제일차,KRZF359867G1,우리에이치더블유씨제일차 20260105-88-7,N,20260105,20260403,대출채권,KRW,,5000000000,5000000000,22,,A1,A1,,한화,금리변동/환율변동,금융기관,우리은행
62448,우리에이치더블유씨제일차,KRZF359868G1,우리에이치더블유씨제일차 20260105-88-8,N,20260105,20260403,대출채권,KRW,,5000000000,5000000000,22,,A1,A1,,한화,외부 신용보강,금융기관,우리은행
62448,우리에이치더블유씨제일차,KRZF359868G1,우리에이치더블유씨제일차 20260105-88-8,N,20260105,20260403,대출채권,KRW,,5000000000,5000000000,22,,A1,A1,,한화,금리변동/환율변동,금융기관,우리은행
73284,제일가이즈제1차,KRZF0135ABG1,제일가이즈제1차 20260105-364-11,N,20260105,20270104,정기예금,KRW,,5000000000,5000000000,298,A1,,A1,,한국스탠다드차타드은행,자체 신용보강,자체 신용보강,한국스탠다드차타드은행
73284,제일가이즈제1차,KRZF0135ACG1,제일가이즈제1차 20260105-364-12,N,20260105,20270104,정기예금,KRW,,5000000000,5000000000,298,A1,,A1,,한국스탠다드차타드은행,자체 신용보강,자체 신용보강,한국스탠다드차타드은행
73284,제일가이즈제1차,KRZF0135ADG1,제일가이즈제1차 20260105-364-13,N,20260105,20270104,정기예금,KRW,,5000000000,5000000000,298,A1,,A1,,한국스탠다드차타드은행,자체 신용보강,자체 신용보강,한국스탠다드차타드은행
73284,제일가이즈제1차,KRZF0135AEG1,제일가이즈제1차 20260105-364-14,N,20260105,20270104,정기예금,KRW,,5000000000,5000000000,298,A1,,A1,,한국스탠다드차타드은행,자체 신용보강,자체 신용보강,한국스탠다드차타드은행
73284,제일가이즈제1차,KRZF0135AFG1,제일가이즈제1차 20260105-364-15,N,20260105,20270104,정기예금,KRW,,5000000000,5000000000,298,A1,,A1,,한국스탠다드차타드은행,자체 신용보강,자체 신용보강,한국스탠다드차타드은행
73284,제일가이즈제1차,KRZF0135AGG1,제일가이즈제1차 20260105-364-16,N,20260105,20270104,정기예금,KRW,,5000000000,5000000000,298,A1,,A1,,한국스탠다드차타드은행,자체 신용보강,자체 신용보강,한국스탠다드차타드은행
73284,제일가이즈제1차,KRZF0135AHG1,제일가이즈제1차 20260105-364-17,N,20260105,20270104,정기예금,KRW,,5000000000,5000000000,298,A1,,A1,,한국스탠다드차타드은행,자체 신용보강,자체 신용보강,한국스탠다드차타드은행
73284,제일가이즈제1차,KRZF0135AJG1,제일가이즈제1차 20260105-364-18,N,20260105,20270104,정기예금,KRW,,5000000000,5000000000,298,A1,,A1,,한국스탠다드차타드은행,자체 신용보강,자체 신용보강,한국스탠다드차타드은행
73284,제일가이즈제1차,KRZF0135AKG1,제일가이즈제1차 20260105-364-19,N,20260105,20270104,정기예금,KRW,,5000000000,5000000000,298,A1,,A1,,한국스탠다드차타드은행,자체 신용보강,자체 신용보강,한국스탠다드차타드은행
73284,제일가이즈제1차,KRZF0135ALG1,제일가이즈제1차 20260105-364-20,N,20260105,20270104,정기예금,KRW,,5000000000,5000000000,298,A1,,A1,,한국스탠다드차타드은행,자체 신용보강,자체 신용보강,한국스탠다드차타드은행
73284,제일가이즈제1차,KRZF0135AMG1,제일가이즈제1차 20260105-364-21,N,20260105,20270104,정기예금,KRW,,5000000000,5000000000,298,A1,,A1,,한국스탠다드차타드은행,자체 신용보강,자체 신용보강,한국스탠다드차타드은행
73284,제일가이즈제1차,KRZF0135ANG1,제일가이즈제1차 20260105-364-22,N,20260105,20270104,정기예금,KRW,,5000000000,5000000000,298,A1,,A1,,한국스탠다드차타드은행,자체 신용보강,자체 신용보강,한국스탠다드차타드은행
73284,제일가이즈제1차,KRZF0135APG1,제일가이즈제1차 20260105-364-23,N,20260105,20270104,정기예금,KRW,,5000000000,5000000000,298,A1,,A1,,한국스탠다드차타드은행,자체 신용보강,자체 신용보강,한국스탠다드차타드은행
73284,제일가이즈제1차,KRZF0135AQG1,제일가이즈제1차 20260105-364-24,N,20260105,20270104,정기예금,KRW,,5000000000,5000000000,298,A1,,A1,,한국스탠다드차타드은행,자체 신용보강,자체 신용보강,한국스탠다드차타드은행
73284,제일가이즈제1차,KRZF0135ARG1,제일가이즈제1차 20260105-364-25,N,20260105,20270104,정기예금,KRW,,5000000000,5000000000,298,A1,,A1,,한국스탠다드차타드은행,자체 신용보강,자체 신용보강,한국스탠다드차타드은행
73284,제일가이즈제1차,KRZF0135ASG1,제일가이즈제1차 20260105-364-26,N,20260105,20270104,정기예금,KRW,,5000000000,5000000000,298,A1,,A1,,한국스탠다드차타드은행,자체 신용보강,자체 신용보강,한국스탠다드차타드은행
73284,제일가이즈제1차,KRZF0135ATG1,제일가이즈제1차 20260105-364-27,N,20260105,20270104,정기예금,KRW,,5000000000,5000000000,298,A1,,A1,,한국스탠다드차타드은행,자체 신용보강,자체 신용보강,한국스탠다드차타드은행
73284,제일가이즈제1차,KRZF0135AVG1,제일가이즈제1차 20260105-364-28,N,20260105,20270104,정기예금,KRW,,5000000000,5000000000,298,A1,,A1,,한국스탠다드차타드은행,자체 신용보강,자체 신용보강,한국스탠다드차타드은행
73284,제일가이즈제1차,KRZF0135AWG1,제일가이즈제1차 20260105-364-29,N,20260105,20270104,정기예금,KRW,,5000000000,5000000000,298,A1,,A1,,한국스탠다드차타드은행,자체 신용보강,자체 신용보강,한국스탠다드차타드은행
73284,제일가이즈제1차,KRZF0135AXG1,제일가이즈제1차 20260105-364-30,N,20260105,20270104,정기예금,KRW,,5000000000,5000000000,298,A1,,A1,,한국스탠다드차타드은행,자체 신용보강,자체 신용보강,한국스탠다드차타드은행
73284,제일가이즈제1차,KRZF0135AYG1,제일가이즈제1차 20260105-364-31,N,20260105,20270104,정기예금,KRW,,5000000000,5000000000,298,A1,,A1,,한국스탠다드차타드은행,자체 신용보강,자체 신용보강,한국스탠다드차타드은행
73284,제일가이즈제1차,KRZF0135AZG1,제일가이즈제1차 20260105-364-32,N,20260105,20270104,정기예금,KRW,,5000000000,5000000000,298,A1,,A1,,한국스탠다드차타드은행,자체 신용보강,자체 신용보강,한국스탠다드차타드은행
73284,제일가이즈제1차,KRZF0135A0GD,제일가이즈제1차 20260105-364-33,N,20260105,20270104,정기예금,KRW,,5000000000,5000000000,298,A1,,A1,,한국스탠다드차타드은행,자체 신용보강,자체 신용보강,한국스탠다드차타드은행
73284,제일가이즈제1차,KRZF0135A1GD,제일가이즈제1차 20260105-364-34,N,20260105,20270104,정기예금,KRW,,5000000000,5000000000,298,A1,,A1,,한국스탠다드차타드은행,자체 신용보강,자체 신용보강,한국스탠다드차타드은행
73284,제일가이즈제1차,KRZF0135A2GD,제일가이즈제1차 20260105-364-35,N,20260105,20270104,정기예금,KRW,,5000000000,5000000000,298,A1,,A1,,한국스탠다드차타드은행,자체 신용보강,자체 신용보강,한국스탠다드차타드은행
73284,제일가이즈제1차,KRZF0135A3GD,제일가이즈제1차 20260105-364-36,N,20260105,20270104,정기예금,KRW,,5000000000,5000000000,298,A1,,A1,,한국스탠다드차타드은행,자체 신용보강,자체 신용보강,한국스탠다드차타드은행
73284,제일가이즈제1차,KRZF0135A4GD,제일가이즈제1차 20260105-364-37,N,20260105,20270104,정기예금,KRW,,5000000000,5000000000,298,A1,,A1,,한국스탠다드차타드은행,자체 신용보강,자체 신용보강,한국스탠다드차타드은행
73284,제일가이즈제1차,KRZF0135A5GD,제일가이즈제1차 20260105-364-38,N,20260105,20270104,정기예금,KRW,,5000000000,5000000000,298,A1,,A1,,한국스탠다드차타드은행,자체 신용보강,자체 신용보강,한국스탠다드차타드은행
73284,제일가이즈제1차,KRZF0135A6GD,제일가이즈제1차 20260105-364-39,N,20260105,20270104,정기예금,KRW,,5000000000,5000000000,298,A1,,A1,,한국스탠다드차타드은행,자체 신용보강,자체 신용보강,한국스탠다드차타드은행
73284,제일가이즈제1차,KRZF0135A7GD,제일가이즈제1차 20260105-364-40,N,20260105,20270104,정기예금,KRW,,5000000000,5000000000,298,A1,,A1,,한국스탠다드차타드은행,자체 신용보강,자체 신용보강,한국스탠다드차타드은행
73284,제일가이즈제1차,KRZF0135A8GD,제일가이즈제1차 20260105-364-41,N,20260105,20270104,정기예금,KRW,,5000000000,5000000000,298,A1,,A1,,한국스탠다드차타드은행,자체 신용보강,자체 신용보강,한국스탠다드차타드은행
73284,제일가이즈제1차,KRZF0135A9GD,제일가이즈제1차 20260105-364-42,N,20260105,20270104,정기예금,KRW,,5000000000,5000000000,298,A1,,A1,,한국스탠다드차타드은행,자체 신용보강,자체 신용보강,한국스탠다드차타드은행
73284,제일가이즈제1차,KRZF0135AAGD,제일가이즈제1차 20260105-364-43,N,20260105,20270104,정기예금,KRW,,5000000000,5000000000,298,A1,,A1,,한국스탠다드차타드은행,자체 신용보강,자체 신용보강,한국스탠다드차타드은행
73284,제일가이즈제1차,KRZF0135ABGD,제일가이즈제1차 20260105-364-44,N,20260105,20270104,정기예금,KRW,,5000000000,5000000000,298,A1,,A1,,한국스탠다드차타드은행,자체 신용보강,자체 신용보강,한국스탠다드차타드은행
73284,제일가이즈제1차,KRZF0135ACGD,제일가이즈제1차 20260105-364-45,N,20260105,20270104,정기예금,KRW,,5000000000,5000000000,298,A1,,A1,,한국스탠다드차타드은행,자체 신용보강,자체 신용보강,한국스탠다드차타드은행
73284,제일가이즈제1차,KRZF0135ADGD,제일가이즈제1차 20260105-364-46,N,20260105,20270104,정기예금,KRW,,5000000000,5000000000,298,A1,,A1,,한국스탠다드차타드은행,자체 신용보강,자체 신용보강,한국스탠다드차타드은행
73284,제일가이즈제1차,KRZF0135AEGD,제일가이즈제1차 20260105-364-47,N,20260105,20270104,정기예금,KRW,,5000000000,5000000000,298,A1,,A1,,한국스탠다드차타드은행,자체 신용보강,자체 신용보강,한국스탠다드차타드은행
73284,제일가이즈제1차,KRZF0135AFGD,제일가이즈제1차 20260105-364-48,N,20260105,20270104,정기예금,KRW,,5000000000,5000000000,298,A1,,A1,,한국스탠다드차타드은행,자체 신용보강,자체 신용보강,한국스탠다드차타드은행
73284,제일가이즈제1차,KRZF0135AGGD,제일가이즈제1차 20260105-364-49,N,20260105,20270104,정기예금,KRW,,5000000000,5000000000,298,A1,,A1,,한국스탠다드차타드은행,자체 신용보강,자체 신용보강,한국스탠다드차타드은행
73284,제일가이즈제1차,KRZF0135AHGD,제일가이즈제1차 20260105-364-50,N,20260105,20270104,정기예금,KRW,,5000000000,5000000000,298,A1,,A1,,한국스탠다드차타드은행,자체 신용보강,자체 신용보강,한국스탠다드차타드은행
73284,제일가이즈제1차,KRZF0135AJGD,제일가이즈제1차 20260105-364-51,N,20260105,20270104,정기예금,KRW,,5000000000,5000000000,298,A1,,A1,,한국스탠다드차타드은행,자체 신용보강,자체 신용보강,한국스탠다드차타드은행
73284,제일가이즈제1차,KRZF0135AKGD,제일가이즈제1차 20260105-364-52,N,20260105,20270104,정기예금,KRW,,5000000000,5000000000,298,A1,,A1,,한국스탠다드차타드은행,자체 신용보강,자체 신용보강,한국스탠다드차타드은행
73284,제일가이즈제1차,KRZF0135ALGD,제일가이즈제1차 20260105-364-53,N,20260105,20270104,정기예금,KRW,,5000000000,5000000000,298,A1,,A1,,한국스탠다드차타드은행,자체 신용보강,자체 신용보강,한국스탠다드차타드은행
73284,제일가이즈제1차,KRZF0135AMGD,제일가이즈제1차 20260105-364-54,N,20260105,20270104,정기예금,KRW,,5000000000,5000000000,298,A1,,A1,,한국스탠다드차타드은행,자체 신용보강,자체 신용보강,한국스탠다드차타드은행
73284,제일가이즈제1차,KRZF0135ANGD,제일가이즈제1차 20260105-364-55,N,20260105,20270104,정기예금,KRW,,5000000000,5000000000,298,A1,,A1,,한국스탠다드차타드은행,자체 신용보강,자체 신용보강,한국스탠다드차타드은행
73284,제일가이즈제1차,KRZF0135APGD,제일가이즈제1차 20260105-364-56,N,20260105,20270104,정기예금,KRW,,5000000000,5000000000,298,A1,,A1,,한국스탠다드차타드은행,자체 신용보강,자체 신용보강,한국스탠다드차타드은행
73284,제일가이즈제1차,KRZF0135AQGD,제일가이즈제1차 20260105-364-57,N,20260105,20270104,정기예금,KRW,,5000000000,5000000000,298,A1,,A1,,한국스탠다드차타드은행,자체 신용보강,자체 신용보강,한국스탠다드차타드은행
73284,제일가이즈제1차,KRZF0135ARGD,제일가이즈제1차 20260105-364-58,N,20260105,20270104,정기예금,KRW,,5000000000,5000000000,298,A1,,A1,,한국스탠다드차타드은행,자체 신용보강,자체 신용보강,한국스탠다드차타드은행
73284,제일가이즈제1차,KRZF0135ASGD,제일가이즈제1차 20260105-364-59,N,20260105,20270104,정기예금,KRW,,5000000000,5000000000,298,A1,,A1,,한국스탠다드차타드은행,자체 신용보강,자체 신용보강,한국스탠다드차타드은행
66244,클린에너지원큐제이차,KRZFA88021G1,클린에너지원큐제이차 20260105-91-1,N,20260105,20260406,대출채권,KRW,,5000000000,5000000000,25,A1,,A1,,클린에너지위탁관리부동산투자회사 주식회사,차환발행위험(유동성 공여형 매입약정),금융기관,하나은행
66244,클린에너지원큐제이차,KRZFA88022G1,클린에너지원큐제이차 20260105-91-2,N,20260105,20260406,대출채권,KRW,,5000000000,5000000000,25,A1,,A1,,클린에너지위탁관리부동산투자회사 주식회사,차환발행위험(유동성 공여형 매입약정),금융기관,하나은행
66244,클린에너지원큐제이차,KRZFA88023G1,클린에너지원큐제이차 20260105-91-3,N,20260105,20260406,대출채권,KRW,,5000000000,5000000000,25,A1,,A1,,클린에너지위탁관리부동산투자회사 주식회사,차환발행위험(유동성 공여형 매입약정),금융기관,하나은행
66244,클린에너지원큐제이차,KRZFA88024G1,클린에너지원큐제이차 20260105-91-4,N,20260105,20260406,대출채권,KRW,,5000000000,5000000000,25,A1,,A1,,클린에너지위탁관리부동산투자회사 주식회사,차환발행위험(유동성 공여형 매입약정),금융기관,하나은행
66244,클린에너지원큐제이차,KRZFA88025G1,클린에너지원큐제이차 20260105-91-5,N,20260105,20260406,대출채권,KRW,,5000000000,5000000000,25,A1,,A1,,클린에너지위탁관리부동산투자회사 주식회사,차환발행위험(유동성 공여형 매입약정),금융기관,하나은행
66244,클린에너지원큐제이차,KRZFA88026G1,클린에너지원큐제이차 20260105-91-6,N,20260105,20260406,대출채권,KRW,,5000000000,5000000000,25,A1,,A1,,클린에너지위탁관리부동산투자회사 주식회사,차환발행위험(유동성 공여형 매입약정),금융기관,하나은행
