발행인,종목코드,종목명,발행일,만기일,통화,발행금액,잔존일물,신용등급,업종
GS스포츠,KRZF139843G2,GS스포츠 20260227-91-3,20260227,20260529,KRW,2000000000,78,A+(A3+),"예술, 스포츠 및 여가관련 서비스업"
GS스포츠,KRZF139845G2,GS스포츠 20260227-91-5,20260227,20260529,KRW,1000000000,78,A+(A3+),"예술, 스포츠 및 여가관련 서비스업"
GS스포츠,KRZF139844G2,GS스포츠 20260227-91-4,20260227,20260529,KRW,2000000000,78,A+(A3+),"예술, 스포츠 및 여가관련 서비스업"
KB국민카드,KRZF140175GE,KB국민카드 20260227-89-38,20260227,20260527,KRW,5000000000,76,AAA0(A1),금융 및 보험업
KB국민카드,KRZF14017YGE,KB국민카드 20260227-213-64,20260227,20260928,KRW,5000000000,200,AAA0(A1),금융 및 보험업
KB국민카드,KRZF14017RGE,KB국민카드 20260227-199-58,20260227,20260914,KRW,5000000000,186,AAA0(A1),금융 및 보험업
KB국민카드,KRZF14017QGE,KB국민카드 20260227-199-57,20260227,20260914,KRW,5000000000,186,AAA0(A1),금융 및 보험업
KB국민카드,KRZF14017ZGE,KB국민카드 20260227-213-65,20260227,20260928,KRW,5000000000,200,AAA0(A1),금융 및 보험업
KB국민카드,KRZF14017XGE,KB국민카드 20260227-213-63,20260227,20260928,KRW,5000000000,200,AAA0(A1),금융 및 보험업
KB국민카드,KRZF14017DGE,KB국민카드 20260227-89-46,20260227,20260527,KRW,5000000000,76,AAA0(A1),금융 및 보험업
KB국민카드,KRZF14017BGE,KB국민카드 20260227-89-44,20260227,20260527,KRW,5000000000,76,AAA0(A1),금융 및 보험업
KB국민카드,KRZF140179GE,KB국민카드 20260227-89-42,20260227,20260527,KRW,5000000000,76,AAA0(A1),금융 및 보험업
KB국민카드,KRZFB40170G2,KB국민카드 20260227-213-66,20260227,20260928,KRW,5000000000,200,AAA0(A1),금융 및 보험업
KB국민카드,KRZF14017EGE,KB국민카드 20260227-89-47,20260227,20260527,KRW,5000000000,76,AAA0(A1),금융 및 보험업
KB국민카드,KRZF140178GE,KB국민카드 20260227-89-41,20260227,20260527,KRW,5000000000,76,AAA0(A1),금융 및 보험업
KB국민카드,KRZF14017NGE,KB국민카드 20260227-89-55,20260227,20260527,KRW,5000000000,76,AAA0(A1),금융 및 보험업
KB국민카드,KRZF14017KGE,KB국민카드 20260227-89-52,20260227,20260527,KRW,5000000000,76,AAA0(A1),금융 및 보험업
KB국민카드,KRZF14017JGE,KB국민카드 20260227-89-51,20260227,20260527,KRW,5000000000,76,AAA0(A1),금융 및 보험업
KB국민카드,KRZF14017FGE,KB국민카드 20260227-89-48,20260227,20260527,KRW,5000000000,76,AAA0(A1),금융 및 보험업
KB국민카드,KRZF140174GE,KB국민카드 20260227-89-37,20260227,20260527,KRW,5000000000,76,AAA0(A1),금융 및 보험업
KB국민카드,KRZF14017MGE,KB국민카드 20260227-89-54,20260227,20260527,KRW,5000000000,76,AAA0(A1),금융 및 보험업
KB국민카드,KRZF14017HGE,KB국민카드 20260227-89-50,20260227,20260527,KRW,5000000000,76,AAA0(A1),금융 및 보험업
KB국민카드,KRZF14017TGE,KB국민카드 20260227-213-60,20260227,20260928,KRW,5000000000,200,AAA0(A1),금융 및 보험업
KB국민카드,KRZF14017AGE,KB국민카드 20260227-89-43,20260227,20260527,KRW,5000000000,76,AAA0(A1),금융 및 보험업
KB국민카드,KRZF14017PGE,KB국민카드 20260227-89-56,20260227,20260527,KRW,5000000000,76,AAA0(A1),금융 및 보험업
KB국민카드,KRZF14017GGE,KB국민카드 20260227-89-49,20260227,20260527,KRW,5000000000,76,AAA0(A1),금융 및 보험업
KB국민카드,KRZF14017WGE,KB국민카드 20260227-213-62,20260227,20260928,KRW,5000000000,200,AAA0(A1),금융 및 보험업
KB국민카드,KRZF14017VGE,KB국민카드 20260227-213-61,20260227,20260928,KRW,5000000000,200,AAA0(A1),금융 및 보험업
KB국민카드,KRZF14017SGE,KB국민카드 20260227-213-59,20260227,20260928,KRW,5000000000,200,AAA0(A1),금융 및 보험업
KB국민카드,KRZF14017LGE,KB국민카드 20260227-89-53,20260227,20260527,KRW,5000000000,76,AAA0(A1),금융 및 보험업
KB국민카드,KRZF14017CGE,KB국민카드 20260227-89-45,20260227,20260527,KRW,5000000000,76,AAA0(A1),금융 및 보험업
KB국민카드,KRZF140177GE,KB국민카드 20260227-89-40,20260227,20260527,KRW,5000000000,76,AAA0(A1),금융 및 보험업
KB국민카드,KRZF140176GE,KB국민카드 20260227-89-39,20260227,20260527,KRW,5000000000,76,AAA0(A1),금융 및 보험업
SK,KRZF03473SGE,SK 20260227-31-59,20260227,20260330,KRW,5000000000,18,AAA0(A1),금융 및 보험업
SK,KRZFA34730GE,SK 20260227-91-99,20260227,20260529,KRW,5000000000,78,AAA0(A1),금융 및 보험업
SK,KRZFA3473LG2,SK 20260227-91-86,20260227,20260529,KRW,5000000000,78,AAA0(A1),금융 및 보험업
SK,KRZFA3473FG2,SK 20260227-91-81,20260227,20260529,KRW,5000000000,78,AAA0(A1),금융 및 보험업
SK,KRZFA3473EG2,SK 20260227-91-80,20260227,20260529,KRW,5000000000,78,AAA0(A1),금융 및 보험업
SK,KRZF03473XGE,SK 20260227-31-63,20260227,20260330,KRW,5000000000,18,AAA0(A1),금융 및 보험업
SK,KRZFA3473QG2,SK 20260227-91-90,20260227,20260529,KRW,5000000000,78,AAA0(A1),금융 및 보험업
SK,KRZFA3473JG2,SK 20260227-31-84,20260227,20260330,KRW,5000000000,18,AAA0(A1),금융 및 보험업
SK,KRZFA34739G2,SK 20260227-31-75,20260227,20260330,KRW,5000000000,18,AAA0(A1),금융 및 보험업
SK,KRZFA34738G2,SK 20260227-31-74,20260227,20260330,KRW,5000000000,18,AAA0(A1),금융 및 보험업
SK,KRZFA34735G2,SK 20260227-31-71,20260227,20260330,KRW,5000000000,18,AAA0(A1),금융 및 보험업
SK,KRZFA34732G2,SK 20260227-31-68,20260227,20260330,KRW,5000000000,18,AAA0(A1),금융 및 보험업
SK,KRZF03473TGE,SK 20260227-31-60,20260227,20260330,KRW,5000000000,18,AAA0(A1),금융 및 보험업
SK,KRZF03473KGE,SK 20260227-31-52,20260227,20260330,KRW,5000000000,18,AAA0(A1),금융 및 보험업
SK,KRZFA34736G2,SK 20260227-31-72,20260227,20260330,KRW,5000000000,18,AAA0(A1),금융 및 보험업
SK,KRZFA34733G2,SK 20260227-31-69,20260227,20260330,KRW,5000000000,18,AAA0(A1),금융 및 보험업
SK,KRZFA3473ZG2,SK 20260227-91-98,20260227,20260529,KRW,5000000000,78,AAA0(A1),금융 및 보험업
SK,KRZFA3473WG2,SK 20260227-91-95,20260227,20260529,KRW,5000000000,78,AAA0(A1),금융 및 보험업
SK,KRZFA3473DG2,SK 20260227-31-79,20260227,20260330,KRW,5000000000,18,AAA0(A1),금융 및 보험업
SK,KRZFA3473CG2,SK 20260227-91-78,20260227,20260529,KRW,5000000000,78,AAA0(A1),금융 및 보험업
SK,KRZFA3473TG2,SK 20260227-91-93,20260227,20260529,KRW,5000000000,78,AAA0(A1),금융 및 보험업
SK,KRZFA3473PG2,SK 20260227-91-89,20260227,20260529,KRW,5000000000,78,AAA0(A1),금융 및 보험업
SK,KRZFA3473KG2,SK 20260227-91-85,20260227,20260529,KRW,5000000000,78,AAA0(A1),금융 및 보험업
SK,KRZFA34734G2,SK 20260227-31-70,20260227,20260330,KRW,5000000000,18,AAA0(A1),금융 및 보험업
SK,KRZF03473YGE,SK 20260227-31-64,20260227,20260330,KRW,5000000000,18,AAA0(A1),금융 및 보험업
SK,KRZF03473VGE,SK 20260227-31-61,20260227,20260330,KRW,5000000000,18,AAA0(A1),금융 및 보험업
SK,KRZF03473QGE,SK 20260227-31-57,20260227,20260330,KRW,5000000000,18,AAA0(A1),금융 및 보험업
SK,KRZF03473LGE,SK 20260227-31-53,20260227,20260330,KRW,5000000000,18,AAA0(A1),금융 및 보험업
SK,KRZF03473RGE,SK 20260227-31-58,20260227,20260330,KRW,5000000000,18,AAA0(A1),금융 및 보험업
SK,KRZFA3473GG2,SK 20260227-31-82,20260227,20260330,KRW,5000000000,18,AAA0(A1),금융 및 보험업
SK,KRZF03473WGE,SK 20260227-31-62,20260227,20260330,KRW,5000000000,18,AAA0(A1),금융 및 보험업
SK,KRZFA3473YG2,SK 20260227-91-97,20260227,20260529,KRW,5000000000,78,AAA0(A1),금융 및 보험업
SK,KRZFA3473XG2,SK 20260227-91-96,20260227,20260529,KRW,5000000000,78,AAA0(A1),금융 및 보험업
SK,KRZFA3473SG2,SK 20260227-91-92,20260227,20260529,KRW,5000000000,78,AAA0(A1),금융 및 보험업
SK,KRZFA3473HG2,SK 20260227-91-83,20260227,20260529,KRW,5000000000,78,AAA0(A1),금융 및 보험업
SK,KRZFA3473AG2,SK 20260227-31-76,20260227,20260330,KRW,5000000000,18,AAA0(A1),금융 및 보험업
SK,KRZFA34730G2,SK 20260227-31-66,20260227,20260330,KRW,5000000000,18,AAA0(A1),금융 및 보험업
SK,KRZF03473ZGE,SK 20260227-31-65,20260227,20260330,KRW,5000000000,18,AAA0(A1),금융 및 보험업
SK,KRZF03473PGE,SK 20260227-31-56,20260227,20260330,KRW,5000000000,18,AAA0(A1),금융 및 보험업
SK,KRZF03473NGE,SK 20260227-31-55,20260227,20260330,KRW,5000000000,18,AAA0(A1),금융 및 보험업
SK,KRZF03473MGE,SK 20260227-31-54,20260227,20260330,KRW,5000000000,18,AAA0(A1),금융 및 보험업
SK,KRZFA34731GE,SK 20260227-91-100,20260227,20260529,KRW,5000000000,78,AAA0(A1),금융 및 보험업
SK,KRZFA3473VG2,SK 20260227-91-94,20260227,20260529,KRW,5000000000,78,AAA0(A1),금융 및 보험업
SK,KRZFA3473RG2,SK 20260227-91-91,20260227,20260529,KRW,5000000000,78,AAA0(A1),금융 및 보험업
SK,KRZFA3473NG2,SK 20260227-91-88,20260227,20260529,KRW,5000000000,78,AAA0(A1),금융 및 보험업
SK,KRZFA3473MG2,SK 20260227-91-87,20260227,20260529,KRW,5000000000,78,AAA0(A1),금융 및 보험업
SK,KRZFA3473BG2,SK 20260227-31-77,20260227,20260330,KRW,5000000000,18,AAA0(A1),금융 및 보험업
SK,KRZFA34737G2,SK 20260227-31-73,20260227,20260330,KRW,5000000000,18,AAA0(A1),금융 및 보험업
SK,KRZFA34731G2,SK 20260227-31-67,20260227,20260330,KRW,5000000000,18,AAA0(A1),금융 및 보험업
SK인천석유화학,KRZF181659GE,SK인천석유화학 20260227-11-42,20260227,20260310,KRW,5000000000,-2,AA+(A2+),제조업
SK인천석유화학,KRZF18165DGE,SK인천석유화학 20260227-11-46,20260227,20260310,KRW,5000000000,-2,AA+(A2+),제조업
SK인천석유화학,KRZF18165CGE,SK인천석유화학 20260227-11-45,20260227,20260310,KRW,5000000000,-2,AA+(A2+),제조업
SK인천석유화학,KRZF18165BGE,SK인천석유화학 20260227-11-44,20260227,20260310,KRW,5000000000,-2,AA+(A2+),제조업
SK인천석유화학,KRZF18165AGE,SK인천석유화학 20260227-11-43,20260227,20260310,KRW,5000000000,-2,AA+(A2+),제조업
SK인천석유화학,KRZF18165GGE,SK인천석유화학 20260227-11-49,20260227,20260310,KRW,5000000000,-2,AA+(A2+),제조업
SK인천석유화학,KRZF18165FGE,SK인천석유화학 20260227-11-48,20260227,20260310,KRW,5000000000,-2,AA+(A2+),제조업
SK인천석유화학,KRZF181658GE,SK인천석유화학 20260227-11-41,20260227,20260310,KRW,5000000000,-2,AA+(A2+),제조업
SK인천석유화학,KRZF18165HGE,SK인천석유화학 20260227-11-50,20260227,20260310,KRW,5000000000,-2,AA+(A2+),제조업
SK인천석유화학,KRZF18165EGE,SK인천석유화학 20260227-11-47,20260227,20260310,KRW,5000000000,-2,AA+(A2+),제조업
대륜이엔에스,KRZF099495G2,대륜이엔에스 20260227-32-5,20260227,20260331,KRW,1000000000,19,AA-(A2-),"전기, 가스, 증기 및 공기조절 공급업"
대륜이엔에스,KRZF099497G2,대륜이엔에스 20260227-32-7,20260227,20260331,KRW,1000000000,19,AA-(A2-),"전기, 가스, 증기 및 공기조절 공급업"
대륜이엔에스,KRZF099494G2,대륜이엔에스 20260227-32-4,20260227,20260331,KRW,1000000000,19,AA-(A2-),"전기, 가스, 증기 및 공기조절 공급업"
대륜이엔에스,KRZF099496G2,대륜이엔에스 20260227-32-6,20260227,20260331,KRW,1000000000,19,AA-(A2-),"전기, 가스, 증기 및 공기조절 공급업"
대륜이엔에스,KRZF099493G2,대륜이엔에스 20260227-32-3,20260227,20260331,KRW,1000000000,19,AA-(A2-),"전기, 가스, 증기 및 공기조절 공급업"
디비증권,KRZF01661WG2,디비증권 20260227-90-29,20260227,20260528,KRW,5000000000,77,AAA0(A1),금융 및 보험업
롯데컬처웍스,KRZF351223G2,롯데컬처웍스 20260227-91-3,20260227,20260529,KRW,5000000000,78,A+(A3+),"예술, 스포츠 및 여가관련 서비스업"
롯데컬처웍스,KRZF351225G2,롯데컬처웍스 20260227-91-5,20260227,20260529,KRW,5000000000,78,A+(A3+),"예술, 스포츠 및 여가관련 서비스업"
롯데컬처웍스,KRZF351224G2,롯데컬처웍스 20260227-91-4,20260227,20260529,KRW,5000000000,78,A+(A3+),"예술, 스포츠 및 여가관련 서비스업"
롯데컬처웍스,KRZF351222G2,롯데컬처웍스 20260227-91-2,20260227,20260529,KRW,5000000000,78,A+(A3+),"예술, 스포츠 및 여가관련 서비스업"
롯데컬처웍스,KRZF351226G2,롯데컬처웍스 20260227-91-6,20260227,20260529,KRW,5000000000,78,A+(A3+),"예술, 스포츠 및 여가관련 서비스업"
롯데컬처웍스,KRZF351221G2,롯데컬처웍스 20260227-91-1,20260227,20260529,KRW,5000000000,78,A+(A3+),"예술, 스포츠 및 여가관련 서비스업"
롯데케미칼,KRZF011171G2,롯데케미칼 20260227-59-1,20260227,20260427,KRW,200000000000,46,AAA0(A1),제조업
메리츠증권,KRZFA08564GE,메리츠증권 20260227-242-103,20260227,20261027,KRW,5000000000,229,AAA0(A1),금융 및 보험업
메리츠증권,KRZFA08565GE,메리츠증권 20260227-242-104,20260227,20261027,KRW,5000000000,229,AAA0(A1),금융 및 보험업
메리츠캐피탈,KRZF169378G2,메리츠캐피탈 20260227-89-8,20260227,20260527,KRW,5000000000,76,AA+(A2+),금융 및 보험업
메리츠캐피탈,KRZF169377G2,메리츠캐피탈 20260227-89-7,20260227,20260527,KRW,5000000000,76,AA+(A2+),금융 및 보험업
부산롯데호텔,KRZF10540LG2,부산롯데호텔 20260227-89-20,20260227,20260527,KRW,5000000000,76,AA+(A2+),숙박 및 음식점업
부산롯데호텔,KRZF10540GG2,부산롯데호텔 20260227-89-16,20260227,20260527,KRW,5000000000,76,AA+(A2+),숙박 및 음식점업
부산롯데호텔,KRZF10540BG2,부산롯데호텔 20260227-89-11,20260227,20260527,KRW,5000000000,76,AA+(A2+),숙박 및 음식점업
부산롯데호텔,KRZF10540CG2,부산롯데호텔 20260227-89-12,20260227,20260527,KRW,5000000000,76,AA+(A2+),숙박 및 음식점업
부산롯데호텔,KRZF10540DG2,부산롯데호텔 20260227-89-13,20260227,20260527,KRW,5000000000,76,AA+(A2+),숙박 및 음식점업
부산롯데호텔,KRZF10540HG2,부산롯데호텔 20260227-89-17,20260227,20260527,KRW,5000000000,76,AA+(A2+),숙박 및 음식점업
부산롯데호텔,KRZF10540FG2,부산롯데호텔 20260227-89-15,20260227,20260527,KRW,5000000000,76,AA+(A2+),숙박 및 음식점업
부산롯데호텔,KRZF10540JG2,부산롯데호텔 20260227-89-18,20260227,20260527,KRW,5000000000,76,AA+(A2+),숙박 및 음식점업
부산롯데호텔,KRZF10540EG2,부산롯데호텔 20260227-89-14,20260227,20260527,KRW,5000000000,76,AA+(A2+),숙박 및 음식점업
부산롯데호텔,KRZF10540AG2,부산롯데호텔 20260227-89-10,20260227,20260527,KRW,5000000000,76,AA+(A2+),숙박 및 음식점업
부산롯데호텔,KRZF105409G2,부산롯데호텔 20260227-89-9,20260227,20260527,KRW,5000000000,76,AA+(A2+),숙박 및 음식점업
부산롯데호텔,KRZF10540KG2,부산롯데호텔 20260227-89-19,20260227,20260527,KRW,5000000000,76,AA+(A2+),숙박 및 음식점업
비엔케이투자증권,KRZF15399SGE,비엔케이투자증권 20260227-90-59,20260227,20260528,KRW,5000000000,77,AAA0(A1),금융 및 보험업
신세계디에프,KRZF30844FG2,신세계디에프 20260227-364-15,20260227,20270226,KRW,5000000000,351,AA+(A2+),"전문, 과학 및 기술 서비스업"
신세계디에프,KRZF30844DG2,신세계디에프 20260227-364-13,20260227,20270226,KRW,5000000000,351,AA+(A2+),"전문, 과학 및 기술 서비스업"
신세계디에프,KRZF30844GG2,신세계디에프 20260227-364-16,20260227,20270226,KRW,5000000000,351,AA+(A2+),"전문, 과학 및 기술 서비스업"
신세계디에프,KRZF30844EG2,신세계디에프 20260227-364-14,20260227,20270226,KRW,5000000000,351,AA+(A2+),"전문, 과학 및 기술 서비스업"
신한투자증권,KRZFE0867CG2,신한투자증권 20260227-315-144,20260227,20270108,KRW,5000000000,302,AAA0(A1),금융 및 보험업
신한투자증권,KRZFE0867GG2,신한투자증권 20260227-315-148,20260227,20270108,KRW,500000000,302,AAA0(A1),금융 및 보험업
신한투자증권,KRZFE08678G2,신한투자증권 20260227-315-140,20260227,20270108,KRW,10000000000,302,AAA0(A1),금융 및 보험업
신한투자증권,KRZFE08670G2,신한투자증권 20260227-315-132,20260227,20270108,KRW,10000000000,302,AAA0(A1),금융 및 보험업
신한투자증권,KRZFA0867XGE,신한투자증권 20260227-315-129,20260227,20270108,KRW,10000000000,302,AAA0(A1),금융 및 보험업
신한투자증권,KRZFE0867FG2,신한투자증권 20260227-315-147,20260227,20270108,KRW,500000000,302,AAA0(A1),금융 및 보험업
신한투자증권,KRZFA0867WGE,신한투자증권 20260227-315-128,20260227,20270108,KRW,10000000000,302,AAA0(A1),금융 및 보험업
신한투자증권,KRZFA0867SGE,신한투자증권 20260227-315-125,20260227,20270108,KRW,10000000000,302,AAA0(A1),금융 및 보험업
신한투자증권,KRZFA0867RGE,신한투자증권 20260227-315-124,20260227,20270108,KRW,10000000000,302,AAA0(A1),금융 및 보험업
신한투자증권,KRZFE08675G2,신한투자증권 20260227-315-137,20260227,20270108,KRW,10000000000,302,AAA0(A1),금융 및 보험업
신한투자증권,KRZFE08674G2,신한투자증권 20260227-315-136,20260227,20270108,KRW,10000000000,302,AAA0(A1),금융 및 보험업
신한투자증권,KRZFE08671G2,신한투자증권 20260227-315-133,20260227,20270108,KRW,10000000000,302,AAA0(A1),금융 및 보험업
신한투자증권,KRZFA0867TGE,신한투자증권 20260227-315-126,20260227,20270108,KRW,10000000000,302,AAA0(A1),금융 및 보험업
신한투자증권,KRZFE0867BG2,신한투자증권 20260227-315-143,20260227,20270108,KRW,10000000000,302,AAA0(A1),금융 및 보험업
신한투자증권,KRZFE0867AG2,신한투자증권 20260227-315-142,20260227,20270108,KRW,10000000000,302,AAA0(A1),금융 및 보험업
신한투자증권,KRZFE08673G2,신한투자증권 20260227-315-135,20260227,20270108,KRW,10000000000,302,AAA0(A1),금융 및 보험업
신한투자증권,KRZFA0867ZGE,신한투자증권 20260227-315-131,20260227,20270108,KRW,10000000000,302,AAA0(A1),금융 및 보험업
신한투자증권,KRZFE0867EG2,신한투자증권 20260227-315-146,20260227,20270108,KRW,1000000000,302,AAA0(A1),금융 및 보험업
신한투자증권,KRZFE08679G2,신한투자증권 20260227-315-141,20260227,20270108,KRW,10000000000,302,AAA0(A1),금융 및 보험업
신한투자증권,KRZFE08677G2,신한투자증권 20260227-315-139,20260227,20270108,KRW,10000000000,302,AAA0(A1),금융 및 보험업
신한투자증권,KRZFE08676G2,신한투자증권 20260227-315-138,20260227,20270108,KRW,10000000000,302,AAA0(A1),금융 및 보험업
신한투자증권,KRZFE08672G2,신한투자증권 20260227-315-134,20260227,20270108,KRW,10000000000,302,AAA0(A1),금융 및 보험업
신한투자증권,KRZFA0867YGE,신한투자증권 20260227-315-130,20260227,20270108,KRW,10000000000,302,AAA0(A1),금융 및 보험업
신한투자증권,KRZFA0867VGE,신한투자증권 20260227-315-127,20260227,20270108,KRW,10000000000,302,AAA0(A1),금융 및 보험업
신한투자증권,KRZFE0867DG2,신한투자증권 20260227-315-145,20260227,20270108,KRW,1000000000,302,AAA0(A1),금융 및 보험업
씨제이씨지브이,KRZF07916WG2,씨제이씨지브이 20260227-59-29,20260227,20260427,KRW,5000000000,46,AA-(A2-),정보통신업
씨제이씨지브이,KRZF07916SG2,씨제이씨지브이 20260227-20-26,20260227,20260319,KRW,10000000000,7,AA-(A2-),정보통신업
씨제이씨지브이,KRZF079160GE,씨제이씨지브이 20260227-31-33,20260227,20260330,KRW,5000000000,18,AA-(A2-),정보통신업
씨제이씨지브이,KRZF07916ZG2,씨제이씨지브이 20260227-31-32,20260227,20260330,KRW,10000000000,18,AA-(A2-),정보통신업
씨제이씨지브이,KRZF07916XG2,씨제이씨지브이 20260227-59-30,20260227,20260427,KRW,5000000000,46,AA-(A2-),정보통신업
씨제이씨지브이,KRZF079161GE,씨제이씨지브이 20260227-28-34,20260227,20260327,KRW,5000000000,15,AA-(A2-),정보통신업
씨제이씨지브이,KRZF079162GE,씨제이씨지브이 20260227-28-35,20260227,20260327,KRW,5000000000,15,AA-(A2-),정보통신업
씨제이씨지브이,KRZF07916VG2,씨제이씨지브이 20260227-59-28,20260227,20260427,KRW,5000000000,46,AA-(A2-),정보통신업
씨제이씨지브이,KRZF07916RG2,씨제이씨지브이 20260227-20-25,20260227,20260319,KRW,10000000000,7,AA-(A2-),정보통신업
씨제이씨지브이,KRZF07916TG2,씨제이씨지브이 20260227-59-27,20260227,20260427,KRW,5000000000,46,AA-(A2-),정보통신업
씨제이씨지브이,KRZF07916QG2,씨제이씨지브이 20260227-20-24,20260227,20260319,KRW,5000000000,7,AA-(A2-),정보통신업
씨제이씨지브이,KRZF07916YG2,씨제이씨지브이 20260227-31-31,20260227,20260330,KRW,10000000000,18,AA-(A2-),정보통신업
씨제이올리브영,KRZF340463G2,씨제이올리브영 20260227-7-3,20260227,20260306,KRW,5000000000,-6,AAA0(A1),도매 및 소매업
씨제이올리브영,KRZF340464G2,씨제이올리브영 20260227-7-4,20260227,20260306,KRW,5000000000,-6,AAA0(A1),도매 및 소매업
씨제이올리브영,KRZF340462G2,씨제이올리브영 20260227-7-2,20260227,20260306,KRW,5000000000,-6,AAA0(A1),도매 및 소매업
씨제이올리브영,KRZF340461G2,씨제이올리브영 20260227-7-1,20260227,20260306,KRW,5000000000,-6,AAA0(A1),도매 및 소매업
씨제이올리브영,KRZF340466G2,씨제이올리브영 20260227-7-6,20260227,20260306,KRW,5000000000,-6,AAA0(A1),도매 및 소매업
씨제이올리브영,KRZF340465G2,씨제이올리브영 20260227-7-5,20260227,20260306,KRW,5000000000,-6,AAA0(A1),도매 및 소매업
애큐온캐피탈,KRZF09523SG2,애큐온캐피탈 20260227-242-26,20260227,20261027,KRW,5000000000,229,AA0(A2),금융 및 보험업
애큐온캐피탈,KRZF09523KG2,애큐온캐피탈 20260227-181-19,20260227,20260827,KRW,5000000000,168,AA0(A2),금융 및 보험업
애큐온캐피탈,KRZF09523HG2,애큐온캐피탈 20260227-181-17,20260227,20260827,KRW,5000000000,168,AA0(A2),금융 및 보험업
애큐온캐피탈,KRZF09523TG2,애큐온캐피탈 20260227-242-27,20260227,20261027,KRW,5000000000,229,AA0(A2),금융 및 보험업
애큐온캐피탈,KRZF09523RG2,애큐온캐피탈 20260227-242-25,20260227,20261027,KRW,5000000000,229,AA0(A2),금융 및 보험업
애큐온캐피탈,KRZF09523XG2,애큐온캐피탈 20260227-242-30,20260227,20261027,KRW,1000000000,229,AA0(A2),금융 및 보험업
애큐온캐피탈,KRZF09523PG2,애큐온캐피탈 20260227-242-23,20260227,20261027,KRW,5000000000,229,AA0(A2),금융 및 보험업
애큐온캐피탈,KRZF09523LG2,애큐온캐피탈 20260227-181-20,20260227,20260827,KRW,5000000000,168,AA0(A2),금융 및 보험업
애큐온캐피탈,KRZF09523MG2,애큐온캐피탈 20260227-181-21,20260227,20260827,KRW,5000000000,168,AA0(A2),금융 및 보험업
애큐온캐피탈,KRZF09523WG2,애큐온캐피탈 20260227-242-29,20260227,20261027,KRW,2000000000,229,AA0(A2),금융 및 보험업
애큐온캐피탈,KRZF09523JG2,애큐온캐피탈 20260227-181-18,20260227,20260827,KRW,5000000000,168,AA0(A2),금융 및 보험업
애큐온캐피탈,KRZF09523NG2,애큐온캐피탈 20260227-242-22,20260227,20261027,KRW,5000000000,229,AA0(A2),금융 및 보험업
애큐온캐피탈,KRZF09523QG2,애큐온캐피탈 20260227-242-24,20260227,20261027,KRW,5000000000,229,AA0(A2),금융 및 보험업
애큐온캐피탈,KRZF09523VG2,애큐온캐피탈 20260227-242-28,20260227,20261027,KRW,2000000000,229,AA0(A2),금융 및 보험업
에이치에스효성,KRZFA87571G2,에이치에스효성 20260227-14-1,20260227,20260313,KRW,5000000000,1,AA0(A2),금융 및 보험업
엘에스증권,KRZF07802VG2,엘에스증권 20260227-181-28,20260227,20260827,KRW,7000000000,168,AA+(A2+),금융 및 보험업
엘에스증권,KRZF07802RG2,엘에스증권 20260227-181-25,20260227,20260827,KRW,200000000,168,AA+(A2+),금융 및 보험업
엘에스증권,KRZF07802WG2,엘에스증권 20260227-90-29,20260227,20260528,KRW,5000000000,77,AA+(A2+),금융 및 보험업
엘에스증권,KRZF07802TG2,엘에스증권 20260227-181-27,20260227,20260827,KRW,500000000,168,AA+(A2+),금융 및 보험업
엘에스증권,KRZF07802SG2,엘에스증권 20260227-181-26,20260227,20260827,KRW,200000000,168,AA+(A2+),금융 및 보험업
엘에스증권,KRZF07802QG2,엘에스증권 20260227-181-24,20260227,20260827,KRW,100000000,168,AA+(A2+),금융 및 보험업
웰컴크레디라인,KRZF105351G2,웰컴크레디라인 20260227-364-1,20260227,20270226,KRW,5000000000,351,A-(A3-),금융 및 보험업
케이비증권,KRZF00345BG2,케이비증권 20260227-334-11,20260227,20270127,KRW,5000000000,321,AAA0(A1),금융 및 보험업
케이비증권,KRZF00345QG2,케이비증권 20260227-119-24,20260227,20260626,KRW,5000000000,106,AAA0(A1),금융 및 보험업
케이비증권,KRZF00345CG2,케이비증권 20260227-334-12,20260227,20270127,KRW,5000000000,321,AAA0(A1),금융 및 보험업
케이비증권,KRZF00345HG2,케이비증권 20260227-105-17,20260227,20260612,KRW,5000000000,92,AAA0(A1),금융 및 보험업
케이비증권,KRZF00345AG2,케이비증권 20260227-334-10,20260227,20270127,KRW,5000000000,321,AAA0(A1),금융 및 보험업
케이비증권,KRZF00345GG2,케이비증권 20260227-105-16,20260227,20260612,KRW,5000000000,92,AAA0(A1),금융 및 보험업
케이비증권,KRZF00345RG2,케이비증권 20260227-119-25,20260227,20260626,KRW,5000000000,106,AAA0(A1),금융 및 보험업
케이비증권,KRZF00345ZG2,케이비증권 20260227-119-32,20260227,20260626,KRW,5000000000,106,AAA0(A1),금융 및 보험업
케이비증권,KRZF00345VG2,케이비증권 20260227-119-28,20260227,20260626,KRW,5000000000,106,AAA0(A1),금융 및 보험업
케이비증권,KRZF00345PG2,케이비증권 20260227-105-23,20260227,20260612,KRW,5000000000,92,AAA0(A1),금융 및 보험업
케이비증권,KRZF00345FG2,케이비증권 20260227-105-15,20260227,20260612,KRW,5000000000,92,AAA0(A1),금융 및 보험업
케이비증권,KRZF00345EG2,케이비증권 20260227-105-14,20260227,20260612,KRW,5000000000,92,AAA0(A1),금융 및 보험업
케이비증권,KRZF00345NG2,케이비증권 20260227-105-22,20260227,20260612,KRW,5000000000,92,AAA0(A1),금융 및 보험업
케이비증권,KRZF00345TG2,케이비증권 20260227-119-27,20260227,20260626,KRW,5000000000,106,AAA0(A1),금융 및 보험업
케이비증권,KRZF00345YG2,케이비증권 20260227-119-31,20260227,20260626,KRW,5000000000,106,AAA0(A1),금융 및 보험업
케이비증권,KRZF00345XG2,케이비증권 20260227-119-30,20260227,20260626,KRW,5000000000,106,AAA0(A1),금융 및 보험업
케이비증권,KRZF00345MG2,케이비증권 20260227-105-21,20260227,20260612,KRW,5000000000,92,AAA0(A1),금융 및 보험업
케이비증권,KRZF00345JG2,케이비증권 20260227-105-18,20260227,20260612,KRW,5000000000,92,AAA0(A1),금융 및 보험업
케이비증권,KRZF00345SG2,케이비증권 20260227-119-26,20260227,20260626,KRW,5000000000,106,AAA0(A1),금융 및 보험업
케이비증권,KRZF00345WG2,케이비증권 20260227-119-29,20260227,20260626,KRW,5000000000,106,AAA0(A1),금융 및 보험업
케이비증권,KRZF00345KG2,케이비증권 20260227-105-19,20260227,20260612,KRW,5000000000,92,AAA0(A1),금융 및 보험업
케이비증권,KRZF00345DG2,케이비증권 20260227-105-13,20260227,20260612,KRW,5000000000,92,AAA0(A1),금융 및 보험업
케이비증권,KRZF003459G2,케이비증권 20260227-334-9,20260227,20270127,KRW,5000000000,321,AAA0(A1),금융 및 보험업
케이비증권,KRZF00345LG2,케이비증권 20260227-105-20,20260227,20260612,KRW,5000000000,92,AAA0(A1),금융 및 보험업
케이프투자증권,KRZF104794G2,케이프투자증권 20260227-90-4,20260227,20260528,KRW,10000000000,77,AA-(A2-),금융 및 보험업
키움에프앤아이,KRZFA20592G2,키움에프앤아이 20260227-89-2,20260227,20260527,KRW,8000000000,76,AA-(A2-),금융 및 보험업
키움증권,KRZF039493GE,키움증권 20260227-237-36,20260227,20261022,KRW,5000000000,224,AAA0(A1),금융 및 보험업
키움증권,KRZF039491GE,키움증권 20260227-237-34,20260227,20261022,KRW,5000000000,224,AAA0(A1),금융 및 보험업
키움증권,KRZF039490GE,키움증권 20260227-237-33,20260227,20261022,KRW,5000000000,224,AAA0(A1),금융 및 보험업
키움증권,KRZF039492GE,키움증권 20260227-237-35,20260227,20261022,KRW,5000000000,224,AAA0(A1),금융 및 보험업
하나금융티아이,KRZF199476G2,하나금융티아이 20260227-173-6,20260227,20260819,KRW,5000000000,160,AAA0(A1),"전문, 과학 및 기술 서비스업"
하나금융티아이,KRZF19947GG2,하나금융티아이 20260227-173-16,20260227,20260819,KRW,5000000000,160,AAA0(A1),"전문, 과학 및 기술 서비스업"
하나금융티아이,KRZF19947BG2,하나금융티아이 20260227-173-11,20260227,20260819,KRW,5000000000,160,AAA0(A1),"전문, 과학 및 기술 서비스업"
하나금융티아이,KRZF19947AG2,하나금융티아이 20260227-173-10,20260227,20260819,KRW,5000000000,160,AAA0(A1),"전문, 과학 및 기술 서비스업"
하나금융티아이,KRZF199479G2,하나금융티아이 20260227-173-9,20260227,20260819,KRW,5000000000,160,AAA0(A1),"전문, 과학 및 기술 서비스업"
하나금융티아이,KRZF199474G2,하나금융티아이 20260227-173-4,20260227,20260819,KRW,5000000000,160,AAA0(A1),"전문, 과학 및 기술 서비스업"
하나금융티아이,KRZF199473G2,하나금융티아이 20260227-173-3,20260227,20260819,KRW,5000000000,160,AAA0(A1),"전문, 과학 및 기술 서비스업"
하나금융티아이,KRZF19947FG2,하나금융티아이 20260227-173-15,20260227,20260819,KRW,5000000000,160,AAA0(A1),"전문, 과학 및 기술 서비스업"
하나금융티아이,KRZF19947EG2,하나금융티아이 20260227-173-14,20260227,20260819,KRW,5000000000,160,AAA0(A1),"전문, 과학 및 기술 서비스업"
하나금융티아이,KRZF199478G2,하나금융티아이 20260227-173-8,20260227,20260819,KRW,5000000000,160,AAA0(A1),"전문, 과학 및 기술 서비스업"
하나금융티아이,KRZF199472G2,하나금융티아이 20260227-173-2,20260227,20260819,KRW,5000000000,160,AAA0(A1),"전문, 과학 및 기술 서비스업"
하나금융티아이,KRZF19947DG2,하나금융티아이 20260227-173-13,20260227,20260819,KRW,5000000000,160,AAA0(A1),"전문, 과학 및 기술 서비스업"
하나금융티아이,KRZF19947CG2,하나금융티아이 20260227-173-12,20260227,20260819,KRW,5000000000,160,AAA0(A1),"전문, 과학 및 기술 서비스업"
하나금융티아이,KRZF199471G2,하나금융티아이 20260227-173-1,20260227,20260819,KRW,5000000000,160,AAA0(A1),"전문, 과학 및 기술 서비스업"
하나금융티아이,KRZF199475G2,하나금융티아이 20260227-173-5,20260227,20260819,KRW,5000000000,160,AAA0(A1),"전문, 과학 및 기술 서비스업"
하나금융티아이,KRZF199477G2,하나금융티아이 20260227-173-7,20260227,20260819,KRW,5000000000,160,AAA0(A1),"전문, 과학 및 기술 서비스업"
한국전력공사,KRZFS1576NG2,한국전력공사 20260227-90-352,20260227,20260528,KRW,10000000000,77,AAA0(A1),"전기, 가스, 증기 및 공기조절 공급업"
한국전력공사,KRZFS15767G2,한국전력공사 20260227-89-337,20260227,20260527,KRW,10000000000,76,AAA0(A1),"전기, 가스, 증기 및 공기조절 공급업"
한국전력공사,KRZFS1576ZG2,한국전력공사 20260227-90-362,20260227,20260528,KRW,10000000000,77,AAA0(A1),"전기, 가스, 증기 및 공기조절 공급업"
한국전력공사,KRZFS1576MG2,한국전력공사 20260227-90-351,20260227,20260528,KRW,10000000000,77,AAA0(A1),"전기, 가스, 증기 및 공기조절 공급업"
한국전력공사,KRZFS15762G2,한국전력공사 20260227-89-332,20260227,20260527,KRW,10000000000,76,AAA0(A1),"전기, 가스, 증기 및 공기조절 공급업"
한국전력공사,KRZFS15761GE,한국전력공사 20260227-90-364,20260227,20260528,KRW,10000000000,77,AAA0(A1),"전기, 가스, 증기 및 공기조절 공급업"
한국전력공사,KRZFS15764G2,한국전력공사 20260227-89-334,20260227,20260527,KRW,10000000000,76,AAA0(A1),"전기, 가스, 증기 및 공기조절 공급업"
한국전력공사,KRZFS15762GE,한국전력공사 20260227-90-365,20260227,20260528,KRW,10000000000,77,AAA0(A1),"전기, 가스, 증기 및 공기조절 공급업"
한국전력공사,KRZFS1576YG2,한국전력공사 20260227-90-361,20260227,20260528,KRW,10000000000,77,AAA0(A1),"전기, 가스, 증기 및 공기조절 공급업"
한국전력공사,KRZFS1576HG2,한국전력공사 20260227-90-347,20260227,20260528,KRW,10000000000,77,AAA0(A1),"전기, 가스, 증기 및 공기조절 공급업"
한국전력공사,KRZFS1576FG2,한국전력공사 20260227-89-345,20260227,20260527,KRW,10000000000,76,AAA0(A1),"전기, 가스, 증기 및 공기조절 공급업"
한국전력공사,KRZFS1576EG2,한국전력공사 20260227-89-344,20260227,20260527,KRW,10000000000,76,AAA0(A1),"전기, 가스, 증기 및 공기조절 공급업"
한국전력공사,KRZFS1576CG2,한국전력공사 20260227-89-342,20260227,20260527,KRW,10000000000,76,AAA0(A1),"전기, 가스, 증기 및 공기조절 공급업"
한국전력공사,KRZFS15765G2,한국전력공사 20260227-89-335,20260227,20260527,KRW,10000000000,76,AAA0(A1),"전기, 가스, 증기 및 공기조절 공급업"
한국전력공사,KRZFS1576RG2,한국전력공사 20260227-90-355,20260227,20260528,KRW,10000000000,77,AAA0(A1),"전기, 가스, 증기 및 공기조절 공급업"
한국전력공사,KRZFS1576KG2,한국전력공사 20260227-90-349,20260227,20260528,KRW,10000000000,77,AAA0(A1),"전기, 가스, 증기 및 공기조절 공급업"
한국전력공사,KRZFS1576BG2,한국전력공사 20260227-89-341,20260227,20260527,KRW,10000000000,76,AAA0(A1),"전기, 가스, 증기 및 공기조절 공급업"
한국전력공사,KRZFS15766G2,한국전력공사 20260227-89-336,20260227,20260527,KRW,10000000000,76,AAA0(A1),"전기, 가스, 증기 및 공기조절 공급업"
한국전력공사,KRZFN1576ZGE,한국전력공사 20260227-89-329,20260227,20260527,KRW,10000000000,76,AAA0(A1),"전기, 가스, 증기 및 공기조절 공급업"
한국전력공사,KRZFS15760GE,한국전력공사 20260227-90-363,20260227,20260528,KRW,10000000000,77,AAA0(A1),"전기, 가스, 증기 및 공기조절 공급업"
한국전력공사,KRZFS1576QG2,한국전력공사 20260227-90-354,20260227,20260528,KRW,10000000000,77,AAA0(A1),"전기, 가스, 증기 및 공기조절 공급업"
한국전력공사,KRZFS15769G2,한국전력공사 20260227-89-339,20260227,20260527,KRW,10000000000,76,AAA0(A1),"전기, 가스, 증기 및 공기조절 공급업"
한국전력공사,KRZFS15768G2,한국전력공사 20260227-89-338,20260227,20260527,KRW,10000000000,76,AAA0(A1),"전기, 가스, 증기 및 공기조절 공급업"
한국전력공사,KRZFS15763G2,한국전력공사 20260227-89-333,20260227,20260527,KRW,10000000000,76,AAA0(A1),"전기, 가스, 증기 및 공기조절 공급업"
한국전력공사,KRZFN1576YGE,한국전력공사 20260227-89-328,20260227,20260527,KRW,10000000000,76,AAA0(A1),"전기, 가스, 증기 및 공기조절 공급업"
한국전력공사,KRZFS1576XG2,한국전력공사 20260227-90-360,20260227,20260528,KRW,10000000000,77,AAA0(A1),"전기, 가스, 증기 및 공기조절 공급업"
한국전력공사,KRZFS1576WG2,한국전력공사 20260227-90-359,20260227,20260528,KRW,10000000000,77,AAA0(A1),"전기, 가스, 증기 및 공기조절 공급업"
한국전력공사,KRZFS1576VG2,한국전력공사 20260227-90-358,20260227,20260528,KRW,10000000000,77,AAA0(A1),"전기, 가스, 증기 및 공기조절 공급업"
한국전력공사,KRZFS1576TG2,한국전력공사 20260227-90-357,20260227,20260528,KRW,10000000000,77,AAA0(A1),"전기, 가스, 증기 및 공기조절 공급업"
한국전력공사,KRZFS1576JG2,한국전력공사 20260227-90-348,20260227,20260528,KRW,10000000000,77,AAA0(A1),"전기, 가스, 증기 및 공기조절 공급업"
한국전력공사,KRZFS15761G2,한국전력공사 20260227-89-331,20260227,20260527,KRW,10000000000,76,AAA0(A1),"전기, 가스, 증기 및 공기조절 공급업"
한국전력공사,KRZFN1576WGE,한국전력공사 20260227-89-326,20260227,20260527,KRW,10000000000,76,AAA0(A1),"전기, 가스, 증기 및 공기조절 공급업"
한국전력공사,KRZFS1576LG2,한국전력공사 20260227-90-350,20260227,20260528,KRW,10000000000,77,AAA0(A1),"전기, 가스, 증기 및 공기조절 공급업"
한국전력공사,KRZFN1576XGE,한국전력공사 20260227-89-327,20260227,20260527,KRW,10000000000,76,AAA0(A1),"전기, 가스, 증기 및 공기조절 공급업"
한국전력공사,KRZFS1576SG2,한국전력공사 20260227-90-356,20260227,20260528,KRW,10000000000,77,AAA0(A1),"전기, 가스, 증기 및 공기조절 공급업"
한국전력공사,KRZFS1576PG2,한국전력공사 20260227-90-353,20260227,20260528,KRW,10000000000,77,AAA0(A1),"전기, 가스, 증기 및 공기조절 공급업"
한국전력공사,KRZFS1576GG2,한국전력공사 20260227-90-346,20260227,20260528,KRW,10000000000,77,AAA0(A1),"전기, 가스, 증기 및 공기조절 공급업"
한국전력공사,KRZFS1576DG2,한국전력공사 20260227-89-343,20260227,20260527,KRW,10000000000,76,AAA0(A1),"전기, 가스, 증기 및 공기조절 공급업"
한국전력공사,KRZFS1576AG2,한국전력공사 20260227-89-340,20260227,20260527,KRW,10000000000,76,AAA0(A1),"전기, 가스, 증기 및 공기조절 공급업"
한국전력공사,KRZFS15760G2,한국전력공사 20260227-89-330,20260227,20260527,KRW,10000000000,76,AAA0(A1),"전기, 가스, 증기 및 공기조절 공급업"
한양증권,KRZF00175LG2,한양증권 20260227-181-20,20260227,20260827,KRW,5000000000,168,AA0(A2),금융 및 보험업
한화솔루션,KRZF00983MGE,한화솔루션 20260227-41-54,20260227,20260409,KRW,5000000000,28,AAA0(A1),제조업
한화솔루션,KRZF00983LGE,한화솔루션 20260227-41-53,20260227,20260409,KRW,5000000000,28,AAA0(A1),제조업
한화솔루션,KRZF00983KGE,한화솔루션 20260227-41-52,20260227,20260409,KRW,5000000000,28,AAA0(A1),제조업
한화솔루션,KRZF00983JGE,한화솔루션 20260227-41-51,20260227,20260409,KRW,5000000000,28,AAA0(A1),제조업
한화임팩트,KRZF020793G2,한화임팩트 20260227-91-3,20260227,20260529,KRW,5000000000,78,AAA0(A1),금융 및 보험업
한화임팩트,KRZF020795G2,한화임팩트 20260227-91-5,20260227,20260529,KRW,5000000000,78,AAA0(A1),금융 및 보험업
한화임팩트,KRZF020791G2,한화임팩트 20260227-91-1,20260227,20260529,KRW,5000000000,78,AAA0(A1),금융 및 보험업
한화임팩트,KRZF020796G2,한화임팩트 20260227-91-6,20260227,20260529,KRW,5000000000,78,AAA0(A1),금융 및 보험업
한화임팩트,KRZF020792G2,한화임팩트 20260227-91-2,20260227,20260529,KRW,5000000000,78,AAA0(A1),금융 및 보험업
한화임팩트,KRZF020794G2,한화임팩트 20260227-91-4,20260227,20260529,KRW,5000000000,78,AAA0(A1),금융 및 보험업
한화투자증권,KRZF003538GE,한화투자증권 20260227-364-41,20260227,20270226,KRW,5000000000,351,AAA0(A1),금융 및 보험업
한화투자증권,KRZF003536GE,한화투자증권 20260227-364-39,20260227,20270226,KRW,5000000000,351,AAA0(A1),금융 및 보험업
한화투자증권,KRZF003533GE,한화투자증권 20260227-364-36,20260227,20270226,KRW,5000000000,351,AAA0(A1),금융 및 보험업
한화투자증권,KRZF003537GE,한화투자증권 20260227-364-40,20260227,20270226,KRW,5000000000,351,AAA0(A1),금융 및 보험업
한화투자증권,KRZF003534GE,한화투자증권 20260227-364-37,20260227,20270226,KRW,5000000000,351,AAA0(A1),금융 및 보험업
한화투자증권,KRZF003535GE,한화투자증권 20260227-364-38,20260227,20270226,KRW,5000000000,351,AAA0(A1),금융 및 보험업
현대백화점,KRZF06996BGE,현대백화점 20260227-119-44,20260227,20260626,KRW,5000000000,106,AAA0(A1),도매 및 소매업
현대백화점,KRZF06996EGE,현대백화점 20260227-119-47,20260227,20260626,KRW,5000000000,106,AAA0(A1),도매 및 소매업
현대백화점,KRZF06996AGE,현대백화점 20260227-119-43,20260227,20260626,KRW,5000000000,106,AAA0(A1),도매 및 소매업
현대백화점,KRZF06996DGE,현대백화점 20260227-119-46,20260227,20260626,KRW,5000000000,106,AAA0(A1),도매 및 소매업
현대백화점,KRZF069968GE,현대백화점 20260227-119-41,20260227,20260626,KRW,5000000000,106,AAA0(A1),도매 및 소매업
현대백화점,KRZF06996GGE,현대백화점 20260227-119-49,20260227,20260626,KRW,5000000000,106,AAA0(A1),도매 및 소매업
현대백화점,KRZF069969GE,현대백화점 20260227-119-42,20260227,20260626,KRW,5000000000,106,AAA0(A1),도매 및 소매업
현대백화점,KRZF06996CGE,현대백화점 20260227-119-45,20260227,20260626,KRW,5000000000,106,AAA0(A1),도매 및 소매업
현대백화점,KRZF06996HGE,현대백화점 20260227-119-50,20260227,20260626,KRW,5000000000,106,AAA0(A1),도매 및 소매업
현대백화점,KRZF06996FGE,현대백화점 20260227-119-48,20260227,20260626,KRW,5000000000,106,AAA0(A1),도매 및 소매업
현대지에프홀딩스,KRZF00544CG2,현대지에프홀딩스 20260227-118-12,20260227,20260625,KRW,5000000000,105,AAA0(A1),금융 및 보험업
현대지에프홀딩스,KRZF00544BG2,현대지에프홀딩스 20260227-118-11,20260227,20260625,KRW,5000000000,105,AAA0(A1),금융 및 보험업
현대카드,KRZF06590DG2,현대카드 20260227-90-13,20260227,20260528,KRW,5000000000,77,AAA0(A1),금융 및 보험업
현대카드,KRZF06590LG2,현대카드 20260227-90-20,20260227,20260528,KRW,5000000000,77,AAA0(A1),금융 및 보험업
현대카드,KRZF06590KG2,현대카드 20260227-90-19,20260227,20260528,KRW,5000000000,77,AAA0(A1),금융 및 보험업
현대카드,KRZF06590HG2,현대카드 20260227-90-17,20260227,20260528,KRW,5000000000,77,AAA0(A1),금융 및 보험업
현대카드,KRZF06590EG2,현대카드 20260227-90-14,20260227,20260528,KRW,5000000000,77,AAA0(A1),금융 및 보험업
현대카드,KRZF06590JG2,현대카드 20260227-90-18,20260227,20260528,KRW,5000000000,77,AAA0(A1),금융 및 보험업
현대카드,KRZF06590BG2,현대카드 20260227-90-11,20260227,20260528,KRW,5000000000,77,AAA0(A1),금융 및 보험업
현대카드,KRZF06590GG2,현대카드 20260227-90-16,20260227,20260528,KRW,5000000000,77,AAA0(A1),금융 및 보험업
현대카드,KRZF06590CG2,현대카드 20260227-90-12,20260227,20260528,KRW,5000000000,77,AAA0(A1),금융 및 보험업
현대카드,KRZF06590FG2,현대카드 20260227-90-15,20260227,20260528,KRW,5000000000,77,AAA0(A1),금융 및 보험업
GS스포츠,KRZF139842G2,GS스포츠 20260226-85-2,20260226,20260522,KRW,1000000000,71,A+(A3+),"예술, 스포츠 및 여가관련 서비스업"
다올투자증권,KRZF030212G2,다올투자증권 20260226-28-2,20260226,20260326,KRW,10000000000,14,AA-(A2-),금융 및 보험업
메리츠증권,KRZFA08562GE,메리츠증권 20260226-239-101,20260226,20261023,KRW,5000000000,225,AAA0(A1),금융 및 보험업
메리츠증권,KRZFA0856ZG2,메리츠증권 20260226-239-98,20260226,20261023,KRW,5000000000,225,AAA0(A1),금융 및 보험업
메리츠증권,KRZFA08561GE,메리츠증권 20260226-239-100,20260226,20261023,KRW,5000000000,225,AAA0(A1),금융 및 보험업
메리츠증권,KRZFA08560GE,메리츠증권 20260226-239-99,20260226,20261023,KRW,5000000000,225,AAA0(A1),금융 및 보험업
메리츠증권,KRZFA0856YG2,메리츠증권 20260226-239-97,20260226,20261023,KRW,5000000000,225,AAA0(A1),금융 및 보험업
메리츠증권,KRZFA08563GE,메리츠증권 20260226-239-102,20260226,20261023,KRW,5000000000,225,AAA0(A1),금융 및 보험업
신영증권,KRZF001723G2,신영증권 20260226-181-3,20260226,20260826,KRW,5000000000,167,AAA0(A1),금융 및 보험업
신영증권,KRZF001727G2,신영증권 20260226-181-7,20260226,20260826,KRW,5000000000,167,AAA0(A1),금융 및 보험업
신영증권,KRZF001724G2,신영증권 20260226-181-4,20260226,20260826,KRW,5000000000,167,AAA0(A1),금융 및 보험업
신영증권,KRZF001721G2,신영증권 20260226-181-1,20260226,20260826,KRW,5000000000,167,AAA0(A1),금융 및 보험업
신영증권,KRZF001725G2,신영증권 20260226-181-5,20260226,20260826,KRW,5000000000,167,AAA0(A1),금융 및 보험업
신영증권,KRZF001726G2,신영증권 20260226-181-6,20260226,20260826,KRW,5000000000,167,AAA0(A1),금융 및 보험업
신영증권,KRZF001722G2,신영증권 20260226-181-2,20260226,20260826,KRW,5000000000,167,AAA0(A1),금융 및 보험업
신영증권,KRZF001729G2,신영증권 20260226-181-9,20260226,20260826,KRW,5000000000,167,AAA0(A1),금융 및 보험업
신영증권,KRZF001728G2,신영증권 20260226-181-8,20260226,20260826,KRW,5000000000,167,AAA0(A1),금융 및 보험업
신영증권,KRZF00172AG2,신영증권 20260226-181-10,20260226,20260826,KRW,5000000000,167,AAA0(A1),금융 및 보험업
씨제이제일제당,KRZF09795AGE,씨제이제일제당 20260226-6-43,20260226,20260304,KRW,10000000000,-8,AAA0(A1),제조업
씨제이제일제당,KRZF09795JGE,씨제이제일제당 20260226-33-51,20260226,20260331,KRW,5000000000,19,AAA0(A1),제조업
씨제이제일제당,KRZF09795HGE,씨제이제일제당 20260226-33-50,20260226,20260331,KRW,5000000000,19,AAA0(A1),제조업
씨제이제일제당,KRZF09795FGE,씨제이제일제당 20260226-33-48,20260226,20260331,KRW,5000000000,19,AAA0(A1),제조업
씨제이제일제당,KRZF09795CGE,씨제이제일제당 20260226-33-45,20260226,20260331,KRW,5000000000,19,AAA0(A1),제조업
씨제이제일제당,KRZF09795GGE,씨제이제일제당 20260226-33-49,20260226,20260331,KRW,5000000000,19,AAA0(A1),제조업
씨제이제일제당,KRZF097957GE,씨제이제일제당 20260226-6-40,20260226,20260304,KRW,10000000000,-8,AAA0(A1),제조업
씨제이제일제당,KRZF09795EGE,씨제이제일제당 20260226-33-47,20260226,20260331,KRW,5000000000,19,AAA0(A1),제조업
씨제이제일제당,KRZF097959GE,씨제이제일제당 20260226-6-42,20260226,20260304,KRW,10000000000,-8,AAA0(A1),제조업
씨제이제일제당,KRZF097958GE,씨제이제일제당 20260226-6-41,20260226,20260304,KRW,10000000000,-8,AAA0(A1),제조업
씨제이제일제당,KRZF097956GE,씨제이제일제당 20260226-6-39,20260226,20260304,KRW,10000000000,-8,AAA0(A1),제조업
씨제이제일제당,KRZF097955GE,씨제이제일제당 20260226-6-38,20260226,20260304,KRW,10000000000,-8,AAA0(A1),제조업
씨제이제일제당,KRZF09795BGE,씨제이제일제당 20260226-33-44,20260226,20260331,KRW,5000000000,19,AAA0(A1),제조업
씨제이제일제당,KRZF09795LGE,씨제이제일제당 20260226-33-53,20260226,20260331,KRW,5000000000,19,AAA0(A1),제조업
씨제이제일제당,KRZF09795KGE,씨제이제일제당 20260226-33-52,20260226,20260331,KRW,5000000000,19,AAA0(A1),제조업
씨제이제일제당,KRZF09795DGE,씨제이제일제당 20260226-33-46,20260226,20260331,KRW,5000000000,19,AAA0(A1),제조업
아이엠증권,KRZF03001YG2,아이엠증권 20260226-208-31,20260226,20260922,KRW,5000000000,194,AAA0(A1),금융 및 보험업
아이엠증권,KRZF03001TG2,아이엠증권 20260226-208-27,20260226,20260922,KRW,5000000000,194,AAA0(A1),금융 및 보험업
아이엠증권,KRZF030012GE,아이엠증권 20260226-208-35,20260226,20260922,KRW,5000000000,194,AAA0(A1),금융 및 보험업
아이엠증권,KRZF03001XG2,아이엠증권 20260226-208-30,20260226,20260922,KRW,5000000000,194,AAA0(A1),금융 및 보험업
아이엠증권,KRZF030011GE,아이엠증권 20260226-208-34,20260226,20260922,KRW,5000000000,194,AAA0(A1),금융 및 보험업
아이엠증권,KRZF03001MG2,아이엠증권 20260226-208-21,20260226,20260922,KRW,5000000000,194,AAA0(A1),금융 및 보험업
아이엠증권,KRZF030010GE,아이엠증권 20260226-208-33,20260226,20260922,KRW,5000000000,194,AAA0(A1),금융 및 보험업
아이엠증권,KRZF03001WG2,아이엠증권 20260226-208-29,20260226,20260922,KRW,5000000000,194,AAA0(A1),금융 및 보험업
아이엠증권,KRZF03001NG2,아이엠증권 20260226-208-22,20260226,20260922,KRW,5000000000,194,AAA0(A1),금융 및 보험업
아이엠증권,KRZF030013GE,아이엠증권 20260226-208-36,20260226,20260922,KRW,5000000000,194,AAA0(A1),금융 및 보험업
아이엠증권,KRZF030016GE,아이엠증권 20260226-208-39,20260226,20260922,KRW,5000000000,194,AAA0(A1),금융 및 보험업
아이엠증권,KRZF030014GE,아이엠증권 20260226-208-37,20260226,20260922,KRW,5000000000,194,AAA0(A1),금융 및 보험업
아이엠증권,KRZF03001ZG2,아이엠증권 20260226-208-32,20260226,20260922,KRW,5000000000,194,AAA0(A1),금융 및 보험업
아이엠증권,KRZF03001PG2,아이엠증권 20260226-208-23,20260226,20260922,KRW,5000000000,194,AAA0(A1),금융 및 보험업
아이엠증권,KRZF03001VG2,아이엠증권 20260226-208-28,20260226,20260922,KRW,5000000000,194,AAA0(A1),금융 및 보험업
아이엠증권,KRZF03001SG2,아이엠증권 20260226-208-26,20260226,20260922,KRW,5000000000,194,AAA0(A1),금융 및 보험업
아이엠증권,KRZF03001RG2,아이엠증권 20260226-208-25,20260226,20260922,KRW,5000000000,194,AAA0(A1),금융 및 보험업
아이엠증권,KRZF03001QG2,아이엠증권 20260226-208-24,20260226,20260922,KRW,5000000000,194,AAA0(A1),금융 및 보험업
아이엠증권,KRZF03001LG2,아이엠증권 20260226-208-20,20260226,20260922,KRW,5000000000,194,AAA0(A1),금융 및 보험업
아이엠증권,KRZF030015GE,아이엠증권 20260226-208-38,20260226,20260922,KRW,5000000000,194,AAA0(A1),금융 및 보험업
키움증권,KRZF03949PG2,키움증권 20260226-236-23,20260226,20261020,KRW,5000000000,222,AAA0(A1),금융 및 보험업
키움증권,KRZF03949BG2,키움증권 20260226-239-11,20260226,20261023,KRW,5000000000,225,AAA0(A1),금융 및 보험업
키움증권,KRZF039496G2,키움증권 20260226-239-6,20260226,20261023,KRW,5000000000,225,AAA0(A1),금융 및 보험업
키움증권,KRZF039495G2,키움증권 20260226-239-5,20260226,20261023,KRW,5000000000,225,AAA0(A1),금융 및 보험업
키움증권,KRZF03949VG2,키움증권 20260226-236-28,20260226,20261020,KRW,5000000000,222,AAA0(A1),금융 및 보험업
키움증권,KRZF03949SG2,키움증권 20260226-236-26,20260226,20261020,KRW,5000000000,222,AAA0(A1),금융 및 보험업
키움증권,KRZF03949RG2,키움증권 20260226-236-25,20260226,20261020,KRW,5000000000,222,AAA0(A1),금융 및 보험업
키움증권,KRZF03949NG2,키움증권 20260226-242-22,20260226,20261026,KRW,5000000000,228,AAA0(A1),금융 및 보험업
키움증권,KRZF03949FG2,키움증권 20260226-242-15,20260226,20261026,KRW,5000000000,228,AAA0(A1),금융 및 보험업
키움증권,KRZF03949DG2,키움증권 20260226-242-13,20260226,20261026,KRW,5000000000,228,AAA0(A1),금융 및 보험업
키움증권,KRZF03949ZG2,키움증권 20260226-236-32,20260226,20261020,KRW,5000000000,222,AAA0(A1),금융 및 보험업
키움증권,KRZF03949TG2,키움증권 20260226-236-27,20260226,20261020,KRW,5000000000,222,AAA0(A1),금융 및 보험업
키움증권,KRZF03949QG2,키움증권 20260226-236-24,20260226,20261020,KRW,5000000000,222,AAA0(A1),금융 및 보험업
키움증권,KRZF03949KG2,키움증권 20260226-242-19,20260226,20261026,KRW,5000000000,228,AAA0(A1),금융 및 보험업
키움증권,KRZF03949AG2,키움증권 20260226-239-10,20260226,20261023,KRW,5000000000,225,AAA0(A1),금융 및 보험업
키움증권,KRZF039498G2,키움증권 20260226-239-8,20260226,20261023,KRW,5000000000,225,AAA0(A1),금융 및 보험업
키움증권,KRZF03949XG2,키움증권 20260226-236-30,20260226,20261020,KRW,5000000000,222,AAA0(A1),금융 및 보험업
키움증권,KRZF039493G2,키움증권 20260226-239-3,20260226,20261023,KRW,5000000000,225,AAA0(A1),금융 및 보험업
키움증권,KRZF03949YG2,키움증권 20260226-236-31,20260226,20261020,KRW,5000000000,222,AAA0(A1),금융 및 보험업
키움증권,KRZF03949LG2,키움증권 20260226-242-20,20260226,20261026,KRW,5000000000,228,AAA0(A1),금융 및 보험업
키움증권,KRZF03949MG2,키움증권 20260226-242-21,20260226,20261026,KRW,5000000000,228,AAA0(A1),금융 및 보험업
키움증권,KRZF03949EG2,키움증권 20260226-242-14,20260226,20261026,KRW,5000000000,228,AAA0(A1),금융 및 보험업
키움증권,KRZF039494G2,키움증권 20260226-239-4,20260226,20261023,KRW,5000000000,225,AAA0(A1),금융 및 보험업
키움증권,KRZF039497G2,키움증권 20260226-239-7,20260226,20261023,KRW,5000000000,225,AAA0(A1),금융 및 보험업
키움증권,KRZF03949JG2,키움증권 20260226-242-18,20260226,20261026,KRW,5000000000,228,AAA0(A1),금융 및 보험업
키움증권,KRZF03949HG2,키움증권 20260226-242-17,20260226,20261026,KRW,5000000000,228,AAA0(A1),금융 및 보험업
키움증권,KRZF03949WG2,키움증권 20260226-236-29,20260226,20261020,KRW,5000000000,222,AAA0(A1),금융 및 보험업
키움증권,KRZF03949GG2,키움증권 20260226-242-16,20260226,20261026,KRW,5000000000,228,AAA0(A1),금융 및 보험업
키움증권,KRZF03949CG2,키움증권 20260226-239-12,20260226,20261023,KRW,5000000000,225,AAA0(A1),금융 및 보험업
키움증권,KRZF039499G2,키움증권 20260226-239-9,20260226,20261023,KRW,5000000000,225,AAA0(A1),금융 및 보험업
한국투자금융지주,KRZFE7105TGE,한국투자금융지주 20260226-274-192,20260226,20261127,KRW,5000000000,260,AAA0(A1),금융 및 보험업
한국투자금융지주,KRZFE7105PGE,한국투자금융지주 20260226-274-188,20260226,20261127,KRW,5000000000,260,AAA0(A1),금융 및 보험업
한국투자금융지주,KRZFJ71053G2,한국투자금융지주 20260226-274-201,20260226,20261127,KRW,5000000000,260,AAA0(A1),금융 및 보험업
한국투자금융지주,KRZFJ71052G2,한국투자금융지주 20260226-274-200,20260226,20261127,KRW,5000000000,260,AAA0(A1),금융 및 보험업
한국투자금융지주,KRZFE7105NGE,한국투자금융지주 20260226-274-187,20260226,20261127,KRW,5000000000,260,AAA0(A1),금융 및 보험업
한국투자금융지주,KRZFE7105KGE,한국투자금융지주 20260226-274-184,20260226,20261127,KRW,5000000000,260,AAA0(A1),금융 및 보험업
한국투자금융지주,KRZFE7105JGE,한국투자금융지주 20260226-274-183,20260226,20261127,KRW,5000000000,260,AAA0(A1),금융 및 보험업
한국투자금융지주,KRZFE7105YGE,한국투자금융지주 20260226-274-196,20260226,20261127,KRW,5000000000,260,AAA0(A1),금융 및 보험업
한국투자금융지주,KRZFE7105MGE,한국투자금융지주 20260226-274-186,20260226,20261127,KRW,5000000000,260,AAA0(A1),금융 및 보험업
한국투자금융지주,KRZFJ71050G2,한국투자금융지주 20260226-274-198,20260226,20261127,KRW,5000000000,260,AAA0(A1),금융 및 보험업
한국투자금융지주,KRZFE7105WGE,한국투자금융지주 20260226-274-194,20260226,20261127,KRW,5000000000,260,AAA0(A1),금융 및 보험업
한국투자금융지주,KRZFE7105RGE,한국투자금융지주 20260226-274-190,20260226,20261127,KRW,5000000000,260,AAA0(A1),금융 및 보험업
한국투자금융지주,KRZFJ71051G2,한국투자금융지주 20260226-274-199,20260226,20261127,KRW,5000000000,260,AAA0(A1),금융 및 보험업
한국투자금융지주,KRZFE7105ZGE,한국투자금융지주 20260226-274-197,20260226,20261127,KRW,5000000000,260,AAA0(A1),금융 및 보험업
한국투자금융지주,KRZFE7105QGE,한국투자금융지주 20260226-274-189,20260226,20261127,KRW,5000000000,260,AAA0(A1),금융 및 보험업
한국투자금융지주,KRZFE7105LGE,한국투자금융지주 20260226-274-185,20260226,20261127,KRW,5000000000,260,AAA0(A1),금융 및 보험업
한국투자금융지주,KRZFE7105VGE,한국투자금융지주 20260226-274-193,20260226,20261127,KRW,5000000000,260,AAA0(A1),금융 및 보험업
한국투자금융지주,KRZFE7105SGE,한국투자금융지주 20260226-274-191,20260226,20261127,KRW,5000000000,260,AAA0(A1),금융 및 보험업
한국투자금융지주,KRZFJ71054G2,한국투자금융지주 20260226-274-202,20260226,20261127,KRW,5000000000,260,AAA0(A1),금융 및 보험업
한국투자금융지주,KRZFE7105XGE,한국투자금융지주 20260226-274-195,20260226,20261127,KRW,5000000000,260,AAA0(A1),금융 및 보험업
한국항공우주산업,KRZF047817G2,한국항공우주산업 20260226-6-7,20260226,20260304,KRW,5000000000,-8,AAA0(A1),제조업
한국항공우주산업,KRZF047814G2,한국항공우주산업 20260226-6-4,20260226,20260304,KRW,5000000000,-8,AAA0(A1),제조업
한국항공우주산업,KRZF04781AG2,한국항공우주산업 20260226-6-10,20260226,20260304,KRW,5000000000,-8,AAA0(A1),제조업
한국항공우주산업,KRZF047811G2,한국항공우주산업 20260226-6-1,20260226,20260304,KRW,5000000000,-8,AAA0(A1),제조업
한국항공우주산업,KRZF047812G2,한국항공우주산업 20260226-6-2,20260226,20260304,KRW,5000000000,-8,AAA0(A1),제조업
한국항공우주산업,KRZF047819G2,한국항공우주산업 20260226-6-9,20260226,20260304,KRW,5000000000,-8,AAA0(A1),제조업
한국항공우주산업,KRZF047818G2,한국항공우주산업 20260226-6-8,20260226,20260304,KRW,5000000000,-8,AAA0(A1),제조업
한국항공우주산업,KRZF047815G2,한국항공우주산업 20260226-6-5,20260226,20260304,KRW,5000000000,-8,AAA0(A1),제조업
한국항공우주산업,KRZF047816G2,한국항공우주산업 20260226-6-6,20260226,20260304,KRW,5000000000,-8,AAA0(A1),제조업
한국항공우주산업,KRZF047813G2,한국항공우주산업 20260226-6-3,20260226,20260304,KRW,5000000000,-8,AAA0(A1),제조업
한국항공우주산업,KRZF04781BG2,한국항공우주산업 20260226-6-11,20260226,20260304,KRW,5000000000,-8,AAA0(A1),제조업
한국항공우주산업,KRZF04781CG2,한국항공우주산업 20260226-6-12,20260226,20260304,KRW,5000000000,-8,AAA0(A1),제조업
한화투자증권,KRZF003532GE,한화투자증권 20260226-364-35,20260226,20270225,KRW,5000000000,350,AAA0(A1),금융 및 보험업
한화투자증권,KRZF003530GE,한화투자증권 20260226-364-33,20260226,20270225,KRW,5000000000,350,AAA0(A1),금융 및 보험업
한화투자증권,KRZF003531GE,한화투자증권 20260226-364-34,20260226,20270225,KRW,5000000000,350,AAA0(A1),금융 및 보험업
한화투자증권,KRZF00353YG2,한화투자증권 20260226-364-31,20260226,20270225,KRW,5000000000,350,AAA0(A1),금융 및 보험업
한화투자증권,KRZF00353VG2,한화투자증권 20260226-364-28,20260226,20270225,KRW,5000000000,350,AAA0(A1),금융 및 보험업
한화투자증권,KRZF00353SG2,한화투자증권 20260226-358-26,20260226,20270219,KRW,5000000000,344,AAA0(A1),금융 및 보험업
한화투자증권,KRZF00353WG2,한화투자증권 20260226-364-29,20260226,20270225,KRW,5000000000,350,AAA0(A1),금융 및 보험업
한화투자증권,KRZF00353XG2,한화투자증권 20260226-364-30,20260226,20270225,KRW,5000000000,350,AAA0(A1),금융 및 보험업
한화투자증권,KRZF00353TG2,한화투자증권 20260226-358-27,20260226,20270219,KRW,5000000000,344,AAA0(A1),금융 및 보험업
한화투자증권,KRZF00353ZG2,한화투자증권 20260226-364-32,20260226,20270225,KRW,5000000000,350,AAA0(A1),금융 및 보험업
현대백화점,KRZF06996ZG2,현대백화점 20260226-119-32,20260226,20260625,KRW,5000000000,105,AAA0(A1),도매 및 소매업
현대백화점,KRZF069964GE,현대백화점 20260226-119-37,20260226,20260625,KRW,5000000000,105,AAA0(A1),도매 및 소매업
현대백화점,KRZF06996YG2,현대백화점 20260226-119-31,20260226,20260625,KRW,5000000000,105,AAA0(A1),도매 및 소매업
현대백화점,KRZF069961GE,현대백화점 20260226-119-34,20260226,20260625,KRW,5000000000,105,AAA0(A1),도매 및 소매업
현대백화점,KRZF069967GE,현대백화점 20260226-119-40,20260226,20260625,KRW,5000000000,105,AAA0(A1),도매 및 소매업
현대백화점,KRZF069966GE,현대백화점 20260226-119-39,20260226,20260625,KRW,5000000000,105,AAA0(A1),도매 및 소매업
현대백화점,KRZF069965GE,현대백화점 20260226-119-38,20260226,20260625,KRW,5000000000,105,AAA0(A1),도매 및 소매업
현대백화점,KRZF069963GE,현대백화점 20260226-119-36,20260226,20260625,KRW,5000000000,105,AAA0(A1),도매 및 소매업
현대백화점,KRZF069960GE,현대백화점 20260226-119-33,20260226,20260625,KRW,5000000000,105,AAA0(A1),도매 및 소매업
현대백화점,KRZF069962GE,현대백화점 20260226-119-35,20260226,20260625,KRW,5000000000,105,AAA0(A1),도매 및 소매업
CJ씨푸드,KRZF011154G2,CJ씨푸드 20260225-91-4,20260225,20260527,KRW,5000000000,76,AAA0(A1),제조업
CJ씨푸드,KRZF011152G2,CJ씨푸드 20260225-91-2,20260225,20260527,KRW,5000000000,76,AAA0(A1),제조업
CJ씨푸드,KRZF011151G2,CJ씨푸드 20260225-91-1,20260225,20260527,KRW,5000000000,76,AAA0(A1),제조업
CJ씨푸드,KRZF011153G2,CJ씨푸드 20260225-91-3,20260225,20260527,KRW,5000000000,76,AAA0(A1),제조업
KB금융지주,KRZF105561G2,KB금융지주 20260225-35-1,20260225,20260401,KRW,5000000000,20,AAA0(A1),금융 및 보험업
KB금융지주,KRZF10556YG2,KB금융지주 20260225-35-31,20260225,20260401,KRW,5000000000,20,AAA0(A1),금융 및 보험업
KB금융지주,KRZF10556DG2,KB금융지주 20260225-35-13,20260225,20260401,KRW,5000000000,20,AAA0(A1),금융 및 보험업
KB금융지주,KRZF10556CG2,KB금융지주 20260225-35-12,20260225,20260401,KRW,5000000000,20,AAA0(A1),금융 및 보험업
KB금융지주,KRZF105563GE,KB금융지주 20260225-35-36,20260225,20260401,KRW,5000000000,20,AAA0(A1),금융 및 보험업
KB금융지주,KRZF10556RG2,KB금융지주 20260225-35-25,20260225,20260401,KRW,5000000000,20,AAA0(A1),금융 및 보험업
KB금융지주,KRZF10556MG2,KB금융지주 20260225-35-21,20260225,20260401,KRW,5000000000,20,AAA0(A1),금융 및 보험업
KB금융지주,KRZF10556GG2,KB금융지주 20260225-35-16,20260225,20260401,KRW,5000000000,20,AAA0(A1),금융 및 보험업
KB금융지주,KRZF10556FG2,KB금융지주 20260225-35-15,20260225,20260401,KRW,5000000000,20,AAA0(A1),금융 및 보험업
KB금융지주,KRZF10556AG2,KB금융지주 20260225-35-10,20260225,20260401,KRW,5000000000,20,AAA0(A1),금융 및 보험업
KB금융지주,KRZF105564G2,KB금융지주 20260225-35-4,20260225,20260401,KRW,5000000000,20,AAA0(A1),금융 및 보험업
KB금융지주,KRZF105562G2,KB금융지주 20260225-35-2,20260225,20260401,KRW,5000000000,20,AAA0(A1),금융 및 보험업
KB금융지주,KRZF105567GE,KB금융지주 20260225-35-40,20260225,20260401,KRW,5000000000,20,AAA0(A1),금융 및 보험업
KB금융지주,KRZF105566GE,KB금융지주 20260225-35-39,20260225,20260401,KRW,5000000000,20,AAA0(A1),금융 및 보험업
KB금융지주,KRZF105560GE,KB금융지주 20260225-35-33,20260225,20260401,KRW,5000000000,20,AAA0(A1),금융 및 보험업
KB금융지주,KRZF10556SG2,KB금융지주 20260225-35-26,20260225,20260401,KRW,5000000000,20,AAA0(A1),금융 및 보험업
KB금융지주,KRZF105561GE,KB금융지주 20260225-35-34,20260225,20260401,KRW,5000000000,20,AAA0(A1),금융 및 보험업
KB금융지주,KRZF105564GE,KB금융지주 20260225-35-37,20260225,20260401,KRW,5000000000,20,AAA0(A1),금융 및 보험업
KB금융지주,KRZF10556LG2,KB금융지주 20260225-35-20,20260225,20260401,KRW,5000000000,20,AAA0(A1),금융 및 보험업
KB금융지주,KRZF10556BG2,KB금융지주 20260225-35-11,20260225,20260401,KRW,5000000000,20,AAA0(A1),금융 및 보험업
KB금융지주,KRZF105562GE,KB금융지주 20260225-35-35,20260225,20260401,KRW,5000000000,20,AAA0(A1),금융 및 보험업
KB금융지주,KRZF10556XG2,KB금융지주 20260225-35-30,20260225,20260401,KRW,5000000000,20,AAA0(A1),금융 및 보험업
KB금융지주,KRZF10556VG2,KB금융지주 20260225-35-28,20260225,20260401,KRW,5000000000,20,AAA0(A1),금융 및 보험업
KB금융지주,KRZF10556KG2,KB금융지주 20260225-35-19,20260225,20260401,KRW,5000000000,20,AAA0(A1),금융 및 보험업
KB금융지주,KRZF10556EG2,KB금융지주 20260225-35-14,20260225,20260401,KRW,5000000000,20,AAA0(A1),금융 및 보험업
KB금융지주,KRZF105569G2,KB금융지주 20260225-35-9,20260225,20260401,KRW,5000000000,20,AAA0(A1),금융 및 보험업
KB금융지주,KRZF105565GE,KB금융지주 20260225-35-38,20260225,20260401,KRW,5000000000,20,AAA0(A1),금융 및 보험업
KB금융지주,KRZF10556TG2,KB금융지주 20260225-35-27,20260225,20260401,KRW,5000000000,20,AAA0(A1),금융 및 보험업
KB금융지주,KRZF10556QG2,KB금융지주 20260225-35-24,20260225,20260401,KRW,5000000000,20,AAA0(A1),금융 및 보험업
KB금융지주,KRZF10556HG2,KB금융지주 20260225-35-17,20260225,20260401,KRW,5000000000,20,AAA0(A1),금융 및 보험업
KB금융지주,KRZF10556PG2,KB금융지주 20260225-35-23,20260225,20260401,KRW,5000000000,20,AAA0(A1),금융 및 보험업
KB금융지주,KRZF105568G2,KB금융지주 20260225-35-8,20260225,20260401,KRW,5000000000,20,AAA0(A1),금융 및 보험업
KB금융지주,KRZF105563G2,KB금융지주 20260225-35-3,20260225,20260401,KRW,5000000000,20,AAA0(A1),금융 및 보험업
KB금융지주,KRZF10556ZG2,KB금융지주 20260225-35-32,20260225,20260401,KRW,5000000000,20,AAA0(A1),금융 및 보험업
KB금융지주,KRZF10556WG2,KB금융지주 20260225-35-29,20260225,20260401,KRW,5000000000,20,AAA0(A1),금융 및 보험업
KB금융지주,KRZF10556NG2,KB금융지주 20260225-35-22,20260225,20260401,KRW,5000000000,20,AAA0(A1),금융 및 보험업
KB금융지주,KRZF10556JG2,KB금융지주 20260225-35-18,20260225,20260401,KRW,5000000000,20,AAA0(A1),금융 및 보험업
KB금융지주,KRZF105567G2,KB금융지주 20260225-35-7,20260225,20260401,KRW,5000000000,20,AAA0(A1),금융 및 보험업
KB금융지주,KRZF105566G2,KB금융지주 20260225-35-6,20260225,20260401,KRW,5000000000,20,AAA0(A1),금융 및 보험업
KB금융지주,KRZF105565G2,KB금융지주 20260225-35-5,20260225,20260401,KRW,5000000000,20,AAA0(A1),금융 및 보험업
교보증권,KRZF03061MG2,교보증권 20260225-364-21,20260225,20270224,KRW,5000000000,349,AAA0(A1),금융 및 보험업
교보증권,KRZF03061PG2,교보증권 20260225-364-23,20260225,20270224,KRW,5000000000,349,AAA0(A1),금융 및 보험업
교보증권,KRZF03061ZG2,교보증권 20260225-364-32,20260225,20270224,KRW,5000000000,349,AAA0(A1),금융 및 보험업
교보증권,KRZF03061YG2,교보증권 20260225-364-31,20260225,20270224,KRW,5000000000,349,AAA0(A1),금융 및 보험업
교보증권,KRZF03061VG2,교보증권 20260225-364-28,20260225,20270224,KRW,5000000000,349,AAA0(A1),금융 및 보험업
교보증권,KRZF03061TG2,교보증권 20260225-364-27,20260225,20270224,KRW,5000000000,349,AAA0(A1),금융 및 보험업
교보증권,KRZF03061XG2,교보증권 20260225-364-30,20260225,20270224,KRW,5000000000,349,AAA0(A1),금융 및 보험업
교보증권,KRZF03061SG2,교보증권 20260225-364-26,20260225,20270224,KRW,5000000000,349,AAA0(A1),금융 및 보험업
교보증권,KRZF03061WG2,교보증권 20260225-364-29,20260225,20270224,KRW,5000000000,349,AAA0(A1),금융 및 보험업
교보증권,KRZF03061QG2,교보증권 20260225-364-24,20260225,20270224,KRW,5000000000,349,AAA0(A1),금융 및 보험업
교보증권,KRZF03061NG2,교보증권 20260225-364-22,20260225,20270224,KRW,5000000000,349,AAA0(A1),금융 및 보험업
교보증권,KRZF03061RG2,교보증권 20260225-364-25,20260225,20270224,KRW,5000000000,349,AAA0(A1),금융 및 보험업
동부건설,KRZF005967G2,동부건설 20260225-364-7,20260225,20270224,KRW,1000000000,349,A0(A3),건설업
동부건설,KRZF00596FG2,동부건설 20260225-364-15,20260225,20270224,KRW,200000000,349,A0(A3),건설업
동부건설,KRZF00596DG2,동부건설 20260225-364-13,20260225,20270224,KRW,200000000,349,A0(A3),건설업
동부건설,KRZF00596AG2,동부건설 20260225-364-10,20260225,20270224,KRW,300000000,349,A0(A3),건설업
동부건설,KRZF005969G2,동부건설 20260225-364-9,20260225,20270224,KRW,300000000,349,A0(A3),건설업
동부건설,KRZF005968G2,동부건설 20260225-364-8,20260225,20270224,KRW,300000000,349,A0(A3),건설업
동부건설,KRZF00596EG2,동부건설 20260225-364-14,20260225,20270224,KRW,200000000,349,A0(A3),건설업
동부건설,KRZF005966G2,동부건설 20260225-364-6,20260225,20270224,KRW,1000000000,349,A0(A3),건설업
동부건설,KRZF00596CG2,동부건설 20260225-364-12,20260225,20270224,KRW,200000000,349,A0(A3),건설업
동부건설,KRZF00596BG2,동부건설 20260225-364-11,20260225,20270224,KRW,300000000,349,A0(A3),건설업
디비증권,KRZF01661JG2,디비증권 20260225-181-18,20260225,20260825,KRW,5000000000,166,AAA0(A1),금융 및 보험업
디비증권,KRZF01661TG2,디비증권 20260225-210-27,20260225,20260923,KRW,5000000000,195,AAA0(A1),금융 및 보험업
디비증권,KRZF01661VG2,디비증권 20260225-210-28,20260225,20260923,KRW,5000000000,195,AAA0(A1),금융 및 보험업
디비증권,KRZF01661HG2,디비증권 20260225-181-17,20260225,20260825,KRW,5000000000,166,AAA0(A1),금융 및 보험업
디비증권,KRZF01661QG2,디비증권 20260225-210-24,20260225,20260923,KRW,5000000000,195,AAA0(A1),금융 및 보험업
디비증권,KRZF01661PG2,디비증권 20260225-210-23,20260225,20260923,KRW,5000000000,195,AAA0(A1),금융 및 보험업
디비증권,KRZF01661MG2,디비증권 20260225-210-21,20260225,20260923,KRW,5000000000,195,AAA0(A1),금융 및 보험업
디비증권,KRZF01661LG2,디비증권 20260225-210-20,20260225,20260923,KRW,5000000000,195,AAA0(A1),금융 및 보험업
디비증권,KRZF01661NG2,디비증권 20260225-210-22,20260225,20260923,KRW,5000000000,195,AAA0(A1),금융 및 보험업
디비증권,KRZF01661KG2,디비증권 20260225-210-19,20260225,20260923,KRW,5000000000,195,AAA0(A1),금융 및 보험업
디비증권,KRZF01661SG2,디비증권 20260225-210-26,20260225,20260923,KRW,5000000000,195,AAA0(A1),금융 및 보험업
디비증권,KRZF01661RG2,디비증권 20260225-210-25,20260225,20260923,KRW,5000000000,195,AAA0(A1),금융 및 보험업
롯데물산,KRZF031012G2,롯데물산 20260225-34-2,20260225,20260331,KRW,5000000000,19,AA+(A2+),숙박 및 음식점업
롯데물산,KRZF03101CG2,롯데물산 20260225-34-12,20260225,20260331,KRW,5000000000,19,AA+(A2+),숙박 및 음식점업
롯데물산,KRZF031015G2,롯데물산 20260225-34-5,20260225,20260331,KRW,5000000000,19,AA+(A2+),숙박 및 음식점업
롯데물산,KRZF03101SG2,롯데물산 20260225-34-26,20260225,20260331,KRW,5000000000,19,AA+(A2+),숙박 및 음식점업
롯데물산,KRZF031019G2,롯데물산 20260225-34-9,20260225,20260331,KRW,5000000000,19,AA+(A2+),숙박 및 음식점업
롯데물산,KRZF03101GG2,롯데물산 20260225-34-16,20260225,20260331,KRW,5000000000,19,AA+(A2+),숙박 및 음식점업
롯데물산,KRZF03101FG2,롯데물산 20260225-34-15,20260225,20260331,KRW,5000000000,19,AA+(A2+),숙박 및 음식점업
롯데물산,KRZF031013G2,롯데물산 20260225-34-3,20260225,20260331,KRW,5000000000,19,AA+(A2+),숙박 및 음식점업
롯데물산,KRZF03101NG2,롯데물산 20260225-34-22,20260225,20260331,KRW,5000000000,19,AA+(A2+),숙박 및 음식점업
롯데물산,KRZF03101HG2,롯데물산 20260225-34-17,20260225,20260331,KRW,5000000000,19,AA+(A2+),숙박 및 음식점업
롯데물산,KRZF03101EG2,롯데물산 20260225-34-14,20260225,20260331,KRW,5000000000,19,AA+(A2+),숙박 및 음식점업
롯데물산,KRZF03101AG2,롯데물산 20260225-34-10,20260225,20260331,KRW,5000000000,19,AA+(A2+),숙박 및 음식점업
롯데물산,KRZF031016G2,롯데물산 20260225-34-6,20260225,20260331,KRW,5000000000,19,AA+(A2+),숙박 및 음식점업
롯데물산,KRZF03101RG2,롯데물산 20260225-34-25,20260225,20260331,KRW,5000000000,19,AA+(A2+),숙박 및 음식점업
롯데물산,KRZF03101BG2,롯데물산 20260225-34-11,20260225,20260331,KRW,5000000000,19,AA+(A2+),숙박 및 음식점업
롯데물산,KRZF031011G2,롯데물산 20260225-34-1,20260225,20260331,KRW,5000000000,19,AA+(A2+),숙박 및 음식점업
롯데물산,KRZF03101PG2,롯데물산 20260225-34-23,20260225,20260331,KRW,5000000000,19,AA+(A2+),숙박 및 음식점업
롯데물산,KRZF03101MG2,롯데물산 20260225-34-21,20260225,20260331,KRW,5000000000,19,AA+(A2+),숙박 및 음식점업
롯데물산,KRZF03101LG2,롯데물산 20260225-34-20,20260225,20260331,KRW,5000000000,19,AA+(A2+),숙박 및 음식점업
롯데물산,KRZF03101KG2,롯데물산 20260225-34-19,20260225,20260331,KRW,5000000000,19,AA+(A2+),숙박 및 음식점업
롯데물산,KRZF03101JG2,롯데물산 20260225-34-18,20260225,20260331,KRW,5000000000,19,AA+(A2+),숙박 및 음식점업
롯데물산,KRZF03101DG2,롯데물산 20260225-34-13,20260225,20260331,KRW,5000000000,19,AA+(A2+),숙박 및 음식점업
롯데물산,KRZF031018G2,롯데물산 20260225-34-8,20260225,20260331,KRW,5000000000,19,AA+(A2+),숙박 및 음식점업
롯데물산,KRZF031014G2,롯데물산 20260225-34-4,20260225,20260331,KRW,5000000000,19,AA+(A2+),숙박 및 음식점업
롯데물산,KRZF03101QG2,롯데물산 20260225-34-24,20260225,20260331,KRW,5000000000,19,AA+(A2+),숙박 및 음식점업
롯데물산,KRZF031017G2,롯데물산 20260225-34-7,20260225,20260331,KRW,5000000000,19,AA+(A2+),숙박 및 음식점업
메리츠증권,KRZFA0856WG2,메리츠증권 20260225-132-95,20260225,20260707,KRW,5000000000,117,AAA0(A1),금융 및 보험업
메리츠증권,KRZFA0856XG2,메리츠증권 20260225-132-96,20260225,20260707,KRW,5000000000,117,AAA0(A1),금융 및 보험업
메리츠증권,KRZFA0856TG2,메리츠증권 20260225-132-93,20260225,20260707,KRW,5000000000,117,AAA0(A1),금융 및 보험업
메리츠증권,KRZFA0856RG2,메리츠증권 20260225-132-91,20260225,20260707,KRW,5000000000,117,AAA0(A1),금융 및 보험업
메리츠증권,KRZFA0856VG2,메리츠증권 20260225-132-94,20260225,20260707,KRW,5000000000,117,AAA0(A1),금융 및 보험업
메리츠증권,KRZFA0856SG2,메리츠증권 20260225-132-92,20260225,20260707,KRW,5000000000,117,AAA0(A1),금융 및 보험업
씨제이제일제당,KRZF097952GE,씨제이제일제당 20260225-13-35,20260225,20260310,KRW,5000000000,-2,AAA0(A1),제조업
씨제이제일제당,KRZF097954GE,씨제이제일제당 20260225-13-37,20260225,20260310,KRW,5000000000,-2,AAA0(A1),제조업
씨제이제일제당,KRZF097950GE,씨제이제일제당 20260225-13-33,20260225,20260310,KRW,5000000000,-2,AAA0(A1),제조업
씨제이제일제당,KRZF09795ZG2,씨제이제일제당 20260225-13-32,20260225,20260310,KRW,5000000000,-2,AAA0(A1),제조업
씨제이제일제당,KRZF09795YG2,씨제이제일제당 20260225-13-31,20260225,20260310,KRW,5000000000,-2,AAA0(A1),제조업
씨제이제일제당,KRZF097953GE,씨제이제일제당 20260225-13-36,20260225,20260310,KRW,5000000000,-2,AAA0(A1),제조업
씨제이제일제당,KRZF097951GE,씨제이제일제당 20260225-13-34,20260225,20260310,KRW,5000000000,-2,AAA0(A1),제조업
아이에스동서,KRZF010783G2,아이에스동서 20260225-364-3,20260225,20270224,KRW,3000000000,349,A0(A3),제조업
아이엠증권,KRZF03001JG2,아이엠증권 20260225-210-18,20260225,20260923,KRW,5000000000,195,AAA0(A1),금융 및 보험업
아이엠증권,KRZF03001EG2,아이엠증권 20260225-210-14,20260225,20260923,KRW,5000000000,195,AAA0(A1),금융 및 보험업
아이엠증권,KRZF03001KG2,아이엠증권 20260225-210-19,20260225,20260923,KRW,5000000000,195,AAA0(A1),금융 및 보험업
아이엠증권,KRZF03001HG2,아이엠증권 20260225-210-17,20260225,20260923,KRW,5000000000,195,AAA0(A1),금융 및 보험업
아이엠증권,KRZF03001FG2,아이엠증권 20260225-210-15,20260225,20260923,KRW,5000000000,195,AAA0(A1),금융 및 보험업
아이엠증권,KRZF03001GG2,아이엠증권 20260225-210-16,20260225,20260923,KRW,5000000000,195,AAA0(A1),금융 및 보험업
에스케이넥실리스,KRZF32189AG2,에스케이넥실리스 20260225-28-10,20260225,20260325,KRW,5000000000,13,AA0(A2),제조업
에스케이넥실리스,KRZF321897G2,에스케이넥실리스 20260225-28-7,20260225,20260325,KRW,5000000000,13,AA0(A2),제조업
에스케이넥실리스,KRZF321896G2,에스케이넥실리스 20260225-28-6,20260225,20260325,KRW,5000000000,13,AA0(A2),제조업
에스케이넥실리스,KRZF321898G2,에스케이넥실리스 20260225-28-8,20260225,20260325,KRW,5000000000,13,AA0(A2),제조업
에스케이넥실리스,KRZF321899G2,에스케이넥실리스 20260225-28-9,20260225,20260325,KRW,5000000000,13,AA0(A2),제조업
에스케이넥실리스,KRZF321895G2,에스케이넥실리스 20260225-28-5,20260225,20260325,KRW,5000000000,13,AA0(A2),제조업
에이치디현대케미칼,KRZF331595G2,에이치디현대케미칼 20260225-148-5,20260225,20260723,KRW,1000000000,133,AA0(A2),제조업
에이치디현대케미칼,KRZF331594G2,에이치디현대케미칼 20260225-148-4,20260225,20260723,KRW,1000000000,133,AA0(A2),제조업
에이치디현대케미칼,KRZF331593G2,에이치디현대케미칼 20260225-148-3,20260225,20260723,KRW,5000000000,133,AA0(A2),제조업
에이치디현대케미칼,KRZF331599G2,에이치디현대케미칼 20260225-148-9,20260225,20260723,KRW,500000000,133,AA0(A2),제조업
에이치디현대케미칼,KRZF331598G2,에이치디현대케미칼 20260225-148-8,20260225,20260723,KRW,500000000,133,AA0(A2),제조업
에이치디현대케미칼,KRZF331597G2,에이치디현대케미칼 20260225-148-7,20260225,20260723,KRW,1000000000,133,AA0(A2),제조업
에이치디현대케미칼,KRZF331596G2,에이치디현대케미칼 20260225-148-6,20260225,20260723,KRW,1000000000,133,AA0(A2),제조업
오리온홀딩스,KRZF00180EG2,오리온홀딩스 20260225-86-14,20260225,20260522,KRW,5000000000,71,AAA0(A1),금융 및 보험업
오리온홀딩스,KRZF001808G2,오리온홀딩스 20260225-86-8,20260225,20260522,KRW,5000000000,71,AAA0(A1),금융 및 보험업
오리온홀딩스,KRZF00180MG2,오리온홀딩스 20260225-86-21,20260225,20260522,KRW,1000000000,71,AAA0(A1),금융 및 보험업
오리온홀딩스,KRZF001803G2,오리온홀딩스 20260225-86-3,20260225,20260522,KRW,5000000000,71,AAA0(A1),금융 및 보험업
오리온홀딩스,KRZF00180DG2,오리온홀딩스 20260225-86-13,20260225,20260522,KRW,5000000000,71,AAA0(A1),금융 및 보험업
오리온홀딩스,KRZF001806G2,오리온홀딩스 20260225-86-6,20260225,20260522,KRW,5000000000,71,AAA0(A1),금융 및 보험업
오리온홀딩스,KRZF001804G2,오리온홀딩스 20260225-86-4,20260225,20260522,KRW,5000000000,71,AAA0(A1),금융 및 보험업
오리온홀딩스,KRZF00180JG2,오리온홀딩스 20260225-86-18,20260225,20260522,KRW,5000000000,71,AAA0(A1),금융 및 보험업
오리온홀딩스,KRZF001807G2,오리온홀딩스 20260225-86-7,20260225,20260522,KRW,5000000000,71,AAA0(A1),금융 및 보험업
오리온홀딩스,KRZF001805G2,오리온홀딩스 20260225-86-5,20260225,20260522,KRW,5000000000,71,AAA0(A1),금융 및 보험업
오리온홀딩스,KRZF00180KG2,오리온홀딩스 20260225-86-19,20260225,20260522,KRW,5000000000,71,AAA0(A1),금융 및 보험업
오리온홀딩스,KRZF00180AG2,오리온홀딩스 20260225-86-10,20260225,20260522,KRW,5000000000,71,AAA0(A1),금융 및 보험업
오리온홀딩스,KRZF00180GG2,오리온홀딩스 20260225-86-16,20260225,20260522,KRW,5000000000,71,AAA0(A1),금융 및 보험업
오리온홀딩스,KRZF00180HG2,오리온홀딩스 20260225-86-17,20260225,20260522,KRW,5000000000,71,AAA0(A1),금융 및 보험업
오리온홀딩스,KRZF001809G2,오리온홀딩스 20260225-86-9,20260225,20260522,KRW,5000000000,71,AAA0(A1),금융 및 보험업
오리온홀딩스,KRZF00180CG2,오리온홀딩스 20260225-86-12,20260225,20260522,KRW,5000000000,71,AAA0(A1),금융 및 보험업
오리온홀딩스,KRZF00180BG2,오리온홀딩스 20260225-86-11,20260225,20260522,KRW,5000000000,71,AAA0(A1),금융 및 보험업
오리온홀딩스,KRZF00180LG2,오리온홀딩스 20260225-86-20,20260225,20260522,KRW,5000000000,71,AAA0(A1),금융 및 보험업
오리온홀딩스,KRZF00180FG2,오리온홀딩스 20260225-86-15,20260225,20260522,KRW,5000000000,71,AAA0(A1),금융 및 보험업
케이티에스테이트,KRZF357791G2,케이티에스테이트 20260225-170-1,20260225,20260814,KRW,5000000000,155,AAA0(A1),부동산업
케이티에스테이트,KRZF357795G2,케이티에스테이트 20260225-170-5,20260225,20260814,KRW,5000000000,155,AAA0(A1),부동산업
케이티에스테이트,KRZF357797G2,케이티에스테이트 20260225-170-7,20260225,20260814,KRW,5000000000,155,AAA0(A1),부동산업
케이티에스테이트,KRZF35779EG2,케이티에스테이트 20260225-170-14,20260225,20260814,KRW,5000000000,155,AAA0(A1),부동산업
케이티에스테이트,KRZF357798G2,케이티에스테이트 20260225-170-8,20260225,20260814,KRW,5000000000,155,AAA0(A1),부동산업
케이티에스테이트,KRZF357799G2,케이티에스테이트 20260225-170-9,20260225,20260814,KRW,5000000000,155,AAA0(A1),부동산업
케이티에스테이트,KRZF35779CG2,케이티에스테이트 20260225-170-12,20260225,20260814,KRW,5000000000,155,AAA0(A1),부동산업
케이티에스테이트,KRZF35779BG2,케이티에스테이트 20260225-170-11,20260225,20260814,KRW,5000000000,155,AAA0(A1),부동산업
케이티에스테이트,KRZF35779GG2,케이티에스테이트 20260225-170-16,20260225,20260814,KRW,5000000000,155,AAA0(A1),부동산업
케이티에스테이트,KRZF357796G2,케이티에스테이트 20260225-170-6,20260225,20260814,KRW,5000000000,155,AAA0(A1),부동산업
케이티에스테이트,KRZF35779FG2,케이티에스테이트 20260225-170-15,20260225,20260814,KRW,5000000000,155,AAA0(A1),부동산업
케이티에스테이트,KRZF357792G2,케이티에스테이트 20260225-170-2,20260225,20260814,KRW,5000000000,155,AAA0(A1),부동산업
케이티에스테이트,KRZF357793G2,케이티에스테이트 20260225-170-3,20260225,20260814,KRW,5000000000,155,AAA0(A1),부동산업
케이티에스테이트,KRZF35779AG2,케이티에스테이트 20260225-170-10,20260225,20260814,KRW,5000000000,155,AAA0(A1),부동산업
케이티에스테이트,KRZF35779DG2,케이티에스테이트 20260225-170-13,20260225,20260814,KRW,5000000000,155,AAA0(A1),부동산업
케이티에스테이트,KRZF357794G2,케이티에스테이트 20260225-170-4,20260225,20260814,KRW,5000000000,155,AAA0(A1),부동산업
키움증권,KRZF039491G2,키움증권 20260225-232-1,20260225,20261015,KRW,5000000000,217,AAA0(A1),금융 및 보험업
키움증권,KRZF039492G2,키움증권 20260225-232-2,20260225,20261015,KRW,5000000000,217,AAA0(A1),금융 및 보험업
키움캐피탈,KRZF310105G2,키움캐피탈 20260225-364-5,20260225,20270224,KRW,5000000000,349,AA-(A2-),금융 및 보험업
키움캐피탈,KRZF31010AG2,키움캐피탈 20260225-364-10,20260225,20270224,KRW,5000000000,349,AA-(A2-),금융 및 보험업
키움캐피탈,KRZF310101G2,키움캐피탈 20260225-364-1,20260225,20270224,KRW,5000000000,349,AA-(A2-),금융 및 보험업
키움캐피탈,KRZF310103G2,키움캐피탈 20260225-364-3,20260225,20270224,KRW,5000000000,349,AA-(A2-),금융 및 보험업
키움캐피탈,KRZF310102G2,키움캐피탈 20260225-364-2,20260225,20270224,KRW,5000000000,349,AA-(A2-),금융 및 보험업
키움캐피탈,KRZF310104G2,키움캐피탈 20260225-364-4,20260225,20270224,KRW,5000000000,349,AA-(A2-),금융 및 보험업
키움캐피탈,KRZF310108G2,키움캐피탈 20260225-273-8,20260225,20261125,KRW,5000000000,258,AA-(A2-),금융 및 보험업
키움캐피탈,KRZF310109G2,키움캐피탈 20260225-364-9,20260225,20270224,KRW,5000000000,349,AA-(A2-),금융 및 보험업
키움캐피탈,KRZF310107G2,키움캐피탈 20260225-273-7,20260225,20261125,KRW,5000000000,258,AA-(A2-),금융 및 보험업
키움캐피탈,KRZF310106G2,키움캐피탈 20260225-364-6,20260225,20270224,KRW,5000000000,349,AA-(A2-),금융 및 보험업
하나증권,KRZF03075MG2,하나증권 20260225-364-21,20260225,20270224,KRW,5000000000,349,AAA0(A1),금융 및 보험업
하나증권,KRZF030751G2,하나증권 20260225-350-1,20260225,20270210,KRW,5000000000,335,AAA0(A1),금융 및 보험업
하나증권,KRZF03075EG2,하나증권 20260225-350-14,20260225,20270210,KRW,5000000000,335,AAA0(A1),금융 및 보험업
하나증권,KRZF03075BG2,하나증권 20260225-350-11,20260225,20270210,KRW,5000000000,335,AAA0(A1),금융 및 보험업
하나증권,KRZF03075DG2,하나증권 20260225-350-13,20260225,20270210,KRW,5000000000,335,AAA0(A1),금융 및 보험업
하나증권,KRZF03075NG2,하나증권 20260225-364-22,20260225,20270224,KRW,5000000000,349,AAA0(A1),금융 및 보험업
하나증권,KRZF030753GE,하나증권 20260225-364-36,20260225,20270224,KRW,5000000000,349,AAA0(A1),금융 및 보험업
하나증권,KRZF03075HG2,하나증권 20260225-350-17,20260225,20270210,KRW,5000000000,335,AAA0(A1),금융 및 보험업
하나증권,KRZF03075GG2,하나증권 20260225-350-16,20260225,20270210,KRW,5000000000,335,AAA0(A1),금융 및 보험업
하나증권,KRZF03075CG2,하나증권 20260225-350-12,20260225,20270210,KRW,5000000000,335,AAA0(A1),금융 및 보험업
하나증권,KRZF030752GE,하나증권 20260225-364-35,20260225,20270224,KRW,5000000000,349,AAA0(A1),금융 및 보험업
하나증권,KRZF03075LG2,하나증권 20260225-350-20,20260225,20270210,KRW,5000000000,335,AAA0(A1),금융 및 보험업
하나증권,KRZF03075PG2,하나증권 20260225-364-23,20260225,20270224,KRW,5000000000,349,AAA0(A1),금융 및 보험업
하나증권,KRZF030750GE,하나증권 20260225-364-33,20260225,20270224,KRW,5000000000,349,AAA0(A1),금융 및 보험업
하나증권,KRZF03075FG2,하나증권 20260225-350-15,20260225,20270210,KRW,5000000000,335,AAA0(A1),금융 및 보험업
하나증권,KRZF03075JG2,하나증권 20260225-350-18,20260225,20270210,KRW,5000000000,335,AAA0(A1),금융 및 보험업
하나증권,KRZF030755G2,하나증권 20260225-350-5,20260225,20270210,KRW,5000000000,335,AAA0(A1),금융 및 보험업
하나증권,KRZF030753G2,하나증권 20260225-350-3,20260225,20270210,KRW,5000000000,335,AAA0(A1),금융 및 보험업
하나증권,KRZF030754G2,하나증권 20260225-350-4,20260225,20270210,KRW,5000000000,335,AAA0(A1),금융 및 보험업
하나증권,KRZF030752G2,하나증권 20260225-350-2,20260225,20270210,KRW,5000000000,335,AAA0(A1),금융 및 보험업
하나증권,KRZF03075KG2,하나증권 20260225-350-19,20260225,20270210,KRW,5000000000,335,AAA0(A1),금융 및 보험업
하나증권,KRZF030759G2,하나증권 20260225-350-9,20260225,20270210,KRW,5000000000,335,AAA0(A1),금융 및 보험업
하나증권,KRZF030757G2,하나증권 20260225-350-7,20260225,20270210,KRW,5000000000,335,AAA0(A1),금융 및 보험업
하나증권,KRZF030756G2,하나증권 20260225-350-6,20260225,20270210,KRW,5000000000,335,AAA0(A1),금융 및 보험업
하나증권,KRZF030758G2,하나증권 20260225-350-8,20260225,20270210,KRW,5000000000,335,AAA0(A1),금융 및 보험업
하나증권,KRZF03075AG2,하나증권 20260225-350-10,20260225,20270210,KRW,5000000000,335,AAA0(A1),금융 및 보험업
하이트진로홀딩스,KRZF000144G2,하이트진로홀딩스 20260225-44-4,20260225,20260410,KRW,10000000000,29,AA0(A2),금융 및 보험업
하이트진로홀딩스,KRZF000142G2,하이트진로홀딩스 20260225-44-2,20260225,20260410,KRW,10000000000,29,AA0(A2),금융 및 보험업
하이트진로홀딩스,KRZF000141G2,하이트진로홀딩스 20260225-44-1,20260225,20260410,KRW,10000000000,29,AA0(A2),금융 및 보험업
하이트진로홀딩스,KRZF000143G2,하이트진로홀딩스 20260225-44-3,20260225,20260410,KRW,10000000000,29,AA0(A2),금융 및 보험업
한국토지주택공사,KRZFK17603GE,한국토지주택공사 20260225-90-234,20260225,20260526,KRW,10000000000,75,AAA0(A1),건설업
한국토지주택공사,KRZFK17602GE,한국토지주택공사 20260225-90-233,20260225,20260526,KRW,10000000000,75,AAA0(A1),건설업
한국토지주택공사,KRZFK17609GE,한국토지주택공사 20260225-90-240,20260225,20260526,KRW,10000000000,75,AAA0(A1),건설업
한국토지주택공사,KRZFK1760VG2,한국토지주택공사 20260225-90-226,20260225,20260526,KRW,10000000000,75,AAA0(A1),건설업
한국토지주택공사,KRZFK1760BGE,한국토지주택공사 20260225-90-242,20260225,20260526,KRW,10000000000,75,AAA0(A1),건설업
한국토지주택공사,KRZFK1760AGE,한국토지주택공사 20260225-90-241,20260225,20260526,KRW,10000000000,75,AAA0(A1),건설업
한국토지주택공사,KRZFK1760ZG2,한국토지주택공사 20260225-90-230,20260225,20260526,KRW,10000000000,75,AAA0(A1),건설업
한국토지주택공사,KRZFK1760WG2,한국토지주택공사 20260225-90-227,20260225,20260526,KRW,10000000000,75,AAA0(A1),건설업
한국토지주택공사,KRZFK1760EGE,한국토지주택공사 20260225-90-245,20260225,20260526,KRW,10000000000,75,AAA0(A1),건설업
한국토지주택공사,KRZFK17608GE,한국토지주택공사 20260225-90-239,20260225,20260526,KRW,10000000000,75,AAA0(A1),건설업
한국토지주택공사,KRZFK17606GE,한국토지주택공사 20260225-90-237,20260225,20260526,KRW,10000000000,75,AAA0(A1),건설업
한국토지주택공사,KRZFK17605GE,한국토지주택공사 20260225-90-236,20260225,20260526,KRW,10000000000,75,AAA0(A1),건설업
한국토지주택공사,KRZFK17604GE,한국토지주택공사 20260225-90-235,20260225,20260526,KRW,10000000000,75,AAA0(A1),건설업
한국토지주택공사,KRZFK17600GE,한국토지주택공사 20260225-90-231,20260225,20260526,KRW,10000000000,75,AAA0(A1),건설업
한국토지주택공사,KRZFK1760XG2,한국토지주택공사 20260225-90-228,20260225,20260526,KRW,10000000000,75,AAA0(A1),건설업
한국토지주택공사,KRZFK17601GE,한국토지주택공사 20260225-90-232,20260225,20260526,KRW,10000000000,75,AAA0(A1),건설업
한국토지주택공사,KRZFK1760DGE,한국토지주택공사 20260225-90-244,20260225,20260526,KRW,10000000000,75,AAA0(A1),건설업
한국토지주택공사,KRZFK1760CGE,한국토지주택공사 20260225-90-243,20260225,20260526,KRW,10000000000,75,AAA0(A1),건설업
한국토지주택공사,KRZFK17607GE,한국토지주택공사 20260225-90-238,20260225,20260526,KRW,10000000000,75,AAA0(A1),건설업
한국토지주택공사,KRZFK1760YG2,한국토지주택공사 20260225-90-229,20260225,20260526,KRW,10000000000,75,AAA0(A1),건설업
한국투자금융지주,KRZFE7105HGE,한국투자금융지주 20260225-210-182,20260225,20260923,KRW,5000000000,195,AAA0(A1),금융 및 보험업
한국투자금융지주,KRZFE7105FGE,한국투자금융지주 20260225-210-180,20260225,20260923,KRW,5000000000,195,AAA0(A1),금융 및 보험업
한국투자금융지주,KRZFE7105GGE,한국투자금융지주 20260225-210-181,20260225,20260923,KRW,5000000000,195,AAA0(A1),금융 및 보험업
한국투자금융지주,KRZFE7105EGE,한국투자금융지주 20260225-210-179,20260225,20260923,KRW,5000000000,195,AAA0(A1),금융 및 보험업
한국투자증권,KRZF03049YG2,한국투자증권 20260225-317-31,20260225,20270108,KRW,10000000000,302,AAA0(A1),금융 및 보험업
한국투자증권,KRZF03049BGE,한국투자증권 20260225-317-44,20260225,20270108,KRW,10000000000,302,AAA0(A1),금융 및 보험업
한국투자증권,KRZF030492GE,한국투자증권 20260225-317-35,20260225,20270108,KRW,10000000000,302,AAA0(A1),금융 및 보험업
한국투자증권,KRZF030491GE,한국투자증권 20260225-317-34,20260225,20270108,KRW,10000000000,302,AAA0(A1),금융 및 보험업
한국투자증권,KRZF030498GE,한국투자증권 20260225-317-41,20260225,20270108,KRW,10000000000,302,AAA0(A1),금융 및 보험업
한국투자증권,KRZF030496GE,한국투자증권 20260225-317-39,20260225,20270108,KRW,10000000000,302,AAA0(A1),금융 및 보험업
한국투자증권,KRZF03049TG2,한국투자증권 20260225-317-27,20260225,20270108,KRW,10000000000,302,AAA0(A1),금융 및 보험업
한국투자증권,KRZF030495GE,한국투자증권 20260225-317-38,20260225,20270108,KRW,10000000000,302,AAA0(A1),금융 및 보험업
한국투자증권,KRZF030497GE,한국투자증권 20260225-317-40,20260225,20270108,KRW,10000000000,302,AAA0(A1),금융 및 보험업
한국투자증권,KRZF03049SG2,한국투자증권 20260225-317-26,20260225,20270108,KRW,10000000000,302,AAA0(A1),금융 및 보험업
한국투자증권,KRZF03049AGE,한국투자증권 20260225-317-43,20260225,20270108,KRW,10000000000,302,AAA0(A1),금융 및 보험업
한국투자증권,KRZF030494GE,한국투자증권 20260225-317-37,20260225,20270108,KRW,10000000000,302,AAA0(A1),금융 및 보험업
한국투자증권,KRZF030493GE,한국투자증권 20260225-317-36,20260225,20270108,KRW,10000000000,302,AAA0(A1),금융 및 보험업
한국투자증권,KRZF030490GE,한국투자증권 20260225-317-33,20260225,20270108,KRW,10000000000,302,AAA0(A1),금융 및 보험업
한국투자증권,KRZF03049ZG2,한국투자증권 20260225-317-32,20260225,20270108,KRW,10000000000,302,AAA0(A1),금융 및 보험업
한국투자증권,KRZF03049WG2,한국투자증권 20260225-317-29,20260225,20270108,KRW,10000000000,302,AAA0(A1),금융 및 보험업
한국투자증권,KRZF03049VG2,한국투자증권 20260225-317-28,20260225,20270108,KRW,10000000000,302,AAA0(A1),금융 및 보험업
한국투자증권,KRZF03049XG2,한국투자증권 20260225-317-30,20260225,20270108,KRW,10000000000,302,AAA0(A1),금융 및 보험업
한국투자증권,KRZF03049CGE,한국투자증권 20260225-317-45,20260225,20270108,KRW,10000000000,302,AAA0(A1),금융 및 보험업
한국투자증권,KRZF030499GE,한국투자증권 20260225-317-42,20260225,20270108,KRW,10000000000,302,AAA0(A1),금융 및 보험업
한무쇼핑,KRZF01991HG2,한무쇼핑 20260225-96-17,20260225,20260601,KRW,5000000000,81,AAA0(A1),도매 및 소매업
한무쇼핑,KRZF01991DG2,한무쇼핑 20260225-68-13,20260225,20260504,KRW,5000000000,53,AAA0(A1),도매 및 소매업
한무쇼핑,KRZF01991JG2,한무쇼핑 20260225-96-18,20260225,20260601,KRW,5000000000,81,AAA0(A1),도매 및 소매업
한무쇼핑,KRZF01991CG2,한무쇼핑 20260225-68-12,20260225,20260504,KRW,5000000000,53,AAA0(A1),도매 및 소매업
한무쇼핑,KRZF01991GG2,한무쇼핑 20260225-96-16,20260225,20260601,KRW,5000000000,81,AAA0(A1),도매 및 소매업
한무쇼핑,KRZF01991BG2,한무쇼핑 20260225-68-11,20260225,20260504,KRW,5000000000,53,AAA0(A1),도매 및 소매업
한무쇼핑,KRZF01991AG2,한무쇼핑 20260225-68-10,20260225,20260504,KRW,5000000000,53,AAA0(A1),도매 및 소매업
한무쇼핑,KRZF019919G2,한무쇼핑 20260225-68-9,20260225,20260504,KRW,5000000000,53,AAA0(A1),도매 및 소매업
한무쇼핑,KRZF01991FG2,한무쇼핑 20260225-96-15,20260225,20260601,KRW,5000000000,81,AAA0(A1),도매 및 소매업
한무쇼핑,KRZF01991EG2,한무쇼핑 20260225-96-14,20260225,20260601,KRW,5000000000,81,AAA0(A1),도매 및 소매업
한화투자증권,KRZF00353QG2,한화투자증권 20260225-364-24,20260225,20270224,KRW,5000000000,349,AAA0(A1),금융 및 보험업
한화투자증권,KRZF00353RG2,한화투자증권 20260225-364-25,20260225,20270224,KRW,5000000000,349,AAA0(A1),금융 및 보험업
한화투자증권,KRZF00353PG2,한화투자증권 20260225-364-23,20260225,20270224,KRW,5000000000,349,AAA0(A1),금융 및 보험업
한화투자증권,KRZF00353NG2,한화투자증권 20260225-364-22,20260225,20270224,KRW,5000000000,349,AAA0(A1),금융 및 보험업
현대백화점,KRZF06996WG2,현대백화점 20260225-217-29,20260225,20260930,KRW,5000000000,202,AAA0(A1),도매 및 소매업
현대백화점,KRZF06996XG2,현대백화점 20260225-217-30,20260225,20260930,KRW,5000000000,202,AAA0(A1),도매 및 소매업
현대백화점,KRZF06996PG2,현대백화점 20260225-217-23,20260225,20260930,KRW,5000000000,202,AAA0(A1),도매 및 소매업
현대백화점,KRZF06996TG2,현대백화점 20260225-217-27,20260225,20260930,KRW,5000000000,202,AAA0(A1),도매 및 소매업
현대백화점,KRZF06996NG2,현대백화점 20260225-217-22,20260225,20260930,KRW,5000000000,202,AAA0(A1),도매 및 소매업
현대백화점,KRZF06996LG2,현대백화점 20260225-217-20,20260225,20260930,KRW,5000000000,202,AAA0(A1),도매 및 소매업
현대백화점,KRZF06996VG2,현대백화점 20260225-217-28,20260225,20260930,KRW,5000000000,202,AAA0(A1),도매 및 소매업
현대백화점,KRZF06996SG2,현대백화점 20260225-217-26,20260225,20260930,KRW,5000000000,202,AAA0(A1),도매 및 소매업
현대백화점,KRZF06996QG2,현대백화점 20260225-217-24,20260225,20260930,KRW,5000000000,202,AAA0(A1),도매 및 소매업
현대백화점,KRZF06996RG2,현대백화점 20260225-217-25,20260225,20260930,KRW,5000000000,202,AAA0(A1),도매 및 소매업
현대백화점,KRZF06996MG2,현대백화점 20260225-217-21,20260225,20260930,KRW,5000000000,202,AAA0(A1),도매 및 소매업
현대백화점,KRZF06996KG2,현대백화점 20260225-217-19,20260225,20260930,KRW,5000000000,202,AAA0(A1),도매 및 소매업
현대차증권,KRZF00150AG2,현대차증권 20260225-240-10,20260225,20261023,KRW,5000000000,225,AAA0(A1),금융 및 보험업
현대차증권,KRZF00150BG2,현대차증권 20260225-240-11,20260225,20261023,KRW,5000000000,225,AAA0(A1),금융 및 보험업
현대차증권,KRZF001509G2,현대차증권 20260225-240-9,20260225,20261023,KRW,5000000000,225,AAA0(A1),금융 및 보험업
현대차증권,KRZF001507G2,현대차증권 20260225-240-7,20260225,20261023,KRW,5000000000,225,AAA0(A1),금융 및 보험업
현대차증권,KRZF001508G2,현대차증권 20260225-240-8,20260225,20261023,KRW,5000000000,225,AAA0(A1),금융 및 보험업
현대차증권,KRZF001506G2,현대차증권 20260225-240-6,20260225,20261023,KRW,5000000000,225,AAA0(A1),금융 및 보험업
SK,KRZF03473RG2,SK 20260224-34-25,20260224,20260330,KRW,5000000000,18,AAA0(A1),금융 및 보험업
SK,KRZF03473JGE,SK 20260224-34-51,20260224,20260330,KRW,5000000000,18,AAA0(A1),금융 및 보험업
SK,KRZF034733GE,SK 20260224-34-36,20260224,20260330,KRW,5000000000,18,AAA0(A1),금융 및 보험업
SK,KRZF03473SG2,SK 20260224-34-26,20260224,20260330,KRW,5000000000,18,AAA0(A1),금융 및 보험업
SK,KRZF03473GGE,SK 20260224-34-49,20260224,20260330,KRW,5000000000,18,AAA0(A1),금융 및 보험업
SK,KRZF03473EGE,SK 20260224-34-47,20260224,20260330,KRW,5000000000,18,AAA0(A1),금융 및 보험업
SK,KRZF03473NG2,SK 20260224-34-22,20260224,20260330,KRW,5000000000,18,AAA0(A1),금융 및 보험업
SK,KRZF03473BGE,SK 20260224-34-44,20260224,20260330,KRW,5000000000,18,AAA0(A1),금융 및 보험업
SK,KRZF034734GE,SK 20260224-34-37,20260224,20260330,KRW,5000000000,18,AAA0(A1),금융 및 보험업
SK,KRZF03473ZG2,SK 20260224-34-32,20260224,20260330,KRW,5000000000,18,AAA0(A1),금융 및 보험업
SK,KRZF03473PG2,SK 20260224-34-23,20260224,20260330,KRW,5000000000,18,AAA0(A1),금융 및 보험업
SK,KRZF03473HGE,SK 20260224-34-50,20260224,20260330,KRW,5000000000,18,AAA0(A1),금융 및 보험업
SK,KRZF03473DGE,SK 20260224-34-46,20260224,20260330,KRW,5000000000,18,AAA0(A1),금융 및 보험업
SK,KRZF034739GE,SK 20260224-34-42,20260224,20260330,KRW,5000000000,18,AAA0(A1),금융 및 보험업
SK,KRZF034737GE,SK 20260224-34-40,20260224,20260330,KRW,5000000000,18,AAA0(A1),금융 및 보험업
SK,KRZF03473TG2,SK 20260224-34-27,20260224,20260330,KRW,5000000000,18,AAA0(A1),금융 및 보험업
SK,KRZF03473FGE,SK 20260224-34-48,20260224,20260330,KRW,5000000000,18,AAA0(A1),금융 및 보험업
SK,KRZF034736GE,SK 20260224-34-39,20260224,20260330,KRW,5000000000,18,AAA0(A1),금융 및 보험업
SK,KRZF034732GE,SK 20260224-34-35,20260224,20260330,KRW,5000000000,18,AAA0(A1),금융 및 보험업
SK,KRZF03473XG2,SK 20260224-34-30,20260224,20260330,KRW,5000000000,18,AAA0(A1),금융 및 보험업
SK,KRZF034738GE,SK 20260224-34-41,20260224,20260330,KRW,5000000000,18,AAA0(A1),금융 및 보험업
SK,KRZF03473VG2,SK 20260224-34-28,20260224,20260330,KRW,5000000000,18,AAA0(A1),금융 및 보험업
SK,KRZF03473MG2,SK 20260224-34-21,20260224,20260330,KRW,5000000000,18,AAA0(A1),금융 및 보험업
SK,KRZF03473AGE,SK 20260224-34-43,20260224,20260330,KRW,5000000000,18,AAA0(A1),금융 및 보험업
SK,KRZF03473YG2,SK 20260224-34-31,20260224,20260330,KRW,5000000000,18,AAA0(A1),금융 및 보험업
SK,KRZF03473QG2,SK 20260224-34-24,20260224,20260330,KRW,5000000000,18,AAA0(A1),금융 및 보험업
SK,KRZF034731GE,SK 20260224-34-34,20260224,20260330,KRW,5000000000,18,AAA0(A1),금융 및 보험업
SK,KRZF03473CGE,SK 20260224-34-45,20260224,20260330,KRW,5000000000,18,AAA0(A1),금융 및 보험업
SK,KRZF034735GE,SK 20260224-34-38,20260224,20260330,KRW,5000000000,18,AAA0(A1),금융 및 보험업
SK,KRZF034730GE,SK 20260224-34-33,20260224,20260330,KRW,5000000000,18,AAA0(A1),금융 및 보험업
SK,KRZF03473WG2,SK 20260224-34-29,20260224,20260330,KRW,5000000000,18,AAA0(A1),금융 및 보험업
교보증권,KRZF030614G2,교보증권 20260224-364-4,20260224,20270223,KRW,5000000000,348,AAA0(A1),금융 및 보험업
교보증권,KRZF03061KG2,교보증권 20260224-364-19,20260224,20270223,KRW,5000000000,348,AAA0(A1),금융 및 보험업
교보증권,KRZF03061HG2,교보증권 20260224-364-17,20260224,20270223,KRW,5000000000,348,AAA0(A1),금융 및 보험업
교보증권,KRZF03061DG2,교보증권 20260224-364-13,20260224,20270223,KRW,5000000000,348,AAA0(A1),금융 및 보험업
교보증권,KRZF03061JG2,교보증권 20260224-364-18,20260224,20270223,KRW,5000000000,348,AAA0(A1),금융 및 보험업
교보증권,KRZF03061CG2,교보증권 20260224-364-12,20260224,20270223,KRW,5000000000,348,AAA0(A1),금융 및 보험업
교보증권,KRZF030612G2,교보증권 20260224-364-2,20260224,20270223,KRW,5000000000,348,AAA0(A1),금융 및 보험업
교보증권,KRZF030618G2,교보증권 20260224-364-8,20260224,20270223,KRW,5000000000,348,AAA0(A1),금융 및 보험업
교보증권,KRZF030613G2,교보증권 20260224-364-3,20260224,20270223,KRW,5000000000,348,AAA0(A1),금융 및 보험업
교보증권,KRZF03061LG2,교보증권 20260224-364-20,20260224,20270223,KRW,5000000000,348,AAA0(A1),금융 및 보험업
교보증권,KRZF03061GG2,교보증권 20260224-364-16,20260224,20270223,KRW,5000000000,348,AAA0(A1),금융 및 보험업
교보증권,KRZF03061EG2,교보증권 20260224-364-14,20260224,20270223,KRW,5000000000,348,AAA0(A1),금융 및 보험업
교보증권,KRZF030615G2,교보증권 20260224-364-5,20260224,20270223,KRW,5000000000,348,AAA0(A1),금융 및 보험업
교보증권,KRZF03061BG2,교보증권 20260224-364-11,20260224,20270223,KRW,5000000000,348,AAA0(A1),금융 및 보험업
교보증권,KRZF030617G2,교보증권 20260224-364-7,20260224,20270223,KRW,5000000000,348,AAA0(A1),금융 및 보험업
교보증권,KRZF03061FG2,교보증권 20260224-364-15,20260224,20270223,KRW,5000000000,348,AAA0(A1),금융 및 보험업
교보증권,KRZF03061AG2,교보증권 20260224-364-10,20260224,20270223,KRW,5000000000,348,AAA0(A1),금융 및 보험업
교보증권,KRZF030611G2,교보증권 20260224-364-1,20260224,20270223,KRW,5000000000,348,AAA0(A1),금융 및 보험업
교보증권,KRZF030619G2,교보증권 20260224-364-9,20260224,20270223,KRW,5000000000,348,AAA0(A1),금융 및 보험업
교보증권,KRZF030616G2,교보증권 20260224-364-6,20260224,20270223,KRW,5000000000,348,AAA0(A1),금융 및 보험업
롯데카드,KRZF03062BG2,롯데카드 20260224-364-11,20260224,20270223,KRW,5000000000,348,AAA0(A1),금융 및 보험업
롯데카드,KRZF03062EG2,롯데카드 20260224-364-14,20260224,20270223,KRW,5000000000,348,AAA0(A1),금융 및 보험업
롯데카드,KRZF03062AG2,롯데카드 20260224-364-10,20260224,20270223,KRW,5000000000,348,AAA0(A1),금융 및 보험업
롯데카드,KRZF03062FG2,롯데카드 20260224-364-15,20260224,20270223,KRW,5000000000,348,AAA0(A1),금융 및 보험업
롯데카드,KRZF03062DG2,롯데카드 20260224-364-13,20260224,20270223,KRW,5000000000,348,AAA0(A1),금융 및 보험업
롯데카드,KRZF03062GG2,롯데카드 20260224-364-16,20260224,20270223,KRW,5000000000,348,AAA0(A1),금융 및 보험업
롯데카드,KRZF030629G2,롯데카드 20260224-364-9,20260224,20270223,KRW,5000000000,348,AAA0(A1),금융 및 보험업
롯데카드,KRZF03062JG2,롯데카드 20260224-364-18,20260224,20270223,KRW,5000000000,348,AAA0(A1),금융 및 보험업
롯데카드,KRZF03062HG2,롯데카드 20260224-364-17,20260224,20270223,KRW,5000000000,348,AAA0(A1),금융 및 보험업
롯데카드,KRZF03062CG2,롯데카드 20260224-364-12,20260224,20270223,KRW,5000000000,348,AAA0(A1),금융 및 보험업
메리츠증권,KRZFA08567G2,메리츠증권 20260224-142-73,20260224,20260716,KRW,5000000000,126,AAA0(A1),금융 및 보험업
메리츠증권,KRZFA0856JG2,메리츠증권 20260224-127-84,20260224,20260701,KRW,5000000000,111,AAA0(A1),금융 및 보험업
메리츠증권,KRZFA0856FG2,메리츠증권 20260224-127-81,20260224,20260701,KRW,5000000000,111,AAA0(A1),금융 및 보험업
메리츠증권,KRZFA0856HG2,메리츠증권 20260224-127-83,20260224,20260701,KRW,5000000000,111,AAA0(A1),금융 및 보험업
메리츠증권,KRZFA0856GG2,메리츠증권 20260224-127-82,20260224,20260701,KRW,5000000000,111,AAA0(A1),금융 및 보험업
메리츠증권,KRZFA0856NG2,메리츠증권 20260224-142-88,20260224,20260716,KRW,5000000000,126,AAA0(A1),금융 및 보험업
메리츠증권,KRZFA0856KG2,메리츠증권 20260224-142-85,20260224,20260716,KRW,5000000000,126,AAA0(A1),금융 및 보험업
메리츠증권,KRZFA0856MG2,메리츠증권 20260224-142-87,20260224,20260716,KRW,5000000000,126,AAA0(A1),금융 및 보험업
메리츠증권,KRZFA0856AG2,메리츠증권 20260224-142-76,20260224,20260716,KRW,5000000000,126,AAA0(A1),금융 및 보험업
메리츠증권,KRZFA0856DG2,메리츠증권 20260224-142-79,20260224,20260716,KRW,5000000000,126,AAA0(A1),금융 및 보험업
메리츠증권,KRZFA0856PG2,메리츠증권 20260224-199-89,20260224,20260911,KRW,5000000000,183,AAA0(A1),금융 및 보험업
메리츠증권,KRZFA08569G2,메리츠증권 20260224-142-75,20260224,20260716,KRW,5000000000,126,AAA0(A1),금융 및 보험업
메리츠증권,KRZFA08566G2,메리츠증권 20260224-142-72,20260224,20260716,KRW,5000000000,126,AAA0(A1),금융 및 보험업
메리츠증권,KRZFA0856QG2,메리츠증권 20260224-199-90,20260224,20260911,KRW,5000000000,183,AAA0(A1),금융 및 보험업
메리츠증권,KRZFA0856LG2,메리츠증권 20260224-142-86,20260224,20260716,KRW,5000000000,126,AAA0(A1),금융 및 보험업
메리츠증권,KRZFA0856BG2,메리츠증권 20260224-142-77,20260224,20260716,KRW,5000000000,126,AAA0(A1),금융 및 보험업
메리츠증권,KRZFA0856EG2,메리츠증권 20260224-142-80,20260224,20260716,KRW,5000000000,126,AAA0(A1),금융 및 보험업
메리츠증권,KRZFA08568G2,메리츠증권 20260224-142-74,20260224,20260716,KRW,5000000000,126,AAA0(A1),금융 및 보험업
메리츠증권,KRZFA08565G2,메리츠증권 20260224-142-71,20260224,20260716,KRW,5000000000,126,AAA0(A1),금융 및 보험업
메리츠증권,KRZFA0856CG2,메리츠증권 20260224-142-78,20260224,20260716,KRW,5000000000,126,AAA0(A1),금융 및 보험업
비엔케이투자증권,KRZF15399DGE,비엔케이투자증권 20260224-273-46,20260224,20261124,KRW,5000000000,257,AAA0(A1),금융 및 보험업
비엔케이투자증권,KRZF15399HGE,비엔케이투자증권 20260224-195-50,20260224,20260907,KRW,5000000000,179,AAA0(A1),금융 및 보험업
비엔케이투자증권,KRZF15399GGE,비엔케이투자증권 20260224-195-49,20260224,20260907,KRW,5000000000,179,AAA0(A1),금융 및 보험업
비엔케이투자증권,KRZF15399PGE,비엔케이투자증권 20260224-273-56,20260224,20261124,KRW,5000000000,257,AAA0(A1),금융 및 보험업
비엔케이투자증권,KRZF15399NGE,비엔케이투자증권 20260224-273-55,20260224,20261124,KRW,5000000000,257,AAA0(A1),금융 및 보험업
비엔케이투자증권,KRZF15399JGE,비엔케이투자증권 20260224-195-51,20260224,20260907,KRW,5000000000,179,AAA0(A1),금융 및 보험업
비엔케이투자증권,KRZF15399AGE,비엔케이투자증권 20260224-273-43,20260224,20261124,KRW,5000000000,257,AAA0(A1),금융 및 보험업
비엔케이투자증권,KRZF15399KGE,비엔케이투자증권 20260224-195-52,20260224,20260907,KRW,5000000000,179,AAA0(A1),금융 및 보험업
비엔케이투자증권,KRZF15399MGE,비엔케이투자증권 20260224-272-54,20260224,20261123,KRW,5000000000,256,AAA0(A1),금융 및 보험업
비엔케이투자증권,KRZF15399EGE,비엔케이투자증권 20260224-273-47,20260224,20261124,KRW,5000000000,257,AAA0(A1),금융 및 보험업
비엔케이투자증권,KRZF15399CGE,비엔케이투자증권 20260224-273-45,20260224,20261124,KRW,5000000000,257,AAA0(A1),금융 및 보험업
비엔케이투자증권,KRZF15399FGE,비엔케이투자증권 20260224-273-48,20260224,20261124,KRW,5000000000,257,AAA0(A1),금융 및 보험업
비엔케이투자증권,KRZF15399RGE,비엔케이투자증권 20260224-273-58,20260224,20261124,KRW,5000000000,257,AAA0(A1),금융 및 보험업
비엔케이투자증권,KRZF15399QGE,비엔케이투자증권 20260224-273-57,20260224,20261124,KRW,5000000000,257,AAA0(A1),금융 및 보험업
비엔케이투자증권,KRZF15399LGE,비엔케이투자증권 20260224-272-53,20260224,20261123,KRW,5000000000,256,AAA0(A1),금융 및 보험업
비엔케이투자증권,KRZF15399BGE,비엔케이투자증권 20260224-273-44,20260224,20261124,KRW,5000000000,257,AAA0(A1),금융 및 보험업
신한투자증권,KRZFA08679GE,신한투자증권 20260224-364-108,20260224,20270223,KRW,5000000000,348,AAA0(A1),금융 및 보험업
신한투자증권,KRZFA0867CGE,신한투자증권 20260224-364-111,20260224,20270223,KRW,5000000000,348,AAA0(A1),금융 및 보험업
신한투자증권,KRZFA0867NGE,신한투자증권 20260224-364-121,20260224,20270223,KRW,5000000000,348,AAA0(A1),금융 및 보험업
신한투자증권,KRZFA0867MGE,신한투자증권 20260224-364-120,20260224,20270223,KRW,5000000000,348,AAA0(A1),금융 및 보험업
신한투자증권,KRZFA0867HGE,신한투자증권 20260224-364-116,20260224,20270223,KRW,5000000000,348,AAA0(A1),금융 및 보험업
신한투자증권,KRZFA0867DGE,신한투자증권 20260224-364-112,20260224,20270223,KRW,5000000000,348,AAA0(A1),금융 및 보험업
신한투자증권,KRZFA0867AGE,신한투자증권 20260224-364-109,20260224,20270223,KRW,5000000000,348,AAA0(A1),금융 및 보험업
신한투자증권,KRZFA0867LGE,신한투자증권 20260224-364-119,20260224,20270223,KRW,5000000000,348,AAA0(A1),금융 및 보험업
신한투자증권,KRZFA0867PGE,신한투자증권 20260224-364-122,20260224,20270223,KRW,5000000000,348,AAA0(A1),금융 및 보험업
신한투자증권,KRZFA0867KGE,신한투자증권 20260224-364-118,20260224,20270223,KRW,5000000000,348,AAA0(A1),금융 및 보험업
신한투자증권,KRZFA0867JGE,신한투자증권 20260224-364-117,20260224,20270223,KRW,5000000000,348,AAA0(A1),금융 및 보험업
신한투자증권,KRZFA0867GGE,신한투자증권 20260224-364-115,20260224,20270223,KRW,5000000000,348,AAA0(A1),금융 및 보험업
신한투자증권,KRZFA0867QGE,신한투자증권 20260224-364-123,20260224,20270223,KRW,5000000000,348,AAA0(A1),금융 및 보험업
신한투자증권,KRZFA0867EGE,신한투자증권 20260224-364-113,20260224,20270223,KRW,5000000000,348,AAA0(A1),금융 및 보험업
신한투자증권,KRZFA0867BGE,신한투자증권 20260224-364-110,20260224,20270223,KRW,5000000000,348,AAA0(A1),금융 및 보험업
신한투자증권,KRZFA0867FGE,신한투자증권 20260224-364-114,20260224,20270223,KRW,5000000000,348,AAA0(A1),금융 및 보험업
씨제이제일제당,KRZF09795WG2,씨제이제일제당 20260224-9-29,20260224,20260305,KRW,10000000000,-7,AAA0(A1),제조업
씨제이제일제당,KRZF09795XG2,씨제이제일제당 20260224-9-30,20260224,20260305,KRW,10000000000,-7,AAA0(A1),제조업
에스케이렌터카,KRZF06840EG2,에스케이렌터카 20260224-364-14,20260224,20270223,KRW,5000000000,348,AA0(A2),"사업시설 관리, 사업 지원 및 임대 서비스업"
에스케이렌터카,KRZF06840LG2,에스케이렌터카 20260224-364-20,20260224,20270223,KRW,5000000000,348,AA0(A2),"사업시설 관리, 사업 지원 및 임대 서비스업"
에스케이렌터카,KRZF06840BG2,에스케이렌터카 20260224-364-11,20260224,20270223,KRW,5000000000,348,AA0(A2),"사업시설 관리, 사업 지원 및 임대 서비스업"
에스케이렌터카,KRZF06840KG2,에스케이렌터카 20260224-364-19,20260224,20270223,KRW,5000000000,348,AA0(A2),"사업시설 관리, 사업 지원 및 임대 서비스업"
에스케이렌터카,KRZF06840HG2,에스케이렌터카 20260224-364-17,20260224,20270223,KRW,5000000000,348,AA0(A2),"사업시설 관리, 사업 지원 및 임대 서비스업"
에스케이렌터카,KRZF06840FG2,에스케이렌터카 20260224-364-15,20260224,20270223,KRW,5000000000,348,AA0(A2),"사업시설 관리, 사업 지원 및 임대 서비스업"
에스케이렌터카,KRZF06840DG2,에스케이렌터카 20260224-364-13,20260224,20270223,KRW,5000000000,348,AA0(A2),"사업시설 관리, 사업 지원 및 임대 서비스업"
에스케이렌터카,KRZF06840CG2,에스케이렌터카 20260224-364-12,20260224,20270223,KRW,5000000000,348,AA0(A2),"사업시설 관리, 사업 지원 및 임대 서비스업"
에스케이렌터카,KRZF06840JG2,에스케이렌터카 20260224-364-18,20260224,20270223,KRW,5000000000,348,AA0(A2),"사업시설 관리, 사업 지원 및 임대 서비스업"
에스케이렌터카,KRZF06840GG2,에스케이렌터카 20260224-364-16,20260224,20270223,KRW,5000000000,348,AA0(A2),"사업시설 관리, 사업 지원 및 임대 서비스업"
엘에스전선,KRZFB0423DG2,엘에스전선 20260224-28-79,20260224,20260324,KRW,5000000000,12,AAA0(A1),정보통신업
엘에스전선,KRZFB0423GG2,엘에스전선 20260224-28-82,20260224,20260324,KRW,5000000000,12,AAA0(A1),정보통신업
엘에스전선,KRZFB0423FG2,엘에스전선 20260224-28-81,20260224,20260324,KRW,5000000000,12,AAA0(A1),정보통신업
엘에스전선,KRZFB0423EG2,엘에스전선 20260224-28-80,20260224,20260324,KRW,5000000000,12,AAA0(A1),정보통신업
엘에스증권,KRZF07802PG2,엘에스증권 20260224-181-23,20260224,20260824,KRW,5000000000,165,AA+(A2+),금융 및 보험업
한국전력공사,KRZFN1576LGE,한국전력공사 20260224-91-317,20260224,20260526,KRW,10000000000,75,AAA0(A1),"전기, 가스, 증기 및 공기조절 공급업"
한국전력공사,KRZFN1576FGE,한국전력공사 20260224-91-312,20260224,20260526,KRW,10000000000,75,AAA0(A1),"전기, 가스, 증기 및 공기조절 공급업"
한국전력공사,KRZFN15766GE,한국전력공사 20260224-91-303,20260224,20260526,KRW,10000000000,75,AAA0(A1),"전기, 가스, 증기 및 공기조절 공급업"
한국전력공사,KRZFN1576MGE,한국전력공사 20260224-91-318,20260224,20260526,KRW,10000000000,75,AAA0(A1),"전기, 가스, 증기 및 공기조절 공급업"
한국전력공사,KRZFN1576BGE,한국전력공사 20260224-91-308,20260224,20260526,KRW,10000000000,75,AAA0(A1),"전기, 가스, 증기 및 공기조절 공급업"
한국전력공사,KRZFN1576GGE,한국전력공사 20260224-91-313,20260224,20260526,KRW,10000000000,75,AAA0(A1),"전기, 가스, 증기 및 공기조절 공급업"
한국전력공사,KRZFN1576RGE,한국전력공사 20260224-91-322,20260224,20260526,KRW,10000000000,75,AAA0(A1),"전기, 가스, 증기 및 공기조절 공급업"
한국전력공사,KRZFN1576QGE,한국전력공사 20260224-91-321,20260224,20260526,KRW,10000000000,75,AAA0(A1),"전기, 가스, 증기 및 공기조절 공급업"
한국전력공사,KRZFN1576EGE,한국전력공사 20260224-91-311,20260224,20260526,KRW,10000000000,75,AAA0(A1),"전기, 가스, 증기 및 공기조절 공급업"
한국전력공사,KRZFN1576CGE,한국전력공사 20260224-91-309,20260224,20260526,KRW,10000000000,75,AAA0(A1),"전기, 가스, 증기 및 공기조절 공급업"
한국전력공사,KRZFN15768GE,한국전력공사 20260224-91-305,20260224,20260526,KRW,10000000000,75,AAA0(A1),"전기, 가스, 증기 및 공기조절 공급업"
한국전력공사,KRZFN1576PGE,한국전력공사 20260224-91-320,20260224,20260526,KRW,10000000000,75,AAA0(A1),"전기, 가스, 증기 및 공기조절 공급업"
한국전력공사,KRZFN1576NGE,한국전력공사 20260224-91-319,20260224,20260526,KRW,10000000000,75,AAA0(A1),"전기, 가스, 증기 및 공기조절 공급업"
한국전력공사,KRZFN15764GE,한국전력공사 20260224-91-301,20260224,20260526,KRW,10000000000,75,AAA0(A1),"전기, 가스, 증기 및 공기조절 공급업"
한국전력공사,KRZFN1576TGE,한국전력공사 20260224-91-324,20260224,20260526,KRW,10000000000,75,AAA0(A1),"전기, 가스, 증기 및 공기조절 공급업"
한국전력공사,KRZFN1576KGE,한국전력공사 20260224-91-316,20260224,20260526,KRW,10000000000,75,AAA0(A1),"전기, 가스, 증기 및 공기조절 공급업"
한국전력공사,KRZFN1576AGE,한국전력공사 20260224-91-307,20260224,20260526,KRW,10000000000,75,AAA0(A1),"전기, 가스, 증기 및 공기조절 공급업"
한국전력공사,KRZFN1576HGE,한국전력공사 20260224-91-314,20260224,20260526,KRW,10000000000,75,AAA0(A1),"전기, 가스, 증기 및 공기조절 공급업"
한국전력공사,KRZFN1576VGE,한국전력공사 20260224-91-325,20260224,20260526,KRW,10000000000,75,AAA0(A1),"전기, 가스, 증기 및 공기조절 공급업"
한국전력공사,KRZFN1576DGE,한국전력공사 20260224-91-310,20260224,20260526,KRW,10000000000,75,AAA0(A1),"전기, 가스, 증기 및 공기조절 공급업"
한국전력공사,KRZFN15769GE,한국전력공사 20260224-91-306,20260224,20260526,KRW,10000000000,75,AAA0(A1),"전기, 가스, 증기 및 공기조절 공급업"
한국전력공사,KRZFN15765GE,한국전력공사 20260224-91-302,20260224,20260526,KRW,10000000000,75,AAA0(A1),"전기, 가스, 증기 및 공기조절 공급업"
한국전력공사,KRZFN1576SGE,한국전력공사 20260224-91-323,20260224,20260526,KRW,10000000000,75,AAA0(A1),"전기, 가스, 증기 및 공기조절 공급업"
한국전력공사,KRZFN1576JGE,한국전력공사 20260224-91-315,20260224,20260526,KRW,10000000000,75,AAA0(A1),"전기, 가스, 증기 및 공기조절 공급업"
한국전력공사,KRZFN15767GE,한국전력공사 20260224-91-304,20260224,20260526,KRW,10000000000,75,AAA0(A1),"전기, 가스, 증기 및 공기조절 공급업"
한국투자금융지주,KRZFE7105CGE,한국투자금융지주 20260224-42-177,20260224,20260407,KRW,5000000000,26,AAA0(A1),금융 및 보험업
한국투자금융지주,KRZFE7105BGE,한국투자금융지주 20260224-42-176,20260224,20260407,KRW,5000000000,26,AAA0(A1),금융 및 보험업
한국투자금융지주,KRZFE7105AGE,한국투자금융지주 20260224-42-175,20260224,20260407,KRW,5000000000,26,AAA0(A1),금융 및 보험업
한국투자금융지주,KRZFE7105DGE,한국투자금융지주 20260224-120-178,20260224,20260624,KRW,5000000000,104,AAA0(A1),금융 및 보험업
한화투자증권,KRZF00353MG2,한화투자증권 20260224-364-21,20260224,20270223,KRW,5000000000,348,AAA0(A1),금융 및 보험업
현대백화점,KRZF06996CG2,현대백화점 20260224-142-12,20260224,20260716,KRW,5000000000,126,AAA0(A1),도매 및 소매업
현대백화점,KRZF06996HG2,현대백화점 20260224-142-17,20260224,20260716,KRW,5000000000,126,AAA0(A1),도매 및 소매업
현대백화점,KRZF06996GG2,현대백화점 20260224-142-16,20260224,20260716,KRW,5000000000,126,AAA0(A1),도매 및 소매업
현대백화점,KRZF06996DG2,현대백화점 20260224-142-13,20260224,20260716,KRW,5000000000,126,AAA0(A1),도매 및 소매업
현대백화점,KRZF06996FG2,현대백화점 20260224-142-15,20260224,20260716,KRW,5000000000,126,AAA0(A1),도매 및 소매업
현대백화점,KRZF06996EG2,현대백화점 20260224-142-14,20260224,20260716,KRW,5000000000,126,AAA0(A1),도매 및 소매업
현대백화점,KRZF06996BG2,현대백화점 20260224-142-11,20260224,20260716,KRW,5000000000,126,AAA0(A1),도매 및 소매업
현대백화점,KRZF06996JG2,현대백화점 20260224-142-18,20260224,20260716,KRW,5000000000,126,AAA0(A1),도매 및 소매업
현대백화점,KRZF06996AG2,현대백화점 20260224-142-10,20260224,20260716,KRW,5000000000,126,AAA0(A1),도매 및 소매업
현대백화점,KRZF069969G2,현대백화점 20260224-142-9,20260224,20260716,KRW,5000000000,126,AAA0(A1),도매 및 소매업
현대지에프홀딩스,KRZF005441G2,현대지에프홀딩스 20260224-105-1,20260224,20260609,KRW,5000000000,89,AAA0(A1),금융 및 보험업
현대지에프홀딩스,KRZF005443G2,현대지에프홀딩스 20260224-86-3,20260224,20260521,KRW,5000000000,70,AAA0(A1),금융 및 보험업
현대지에프홀딩스,KRZF005447G2,현대지에프홀딩스 20260224-86-7,20260224,20260521,KRW,5000000000,70,AAA0(A1),금융 및 보험업
현대지에프홀딩스,KRZF005448G2,현대지에프홀딩스 20260224-86-8,20260224,20260521,KRW,5000000000,70,AAA0(A1),금융 및 보험업
현대지에프홀딩스,KRZF005444G2,현대지에프홀딩스 20260224-86-4,20260224,20260521,KRW,5000000000,70,AAA0(A1),금융 및 보험업
현대지에프홀딩스,KRZF005446G2,현대지에프홀딩스 20260224-86-6,20260224,20260521,KRW,5000000000,70,AAA0(A1),금융 및 보험업
현대지에프홀딩스,KRZF00544AG2,현대지에프홀딩스 20260224-86-10,20260224,20260521,KRW,5000000000,70,AAA0(A1),금융 및 보험업
현대지에프홀딩스,KRZF005449G2,현대지에프홀딩스 20260224-86-9,20260224,20260521,KRW,5000000000,70,AAA0(A1),금융 및 보험업
현대지에프홀딩스,KRZF005445G2,현대지에프홀딩스 20260224-86-5,20260224,20260521,KRW,5000000000,70,AAA0(A1),금융 및 보험업
현대지에프홀딩스,KRZF005442G2,현대지에프홀딩스 20260224-105-2,20260224,20260609,KRW,5000000000,89,AAA0(A1),금융 및 보험업
KB국민카드,KRZF140171GE,KB국민카드 20260223-217-34,20260223,20260928,KRW,5000000000,200,AAA0(A1),금융 및 보험업
KB국민카드,KRZF140173GE,KB국민카드 20260223-219-36,20260223,20260930,KRW,5000000000,202,AAA0(A1),금융 및 보험업
KB국민카드,KRZF140172GE,KB국민카드 20260223-219-35,20260223,20260930,KRW,5000000000,202,AAA0(A1),금융 및 보험업
KB국민카드,KRZF140170GE,KB국민카드 20260223-217-33,20260223,20260928,KRW,5000000000,200,AAA0(A1),금융 및 보험업
가온전선,KRZF000505G2,가온전선 20260223-182-5,20260223,20260824,KRW,5000000000,165,AA0(A2),제조업
가온전선,KRZF000503G2,가온전선 20260223-182-3,20260223,20260824,KRW,5000000000,165,AA0(A2),제조업
가온전선,KRZF000501G2,가온전선 20260223-182-1,20260223,20260824,KRW,5000000000,165,AA0(A2),제조업
가온전선,KRZF000507G2,가온전선 20260223-182-7,20260223,20260824,KRW,5000000000,165,AA0(A2),제조업
가온전선,KRZF000506G2,가온전선 20260223-182-6,20260223,20260824,KRW,5000000000,165,AA0(A2),제조업
가온전선,KRZF000504G2,가온전선 20260223-182-4,20260223,20260824,KRW,5000000000,165,AA0(A2),제조업
가온전선,KRZF000502G2,가온전선 20260223-182-2,20260223,20260824,KRW,5000000000,165,AA0(A2),제조업
가온전선,KRZF000508G2,가온전선 20260223-182-8,20260223,20260824,KRW,5000000000,165,AA0(A2),제조업
동원에프앤비,KRZF049776G2,동원에프앤비 20260223-14-6,20260223,20260309,KRW,10000000000,-3,AAA0(A1),제조업
동원에프앤비,KRZF049777G2,동원에프앤비 20260223-14-7,20260223,20260309,KRW,10000000000,-3,AAA0(A1),제조업
동원에프앤비,KRZF049778G2,동원에프앤비 20260223-14-8,20260223,20260309,KRW,10000000000,-3,AAA0(A1),제조업
동원에프앤비,KRZF049779G2,동원에프앤비 20260223-14-9,20260223,20260309,KRW,10000000000,-3,AAA0(A1),제조업
디비증권,KRZF01661GG2,디비증권 20260223-364-16,20260223,20270222,KRW,5000000000,347,AAA0(A1),금융 및 보험업
롯데쇼핑,KRZF02353LGE,롯데쇼핑 20260223-11-53,20260223,20260306,KRW,5000000000,-6,AAA0(A1),도매 및 소매업
롯데쇼핑,KRZF02353CGE,롯데쇼핑 20260223-11-45,20260223,20260306,KRW,5000000000,-6,AAA0(A1),도매 및 소매업
롯데쇼핑,KRZF023539GE,롯데쇼핑 20260223-11-42,20260223,20260306,KRW,5000000000,-6,AAA0(A1),도매 및 소매업
롯데쇼핑,KRZF023536GE,롯데쇼핑 20260223-11-39,20260223,20260306,KRW,5000000000,-6,AAA0(A1),도매 및 소매업
롯데쇼핑,KRZF023535GE,롯데쇼핑 20260223-11-38,20260223,20260306,KRW,5000000000,-6,AAA0(A1),도매 및 소매업
롯데쇼핑,KRZF023532GE,롯데쇼핑 20260223-11-35,20260223,20260306,KRW,5000000000,-6,AAA0(A1),도매 및 소매업
롯데쇼핑,KRZF023534GE,롯데쇼핑 20260223-11-37,20260223,20260306,KRW,5000000000,-6,AAA0(A1),도매 및 소매업
롯데쇼핑,KRZF02353JGE,롯데쇼핑 20260223-11-51,20260223,20260306,KRW,5000000000,-6,AAA0(A1),도매 및 소매업
롯데쇼핑,KRZF02353DGE,롯데쇼핑 20260223-11-46,20260223,20260306,KRW,5000000000,-6,AAA0(A1),도매 및 소매업
롯데쇼핑,KRZF02353FGE,롯데쇼핑 20260223-11-48,20260223,20260306,KRW,5000000000,-6,AAA0(A1),도매 및 소매업
롯데쇼핑,KRZF023533GE,롯데쇼핑 20260223-11-36,20260223,20260306,KRW,5000000000,-6,AAA0(A1),도매 및 소매업
롯데쇼핑,KRZF02353HGE,롯데쇼핑 20260223-11-50,20260223,20260306,KRW,5000000000,-6,AAA0(A1),도매 및 소매업
롯데쇼핑,KRZF02353GGE,롯데쇼핑 20260223-11-49,20260223,20260306,KRW,5000000000,-6,AAA0(A1),도매 및 소매업
롯데쇼핑,KRZF02353BGE,롯데쇼핑 20260223-11-44,20260223,20260306,KRW,5000000000,-6,AAA0(A1),도매 및 소매업
롯데쇼핑,KRZF023537GE,롯데쇼핑 20260223-11-40,20260223,20260306,KRW,5000000000,-6,AAA0(A1),도매 및 소매업
롯데쇼핑,KRZF02353EGE,롯데쇼핑 20260223-11-47,20260223,20260306,KRW,5000000000,-6,AAA0(A1),도매 및 소매업
롯데쇼핑,KRZF023538GE,롯데쇼핑 20260223-11-41,20260223,20260306,KRW,5000000000,-6,AAA0(A1),도매 및 소매업
롯데쇼핑,KRZF02353MGE,롯데쇼핑 20260223-11-54,20260223,20260306,KRW,5000000000,-6,AAA0(A1),도매 및 소매업
롯데쇼핑,KRZF02353KGE,롯데쇼핑 20260223-11-52,20260223,20260306,KRW,5000000000,-6,AAA0(A1),도매 및 소매업
롯데쇼핑,KRZF02353AGE,롯데쇼핑 20260223-11-43,20260223,20260306,KRW,5000000000,-6,AAA0(A1),도매 및 소매업
롯데카드,KRZF030625G2,롯데카드 20260223-134-5,20260223,20260707,KRW,5000000000,117,AAA0(A1),금융 및 보험업
롯데카드,KRZF030628G2,롯데카드 20260223-134-8,20260223,20260707,KRW,5000000000,117,AAA0(A1),금융 및 보험업
롯데카드,KRZF030627G2,롯데카드 20260223-134-7,20260223,20260707,KRW,5000000000,117,AAA0(A1),금융 및 보험업
롯데카드,KRZF030626G2,롯데카드 20260223-134-6,20260223,20260707,KRW,5000000000,117,AAA0(A1),금융 및 보험업
롯데캐피탈,KRZF029696G2,롯데캐피탈 20260223-88-6,20260223,20260522,KRW,5000000000,71,AA+(A2+),금융 및 보험업
롯데캐피탈,KRZF02969AG2,롯데캐피탈 20260223-88-10,20260223,20260522,KRW,5000000000,71,AA0(A2),금융 및 보험업
롯데캐피탈,KRZF029698G2,롯데캐피탈 20260223-88-8,20260223,20260522,KRW,5000000000,71,AA+(A2+),금융 및 보험업
롯데캐피탈,KRZF029697G2,롯데캐피탈 20260223-88-7,20260223,20260522,KRW,5000000000,71,AA+(A2+),금융 및 보험업
롯데캐피탈,KRZF02969DG2,롯데캐피탈 20260223-88-13,20260223,20260522,KRW,5000000000,71,AA0(A2),금융 및 보험업
롯데캐피탈,KRZF02969CG2,롯데캐피탈 20260223-88-12,20260223,20260522,KRW,5000000000,71,AA0(A2),금융 및 보험업
롯데캐피탈,KRZF029699G2,롯데캐피탈 20260223-88-9,20260223,20260522,KRW,5000000000,71,AA+(A2+),금융 및 보험업
롯데캐피탈,KRZF02969BG2,롯데캐피탈 20260223-88-11,20260223,20260522,KRW,5000000000,71,AA0(A2),금융 및 보험업
메리츠증권,KRZFA08560G2,메리츠증권 20260223-126-66,20260223,20260629,KRW,5000000000,109,AAA0(A1),금융 및 보험업
메리츠증권,KRZF00856TGE,메리츠증권 20260223-105-60,20260223,20260608,KRW,5000000000,88,AAA0(A1),금융 및 보험업
메리츠증권,KRZF00856RGE,메리츠증권 20260223-105-58,20260223,20260608,KRW,5000000000,88,AAA0(A1),금융 및 보험업
메리츠증권,KRZF00856EGE,메리츠증권 20260223-126-47,20260223,20260629,KRW,5000000000,109,AAA0(A1),금융 및 보험업
메리츠증권,KRZFA08564G2,메리츠증권 20260223-143-70,20260223,20260716,KRW,5000000000,126,AAA0(A1),금융 및 보험업
메리츠증권,KRZF00856NGE,메리츠증권 20260223-126-55,20260223,20260629,KRW,5000000000,109,AAA0(A1),금융 및 보험업
메리츠증권,KRZF00856KGE,메리츠증권 20260223-126-52,20260223,20260629,KRW,5000000000,109,AAA0(A1),금융 및 보험업
메리츠증권,KRZF00856GGE,메리츠증권 20260223-126-49,20260223,20260629,KRW,5000000000,109,AAA0(A1),금융 및 보험업
메리츠증권,KRZFA08563G2,메리츠증권 20260223-143-69,20260223,20260716,KRW,5000000000,126,AAA0(A1),금융 및 보험업
메리츠증권,KRZF00856PGE,메리츠증권 20260223-126-56,20260223,20260629,KRW,5000000000,109,AAA0(A1),금융 및 보험업
메리츠증권,KRZF00856MGE,메리츠증권 20260223-126-54,20260223,20260629,KRW,5000000000,109,AAA0(A1),금융 및 보험업
메리츠증권,KRZF00856WGE,메리츠증권 20260223-105-62,20260223,20260608,KRW,5000000000,88,AAA0(A1),금융 및 보험업
메리츠증권,KRZF00856JGE,메리츠증권 20260223-126-51,20260223,20260629,KRW,5000000000,109,AAA0(A1),금융 및 보험업
메리츠증권,KRZF00856FGE,메리츠증권 20260223-126-48,20260223,20260629,KRW,5000000000,109,AAA0(A1),금융 및 보험업
메리츠증권,KRZFA08561G2,메리츠증권 20260223-182-67,20260223,20260824,KRW,5000000000,165,AAA0(A1),금융 및 보험업
메리츠증권,KRZF00856YGE,메리츠증권 20260223-105-64,20260223,20260608,KRW,5000000000,88,AAA0(A1),금융 및 보험업
메리츠증권,KRZF00856SGE,메리츠증권 20260223-105-59,20260223,20260608,KRW,5000000000,88,AAA0(A1),금융 및 보험업
메리츠증권,KRZF00856QGE,메리츠증권 20260223-105-57,20260223,20260608,KRW,5000000000,88,AAA0(A1),금융 및 보험업
메리츠증권,KRZF00856LGE,메리츠증권 20260223-126-53,20260223,20260629,KRW,5000000000,109,AAA0(A1),금융 및 보험업
메리츠증권,KRZF00856ZGE,메리츠증권 20260223-126-65,20260223,20260629,KRW,5000000000,109,AAA0(A1),금융 및 보험업
메리츠증권,KRZF00856XGE,메리츠증권 20260223-105-63,20260223,20260608,KRW,5000000000,88,AAA0(A1),금융 및 보험업
메리츠증권,KRZF00856VGE,메리츠증권 20260223-105-61,20260223,20260608,KRW,5000000000,88,AAA0(A1),금융 및 보험업
메리츠증권,KRZF00856HGE,메리츠증권 20260223-126-50,20260223,20260629,KRW,5000000000,109,AAA0(A1),금융 및 보험업
메리츠증권,KRZFA08562G2,메리츠증권 20260223-182-68,20260223,20260824,KRW,5000000000,165,AAA0(A1),금융 및 보험업
비엔케이투자증권,KRZF153992GE,비엔케이투자증권 20260223-183-35,20260223,20260825,KRW,5000000000,166,AAA0(A1),금융 및 보험업
비엔케이투자증권,KRZF153990GE,비엔케이투자증권 20260223-183-33,20260223,20260825,KRW,5000000000,166,AAA0(A1),금융 및 보험업
비엔케이투자증권,KRZF153994GE,비엔케이투자증권 20260223-183-37,20260223,20260825,KRW,5000000000,166,AAA0(A1),금융 및 보험업
비엔케이투자증권,KRZF153995GE,비엔케이투자증권 20260223-183-38,20260223,20260825,KRW,5000000000,166,AAA0(A1),금융 및 보험업
비엔케이투자증권,KRZF153996GE,비엔케이투자증권 20260223-183-39,20260223,20260825,KRW,5000000000,166,AAA0(A1),금융 및 보험업
비엔케이투자증권,KRZF153991GE,비엔케이투자증권 20260223-183-34,20260223,20260825,KRW,5000000000,166,AAA0(A1),금융 및 보험업
비엔케이투자증권,KRZF153998GE,비엔케이투자증권 20260223-183-41,20260223,20260825,KRW,5000000000,166,AAA0(A1),금융 및 보험업
비엔케이투자증권,KRZF153997GE,비엔케이투자증권 20260223-183-40,20260223,20260825,KRW,5000000000,166,AAA0(A1),금융 및 보험업
비엔케이투자증권,KRZF153999GE,비엔케이투자증권 20260223-183-42,20260223,20260825,KRW,5000000000,166,AAA0(A1),금융 및 보험업
비엔케이투자증권,KRZF153993GE,비엔케이투자증권 20260223-183-36,20260223,20260825,KRW,5000000000,166,AAA0(A1),금융 및 보험업
씨제이씨지브이,KRZF07916NG2,씨제이씨지브이 20260223-31-22,20260223,20260326,KRW,10000000000,14,AA-(A2-),정보통신업
씨제이씨지브이,KRZF07916PG2,씨제이씨지브이 20260223-31-23,20260223,20260326,KRW,5000000000,14,AA-(A2-),정보통신업
씨제이씨지브이,KRZF07916MG2,씨제이씨지브이 20260223-31-21,20260223,20260326,KRW,10000000000,14,AA-(A2-),정보통신업
씨제이제일제당,KRZF09795SG2,씨제이제일제당 20260223-36-26,20260223,20260331,KRW,10000000000,19,AAA0(A1),제조업
씨제이제일제당,KRZF09795KG2,씨제이제일제당 20260223-4-19,20260223,20260227,KRW,10000000000,-13,AAA0(A1),제조업
씨제이제일제당,KRZF09795FG2,씨제이제일제당 20260223-10-15,20260223,20260305,KRW,5000000000,-7,AAA0(A1),제조업
씨제이제일제당,KRZF09795RG2,씨제이제일제당 20260223-36-25,20260223,20260331,KRW,10000000000,19,AAA0(A1),제조업
씨제이제일제당,KRZF09795EG2,씨제이제일제당 20260223-10-14,20260223,20260305,KRW,5000000000,-7,AAA0(A1),제조업
씨제이제일제당,KRZF09795BG2,씨제이제일제당 20260223-4-11,20260223,20260227,KRW,10000000000,-13,AAA0(A1),제조업
씨제이제일제당,KRZF09795DG2,씨제이제일제당 20260223-4-13,20260223,20260227,KRW,10000000000,-13,AAA0(A1),제조업
씨제이제일제당,KRZF09795CG2,씨제이제일제당 20260223-10-12,20260223,20260305,KRW,5000000000,-7,AAA0(A1),제조업
씨제이제일제당,KRZF097959G2,씨제이제일제당 20260223-10-9,20260223,20260305,KRW,5000000000,-7,AAA0(A1),제조업
씨제이제일제당,KRZF09795PG2,씨제이제일제당 20260223-10-23,20260223,20260305,KRW,5000000000,-7,AAA0(A1),제조업
씨제이제일제당,KRZF09795GG2,씨제이제일제당 20260223-4-16,20260223,20260227,KRW,10000000000,-13,AAA0(A1),제조업
씨제이제일제당,KRZF09795QG2,씨제이제일제당 20260223-36-24,20260223,20260331,KRW,10000000000,19,AAA0(A1),제조업
씨제이제일제당,KRZF09795JG2,씨제이제일제당 20260223-10-18,20260223,20260305,KRW,5000000000,-7,AAA0(A1),제조업
씨제이제일제당,KRZF09795AG2,씨제이제일제당 20260223-4-10,20260223,20260227,KRW,10000000000,-13,AAA0(A1),제조업
씨제이제일제당,KRZF09795NG2,씨제이제일제당 20260223-10-22,20260223,20260305,KRW,5000000000,-7,AAA0(A1),제조업
씨제이제일제당,KRZF09795MG2,씨제이제일제당 20260223-10-21,20260223,20260305,KRW,5000000000,-7,AAA0(A1),제조업
씨제이제일제당,KRZF09795HG2,씨제이제일제당 20260223-10-17,20260223,20260305,KRW,5000000000,-7,AAA0(A1),제조업
씨제이제일제당,KRZF09795LG2,씨제이제일제당 20260223-10-20,20260223,20260305,KRW,5000000000,-7,AAA0(A1),제조업
씨제이제일제당,KRZF09795VG2,씨제이제일제당 20260223-36-28,20260223,20260331,KRW,10000000000,19,AAA0(A1),제조업
씨제이제일제당,KRZF09795TG2,씨제이제일제당 20260223-36-27,20260223,20260331,KRW,10000000000,19,AAA0(A1),제조업
에스케이렌터카,KRZF068404G2,에스케이렌터카 20260223-127-4,20260223,20260630,KRW,5000000000,110,AA0(A2),"사업시설 관리, 사업 지원 및 임대 서비스업"
에스케이렌터카,KRZF068409G2,에스케이렌터카 20260223-127-9,20260223,20260630,KRW,5000000000,110,AA0(A2),"사업시설 관리, 사업 지원 및 임대 서비스업"
에스케이렌터카,KRZF068406G2,에스케이렌터카 20260223-127-6,20260223,20260630,KRW,5000000000,110,AA0(A2),"사업시설 관리, 사업 지원 및 임대 서비스업"
에스케이렌터카,KRZF068408G2,에스케이렌터카 20260223-127-8,20260223,20260630,KRW,5000000000,110,AA0(A2),"사업시설 관리, 사업 지원 및 임대 서비스업"
에스케이렌터카,KRZF068402G2,에스케이렌터카 20260223-127-2,20260223,20260630,KRW,5000000000,110,AA0(A2),"사업시설 관리, 사업 지원 및 임대 서비스업"
에스케이렌터카,KRZF068401G2,에스케이렌터카 20260223-127-1,20260223,20260630,KRW,5000000000,110,AA0(A2),"사업시설 관리, 사업 지원 및 임대 서비스업"
에스케이렌터카,KRZF06840AG2,에스케이렌터카 20260223-127-10,20260223,20260630,KRW,5000000000,110,AA0(A2),"사업시설 관리, 사업 지원 및 임대 서비스업"
에스케이렌터카,KRZF068403G2,에스케이렌터카 20260223-127-3,20260223,20260630,KRW,5000000000,110,AA0(A2),"사업시설 관리, 사업 지원 및 임대 서비스업"
에스케이렌터카,KRZF068407G2,에스케이렌터카 20260223-127-7,20260223,20260630,KRW,5000000000,110,AA0(A2),"사업시설 관리, 사업 지원 및 임대 서비스업"
에스케이렌터카,KRZF068405G2,에스케이렌터카 20260223-127-5,20260223,20260630,KRW,5000000000,110,AA0(A2),"사업시설 관리, 사업 지원 및 임대 서비스업"
엘에스전선,KRZF10423JGE,엘에스전선 20260223-81-51,20260223,20260515,KRW,5000000000,64,AAA0(A1),정보통신업
엘에스전선,KRZFB0423AG2,엘에스전선 20260223-81-76,20260223,20260515,KRW,5000000000,64,AAA0(A1),정보통신업
엘에스전선,KRZF10423RGE,엘에스전선 20260223-81-58,20260223,20260515,KRW,5000000000,64,AAA0(A1),정보통신업
엘에스전선,KRZF10423PGE,엘에스전선 20260223-81-56,20260223,20260515,KRW,5000000000,64,AAA0(A1),정보통신업
엘에스전선,KRZFB04238G2,엘에스전선 20260223-81-74,20260223,20260515,KRW,5000000000,64,AAA0(A1),정보통신업
엘에스전선,KRZFB04232G2,엘에스전선 20260223-81-68,20260223,20260515,KRW,5000000000,64,AAA0(A1),정보통신업
엘에스전선,KRZF10423XGE,엘에스전선 20260223-81-63,20260223,20260515,KRW,5000000000,64,AAA0(A1),정보통신업
엘에스전선,KRZFB04233G2,엘에스전선 20260223-81-69,20260223,20260515,KRW,5000000000,64,AAA0(A1),정보통신업
엘에스전선,KRZFB04231G2,엘에스전선 20260223-81-67,20260223,20260515,KRW,5000000000,64,AAA0(A1),정보통신업
엘에스전선,KRZFB04230G2,엘에스전선 20260223-81-66,20260223,20260515,KRW,5000000000,64,AAA0(A1),정보통신업
엘에스전선,KRZF10423YGE,엘에스전선 20260223-81-64,20260223,20260515,KRW,5000000000,64,AAA0(A1),정보통신업
엘에스전선,KRZF10423TGE,엘에스전선 20260223-81-60,20260223,20260515,KRW,5000000000,64,AAA0(A1),정보통신업
엘에스전선,KRZF10423MGE,엘에스전선 20260223-81-54,20260223,20260515,KRW,5000000000,64,AAA0(A1),정보통신업
엘에스전선,KRZFB0423CG2,엘에스전선 20260223-81-78,20260223,20260515,KRW,5000000000,64,AAA0(A1),정보통신업
엘에스전선,KRZFB0423BG2,엘에스전선 20260223-81-77,20260223,20260515,KRW,5000000000,64,AAA0(A1),정보통신업
엘에스전선,KRZFB04236G2,엘에스전선 20260223-81-72,20260223,20260515,KRW,5000000000,64,AAA0(A1),정보통신업
엘에스전선,KRZFB04235G2,엘에스전선 20260223-81-71,20260223,20260515,KRW,5000000000,64,AAA0(A1),정보통신업
엘에스전선,KRZF10423ZGE,엘에스전선 20260223-81-65,20260223,20260515,KRW,5000000000,64,AAA0(A1),정보통신업
엘에스전선,KRZF10423VGE,엘에스전선 20260223-81-61,20260223,20260515,KRW,5000000000,64,AAA0(A1),정보통신업
엘에스전선,KRZF10423SGE,엘에스전선 20260223-81-59,20260223,20260515,KRW,5000000000,64,AAA0(A1),정보통신업
엘에스전선,KRZF10423LGE,엘에스전선 20260223-81-53,20260223,20260515,KRW,5000000000,64,AAA0(A1),정보통신업
엘에스전선,KRZF10423KGE,엘에스전선 20260223-81-52,20260223,20260515,KRW,5000000000,64,AAA0(A1),정보통신업
엘에스전선,KRZFB04239G2,엘에스전선 20260223-81-75,20260223,20260515,KRW,5000000000,64,AAA0(A1),정보통신업
엘에스전선,KRZF10423WGE,엘에스전선 20260223-81-62,20260223,20260515,KRW,5000000000,64,AAA0(A1),정보통신업
엘에스전선,KRZFB04234G2,엘에스전선 20260223-81-70,20260223,20260515,KRW,5000000000,64,AAA0(A1),정보통신업
엘에스전선,KRZF10423NGE,엘에스전선 20260223-81-55,20260223,20260515,KRW,5000000000,64,AAA0(A1),정보통신업
엘에스전선,KRZFB04237G2,엘에스전선 20260223-81-73,20260223,20260515,KRW,5000000000,64,AAA0(A1),정보통신업
엘에스전선,KRZF10423QGE,엘에스전선 20260223-81-57,20260223,20260515,KRW,5000000000,64,AAA0(A1),정보통신업
엘에스증권,KRZF07802MG2,엘에스증권 20260223-273-21,20260223,20261123,KRW,1000000000,256,AA+(A2+),금융 및 보험업
엘에스증권,KRZF07802NG2,엘에스증권 20260223-273-22,20260223,20261123,KRW,4000000000,256,AA+(A2+),금융 및 보험업
유안타증권,KRZF00347JGE,유안타증권 20260223-129-51,20260223,20260702,KRW,5000000000,112,AAA0(A1),금융 및 보험업
유안타증권,KRZF00347LGE,유안타증권 20260223-129-53,20260223,20260702,KRW,5000000000,112,AAA0(A1),금융 및 보험업
유안타증권,KRZF00347HGE,유안타증권 20260223-129-50,20260223,20260702,KRW,5000000000,112,AAA0(A1),금융 및 보험업
유안타증권,KRZF00347FGE,유안타증권 20260223-129-48,20260223,20260702,KRW,5000000000,112,AAA0(A1),금융 및 보험업
유안타증권,KRZF00347KGE,유안타증권 20260223-129-52,20260223,20260702,KRW,5000000000,112,AAA0(A1),금융 및 보험업
유안타증권,KRZF00347PGE,유안타증권 20260223-129-56,20260223,20260702,KRW,5000000000,112,AAA0(A1),금융 및 보험업
유안타증권,KRZF00347GGE,유안타증권 20260223-129-49,20260223,20260702,KRW,5000000000,112,AAA0(A1),금융 및 보험업
유안타증권,KRZF00347MGE,유안타증권 20260223-129-54,20260223,20260702,KRW,5000000000,112,AAA0(A1),금융 및 보험업
유안타증권,KRZF00347EGE,유안타증권 20260223-129-47,20260223,20260702,KRW,5000000000,112,AAA0(A1),금융 및 보험업
유안타증권,KRZF00347NGE,유안타증권 20260223-129-55,20260223,20260702,KRW,5000000000,112,AAA0(A1),금융 및 보험업
한국철도공사,KRZF084252G2,한국철도공사 20260223-38-2,20260223,20260402,KRW,10000000000,21,AAA0(A1),운수 및 창고업
한국철도공사,KRZF084254G2,한국철도공사 20260223-38-4,20260223,20260402,KRW,10000000000,21,AAA0(A1),운수 및 창고업
한국철도공사,KRZF084251G2,한국철도공사 20260223-38-1,20260223,20260402,KRW,10000000000,21,AAA0(A1),운수 및 창고업
한국철도공사,KRZF08425HG2,한국철도공사 20260223-38-17,20260223,20260402,KRW,10000000000,21,AAA0(A1),운수 및 창고업
한국철도공사,KRZF08425DG2,한국철도공사 20260223-38-13,20260223,20260402,KRW,10000000000,21,AAA0(A1),운수 및 창고업
한국철도공사,KRZF08425JG2,한국철도공사 20260223-38-18,20260223,20260402,KRW,10000000000,21,AAA0(A1),운수 및 창고업
한국철도공사,KRZF08425FG2,한국철도공사 20260223-38-15,20260223,20260402,KRW,10000000000,21,AAA0(A1),운수 및 창고업
한국철도공사,KRZF08425CG2,한국철도공사 20260223-38-12,20260223,20260402,KRW,10000000000,21,AAA0(A1),운수 및 창고업
한국철도공사,KRZF084256G2,한국철도공사 20260223-38-6,20260223,20260402,KRW,10000000000,21,AAA0(A1),운수 및 창고업
한국철도공사,KRZF084255G2,한국철도공사 20260223-38-5,20260223,20260402,KRW,10000000000,21,AAA0(A1),운수 및 창고업
한국철도공사,KRZF084253G2,한국철도공사 20260223-38-3,20260223,20260402,KRW,10000000000,21,AAA0(A1),운수 및 창고업
한국철도공사,KRZF08425GG2,한국철도공사 20260223-38-16,20260223,20260402,KRW,10000000000,21,AAA0(A1),운수 및 창고업
한국철도공사,KRZF08425AG2,한국철도공사 20260223-38-10,20260223,20260402,KRW,10000000000,21,AAA0(A1),운수 및 창고업
한국철도공사,KRZF08425KG2,한국철도공사 20260223-38-19,20260223,20260402,KRW,10000000000,21,AAA0(A1),운수 및 창고업
한국철도공사,KRZF08425EG2,한국철도공사 20260223-38-14,20260223,20260402,KRW,10000000000,21,AAA0(A1),운수 및 창고업
한국철도공사,KRZF08425BG2,한국철도공사 20260223-38-11,20260223,20260402,KRW,10000000000,21,AAA0(A1),운수 및 창고업
한국철도공사,KRZF084259G2,한국철도공사 20260223-38-9,20260223,20260402,KRW,10000000000,21,AAA0(A1),운수 및 창고업
한국철도공사,KRZF084258G2,한국철도공사 20260223-38-8,20260223,20260402,KRW,10000000000,21,AAA0(A1),운수 및 창고업
한국철도공사,KRZF084257G2,한국철도공사 20260223-38-7,20260223,20260402,KRW,10000000000,21,AAA0(A1),운수 및 창고업
한국토지주택공사,KRZFK1760PG2,한국토지주택공사 20260223-87-221,20260223,20260521,KRW,10000000000,70,AAA0(A1),건설업
한국토지주택공사,KRZFK1760SG2,한국토지주택공사 20260223-87-224,20260223,20260521,KRW,10000000000,70,AAA0(A1),건설업
한국토지주택공사,KRZFK1760RG2,한국토지주택공사 20260223-87-223,20260223,20260521,KRW,10000000000,70,AAA0(A1),건설업
한국토지주택공사,KRZFK1760NG2,한국토지주택공사 20260223-87-220,20260223,20260521,KRW,10000000000,70,AAA0(A1),건설업
한국토지주택공사,KRZFK1760MG2,한국토지주택공사 20260223-87-219,20260223,20260521,KRW,10000000000,70,AAA0(A1),건설업
한국토지주택공사,KRZFK1760KG2,한국토지주택공사 20260223-87-217,20260223,20260521,KRW,10000000000,70,AAA0(A1),건설업
한국토지주택공사,KRZFK1760JG2,한국토지주택공사 20260223-87-216,20260223,20260521,KRW,10000000000,70,AAA0(A1),건설업
한국토지주택공사,KRZFK17609G2,한국토지주택공사 20260223-87-207,20260223,20260521,KRW,10000000000,70,AAA0(A1),건설업
한국토지주택공사,KRZFK1760EG2,한국토지주택공사 20260223-87-212,20260223,20260521,KRW,10000000000,70,AAA0(A1),건설업
한국토지주택공사,KRZFK1760FG2,한국토지주택공사 20260223-87-213,20260223,20260521,KRW,10000000000,70,AAA0(A1),건설업
한국토지주택공사,KRZFK1760LG2,한국토지주택공사 20260223-87-218,20260223,20260521,KRW,10000000000,70,AAA0(A1),건설업
한국토지주택공사,KRZFK1760HG2,한국토지주택공사 20260223-87-215,20260223,20260521,KRW,10000000000,70,AAA0(A1),건설업
한국토지주택공사,KRZFK1760AG2,한국토지주택공사 20260223-87-208,20260223,20260521,KRW,10000000000,70,AAA0(A1),건설업
한국토지주택공사,KRZFK1760TG2,한국토지주택공사 20260223-87-225,20260223,20260521,KRW,10000000000,70,AAA0(A1),건설업
한국토지주택공사,KRZFK1760QG2,한국토지주택공사 20260223-87-222,20260223,20260521,KRW,10000000000,70,AAA0(A1),건설업
한국토지주택공사,KRZFK1760GG2,한국토지주택공사 20260223-87-214,20260223,20260521,KRW,10000000000,70,AAA0(A1),건설업
한국토지주택공사,KRZFK1760CG2,한국토지주택공사 20260223-87-210,20260223,20260521,KRW,10000000000,70,AAA0(A1),건설업
한국토지주택공사,KRZFK1760BG2,한국토지주택공사 20260223-87-209,20260223,20260521,KRW,10000000000,70,AAA0(A1),건설업
한국토지주택공사,KRZFK17608G2,한국토지주택공사 20260223-87-206,20260223,20260521,KRW,10000000000,70,AAA0(A1),건설업
한국토지주택공사,KRZFK1760DG2,한국토지주택공사 20260223-87-211,20260223,20260521,KRW,10000000000,70,AAA0(A1),건설업
한국투자금융지주,KRZFE71052GE,한국투자금융지주 20260223-88-167,20260223,20260522,KRW,5000000000,71,AAA0(A1),금융 및 보험업
한국투자금융지주,KRZFE71057GE,한국투자금융지주 20260223-88-172,20260223,20260522,KRW,5000000000,71,AAA0(A1),금융 및 보험업
한국투자금융지주,KRZFE71051GE,한국투자금융지주 20260223-86-166,20260223,20260520,KRW,5000000000,69,AAA0(A1),금융 및 보험업
한국투자금융지주,KRZFE71058GE,한국투자금융지주 20260223-231-173,20260223,20261012,KRW,5000000000,214,AAA0(A1),금융 및 보험업
한국투자금융지주,KRZFE71056GE,한국투자금융지주 20260223-88-171,20260223,20260522,KRW,5000000000,71,AAA0(A1),금융 및 보험업
한국투자금융지주,KRZFE71054GE,한국투자금융지주 20260223-88-169,20260223,20260522,KRW,5000000000,71,AAA0(A1),금융 및 보험업
한국투자금융지주,KRZFE71059GE,한국투자금융지주 20260223-231-174,20260223,20261012,KRW,5000000000,214,AAA0(A1),금융 및 보험업
한국투자금융지주,KRZFE71050GE,한국투자금융지주 20260223-86-165,20260223,20260520,KRW,5000000000,69,AAA0(A1),금융 및 보험업
한국투자금융지주,KRZFE71053GE,한국투자금융지주 20260223-88-168,20260223,20260522,KRW,5000000000,71,AAA0(A1),금융 및 보험업
한국투자금융지주,KRZFE71055GE,한국투자금융지주 20260223-88-170,20260223,20260522,KRW,5000000000,71,AAA0(A1),금융 및 보험업
한화투자증권,KRZF00353KG2,한화투자증권 20260223-179-19,20260223,20260821,KRW,5000000000,162,AAA0(A1),금융 및 보험업
한화투자증권,KRZF00353GG2,한화투자증권 20260223-179-16,20260223,20260821,KRW,5000000000,162,AAA0(A1),금융 및 보험업
한화투자증권,KRZF00353HG2,한화투자증권 20260223-179-17,20260223,20260821,KRW,5000000000,162,AAA0(A1),금융 및 보험업
한화투자증권,KRZF00353LG2,한화투자증권 20260223-179-20,20260223,20260821,KRW,5000000000,162,AAA0(A1),금융 및 보험업
한화투자증권,KRZF00353FG2,한화투자증권 20260223-179-15,20260223,20260821,KRW,5000000000,162,AAA0(A1),금융 및 보험업
한화투자증권,KRZF00353JG2,한화투자증권 20260223-179-18,20260223,20260821,KRW,5000000000,162,AAA0(A1),금융 및 보험업
현대첨단소재,KRZF081051G2,현대첨단소재 20260223-364-1,20260223,20270222,KRW,5000000000,347,AAA0(A1),제조업
현대첨단소재,KRZF081052G2,현대첨단소재 20260223-364-2,20260223,20270222,KRW,5000000000,347,AAA0(A1),제조업
현대카드,KRZF065907G2,현대카드 20260223-28-7,20260223,20260323,KRW,5000000000,11,AAA0(A1),금융 및 보험업
현대카드,KRZF065909G2,현대카드 20260223-28-9,20260223,20260323,KRW,5000000000,11,AAA0(A1),금융 및 보험업
현대카드,KRZF065908G2,현대카드 20260223-28-8,20260223,20260323,KRW,5000000000,11,AAA0(A1),금융 및 보험업
현대카드,KRZF065902G2,현대카드 20260223-28-2,20260223,20260323,KRW,5000000000,11,AAA0(A1),금융 및 보험업
현대카드,KRZF06590AG2,현대카드 20260223-28-10,20260223,20260323,KRW,5000000000,11,AAA0(A1),금융 및 보험업
현대카드,KRZF065904G2,현대카드 20260223-28-4,20260223,20260323,KRW,5000000000,11,AAA0(A1),금융 및 보험업
현대카드,KRZF065905G2,현대카드 20260223-28-5,20260223,20260323,KRW,5000000000,11,AAA0(A1),금융 및 보험업
현대카드,KRZF065906G2,현대카드 20260223-28-6,20260223,20260323,KRW,5000000000,11,AAA0(A1),금융 및 보험업
현대카드,KRZF065901G2,현대카드 20260223-28-1,20260223,20260323,KRW,5000000000,11,AAA0(A1),금융 및 보험업
현대카드,KRZF065903G2,현대카드 20260223-28-3,20260223,20260323,KRW,5000000000,11,AAA0(A1),금융 및 보험업
