발행인,종목코드,종목명,발행일,만기일,통화,발행금액,잔존일물,신용등급,업종
경기주택도시공사,KRZF09137ZG2,경기주택도시공사 20260213-89-32,20260213,20260513,KRW,10000000000,62,AAA0(A1),부동산업
경기주택도시공사,KRZF09137FGE,경기주택도시공사 20260213-89-48,20260213,20260513,KRW,10000000000,62,AAA0(A1),부동산업
경기주택도시공사,KRZF09137GGE,경기주택도시공사 20260213-89-49,20260213,20260513,KRW,10000000000,62,AAA0(A1),부동산업
경기주택도시공사,KRZF09137CGE,경기주택도시공사 20260213-89-45,20260213,20260513,KRW,10000000000,62,AAA0(A1),부동산업
경기주택도시공사,KRZF091379GE,경기주택도시공사 20260213-89-42,20260213,20260513,KRW,10000000000,62,AAA0(A1),부동산업
경기주택도시공사,KRZF091376GE,경기주택도시공사 20260213-89-39,20260213,20260513,KRW,10000000000,62,AAA0(A1),부동산업
경기주택도시공사,KRZF091375GE,경기주택도시공사 20260213-89-38,20260213,20260513,KRW,10000000000,62,AAA0(A1),부동산업
경기주택도시공사,KRZF091372GE,경기주택도시공사 20260213-89-35,20260213,20260513,KRW,10000000000,62,AAA0(A1),부동산업
경기주택도시공사,KRZF09137AGE,경기주택도시공사 20260213-89-43,20260213,20260513,KRW,10000000000,62,AAA0(A1),부동산업
경기주택도시공사,KRZF091378GE,경기주택도시공사 20260213-89-41,20260213,20260513,KRW,10000000000,62,AAA0(A1),부동산업
경기주택도시공사,KRZF091374GE,경기주택도시공사 20260213-89-37,20260213,20260513,KRW,10000000000,62,AAA0(A1),부동산업
경기주택도시공사,KRZF091370GE,경기주택도시공사 20260213-89-33,20260213,20260513,KRW,10000000000,62,AAA0(A1),부동산업
경기주택도시공사,KRZF09137EGE,경기주택도시공사 20260213-89-47,20260213,20260513,KRW,10000000000,62,AAA0(A1),부동산업
경기주택도시공사,KRZF091373GE,경기주택도시공사 20260213-89-36,20260213,20260513,KRW,10000000000,62,AAA0(A1),부동산업
경기주택도시공사,KRZF091371GE,경기주택도시공사 20260213-89-34,20260213,20260513,KRW,10000000000,62,AAA0(A1),부동산업
경기주택도시공사,KRZF09137BGE,경기주택도시공사 20260213-89-44,20260213,20260513,KRW,10000000000,62,AAA0(A1),부동산업
경기주택도시공사,KRZF09137HGE,경기주택도시공사 20260213-89-50,20260213,20260513,KRW,10000000000,62,AAA0(A1),부동산업
경기주택도시공사,KRZF09137DGE,경기주택도시공사 20260213-89-46,20260213,20260513,KRW,10000000000,62,AAA0(A1),부동산업
경기주택도시공사,KRZF091377GE,경기주택도시공사 20260213-89-40,20260213,20260513,KRW,10000000000,62,AAA0(A1),부동산업
경기주택도시공사,KRZF09137YG2,경기주택도시공사 20260213-89-31,20260213,20260513,KRW,10000000000,62,AAA0(A1),부동산업
다올투자증권,KRZF030211G2,다올투자증권 20260213-28-1,20260213,20260313,KRW,6000000000,1,AA-(A2-),금융 및 보험업
디비증권,KRZF016615G2,디비증권 20260213-221-5,20260213,20260922,KRW,5000000000,194,AAA0(A1),금융 및 보험업
디비증권,KRZF016617G2,디비증권 20260213-178-7,20260213,20260810,KRW,5000000000,151,AAA0(A1),금융 및 보험업
디비증권,KRZF016619G2,디비증권 20260213-178-9,20260213,20260810,KRW,5000000000,151,AAA0(A1),금융 및 보험업
디비증권,KRZF01661AG2,디비증권 20260213-178-10,20260213,20260810,KRW,5000000000,151,AAA0(A1),금융 및 보험업
디비증권,KRZF016616G2,디비증권 20260213-221-6,20260213,20260922,KRW,5000000000,194,AAA0(A1),금융 및 보험업
디비증권,KRZF016618G2,디비증권 20260213-178-8,20260213,20260810,KRW,5000000000,151,AAA0(A1),금융 및 보험업
롯데건설,KRZF000823G2,롯데건설 20260213-89-3,20260213,20260513,KRW,5000000000,62,AA0(A2),건설업
롯데건설,KRZF000824G2,롯데건설 20260213-89-4,20260213,20260513,KRW,5000000000,62,AA0(A2),건설업
롯데건설,KRZF000822G2,롯데건설 20260213-89-2,20260213,20260513,KRW,5000000000,62,AA0(A2),건설업
롯데건설,KRZF000821G2,롯데건설 20260213-89-1,20260213,20260513,KRW,5000000000,62,AA0(A2),건설업
롯데칠성음료,KRZF005307G2,롯데칠성음료 20260213-66-7,20260213,20260420,KRW,5000000000,39,AAA0(A1),제조업
롯데칠성음료,KRZF00530MG2,롯데칠성음료 20260213-66-21,20260213,20260420,KRW,5000000000,39,AAA0(A1),제조업
롯데칠성음료,KRZF00530WG2,롯데칠성음료 20260213-14-29,20260213,20260227,KRW,5000000000,-13,AAA0(A1),제조업
롯데칠성음료,KRZF00530VG2,롯데칠성음료 20260213-14-28,20260213,20260227,KRW,5000000000,-13,AAA0(A1),제조업
롯데칠성음료,KRZF005301GE,롯데칠성음료 20260213-21-34,20260213,20260306,KRW,5000000000,-6,AAA0(A1),제조업
롯데칠성음료,KRZF00530ZG2,롯데칠성음료 20260213-21-32,20260213,20260306,KRW,5000000000,-6,AAA0(A1),제조업
롯데칠성음료,KRZF00530XG2,롯데칠성음료 20260213-14-30,20260213,20260227,KRW,5000000000,-13,AAA0(A1),제조업
롯데칠성음료,KRZF005303GE,롯데칠성음료 20260213-21-36,20260213,20260306,KRW,5000000000,-6,AAA0(A1),제조업
롯데칠성음료,KRZF00530PG2,롯데칠성음료 20260213-14-23,20260213,20260227,KRW,5000000000,-13,AAA0(A1),제조업
롯데칠성음료,KRZF005300GE,롯데칠성음료 20260213-21-33,20260213,20260306,KRW,5000000000,-6,AAA0(A1),제조업
롯데칠성음료,KRZF00530RG2,롯데칠성음료 20260213-14-25,20260213,20260227,KRW,5000000000,-13,AAA0(A1),제조업
롯데칠성음료,KRZF00530AG2,롯데칠성음료 20260213-66-10,20260213,20260420,KRW,5000000000,39,AAA0(A1),제조업
롯데칠성음료,KRZF005309G2,롯데칠성음료 20260213-66-9,20260213,20260420,KRW,5000000000,39,AAA0(A1),제조업
롯데칠성음료,KRZF00530SG2,롯데칠성음료 20260213-14-26,20260213,20260227,KRW,5000000000,-13,AAA0(A1),제조업
롯데칠성음료,KRZF00530QG2,롯데칠성음료 20260213-14-24,20260213,20260227,KRW,5000000000,-13,AAA0(A1),제조업
롯데칠성음료,KRZF005306G2,롯데칠성음료 20260213-66-6,20260213,20260420,KRW,5000000000,39,AAA0(A1),제조업
롯데칠성음료,KRZF005305G2,롯데칠성음료 20260213-66-5,20260213,20260420,KRW,5000000000,39,AAA0(A1),제조업
롯데칠성음료,KRZF005304G2,롯데칠성음료 20260213-66-4,20260213,20260420,KRW,5000000000,39,AAA0(A1),제조업
롯데칠성음료,KRZF005303G2,롯데칠성음료 20260213-66-3,20260213,20260420,KRW,5000000000,39,AAA0(A1),제조업
롯데칠성음료,KRZF00530TG2,롯데칠성음료 20260213-14-27,20260213,20260227,KRW,5000000000,-13,AAA0(A1),제조업
롯데칠성음료,KRZF00530YG2,롯데칠성음료 20260213-21-31,20260213,20260306,KRW,5000000000,-6,AAA0(A1),제조업
롯데칠성음료,KRZF00530KG2,롯데칠성음료 20260213-66-19,20260213,20260420,KRW,5000000000,39,AAA0(A1),제조업
롯데칠성음료,KRZF00530HG2,롯데칠성음료 20260213-66-17,20260213,20260420,KRW,5000000000,39,AAA0(A1),제조업
롯데칠성음료,KRZF00530GG2,롯데칠성음료 20260213-66-16,20260213,20260420,KRW,5000000000,39,AAA0(A1),제조업
롯데칠성음료,KRZF00530FG2,롯데칠성음료 20260213-66-15,20260213,20260420,KRW,5000000000,39,AAA0(A1),제조업
롯데칠성음료,KRZF00530EG2,롯데칠성음료 20260213-19-14,20260213,20260304,KRW,5000000000,-8,AAA0(A1),제조업
롯데칠성음료,KRZF005308G2,롯데칠성음료 20260213-66-8,20260213,20260420,KRW,5000000000,39,AAA0(A1),제조업
롯데칠성음료,KRZF005302GE,롯데칠성음료 20260213-21-35,20260213,20260306,KRW,5000000000,-6,AAA0(A1),제조업
롯데칠성음료,KRZF005301G2,롯데칠성음료 20260213-66-1,20260213,20260420,KRW,5000000000,39,AAA0(A1),제조업
롯데칠성음료,KRZF00530NG2,롯데칠성음료 20260213-66-22,20260213,20260420,KRW,5000000000,39,AAA0(A1),제조업
롯데칠성음료,KRZF00530DG2,롯데칠성음료 20260213-19-13,20260213,20260304,KRW,5000000000,-8,AAA0(A1),제조업
롯데칠성음료,KRZF00530LG2,롯데칠성음료 20260213-66-20,20260213,20260420,KRW,5000000000,39,AAA0(A1),제조업
롯데칠성음료,KRZF00530JG2,롯데칠성음료 20260213-66-18,20260213,20260420,KRW,5000000000,39,AAA0(A1),제조업
롯데칠성음료,KRZF005302G2,롯데칠성음료 20260213-66-2,20260213,20260420,KRW,5000000000,39,AAA0(A1),제조업
롯데칠성음료,KRZF00530CG2,롯데칠성음료 20260213-19-12,20260213,20260304,KRW,5000000000,-8,AAA0(A1),제조업
롯데칠성음료,KRZF00530BG2,롯데칠성음료 20260213-19-11,20260213,20260304,KRW,5000000000,-8,AAA0(A1),제조업
롯데하이마트,KRZF07184HG2,롯데하이마트 20260213-76-17,20260213,20260430,KRW,5000000000,49,AA+(A2+),도매 및 소매업
롯데하이마트,KRZF07184JG2,롯데하이마트 20260213-76-18,20260213,20260430,KRW,5000000000,49,AA+(A2+),도매 및 소매업
메리츠증권,KRZF00856DG2,메리츠증권 20260213-125-13,20260213,20260618,KRW,5000000000,98,AAA0(A1),금융 및 보험업
메리츠증권,KRZF00856CG2,메리츠증권 20260213-125-12,20260213,20260618,KRW,5000000000,98,AAA0(A1),금융 및 보험업
메리츠증권,KRZF00856KG2,메리츠증권 20260213-259-19,20260213,20261030,KRW,5000000000,232,AAA0(A1),금융 및 보험업
메리츠증권,KRZF00856NG2,메리츠증권 20260213-259-22,20260213,20261030,KRW,5000000000,232,AAA0(A1),금융 및 보험업
메리츠증권,KRZF00856AG2,메리츠증권 20260213-125-10,20260213,20260618,KRW,5000000000,98,AAA0(A1),금융 및 보험업
메리츠증권,KRZF00856JG2,메리츠증권 20260213-125-18,20260213,20260618,KRW,5000000000,98,AAA0(A1),금융 및 보험업
메리츠증권,KRZF00856HG2,메리츠증권 20260213-125-17,20260213,20260618,KRW,5000000000,98,AAA0(A1),금융 및 보험업
메리츠증권,KRZF008569G2,메리츠증권 20260213-125-9,20260213,20260618,KRW,5000000000,98,AAA0(A1),금융 및 보험업
메리츠증권,KRZF00856BG2,메리츠증권 20260213-125-11,20260213,20260618,KRW,5000000000,98,AAA0(A1),금융 및 보험업
메리츠증권,KRZF00856LG2,메리츠증권 20260213-259-20,20260213,20261030,KRW,5000000000,232,AAA0(A1),금융 및 보험업
메리츠증권,KRZF00856EG2,메리츠증권 20260213-125-14,20260213,20260618,KRW,5000000000,98,AAA0(A1),금융 및 보험업
메리츠증권,KRZF00856MG2,메리츠증권 20260213-259-21,20260213,20261030,KRW,5000000000,232,AAA0(A1),금융 및 보험업
메리츠증권,KRZF00856FG2,메리츠증권 20260213-125-15,20260213,20260618,KRW,5000000000,98,AAA0(A1),금융 및 보험업
메리츠증권,KRZF00856GG2,메리츠증권 20260213-125-16,20260213,20260618,KRW,5000000000,98,AAA0(A1),금융 및 보험업
메리츠캐피탈,KRZF169376G2,메리츠캐피탈 20260213-89-6,20260213,20260513,KRW,5000000000,62,AA+(A2+),금융 및 보험업
메리츠캐피탈,KRZF169371G2,메리츠캐피탈 20260213-89-1,20260213,20260513,KRW,5000000000,62,AA+(A2+),금융 및 보험업
메리츠캐피탈,KRZF169374G2,메리츠캐피탈 20260213-89-4,20260213,20260513,KRW,5000000000,62,AA+(A2+),금융 및 보험업
메리츠캐피탈,KRZF169373G2,메리츠캐피탈 20260213-89-3,20260213,20260513,KRW,5000000000,62,AA+(A2+),금융 및 보험업
메리츠캐피탈,KRZF169372G2,메리츠캐피탈 20260213-89-2,20260213,20260513,KRW,5000000000,62,AA+(A2+),금융 및 보험업
메리츠캐피탈,KRZF169375G2,메리츠캐피탈 20260213-89-5,20260213,20260513,KRW,5000000000,62,AA+(A2+),금융 및 보험업
비엔케이투자증권,KRZF15399GG2,비엔케이투자증권 20260213-189-16,20260213,20260821,KRW,5000000000,162,AAA0(A1),금융 및 보험업
비엔케이투자증권,KRZF153992G2,비엔케이투자증권 20260213-150-2,20260213,20260713,KRW,5000000000,123,AAA0(A1),금융 및 보험업
비엔케이투자증권,KRZF15399HG2,비엔케이투자증권 20260213-189-17,20260213,20260821,KRW,5000000000,162,AAA0(A1),금융 및 보험업
비엔케이투자증권,KRZF15399DG2,비엔케이투자증권 20260213-189-13,20260213,20260821,KRW,5000000000,162,AAA0(A1),금융 및 보험업
비엔케이투자증권,KRZF15399AG2,비엔케이투자증권 20260213-188-10,20260213,20260820,KRW,5000000000,161,AAA0(A1),금융 및 보험업
비엔케이투자증권,KRZF153999G2,비엔케이투자증권 20260213-188-9,20260213,20260820,KRW,5000000000,161,AAA0(A1),금융 및 보험업
비엔케이투자증권,KRZF153997G2,비엔케이투자증권 20260213-188-7,20260213,20260820,KRW,5000000000,161,AAA0(A1),금융 및 보험업
비엔케이투자증권,KRZF153996G2,비엔케이투자증권 20260213-188-6,20260213,20260820,KRW,5000000000,161,AAA0(A1),금융 및 보험업
비엔케이투자증권,KRZF153995G2,비엔케이투자증권 20260213-188-5,20260213,20260820,KRW,5000000000,161,AAA0(A1),금융 및 보험업
비엔케이투자증권,KRZF15399PG2,비엔케이투자증권 20260213-270-23,20260213,20261110,KRW,5000000000,243,AAA0(A1),금융 및 보험업
비엔케이투자증권,KRZF15399FG2,비엔케이투자증권 20260213-189-15,20260213,20260821,KRW,5000000000,162,AAA0(A1),금융 및 보험업
비엔케이투자증권,KRZF15399KG2,비엔케이투자증권 20260213-189-19,20260213,20260821,KRW,5000000000,162,AAA0(A1),금융 및 보험업
비엔케이투자증권,KRZF153998G2,비엔케이투자증권 20260213-188-8,20260213,20260820,KRW,5000000000,161,AAA0(A1),금융 및 보험업
비엔케이투자증권,KRZF15399ZG2,비엔케이투자증권 20260213-270-32,20260213,20261110,KRW,5000000000,243,AAA0(A1),금융 및 보험업
비엔케이투자증권,KRZF15399YG2,비엔케이투자증권 20260213-270-31,20260213,20261110,KRW,5000000000,243,AAA0(A1),금융 및 보험업
비엔케이투자증권,KRZF15399WG2,비엔케이투자증권 20260213-270-29,20260213,20261110,KRW,5000000000,243,AAA0(A1),금융 및 보험업
비엔케이투자증권,KRZF15399SG2,비엔케이투자증권 20260213-270-26,20260213,20261110,KRW,5000000000,243,AAA0(A1),금융 및 보험업
비엔케이투자증권,KRZF15399RG2,비엔케이투자증권 20260213-270-25,20260213,20261110,KRW,5000000000,243,AAA0(A1),금융 및 보험업
비엔케이투자증권,KRZF15399NG2,비엔케이투자증권 20260213-189-22,20260213,20260821,KRW,5000000000,162,AAA0(A1),금융 및 보험업
비엔케이투자증권,KRZF15399LG2,비엔케이투자증권 20260213-189-20,20260213,20260821,KRW,5000000000,162,AAA0(A1),금융 및 보험업
비엔케이투자증권,KRZF15399JG2,비엔케이투자증권 20260213-189-18,20260213,20260821,KRW,5000000000,162,AAA0(A1),금융 및 보험업
비엔케이투자증권,KRZF15399CG2,비엔케이투자증권 20260213-188-12,20260213,20260820,KRW,5000000000,161,AAA0(A1),금융 및 보험업
비엔케이투자증권,KRZF15399BG2,비엔케이투자증권 20260213-188-11,20260213,20260820,KRW,5000000000,161,AAA0(A1),금융 및 보험업
비엔케이투자증권,KRZF15399EG2,비엔케이투자증권 20260213-189-14,20260213,20260821,KRW,5000000000,162,AAA0(A1),금융 및 보험업
비엔케이투자증권,KRZF15399XG2,비엔케이투자증권 20260213-270-30,20260213,20261110,KRW,5000000000,243,AAA0(A1),금융 및 보험업
비엔케이투자증권,KRZF153993G2,비엔케이투자증권 20260213-188-3,20260213,20260820,KRW,5000000000,161,AAA0(A1),금융 및 보험업
비엔케이투자증권,KRZF15399VG2,비엔케이투자증권 20260213-270-28,20260213,20261110,KRW,5000000000,243,AAA0(A1),금융 및 보험업
비엔케이투자증권,KRZF15399QG2,비엔케이투자증권 20260213-270-24,20260213,20261110,KRW,5000000000,243,AAA0(A1),금융 및 보험업
비엔케이투자증권,KRZF15399MG2,비엔케이투자증권 20260213-189-21,20260213,20260821,KRW,5000000000,162,AAA0(A1),금융 및 보험업
비엔케이투자증권,KRZF153994G2,비엔케이투자증권 20260213-188-4,20260213,20260820,KRW,5000000000,161,AAA0(A1),금융 및 보험업
비엔케이투자증권,KRZF15399TG2,비엔케이투자증권 20260213-270-27,20260213,20261110,KRW,5000000000,243,AAA0(A1),금융 및 보험업
신한캐피탈,KRZF023784G2,신한캐피탈 20260213-91-4,20260213,20260515,KRW,10000000000,64,AAA0(A1),금융 및 보험업
신한캐피탈,KRZF023781G2,신한캐피탈 20260213-91-1,20260213,20260515,KRW,10000000000,64,AAA0(A1),금융 및 보험업
신한캐피탈,KRZF023785G2,신한캐피탈 20260213-91-5,20260213,20260515,KRW,10000000000,64,AAA0(A1),금융 및 보험업
신한캐피탈,KRZF023782G2,신한캐피탈 20260213-91-2,20260213,20260515,KRW,10000000000,64,AAA0(A1),금융 및 보험업
신한캐피탈,KRZF023783G2,신한캐피탈 20260213-91-3,20260213,20260515,KRW,10000000000,64,AAA0(A1),금융 및 보험업
신한투자증권,KRZF00867ZGE,신한투자증권 20260213-356-65,20260213,20270204,KRW,5000000000,329,AAA0(A1),금융 및 보험업
신한투자증권,KRZFA0867GG2,신한투자증권 20260213-364-82,20260213,20270212,KRW,5000000000,337,AAA0(A1),금융 및 보험업
신한투자증권,KRZFA08679G2,신한투자증권 20260213-364-75,20260213,20270212,KRW,5000000000,337,AAA0(A1),금융 및 보험업
신한투자증권,KRZFA0867DG2,신한투자증권 20260213-364-79,20260213,20270212,KRW,5000000000,337,AAA0(A1),금융 및 보험업
신한투자증권,KRZFA0867EG2,신한투자증권 20260213-364-80,20260213,20270212,KRW,5000000000,337,AAA0(A1),금융 및 보험업
신한투자증권,KRZF00867YGE,신한투자증권 20260213-364-64,20260213,20270212,KRW,5000000000,337,AAA0(A1),금융 및 보험업
신한투자증권,KRZFA08675G2,신한투자증권 20260213-356-71,20260213,20270204,KRW,5000000000,329,AAA0(A1),금융 및 보험업
신한투자증권,KRZFA08670G2,신한투자증권 20260213-356-66,20260213,20270204,KRW,5000000000,329,AAA0(A1),금융 및 보험업
신한투자증권,KRZFA0867BG2,신한투자증권 20260213-364-77,20260213,20270212,KRW,5000000000,337,AAA0(A1),금융 및 보험업
신한투자증권,KRZFA0867AG2,신한투자증권 20260213-364-76,20260213,20270212,KRW,5000000000,337,AAA0(A1),금융 및 보험업
신한투자증권,KRZFA08676G2,신한투자증권 20260213-356-72,20260213,20270204,KRW,5000000000,329,AAA0(A1),금융 및 보험업
신한투자증권,KRZFA08674G2,신한투자증권 20260213-356-70,20260213,20270204,KRW,5000000000,329,AAA0(A1),금융 및 보험업
신한투자증권,KRZFA0867FG2,신한투자증권 20260213-364-81,20260213,20270212,KRW,5000000000,337,AAA0(A1),금융 및 보험업
신한투자증권,KRZF00867XGE,신한투자증권 20260213-364-63,20260213,20270212,KRW,5000000000,337,AAA0(A1),금융 및 보험업
신한투자증권,KRZFA0867HG2,신한투자증권 20260213-364-83,20260213,20270212,KRW,5000000000,337,AAA0(A1),금융 및 보험업
신한투자증권,KRZFA0867CG2,신한투자증권 20260213-364-78,20260213,20270212,KRW,5000000000,337,AAA0(A1),금융 및 보험업
신한투자증권,KRZFA08672G2,신한투자증권 20260213-356-68,20260213,20270204,KRW,5000000000,329,AAA0(A1),금융 및 보험업
신한투자증권,KRZFA08677G2,신한투자증권 20260213-364-73,20260213,20270212,KRW,5000000000,337,AAA0(A1),금융 및 보험업
신한투자증권,KRZFA08678G2,신한투자증권 20260213-364-74,20260213,20270212,KRW,5000000000,337,AAA0(A1),금융 및 보험업
신한투자증권,KRZFA08673G2,신한투자증권 20260213-356-69,20260213,20270204,KRW,5000000000,329,AAA0(A1),금융 및 보험업
신한투자증권,KRZFA08671G2,신한투자증권 20260213-356-67,20260213,20270204,KRW,5000000000,329,AAA0(A1),금융 및 보험업
씨제이씨지브이,KRZF07916FG2,씨제이씨지브이 20260213-28-15,20260213,20260313,KRW,5000000000,1,AA-(A2-),정보통신업
씨제이씨지브이,KRZF07916EG2,씨제이씨지브이 20260213-89-14,20260213,20260513,KRW,10000000000,62,AA-(A2-),정보통신업
씨제이씨지브이,KRZF07916GG2,씨제이씨지브이 20260213-28-16,20260213,20260313,KRW,5000000000,1,AA-(A2-),정보통신업
씨제이제일제당,KRZF097953G2,씨제이제일제당 20260213-12-3,20260213,20260225,KRW,5000000000,-15,AAA0(A1),제조업
씨제이제일제당,KRZF097954G2,씨제이제일제당 20260213-12-4,20260213,20260225,KRW,5000000000,-15,AAA0(A1),제조업
씨제이제일제당,KRZF097952G2,씨제이제일제당 20260213-12-2,20260213,20260225,KRW,5000000000,-15,AAA0(A1),제조업
씨제이제일제당,KRZF097951G2,씨제이제일제당 20260213-12-1,20260213,20260225,KRW,5000000000,-15,AAA0(A1),제조업
아이비케이캐피탈,KRZF01945CG2,아이비케이캐피탈 20260213-210-12,20260213,20260911,KRW,5000000000,183,AAA0(A1),금융 및 보험업
아이비케이캐피탈,KRZF01945BG2,아이비케이캐피탈 20260213-210-11,20260213,20260911,KRW,5000000000,183,AAA0(A1),금융 및 보험업
아이비케이캐피탈,KRZF01945AG2,아이비케이캐피탈 20260213-292-10,20260213,20261202,KRW,5000000000,265,AAA0(A1),금융 및 보험업
아이비케이캐피탈,KRZF019459G2,아이비케이캐피탈 20260213-292-9,20260213,20261202,KRW,5000000000,265,AAA0(A1),금융 및 보험업
애큐온캐피탈,KRZF095233G2,애큐온캐피탈 20260213-181-3,20260213,20260813,KRW,5000000000,154,AA0(A2),금융 및 보험업
애큐온캐피탈,KRZF09523BG2,애큐온캐피탈 20260213-242-11,20260213,20261013,KRW,5000000000,215,AA0(A2),금융 및 보험업
애큐온캐피탈,KRZF09523EG2,애큐온캐피탈 20260213-181-14,20260213,20260813,KRW,5000000000,154,AA0(A2),금융 및 보험업
애큐온캐피탈,KRZF09523FG2,애큐온캐피탈 20260213-181-15,20260213,20260813,KRW,5000000000,154,AA0(A2),금융 및 보험업
애큐온캐피탈,KRZF09523AG2,애큐온캐피탈 20260213-242-10,20260213,20261013,KRW,5000000000,215,AA0(A2),금융 및 보험업
애큐온캐피탈,KRZF095237G2,애큐온캐피탈 20260213-181-7,20260213,20260813,KRW,5000000000,154,AA0(A2),금융 및 보험업
애큐온캐피탈,KRZF095236G2,애큐온캐피탈 20260213-181-6,20260213,20260813,KRW,5000000000,154,AA0(A2),금융 및 보험업
애큐온캐피탈,KRZF09523CG2,애큐온캐피탈 20260213-242-12,20260213,20261013,KRW,5000000000,215,AA0(A2),금융 및 보험업
애큐온캐피탈,KRZF095238G2,애큐온캐피탈 20260213-181-8,20260213,20260813,KRW,5000000000,154,AA0(A2),금융 및 보험업
애큐온캐피탈,KRZF095239G2,애큐온캐피탈 20260213-242-9,20260213,20261013,KRW,5000000000,215,AA0(A2),금융 및 보험업
애큐온캐피탈,KRZF095234G2,애큐온캐피탈 20260213-181-4,20260213,20260813,KRW,5000000000,154,AA0(A2),금융 및 보험업
애큐온캐피탈,KRZF095232G2,애큐온캐피탈 20260213-181-2,20260213,20260813,KRW,5000000000,154,AA0(A2),금융 및 보험업
애큐온캐피탈,KRZF095231G2,애큐온캐피탈 20260213-181-1,20260213,20260813,KRW,5000000000,154,AA0(A2),금융 및 보험업
애큐온캐피탈,KRZF09523GG2,애큐온캐피탈 20260213-181-16,20260213,20260813,KRW,5000000000,154,AA0(A2),금융 및 보험업
애큐온캐피탈,KRZF09523DG2,애큐온캐피탈 20260213-181-13,20260213,20260813,KRW,5000000000,154,AA0(A2),금융 및 보험업
애큐온캐피탈,KRZF095235G2,애큐온캐피탈 20260213-181-5,20260213,20260813,KRW,5000000000,154,AA0(A2),금융 및 보험업
에이치디현대케미칼,KRZF331592G2,에이치디현대케미칼 20260213-46-2,20260213,20260331,KRW,15000000000,19,AA0(A2),제조업
에이치디현대케미칼,KRZF331591G2,에이치디현대케미칼 20260213-46-1,20260213,20260331,KRW,15000000000,19,AA0(A2),제조업
엘에스전선,KRZF104237G2,엘에스전선 20260213-21-7,20260213,20260306,KRW,10000000000,-6,AAA0(A1),정보통신업
엘에스전선,KRZF104236G2,엘에스전선 20260213-21-6,20260213,20260306,KRW,10000000000,-6,AAA0(A1),정보통신업
엘에스전선,KRZF104233G2,엘에스전선 20260213-21-3,20260213,20260306,KRW,10000000000,-6,AAA0(A1),정보통신업
엘에스전선,KRZF10423CG2,엘에스전선 20260213-21-12,20260213,20260306,KRW,5000000000,-6,AAA0(A1),정보통신업
엘에스전선,KRZF10423FG2,엘에스전선 20260213-21-15,20260213,20260306,KRW,5000000000,-6,AAA0(A1),정보통신업
엘에스전선,KRZF10423AG2,엘에스전선 20260213-21-10,20260213,20260306,KRW,5000000000,-6,AAA0(A1),정보통신업
엘에스전선,KRZF10423GG2,엘에스전선 20260213-21-16,20260213,20260306,KRW,5000000000,-6,AAA0(A1),정보통신업
엘에스전선,KRZF10423BG2,엘에스전선 20260213-21-11,20260213,20260306,KRW,5000000000,-6,AAA0(A1),정보통신업
엘에스전선,KRZF104239G2,엘에스전선 20260213-21-9,20260213,20260306,KRW,5000000000,-6,AAA0(A1),정보통신업
엘에스전선,KRZF104238G2,엘에스전선 20260213-21-8,20260213,20260306,KRW,5000000000,-6,AAA0(A1),정보통신업
엘에스전선,KRZF10423DG2,엘에스전선 20260213-21-13,20260213,20260306,KRW,5000000000,-6,AAA0(A1),정보통신업
엘에스전선,KRZF104235G2,엘에스전선 20260213-21-5,20260213,20260306,KRW,5000000000,-6,AAA0(A1),정보통신업
엘에스전선,KRZF104234G2,엘에스전선 20260213-21-4,20260213,20260306,KRW,10000000000,-6,AAA0(A1),정보통신업
엘에스전선,KRZF10423EG2,엘에스전선 20260213-21-14,20260213,20260306,KRW,5000000000,-6,AAA0(A1),정보통신업
엘에스증권,KRZF07802JG2,엘에스증권 20260213-181-18,20260213,20260813,KRW,5000000000,154,AA+(A2+),금융 및 보험업
엘에스증권,KRZF07802HG2,엘에스증권 20260213-181-17,20260213,20260813,KRW,5000000000,154,AA+(A2+),금융 및 보험업
엘에스증권,KRZF07802EG2,엘에스증권 20260213-364-14,20260213,20270212,KRW,3000000000,337,AA+(A2+),금융 및 보험업
엘에스증권,KRZF07802FG2,엘에스증권 20260213-181-15,20260213,20260813,KRW,5000000000,154,AA+(A2+),금융 및 보험업
엘에스증권,KRZF07802GG2,엘에스증권 20260213-181-16,20260213,20260813,KRW,5000000000,154,AA+(A2+),금융 및 보험업
우리카드,KRZF17414PG2,우리카드 20260213-129-23,20260213,20260622,KRW,5000000000,102,AAA0(A1),금융 및 보험업
우리카드,KRZF17414SG2,우리카드 20260213-129-26,20260213,20260622,KRW,5000000000,102,AAA0(A1),금융 및 보험업
우리카드,KRZF17414ZG2,우리카드 20260213-129-32,20260213,20260622,KRW,5000000000,102,AAA0(A1),금융 및 보험업
우리카드,KRZF17414XG2,우리카드 20260213-129-30,20260213,20260622,KRW,5000000000,102,AAA0(A1),금융 및 보험업
우리카드,KRZF17414VG2,우리카드 20260213-129-28,20260213,20260622,KRW,5000000000,102,AAA0(A1),금융 및 보험업
우리카드,KRZF17414YG2,우리카드 20260213-129-31,20260213,20260622,KRW,5000000000,102,AAA0(A1),금융 및 보험업
우리카드,KRZF17414TG2,우리카드 20260213-129-27,20260213,20260622,KRW,5000000000,102,AAA0(A1),금융 및 보험업
우리카드,KRZF17414WG2,우리카드 20260213-129-29,20260213,20260622,KRW,5000000000,102,AAA0(A1),금융 및 보험업
우리카드,KRZF17414RG2,우리카드 20260213-129-25,20260213,20260622,KRW,5000000000,102,AAA0(A1),금융 및 보험업
우리카드,KRZF17414QG2,우리카드 20260213-129-24,20260213,20260622,KRW,5000000000,102,AAA0(A1),금융 및 보험업
케이프투자증권,KRZF104792G2,케이프투자증권 20260213-90-2,20260213,20260514,KRW,10000000000,63,AA-(A2-),금융 및 보험업
하이프라자,KRZF069708G2,하이프라자 20260213-28-8,20260213,20260313,KRW,5000000000,1,AA+(A2+),도매 및 소매업
하이프라자,KRZF06970EG2,하이프라자 20260213-28-14,20260213,20260313,KRW,5000000000,1,AA+(A2+),도매 및 소매업
하이프라자,KRZF069705G2,하이프라자 20260213-25-5,20260213,20260310,KRW,5000000000,-2,AA+(A2+),도매 및 소매업
하이프라자,KRZF06970BG2,하이프라자 20260213-28-11,20260213,20260313,KRW,5000000000,1,AA+(A2+),도매 및 소매업
하이프라자,KRZF06970LG2,하이프라자 20260213-14-20,20260213,20260227,KRW,5000000000,-13,AA+(A2+),도매 및 소매업
하이프라자,KRZF069709G2,하이프라자 20260213-28-9,20260213,20260313,KRW,5000000000,1,AA+(A2+),도매 및 소매업
하이프라자,KRZF069707G2,하이프라자 20260213-28-7,20260213,20260313,KRW,5000000000,1,AA+(A2+),도매 및 소매업
하이프라자,KRZF069706G2,하이프라자 20260213-27-6,20260213,20260312,KRW,5000000000,0,AA+(A2+),도매 및 소매업
하이프라자,KRZF06970KG2,하이프라자 20260213-14-19,20260213,20260227,KRW,5000000000,-13,AA+(A2+),도매 및 소매업
하이프라자,KRZF06970GG2,하이프라자 20260213-13-16,20260213,20260226,KRW,5000000000,-14,AA+(A2+),도매 및 소매업
하이프라자,KRZF06970FG2,하이프라자 20260213-28-15,20260213,20260313,KRW,5000000000,1,AA+(A2+),도매 및 소매업
하이프라자,KRZF06970DG2,하이프라자 20260213-28-13,20260213,20260313,KRW,5000000000,1,AA+(A2+),도매 및 소매업
하이프라자,KRZF06970MG2,하이프라자 20260213-14-21,20260213,20260227,KRW,5000000000,-13,AA+(A2+),도매 및 소매업
하이프라자,KRZF06970JG2,하이프라자 20260213-14-18,20260213,20260227,KRW,5000000000,-13,AA+(A2+),도매 및 소매업
하이프라자,KRZF06970HG2,하이프라자 20260213-13-17,20260213,20260226,KRW,5000000000,-14,AA+(A2+),도매 및 소매업
하이프라자,KRZF06970CG2,하이프라자 20260213-28-12,20260213,20260313,KRW,5000000000,1,AA+(A2+),도매 및 소매업
하이프라자,KRZF06970AG2,하이프라자 20260213-28-10,20260213,20260313,KRW,5000000000,1,AA+(A2+),도매 및 소매업
한국전력공사,KRZFN1576EG2,한국전력공사 20260213-91-278,20260213,20260515,KRW,10000000000,64,AAA0(A1),"전기, 가스, 증기 및 공기조절 공급업"
한국전력공사,KRZFN1576FG2,한국전력공사 20260213-91-279,20260213,20260515,KRW,10000000000,64,AAA0(A1),"전기, 가스, 증기 및 공기조절 공급업"
한국전력공사,KRZFN1576DG2,한국전력공사 20260213-91-277,20260213,20260515,KRW,10000000000,64,AAA0(A1),"전기, 가스, 증기 및 공기조절 공급업"
한국전력공사,KRZFN15761G2,한국전력공사 20260213-91-265,20260213,20260515,KRW,10000000000,64,AAA0(A1),"전기, 가스, 증기 및 공기조절 공급업"
한국전력공사,KRZFJ1576JGE,한국전력공사 20260213-88-249,20260213,20260512,KRW,10000000000,61,AAA0(A1),"전기, 가스, 증기 및 공기조절 공급업"
한국전력공사,KRZFJ1576GGE,한국전력공사 20260213-88-247,20260213,20260512,KRW,10000000000,61,AAA0(A1),"전기, 가스, 증기 및 공기조절 공급업"
한국전력공사,KRZFJ1576AGE,한국전력공사 20260213-88-241,20260213,20260512,KRW,10000000000,61,AAA0(A1),"전기, 가스, 증기 및 공기조절 공급업"
한국전력공사,KRZFN1576AG2,한국전력공사 20260213-91-274,20260213,20260515,KRW,10000000000,64,AAA0(A1),"전기, 가스, 증기 및 공기조절 공급업"
한국전력공사,KRZFN15767G2,한국전력공사 20260213-91-271,20260213,20260515,KRW,10000000000,64,AAA0(A1),"전기, 가스, 증기 및 공기조절 공급업"
한국전력공사,KRZFN15766G2,한국전력공사 20260213-91-270,20260213,20260515,KRW,10000000000,64,AAA0(A1),"전기, 가스, 증기 및 공기조절 공급업"
한국전력공사,KRZFJ1576TGE,한국전력공사 20260213-88-258,20260213,20260512,KRW,10000000000,61,AAA0(A1),"전기, 가스, 증기 및 공기조절 공급업"
한국전력공사,KRZFJ1576DGE,한국전력공사 20260213-88-244,20260213,20260512,KRW,10000000000,61,AAA0(A1),"전기, 가스, 증기 및 공기조절 공급업"
한국전력공사,KRZFJ1576HGE,한국전력공사 20260213-88-248,20260213,20260512,KRW,10000000000,61,AAA0(A1),"전기, 가스, 증기 및 공기조절 공급업"
한국전력공사,KRZFN15765G2,한국전력공사 20260213-91-269,20260213,20260515,KRW,10000000000,64,AAA0(A1),"전기, 가스, 증기 및 공기조절 공급업"
한국전력공사,KRZFJ1576PGE,한국전력공사 20260213-88-254,20260213,20260512,KRW,10000000000,61,AAA0(A1),"전기, 가스, 증기 및 공기조절 공급업"
한국전력공사,KRZFJ1576LGE,한국전력공사 20260213-88-251,20260213,20260512,KRW,10000000000,61,AAA0(A1),"전기, 가스, 증기 및 공기조절 공급업"
한국전력공사,KRZFJ1576FGE,한국전력공사 20260213-88-246,20260213,20260512,KRW,10000000000,61,AAA0(A1),"전기, 가스, 증기 및 공기조절 공급업"
한국전력공사,KRZFJ1576WGE,한국전력공사 20260213-88-260,20260213,20260512,KRW,10000000000,61,AAA0(A1),"전기, 가스, 증기 및 공기조절 공급업"
한국전력공사,KRZFN15768G2,한국전력공사 20260213-91-272,20260213,20260515,KRW,10000000000,64,AAA0(A1),"전기, 가스, 증기 및 공기조절 공급업"
한국전력공사,KRZFJ1576YGE,한국전력공사 20260213-91-262,20260213,20260515,KRW,10000000000,64,AAA0(A1),"전기, 가스, 증기 및 공기조절 공급업"
한국전력공사,KRZFJ1576NGE,한국전력공사 20260213-88-253,20260213,20260512,KRW,10000000000,61,AAA0(A1),"전기, 가스, 증기 및 공기조절 공급업"
한국전력공사,KRZFJ1576KGE,한국전력공사 20260213-88-250,20260213,20260512,KRW,10000000000,61,AAA0(A1),"전기, 가스, 증기 및 공기조절 공급업"
한국전력공사,KRZFN1576GG2,한국전력공사 20260213-91-280,20260213,20260515,KRW,10000000000,64,AAA0(A1),"전기, 가스, 증기 및 공기조절 공급업"
한국전력공사,KRZFN1576CG2,한국전력공사 20260213-91-276,20260213,20260515,KRW,10000000000,64,AAA0(A1),"전기, 가스, 증기 및 공기조절 공급업"
한국전력공사,KRZFJ1576XGE,한국전력공사 20260213-91-261,20260213,20260515,KRW,10000000000,64,AAA0(A1),"전기, 가스, 증기 및 공기조절 공급업"
한국전력공사,KRZFN15762G2,한국전력공사 20260213-91-266,20260213,20260515,KRW,10000000000,64,AAA0(A1),"전기, 가스, 증기 및 공기조절 공급업"
한국전력공사,KRZFJ1576MGE,한국전력공사 20260213-88-252,20260213,20260512,KRW,10000000000,61,AAA0(A1),"전기, 가스, 증기 및 공기조절 공급업"
한국전력공사,KRZFJ1576ZGE,한국전력공사 20260213-91-263,20260213,20260515,KRW,10000000000,64,AAA0(A1),"전기, 가스, 증기 및 공기조절 공급업"
한국전력공사,KRZFJ1576RGE,한국전력공사 20260213-88-256,20260213,20260512,KRW,10000000000,61,AAA0(A1),"전기, 가스, 증기 및 공기조절 공급업"
한국전력공사,KRZFN15769G2,한국전력공사 20260213-91-273,20260213,20260515,KRW,10000000000,64,AAA0(A1),"전기, 가스, 증기 및 공기조절 공급업"
한국전력공사,KRZFN15763G2,한국전력공사 20260213-91-267,20260213,20260515,KRW,10000000000,64,AAA0(A1),"전기, 가스, 증기 및 공기조절 공급업"
한국전력공사,KRZFJ1576QGE,한국전력공사 20260213-88-255,20260213,20260512,KRW,10000000000,61,AAA0(A1),"전기, 가스, 증기 및 공기조절 공급업"
한국전력공사,KRZFJ1576CGE,한국전력공사 20260213-88-243,20260213,20260512,KRW,10000000000,61,AAA0(A1),"전기, 가스, 증기 및 공기조절 공급업"
한국전력공사,KRZFJ1576BGE,한국전력공사 20260213-88-242,20260213,20260512,KRW,10000000000,61,AAA0(A1),"전기, 가스, 증기 및 공기조절 공급업"
한국전력공사,KRZFN1576BG2,한국전력공사 20260213-91-275,20260213,20260515,KRW,10000000000,64,AAA0(A1),"전기, 가스, 증기 및 공기조절 공급업"
한국전력공사,KRZFN15764G2,한국전력공사 20260213-91-268,20260213,20260515,KRW,10000000000,64,AAA0(A1),"전기, 가스, 증기 및 공기조절 공급업"
한국전력공사,KRZFN15760G2,한국전력공사 20260213-91-264,20260213,20260515,KRW,10000000000,64,AAA0(A1),"전기, 가스, 증기 및 공기조절 공급업"
한국전력공사,KRZFJ1576VGE,한국전력공사 20260213-88-259,20260213,20260512,KRW,10000000000,61,AAA0(A1),"전기, 가스, 증기 및 공기조절 공급업"
한국전력공사,KRZFJ1576SGE,한국전력공사 20260213-88-257,20260213,20260512,KRW,10000000000,61,AAA0(A1),"전기, 가스, 증기 및 공기조절 공급업"
한국전력공사,KRZFJ1576EGE,한국전력공사 20260213-88-245,20260213,20260512,KRW,10000000000,61,AAA0(A1),"전기, 가스, 증기 및 공기조절 공급업"
한국증권금융,KRZF02882BGE,한국증권금융 20260213-91-44,20260213,20260515,KRW,10000000000,64,AAA0(A1),금융 및 보험업
한국증권금융,KRZF02882NGE,한국증권금융 20260213-91-55,20260213,20260515,KRW,10000000000,64,AAA0(A1),금융 및 보험업
한국증권금융,KRZF02882WGE,한국증권금융 20260213-90-62,20260213,20260514,KRW,10000000000,63,AAA0(A1),금융 및 보험업
한국증권금융,KRZF02882VGE,한국증권금융 20260213-90-61,20260213,20260514,KRW,10000000000,63,AAA0(A1),금융 및 보험업
한국증권금융,KRZF02882LGE,한국증권금융 20260213-91-53,20260213,20260515,KRW,10000000000,64,AAA0(A1),금융 및 보험업
한국증권금융,KRZF02882EGE,한국증권금융 20260213-91-47,20260213,20260515,KRW,10000000000,64,AAA0(A1),금융 및 보험업
한국증권금융,KRZF02882CGE,한국증권금융 20260213-91-45,20260213,20260515,KRW,10000000000,64,AAA0(A1),금융 및 보험업
한국증권금융,KRZF02882SGE,한국증권금융 20260213-90-59,20260213,20260514,KRW,10000000000,63,AAA0(A1),금융 및 보험업
한국증권금융,KRZF02882RGE,한국증권금융 20260213-90-58,20260213,20260514,KRW,10000000000,63,AAA0(A1),금융 및 보험업
한국증권금융,KRZF02882QGE,한국증권금융 20260213-90-57,20260213,20260514,KRW,10000000000,63,AAA0(A1),금융 및 보험업
한국증권금융,KRZF02882TGE,한국증권금융 20260213-90-60,20260213,20260514,KRW,10000000000,63,AAA0(A1),금융 및 보험업
한국증권금융,KRZF02882PGE,한국증권금융 20260213-90-56,20260213,20260514,KRW,10000000000,63,AAA0(A1),금융 및 보험업
한국증권금융,KRZF02882GGE,한국증권금융 20260213-91-49,20260213,20260515,KRW,10000000000,64,AAA0(A1),금융 및 보험업
한국증권금융,KRZF02882DGE,한국증권금융 20260213-91-46,20260213,20260515,KRW,10000000000,64,AAA0(A1),금융 및 보험업
한국증권금융,KRZF02882MGE,한국증권금융 20260213-91-54,20260213,20260515,KRW,10000000000,64,AAA0(A1),금융 및 보험업
한국증권금융,KRZF02882FGE,한국증권금융 20260213-91-48,20260213,20260515,KRW,10000000000,64,AAA0(A1),금융 및 보험업
한국증권금융,KRZF02882AGE,한국증권금융 20260213-91-43,20260213,20260515,KRW,10000000000,64,AAA0(A1),금융 및 보험업
한국증권금융,KRZF028829GE,한국증권금융 20260213-91-42,20260213,20260515,KRW,10000000000,64,AAA0(A1),금융 및 보험업
한국증권금융,KRZF02882KGE,한국증권금융 20260213-91-52,20260213,20260515,KRW,10000000000,64,AAA0(A1),금융 및 보험업
한국증권금융,KRZF02882JGE,한국증권금융 20260213-91-51,20260213,20260515,KRW,10000000000,64,AAA0(A1),금융 및 보험업
한국증권금융,KRZF028828GE,한국증권금융 20260213-91-41,20260213,20260515,KRW,10000000000,64,AAA0(A1),금융 및 보험업
한국증권금융,KRZF02882ZGE,한국증권금융 20260213-90-65,20260213,20260514,KRW,10000000000,63,AAA0(A1),금융 및 보험업
한국증권금융,KRZF02882YGE,한국증권금융 20260213-90-64,20260213,20260514,KRW,10000000000,63,AAA0(A1),금융 및 보험업
한국증권금융,KRZF02882XGE,한국증권금융 20260213-90-63,20260213,20260514,KRW,10000000000,63,AAA0(A1),금융 및 보험업
한국증권금융,KRZF02882HGE,한국증권금융 20260213-91-50,20260213,20260515,KRW,10000000000,64,AAA0(A1),금융 및 보험업
한국투자금융지주,KRZFA7105TGE,한국투자금융지주 20260213-89-126,20260213,20260513,KRW,5000000000,62,AAA0(A1),금융 및 보험업
한국투자금융지주,KRZFE71050G2,한국투자금융지주 20260213-199-132,20260213,20260831,KRW,5000000000,172,AAA0(A1),금융 및 보험업
한국투자금융지주,KRZFA7105YGE,한국투자금융지주 20260213-199-130,20260213,20260831,KRW,5000000000,172,AAA0(A1),금융 및 보험업
한국투자금융지주,KRZFE71054G2,한국투자금융지주 20260213-313-136,20260213,20261223,KRW,5000000000,286,AAA0(A1),금융 및 보험업
한국투자금융지주,KRZFE71052G2,한국투자금융지주 20260213-313-134,20260213,20261223,KRW,5000000000,286,AAA0(A1),금융 및 보험업
한국투자금융지주,KRZFE71056G2,한국투자금융지주 20260213-313-138,20260213,20261223,KRW,5000000000,286,AAA0(A1),금융 및 보험업
한국투자금융지주,KRZFE71055G2,한국투자금융지주 20260213-313-137,20260213,20261223,KRW,5000000000,286,AAA0(A1),금융 및 보험업
한국투자금융지주,KRZFA7105ZGE,한국투자금융지주 20260213-199-131,20260213,20260831,KRW,5000000000,172,AAA0(A1),금융 및 보험업
한국투자금융지주,KRZFE71053G2,한국투자금융지주 20260213-313-135,20260213,20261223,KRW,5000000000,286,AAA0(A1),금융 및 보험업
한국투자금융지주,KRZFE71051G2,한국투자금융지주 20260213-199-133,20260213,20260831,KRW,5000000000,172,AAA0(A1),금융 및 보험업
한국투자금융지주,KRZFA7105XGE,한국투자금융지주 20260213-199-129,20260213,20260831,KRW,5000000000,172,AAA0(A1),금융 및 보험업
한국투자금융지주,KRZFA7105WGE,한국투자금융지주 20260213-199-128,20260213,20260831,KRW,5000000000,172,AAA0(A1),금융 및 보험업
한국투자금융지주,KRZFE71057G2,한국투자금융지주 20260213-313-139,20260213,20261223,KRW,5000000000,286,AAA0(A1),금융 및 보험업
한국투자금융지주,KRZFA7105VGE,한국투자금융지주 20260213-89-127,20260213,20260513,KRW,5000000000,62,AAA0(A1),금융 및 보험업
한국투자금융지주,KRZFA7105SGE,한국투자금융지주 20260213-89-125,20260213,20260513,KRW,5000000000,62,AAA0(A1),금융 및 보험업
한국투자금융지주,KRZFA7105RGE,한국투자금융지주 20260213-89-124,20260213,20260513,KRW,5000000000,62,AAA0(A1),금융 및 보험업
한무쇼핑,KRZF019911G2,한무쇼핑 20260213-12-1,20260213,20260225,KRW,5000000000,-15,AAA0(A1),도매 및 소매업
한무쇼핑,KRZF019914G2,한무쇼핑 20260213-12-4,20260213,20260225,KRW,5000000000,-15,AAA0(A1),도매 및 소매업
한무쇼핑,KRZF019918G2,한무쇼핑 20260213-12-8,20260213,20260225,KRW,5000000000,-15,AAA0(A1),도매 및 소매업
한무쇼핑,KRZF019916G2,한무쇼핑 20260213-12-6,20260213,20260225,KRW,5000000000,-15,AAA0(A1),도매 및 소매업
한무쇼핑,KRZF019913G2,한무쇼핑 20260213-12-3,20260213,20260225,KRW,5000000000,-15,AAA0(A1),도매 및 소매업
한무쇼핑,KRZF019912G2,한무쇼핑 20260213-12-2,20260213,20260225,KRW,5000000000,-15,AAA0(A1),도매 및 소매업
한무쇼핑,KRZF019917G2,한무쇼핑 20260213-12-7,20260213,20260225,KRW,5000000000,-15,AAA0(A1),도매 및 소매업
한무쇼핑,KRZF019915G2,한무쇼핑 20260213-12-5,20260213,20260225,KRW,5000000000,-15,AAA0(A1),도매 및 소매업
한양증권,KRZF001759G2,한양증권 20260213-181-9,20260213,20260813,KRW,5000000000,154,AA0(A2),금융 및 보험업
한양증권,KRZF001758G2,한양증권 20260213-89-8,20260213,20260513,KRW,5000000000,62,AA0(A2),금융 및 보험업
한양증권,KRZF001757G2,한양증권 20260213-89-7,20260213,20260513,KRW,5000000000,62,AA0(A2),금융 및 보험업
한화투자증권,KRZF003539G2,한화투자증권 20260213-181-9,20260213,20260813,KRW,5000000000,154,AAA0(A1),금융 및 보험업
한화투자증권,KRZF00353BG2,한화투자증권 20260213-172-11,20260213,20260804,KRW,5000000000,145,AAA0(A1),금융 및 보험업
한화투자증권,KRZF00353CG2,한화투자증권 20260213-172-12,20260213,20260804,KRW,5000000000,145,AAA0(A1),금융 및 보험업
한화투자증권,KRZF003538G2,한화투자증권 20260213-172-8,20260213,20260804,KRW,5000000000,145,AAA0(A1),금융 및 보험업
한화투자증권,KRZF003535G2,한화투자증권 20260213-172-5,20260213,20260804,KRW,5000000000,145,AAA0(A1),금융 및 보험업
한화투자증권,KRZF003536G2,한화투자증권 20260213-172-6,20260213,20260804,KRW,5000000000,145,AAA0(A1),금융 및 보험업
한화투자증권,KRZF00353AG2,한화투자증권 20260213-181-10,20260213,20260813,KRW,5000000000,154,AAA0(A1),금융 및 보험업
한화투자증권,KRZF003537G2,한화투자증권 20260213-172-7,20260213,20260804,KRW,5000000000,145,AAA0(A1),금융 및 보험업
경기주택도시공사,KRZF09137CG2,경기주택도시공사 20260212-99-12,20260212,20260522,KRW,10000000000,71,AAA0(A1),부동산업
경기주택도시공사,KRZF09137VG2,경기주택도시공사 20260212-99-28,20260212,20260522,KRW,10000000000,71,AAA0(A1),부동산업
경기주택도시공사,KRZF09137SG2,경기주택도시공사 20260212-99-26,20260212,20260522,KRW,10000000000,71,AAA0(A1),부동산업
경기주택도시공사,KRZF09137HG2,경기주택도시공사 20260212-99-17,20260212,20260522,KRW,10000000000,71,AAA0(A1),부동산업
경기주택도시공사,KRZF09137FG2,경기주택도시공사 20260212-99-15,20260212,20260522,KRW,10000000000,71,AAA0(A1),부동산업
경기주택도시공사,KRZF09137RG2,경기주택도시공사 20260212-99-25,20260212,20260522,KRW,10000000000,71,AAA0(A1),부동산업
경기주택도시공사,KRZF09137QG2,경기주택도시공사 20260212-99-24,20260212,20260522,KRW,10000000000,71,AAA0(A1),부동산업
경기주택도시공사,KRZF09137NG2,경기주택도시공사 20260212-99-22,20260212,20260522,KRW,10000000000,71,AAA0(A1),부동산업
경기주택도시공사,KRZF09137KG2,경기주택도시공사 20260212-99-19,20260212,20260522,KRW,10000000000,71,AAA0(A1),부동산업
경기주택도시공사,KRZF09137GG2,경기주택도시공사 20260212-99-16,20260212,20260522,KRW,10000000000,71,AAA0(A1),부동산업
경기주택도시공사,KRZF09137DG2,경기주택도시공사 20260212-99-13,20260212,20260522,KRW,10000000000,71,AAA0(A1),부동산업
경기주택도시공사,KRZF091378G2,경기주택도시공사 20260212-99-8,20260212,20260522,KRW,10000000000,71,AAA0(A1),부동산업
경기주택도시공사,KRZF091374G2,경기주택도시공사 20260212-99-4,20260212,20260522,KRW,10000000000,71,AAA0(A1),부동산업
경기주택도시공사,KRZF09137XG2,경기주택도시공사 20260212-99-30,20260212,20260522,KRW,10000000000,71,AAA0(A1),부동산업
경기주택도시공사,KRZF09137WG2,경기주택도시공사 20260212-99-29,20260212,20260522,KRW,10000000000,71,AAA0(A1),부동산업
경기주택도시공사,KRZF091377G2,경기주택도시공사 20260212-99-7,20260212,20260522,KRW,10000000000,71,AAA0(A1),부동산업
경기주택도시공사,KRZF091372G2,경기주택도시공사 20260212-99-2,20260212,20260522,KRW,10000000000,71,AAA0(A1),부동산업
경기주택도시공사,KRZF09137TG2,경기주택도시공사 20260212-99-27,20260212,20260522,KRW,10000000000,71,AAA0(A1),부동산업
경기주택도시공사,KRZF09137LG2,경기주택도시공사 20260212-99-20,20260212,20260522,KRW,10000000000,71,AAA0(A1),부동산업
경기주택도시공사,KRZF09137EG2,경기주택도시공사 20260212-99-14,20260212,20260522,KRW,10000000000,71,AAA0(A1),부동산업
경기주택도시공사,KRZF091376G2,경기주택도시공사 20260212-99-6,20260212,20260522,KRW,10000000000,71,AAA0(A1),부동산업
경기주택도시공사,KRZF091373G2,경기주택도시공사 20260212-99-3,20260212,20260522,KRW,10000000000,71,AAA0(A1),부동산업
경기주택도시공사,KRZF091371G2,경기주택도시공사 20260212-99-1,20260212,20260522,KRW,10000000000,71,AAA0(A1),부동산업
경기주택도시공사,KRZF09137PG2,경기주택도시공사 20260212-99-23,20260212,20260522,KRW,10000000000,71,AAA0(A1),부동산업
경기주택도시공사,KRZF09137JG2,경기주택도시공사 20260212-99-18,20260212,20260522,KRW,10000000000,71,AAA0(A1),부동산업
경기주택도시공사,KRZF09137BG2,경기주택도시공사 20260212-99-11,20260212,20260522,KRW,10000000000,71,AAA0(A1),부동산업
경기주택도시공사,KRZF09137AG2,경기주택도시공사 20260212-99-10,20260212,20260522,KRW,10000000000,71,AAA0(A1),부동산업
경기주택도시공사,KRZF091379G2,경기주택도시공사 20260212-99-9,20260212,20260522,KRW,10000000000,71,AAA0(A1),부동산업
경기주택도시공사,KRZF091375G2,경기주택도시공사 20260212-99-5,20260212,20260522,KRW,10000000000,71,AAA0(A1),부동산업
경기주택도시공사,KRZF09137MG2,경기주택도시공사 20260212-99-21,20260212,20260522,KRW,10000000000,71,AAA0(A1),부동산업
군인공제회,KRZF10529LG2,군인공제회 20260212-91-20,20260212,20260514,KRW,10000000000,63,AAA0(A1),금융 및 보험업
군인공제회,KRZF10529QG2,군인공제회 20260212-91-24,20260212,20260514,KRW,10000000000,63,AAA0(A1),금융 및 보험업
군인공제회,KRZF10529PG2,군인공제회 20260212-91-23,20260212,20260514,KRW,10000000000,63,AAA0(A1),금융 및 보험업
군인공제회,KRZF10529MG2,군인공제회 20260212-91-21,20260212,20260514,KRW,10000000000,63,AAA0(A1),금융 및 보험업
군인공제회,KRZF10529GG2,군인공제회 20260212-91-16,20260212,20260514,KRW,10000000000,63,AAA0(A1),금융 및 보험업
군인공제회,KRZF10529KG2,군인공제회 20260212-91-19,20260212,20260514,KRW,10000000000,63,AAA0(A1),금융 및 보험업
군인공제회,KRZF10529JG2,군인공제회 20260212-91-18,20260212,20260514,KRW,10000000000,63,AAA0(A1),금융 및 보험업
군인공제회,KRZF10529RG2,군인공제회 20260212-91-25,20260212,20260514,KRW,10000000000,63,AAA0(A1),금융 및 보험업
군인공제회,KRZF10529NG2,군인공제회 20260212-91-22,20260212,20260514,KRW,10000000000,63,AAA0(A1),금융 및 보험업
군인공제회,KRZF10529HG2,군인공제회 20260212-91-17,20260212,20260514,KRW,10000000000,63,AAA0(A1),금융 및 보험업
대륜이엔에스,KRZF099492G2,대륜이엔에스 20260212-89-2,20260212,20260512,KRW,5000000000,61,AA-(A2-),"전기, 가스, 증기 및 공기조절 공급업"
대륜이엔에스,KRZF099491G2,대륜이엔에스 20260212-89-1,20260212,20260512,KRW,5000000000,61,AA-(A2-),"전기, 가스, 증기 및 공기조절 공급업"
대한석탄공사,KRZF07686CG2,대한석탄공사 20260212-112-12,20260212,20260604,KRW,5000000000,84,AAA0(A1),광업
대한석탄공사,KRZF07686DG2,대한석탄공사 20260212-112-13,20260212,20260604,KRW,5000000000,84,AAA0(A1),광업
대한석탄공사,KRZF07686GG2,대한석탄공사 20260212-112-16,20260212,20260604,KRW,5000000000,84,AAA0(A1),광업
대한석탄공사,KRZF07686EG2,대한석탄공사 20260212-112-14,20260212,20260604,KRW,5000000000,84,AAA0(A1),광업
대한석탄공사,KRZF07686BG2,대한석탄공사 20260212-112-11,20260212,20260604,KRW,5000000000,84,AAA0(A1),광업
대한석탄공사,KRZF07686KG2,대한석탄공사 20260212-112-19,20260212,20260604,KRW,5000000000,84,AAA0(A1),광업
대한석탄공사,KRZF07686HG2,대한석탄공사 20260212-112-17,20260212,20260604,KRW,5000000000,84,AAA0(A1),광업
대한석탄공사,KRZF07686FG2,대한석탄공사 20260212-112-15,20260212,20260604,KRW,5000000000,84,AAA0(A1),광업
대한석탄공사,KRZF07686LG2,대한석탄공사 20260212-112-20,20260212,20260604,KRW,5000000000,84,AAA0(A1),광업
대한석탄공사,KRZF07686JG2,대한석탄공사 20260212-112-18,20260212,20260604,KRW,5000000000,84,AAA0(A1),광업
동부건설,KRZF005962G2,동부건설 20260212-89-2,20260212,20260512,KRW,1000000000,61,A0(A3),건설업
동부건설,KRZF005964G2,동부건설 20260212-89-4,20260212,20260512,KRW,1000000000,61,A0(A3),건설업
동부건설,KRZF005961G2,동부건설 20260212-89-1,20260212,20260512,KRW,1000000000,61,A0(A3),건설업
동부건설,KRZF005965G2,동부건설 20260212-89-5,20260212,20260512,KRW,1000000000,61,A0(A3),건설업
동부건설,KRZF005963G2,동부건설 20260212-89-3,20260212,20260512,KRW,1000000000,61,A0(A3),건설업
롯데지주,KRZF00499BG2,롯데지주 20260212-364-11,20260212,20270211,KRW,5000000000,336,AA+(A2+),금융 및 보험업
롯데지주,KRZF00499CG2,롯데지주 20260212-364-12,20260212,20270211,KRW,5000000000,336,AA+(A2+),금융 및 보험업
롯데하이마트,KRZF07184BG2,롯데하이마트 20260212-76-11,20260212,20260429,KRW,5000000000,48,AA+(A2+),도매 및 소매업
롯데하이마트,KRZF07184GG2,롯데하이마트 20260212-76-16,20260212,20260429,KRW,5000000000,48,AA+(A2+),도매 및 소매업
롯데하이마트,KRZF07184DG2,롯데하이마트 20260212-76-13,20260212,20260429,KRW,5000000000,48,AA+(A2+),도매 및 소매업
롯데하이마트,KRZF07184EG2,롯데하이마트 20260212-76-14,20260212,20260429,KRW,5000000000,48,AA+(A2+),도매 및 소매업
롯데하이마트,KRZF07184CG2,롯데하이마트 20260212-76-12,20260212,20260429,KRW,5000000000,48,AA+(A2+),도매 및 소매업
롯데하이마트,KRZF07184FG2,롯데하이마트 20260212-76-15,20260212,20260429,KRW,5000000000,48,AA+(A2+),도매 및 소매업
부산롯데호텔,KRZF105407G2,부산롯데호텔 20260212-88-7,20260212,20260511,KRW,5000000000,60,AA+(A2+),숙박 및 음식점업
부산롯데호텔,KRZF105408G2,부산롯데호텔 20260212-88-8,20260212,20260511,KRW,5000000000,60,AA+(A2+),숙박 및 음식점업
부산롯데호텔,KRZF105404G2,부산롯데호텔 20260212-88-4,20260212,20260511,KRW,5000000000,60,AA+(A2+),숙박 및 음식점업
부산롯데호텔,KRZF105403G2,부산롯데호텔 20260212-88-3,20260212,20260511,KRW,5000000000,60,AA+(A2+),숙박 및 음식점업
부산롯데호텔,KRZF105405G2,부산롯데호텔 20260212-88-5,20260212,20260511,KRW,5000000000,60,AA+(A2+),숙박 및 음식점업
부산롯데호텔,KRZF105406G2,부산롯데호텔 20260212-88-6,20260212,20260511,KRW,5000000000,60,AA+(A2+),숙박 및 음식점업
부산롯데호텔,KRZF105402G2,부산롯데호텔 20260212-88-2,20260212,20260511,KRW,5000000000,60,AA+(A2+),숙박 및 음식점업
부산롯데호텔,KRZF105401G2,부산롯데호텔 20260212-88-1,20260212,20260511,KRW,5000000000,60,AA+(A2+),숙박 및 음식점업
삼성카드,KRZF02978PG2,삼성카드 20260212-357-23,20260212,20270204,KRW,5000000000,329,AAA0(A1),금융 및 보험업
삼성카드,KRZF02978YG2,삼성카드 20260212-357-31,20260212,20270204,KRW,5000000000,329,AAA0(A1),금융 및 보험업
삼성카드,KRZF029783GE,삼성카드 20260212-357-36,20260212,20270204,KRW,5000000000,329,AAA0(A1),금융 및 보험업
삼성카드,KRZF02978ZG2,삼성카드 20260212-357-32,20260212,20270204,KRW,5000000000,329,AAA0(A1),금융 및 보험업
삼성카드,KRZF029780GE,삼성카드 20260212-357-33,20260212,20270204,KRW,5000000000,329,AAA0(A1),금융 및 보험업
삼성카드,KRZF02978TG2,삼성카드 20260212-357-27,20260212,20270204,KRW,5000000000,329,AAA0(A1),금융 및 보험업
삼성카드,KRZF02978XG2,삼성카드 20260212-357-30,20260212,20270204,KRW,5000000000,329,AAA0(A1),금융 및 보험업
삼성카드,KRZF02978WG2,삼성카드 20260212-357-29,20260212,20270204,KRW,5000000000,329,AAA0(A1),금융 및 보험업
삼성카드,KRZF029786GE,삼성카드 20260212-357-39,20260212,20270204,KRW,5000000000,329,AAA0(A1),금융 및 보험업
삼성카드,KRZF02978SG2,삼성카드 20260212-357-26,20260212,20270204,KRW,5000000000,329,AAA0(A1),금융 및 보험업
삼성카드,KRZF029781GE,삼성카드 20260212-357-34,20260212,20270204,KRW,5000000000,329,AAA0(A1),금융 및 보험업
삼성카드,KRZF02978QG2,삼성카드 20260212-357-24,20260212,20270204,KRW,5000000000,329,AAA0(A1),금융 및 보험업
삼성카드,KRZF029785GE,삼성카드 20260212-357-38,20260212,20270204,KRW,5000000000,329,AAA0(A1),금융 및 보험업
삼성카드,KRZF029784GE,삼성카드 20260212-357-37,20260212,20270204,KRW,5000000000,329,AAA0(A1),금융 및 보험업
삼성카드,KRZF029782GE,삼성카드 20260212-357-35,20260212,20270204,KRW,5000000000,329,AAA0(A1),금융 및 보험업
삼성카드,KRZF02978NG2,삼성카드 20260212-357-22,20260212,20270204,KRW,5000000000,329,AAA0(A1),금융 및 보험업
삼성카드,KRZF02978MG2,삼성카드 20260212-357-21,20260212,20270204,KRW,5000000000,329,AAA0(A1),금융 및 보험업
삼성카드,KRZF029787GE,삼성카드 20260212-357-40,20260212,20270204,KRW,5000000000,329,AAA0(A1),금융 및 보험업
삼성카드,KRZF02978VG2,삼성카드 20260212-357-28,20260212,20270204,KRW,5000000000,329,AAA0(A1),금융 및 보험업
삼성카드,KRZF02978RG2,삼성카드 20260212-357-25,20260212,20270204,KRW,5000000000,329,AAA0(A1),금융 및 보험업
신한투자증권,KRZF00867GGE,신한투자증권 20260212-176-49,20260212,20260807,KRW,5000000000,148,AAA0(A1),금융 및 보험업
신한투자증권,KRZF00867WGE,신한투자증권 20260212-218-62,20260212,20260918,KRW,5000000000,190,AAA0(A1),금융 및 보험업
신한투자증권,KRZF00867VGE,신한투자증권 20260212-218-61,20260212,20260918,KRW,5000000000,190,AAA0(A1),금융 및 보험업
신한투자증권,KRZF00867MGE,신한투자증권 20260212-127-54,20260212,20260619,KRW,5000000000,99,AAA0(A1),금융 및 보험업
신한투자증권,KRZF00867KGE,신한투자증권 20260212-127-52,20260212,20260619,KRW,5000000000,99,AAA0(A1),금융 및 보험업
신한투자증권,KRZF00867QGE,신한투자증권 20260212-218-57,20260212,20260918,KRW,5000000000,190,AAA0(A1),금융 및 보험업
신한투자증권,KRZF00867PGE,신한투자증권 20260212-127-56,20260212,20260619,KRW,5000000000,99,AAA0(A1),금융 및 보험업
신한투자증권,KRZF00867SGE,신한투자증권 20260212-218-59,20260212,20260918,KRW,5000000000,190,AAA0(A1),금융 및 보험업
신한투자증권,KRZF00867LGE,신한투자증권 20260212-127-53,20260212,20260619,KRW,5000000000,99,AAA0(A1),금융 및 보험업
신한투자증권,KRZF00867EGE,신한투자증권 20260212-176-47,20260212,20260807,KRW,5000000000,148,AAA0(A1),금융 및 보험업
신한투자증권,KRZF00867HGE,신한투자증권 20260212-176-50,20260212,20260807,KRW,5000000000,148,AAA0(A1),금융 및 보험업
신한투자증권,KRZF00867CGE,신한투자증권 20260212-176-45,20260212,20260807,KRW,5000000000,148,AAA0(A1),금융 및 보험업
신한투자증권,KRZF00867NGE,신한투자증권 20260212-127-55,20260212,20260619,KRW,5000000000,99,AAA0(A1),금융 및 보험업
신한투자증권,KRZF00867FGE,신한투자증권 20260212-176-48,20260212,20260807,KRW,5000000000,148,AAA0(A1),금융 및 보험업
신한투자증권,KRZF00867DGE,신한투자증권 20260212-176-46,20260212,20260807,KRW,5000000000,148,AAA0(A1),금융 및 보험업
신한투자증권,KRZF00867TGE,신한투자증권 20260212-218-60,20260212,20260918,KRW,5000000000,190,AAA0(A1),금융 및 보험업
신한투자증권,KRZF00867RGE,신한투자증권 20260212-218-58,20260212,20260918,KRW,5000000000,190,AAA0(A1),금융 및 보험업
신한투자증권,KRZF00867JGE,신한투자증권 20260212-364-51,20260212,20270211,KRW,10000000000,336,AAA0(A1),금융 및 보험업
씨제이씨지브이,KRZF07916BG2,씨제이씨지브이 20260212-32-11,20260212,20260316,KRW,10000000000,4,AA-(A2-),정보통신업
씨제이씨지브이,KRZF079166G2,씨제이씨지브이 20260212-60-6,20260212,20260413,KRW,5000000000,32,AA-(A2-),정보통신업
씨제이씨지브이,KRZF079167G2,씨제이씨지브이 20260212-60-7,20260212,20260413,KRW,5000000000,32,AA-(A2-),정보통신업
씨제이씨지브이,KRZF079164G2,씨제이씨지브이 20260212-60-4,20260212,20260413,KRW,10000000000,32,AA-(A2-),정보통신업
씨제이씨지브이,KRZF07916DG2,씨제이씨지브이 20260212-32-13,20260212,20260316,KRW,5000000000,4,AA-(A2-),정보통신업
씨제이씨지브이,KRZF079165G2,씨제이씨지브이 20260212-60-5,20260212,20260413,KRW,5000000000,32,AA-(A2-),정보통신업
씨제이씨지브이,KRZF07916CG2,씨제이씨지브이 20260212-32-12,20260212,20260316,KRW,10000000000,4,AA-(A2-),정보통신업
엘에스전선,KRZF104232G2,엘에스전선 20260212-173-2,20260212,20260804,KRW,5000000000,145,AAA0(A1),정보통신업
엘에스전선,KRZF104231G2,엘에스전선 20260212-173-1,20260212,20260804,KRW,5000000000,145,AAA0(A1),정보통신업
오케이넥스트,KRZF068971G2,오케이넥스트 20260212-89-1,20260212,20260512,KRW,8000000000,61,A0(A3),금융 및 보험업
유안타증권,KRZF00347BG2,유안타증권 20260212-364-11,20260212,20270211,KRW,5000000000,336,AAA0(A1),금융 및 보험업
유안타증권,KRZF00347CG2,유안타증권 20260212-364-12,20260212,20270211,KRW,5000000000,336,AAA0(A1),금융 및 보험업
제이비우리캐피탈,KRZF07931SG2,제이비우리캐피탈 20260212-28-26,20260212,20260312,KRW,5000000000,0,AAA0(A1),금융 및 보험업
제이비우리캐피탈,KRZF079317GE,제이비우리캐피탈 20260212-28-40,20260212,20260312,KRW,5000000000,0,AAA0(A1),금융 및 보험업
제이비우리캐피탈,KRZF079315GE,제이비우리캐피탈 20260212-28-38,20260212,20260312,KRW,5000000000,0,AAA0(A1),금융 및 보험업
제이비우리캐피탈,KRZF07931RG2,제이비우리캐피탈 20260212-28-25,20260212,20260312,KRW,5000000000,0,AAA0(A1),금융 및 보험업
제이비우리캐피탈,KRZF079310GE,제이비우리캐피탈 20260212-28-33,20260212,20260312,KRW,5000000000,0,AAA0(A1),금융 및 보험업
제이비우리캐피탈,KRZF07931TG2,제이비우리캐피탈 20260212-28-27,20260212,20260312,KRW,5000000000,0,AAA0(A1),금융 및 보험업
제이비우리캐피탈,KRZF07931AGE,제이비우리캐피탈 20260212-28-43,20260212,20260312,KRW,5000000000,0,AAA0(A1),금융 및 보험업
제이비우리캐피탈,KRZF079313GE,제이비우리캐피탈 20260212-28-36,20260212,20260312,KRW,5000000000,0,AAA0(A1),금융 및 보험업
제이비우리캐피탈,KRZF07931WG2,제이비우리캐피탈 20260212-28-29,20260212,20260312,KRW,5000000000,0,AAA0(A1),금융 및 보험업
제이비우리캐피탈,KRZF079316GE,제이비우리캐피탈 20260212-28-39,20260212,20260312,KRW,5000000000,0,AAA0(A1),금융 및 보험업
제이비우리캐피탈,KRZF079312GE,제이비우리캐피탈 20260212-28-35,20260212,20260312,KRW,5000000000,0,AAA0(A1),금융 및 보험업
제이비우리캐피탈,KRZF07931VG2,제이비우리캐피탈 20260212-28-28,20260212,20260312,KRW,5000000000,0,AAA0(A1),금융 및 보험업
제이비우리캐피탈,KRZF079318GE,제이비우리캐피탈 20260212-28-41,20260212,20260312,KRW,5000000000,0,AAA0(A1),금융 및 보험업
제이비우리캐피탈,KRZF07931QG2,제이비우리캐피탈 20260212-28-24,20260212,20260312,KRW,5000000000,0,AAA0(A1),금융 및 보험업
제이비우리캐피탈,KRZF079314GE,제이비우리캐피탈 20260212-28-37,20260212,20260312,KRW,5000000000,0,AAA0(A1),금융 및 보험업
제이비우리캐피탈,KRZF079311GE,제이비우리캐피탈 20260212-28-34,20260212,20260312,KRW,5000000000,0,AAA0(A1),금융 및 보험업
제이비우리캐피탈,KRZF079319GE,제이비우리캐피탈 20260212-28-42,20260212,20260312,KRW,5000000000,0,AAA0(A1),금융 및 보험업
제이비우리캐피탈,KRZF07931ZG2,제이비우리캐피탈 20260212-28-32,20260212,20260312,KRW,5000000000,0,AAA0(A1),금융 및 보험업
제이비우리캐피탈,KRZF07931YG2,제이비우리캐피탈 20260212-28-31,20260212,20260312,KRW,5000000000,0,AAA0(A1),금융 및 보험업
제이비우리캐피탈,KRZF07931XG2,제이비우리캐피탈 20260212-28-30,20260212,20260312,KRW,5000000000,0,AAA0(A1),금융 및 보험업
케이비증권,KRZF003451G2,케이비증권 20260212-357-1,20260212,20270204,KRW,5000000000,329,AAA0(A1),금융 및 보험업
케이비증권,KRZF003456G2,케이비증권 20260212-357-6,20260212,20270204,KRW,5000000000,329,AAA0(A1),금융 및 보험업
케이비증권,KRZF003455G2,케이비증권 20260212-357-5,20260212,20270204,KRW,5000000000,329,AAA0(A1),금융 및 보험업
케이비증권,KRZF003453G2,케이비증권 20260212-357-3,20260212,20270204,KRW,5000000000,329,AAA0(A1),금융 및 보험업
케이비증권,KRZF003458G2,케이비증권 20260212-357-8,20260212,20270204,KRW,5000000000,329,AAA0(A1),금융 및 보험업
케이비증권,KRZF003454G2,케이비증권 20260212-357-4,20260212,20270204,KRW,5000000000,329,AAA0(A1),금융 및 보험업
케이비증권,KRZF003457G2,케이비증권 20260212-357-7,20260212,20270204,KRW,5000000000,329,AAA0(A1),금융 및 보험업
케이비증권,KRZF003452G2,케이비증권 20260212-357-2,20260212,20270204,KRW,5000000000,329,AAA0(A1),금융 및 보험업
케이비캐피탈,KRZF02196KGE,케이비캐피탈 20260212-203-52,20260212,20260903,KRW,5000000000,175,AAA0(A1),금융 및 보험업
케이비캐피탈,KRZF02196HGE,케이비캐피탈 20260212-228-50,20260212,20260928,KRW,5000000000,200,AAA0(A1),금융 및 보험업
케이비캐피탈,KRZF02196JGE,케이비캐피탈 20260212-203-51,20260212,20260903,KRW,5000000000,175,AAA0(A1),금융 및 보험업
케이비캐피탈,KRZF02196GGE,케이비캐피탈 20260212-228-49,20260212,20260928,KRW,5000000000,200,AAA0(A1),금융 및 보험업
코리아세븐,KRZF12327LG2,코리아세븐 20260212-34-20,20260212,20260318,KRW,5000000000,6,AAA0(A1),도매 및 소매업
코리아세븐,KRZF12327KG2,코리아세븐 20260212-34-19,20260212,20260318,KRW,5000000000,6,AAA0(A1),도매 및 소매업
코리아세븐,KRZF123272G2,코리아세븐 20260212-34-2,20260212,20260318,KRW,5000000000,6,AA0(A2),도매 및 소매업
코리아세븐,KRZF123273G2,코리아세븐 20260212-34-3,20260212,20260318,KRW,5000000000,6,AA0(A2),도매 및 소매업
코리아세븐,KRZF12327QG2,코리아세븐 20260212-34-24,20260212,20260318,KRW,5000000000,6,AAA0(A1),도매 및 소매업
코리아세븐,KRZF12327GG2,코리아세븐 20260212-34-16,20260212,20260318,KRW,5000000000,6,AAA0(A1),도매 및 소매업
코리아세븐,KRZF12327FG2,코리아세븐 20260212-34-15,20260212,20260318,KRW,5000000000,6,AA0(A2),도매 및 소매업
코리아세븐,KRZF123274G2,코리아세븐 20260212-34-4,20260212,20260318,KRW,5000000000,6,AA0(A2),도매 및 소매업
코리아세븐,KRZF12327MG2,코리아세븐 20260212-34-21,20260212,20260318,KRW,5000000000,6,AAA0(A1),도매 및 소매업
코리아세븐,KRZF12327NG2,코리아세븐 20260212-34-22,20260212,20260318,KRW,5000000000,6,AAA0(A1),도매 및 소매업
코리아세븐,KRZF12327HG2,코리아세븐 20260212-34-17,20260212,20260318,KRW,5000000000,6,AAA0(A1),도매 및 소매업
코리아세븐,KRZF123271G2,코리아세븐 20260212-34-1,20260212,20260318,KRW,5000000000,6,AA0(A2),도매 및 소매업
코리아세븐,KRZF12327JG2,코리아세븐 20260212-34-18,20260212,20260318,KRW,5000000000,6,AAA0(A1),도매 및 소매업
코리아세븐,KRZF12327PG2,코리아세븐 20260212-34-23,20260212,20260318,KRW,5000000000,6,AAA0(A1),도매 및 소매업
하나카드,KRZFC0549DG2,하나카드 20260212-211-79,20260212,20260911,KRW,5000000000,183,AAA0(A1),금융 및 보험업
하나카드,KRZFC0549TG2,하나카드 20260212-253-93,20260212,20261023,KRW,5000000000,225,AAA0(A1),금융 및 보험업
하나카드,KRZFC0549HG2,하나카드 20260212-211-83,20260212,20260911,KRW,5000000000,183,AAA0(A1),금융 및 보험업
하나카드,KRZFC0549EG2,하나카드 20260212-211-80,20260212,20260911,KRW,5000000000,183,AAA0(A1),금융 및 보험업
하나카드,KRZFC0549BG2,하나카드 20260212-291-77,20260212,20261130,KRW,5000000000,263,AAA0(A1),금융 및 보험업
하나카드,KRZFC05491G2,하나카드 20260212-260-67,20260212,20261030,KRW,5000000000,232,AAA0(A1),금융 및 보험업
하나카드,KRZF20549YGE,하나카드 20260212-291-64,20260212,20261130,KRW,5000000000,263,AAA0(A1),금융 및 보험업
하나카드,KRZF20549QGE,하나카드 20260212-218-57,20260212,20260918,KRW,5000000000,190,AAA0(A1),금융 및 보험업
하나카드,KRZF20549NGE,하나카드 20260212-222-55,20260212,20260922,KRW,5000000000,194,AAA0(A1),금융 및 보험업
하나카드,KRZF20549GGE,하나카드 20260212-215-49,20260212,20260915,KRW,5000000000,187,AAA0(A1),금융 및 보험업
하나카드,KRZFC0549ZG2,하나카드 20260212-286-98,20260212,20261125,KRW,5000000000,258,AAA0(A1),금융 및 보험업
하나카드,KRZFC0549WG2,하나카드 20260212-253-95,20260212,20261023,KRW,5000000000,225,AAA0(A1),금융 및 보험업
하나카드,KRZFC0549VG2,하나카드 20260212-253-94,20260212,20261023,KRW,5000000000,225,AAA0(A1),금융 및 보험업
하나카드,KRZFC0549NG2,하나카드 20260212-211-88,20260212,20260911,KRW,5000000000,183,AAA0(A1),금융 및 보험업
하나카드,KRZFC0549MG2,하나카드 20260212-211-87,20260212,20260911,KRW,5000000000,183,AAA0(A1),금융 및 보험업
하나카드,KRZFC0549FG2,하나카드 20260212-211-81,20260212,20260911,KRW,5000000000,183,AAA0(A1),금융 및 보험업
하나카드,KRZF20549PGE,하나카드 20260212-274-56,20260212,20261113,KRW,5000000000,246,AAA0(A1),금융 및 보험업
하나카드,KRZFC0549PG2,하나카드 20260212-211-89,20260212,20260911,KRW,5000000000,183,AAA0(A1),금융 및 보험업
하나카드,KRZFC0549JG2,하나카드 20260212-211-84,20260212,20260911,KRW,5000000000,183,AAA0(A1),금융 및 보험업
하나카드,KRZFC0549GG2,하나카드 20260212-211-82,20260212,20260911,KRW,5000000000,183,AAA0(A1),금융 및 보험업
하나카드,KRZF20549VGE,하나카드 20260212-218-61,20260212,20260918,KRW,5000000000,190,AAA0(A1),금융 및 보험업
하나카드,KRZFC0549AG2,하나카드 20260212-291-76,20260212,20261130,KRW,5000000000,263,AAA0(A1),금융 및 보험업
하나카드,KRZFC05497G2,하나카드 20260212-291-73,20260212,20261130,KRW,5000000000,263,AAA0(A1),금융 및 보험업
하나카드,KRZFC05496G2,하나카드 20260212-291-72,20260212,20261130,KRW,5000000000,263,AAA0(A1),금융 및 보험업
하나카드,KRZF20549TGE,하나카드 20260212-218-60,20260212,20260918,KRW,5000000000,190,AAA0(A1),금융 및 보험업
하나카드,KRZF20549SGE,하나카드 20260212-274-59,20260212,20261113,KRW,5000000000,246,AAA0(A1),금융 및 보험업
하나카드,KRZF20549XGE,하나카드 20260212-291-63,20260212,20261130,KRW,5000000000,263,AAA0(A1),금융 및 보험업
하나카드,KRZFC0549YG2,하나카드 20260212-286-97,20260212,20261125,KRW,5000000000,258,AAA0(A1),금융 및 보험업
하나카드,KRZFC05499G2,하나카드 20260212-291-75,20260212,20261130,KRW,5000000000,263,AAA0(A1),금융 및 보험업
하나카드,KRZFC05498G2,하나카드 20260212-291-74,20260212,20261130,KRW,5000000000,263,AAA0(A1),금융 및 보험업
하나카드,KRZF20549WGE,하나카드 20260212-218-62,20260212,20260918,KRW,5000000000,190,AAA0(A1),금융 및 보험업
하나카드,KRZF20549FGE,하나카드 20260212-215-48,20260212,20260915,KRW,5000000000,187,AAA0(A1),금융 및 보험업
하나카드,KRZF20549ZGE,하나카드 20260212-260-65,20260212,20261030,KRW,5000000000,232,AAA0(A1),금융 및 보험업
하나카드,KRZF20549LGE,하나카드 20260212-222-53,20260212,20260922,KRW,5000000000,194,AAA0(A1),금융 및 보험업
하나카드,KRZF20549KGE,하나카드 20260212-274-52,20260212,20261113,KRW,5000000000,246,AAA0(A1),금융 및 보험업
하나카드,KRZF20549JGE,하나카드 20260212-274-51,20260212,20261113,KRW,5000000000,246,AAA0(A1),금융 및 보험업
하나카드,KRZF20549HGE,하나카드 20260212-215-50,20260212,20260915,KRW,5000000000,187,AAA0(A1),금융 및 보험업
하나카드,KRZFC05492G2,하나카드 20260212-260-68,20260212,20261030,KRW,5000000000,232,AAA0(A1),금융 및 보험업
하나카드,KRZFC05494G2,하나카드 20260212-260-70,20260212,20261030,KRW,5000000000,232,AAA0(A1),금융 및 보험업
하나카드,KRZFC05493G2,하나카드 20260212-260-69,20260212,20261030,KRW,5000000000,232,AAA0(A1),금융 및 보험업
하나카드,KRZF20549RGE,하나카드 20260212-274-57,20260212,20261113,KRW,5000000000,246,AAA0(A1),금융 및 보험업
하나카드,KRZF20549MGE,하나카드 20260212-274-54,20260212,20261113,KRW,5000000000,246,AAA0(A1),금융 및 보험업
하나카드,KRZFC0549CG2,하나카드 20260212-291-78,20260212,20261130,KRW,5000000000,263,AAA0(A1),금융 및 보험업
하나카드,KRZFC05490G2,하나카드 20260212-260-66,20260212,20261030,KRW,5000000000,232,AAA0(A1),금융 및 보험업
하나카드,KRZFC0549LG2,하나카드 20260212-211-86,20260212,20260911,KRW,5000000000,183,AAA0(A1),금융 및 보험업
하나카드,KRZFC05495G2,하나카드 20260212-291-71,20260212,20261130,KRW,5000000000,263,AAA0(A1),금융 및 보험업
하나카드,KRZFC05490GE,하나카드 20260212-286-99,20260212,20261125,KRW,5000000000,258,AAA0(A1),금융 및 보험업
하나카드,KRZFC0549XG2,하나카드 20260212-286-96,20260212,20261125,KRW,5000000000,258,AAA0(A1),금융 및 보험업
하나카드,KRZFC0549SG2,하나카드 20260212-211-92,20260212,20260911,KRW,5000000000,183,AAA0(A1),금융 및 보험업
하나카드,KRZFC0549RG2,하나카드 20260212-211-91,20260212,20260911,KRW,5000000000,183,AAA0(A1),금융 및 보험업
하나카드,KRZFC0549QG2,하나카드 20260212-211-90,20260212,20260911,KRW,5000000000,183,AAA0(A1),금융 및 보험업
하나카드,KRZFC0549KG2,하나카드 20260212-211-85,20260212,20260911,KRW,5000000000,183,AAA0(A1),금융 및 보험업
한국가스공사,KRZF036463GE,한국가스공사 20260212-91-36,20260212,20260514,KRW,10000000000,63,AAA0(A1),"전기, 가스, 증기 및 공기조절 공급업"
한국가스공사,KRZF03646RGE,한국가스공사 20260212-91-58,20260212,20260514,KRW,10000000000,63,AAA0(A1),"전기, 가스, 증기 및 공기조절 공급업"
한국가스공사,KRZF03646LGE,한국가스공사 20260212-91-53,20260212,20260514,KRW,10000000000,63,AAA0(A1),"전기, 가스, 증기 및 공기조절 공급업"
한국가스공사,KRZF03646YG2,한국가스공사 20260212-91-31,20260212,20260514,KRW,10000000000,63,AAA0(A1),"전기, 가스, 증기 및 공기조절 공급업"
한국가스공사,KRZF03646KGE,한국가스공사 20260212-91-52,20260212,20260514,KRW,10000000000,63,AAA0(A1),"전기, 가스, 증기 및 공기조절 공급업"
한국가스공사,KRZF03646JGE,한국가스공사 20260212-91-51,20260212,20260514,KRW,10000000000,63,AAA0(A1),"전기, 가스, 증기 및 공기조절 공급업"
한국가스공사,KRZF03646GGE,한국가스공사 20260212-91-49,20260212,20260514,KRW,10000000000,63,AAA0(A1),"전기, 가스, 증기 및 공기조절 공급업"
한국가스공사,KRZF03646FGE,한국가스공사 20260212-91-48,20260212,20260514,KRW,10000000000,63,AAA0(A1),"전기, 가스, 증기 및 공기조절 공급업"
한국가스공사,KRZF03646BGE,한국가스공사 20260212-91-44,20260212,20260514,KRW,10000000000,63,AAA0(A1),"전기, 가스, 증기 및 공기조절 공급업"
한국가스공사,KRZF03646QGE,한국가스공사 20260212-91-57,20260212,20260514,KRW,10000000000,63,AAA0(A1),"전기, 가스, 증기 및 공기조절 공급업"
한국가스공사,KRZF036469GE,한국가스공사 20260212-91-42,20260212,20260514,KRW,10000000000,63,AAA0(A1),"전기, 가스, 증기 및 공기조절 공급업"
한국가스공사,KRZF036465GE,한국가스공사 20260212-91-38,20260212,20260514,KRW,10000000000,63,AAA0(A1),"전기, 가스, 증기 및 공기조절 공급업"
한국가스공사,KRZF03646ZG2,한국가스공사 20260212-91-32,20260212,20260514,KRW,10000000000,63,AAA0(A1),"전기, 가스, 증기 및 공기조절 공급업"
한국가스공사,KRZF036468GE,한국가스공사 20260212-91-41,20260212,20260514,KRW,10000000000,63,AAA0(A1),"전기, 가스, 증기 및 공기조절 공급업"
한국가스공사,KRZF03646SGE,한국가스공사 20260212-91-59,20260212,20260514,KRW,10000000000,63,AAA0(A1),"전기, 가스, 증기 및 공기조절 공급업"
한국가스공사,KRZF03646MGE,한국가스공사 20260212-91-54,20260212,20260514,KRW,10000000000,63,AAA0(A1),"전기, 가스, 증기 및 공기조절 공급업"
한국가스공사,KRZF03646EGE,한국가스공사 20260212-91-47,20260212,20260514,KRW,10000000000,63,AAA0(A1),"전기, 가스, 증기 및 공기조절 공급업"
한국가스공사,KRZF03646CGE,한국가스공사 20260212-91-45,20260212,20260514,KRW,10000000000,63,AAA0(A1),"전기, 가스, 증기 및 공기조절 공급업"
한국가스공사,KRZF03646PGE,한국가스공사 20260212-91-56,20260212,20260514,KRW,10000000000,63,AAA0(A1),"전기, 가스, 증기 및 공기조절 공급업"
한국가스공사,KRZF036466GE,한국가스공사 20260212-91-39,20260212,20260514,KRW,10000000000,63,AAA0(A1),"전기, 가스, 증기 및 공기조절 공급업"
한국가스공사,KRZF036464GE,한국가스공사 20260212-91-37,20260212,20260514,KRW,10000000000,63,AAA0(A1),"전기, 가스, 증기 및 공기조절 공급업"
한국가스공사,KRZF036460GE,한국가스공사 20260212-91-33,20260212,20260514,KRW,10000000000,63,AAA0(A1),"전기, 가스, 증기 및 공기조절 공급업"
한국가스공사,KRZF03646NGE,한국가스공사 20260212-91-55,20260212,20260514,KRW,10000000000,63,AAA0(A1),"전기, 가스, 증기 및 공기조절 공급업"
한국가스공사,KRZF03646HGE,한국가스공사 20260212-91-50,20260212,20260514,KRW,10000000000,63,AAA0(A1),"전기, 가스, 증기 및 공기조절 공급업"
한국가스공사,KRZF03646DGE,한국가스공사 20260212-91-46,20260212,20260514,KRW,10000000000,63,AAA0(A1),"전기, 가스, 증기 및 공기조절 공급업"
한국가스공사,KRZF03646TGE,한국가스공사 20260212-91-60,20260212,20260514,KRW,10000000000,63,AAA0(A1),"전기, 가스, 증기 및 공기조절 공급업"
한국가스공사,KRZF03646AGE,한국가스공사 20260212-91-43,20260212,20260514,KRW,10000000000,63,AAA0(A1),"전기, 가스, 증기 및 공기조절 공급업"
한국가스공사,KRZF036467GE,한국가스공사 20260212-91-40,20260212,20260514,KRW,10000000000,63,AAA0(A1),"전기, 가스, 증기 및 공기조절 공급업"
한국가스공사,KRZF036461GE,한국가스공사 20260212-91-34,20260212,20260514,KRW,10000000000,63,AAA0(A1),"전기, 가스, 증기 및 공기조절 공급업"
한국가스공사,KRZF036462GE,한국가스공사 20260212-91-35,20260212,20260514,KRW,10000000000,63,AAA0(A1),"전기, 가스, 증기 및 공기조절 공급업"
한국광해광업공단,KRZF10857FG2,한국광해광업공단 20260212-90-15,20260212,20260513,KRW,10000000000,62,AAA0(A1),광업
한국광해광업공단,KRZF108577G2,한국광해광업공단 20260212-90-7,20260212,20260513,KRW,10000000000,62,AAA0(A1),광업
한국광해광업공단,KRZF108571G2,한국광해광업공단 20260212-90-1,20260212,20260513,KRW,10000000000,62,AAA0(A1),광업
한국광해광업공단,KRZF10857CG2,한국광해광업공단 20260212-90-12,20260212,20260513,KRW,10000000000,62,AAA0(A1),광업
한국광해광업공단,KRZF108575G2,한국광해광업공단 20260212-90-5,20260212,20260513,KRW,10000000000,62,AAA0(A1),광업
한국광해광업공단,KRZF108573G2,한국광해광업공단 20260212-90-3,20260212,20260513,KRW,10000000000,62,AAA0(A1),광업
한국광해광업공단,KRZF108574G2,한국광해광업공단 20260212-90-4,20260212,20260513,KRW,10000000000,62,AAA0(A1),광업
한국광해광업공단,KRZF108579G2,한국광해광업공단 20260212-90-9,20260212,20260513,KRW,10000000000,62,AAA0(A1),광업
한국광해광업공단,KRZF10857BG2,한국광해광업공단 20260212-90-11,20260212,20260513,KRW,10000000000,62,AAA0(A1),광업
한국광해광업공단,KRZF10857AG2,한국광해광업공단 20260212-90-10,20260212,20260513,KRW,10000000000,62,AAA0(A1),광업
한국광해광업공단,KRZF108576G2,한국광해광업공단 20260212-90-6,20260212,20260513,KRW,10000000000,62,AAA0(A1),광업
한국광해광업공단,KRZF108572G2,한국광해광업공단 20260212-90-2,20260212,20260513,KRW,10000000000,62,AAA0(A1),광업
한국광해광업공단,KRZF10857EG2,한국광해광업공단 20260212-90-14,20260212,20260513,KRW,10000000000,62,AAA0(A1),광업
한국광해광업공단,KRZF108578G2,한국광해광업공단 20260212-90-8,20260212,20260513,KRW,10000000000,62,AAA0(A1),광업
한국광해광업공단,KRZF10857DG2,한국광해광업공단 20260212-90-13,20260212,20260513,KRW,10000000000,62,AAA0(A1),광업
한국전력공사,KRZFE1576HGE,한국전력공사 20260212-89-182,20260212,20260512,KRW,10000000000,61,AAA0(A1),"전기, 가스, 증기 및 공기조절 공급업"
한국전력공사,KRZFE1576JGE,한국전력공사 20260212-89-183,20260212,20260512,KRW,10000000000,61,AAA0(A1),"전기, 가스, 증기 및 공기조절 공급업"
한국전력공사,KRZFJ15764GE,한국전력공사 20260212-89-235,20260212,20260512,KRW,10000000000,61,AAA0(A1),"전기, 가스, 증기 및 공기조절 공급업"
한국전력공사,KRZFJ1576ZG2,한국전력공사 20260212-89-230,20260212,20260512,KRW,10000000000,61,AAA0(A1),"전기, 가스, 증기 및 공기조절 공급업"
한국전력공사,KRZFJ1576TG2,한국전력공사 20260212-89-225,20260212,20260512,KRW,10000000000,61,AAA0(A1),"전기, 가스, 증기 및 공기조절 공급업"
한국전력공사,KRZFJ1576SG2,한국전력공사 20260212-89-224,20260212,20260512,KRW,10000000000,61,AAA0(A1),"전기, 가스, 증기 및 공기조절 공급업"
한국전력공사,KRZFJ1576PG2,한국전력공사 20260212-89-221,20260212,20260512,KRW,10000000000,61,AAA0(A1),"전기, 가스, 증기 및 공기조절 공급업"
한국전력공사,KRZFE15767GE,한국전력공사 20260212-92-172,20260212,20260515,KRW,10000000000,64,AAA0(A1),"전기, 가스, 증기 및 공기조절 공급업"
한국전력공사,KRZFE15763GE,한국전력공사 20260212-92-168,20260212,20260515,KRW,10000000000,64,AAA0(A1),"전기, 가스, 증기 및 공기조절 공급업"
한국전력공사,KRZFE15762GE,한국전력공사 20260212-92-167,20260212,20260515,KRW,10000000000,64,AAA0(A1),"전기, 가스, 증기 및 공기조절 공급업"
한국전력공사,KRZFE15760GE,한국전력공사 20260212-92-165,20260212,20260515,KRW,10000000000,64,AAA0(A1),"전기, 가스, 증기 및 공기조절 공급업"
한국전력공사,KRZFE1576XG2,한국전력공사 20260212-92-162,20260212,20260515,KRW,10000000000,64,AAA0(A1),"전기, 가스, 증기 및 공기조절 공급업"
한국전력공사,KRZFJ15761GE,한국전력공사 20260212-89-232,20260212,20260512,KRW,10000000000,61,AAA0(A1),"전기, 가스, 증기 및 공기조절 공급업"
한국전력공사,KRZFE1576FGE,한국전력공사 20260212-92-180,20260212,20260515,KRW,10000000000,64,AAA0(A1),"전기, 가스, 증기 및 공기조절 공급업"
한국전력공사,KRZFE1576EGE,한국전력공사 20260212-92-179,20260212,20260515,KRW,10000000000,64,AAA0(A1),"전기, 가스, 증기 및 공기조절 공급업"
한국전력공사,KRZFE15768GE,한국전력공사 20260212-92-173,20260212,20260515,KRW,10000000000,64,AAA0(A1),"전기, 가스, 증기 및 공기조절 공급업"
한국전력공사,KRZFE15766GE,한국전력공사 20260212-92-171,20260212,20260515,KRW,10000000000,64,AAA0(A1),"전기, 가스, 증기 및 공기조절 공급업"
한국전력공사,KRZFE15761GE,한국전력공사 20260212-92-166,20260212,20260515,KRW,10000000000,64,AAA0(A1),"전기, 가스, 증기 및 공기조절 공급업"
한국전력공사,KRZFE1576YG2,한국전력공사 20260212-92-163,20260212,20260515,KRW,10000000000,64,AAA0(A1),"전기, 가스, 증기 및 공기조절 공급업"
한국전력공사,KRZFJ15763GE,한국전력공사 20260212-89-234,20260212,20260512,KRW,10000000000,61,AAA0(A1),"전기, 가스, 증기 및 공기조절 공급업"
한국전력공사,KRZFJ1576WG2,한국전력공사 20260212-89-227,20260212,20260512,KRW,10000000000,61,AAA0(A1),"전기, 가스, 증기 및 공기조절 공급업"
한국전력공사,KRZFJ15760G2,한국전력공사 20260212-89-198,20260212,20260512,KRW,10000000000,61,AAA0(A1),"전기, 가스, 증기 및 공기조절 공급업"
한국전력공사,KRZFE1576TGE,한국전력공사 20260212-89-192,20260212,20260512,KRW,10000000000,61,AAA0(A1),"전기, 가스, 증기 및 공기조절 공급업"
한국전력공사,KRZFE1576SGE,한국전력공사 20260212-89-191,20260212,20260512,KRW,10000000000,61,AAA0(A1),"전기, 가스, 증기 및 공기조절 공급업"
한국전력공사,KRZFJ1576LG2,한국전력공사 20260212-89-218,20260212,20260512,KRW,10000000000,61,AAA0(A1),"전기, 가스, 증기 및 공기조절 공급업"
한국전력공사,KRZFJ1576FG2,한국전력공사 20260212-89-213,20260212,20260512,KRW,10000000000,61,AAA0(A1),"전기, 가스, 증기 및 공기조절 공급업"
한국전력공사,KRZFJ1576BG2,한국전력공사 20260212-89-209,20260212,20260512,KRW,10000000000,61,AAA0(A1),"전기, 가스, 증기 및 공기조절 공급업"
한국전력공사,KRZFJ1576AG2,한국전력공사 20260212-89-208,20260212,20260512,KRW,10000000000,61,AAA0(A1),"전기, 가스, 증기 및 공기조절 공급업"
한국전력공사,KRZFE1576XGE,한국전력공사 20260212-89-195,20260212,20260512,KRW,10000000000,61,AAA0(A1),"전기, 가스, 증기 및 공기조절 공급업"
한국전력공사,KRZFE1576LGE,한국전력공사 20260212-89-185,20260212,20260512,KRW,10000000000,61,AAA0(A1),"전기, 가스, 증기 및 공기조절 공급업"
한국전력공사,KRZFE1576KGE,한국전력공사 20260212-89-184,20260212,20260512,KRW,10000000000,61,AAA0(A1),"전기, 가스, 증기 및 공기조절 공급업"
한국전력공사,KRZFJ15769GE,한국전력공사 20260212-89-240,20260212,20260512,KRW,10000000000,61,AAA0(A1),"전기, 가스, 증기 및 공기조절 공급업"
한국전력공사,KRZFJ15762GE,한국전력공사 20260212-89-233,20260212,20260512,KRW,10000000000,61,AAA0(A1),"전기, 가스, 증기 및 공기조절 공급업"
한국전력공사,KRZFJ1576YG2,한국전력공사 20260212-89-229,20260212,20260512,KRW,10000000000,61,AAA0(A1),"전기, 가스, 증기 및 공기조절 공급업"
한국전력공사,KRZFE15765GE,한국전력공사 20260212-92-170,20260212,20260515,KRW,10000000000,64,AAA0(A1),"전기, 가스, 증기 및 공기조절 공급업"
한국전력공사,KRZFE15764GE,한국전력공사 20260212-92-169,20260212,20260515,KRW,10000000000,64,AAA0(A1),"전기, 가스, 증기 및 공기조절 공급업"
한국전력공사,KRZFE1576VGE,한국전력공사 20260212-89-193,20260212,20260512,KRW,10000000000,61,AAA0(A1),"전기, 가스, 증기 및 공기조절 공급업"
한국전력공사,KRZFE1576QGE,한국전력공사 20260212-89-189,20260212,20260512,KRW,10000000000,61,AAA0(A1),"전기, 가스, 증기 및 공기조절 공급업"
한국전력공사,KRZFJ15765GE,한국전력공사 20260212-89-236,20260212,20260512,KRW,10000000000,61,AAA0(A1),"전기, 가스, 증기 및 공기조절 공급업"
한국전력공사,KRZFJ15760GE,한국전력공사 20260212-89-231,20260212,20260512,KRW,10000000000,61,AAA0(A1),"전기, 가스, 증기 및 공기조절 공급업"
한국전력공사,KRZFJ1576QG2,한국전력공사 20260212-89-222,20260212,20260512,KRW,10000000000,61,AAA0(A1),"전기, 가스, 증기 및 공기조절 공급업"
한국전력공사,KRZFE1576BGE,한국전력공사 20260212-92-176,20260212,20260515,KRW,10000000000,64,AAA0(A1),"전기, 가스, 증기 및 공기조절 공급업"
한국전력공사,KRZFE15769GE,한국전력공사 20260212-92-174,20260212,20260515,KRW,10000000000,64,AAA0(A1),"전기, 가스, 증기 및 공기조절 공급업"
한국전력공사,KRZFE1576ZG2,한국전력공사 20260212-92-164,20260212,20260515,KRW,10000000000,64,AAA0(A1),"전기, 가스, 증기 및 공기조절 공급업"
한국전력공사,KRZFJ15769G2,한국전력공사 20260212-89-207,20260212,20260512,KRW,10000000000,61,AAA0(A1),"전기, 가스, 증기 및 공기조절 공급업"
한국전력공사,KRZFJ15766G2,한국전력공사 20260212-89-204,20260212,20260512,KRW,10000000000,61,AAA0(A1),"전기, 가스, 증기 및 공기조절 공급업"
한국전력공사,KRZFJ1576GG2,한국전력공사 20260212-89-214,20260212,20260512,KRW,10000000000,61,AAA0(A1),"전기, 가스, 증기 및 공기조절 공급업"
한국전력공사,KRZFJ15765G2,한국전력공사 20260212-89-203,20260212,20260512,KRW,10000000000,61,AAA0(A1),"전기, 가스, 증기 및 공기조절 공급업"
한국전력공사,KRZFJ15762G2,한국전력공사 20260212-89-200,20260212,20260512,KRW,10000000000,61,AAA0(A1),"전기, 가스, 증기 및 공기조절 공급업"
한국전력공사,KRZFJ15761G2,한국전력공사 20260212-89-199,20260212,20260512,KRW,10000000000,61,AAA0(A1),"전기, 가스, 증기 및 공기조절 공급업"
한국전력공사,KRZFE1576YGE,한국전력공사 20260212-89-196,20260212,20260512,KRW,10000000000,61,AAA0(A1),"전기, 가스, 증기 및 공기조절 공급업"
한국전력공사,KRZFJ1576DG2,한국전력공사 20260212-89-211,20260212,20260512,KRW,10000000000,61,AAA0(A1),"전기, 가스, 증기 및 공기조절 공급업"
한국전력공사,KRZFJ15767G2,한국전력공사 20260212-89-205,20260212,20260512,KRW,10000000000,61,AAA0(A1),"전기, 가스, 증기 및 공기조절 공급업"
한국전력공사,KRZFJ15764G2,한국전력공사 20260212-89-202,20260212,20260512,KRW,10000000000,61,AAA0(A1),"전기, 가스, 증기 및 공기조절 공급업"
한국전력공사,KRZFE1576PGE,한국전력공사 20260212-89-188,20260212,20260512,KRW,10000000000,61,AAA0(A1),"전기, 가스, 증기 및 공기조절 공급업"
한국전력공사,KRZFE1576GGE,한국전력공사 20260212-89-181,20260212,20260512,KRW,10000000000,61,AAA0(A1),"전기, 가스, 증기 및 공기조절 공급업"
한국전력공사,KRZFE1576CGE,한국전력공사 20260212-92-177,20260212,20260515,KRW,10000000000,64,AAA0(A1),"전기, 가스, 증기 및 공기조절 공급업"
한국전력공사,KRZFE1576WG2,한국전력공사 20260212-92-161,20260212,20260515,KRW,10000000000,64,AAA0(A1),"전기, 가스, 증기 및 공기조절 공급업"
한국전력공사,KRZFE1576DGE,한국전력공사 20260212-92-178,20260212,20260515,KRW,10000000000,64,AAA0(A1),"전기, 가스, 증기 및 공기조절 공급업"
한국전력공사,KRZFE1576AGE,한국전력공사 20260212-92-175,20260212,20260515,KRW,10000000000,64,AAA0(A1),"전기, 가스, 증기 및 공기조절 공급업"
한국전력공사,KRZFJ15763G2,한국전력공사 20260212-89-201,20260212,20260512,KRW,10000000000,61,AAA0(A1),"전기, 가스, 증기 및 공기조절 공급업"
한국전력공사,KRZFE1576RGE,한국전력공사 20260212-89-190,20260212,20260512,KRW,10000000000,61,AAA0(A1),"전기, 가스, 증기 및 공기조절 공급업"
한국전력공사,KRZFE1576MGE,한국전력공사 20260212-89-186,20260212,20260512,KRW,10000000000,61,AAA0(A1),"전기, 가스, 증기 및 공기조절 공급업"
한국전력공사,KRZFJ1576NG2,한국전력공사 20260212-89-220,20260212,20260512,KRW,10000000000,61,AAA0(A1),"전기, 가스, 증기 및 공기조절 공급업"
한국전력공사,KRZFJ1576KG2,한국전력공사 20260212-89-217,20260212,20260512,KRW,10000000000,61,AAA0(A1),"전기, 가스, 증기 및 공기조절 공급업"
한국전력공사,KRZFJ1576HG2,한국전력공사 20260212-89-215,20260212,20260512,KRW,10000000000,61,AAA0(A1),"전기, 가스, 증기 및 공기조절 공급업"
한국전력공사,KRZFE1576ZGE,한국전력공사 20260212-89-197,20260212,20260512,KRW,10000000000,61,AAA0(A1),"전기, 가스, 증기 및 공기조절 공급업"
한국전력공사,KRZFJ15768GE,한국전력공사 20260212-89-239,20260212,20260512,KRW,10000000000,61,AAA0(A1),"전기, 가스, 증기 및 공기조절 공급업"
한국전력공사,KRZFJ15767GE,한국전력공사 20260212-89-238,20260212,20260512,KRW,10000000000,61,AAA0(A1),"전기, 가스, 증기 및 공기조절 공급업"
한국전력공사,KRZFJ15766GE,한국전력공사 20260212-89-237,20260212,20260512,KRW,10000000000,61,AAA0(A1),"전기, 가스, 증기 및 공기조절 공급업"
한국전력공사,KRZFJ1576XG2,한국전력공사 20260212-89-228,20260212,20260512,KRW,10000000000,61,AAA0(A1),"전기, 가스, 증기 및 공기조절 공급업"
한국전력공사,KRZFJ1576RG2,한국전력공사 20260212-89-223,20260212,20260512,KRW,10000000000,61,AAA0(A1),"전기, 가스, 증기 및 공기조절 공급업"
한국전력공사,KRZFJ1576MG2,한국전력공사 20260212-89-219,20260212,20260512,KRW,10000000000,61,AAA0(A1),"전기, 가스, 증기 및 공기조절 공급업"
한국전력공사,KRZFJ1576JG2,한국전력공사 20260212-89-216,20260212,20260512,KRW,10000000000,61,AAA0(A1),"전기, 가스, 증기 및 공기조절 공급업"
한국전력공사,KRZFJ1576EG2,한국전력공사 20260212-89-212,20260212,20260512,KRW,10000000000,61,AAA0(A1),"전기, 가스, 증기 및 공기조절 공급업"
한국전력공사,KRZFE1576WGE,한국전력공사 20260212-89-194,20260212,20260512,KRW,10000000000,61,AAA0(A1),"전기, 가스, 증기 및 공기조절 공급업"
한국전력공사,KRZFJ1576CG2,한국전력공사 20260212-89-210,20260212,20260512,KRW,10000000000,61,AAA0(A1),"전기, 가스, 증기 및 공기조절 공급업"
한국전력공사,KRZFJ1576VG2,한국전력공사 20260212-89-226,20260212,20260512,KRW,10000000000,61,AAA0(A1),"전기, 가스, 증기 및 공기조절 공급업"
한국전력공사,KRZFJ15768G2,한국전력공사 20260212-89-206,20260212,20260512,KRW,10000000000,61,AAA0(A1),"전기, 가스, 증기 및 공기조절 공급업"
한국전력공사,KRZFE1576NGE,한국전력공사 20260212-89-187,20260212,20260512,KRW,10000000000,61,AAA0(A1),"전기, 가스, 증기 및 공기조절 공급업"
한국증권금융,KRZF02882RG2,한국증권금융 20260212-27-25,20260212,20260311,KRW,10000000000,-1,AAA0(A1),금융 및 보험업
한국증권금융,KRZF028822GE,한국증권금융 20260212-27-35,20260212,20260311,KRW,10000000000,-1,AAA0(A1),금융 및 보험업
한국증권금융,KRZF02882NG2,한국증권금융 20260212-27-22,20260212,20260311,KRW,10000000000,-1,AAA0(A1),금융 및 보험업
한국증권금융,KRZF028821GE,한국증권금융 20260212-27-34,20260212,20260311,KRW,10000000000,-1,AAA0(A1),금융 및 보험업
한국증권금융,KRZF02882PG2,한국증권금융 20260212-27-23,20260212,20260311,KRW,10000000000,-1,AAA0(A1),금융 및 보험업
한국증권금융,KRZF028825GE,한국증권금융 20260212-27-38,20260212,20260311,KRW,10000000000,-1,AAA0(A1),금융 및 보험업
한국증권금융,KRZF028824GE,한국증권금융 20260212-27-37,20260212,20260311,KRW,10000000000,-1,AAA0(A1),금융 및 보험업
한국증권금융,KRZF02882ZG2,한국증권금융 20260212-27-32,20260212,20260311,KRW,10000000000,-1,AAA0(A1),금융 및 보험업
한국증권금융,KRZF02882WG2,한국증권금융 20260212-27-29,20260212,20260311,KRW,10000000000,-1,AAA0(A1),금융 및 보험업
한국증권금융,KRZF028826GE,한국증권금융 20260212-27-39,20260212,20260311,KRW,10000000000,-1,AAA0(A1),금융 및 보험업
한국증권금융,KRZF02882YG2,한국증권금융 20260212-27-31,20260212,20260311,KRW,10000000000,-1,AAA0(A1),금융 및 보험업
한국증권금융,KRZF02882VG2,한국증권금융 20260212-27-28,20260212,20260311,KRW,10000000000,-1,AAA0(A1),금융 및 보험업
한국증권금융,KRZF028820GE,한국증권금융 20260212-27-33,20260212,20260311,KRW,10000000000,-1,AAA0(A1),금융 및 보험업
한국증권금융,KRZF02882XG2,한국증권금융 20260212-27-30,20260212,20260311,KRW,10000000000,-1,AAA0(A1),금융 및 보험업
한국증권금융,KRZF02882SG2,한국증권금융 20260212-27-26,20260212,20260311,KRW,10000000000,-1,AAA0(A1),금융 및 보험업
한국증권금융,KRZF02882QG2,한국증권금융 20260212-27-24,20260212,20260311,KRW,10000000000,-1,AAA0(A1),금융 및 보험업
한국증권금융,KRZF02882MG2,한국증권금융 20260212-27-21,20260212,20260311,KRW,10000000000,-1,AAA0(A1),금융 및 보험업
한국증권금융,KRZF028827GE,한국증권금융 20260212-27-40,20260212,20260311,KRW,10000000000,-1,AAA0(A1),금융 및 보험업
한국증권금융,KRZF028823GE,한국증권금융 20260212-27-36,20260212,20260311,KRW,10000000000,-1,AAA0(A1),금융 및 보험업
한국증권금융,KRZF02882TG2,한국증권금융 20260212-27-27,20260212,20260311,KRW,10000000000,-1,AAA0(A1),금융 및 보험업
한국토지주택공사,KRZFF17605GE,한국토지주택공사 20260212-92-170,20260212,20260515,KRW,10000000000,64,AAA0(A1),건설업
한국토지주택공사,KRZFF1760BGE,한국토지주택공사 20260212-92-176,20260212,20260515,KRW,10000000000,64,AAA0(A1),건설업
한국토지주택공사,KRZFF1760GGE,한국토지주택공사 20260212-92-181,20260212,20260515,KRW,10000000000,64,AAA0(A1),건설업
한국토지주택공사,KRZFF1760FGE,한국토지주택공사 20260212-92-180,20260212,20260515,KRW,10000000000,64,AAA0(A1),건설업
한국토지주택공사,KRZFF17604GE,한국토지주택공사 20260212-92-169,20260212,20260515,KRW,10000000000,64,AAA0(A1),건설업
한국토지주택공사,KRZFF1760AGE,한국토지주택공사 20260212-92-175,20260212,20260515,KRW,10000000000,64,AAA0(A1),건설업
한국토지주택공사,KRZFF17603GE,한국토지주택공사 20260212-92-168,20260212,20260515,KRW,10000000000,64,AAA0(A1),건설업
한국토지주택공사,KRZFF17607GE,한국토지주택공사 20260212-92-172,20260212,20260515,KRW,10000000000,64,AAA0(A1),건설업
한국토지주택공사,KRZFF1760LGE,한국토지주택공사 20260212-92-185,20260212,20260515,KRW,10000000000,64,AAA0(A1),건설업
한국토지주택공사,KRZFF1760HGE,한국토지주택공사 20260212-92-182,20260212,20260515,KRW,10000000000,64,AAA0(A1),건설업
한국토지주택공사,KRZFF1760KGE,한국토지주택공사 20260212-92-184,20260212,20260515,KRW,10000000000,64,AAA0(A1),건설업
한국토지주택공사,KRZFF1760JGE,한국토지주택공사 20260212-92-183,20260212,20260515,KRW,10000000000,64,AAA0(A1),건설업
한국토지주택공사,KRZFF1760CGE,한국토지주택공사 20260212-92-177,20260212,20260515,KRW,10000000000,64,AAA0(A1),건설업
한국토지주택공사,KRZFF17609GE,한국토지주택공사 20260212-92-174,20260212,20260515,KRW,10000000000,64,AAA0(A1),건설업
한국토지주택공사,KRZFF17606GE,한국토지주택공사 20260212-92-171,20260212,20260515,KRW,10000000000,64,AAA0(A1),건설업
한국토지주택공사,KRZFF17602GE,한국토지주택공사 20260212-92-167,20260212,20260515,KRW,10000000000,64,AAA0(A1),건설업
한국토지주택공사,KRZFF17601GE,한국토지주택공사 20260212-92-166,20260212,20260515,KRW,10000000000,64,AAA0(A1),건설업
한국토지주택공사,KRZFF1760EGE,한국토지주택공사 20260212-92-179,20260212,20260515,KRW,10000000000,64,AAA0(A1),건설업
한국토지주택공사,KRZFF1760DGE,한국토지주택공사 20260212-92-178,20260212,20260515,KRW,10000000000,64,AAA0(A1),건설업
한국토지주택공사,KRZFF17608GE,한국토지주택공사 20260212-92-173,20260212,20260515,KRW,10000000000,64,AAA0(A1),건설업
한국투자금융지주,KRZFA7105PGE,한국투자금융지주 20260212-314-122,20260212,20261223,KRW,5000000000,286,AAA0(A1),금융 및 보험업
한국투자금융지주,KRZFA71051GE,한국투자금융지주 20260212-314-100,20260212,20261223,KRW,5000000000,286,AAA0(A1),금융 및 보험업
한국투자금융지주,KRZFA7105CGE,한국투자금융지주 20260212-314-111,20260212,20261223,KRW,5000000000,286,AAA0(A1),금융 및 보험업
한국투자금융지주,KRZFA71054GE,한국투자금융지주 20260212-314-103,20260212,20261223,KRW,5000000000,286,AAA0(A1),금융 및 보험업
한국투자금융지주,KRZFA7105NGE,한국투자금융지주 20260212-314-121,20260212,20261223,KRW,5000000000,286,AAA0(A1),금융 및 보험업
한국투자금융지주,KRZFA7105GGE,한국투자금융지주 20260212-314-115,20260212,20261223,KRW,5000000000,286,AAA0(A1),금융 및 보험업
한국투자금융지주,KRZFA7105DGE,한국투자금융지주 20260212-314-112,20260212,20261223,KRW,5000000000,286,AAA0(A1),금융 및 보험업
한국투자금융지주,KRZFA7105BGE,한국투자금융지주 20260212-314-110,20260212,20261223,KRW,5000000000,286,AAA0(A1),금융 및 보험업
한국투자금융지주,KRZFA7105HGE,한국투자금융지주 20260212-314-116,20260212,20261223,KRW,5000000000,286,AAA0(A1),금융 및 보험업
한국투자금융지주,KRZFA71059GE,한국투자금융지주 20260212-314-108,20260212,20261223,KRW,5000000000,286,AAA0(A1),금융 및 보험업
한국투자금융지주,KRZFA71055GE,한국투자금융지주 20260212-314-104,20260212,20261223,KRW,5000000000,286,AAA0(A1),금융 및 보험업
한국투자금융지주,KRZFA71053GE,한국투자금융지주 20260212-314-102,20260212,20261223,KRW,5000000000,286,AAA0(A1),금융 및 보험업
한국투자금융지주,KRZFA7105EGE,한국투자금융지주 20260212-314-113,20260212,20261223,KRW,5000000000,286,AAA0(A1),금융 및 보험업
한국투자금융지주,KRZFA7105TG2,한국투자금융지주 20260212-85-93,20260212,20260508,KRW,5000000000,57,AAA0(A1),금융 및 보험업
한국투자금융지주,KRZFA71058GE,한국투자금융지주 20260212-314-107,20260212,20261223,KRW,5000000000,286,AAA0(A1),금융 및 보험업
한국투자금융지주,KRZFA71052GE,한국투자금융지주 20260212-314-101,20260212,20261223,KRW,5000000000,286,AAA0(A1),금융 및 보험업
한국투자금융지주,KRZFA7105XG2,한국투자금융지주 20260212-286-96,20260212,20261125,KRW,5000000000,258,AAA0(A1),금융 및 보험업
한국투자금융지주,KRZFA7105FGE,한국투자금융지주 20260212-314-114,20260212,20261223,KRW,5000000000,286,AAA0(A1),금융 및 보험업
한국투자금융지주,KRZFA71050GE,한국투자금융지주 20260212-314-99,20260212,20261223,KRW,5000000000,286,AAA0(A1),금융 및 보험업
한국투자금융지주,KRZFA7105WG2,한국투자금융지주 20260212-286-95,20260212,20261125,KRW,5000000000,258,AAA0(A1),금융 및 보험업
한국투자금융지주,KRZFA71057GE,한국투자금융지주 20260212-314-106,20260212,20261223,KRW,5000000000,286,AAA0(A1),금융 및 보험업
한국투자금융지주,KRZFA7105QGE,한국투자금융지주 20260212-314-123,20260212,20261223,KRW,5000000000,286,AAA0(A1),금융 및 보험업
한국투자금융지주,KRZFA7105MGE,한국투자금융지주 20260212-314-120,20260212,20261223,KRW,5000000000,286,AAA0(A1),금융 및 보험업
한국투자금융지주,KRZFA7105LGE,한국투자금융지주 20260212-314-119,20260212,20261223,KRW,5000000000,286,AAA0(A1),금융 및 보험업
한국투자금융지주,KRZFA7105AGE,한국투자금융지주 20260212-314-109,20260212,20261223,KRW,5000000000,286,AAA0(A1),금융 및 보험업
한국투자금융지주,KRZFA7105VG2,한국투자금융지주 20260212-85-94,20260212,20260508,KRW,5000000000,57,AAA0(A1),금융 및 보험업
한국투자금융지주,KRZFA7105ZG2,한국투자금융지주 20260212-286-98,20260212,20261125,KRW,5000000000,258,AAA0(A1),금융 및 보험업
한국투자금융지주,KRZFA71056GE,한국투자금융지주 20260212-314-105,20260212,20261223,KRW,5000000000,286,AAA0(A1),금융 및 보험업
한국투자금융지주,KRZFA7105YG2,한국투자금융지주 20260212-286-97,20260212,20261125,KRW,5000000000,258,AAA0(A1),금융 및 보험업
한국투자금융지주,KRZFA7105KGE,한국투자금융지주 20260212-314-118,20260212,20261223,KRW,5000000000,286,AAA0(A1),금융 및 보험업
한국투자금융지주,KRZFA7105JGE,한국투자금융지주 20260212-314-117,20260212,20261223,KRW,5000000000,286,AAA0(A1),금융 및 보험업
효성,KRZF004801G2,효성 20260212-89-1,20260212,20260512,KRW,10000000000,61,AA0(A2),금융 및 보험업
효성,KRZF004802G2,효성 20260212-89-2,20260212,20260512,KRW,10000000000,61,AA0(A2),금융 및 보험업
효성,KRZF004806G2,효성 20260212-89-6,20260212,20260512,KRW,10000000000,61,AA0(A2),금융 및 보험업
효성,KRZF004804G2,효성 20260212-89-4,20260212,20260512,KRW,10000000000,61,AA0(A2),금융 및 보험업
효성,KRZF004805G2,효성 20260212-89-5,20260212,20260512,KRW,10000000000,61,AA0(A2),금융 및 보험업
효성,KRZF004803G2,효성 20260212-89-3,20260212,20260512,KRW,10000000000,61,AA0(A2),금융 및 보험업
롯데하이마트,KRZF071843G2,롯데하이마트 20260211-91-3,20260211,20260513,KRW,5000000000,62,AA+(A2+),도매 및 소매업
롯데하이마트,KRZF071848G2,롯데하이마트 20260211-91-8,20260211,20260513,KRW,5000000000,62,AA+(A2+),도매 및 소매업
롯데하이마트,KRZF071847G2,롯데하이마트 20260211-91-7,20260211,20260513,KRW,5000000000,62,AA+(A2+),도매 및 소매업
롯데하이마트,KRZF07184AG2,롯데하이마트 20260211-91-10,20260211,20260513,KRW,5000000000,62,AA+(A2+),도매 및 소매업
롯데하이마트,KRZF071846G2,롯데하이마트 20260211-91-6,20260211,20260513,KRW,5000000000,62,AA+(A2+),도매 및 소매업
롯데하이마트,KRZF071844G2,롯데하이마트 20260211-91-4,20260211,20260513,KRW,5000000000,62,AA+(A2+),도매 및 소매업
롯데하이마트,KRZF071849G2,롯데하이마트 20260211-91-9,20260211,20260513,KRW,5000000000,62,AA+(A2+),도매 및 소매업
롯데하이마트,KRZF071845G2,롯데하이마트 20260211-91-5,20260211,20260513,KRW,5000000000,62,AA+(A2+),도매 및 소매업
신세계디에프,KRZF308444G2,신세계디에프 20260211-364-4,20260211,20270210,KRW,5000000000,335,AA+(A2+),"전문, 과학 및 기술 서비스업"
신세계디에프,KRZF308441G2,신세계디에프 20260211-364-1,20260211,20270210,KRW,5000000000,335,AA+(A2+),"전문, 과학 및 기술 서비스업"
신세계디에프,KRZF308445G2,신세계디에프 20260211-364-5,20260211,20270210,KRW,5000000000,335,AA+(A2+),"전문, 과학 및 기술 서비스업"
신세계디에프,KRZF308442G2,신세계디에프 20260211-364-2,20260211,20270210,KRW,5000000000,335,AA+(A2+),"전문, 과학 및 기술 서비스업"
신세계디에프,KRZF308443G2,신세계디에프 20260211-364-3,20260211,20270210,KRW,5000000000,335,AA+(A2+),"전문, 과학 및 기술 서비스업"
신세계디에프,KRZF308446G2,신세계디에프 20260211-364-6,20260211,20270210,KRW,5000000000,335,AA+(A2+),"전문, 과학 및 기술 서비스업"
씨제이씨지브이,KRZF079168G2,씨제이씨지브이 20260211-36-8,20260211,20260319,KRW,5000000000,7,AA-(A2-),정보통신업
씨제이씨지브이,KRZF07916AG2,씨제이씨지브이 20260211-36-10,20260211,20260319,KRW,10000000000,7,AA-(A2-),정보통신업
씨제이씨지브이,KRZF079169G2,씨제이씨지브이 20260211-36-9,20260211,20260319,KRW,10000000000,7,AA-(A2-),정보통신업
하나카드,KRZF20549EGE,하나카드 20260211-285-47,20260211,20261123,KRW,5000000000,256,AAA0(A1),금융 및 보험업
하나카드,KRZF205497GE,하나카드 20260211-285-40,20260211,20261123,KRW,5000000000,256,AAA0(A1),금융 및 보험업
하나카드,KRZF205496GE,하나카드 20260211-285-39,20260211,20261123,KRW,5000000000,256,AAA0(A1),금융 및 보험업
하나카드,KRZF20549CGE,하나카드 20260211-285-45,20260211,20261123,KRW,5000000000,256,AAA0(A1),금융 및 보험업
하나카드,KRZF205498GE,하나카드 20260211-285-41,20260211,20261123,KRW,5000000000,256,AAA0(A1),금융 및 보험업
하나카드,KRZF20549DGE,하나카드 20260211-285-46,20260211,20261123,KRW,5000000000,256,AAA0(A1),금융 및 보험업
하나카드,KRZF20549AGE,하나카드 20260211-285-43,20260211,20261123,KRW,5000000000,256,AAA0(A1),금융 및 보험업
하나카드,KRZF20549BGE,하나카드 20260211-285-44,20260211,20261123,KRW,5000000000,256,AAA0(A1),금융 및 보험업
하나카드,KRZF205499GE,하나카드 20260211-285-42,20260211,20261123,KRW,5000000000,256,AAA0(A1),금융 및 보험업
한화솔루션,KRZF00983WG2,한화솔루션 20260211-89-29,20260211,20260511,KRW,5000000000,60,AAA0(A1),제조업
한화솔루션,KRZF00983XG2,한화솔루션 20260211-89-30,20260211,20260511,KRW,5000000000,60,AAA0(A1),제조업
한화솔루션,KRZF00983TG2,한화솔루션 20260211-89-27,20260211,20260511,KRW,5000000000,60,AAA0(A1),제조업
한화솔루션,KRZF009833GE,한화솔루션 20260211-89-36,20260211,20260511,KRW,5000000000,60,AAA0(A1),제조업
한화솔루션,KRZF00983PG2,한화솔루션 20260211-89-23,20260211,20260511,KRW,5000000000,60,AAA0(A1),제조업
한화솔루션,KRZF00983VG2,한화솔루션 20260211-89-28,20260211,20260511,KRW,5000000000,60,AAA0(A1),제조업
한화솔루션,KRZF009831GE,한화솔루션 20260211-89-34,20260211,20260511,KRW,5000000000,60,AAA0(A1),제조업
한화솔루션,KRZF00983YG2,한화솔루션 20260211-89-31,20260211,20260511,KRW,5000000000,60,AAA0(A1),제조업
한화솔루션,KRZF00983NG2,한화솔루션 20260211-89-22,20260211,20260511,KRW,5000000000,60,AAA0(A1),제조업
한화솔루션,KRZF009832GE,한화솔루션 20260211-89-35,20260211,20260511,KRW,5000000000,60,AAA0(A1),제조업
한화솔루션,KRZF00983SG2,한화솔루션 20260211-89-26,20260211,20260511,KRW,5000000000,60,AAA0(A1),제조업
한화솔루션,KRZF009830GE,한화솔루션 20260211-89-33,20260211,20260511,KRW,5000000000,60,AAA0(A1),제조업
한화솔루션,KRZF00983RG2,한화솔루션 20260211-89-25,20260211,20260511,KRW,5000000000,60,AAA0(A1),제조업
한화솔루션,KRZF00983MG2,한화솔루션 20260211-89-21,20260211,20260511,KRW,5000000000,60,AAA0(A1),제조업
한화솔루션,KRZF00983ZG2,한화솔루션 20260211-89-32,20260211,20260511,KRW,5000000000,60,AAA0(A1),제조업
한화솔루션,KRZF00983QG2,한화솔루션 20260211-89-24,20260211,20260511,KRW,5000000000,60,AAA0(A1),제조업
현대그린푸드,KRZFA53341G2,현대그린푸드 20260211-16-1,20260211,20260227,KRW,5000000000,-13,AAA0(A1),도매 및 소매업
효성티앤씨,KRZF298021G2,효성티앤씨 20260211-28-1,20260211,20260311,KRW,5000000000,-1,AA+(A2+),제조업
효성티앤씨,KRZF298022G2,효성티앤씨 20260211-28-2,20260211,20260311,KRW,5000000000,-1,AA+(A2+),제조업
효성티앤씨,KRZF298024G2,효성티앤씨 20260211-28-4,20260211,20260311,KRW,5000000000,-1,AA+(A2+),제조업
효성티앤씨,KRZF298023G2,효성티앤씨 20260211-28-3,20260211,20260311,KRW,5000000000,-1,AA+(A2+),제조업
GS스포츠,KRZF139841G2,GS스포츠 20260210-87-1,20260210,20260508,KRW,3000000000,57,A+(A3+),"예술, 스포츠 및 여가관련 서비스업"
대한석탄공사,KRZF076861G2,대한석탄공사 20260210-90-1,20260210,20260511,KRW,5000000000,60,AAA0(A1),광업
대한석탄공사,KRZF076869G2,대한석탄공사 20260210-90-9,20260210,20260511,KRW,5000000000,60,AAA0(A1),광업
대한석탄공사,KRZF076862G2,대한석탄공사 20260210-90-2,20260210,20260511,KRW,5000000000,60,AAA0(A1),광업
대한석탄공사,KRZF076868G2,대한석탄공사 20260210-90-8,20260210,20260511,KRW,5000000000,60,AAA0(A1),광업
대한석탄공사,KRZF076867G2,대한석탄공사 20260210-90-7,20260210,20260511,KRW,5000000000,60,AAA0(A1),광업
대한석탄공사,KRZF076863G2,대한석탄공사 20260210-90-3,20260210,20260511,KRW,5000000000,60,AAA0(A1),광업
대한석탄공사,KRZF076866G2,대한석탄공사 20260210-90-6,20260210,20260511,KRW,5000000000,60,AAA0(A1),광업
대한석탄공사,KRZF076864G2,대한석탄공사 20260210-90-4,20260210,20260511,KRW,5000000000,60,AAA0(A1),광업
대한석탄공사,KRZF07686AG2,대한석탄공사 20260210-90-10,20260210,20260511,KRW,5000000000,60,AAA0(A1),광업
대한석탄공사,KRZF076865G2,대한석탄공사 20260210-90-5,20260210,20260511,KRW,5000000000,60,AAA0(A1),광업
롯데쇼핑,KRZF02353RG2,롯데쇼핑 20260210-149-25,20260210,20260709,KRW,5000000000,119,AAA0(A1),도매 및 소매업
롯데쇼핑,KRZF023530GE,롯데쇼핑 20260210-149-33,20260210,20260709,KRW,5000000000,119,AAA0(A1),도매 및 소매업
롯데쇼핑,KRZF02353WG2,롯데쇼핑 20260210-149-29,20260210,20260709,KRW,5000000000,119,AAA0(A1),도매 및 소매업
롯데쇼핑,KRZF02353QG2,롯데쇼핑 20260210-87-24,20260210,20260508,KRW,5000000000,57,AAA0(A1),도매 및 소매업
롯데쇼핑,KRZF02353MG2,롯데쇼핑 20260210-87-21,20260210,20260508,KRW,5000000000,57,AAA0(A1),도매 및 소매업
롯데쇼핑,KRZF02353GG2,롯데쇼핑 20260210-87-16,20260210,20260508,KRW,5000000000,57,AAA0(A1),도매 및 소매업
롯데쇼핑,KRZF02353FG2,롯데쇼핑 20260210-87-15,20260210,20260508,KRW,5000000000,57,AAA0(A1),도매 및 소매업
롯데쇼핑,KRZF02353DG2,롯데쇼핑 20260210-87-13,20260210,20260508,KRW,5000000000,57,AAA0(A1),도매 및 소매업
롯데쇼핑,KRZF02353TG2,롯데쇼핑 20260210-149-27,20260210,20260709,KRW,5000000000,119,AAA0(A1),도매 및 소매업
롯데쇼핑,KRZF02353NG2,롯데쇼핑 20260210-87-22,20260210,20260508,KRW,5000000000,57,AAA0(A1),도매 및 소매업
롯데쇼핑,KRZF02353EG2,롯데쇼핑 20260210-87-14,20260210,20260508,KRW,5000000000,57,AAA0(A1),도매 및 소매업
롯데쇼핑,KRZF023536G2,롯데쇼핑 20260210-87-6,20260210,20260508,KRW,5000000000,57,AAA0(A1),도매 및 소매업
롯데쇼핑,KRZF023535G2,롯데쇼핑 20260210-87-5,20260210,20260508,KRW,5000000000,57,AAA0(A1),도매 및 소매업
롯데쇼핑,KRZF023532G2,롯데쇼핑 20260210-87-2,20260210,20260508,KRW,5000000000,57,AAA0(A1),도매 및 소매업
롯데쇼핑,KRZF023531GE,롯데쇼핑 20260210-149-34,20260210,20260709,KRW,5000000000,119,AAA0(A1),도매 및 소매업
롯데쇼핑,KRZF02353XG2,롯데쇼핑 20260210-149-30,20260210,20260709,KRW,5000000000,119,AAA0(A1),도매 및 소매업
롯데쇼핑,KRZF02353VG2,롯데쇼핑 20260210-149-28,20260210,20260709,KRW,5000000000,119,AAA0(A1),도매 및 소매업
롯데쇼핑,KRZF02353SG2,롯데쇼핑 20260210-149-26,20260210,20260709,KRW,5000000000,119,AAA0(A1),도매 및 소매업
롯데쇼핑,KRZF02353BG2,롯데쇼핑 20260210-87-11,20260210,20260508,KRW,5000000000,57,AAA0(A1),도매 및 소매업
롯데쇼핑,KRZF023534G2,롯데쇼핑 20260210-87-4,20260210,20260508,KRW,5000000000,57,AAA0(A1),도매 및 소매업
롯데쇼핑,KRZF02353YG2,롯데쇼핑 20260210-149-31,20260210,20260709,KRW,5000000000,119,AAA0(A1),도매 및 소매업
롯데쇼핑,KRZF02353CG2,롯데쇼핑 20260210-87-12,20260210,20260508,KRW,5000000000,57,AAA0(A1),도매 및 소매업
롯데쇼핑,KRZF023531G2,롯데쇼핑 20260210-87-1,20260210,20260508,KRW,5000000000,57,AAA0(A1),도매 및 소매업
롯데쇼핑,KRZF023539G2,롯데쇼핑 20260210-87-9,20260210,20260508,KRW,5000000000,57,AAA0(A1),도매 및 소매업
롯데쇼핑,KRZF02353PG2,롯데쇼핑 20260210-87-23,20260210,20260508,KRW,5000000000,57,AAA0(A1),도매 및 소매업
롯데쇼핑,KRZF02353LG2,롯데쇼핑 20260210-87-20,20260210,20260508,KRW,5000000000,57,AAA0(A1),도매 및 소매업
롯데쇼핑,KRZF02353KG2,롯데쇼핑 20260210-87-19,20260210,20260508,KRW,5000000000,57,AAA0(A1),도매 및 소매업
롯데쇼핑,KRZF02353JG2,롯데쇼핑 20260210-87-18,20260210,20260508,KRW,5000000000,57,AAA0(A1),도매 및 소매업
롯데쇼핑,KRZF02353HG2,롯데쇼핑 20260210-87-17,20260210,20260508,KRW,5000000000,57,AAA0(A1),도매 및 소매업
롯데쇼핑,KRZF02353AG2,롯데쇼핑 20260210-87-10,20260210,20260508,KRW,5000000000,57,AAA0(A1),도매 및 소매업
롯데쇼핑,KRZF023538G2,롯데쇼핑 20260210-87-8,20260210,20260508,KRW,5000000000,57,AAA0(A1),도매 및 소매업
롯데쇼핑,KRZF023537G2,롯데쇼핑 20260210-87-7,20260210,20260508,KRW,5000000000,57,AAA0(A1),도매 및 소매업
롯데쇼핑,KRZF023533G2,롯데쇼핑 20260210-87-3,20260210,20260508,KRW,5000000000,57,AAA0(A1),도매 및 소매업
롯데쇼핑,KRZF02353ZG2,롯데쇼핑 20260210-149-32,20260210,20260709,KRW,5000000000,119,AAA0(A1),도매 및 소매업
롯데지주,KRZF004997G2,롯데지주 20260210-360-7,20260210,20270205,KRW,5000000000,330,AA+(A2+),금융 및 보험업
롯데지주,KRZF004998G2,롯데지주 20260210-360-8,20260210,20270205,KRW,5000000000,330,AA+(A2+),금융 및 보험업
롯데지주,KRZF004991G2,롯데지주 20260210-360-1,20260210,20270205,KRW,5000000000,330,AA+(A2+),금융 및 보험업
롯데지주,KRZF004992G2,롯데지주 20260210-360-2,20260210,20270205,KRW,5000000000,330,AA+(A2+),금융 및 보험업
롯데지주,KRZF004995G2,롯데지주 20260210-360-5,20260210,20270205,KRW,5000000000,330,AA+(A2+),금융 및 보험업
롯데지주,KRZF004994G2,롯데지주 20260210-360-4,20260210,20270205,KRW,5000000000,330,AA+(A2+),금융 및 보험업
롯데지주,KRZF004993G2,롯데지주 20260210-360-3,20260210,20270205,KRW,5000000000,330,AA+(A2+),금융 및 보험업
롯데지주,KRZF004996G2,롯데지주 20260210-360-6,20260210,20270205,KRW,5000000000,330,AA+(A2+),금융 및 보험업
롯데지주,KRZF004999G2,롯데지주 20260210-360-9,20260210,20270205,KRW,5000000000,330,AA+(A2+),금융 및 보험업
롯데지주,KRZF00499AG2,롯데지주 20260210-360-10,20260210,20270205,KRW,5000000000,330,AA+(A2+),금융 및 보험업
부산항만공사,KRZF100472G2,부산항만공사 20260210-87-2,20260210,20260508,KRW,10000000000,57,AAA0(A1),"협회 및 단체, 수리 및 기타 개인 서비스업"
부산항만공사,KRZF100478G2,부산항만공사 20260210-87-8,20260210,20260508,KRW,10000000000,57,AAA0(A1),"협회 및 단체, 수리 및 기타 개인 서비스업"
부산항만공사,KRZF100474G2,부산항만공사 20260210-87-4,20260210,20260508,KRW,10000000000,57,AAA0(A1),"협회 및 단체, 수리 및 기타 개인 서비스업"
부산항만공사,KRZF100477G2,부산항만공사 20260210-87-7,20260210,20260508,KRW,10000000000,57,AAA0(A1),"협회 및 단체, 수리 및 기타 개인 서비스업"
부산항만공사,KRZF100471G2,부산항만공사 20260210-87-1,20260210,20260508,KRW,10000000000,57,AAA0(A1),"협회 및 단체, 수리 및 기타 개인 서비스업"
부산항만공사,KRZF100476G2,부산항만공사 20260210-87-6,20260210,20260508,KRW,10000000000,57,AAA0(A1),"협회 및 단체, 수리 및 기타 개인 서비스업"
부산항만공사,KRZF100479G2,부산항만공사 20260210-87-9,20260210,20260508,KRW,10000000000,57,AAA0(A1),"협회 및 단체, 수리 및 기타 개인 서비스업"
부산항만공사,KRZF100475G2,부산항만공사 20260210-87-5,20260210,20260508,KRW,10000000000,57,AAA0(A1),"협회 및 단체, 수리 및 기타 개인 서비스업"
부산항만공사,KRZF100473G2,부산항만공사 20260210-87-3,20260210,20260508,KRW,10000000000,57,AAA0(A1),"협회 및 단체, 수리 및 기타 개인 서비스업"
부산항만공사,KRZF10047AG2,부산항만공사 20260210-87-10,20260210,20260508,KRW,10000000000,57,AAA0(A1),"협회 및 단체, 수리 및 기타 개인 서비스업"
세아창원특수강,KRZF032434G2,세아창원특수강 20260210-34-4,20260210,20260316,KRW,5000000000,4,AA+(A2+),제조업
세아창원특수강,KRZF032433G2,세아창원특수강 20260210-34-3,20260210,20260316,KRW,5000000000,4,AA+(A2+),제조업
세아창원특수강,KRZF032432G2,세아창원특수강 20260210-34-2,20260210,20260316,KRW,5000000000,4,AA+(A2+),제조업
세아창원특수강,KRZF032431G2,세아창원특수강 20260210-34-1,20260210,20260316,KRW,5000000000,4,AA+(A2+),제조업
제이비우리캐피탈,KRZF07931KG2,제이비우리캐피탈 20260210-135-19,20260210,20260625,KRW,5000000000,105,AAA0(A1),금융 및 보험업
제이비우리캐피탈,KRZF07931DG2,제이비우리캐피탈 20260210-217-13,20260210,20260915,KRW,5000000000,187,AAA0(A1),금융 및 보험업
제이비우리캐피탈,KRZF07931NG2,제이비우리캐피탈 20260210-135-22,20260210,20260625,KRW,5000000000,105,AAA0(A1),금융 및 보험업
제이비우리캐피탈,KRZF07931MG2,제이비우리캐피탈 20260210-135-21,20260210,20260625,KRW,5000000000,105,AAA0(A1),금융 및 보험업
제이비우리캐피탈,KRZF07931JG2,제이비우리캐피탈 20260210-217-18,20260210,20260915,KRW,5000000000,187,AAA0(A1),금융 및 보험업
제이비우리캐피탈,KRZF07931HG2,제이비우리캐피탈 20260210-217-17,20260210,20260915,KRW,5000000000,187,AAA0(A1),금융 및 보험업
제이비우리캐피탈,KRZF07931FG2,제이비우리캐피탈 20260210-217-15,20260210,20260915,KRW,5000000000,187,AAA0(A1),금융 및 보험업
제이비우리캐피탈,KRZF07931GG2,제이비우리캐피탈 20260210-217-16,20260210,20260915,KRW,5000000000,187,AAA0(A1),금융 및 보험업
제이비우리캐피탈,KRZF07931LG2,제이비우리캐피탈 20260210-135-20,20260210,20260625,KRW,5000000000,105,AAA0(A1),금융 및 보험업
제이비우리캐피탈,KRZF07931EG2,제이비우리캐피탈 20260210-217-14,20260210,20260915,KRW,5000000000,187,AAA0(A1),금융 및 보험업
케이비캐피탈,KRZF02196ZG2,케이비캐피탈 20260210-197-32,20260210,20260826,KRW,5000000000,167,AAA0(A1),금융 및 보험업
케이비캐피탈,KRZF02196WG2,케이비캐피탈 20260210-212-29,20260210,20260910,KRW,5000000000,182,AAA0(A1),금융 및 보험업
케이비캐피탈,KRZF02196CGE,케이비캐피탈 20260210-230-45,20260210,20260928,KRW,5000000000,200,AAA0(A1),금융 및 보험업
케이비캐피탈,KRZF021966GE,케이비캐피탈 20260210-149-39,20260210,20260709,KRW,5000000000,119,AAA0(A1),금융 및 보험업
케이비캐피탈,KRZF021964GE,케이비캐피탈 20260210-149-37,20260210,20260709,KRW,5000000000,119,AAA0(A1),금융 및 보험업
케이비캐피탈,KRZF021960GE,케이비캐피탈 20260210-197-33,20260210,20260826,KRW,5000000000,167,AAA0(A1),금융 및 보험업
케이비캐피탈,KRZF02196AGE,케이비캐피탈 20260210-230-43,20260210,20260928,KRW,5000000000,200,AAA0(A1),금융 및 보험업
케이비캐피탈,KRZF02196FGE,케이비캐피탈 20260210-230-48,20260210,20260928,KRW,5000000000,200,AAA0(A1),금융 및 보험업
케이비캐피탈,KRZF02196BGE,케이비캐피탈 20260210-230-44,20260210,20260928,KRW,5000000000,200,AAA0(A1),금융 및 보험업
케이비캐피탈,KRZF021961GE,케이비캐피탈 20260210-197-34,20260210,20260826,KRW,5000000000,167,AAA0(A1),금융 및 보험업
케이비캐피탈,KRZF02196PG2,케이비캐피탈 20260210-170-23,20260210,20260730,KRW,5000000000,140,AAA0(A1),금융 및 보험업
케이비캐피탈,KRZF02196VG2,케이비캐피탈 20260210-197-28,20260210,20260826,KRW,5000000000,167,AAA0(A1),금융 및 보험업
케이비캐피탈,KRZF02196TG2,케이비캐피탈 20260210-197-27,20260210,20260826,KRW,5000000000,167,AAA0(A1),금융 및 보험업
케이비캐피탈,KRZF02196SG2,케이비캐피탈 20260210-170-26,20260210,20260730,KRW,5000000000,140,AAA0(A1),금융 및 보험업
케이비캐피탈,KRZF02196QG2,케이비캐피탈 20260210-170-24,20260210,20260730,KRW,5000000000,140,AAA0(A1),금융 및 보험업
케이비캐피탈,KRZF02196EGE,케이비캐피탈 20260210-230-47,20260210,20260928,KRW,5000000000,200,AAA0(A1),금융 및 보험업
케이비캐피탈,KRZF021967GE,케이비캐피탈 20260210-149-40,20260210,20260709,KRW,5000000000,119,AAA0(A1),금융 및 보험업
케이비캐피탈,KRZF021969GE,케이비캐피탈 20260210-244-42,20260210,20261012,KRW,5000000000,214,AAA0(A1),금융 및 보험업
케이비캐피탈,KRZF02196XG2,케이비캐피탈 20260210-212-30,20260210,20260910,KRW,5000000000,182,AAA0(A1),금융 및 보험업
케이비캐피탈,KRZF02196RG2,케이비캐피탈 20260210-170-25,20260210,20260730,KRW,5000000000,140,AAA0(A1),금융 및 보험업
케이비캐피탈,KRZF021965GE,케이비캐피탈 20260210-149-38,20260210,20260709,KRW,5000000000,119,AAA0(A1),금융 및 보험업
케이비캐피탈,KRZF021963GE,케이비캐피탈 20260210-141-36,20260210,20260701,KRW,5000000000,111,AAA0(A1),금융 및 보험업
케이비캐피탈,KRZF02196DGE,케이비캐피탈 20260210-230-46,20260210,20260928,KRW,5000000000,200,AAA0(A1),금융 및 보험업
케이비캐피탈,KRZF021962GE,케이비캐피탈 20260210-141-35,20260210,20260701,KRW,5000000000,111,AAA0(A1),금융 및 보험업
케이비캐피탈,KRZF02196YG2,케이비캐피탈 20260210-197-31,20260210,20260826,KRW,5000000000,167,AAA0(A1),금융 및 보험업
케이비캐피탈,KRZF021968GE,케이비캐피탈 20260210-244-41,20260210,20261012,KRW,5000000000,214,AAA0(A1),금융 및 보험업
하나카드,KRZF205494GE,하나카드 20260210-181-37,20260210,20260810,KRW,5000000000,151,AAA0(A1),금융 및 보험업
하나카드,KRZF205495GE,하나카드 20260210-181-38,20260210,20260810,KRW,5000000000,151,AAA0(A1),금융 및 보험업
한국가스공사,KRZF03646QG2,한국가스공사 20260210-90-24,20260210,20260511,KRW,10000000000,60,AAA0(A1),"전기, 가스, 증기 및 공기조절 공급업"
한국가스공사,KRZF03646TG2,한국가스공사 20260210-90-27,20260210,20260511,KRW,10000000000,60,AAA0(A1),"전기, 가스, 증기 및 공기조절 공급업"
한국가스공사,KRZF03646PG2,한국가스공사 20260210-90-23,20260210,20260511,KRW,10000000000,60,AAA0(A1),"전기, 가스, 증기 및 공기조절 공급업"
한국가스공사,KRZF03646XG2,한국가스공사 20260210-90-30,20260210,20260511,KRW,10000000000,60,AAA0(A1),"전기, 가스, 증기 및 공기조절 공급업"
한국가스공사,KRZF03646WG2,한국가스공사 20260210-90-29,20260210,20260511,KRW,10000000000,60,AAA0(A1),"전기, 가스, 증기 및 공기조절 공급업"
한국가스공사,KRZF03646NG2,한국가스공사 20260210-90-22,20260210,20260511,KRW,10000000000,60,AAA0(A1),"전기, 가스, 증기 및 공기조절 공급업"
한국가스공사,KRZF03646RG2,한국가스공사 20260210-90-25,20260210,20260511,KRW,10000000000,60,AAA0(A1),"전기, 가스, 증기 및 공기조절 공급업"
한국가스공사,KRZF03646MG2,한국가스공사 20260210-90-21,20260210,20260511,KRW,10000000000,60,AAA0(A1),"전기, 가스, 증기 및 공기조절 공급업"
한국가스공사,KRZF03646SG2,한국가스공사 20260210-90-26,20260210,20260511,KRW,10000000000,60,AAA0(A1),"전기, 가스, 증기 및 공기조절 공급업"
한국가스공사,KRZF03646VG2,한국가스공사 20260210-90-28,20260210,20260511,KRW,10000000000,60,AAA0(A1),"전기, 가스, 증기 및 공기조절 공급업"
한국전력공사,KRZFE1576SG2,한국전력공사 20260210-92-158,20260210,20260513,KRW,10000000000,62,AAA0(A1),"전기, 가스, 증기 및 공기조절 공급업"
한국전력공사,KRZFE1576MG2,한국전력공사 20260210-92-153,20260210,20260513,KRW,10000000000,62,AAA0(A1),"전기, 가스, 증기 및 공기조절 공급업"
한국전력공사,KRZFE1576JG2,한국전력공사 20260210-92-150,20260210,20260513,KRW,10000000000,62,AAA0(A1),"전기, 가스, 증기 및 공기조절 공급업"
한국전력공사,KRZFE1576VG2,한국전력공사 20260210-92-160,20260210,20260513,KRW,10000000000,62,AAA0(A1),"전기, 가스, 증기 및 공기조절 공급업"
한국전력공사,KRZFE1576QG2,한국전력공사 20260210-92-156,20260210,20260513,KRW,10000000000,62,AAA0(A1),"전기, 가스, 증기 및 공기조절 공급업"
한국전력공사,KRZFE1576KG2,한국전력공사 20260210-92-151,20260210,20260513,KRW,10000000000,62,AAA0(A1),"전기, 가스, 증기 및 공기조절 공급업"
한국전력공사,KRZFE1576AG2,한국전력공사 20260210-92-142,20260210,20260513,KRW,10000000000,62,AAA0(A1),"전기, 가스, 증기 및 공기조절 공급업"
한국전력공사,KRZFE1576LG2,한국전력공사 20260210-92-152,20260210,20260513,KRW,10000000000,62,AAA0(A1),"전기, 가스, 증기 및 공기조절 공급업"
한국전력공사,KRZFE1576HG2,한국전력공사 20260210-92-149,20260210,20260513,KRW,10000000000,62,AAA0(A1),"전기, 가스, 증기 및 공기조절 공급업"
한국전력공사,KRZFE1576DG2,한국전력공사 20260210-92-145,20260210,20260513,KRW,10000000000,62,AAA0(A1),"전기, 가스, 증기 및 공기조절 공급업"
한국전력공사,KRZFE1576CG2,한국전력공사 20260210-92-144,20260210,20260513,KRW,10000000000,62,AAA0(A1),"전기, 가스, 증기 및 공기조절 공급업"
한국전력공사,KRZFE1576GG2,한국전력공사 20260210-92-148,20260210,20260513,KRW,10000000000,62,AAA0(A1),"전기, 가스, 증기 및 공기조절 공급업"
한국전력공사,KRZFE15769G2,한국전력공사 20260210-92-141,20260210,20260513,KRW,10000000000,62,AAA0(A1),"전기, 가스, 증기 및 공기조절 공급업"
한국전력공사,KRZFE1576FG2,한국전력공사 20260210-92-147,20260210,20260513,KRW,10000000000,62,AAA0(A1),"전기, 가스, 증기 및 공기조절 공급업"
한국전력공사,KRZFE1576EG2,한국전력공사 20260210-92-146,20260210,20260513,KRW,10000000000,62,AAA0(A1),"전기, 가스, 증기 및 공기조절 공급업"
한국전력공사,KRZFE1576NG2,한국전력공사 20260210-92-154,20260210,20260513,KRW,10000000000,62,AAA0(A1),"전기, 가스, 증기 및 공기조절 공급업"
한국전력공사,KRZFE1576TG2,한국전력공사 20260210-92-159,20260210,20260513,KRW,10000000000,62,AAA0(A1),"전기, 가스, 증기 및 공기조절 공급업"
한국전력공사,KRZFE1576RG2,한국전력공사 20260210-92-157,20260210,20260513,KRW,10000000000,62,AAA0(A1),"전기, 가스, 증기 및 공기조절 공급업"
한국전력공사,KRZFE1576PG2,한국전력공사 20260210-92-155,20260210,20260513,KRW,10000000000,62,AAA0(A1),"전기, 가스, 증기 및 공기조절 공급업"
한국전력공사,KRZFE1576BG2,한국전력공사 20260210-92-143,20260210,20260513,KRW,10000000000,62,AAA0(A1),"전기, 가스, 증기 및 공기조절 공급업"
한국토지주택공사,KRZFF1760CG2,한국토지주택공사 20260210-90-144,20260210,20260511,KRW,10000000000,60,AAA0(A1),건설업
한국토지주택공사,KRZFF1760ZG2,한국토지주택공사 20260210-91-164,20260210,20260512,KRW,10000000000,61,AAA0(A1),건설업
한국토지주택공사,KRZFF1760GG2,한국토지주택공사 20260210-91-148,20260210,20260512,KRW,10000000000,61,AAA0(A1),건설업
한국토지주택공사,KRZFF1760EG2,한국토지주택공사 20260210-91-146,20260210,20260512,KRW,10000000000,61,AAA0(A1),건설업
한국토지주택공사,KRZFF17600GE,한국토지주택공사 20260210-91-165,20260210,20260512,KRW,10000000000,61,AAA0(A1),건설업
한국토지주택공사,KRZFF17606G2,한국토지주택공사 20260210-90-138,20260210,20260511,KRW,10000000000,60,AAA0(A1),건설업
한국토지주택공사,KRZFF17605G2,한국토지주택공사 20260210-90-137,20260210,20260511,KRW,10000000000,60,AAA0(A1),건설업
한국토지주택공사,KRZFF1760RG2,한국토지주택공사 20260210-91-157,20260210,20260512,KRW,10000000000,61,AAA0(A1),건설업
한국토지주택공사,KRZFF1760MG2,한국토지주택공사 20260210-91-153,20260210,20260512,KRW,10000000000,61,AAA0(A1),건설업
한국토지주택공사,KRZFF1760JG2,한국토지주택공사 20260210-91-150,20260210,20260512,KRW,10000000000,61,AAA0(A1),건설업
한국토지주택공사,KRZFB1760XGE,한국토지주택공사 20260210-90-129,20260210,20260511,KRW,10000000000,60,AAA0(A1),건설업
한국토지주택공사,KRZFF1760VG2,한국토지주택공사 20260210-91-160,20260210,20260512,KRW,10000000000,61,AAA0(A1),건설업
한국토지주택공사,KRZFF1760TG2,한국토지주택공사 20260210-91-159,20260210,20260512,KRW,10000000000,61,AAA0(A1),건설업
한국토지주택공사,KRZFF1760FG2,한국토지주택공사 20260210-91-147,20260210,20260512,KRW,10000000000,61,AAA0(A1),건설업
한국토지주택공사,KRZFF17607G2,한국토지주택공사 20260210-90-139,20260210,20260511,KRW,10000000000,60,AAA0(A1),건설업
한국토지주택공사,KRZFF17603G2,한국토지주택공사 20260210-90-135,20260210,20260511,KRW,10000000000,60,AAA0(A1),건설업
한국토지주택공사,KRZFB1760TGE,한국토지주택공사 20260210-90-126,20260210,20260511,KRW,10000000000,60,AAA0(A1),건설업
한국토지주택공사,KRZFB1760VGE,한국토지주택공사 20260210-90-127,20260210,20260511,KRW,10000000000,60,AAA0(A1),건설업
한국토지주택공사,KRZFB1760YGE,한국토지주택공사 20260210-90-130,20260210,20260511,KRW,10000000000,60,AAA0(A1),건설업
한국토지주택공사,KRZFF1760PG2,한국토지주택공사 20260210-91-155,20260210,20260512,KRW,10000000000,61,AAA0(A1),건설업
한국토지주택공사,KRZFF1760KG2,한국토지주택공사 20260210-91-151,20260210,20260512,KRW,10000000000,61,AAA0(A1),건설업
한국토지주택공사,KRZFF17609G2,한국토지주택공사 20260210-90-141,20260210,20260511,KRW,10000000000,60,AAA0(A1),건설업
한국토지주택공사,KRZFF1760SG2,한국토지주택공사 20260210-91-158,20260210,20260512,KRW,10000000000,61,AAA0(A1),건설업
한국토지주택공사,KRZFF1760QG2,한국토지주택공사 20260210-91-156,20260210,20260512,KRW,10000000000,61,AAA0(A1),건설업
한국토지주택공사,KRZFF1760AG2,한국토지주택공사 20260210-90-142,20260210,20260511,KRW,10000000000,60,AAA0(A1),건설업
한국토지주택공사,KRZFF17600G2,한국토지주택공사 20260210-90-132,20260210,20260511,KRW,10000000000,60,AAA0(A1),건설업
한국토지주택공사,KRZFF1760XG2,한국토지주택공사 20260210-91-162,20260210,20260512,KRW,10000000000,61,AAA0(A1),건설업
한국토지주택공사,KRZFF1760LG2,한국토지주택공사 20260210-91-152,20260210,20260512,KRW,10000000000,61,AAA0(A1),건설업
한국토지주택공사,KRZFF1760BG2,한국토지주택공사 20260210-90-143,20260210,20260511,KRW,10000000000,60,AAA0(A1),건설업
한국토지주택공사,KRZFF17608G2,한국토지주택공사 20260210-90-140,20260210,20260511,KRW,10000000000,60,AAA0(A1),건설업
한국토지주택공사,KRZFF17604G2,한국토지주택공사 20260210-90-136,20260210,20260511,KRW,10000000000,60,AAA0(A1),건설업
한국토지주택공사,KRZFF17601G2,한국토지주택공사 20260210-90-133,20260210,20260511,KRW,10000000000,60,AAA0(A1),건설업
한국토지주택공사,KRZFF1760DG2,한국토지주택공사 20260210-90-145,20260210,20260511,KRW,10000000000,60,AAA0(A1),건설업
한국토지주택공사,KRZFF17602G2,한국토지주택공사 20260210-90-134,20260210,20260511,KRW,10000000000,60,AAA0(A1),건설업
한국토지주택공사,KRZFB1760ZGE,한국토지주택공사 20260210-90-131,20260210,20260511,KRW,10000000000,60,AAA0(A1),건설업
한국토지주택공사,KRZFB1760WGE,한국토지주택공사 20260210-90-128,20260210,20260511,KRW,10000000000,60,AAA0(A1),건설업
한국토지주택공사,KRZFF1760WG2,한국토지주택공사 20260210-91-161,20260210,20260512,KRW,10000000000,61,AAA0(A1),건설업
한국토지주택공사,KRZFF1760YG2,한국토지주택공사 20260210-91-163,20260210,20260512,KRW,10000000000,61,AAA0(A1),건설업
한국토지주택공사,KRZFF1760HG2,한국토지주택공사 20260210-91-149,20260210,20260512,KRW,10000000000,61,AAA0(A1),건설업
한국토지주택공사,KRZFF1760NG2,한국토지주택공사 20260210-91-154,20260210,20260512,KRW,10000000000,61,AAA0(A1),건설업
한국투자금융지주,KRZFA7105RG2,한국투자금융지주 20260210-136-91,20260210,20260626,KRW,5000000000,106,AAA0(A1),금융 및 보험업
한국투자금융지주,KRZFA7105QG2,한국투자금융지주 20260210-136-90,20260210,20260626,KRW,5000000000,106,AAA0(A1),금융 및 보험업
한국투자금융지주,KRZFA7105AG2,한국투자금융지주 20260210-59-76,20260210,20260410,KRW,10000000000,29,AAA0(A1),금융 및 보험업
한국투자금융지주,KRZFA7105LG2,한국투자금융지주 20260210-59-86,20260210,20260410,KRW,10000000000,29,AAA0(A1),금융 및 보험업
한국투자금융지주,KRZFA7105HG2,한국투자금융지주 20260210-59-83,20260210,20260410,KRW,10000000000,29,AAA0(A1),금융 및 보험업
한국투자금융지주,KRZFA7105GG2,한국투자금융지주 20260210-59-82,20260210,20260410,KRW,10000000000,29,AAA0(A1),금융 및 보험업
한국투자금융지주,KRZFA7105CG2,한국투자금융지주 20260210-59-78,20260210,20260410,KRW,10000000000,29,AAA0(A1),금융 및 보험업
한국투자금융지주,KRZFA7105SG2,한국투자금융지주 20260210-136-92,20260210,20260626,KRW,5000000000,106,AAA0(A1),금융 및 보험업
한국투자금융지주,KRZFA7105KG2,한국투자금융지주 20260210-59-85,20260210,20260410,KRW,10000000000,29,AAA0(A1),금융 및 보험업
한국투자금융지주,KRZFA71059G2,한국투자금융지주 20260210-59-75,20260210,20260410,KRW,10000000000,29,AAA0(A1),금융 및 보험업
한국투자금융지주,KRZFA7105PG2,한국투자금융지주 20260210-136-89,20260210,20260626,KRW,5000000000,106,AAA0(A1),금융 및 보험업
한국투자금융지주,KRZFA7105MG2,한국투자금융지주 20260210-59-87,20260210,20260410,KRW,10000000000,29,AAA0(A1),금융 및 보험업
한국투자금융지주,KRZFA7105EG2,한국투자금융지주 20260210-59-80,20260210,20260410,KRW,10000000000,29,AAA0(A1),금융 및 보험업
한국투자금융지주,KRZFA7105BG2,한국투자금융지주 20260210-59-77,20260210,20260410,KRW,10000000000,29,AAA0(A1),금융 및 보험업
한국투자금융지주,KRZFA7105JG2,한국투자금융지주 20260210-59-84,20260210,20260410,KRW,10000000000,29,AAA0(A1),금융 및 보험업
한국투자금융지주,KRZFA7105NG2,한국투자금융지주 20260210-59-88,20260210,20260410,KRW,10000000000,29,AAA0(A1),금융 및 보험업
한국투자금융지주,KRZFA71058G2,한국투자금융지주 20260210-59-74,20260210,20260410,KRW,10000000000,29,AAA0(A1),금융 및 보험업
한국투자금융지주,KRZFA7105FG2,한국투자금융지주 20260210-59-81,20260210,20260410,KRW,10000000000,29,AAA0(A1),금융 및 보험업
한국투자금융지주,KRZFA7105DG2,한국투자금융지주 20260210-59-79,20260210,20260410,KRW,10000000000,29,AAA0(A1),금융 및 보험업
한화투자증권,KRZF003534G2,한화투자증권 20260210-175-4,20260210,20260804,KRW,5000000000,145,AAA0(A1),금융 및 보험업
한화투자증권,KRZF003532G2,한화투자증권 20260210-175-2,20260210,20260804,KRW,5000000000,145,AAA0(A1),금융 및 보험업
한화투자증권,KRZF003533G2,한화투자증권 20260210-175-3,20260210,20260804,KRW,5000000000,145,AAA0(A1),금융 및 보험업
한화투자증권,KRZF003531G2,한화투자증권 20260210-175-1,20260210,20260804,KRW,5000000000,145,AAA0(A1),금융 및 보험업
현대백화점,KRZF069961G2,현대백화점 20260210-232-1,20260210,20260930,KRW,5000000000,202,AAA0(A1),도매 및 소매업
현대백화점,KRZF069962G2,현대백화점 20260210-232-2,20260210,20260930,KRW,5000000000,202,AAA0(A1),도매 및 소매업
현대백화점,KRZF069968G2,현대백화점 20260210-232-8,20260210,20260930,KRW,5000000000,202,AAA0(A1),도매 및 소매업
현대백화점,KRZF069963G2,현대백화점 20260210-232-3,20260210,20260930,KRW,5000000000,202,AAA0(A1),도매 및 소매업
현대백화점,KRZF069967G2,현대백화점 20260210-232-7,20260210,20260930,KRW,5000000000,202,AAA0(A1),도매 및 소매업
현대백화점,KRZF069966G2,현대백화점 20260210-232-6,20260210,20260930,KRW,5000000000,202,AAA0(A1),도매 및 소매업
현대백화점,KRZF069965G2,현대백화점 20260210-232-5,20260210,20260930,KRW,5000000000,202,AAA0(A1),도매 및 소매업
현대백화점,KRZF069964G2,현대백화점 20260210-232-4,20260210,20260930,KRW,5000000000,202,AAA0(A1),도매 및 소매업
효성중공업,KRZF298041G2,효성중공업 20260210-14-1,20260210,20260224,KRW,5000000000,-16,AA0(A2),제조업
효성중공업,KRZF298046G2,효성중공업 20260210-14-6,20260210,20260224,KRW,5000000000,-16,AA0(A2),제조업
효성중공업,KRZF298048G2,효성중공업 20260210-17-8,20260210,20260227,KRW,5000000000,-13,AA0(A2),제조업
효성중공업,KRZF298047G2,효성중공업 20260210-17-7,20260210,20260227,KRW,5000000000,-13,AA0(A2),제조업
효성중공업,KRZF298042G2,효성중공업 20260210-14-2,20260210,20260224,KRW,5000000000,-16,AA0(A2),제조업
효성중공업,KRZF298045G2,효성중공업 20260210-14-5,20260210,20260224,KRW,5000000000,-16,AA0(A2),제조업
효성중공업,KRZF298043G2,효성중공업 20260210-14-3,20260210,20260224,KRW,5000000000,-16,AA0(A2),제조업
효성중공업,KRZF298044G2,효성중공업 20260210-14-4,20260210,20260224,KRW,5000000000,-16,AA0(A2),제조업
KB국민카드,KRZF14017MG2,KB국민카드 20260209-210-21,20260209,20260907,KRW,5000000000,179,AAA0(A1),금융 및 보험업
KB국민카드,KRZF14017NG2,KB국민카드 20260209-210-22,20260209,20260907,KRW,5000000000,179,AAA0(A1),금융 및 보험업
롯데하이마트,KRZF071842G2,롯데하이마트 20260209-79-2,20260209,20260429,KRW,5000000000,48,AA+(A2+),도매 및 소매업
롯데하이마트,KRZF071841G2,롯데하이마트 20260209-79-1,20260209,20260429,KRW,5000000000,48,AA+(A2+),도매 및 소매업
셀트리온,KRZF06827QG2,셀트리온 20260209-91-24,20260209,20260511,KRW,10000000000,60,AAA0(A1),제조업
셀트리온,KRZF068277G2,셀트리온 20260209-91-7,20260209,20260511,KRW,10000000000,60,AAA0(A1),제조업
셀트리온,KRZF068275G2,셀트리온 20260209-91-5,20260209,20260511,KRW,10000000000,60,AAA0(A1),제조업
셀트리온,KRZF068274G2,셀트리온 20260209-91-4,20260209,20260511,KRW,10000000000,60,AAA0(A1),제조업
셀트리온,KRZF06827VG2,셀트리온 20260209-91-28,20260209,20260511,KRW,10000000000,60,AAA0(A1),제조업
셀트리온,KRZF06827SG2,셀트리온 20260209-91-26,20260209,20260511,KRW,10000000000,60,AAA0(A1),제조업
셀트리온,KRZF06827ZG2,셀트리온 20260209-91-32,20260209,20260511,KRW,5000000000,60,AAA0(A1),제조업
셀트리온,KRZF06827WG2,셀트리온 20260209-91-29,20260209,20260511,KRW,5000000000,60,AAA0(A1),제조업
셀트리온,KRZF06827PG2,셀트리온 20260209-91-23,20260209,20260511,KRW,10000000000,60,AAA0(A1),제조업
셀트리온,KRZF06827XG2,셀트리온 20260209-91-30,20260209,20260511,KRW,5000000000,60,AAA0(A1),제조업
셀트리온,KRZF06827RG2,셀트리온 20260209-91-25,20260209,20260511,KRW,5000000000,60,AAA0(A1),제조업
셀트리온,KRZF06827LG2,셀트리온 20260209-91-20,20260209,20260511,KRW,10000000000,60,AAA0(A1),제조업
셀트리온,KRZF06827KG2,셀트리온 20260209-91-19,20260209,20260511,KRW,10000000000,60,AAA0(A1),제조업
셀트리온,KRZF06827FG2,셀트리온 20260209-91-15,20260209,20260511,KRW,10000000000,60,AAA0(A1),제조업
셀트리온,KRZF06827DG2,셀트리온 20260209-91-13,20260209,20260511,KRW,10000000000,60,AAA0(A1),제조업
셀트리온,KRZF06827CG2,셀트리온 20260209-91-12,20260209,20260511,KRW,10000000000,60,AAA0(A1),제조업
셀트리온,KRZF06827BG2,셀트리온 20260209-91-11,20260209,20260511,KRW,10000000000,60,AAA0(A1),제조업
셀트리온,KRZF06827MG2,셀트리온 20260209-91-21,20260209,20260511,KRW,10000000000,60,AAA0(A1),제조업
셀트리온,KRZF068272G2,셀트리온 20260209-91-2,20260209,20260511,KRW,10000000000,60,AAA0(A1),제조업
셀트리온,KRZF068279G2,셀트리온 20260209-91-9,20260209,20260511,KRW,10000000000,60,AAA0(A1),제조업
셀트리온,KRZF06827GG2,셀트리온 20260209-91-16,20260209,20260511,KRW,10000000000,60,AAA0(A1),제조업
셀트리온,KRZF068278G2,셀트리온 20260209-91-8,20260209,20260511,KRW,10000000000,60,AAA0(A1),제조업
셀트리온,KRZF068273G2,셀트리온 20260209-91-3,20260209,20260511,KRW,10000000000,60,AAA0(A1),제조업
셀트리온,KRZF068270GE,셀트리온 20260209-91-33,20260209,20260511,KRW,5000000000,60,AAA0(A1),제조업
셀트리온,KRZF06827YG2,셀트리온 20260209-91-31,20260209,20260511,KRW,5000000000,60,AAA0(A1),제조업
셀트리온,KRZF068276G2,셀트리온 20260209-91-6,20260209,20260511,KRW,10000000000,60,AAA0(A1),제조업
셀트리온,KRZF06827AG2,셀트리온 20260209-91-10,20260209,20260511,KRW,10000000000,60,AAA0(A1),제조업
셀트리온,KRZF068271G2,셀트리온 20260209-91-1,20260209,20260511,KRW,10000000000,60,AAA0(A1),제조업
셀트리온,KRZF06827TG2,셀트리온 20260209-91-27,20260209,20260511,KRW,10000000000,60,AAA0(A1),제조업
셀트리온,KRZF06827JG2,셀트리온 20260209-91-18,20260209,20260511,KRW,10000000000,60,AAA0(A1),제조업
셀트리온,KRZF06827HG2,셀트리온 20260209-91-17,20260209,20260511,KRW,10000000000,60,AAA0(A1),제조업
셀트리온,KRZF06827EG2,셀트리온 20260209-91-14,20260209,20260511,KRW,10000000000,60,AAA0(A1),제조업
셀트리온,KRZF06827NG2,셀트리온 20260209-91-22,20260209,20260511,KRW,10000000000,60,AAA0(A1),제조업
씨제이이엔엠,KRZF035766G2,씨제이이엔엠 20260209-11-6,20260209,20260220,KRW,5000000000,-20,AAA0(A1),정보통신업
씨제이이엔엠,KRZF035767G2,씨제이이엔엠 20260209-11-7,20260209,20260220,KRW,5000000000,-20,AAA0(A1),정보통신업
씨제이이엔엠,KRZF035768G2,씨제이이엔엠 20260209-11-8,20260209,20260220,KRW,5000000000,-20,AAA0(A1),정보통신업
씨제이이엔엠,KRZF035761G2,씨제이이엔엠 20260209-11-1,20260209,20260220,KRW,5000000000,-20,AAA0(A1),정보통신업
씨제이이엔엠,KRZF035765G2,씨제이이엔엠 20260209-11-5,20260209,20260220,KRW,5000000000,-20,AAA0(A1),정보통신업
씨제이이엔엠,KRZF035764G2,씨제이이엔엠 20260209-11-4,20260209,20260220,KRW,5000000000,-20,AAA0(A1),정보통신업
씨제이이엔엠,KRZF035763G2,씨제이이엔엠 20260209-11-3,20260209,20260220,KRW,5000000000,-20,AAA0(A1),정보통신업
씨제이이엔엠,KRZF035762G2,씨제이이엔엠 20260209-11-2,20260209,20260220,KRW,5000000000,-20,AAA0(A1),정보통신업
아이비케이캐피탈,KRZF019458G2,아이비케이캐피탈 20260209-361-8,20260209,20270205,KRW,10000000000,330,AAA0(A1),금융 및 보험업
아이비케이캐피탈,KRZF019455G2,아이비케이캐피탈 20260209-361-5,20260209,20270205,KRW,5000000000,330,AAA0(A1),금융 및 보험업
아이비케이캐피탈,KRZF019453G2,아이비케이캐피탈 20260209-261-3,20260209,20261028,KRW,5000000000,230,AAA0(A1),금융 및 보험업
아이비케이캐피탈,KRZF019454G2,아이비케이캐피탈 20260209-261-4,20260209,20261028,KRW,5000000000,230,AAA0(A1),금융 및 보험업
아이비케이캐피탈,KRZF019457G2,아이비케이캐피탈 20260209-361-7,20260209,20270205,KRW,10000000000,330,AAA0(A1),금융 및 보험업
아이비케이캐피탈,KRZF019456G2,아이비케이캐피탈 20260209-361-6,20260209,20270205,KRW,5000000000,330,AAA0(A1),금융 및 보험업
우리금융캐피탈,KRZF033662G2,우리금융캐피탈 20260209-273-2,20260209,20261109,KRW,5000000000,242,AAA0(A1),금융 및 보험업
우리금융캐피탈,KRZF033665G2,우리금융캐피탈 20260209-273-5,20260209,20261109,KRW,5000000000,242,AAA0(A1),금융 및 보험업
우리금융캐피탈,KRZF033666G2,우리금융캐피탈 20260209-273-6,20260209,20261109,KRW,5000000000,242,AAA0(A1),금융 및 보험업
우리금융캐피탈,KRZF033664G2,우리금융캐피탈 20260209-273-4,20260209,20261109,KRW,5000000000,242,AAA0(A1),금융 및 보험업
우리금융캐피탈,KRZF033663G2,우리금융캐피탈 20260209-273-3,20260209,20261109,KRW,5000000000,242,AAA0(A1),금융 및 보험업
우리금융캐피탈,KRZF033661G2,우리금융캐피탈 20260209-273-1,20260209,20261109,KRW,5000000000,242,AAA0(A1),금융 및 보험업
우리카드,KRZF174149G2,우리카드 20260209-163-9,20260209,20260722,KRW,5000000000,132,AAA0(A1),금융 및 보험업
우리카드,KRZF174144G2,우리카드 20260209-163-4,20260209,20260722,KRW,5000000000,132,AAA0(A1),금융 및 보험업
우리카드,KRZF174143G2,우리카드 20260209-163-3,20260209,20260722,KRW,5000000000,132,AAA0(A1),금융 및 보험업
우리카드,KRZF17414FG2,우리카드 20260209-163-15,20260209,20260722,KRW,5000000000,132,AAA0(A1),금융 및 보험업
우리카드,KRZF17414EG2,우리카드 20260209-163-14,20260209,20260722,KRW,5000000000,132,AAA0(A1),금융 및 보험업
우리카드,KRZF174148G2,우리카드 20260209-163-8,20260209,20260722,KRW,5000000000,132,AAA0(A1),금융 및 보험업
우리카드,KRZF174145G2,우리카드 20260209-163-5,20260209,20260722,KRW,5000000000,132,AAA0(A1),금융 및 보험업
우리카드,KRZF17414NG2,우리카드 20260209-163-22,20260209,20260722,KRW,5000000000,132,AAA0(A1),금융 및 보험업
우리카드,KRZF17414MG2,우리카드 20260209-163-21,20260209,20260722,KRW,5000000000,132,AAA0(A1),금융 및 보험업
우리카드,KRZF174147G2,우리카드 20260209-163-7,20260209,20260722,KRW,5000000000,132,AAA0(A1),금융 및 보험업
우리카드,KRZF17414GG2,우리카드 20260209-163-16,20260209,20260722,KRW,5000000000,132,AAA0(A1),금융 및 보험업
우리카드,KRZF17414JG2,우리카드 20260209-163-18,20260209,20260722,KRW,5000000000,132,AAA0(A1),금융 및 보험업
우리카드,KRZF17414HG2,우리카드 20260209-163-17,20260209,20260722,KRW,5000000000,132,AAA0(A1),금융 및 보험업
우리카드,KRZF174146G2,우리카드 20260209-163-6,20260209,20260722,KRW,5000000000,132,AAA0(A1),금융 및 보험업
우리카드,KRZF17414CG2,우리카드 20260209-163-12,20260209,20260722,KRW,5000000000,132,AAA0(A1),금융 및 보험업
우리카드,KRZF17414BG2,우리카드 20260209-163-11,20260209,20260722,KRW,5000000000,132,AAA0(A1),금융 및 보험업
우리카드,KRZF17414LG2,우리카드 20260209-163-20,20260209,20260722,KRW,5000000000,132,AAA0(A1),금융 및 보험업
우리카드,KRZF17414KG2,우리카드 20260209-163-19,20260209,20260722,KRW,5000000000,132,AAA0(A1),금융 및 보험업
우리카드,KRZF17414DG2,우리카드 20260209-163-13,20260209,20260722,KRW,5000000000,132,AAA0(A1),금융 및 보험업
우리카드,KRZF17414AG2,우리카드 20260209-163-10,20260209,20260722,KRW,5000000000,132,AAA0(A1),금융 및 보험업
이랜드월드,KRZF035651G2,이랜드월드 20260209-91-1,20260209,20260511,KRW,2000000000,60,A0(A3),도매 및 소매업
이랜드월드,KRZF035652G2,이랜드월드 20260209-91-2,20260209,20260511,KRW,3000000000,60,A0(A3),도매 및 소매업
제이비우리캐피탈,KRZF079317G2,제이비우리캐피탈 20260209-141-7,20260209,20260630,KRW,5000000000,110,AAA0(A1),금융 및 보험업
제이비우리캐피탈,KRZF07931BG2,제이비우리캐피탈 20260209-116-11,20260209,20260605,KRW,5000000000,85,AAA0(A1),금융 및 보험업
제이비우리캐피탈,KRZF079318G2,제이비우리캐피탈 20260209-141-8,20260209,20260630,KRW,5000000000,110,AAA0(A1),금융 및 보험업
제이비우리캐피탈,KRZF07931AG2,제이비우리캐피탈 20260209-141-10,20260209,20260630,KRW,5000000000,110,AAA0(A1),금융 및 보험업
제이비우리캐피탈,KRZF079319G2,제이비우리캐피탈 20260209-141-9,20260209,20260630,KRW,5000000000,110,AAA0(A1),금융 및 보험업
제이비우리캐피탈,KRZF07931CG2,제이비우리캐피탈 20260209-116-12,20260209,20260605,KRW,5000000000,85,AAA0(A1),금융 및 보험업
코리아세븐,KRZF123276G2,코리아세븐 20260209-361-6,20260209,20270205,KRW,5000000000,330,AA0(A2),도매 및 소매업
코리아세븐,KRZF123279G2,코리아세븐 20260209-361-9,20260209,20270205,KRW,5000000000,330,AA0(A2),도매 및 소매업
코리아세븐,KRZF123278G2,코리아세븐 20260209-361-8,20260209,20270205,KRW,5000000000,330,AA0(A2),도매 및 소매업
코리아세븐,KRZF12327EG2,코리아세븐 20260209-361-14,20260209,20270205,KRW,5000000000,330,AA0(A2),도매 및 소매업
코리아세븐,KRZF123277G2,코리아세븐 20260209-361-7,20260209,20270205,KRW,5000000000,330,AA0(A2),도매 및 소매업
코리아세븐,KRZF12327DG2,코리아세븐 20260209-361-13,20260209,20270205,KRW,5000000000,330,AA0(A2),도매 및 소매업
코리아세븐,KRZF12327BG2,코리아세븐 20260209-361-11,20260209,20270205,KRW,5000000000,330,AA0(A2),도매 및 소매업
코리아세븐,KRZF12327AG2,코리아세븐 20260209-361-10,20260209,20270205,KRW,5000000000,330,AA0(A2),도매 및 소매업
코리아세븐,KRZF123275G2,코리아세븐 20260209-361-5,20260209,20270205,KRW,5000000000,330,AA0(A2),도매 및 소매업
코리아세븐,KRZF12327CG2,코리아세븐 20260209-361-12,20260209,20270205,KRW,5000000000,330,AA0(A2),도매 및 소매업
하나에프앤아이,KRZF025082G2,하나에프앤아이 20260209-28-2,20260209,20260309,KRW,5000000000,-3,AA+(A2+),금융 및 보험업
하나에프앤아이,KRZF025083G2,하나에프앤아이 20260209-28-3,20260209,20260309,KRW,5000000000,-3,AA+(A2+),금융 및 보험업
하나에프앤아이,KRZF025084G2,하나에프앤아이 20260209-28-4,20260209,20260309,KRW,5000000000,-3,AA+(A2+),금융 및 보험업
하나에프앤아이,KRZF025081G2,하나에프앤아이 20260209-28-1,20260209,20260309,KRW,5000000000,-3,AA+(A2+),금융 및 보험업
하나카드,KRZF20549RG2,하나카드 20260209-182-25,20260209,20260810,KRW,5000000000,151,AAA0(A1),금융 및 보험업
하나카드,KRZF205492GE,하나카드 20260209-171-35,20260209,20260730,KRW,5000000000,140,AAA0(A1),금융 및 보험업
하나카드,KRZF20549YG2,하나카드 20260209-171-31,20260209,20260730,KRW,5000000000,140,AAA0(A1),금융 및 보험업
하나카드,KRZF20549WG2,하나카드 20260209-171-29,20260209,20260730,KRW,5000000000,140,AAA0(A1),금융 및 보험업
하나카드,KRZF20549SG2,하나카드 20260209-182-26,20260209,20260810,KRW,5000000000,151,AAA0(A1),금융 및 보험업
하나카드,KRZF20549PG2,하나카드 20260209-182-23,20260209,20260810,KRW,5000000000,151,AAA0(A1),금융 및 보험업
하나카드,KRZF20549HG2,하나카드 20260209-182-17,20260209,20260810,KRW,5000000000,151,AAA0(A1),금융 및 보험업
하나카드,KRZF20549GG2,하나카드 20260209-182-16,20260209,20260810,KRW,5000000000,151,AAA0(A1),금융 및 보험업
하나카드,KRZF20549JG2,하나카드 20260209-182-18,20260209,20260810,KRW,5000000000,151,AAA0(A1),금융 및 보험업
하나카드,KRZF205493GE,하나카드 20260209-171-36,20260209,20260730,KRW,5000000000,140,AAA0(A1),금융 및 보험업
하나카드,KRZF20549ZG2,하나카드 20260209-171-32,20260209,20260730,KRW,5000000000,140,AAA0(A1),금융 및 보험업
하나카드,KRZF205490GE,하나카드 20260209-171-33,20260209,20260730,KRW,5000000000,140,AAA0(A1),금융 및 보험업
하나카드,KRZF20549VG2,하나카드 20260209-171-28,20260209,20260730,KRW,5000000000,140,AAA0(A1),금융 및 보험업
하나카드,KRZF20549XG2,하나카드 20260209-171-30,20260209,20260730,KRW,5000000000,140,AAA0(A1),금융 및 보험업
하나카드,KRZF20549MG2,하나카드 20260209-182-21,20260209,20260810,KRW,5000000000,151,AAA0(A1),금융 및 보험업
하나카드,KRZF20549LG2,하나카드 20260209-182-20,20260209,20260810,KRW,5000000000,151,AAA0(A1),금융 및 보험업
하나카드,KRZF20549TG2,하나카드 20260209-171-27,20260209,20260730,KRW,5000000000,140,AAA0(A1),금융 및 보험업
하나카드,KRZF20549QG2,하나카드 20260209-182-24,20260209,20260810,KRW,5000000000,151,AAA0(A1),금융 및 보험업
하나카드,KRZF20549NG2,하나카드 20260209-182-22,20260209,20260810,KRW,5000000000,151,AAA0(A1),금융 및 보험업
하나카드,KRZF20549KG2,하나카드 20260209-182-19,20260209,20260810,KRW,5000000000,151,AAA0(A1),금융 및 보험업
하나카드,KRZF20549FG2,하나카드 20260209-182-15,20260209,20260810,KRW,5000000000,151,AAA0(A1),금융 및 보험업
하나카드,KRZF205491GE,하나카드 20260209-171-34,20260209,20260730,KRW,5000000000,140,AAA0(A1),금융 및 보험업
하나캐피탈,KRZF019806G2,하나캐피탈 20260209-107-6,20260209,20260527,KRW,5000000000,76,AAA0(A1),금융 및 보험업
하나캐피탈,KRZF01980MG2,하나캐피탈 20260209-107-21,20260209,20260527,KRW,5000000000,76,AAA0(A1),금융 및 보험업
하나캐피탈,KRZF01980BG2,하나캐피탈 20260209-135-11,20260209,20260624,KRW,5000000000,104,AAA0(A1),금융 및 보험업
하나캐피탈,KRZF019809G2,하나캐피탈 20260209-107-9,20260209,20260527,KRW,5000000000,76,AAA0(A1),금융 및 보험업
하나캐피탈,KRZF01980PG2,하나캐피탈 20260209-107-23,20260209,20260527,KRW,5000000000,76,AAA0(A1),금융 및 보험업
하나캐피탈,KRZF01980HG2,하나캐피탈 20260209-107-17,20260209,20260527,KRW,5000000000,76,AAA0(A1),금융 및 보험업
하나캐피탈,KRZF01980JG2,하나캐피탈 20260209-107-18,20260209,20260527,KRW,5000000000,76,AAA0(A1),금융 및 보험업
하나캐피탈,KRZF01980AG2,하나캐피탈 20260209-107-10,20260209,20260527,KRW,5000000000,76,AAA0(A1),금융 및 보험업
하나캐피탈,KRZF01980NG2,하나캐피탈 20260209-107-22,20260209,20260527,KRW,5000000000,76,AAA0(A1),금융 및 보험업
하나캐피탈,KRZF019805G2,하나캐피탈 20260209-107-5,20260209,20260527,KRW,5000000000,76,AAA0(A1),금융 및 보험업
하나캐피탈,KRZF01980FG2,하나캐피탈 20260209-135-15,20260209,20260624,KRW,5000000000,104,AAA0(A1),금융 및 보험업
하나캐피탈,KRZF019808G2,하나캐피탈 20260209-107-8,20260209,20260527,KRW,5000000000,76,AAA0(A1),금융 및 보험업
하나캐피탈,KRZF01980LG2,하나캐피탈 20260209-107-20,20260209,20260527,KRW,5000000000,76,AAA0(A1),금융 및 보험업
하나캐피탈,KRZF01980QG2,하나캐피탈 20260209-107-24,20260209,20260527,KRW,5000000000,76,AAA0(A1),금융 및 보험업
하나캐피탈,KRZF01980EG2,하나캐피탈 20260209-135-14,20260209,20260624,KRW,5000000000,104,AAA0(A1),금융 및 보험업
하나캐피탈,KRZF019804G2,하나캐피탈 20260209-107-4,20260209,20260527,KRW,5000000000,76,AAA0(A1),금융 및 보험업
하나캐피탈,KRZF019807G2,하나캐피탈 20260209-107-7,20260209,20260527,KRW,5000000000,76,AAA0(A1),금융 및 보험업
하나캐피탈,KRZF019801G2,하나캐피탈 20260209-107-1,20260209,20260527,KRW,5000000000,76,AAA0(A1),금융 및 보험업
하나캐피탈,KRZF019803G2,하나캐피탈 20260209-107-3,20260209,20260527,KRW,5000000000,76,AAA0(A1),금융 및 보험업
하나캐피탈,KRZF019802G2,하나캐피탈 20260209-107-2,20260209,20260527,KRW,5000000000,76,AAA0(A1),금융 및 보험업
하나캐피탈,KRZF01980GG2,하나캐피탈 20260209-135-16,20260209,20260624,KRW,5000000000,104,AAA0(A1),금융 및 보험업
하나캐피탈,KRZF01980DG2,하나캐피탈 20260209-135-13,20260209,20260624,KRW,5000000000,104,AAA0(A1),금융 및 보험업
하나캐피탈,KRZF01980CG2,하나캐피탈 20260209-135-12,20260209,20260624,KRW,5000000000,104,AAA0(A1),금융 및 보험업
하나캐피탈,KRZF01980KG2,하나캐피탈 20260209-107-19,20260209,20260527,KRW,5000000000,76,AAA0(A1),금융 및 보험업
한국도로공사,KRZF09692JG2,한국도로공사 20260209-92-18,20260209,20260512,KRW,10000000000,61,AAA0(A1),건설업
한국도로공사,KRZF09692HG2,한국도로공사 20260209-92-17,20260209,20260512,KRW,10000000000,61,AAA0(A1),건설업
한국도로공사,KRZF09692CG2,한국도로공사 20260209-92-12,20260209,20260512,KRW,10000000000,61,AAA0(A1),건설업
한국도로공사,KRZF09692GG2,한국도로공사 20260209-92-16,20260209,20260512,KRW,10000000000,61,AAA0(A1),건설업
한국도로공사,KRZF09692EG2,한국도로공사 20260209-92-14,20260209,20260512,KRW,10000000000,61,AAA0(A1),건설업
한국도로공사,KRZF09692LG2,한국도로공사 20260209-92-20,20260209,20260512,KRW,10000000000,61,AAA0(A1),건설업
한국도로공사,KRZF09692DG2,한국도로공사 20260209-92-13,20260209,20260512,KRW,10000000000,61,AAA0(A1),건설업
한국도로공사,KRZF09692BG2,한국도로공사 20260209-92-11,20260209,20260512,KRW,10000000000,61,AAA0(A1),건설업
한국도로공사,KRZF09692KG2,한국도로공사 20260209-92-19,20260209,20260512,KRW,10000000000,61,AAA0(A1),건설업
한국도로공사,KRZF09692FG2,한국도로공사 20260209-92-15,20260209,20260512,KRW,10000000000,61,AAA0(A1),건설업
한국전력공사,KRZFE15763G2,한국전력공사 20260209-91-135,20260209,20260511,KRW,10000000000,60,AAA0(A1),"전기, 가스, 증기 및 공기조절 공급업"
한국전력공사,KRZFE15766G2,한국전력공사 20260209-91-138,20260209,20260511,KRW,10000000000,60,AAA0(A1),"전기, 가스, 증기 및 공기조절 공급업"
한국전력공사,KRZFE15760G2,한국전력공사 20260209-91-132,20260209,20260511,KRW,10000000000,60,AAA0(A1),"전기, 가스, 증기 및 공기조절 공급업"
한국전력공사,KRZFA1576ZGE,한국전력공사 20260209-91-131,20260209,20260511,KRW,10000000000,60,AAA0(A1),"전기, 가스, 증기 및 공기조절 공급업"
한국전력공사,KRZFA1576YGE,한국전력공사 20260209-91-130,20260209,20260511,KRW,10000000000,60,AAA0(A1),"전기, 가스, 증기 및 공기조절 공급업"
한국전력공사,KRZFA1576WGE,한국전력공사 20260209-91-128,20260209,20260511,KRW,10000000000,60,AAA0(A1),"전기, 가스, 증기 및 공기조절 공급업"
한국전력공사,KRZFA1576QGE,한국전력공사 20260209-91-123,20260209,20260511,KRW,10000000000,60,AAA0(A1),"전기, 가스, 증기 및 공기조절 공급업"
한국전력공사,KRZFA1576PGE,한국전력공사 20260209-91-122,20260209,20260511,KRW,10000000000,60,AAA0(A1),"전기, 가스, 증기 및 공기조절 공급업"
한국전력공사,KRZFA1576NGE,한국전력공사 20260209-91-121,20260209,20260511,KRW,10000000000,60,AAA0(A1),"전기, 가스, 증기 및 공기조절 공급업"
한국전력공사,KRZFA1576TGE,한국전력공사 20260209-91-126,20260209,20260511,KRW,10000000000,60,AAA0(A1),"전기, 가스, 증기 및 공기조절 공급업"
한국전력공사,KRZFA1576JGE,한국전력공사 20260209-91-117,20260209,20260511,KRW,10000000000,60,AAA0(A1),"전기, 가스, 증기 및 공기조절 공급업"
한국전력공사,KRZFE15768G2,한국전력공사 20260209-91-140,20260209,20260511,KRW,10000000000,60,AAA0(A1),"전기, 가스, 증기 및 공기조절 공급업"
한국전력공사,KRZFE15761G2,한국전력공사 20260209-91-133,20260209,20260511,KRW,10000000000,60,AAA0(A1),"전기, 가스, 증기 및 공기조절 공급업"
한국전력공사,KRZFA1576VGE,한국전력공사 20260209-91-127,20260209,20260511,KRW,10000000000,60,AAA0(A1),"전기, 가스, 증기 및 공기조절 공급업"
한국전력공사,KRZFA1576KGE,한국전력공사 20260209-91-118,20260209,20260511,KRW,10000000000,60,AAA0(A1),"전기, 가스, 증기 및 공기조절 공급업"
한국전력공사,KRZFE15764G2,한국전력공사 20260209-91-136,20260209,20260511,KRW,10000000000,60,AAA0(A1),"전기, 가스, 증기 및 공기조절 공급업"
한국전력공사,KRZFE15765G2,한국전력공사 20260209-91-137,20260209,20260511,KRW,10000000000,60,AAA0(A1),"전기, 가스, 증기 및 공기조절 공급업"
한국전력공사,KRZFA1576RGE,한국전력공사 20260209-91-124,20260209,20260511,KRW,10000000000,60,AAA0(A1),"전기, 가스, 증기 및 공기조절 공급업"
한국전력공사,KRZFA1576MGE,한국전력공사 20260209-91-120,20260209,20260511,KRW,10000000000,60,AAA0(A1),"전기, 가스, 증기 및 공기조절 공급업"
한국전력공사,KRZFE15767G2,한국전력공사 20260209-91-139,20260209,20260511,KRW,10000000000,60,AAA0(A1),"전기, 가스, 증기 및 공기조절 공급업"
한국전력공사,KRZFA1576XGE,한국전력공사 20260209-91-129,20260209,20260511,KRW,10000000000,60,AAA0(A1),"전기, 가스, 증기 및 공기조절 공급업"
한국전력공사,KRZFA1576SGE,한국전력공사 20260209-91-125,20260209,20260511,KRW,10000000000,60,AAA0(A1),"전기, 가스, 증기 및 공기조절 공급업"
한국전력공사,KRZFA1576LGE,한국전력공사 20260209-91-119,20260209,20260511,KRW,10000000000,60,AAA0(A1),"전기, 가스, 증기 및 공기조절 공급업"
한국전력공사,KRZFE15762G2,한국전력공사 20260209-91-134,20260209,20260511,KRW,10000000000,60,AAA0(A1),"전기, 가스, 증기 및 공기조절 공급업"
한국전력공사,KRZFA1576HGE,한국전력공사 20260209-91-116,20260209,20260511,KRW,10000000000,60,AAA0(A1),"전기, 가스, 증기 및 공기조절 공급업"
한국증권금융,KRZF028827G2,한국증권금융 20260209-28-7,20260209,20260309,KRW,10000000000,-3,AAA0(A1),금융 및 보험업
한국증권금융,KRZF02882JG2,한국증권금융 20260209-28-18,20260209,20260309,KRW,10000000000,-3,AAA0(A1),금융 및 보험업
한국증권금융,KRZF02882FG2,한국증권금융 20260209-28-15,20260209,20260309,KRW,10000000000,-3,AAA0(A1),금융 및 보험업
한국증권금융,KRZF02882BG2,한국증권금융 20260209-28-11,20260209,20260309,KRW,10000000000,-3,AAA0(A1),금융 및 보험업
한국증권금융,KRZF028823G2,한국증권금융 20260209-28-3,20260209,20260309,KRW,10000000000,-3,AAA0(A1),금융 및 보험업
한국증권금융,KRZF028821G2,한국증권금융 20260209-28-1,20260209,20260309,KRW,10000000000,-3,AAA0(A1),금융 및 보험업
한국증권금융,KRZF028826G2,한국증권금융 20260209-28-6,20260209,20260309,KRW,10000000000,-3,AAA0(A1),금융 및 보험업
한국증권금융,KRZF02882KG2,한국증권금융 20260209-28-19,20260209,20260309,KRW,10000000000,-3,AAA0(A1),금융 및 보험업
한국증권금융,KRZF02882AG2,한국증권금융 20260209-28-10,20260209,20260309,KRW,10000000000,-3,AAA0(A1),금융 및 보험업
한국증권금융,KRZF028829G2,한국증권금융 20260209-28-9,20260209,20260309,KRW,10000000000,-3,AAA0(A1),금융 및 보험업
한국증권금융,KRZF028822G2,한국증권금융 20260209-28-2,20260209,20260309,KRW,10000000000,-3,AAA0(A1),금융 및 보험업
한국증권금융,KRZF02882LG2,한국증권금융 20260209-28-20,20260209,20260309,KRW,10000000000,-3,AAA0(A1),금융 및 보험업
한국증권금융,KRZF02882EG2,한국증권금융 20260209-28-14,20260209,20260309,KRW,10000000000,-3,AAA0(A1),금융 및 보험업
한국증권금융,KRZF02882DG2,한국증권금융 20260209-28-13,20260209,20260309,KRW,10000000000,-3,AAA0(A1),금융 및 보험업
한국증권금융,KRZF028828G2,한국증권금융 20260209-28-8,20260209,20260309,KRW,10000000000,-3,AAA0(A1),금융 및 보험업
한국증권금융,KRZF02882GG2,한국증권금융 20260209-28-16,20260209,20260309,KRW,10000000000,-3,AAA0(A1),금융 및 보험업
한국증권금융,KRZF028825G2,한국증권금융 20260209-28-5,20260209,20260309,KRW,10000000000,-3,AAA0(A1),금융 및 보험업
한국증권금융,KRZF028824G2,한국증권금융 20260209-28-4,20260209,20260309,KRW,10000000000,-3,AAA0(A1),금융 및 보험업
한국증권금융,KRZF02882HG2,한국증권금융 20260209-28-17,20260209,20260309,KRW,10000000000,-3,AAA0(A1),금융 및 보험업
한국증권금융,KRZF02882CG2,한국증권금융 20260209-28-12,20260209,20260309,KRW,10000000000,-3,AAA0(A1),금융 및 보험업
한국토지주택공사,KRZFB1760HGE,한국토지주택공사 20260209-88-116,20260209,20260508,KRW,10000000000,57,AAA0(A1),건설업
한국토지주택공사,KRZFB1760RGE,한국토지주택공사 20260209-88-124,20260209,20260508,KRW,10000000000,57,AAA0(A1),건설업
한국토지주택공사,KRZFB1760NGE,한국토지주택공사 20260209-88-121,20260209,20260508,KRW,10000000000,57,AAA0(A1),건설업
한국토지주택공사,KRZFB1760JGE,한국토지주택공사 20260209-88-117,20260209,20260508,KRW,10000000000,57,AAA0(A1),건설업
한국토지주택공사,KRZFB1760GGE,한국토지주택공사 20260209-88-115,20260209,20260508,KRW,10000000000,57,AAA0(A1),건설업
한국토지주택공사,KRZFB1760SGE,한국토지주택공사 20260209-88-125,20260209,20260508,KRW,10000000000,57,AAA0(A1),건설업
한국토지주택공사,KRZFB1760MGE,한국토지주택공사 20260209-88-120,20260209,20260508,KRW,10000000000,57,AAA0(A1),건설업
한국토지주택공사,KRZFB1760KGE,한국토지주택공사 20260209-88-118,20260209,20260508,KRW,10000000000,57,AAA0(A1),건설업
한국토지주택공사,KRZFB1760CGE,한국토지주택공사 20260209-88-111,20260209,20260508,KRW,10000000000,57,AAA0(A1),건설업
한국토지주택공사,KRZFB1760BGE,한국토지주택공사 20260209-88-110,20260209,20260508,KRW,10000000000,57,AAA0(A1),건설업
한국토지주택공사,KRZFB17600GE,한국토지주택공사 20260209-91-99,20260209,20260511,KRW,10000000000,60,AAA0(A1),건설업
한국토지주택공사,KRZFB17605GE,한국토지주택공사 20260209-91-104,20260209,20260511,KRW,10000000000,60,AAA0(A1),건설업
한국토지주택공사,KRZFB17601GE,한국토지주택공사 20260209-91-100,20260209,20260511,KRW,10000000000,60,AAA0(A1),건설업
한국토지주택공사,KRZFB1760ZG2,한국토지주택공사 20260209-91-98,20260209,20260511,KRW,10000000000,60,AAA0(A1),건설업
한국토지주택공사,KRZFB1760SG2,한국토지주택공사 20260209-91-92,20260209,20260511,KRW,10000000000,60,AAA0(A1),건설업
한국토지주택공사,KRZFB1760XG2,한국토지주택공사 20260209-91-96,20260209,20260511,KRW,10000000000,60,AAA0(A1),건설업
한국토지주택공사,KRZFB1760PGE,한국토지주택공사 20260209-88-122,20260209,20260508,KRW,10000000000,57,AAA0(A1),건설업
한국토지주택공사,KRZFB17607GE,한국토지주택공사 20260209-88-106,20260209,20260508,KRW,10000000000,57,AAA0(A1),건설업
한국토지주택공사,KRZFB17606GE,한국토지주택공사 20260209-91-105,20260209,20260511,KRW,10000000000,60,AAA0(A1),건설업
한국토지주택공사,KRZFB1760NG2,한국토지주택공사 20260209-91-88,20260209,20260511,KRW,10000000000,60,AAA0(A1),건설업
한국토지주택공사,KRZFB1760MG2,한국토지주택공사 20260209-91-87,20260209,20260511,KRW,10000000000,60,AAA0(A1),건설업
한국토지주택공사,KRZFB17604GE,한국토지주택공사 20260209-91-103,20260209,20260511,KRW,10000000000,60,AAA0(A1),건설업
한국토지주택공사,KRZFB1760FGE,한국토지주택공사 20260209-88-114,20260209,20260508,KRW,10000000000,57,AAA0(A1),건설업
한국토지주택공사,KRZFB17602GE,한국토지주택공사 20260209-91-101,20260209,20260511,KRW,10000000000,60,AAA0(A1),건설업
한국토지주택공사,KRZFB1760YG2,한국토지주택공사 20260209-91-97,20260209,20260511,KRW,10000000000,60,AAA0(A1),건설업
한국토지주택공사,KRZFB1760TG2,한국토지주택공사 20260209-91-93,20260209,20260511,KRW,10000000000,60,AAA0(A1),건설업
한국토지주택공사,KRZFB1760QG2,한국토지주택공사 20260209-91-90,20260209,20260511,KRW,10000000000,60,AAA0(A1),건설업
한국토지주택공사,KRZFB1760LG2,한국토지주택공사 20260209-91-86,20260209,20260511,KRW,10000000000,60,AAA0(A1),건설업
한국토지주택공사,KRZFB1760QGE,한국토지주택공사 20260209-88-123,20260209,20260508,KRW,10000000000,57,AAA0(A1),건설업
한국토지주택공사,KRZFB1760LGE,한국토지주택공사 20260209-88-119,20260209,20260508,KRW,10000000000,57,AAA0(A1),건설업
한국토지주택공사,KRZFB1760EGE,한국토지주택공사 20260209-88-113,20260209,20260508,KRW,10000000000,57,AAA0(A1),건설업
한국토지주택공사,KRZFB17603GE,한국토지주택공사 20260209-91-102,20260209,20260511,KRW,10000000000,60,AAA0(A1),건설업
한국토지주택공사,KRZFB1760VG2,한국토지주택공사 20260209-91-94,20260209,20260511,KRW,10000000000,60,AAA0(A1),건설업
한국토지주택공사,KRZFB1760RG2,한국토지주택공사 20260209-91-91,20260209,20260511,KRW,10000000000,60,AAA0(A1),건설업
한국토지주택공사,KRZFB1760DGE,한국토지주택공사 20260209-88-112,20260209,20260508,KRW,10000000000,57,AAA0(A1),건설업
한국토지주택공사,KRZFB1760AGE,한국토지주택공사 20260209-88-109,20260209,20260508,KRW,10000000000,57,AAA0(A1),건설업
한국토지주택공사,KRZFB17609GE,한국토지주택공사 20260209-88-108,20260209,20260508,KRW,10000000000,57,AAA0(A1),건설업
한국토지주택공사,KRZFB17608GE,한국토지주택공사 20260209-88-107,20260209,20260508,KRW,10000000000,57,AAA0(A1),건설업
한국토지주택공사,KRZFB1760WG2,한국토지주택공사 20260209-91-95,20260209,20260511,KRW,10000000000,60,AAA0(A1),건설업
한국토지주택공사,KRZFB1760PG2,한국토지주택공사 20260209-91-89,20260209,20260511,KRW,10000000000,60,AAA0(A1),건설업
한화솔루션,KRZF00983LG2,한화솔루션 20260209-88-20,20260209,20260508,KRW,5000000000,57,AAA0(A1),제조업
한화솔루션,KRZF00983KG2,한화솔루션 20260209-88-19,20260209,20260508,KRW,5000000000,57,AAA0(A1),제조업
한화솔루션,KRZF00983FG2,한화솔루션 20260209-88-15,20260209,20260508,KRW,5000000000,57,AAA0(A1),제조업
한화솔루션,KRZF00983CG2,한화솔루션 20260209-88-12,20260209,20260508,KRW,5000000000,57,AAA0(A1),제조업
한화솔루션,KRZF00983AG2,한화솔루션 20260209-88-10,20260209,20260508,KRW,5000000000,57,AAA0(A1),제조업
한화솔루션,KRZF009836G2,한화솔루션 20260209-88-6,20260209,20260508,KRW,5000000000,57,AAA0(A1),제조업
한화솔루션,KRZF00983DG2,한화솔루션 20260209-88-13,20260209,20260508,KRW,5000000000,57,AAA0(A1),제조업
한화솔루션,KRZF00983EG2,한화솔루션 20260209-88-14,20260209,20260508,KRW,5000000000,57,AAA0(A1),제조업
한화솔루션,KRZF009833G2,한화솔루션 20260209-88-3,20260209,20260508,KRW,5000000000,57,AAA0(A1),제조업
한화솔루션,KRZF009839G2,한화솔루션 20260209-88-9,20260209,20260508,KRW,5000000000,57,AAA0(A1),제조업
한화솔루션,KRZF009832G2,한화솔루션 20260209-88-2,20260209,20260508,KRW,5000000000,57,AAA0(A1),제조업
한화솔루션,KRZF00983HG2,한화솔루션 20260209-88-17,20260209,20260508,KRW,5000000000,57,AAA0(A1),제조업
한화솔루션,KRZF00983JG2,한화솔루션 20260209-88-18,20260209,20260508,KRW,5000000000,57,AAA0(A1),제조업
한화솔루션,KRZF00983GG2,한화솔루션 20260209-88-16,20260209,20260508,KRW,5000000000,57,AAA0(A1),제조업
한화솔루션,KRZF009838G2,한화솔루션 20260209-88-8,20260209,20260508,KRW,5000000000,57,AAA0(A1),제조업
한화솔루션,KRZF009834G2,한화솔루션 20260209-88-4,20260209,20260508,KRW,5000000000,57,AAA0(A1),제조업
한화솔루션,KRZF009831G2,한화솔루션 20260209-88-1,20260209,20260508,KRW,5000000000,57,AAA0(A1),제조업
한화솔루션,KRZF009835G2,한화솔루션 20260209-88-5,20260209,20260508,KRW,5000000000,57,AAA0(A1),제조업
한화솔루션,KRZF009837G2,한화솔루션 20260209-88-7,20260209,20260508,KRW,5000000000,57,AAA0(A1),제조업
한화솔루션,KRZF00983BG2,한화솔루션 20260209-88-11,20260209,20260508,KRW,5000000000,57,AAA0(A1),제조업
한화시스템,KRZF272212G2,한화시스템 20260209-50-2,20260209,20260331,KRW,5000000000,19,AAA0(A1),제조업
한화시스템,KRZF272214G2,한화시스템 20260209-50-4,20260209,20260331,KRW,5000000000,19,AAA0(A1),제조업
한화시스템,KRZF272213G2,한화시스템 20260209-50-3,20260209,20260331,KRW,5000000000,19,AAA0(A1),제조업
한화시스템,KRZF272219G2,한화시스템 20260209-50-9,20260209,20260331,KRW,5000000000,19,AAA0(A1),제조업
한화시스템,KRZF272211G2,한화시스템 20260209-50-1,20260209,20260331,KRW,5000000000,19,AAA0(A1),제조업
한화시스템,KRZF272215G2,한화시스템 20260209-50-5,20260209,20260331,KRW,5000000000,19,AAA0(A1),제조업
한화시스템,KRZF272218G2,한화시스템 20260209-50-8,20260209,20260331,KRW,5000000000,19,AAA0(A1),제조업
한화시스템,KRZF27221AG2,한화시스템 20260209-50-10,20260209,20260331,KRW,5000000000,19,AAA0(A1),제조업
한화시스템,KRZF272217G2,한화시스템 20260209-50-7,20260209,20260331,KRW,5000000000,19,AAA0(A1),제조업
한화시스템,KRZF272216G2,한화시스템 20260209-50-6,20260209,20260331,KRW,5000000000,19,AAA0(A1),제조업
