플랜번호,발행인,종목코드,종목명,PF여부,발행일,만기일,기초자산,통화,환율,발행금액,원화환산발행금액,잔존일물,한국신용평가,한국기업평가,NICE신용평가,서울신용평가,실질자금조달자,신용보강 유형,신용보강기관 유형,신용보강기관
73698,국민글로리제1차,KRZF0014L1G2,국민글로리제1차 20260206-136-1,N,20260206,20260622,정기예금,KRW,,5000000000,5000000000,102,A1,A1,,,국민은행,자체 신용보강,자체 신용보강,국민은행
73698,국민글로리제1차,KRZF0014LAG2,국민글로리제1차 20260206-136-10,N,20260206,20260622,정기예금,KRW,,5000000000,5000000000,102,A1,A1,,,국민은행,자체 신용보강,자체 신용보강,국민은행
73698,국민글로리제1차,KRZF0014LBG2,국민글로리제1차 20260206-136-11,N,20260206,20260622,정기예금,KRW,,5000000000,5000000000,102,A1,A1,,,국민은행,자체 신용보강,자체 신용보강,국민은행
73698,국민글로리제1차,KRZF0014LCG2,국민글로리제1차 20260206-136-12,N,20260206,20260622,정기예금,KRW,,5000000000,5000000000,102,A1,A1,,,국민은행,자체 신용보강,자체 신용보강,국민은행
73698,국민글로리제1차,KRZF0014LDG2,국민글로리제1차 20260206-136-13,N,20260206,20260622,정기예금,KRW,,5000000000,5000000000,102,A1,A1,,,국민은행,자체 신용보강,자체 신용보강,국민은행
73698,국민글로리제1차,KRZF0014LEG2,국민글로리제1차 20260206-136-14,N,20260206,20260622,정기예금,KRW,,5000000000,5000000000,102,A1,A1,,,국민은행,자체 신용보강,자체 신용보강,국민은행
73698,국민글로리제1차,KRZF0014LFG2,국민글로리제1차 20260206-136-15,N,20260206,20260622,정기예금,KRW,,5000000000,5000000000,102,A1,A1,,,국민은행,자체 신용보강,자체 신용보강,국민은행
73698,국민글로리제1차,KRZF0014LGG2,국민글로리제1차 20260206-136-16,N,20260206,20260622,정기예금,KRW,,5000000000,5000000000,102,A1,A1,,,국민은행,자체 신용보강,자체 신용보강,국민은행
73698,국민글로리제1차,KRZF0014LHG2,국민글로리제1차 20260206-136-17,N,20260206,20260622,정기예금,KRW,,5000000000,5000000000,102,A1,A1,,,국민은행,자체 신용보강,자체 신용보강,국민은행
73698,국민글로리제1차,KRZF0014LJG2,국민글로리제1차 20260206-136-18,N,20260206,20260622,정기예금,KRW,,5000000000,5000000000,102,A1,A1,,,국민은행,자체 신용보강,자체 신용보강,국민은행
73698,국민글로리제1차,KRZF0014LKG2,국민글로리제1차 20260206-136-19,N,20260206,20260622,정기예금,KRW,,5000000000,5000000000,102,A1,A1,,,국민은행,자체 신용보강,자체 신용보강,국민은행
73698,국민글로리제1차,KRZF0014L2G2,국민글로리제1차 20260206-136-2,N,20260206,20260622,정기예금,KRW,,5000000000,5000000000,102,A1,A1,,,국민은행,자체 신용보강,자체 신용보강,국민은행
73698,국민글로리제1차,KRZF0014LLG2,국민글로리제1차 20260206-136-20,N,20260206,20260622,정기예금,KRW,,5000000000,5000000000,102,A1,A1,,,국민은행,자체 신용보강,자체 신용보강,국민은행
73698,국민글로리제1차,KRZF0014LMG2,국민글로리제1차 20260206-136-21,N,20260206,20260622,정기예금,KRW,,5000000000,5000000000,102,A1,A1,,,국민은행,자체 신용보강,자체 신용보강,국민은행
73698,국민글로리제1차,KRZF0014LNG2,국민글로리제1차 20260206-136-22,N,20260206,20260622,정기예금,KRW,,5000000000,5000000000,102,A1,A1,,,국민은행,자체 신용보강,자체 신용보강,국민은행
73698,국민글로리제1차,KRZF0014LPG2,국민글로리제1차 20260206-136-23,N,20260206,20260622,정기예금,KRW,,5000000000,5000000000,102,A1,A1,,,국민은행,자체 신용보강,자체 신용보강,국민은행
73698,국민글로리제1차,KRZF0014LQG2,국민글로리제1차 20260206-136-24,N,20260206,20260622,정기예금,KRW,,5000000000,5000000000,102,A1,A1,,,국민은행,자체 신용보강,자체 신용보강,국민은행
73698,국민글로리제1차,KRZF0014LRG2,국민글로리제1차 20260206-136-25,N,20260206,20260622,정기예금,KRW,,5000000000,5000000000,102,A1,A1,,,국민은행,자체 신용보강,자체 신용보강,국민은행
73698,국민글로리제1차,KRZF0014LSG2,국민글로리제1차 20260206-136-26,N,20260206,20260622,정기예금,KRW,,5000000000,5000000000,102,A1,A1,,,국민은행,자체 신용보강,자체 신용보강,국민은행
73698,국민글로리제1차,KRZF0014LTG2,국민글로리제1차 20260206-136-27,N,20260206,20260622,정기예금,KRW,,5000000000,5000000000,102,A1,A1,,,국민은행,자체 신용보강,자체 신용보강,국민은행
73698,국민글로리제1차,KRZF0014LVG2,국민글로리제1차 20260206-136-28,N,20260206,20260622,정기예금,KRW,,5000000000,5000000000,102,A1,A1,,,국민은행,자체 신용보강,자체 신용보강,국민은행
73698,국민글로리제1차,KRZF0014LWG2,국민글로리제1차 20260206-136-29,N,20260206,20260622,정기예금,KRW,,5000000000,5000000000,102,A1,A1,,,국민은행,자체 신용보강,자체 신용보강,국민은행
73698,국민글로리제1차,KRZF0014L3G2,국민글로리제1차 20260206-136-3,N,20260206,20260622,정기예금,KRW,,5000000000,5000000000,102,A1,A1,,,국민은행,자체 신용보강,자체 신용보강,국민은행
73698,국민글로리제1차,KRZF0014LXG2,국민글로리제1차 20260206-136-30,N,20260206,20260622,정기예금,KRW,,5000000000,5000000000,102,A1,A1,,,국민은행,자체 신용보강,자체 신용보강,국민은행
73698,국민글로리제1차,KRZF0014LYG2,국민글로리제1차 20260206-136-31,N,20260206,20260622,정기예금,KRW,,5000000000,5000000000,102,A1,A1,,,국민은행,자체 신용보강,자체 신용보강,국민은행
73698,국민글로리제1차,KRZF0014LZG2,국민글로리제1차 20260206-136-32,N,20260206,20260622,정기예금,KRW,,5000000000,5000000000,102,A1,A1,,,국민은행,자체 신용보강,자체 신용보강,국민은행
73698,국민글로리제1차,KRZF0014L0GE,국민글로리제1차 20260206-136-33,N,20260206,20260622,정기예금,KRW,,5000000000,5000000000,102,A1,A1,,,국민은행,자체 신용보강,자체 신용보강,국민은행
73698,국민글로리제1차,KRZF0014L1GE,국민글로리제1차 20260206-136-34,N,20260206,20260622,정기예금,KRW,,5000000000,5000000000,102,A1,A1,,,국민은행,자체 신용보강,자체 신용보강,국민은행
73698,국민글로리제1차,KRZF0014L2GE,국민글로리제1차 20260206-136-35,N,20260206,20260622,정기예금,KRW,,5000000000,5000000000,102,A1,A1,,,국민은행,자체 신용보강,자체 신용보강,국민은행
73698,국민글로리제1차,KRZF0014L3GE,국민글로리제1차 20260206-136-36,N,20260206,20260622,정기예금,KRW,,5000000000,5000000000,102,A1,A1,,,국민은행,자체 신용보강,자체 신용보강,국민은행
73698,국민글로리제1차,KRZF0014L4GE,국민글로리제1차 20260206-136-37,N,20260206,20260622,정기예금,KRW,,5000000000,5000000000,102,A1,A1,,,국민은행,자체 신용보강,자체 신용보강,국민은행
73698,국민글로리제1차,KRZF0014L5GE,국민글로리제1차 20260206-136-38,N,20260206,20260622,정기예금,KRW,,5000000000,5000000000,102,A1,A1,,,국민은행,자체 신용보강,자체 신용보강,국민은행
73698,국민글로리제1차,KRZF0014L6GE,국민글로리제1차 20260206-136-39,N,20260206,20260622,정기예금,KRW,,5000000000,5000000000,102,A1,A1,,,국민은행,자체 신용보강,자체 신용보강,국민은행
73698,국민글로리제1차,KRZF0014L4G2,국민글로리제1차 20260206-136-4,N,20260206,20260622,정기예금,KRW,,5000000000,5000000000,102,A1,A1,,,국민은행,자체 신용보강,자체 신용보강,국민은행
73698,국민글로리제1차,KRZF0014L7GE,국민글로리제1차 20260206-136-40,N,20260206,20260622,정기예금,KRW,,5000000000,5000000000,102,A1,A1,,,국민은행,자체 신용보강,자체 신용보강,국민은행
73698,국민글로리제1차,KRZF0014L8GE,국민글로리제1차 20260206-136-41,N,20260206,20260622,정기예금,KRW,,5000000000,5000000000,102,A1,A1,,,국민은행,자체 신용보강,자체 신용보강,국민은행
73698,국민글로리제1차,KRZF0014L9GE,국민글로리제1차 20260206-136-42,N,20260206,20260622,정기예금,KRW,,5000000000,5000000000,102,A1,A1,,,국민은행,자체 신용보강,자체 신용보강,국민은행
73698,국민글로리제1차,KRZF0014LAGE,국민글로리제1차 20260206-136-43,N,20260206,20260622,정기예금,KRW,,5000000000,5000000000,102,A1,A1,,,국민은행,자체 신용보강,자체 신용보강,국민은행
73698,국민글로리제1차,KRZF0014LBGE,국민글로리제1차 20260206-136-44,N,20260206,20260622,정기예금,KRW,,5000000000,5000000000,102,A1,A1,,,국민은행,자체 신용보강,자체 신용보강,국민은행
73698,국민글로리제1차,KRZF0014LCGE,국민글로리제1차 20260206-136-45,N,20260206,20260622,정기예금,KRW,,5000000000,5000000000,102,A1,A1,,,국민은행,자체 신용보강,자체 신용보강,국민은행
73698,국민글로리제1차,KRZF0014LDGE,국민글로리제1차 20260206-136-46,N,20260206,20260622,정기예금,KRW,,5000000000,5000000000,102,A1,A1,,,국민은행,자체 신용보강,자체 신용보강,국민은행
73698,국민글로리제1차,KRZF0014LEGE,국민글로리제1차 20260206-136-47,N,20260206,20260622,정기예금,KRW,,5000000000,5000000000,102,A1,A1,,,국민은행,자체 신용보강,자체 신용보강,국민은행
73698,국민글로리제1차,KRZF0014LFGE,국민글로리제1차 20260206-136-48,N,20260206,20260622,정기예금,KRW,,5000000000,5000000000,102,A1,A1,,,국민은행,자체 신용보강,자체 신용보강,국민은행
73698,국민글로리제1차,KRZF0014L5G2,국민글로리제1차 20260206-136-5,N,20260206,20260622,정기예금,KRW,,5000000000,5000000000,102,A1,A1,,,국민은행,자체 신용보강,자체 신용보강,국민은행
73698,국민글로리제1차,KRZF0014L6G2,국민글로리제1차 20260206-136-6,N,20260206,20260622,정기예금,KRW,,5000000000,5000000000,102,A1,A1,,,국민은행,자체 신용보강,자체 신용보강,국민은행
73698,국민글로리제1차,KRZF0014L7G2,국민글로리제1차 20260206-136-7,N,20260206,20260622,정기예금,KRW,,5000000000,5000000000,102,A1,A1,,,국민은행,자체 신용보강,자체 신용보강,국민은행
73698,국민글로리제1차,KRZF0014L8G2,국민글로리제1차 20260206-136-8,N,20260206,20260622,정기예금,KRW,,5000000000,5000000000,102,A1,A1,,,국민은행,자체 신용보강,자체 신용보강,국민은행
73698,국민글로리제1차,KRZF0014L9G2,국민글로리제1차 20260206-136-9,N,20260206,20260622,정기예금,KRW,,5000000000,5000000000,102,A1,A1,,,국민은행,자체 신용보강,자체 신용보강,국민은행
73698,국민글로리제1차,KRZF0014LGGE,국민글로리제1차 20260206-307-49,N,20260206,20261210,정기예금,KRW,,402000000,402000000,273,A1,A1,,,국민은행,자체 신용보강,자체 신용보강,국민은행
73684,데이터스트림,KRZFA71941G2,데이터스트림 20260206-181-1,,20260206,20260806,,KRW,,90000000,90000000,147,,A2-,A2-,,,,,
73687,디피에스제삼차,KRZF381151G2,디피에스제삼차 20260206-361-1,N,20260206,20270202,매출채권,KRW,,5000000000,5000000000,327,,,A1,A1,블루월넛(주),자체 신용보강,자체 신용보강,현대카드
73687,디피에스제삼차,KRZF381151G2,디피에스제삼차 20260206-361-1,N,20260206,20270202,매출채권,KRW,,5000000000,5000000000,327,,,A1,A1,블루월넛(주),자체 신용보강,자체 신용보강,현대홈쇼핑
73687,디피에스제삼차,KRZF381152G2,디피에스제삼차 20260206-361-2,N,20260206,20270202,매출채권,KRW,,500000000,500000000,327,,,A1,A1,블루월넛(주),자체 신용보강,자체 신용보강,현대카드
73687,디피에스제삼차,KRZF381152G2,디피에스제삼차 20260206-361-2,N,20260206,20270202,매출채권,KRW,,500000000,500000000,327,,,A1,A1,블루월넛(주),자체 신용보강,자체 신용보강,현대홈쇼핑
73687,디피에스제삼차,KRZF381153G2,디피에스제삼차 20260206-361-3,N,20260206,20270202,매출채권,KRW,,290000000,290000000,327,,,A1,A1,블루월넛(주),자체 신용보강,자체 신용보강,현대카드
73687,디피에스제삼차,KRZF381153G2,디피에스제삼차 20260206-361-3,N,20260206,20270202,매출채권,KRW,,290000000,290000000,327,,,A1,A1,블루월넛(주),자체 신용보강,자체 신용보강,현대홈쇼핑
73118,솔편한제이차,KRZF0072B1G2,솔편한제이차 20260206-333-1,N,20260206,20270105,정기예금,KRW,,425000000,425000000,299,A1,A1,,,신한은행,자체 신용보강,자체 신용보강,신한은행
73642,솔편한제일차,KRZF0071Z1G2,솔편한제일차 20260206-364-1,N,20260206,20270205,정기예금,KRW,,504000000,504000000,330,A1,A1,,,신한은행,자체 신용보강,자체 신용보강,신한은행
73690,와이디피제십이차,KRZF0047X1G2,와이디피제십이차 20260206-124-1,,20260206,20260610,,KRW,,5000000000,5000000000,90,A1,A1,A1,,,,,
73690,와이디피제십이차,KRZF0047XAG2,와이디피제십이차 20260206-124-10,,20260206,20260610,,KRW,,5000000000,5000000000,90,A1,A1,A1,,,,,
73690,와이디피제십이차,KRZF0047XBG2,와이디피제십이차 20260206-124-11,,20260206,20260610,,KRW,,5000000000,5000000000,90,A1,A1,A1,,,,,
73690,와이디피제십이차,KRZF0047XCG2,와이디피제십이차 20260206-124-12,,20260206,20260610,,KRW,,5000000000,5000000000,90,A1,A1,A1,,,,,
73690,와이디피제십이차,KRZF0047XDG2,와이디피제십이차 20260206-124-13,,20260206,20260610,,KRW,,5000000000,5000000000,90,A1,A1,A1,,,,,
73690,와이디피제십이차,KRZF0047XEG2,와이디피제십이차 20260206-124-14,,20260206,20260610,,KRW,,5000000000,5000000000,90,A1,A1,A1,,,,,
73690,와이디피제십이차,KRZF0047XFG2,와이디피제십이차 20260206-124-15,,20260206,20260610,,KRW,,5000000000,5000000000,90,A1,A1,A1,,,,,
73690,와이디피제십이차,KRZF0047XGG2,와이디피제십이차 20260206-124-16,,20260206,20260610,,KRW,,5000000000,5000000000,90,A1,A1,A1,,,,,
73690,와이디피제십이차,KRZF0047XHG2,와이디피제십이차 20260206-124-17,,20260206,20260610,,KRW,,5000000000,5000000000,90,A1,A1,A1,,,,,
73690,와이디피제십이차,KRZF0047XJG2,와이디피제십이차 20260206-124-18,,20260206,20260610,,KRW,,5000000000,5000000000,90,A1,A1,A1,,,,,
73690,와이디피제십이차,KRZF0047XKG2,와이디피제십이차 20260206-124-19,,20260206,20260610,,KRW,,5000000000,5000000000,90,A1,A1,A1,,,,,
73690,와이디피제십이차,KRZF0047X2G2,와이디피제십이차 20260206-124-2,,20260206,20260610,,KRW,,5000000000,5000000000,90,A1,A1,A1,,,,,
73690,와이디피제십이차,KRZF0047XLG2,와이디피제십이차 20260206-124-20,,20260206,20260610,,KRW,,5000000000,5000000000,90,A1,A1,A1,,,,,
73690,와이디피제십이차,KRZF0047XMG2,와이디피제십이차 20260206-124-21,,20260206,20260610,,KRW,,5000000000,5000000000,90,A1,A1,A1,,,,,
73690,와이디피제십이차,KRZF0047XNG2,와이디피제십이차 20260206-124-22,,20260206,20260610,,KRW,,5000000000,5000000000,90,A1,A1,A1,,,,,
73690,와이디피제십이차,KRZF0047XPG2,와이디피제십이차 20260206-124-23,,20260206,20260610,,KRW,,5000000000,5000000000,90,A1,A1,A1,,,,,
73690,와이디피제십이차,KRZF0047XQG2,와이디피제십이차 20260206-124-24,,20260206,20260610,,KRW,,5000000000,5000000000,90,A1,A1,A1,,,,,
73690,와이디피제십이차,KRZF0047XRG2,와이디피제십이차 20260206-124-25,,20260206,20260610,,KRW,,5000000000,5000000000,90,A1,A1,A1,,,,,
73690,와이디피제십이차,KRZF0047XSG2,와이디피제십이차 20260206-124-26,,20260206,20260610,,KRW,,5000000000,5000000000,90,A1,A1,A1,,,,,
73690,와이디피제십이차,KRZF0047XTG2,와이디피제십이차 20260206-124-27,,20260206,20260610,,KRW,,5000000000,5000000000,90,A1,A1,A1,,,,,
73690,와이디피제십이차,KRZF0047XVG2,와이디피제십이차 20260206-124-28,,20260206,20260610,,KRW,,5000000000,5000000000,90,A1,A1,A1,,,,,
73690,와이디피제십이차,KRZF0047XWG2,와이디피제십이차 20260206-124-29,,20260206,20260610,,KRW,,5000000000,5000000000,90,A1,A1,A1,,,,,
73690,와이디피제십이차,KRZF0047X3G2,와이디피제십이차 20260206-124-3,,20260206,20260610,,KRW,,5000000000,5000000000,90,A1,A1,A1,,,,,
73690,와이디피제십이차,KRZF0047XXG2,와이디피제십이차 20260206-124-30,,20260206,20260610,,KRW,,5000000000,5000000000,90,A1,A1,A1,,,,,
73690,와이디피제십이차,KRZF0047XYG2,와이디피제십이차 20260206-124-31,,20260206,20260610,,KRW,,5000000000,5000000000,90,A1,A1,A1,,,,,
73690,와이디피제십이차,KRZF0047XZG2,와이디피제십이차 20260206-124-32,,20260206,20260610,,KRW,,5000000000,5000000000,90,A1,A1,A1,,,,,
73690,와이디피제십이차,KRZF0047X0GE,와이디피제십이차 20260206-124-33,,20260206,20260610,,KRW,,5000000000,5000000000,90,A1,A1,A1,,,,,
73690,와이디피제십이차,KRZF0047X1GE,와이디피제십이차 20260206-124-34,,20260206,20260610,,KRW,,5000000000,5000000000,90,A1,A1,A1,,,,,
73690,와이디피제십이차,KRZF0047X2GE,와이디피제십이차 20260206-124-35,,20260206,20260610,,KRW,,5000000000,5000000000,90,A1,A1,A1,,,,,
73690,와이디피제십이차,KRZF0047X3GE,와이디피제십이차 20260206-124-36,,20260206,20260610,,KRW,,5000000000,5000000000,90,A1,A1,A1,,,,,
73690,와이디피제십이차,KRZF0047X4GE,와이디피제십이차 20260206-124-37,,20260206,20260610,,KRW,,5000000000,5000000000,90,A1,A1,A1,,,,,
73690,와이디피제십이차,KRZF0047X5GE,와이디피제십이차 20260206-124-38,,20260206,20260610,,KRW,,5000000000,5000000000,90,A1,A1,A1,,,,,
73690,와이디피제십이차,KRZF0047X6GE,와이디피제십이차 20260206-124-39,,20260206,20260610,,KRW,,5000000000,5000000000,90,A1,A1,A1,,,,,
73690,와이디피제십이차,KRZF0047X4G2,와이디피제십이차 20260206-124-4,,20260206,20260610,,KRW,,5000000000,5000000000,90,A1,A1,A1,,,,,
73690,와이디피제십이차,KRZF0047X7GE,와이디피제십이차 20260206-124-40,,20260206,20260610,,KRW,,5000000000,5000000000,90,A1,A1,A1,,,,,
73690,와이디피제십이차,KRZF0047X8GE,와이디피제십이차 20260206-124-41,,20260206,20260610,,KRW,,5000000000,5000000000,90,A1,A1,A1,,,,,
73690,와이디피제십이차,KRZF0047X9GE,와이디피제십이차 20260206-124-42,,20260206,20260610,,KRW,,5000000000,5000000000,90,A1,A1,A1,,,,,
73690,와이디피제십이차,KRZF0047XAGE,와이디피제십이차 20260206-124-43,,20260206,20260610,,KRW,,5000000000,5000000000,90,A1,A1,A1,,,,,
73690,와이디피제십이차,KRZF0047XBGE,와이디피제십이차 20260206-124-44,,20260206,20260610,,KRW,,5000000000,5000000000,90,A1,A1,A1,,,,,
73690,와이디피제십이차,KRZF0047XCGE,와이디피제십이차 20260206-124-45,,20260206,20260610,,KRW,,5000000000,5000000000,90,A1,A1,A1,,,,,
73690,와이디피제십이차,KRZF0047XDGE,와이디피제십이차 20260206-124-46,,20260206,20260610,,KRW,,5000000000,5000000000,90,A1,A1,A1,,,,,
73690,와이디피제십이차,KRZF0047XEGE,와이디피제십이차 20260206-124-47,,20260206,20260610,,KRW,,5000000000,5000000000,90,A1,A1,A1,,,,,
73690,와이디피제십이차,KRZF0047XFGE,와이디피제십이차 20260206-124-48,,20260206,20260610,,KRW,,5000000000,5000000000,90,A1,A1,A1,,,,,
73690,와이디피제십이차,KRZF0047X5G2,와이디피제십이차 20260206-124-5,,20260206,20260610,,KRW,,5000000000,5000000000,90,A1,A1,A1,,,,,
73690,와이디피제십이차,KRZF0047X6G2,와이디피제십이차 20260206-124-6,,20260206,20260610,,KRW,,5000000000,5000000000,90,A1,A1,A1,,,,,
73690,와이디피제십이차,KRZF0047X7G2,와이디피제십이차 20260206-124-7,,20260206,20260610,,KRW,,5000000000,5000000000,90,A1,A1,A1,,,,,
73690,와이디피제십이차,KRZF0047X8G2,와이디피제십이차 20260206-124-8,,20260206,20260610,,KRW,,5000000000,5000000000,90,A1,A1,A1,,,,,
73690,와이디피제십이차,KRZF0047X9G2,와이디피제십이차 20260206-124-9,,20260206,20260610,,KRW,,5000000000,5000000000,90,A1,A1,A1,,,,,
73690,와이디피제십이차,KRZF0047XGGE,와이디피제십이차 20260206-301-49,,20260206,20261204,,KRW,,367000000,367000000,267,A1,A1,A1,,,,,
71191,에스브라이트에너지,KRZF397491G2,에스브라이트에너지 20260205-90-1,N,20260205,20260506,대출채권,KRW,,5000000000,5000000000,55,,A1,A1,,한화에너지,차환발행위험(유동성 공여형 매입약정),금융기관,신한은행
71191,에스브라이트에너지,KRZF39749AG2,에스브라이트에너지 20260205-90-10,N,20260205,20260506,대출채권,KRW,,1000000000,1000000000,55,,A1,A1,,한화에너지,차환발행위험(유동성 공여형 매입약정),금융기관,신한은행
71191,에스브라이트에너지,KRZF39749BG2,에스브라이트에너지 20260205-90-11,N,20260205,20260506,대출채권,KRW,,1000000000,1000000000,55,,A1,A1,,한화에너지,차환발행위험(유동성 공여형 매입약정),금융기관,신한은행
71191,에스브라이트에너지,KRZF39749CG2,에스브라이트에너지 20260205-90-12,N,20260205,20260506,대출채권,KRW,,1000000000,1000000000,55,,A1,A1,,한화에너지,차환발행위험(유동성 공여형 매입약정),금융기관,신한은행
71191,에스브라이트에너지,KRZF39749DG2,에스브라이트에너지 20260205-90-13,N,20260205,20260506,대출채권,KRW,,500000000,500000000,55,,A1,A1,,한화에너지,차환발행위험(유동성 공여형 매입약정),금융기관,신한은행
71191,에스브라이트에너지,KRZF39749EG2,에스브라이트에너지 20260205-90-14,N,20260205,20260506,대출채권,KRW,,500000000,500000000,55,,A1,A1,,한화에너지,차환발행위험(유동성 공여형 매입약정),금융기관,신한은행
71191,에스브라이트에너지,KRZF39749FG2,에스브라이트에너지 20260205-90-15,N,20260205,20260506,대출채권,KRW,,500000000,500000000,55,,A1,A1,,한화에너지,차환발행위험(유동성 공여형 매입약정),금융기관,신한은행
71191,에스브라이트에너지,KRZF39749GG2,에스브라이트에너지 20260205-90-16,N,20260205,20260506,대출채권,KRW,,500000000,500000000,55,,A1,A1,,한화에너지,차환발행위험(유동성 공여형 매입약정),금융기관,신한은행
71191,에스브라이트에너지,KRZF39749HG2,에스브라이트에너지 20260205-90-17,N,20260205,20260506,대출채권,KRW,,500000000,500000000,55,,A1,A1,,한화에너지,차환발행위험(유동성 공여형 매입약정),금융기관,신한은행
71191,에스브라이트에너지,KRZF39749JG2,에스브라이트에너지 20260205-90-18,N,20260205,20260506,대출채권,KRW,,400000000,400000000,55,,A1,A1,,한화에너지,차환발행위험(유동성 공여형 매입약정),금융기관,신한은행
71191,에스브라이트에너지,KRZF39749KG2,에스브라이트에너지 20260205-90-19,N,20260205,20260506,대출채권,KRW,,400000000,400000000,55,,A1,A1,,한화에너지,차환발행위험(유동성 공여형 매입약정),금융기관,신한은행
71191,에스브라이트에너지,KRZF397492G2,에스브라이트에너지 20260205-90-2,N,20260205,20260506,대출채권,KRW,,1000000000,1000000000,55,,A1,A1,,한화에너지,차환발행위험(유동성 공여형 매입약정),금융기관,신한은행
71191,에스브라이트에너지,KRZF39749LG2,에스브라이트에너지 20260205-90-20,N,20260205,20260506,대출채권,KRW,,400000000,400000000,55,,A1,A1,,한화에너지,차환발행위험(유동성 공여형 매입약정),금융기관,신한은행
71191,에스브라이트에너지,KRZF39749MG2,에스브라이트에너지 20260205-90-21,N,20260205,20260506,대출채권,KRW,,100000000,100000000,55,,A1,A1,,한화에너지,차환발행위험(유동성 공여형 매입약정),금융기관,신한은행
71191,에스브라이트에너지,KRZF39749NG2,에스브라이트에너지 20260205-90-22,N,20260205,20260506,대출채권,KRW,,100000000,100000000,55,,A1,A1,,한화에너지,차환발행위험(유동성 공여형 매입약정),금융기관,신한은행
71191,에스브라이트에너지,KRZF39749PG2,에스브라이트에너지 20260205-90-23,N,20260205,20260506,대출채권,KRW,,100000000,100000000,55,,A1,A1,,한화에너지,차환발행위험(유동성 공여형 매입약정),금융기관,신한은행
71191,에스브라이트에너지,KRZF39749QG2,에스브라이트에너지 20260205-90-24,N,20260205,20260506,대출채권,KRW,,5000000000,5000000000,55,,A1,A1,,한화에너지,차환발행위험(유동성 공여형 매입약정),금융기관,신한은행
71191,에스브라이트에너지,KRZF39749RG2,에스브라이트에너지 20260205-90-25,N,20260205,20260506,대출채권,KRW,,5000000000,5000000000,55,,A1,A1,,한화에너지,차환발행위험(유동성 공여형 매입약정),금융기관,신한은행
71191,에스브라이트에너지,KRZF39749SG2,에스브라이트에너지 20260205-90-26,N,20260205,20260506,대출채권,KRW,,5000000000,5000000000,55,,A1,A1,,한화에너지,차환발행위험(유동성 공여형 매입약정),금융기관,신한은행
71191,에스브라이트에너지,KRZF39749TG2,에스브라이트에너지 20260205-90-27,N,20260205,20260506,대출채권,KRW,,5000000000,5000000000,55,,A1,A1,,한화에너지,차환발행위험(유동성 공여형 매입약정),금융기관,신한은행
71191,에스브라이트에너지,KRZF39749VG2,에스브라이트에너지 20260205-90-28,N,20260205,20260506,대출채권,KRW,,5000000000,5000000000,55,,A1,A1,,한화에너지,차환발행위험(유동성 공여형 매입약정),금융기관,신한은행
71191,에스브라이트에너지,KRZF39749WG2,에스브라이트에너지 20260205-90-29,N,20260205,20260506,대출채권,KRW,,5000000000,5000000000,55,,A1,A1,,한화에너지,차환발행위험(유동성 공여형 매입약정),금융기관,신한은행
71191,에스브라이트에너지,KRZF397493G2,에스브라이트에너지 20260205-90-3,N,20260205,20260506,대출채권,KRW,,1000000000,1000000000,55,,A1,A1,,한화에너지,차환발행위험(유동성 공여형 매입약정),금융기관,신한은행
71191,에스브라이트에너지,KRZF397494G2,에스브라이트에너지 20260205-90-4,N,20260205,20260506,대출채권,KRW,,1000000000,1000000000,55,,A1,A1,,한화에너지,차환발행위험(유동성 공여형 매입약정),금융기관,신한은행
71191,에스브라이트에너지,KRZF397495G2,에스브라이트에너지 20260205-90-5,N,20260205,20260506,대출채권,KRW,,1000000000,1000000000,55,,A1,A1,,한화에너지,차환발행위험(유동성 공여형 매입약정),금융기관,신한은행
71191,에스브라이트에너지,KRZF397496G2,에스브라이트에너지 20260205-90-6,N,20260205,20260506,대출채권,KRW,,1000000000,1000000000,55,,A1,A1,,한화에너지,차환발행위험(유동성 공여형 매입약정),금융기관,신한은행
71191,에스브라이트에너지,KRZF397497G2,에스브라이트에너지 20260205-90-7,N,20260205,20260506,대출채권,KRW,,1000000000,1000000000,55,,A1,A1,,한화에너지,차환발행위험(유동성 공여형 매입약정),금융기관,신한은행
71191,에스브라이트에너지,KRZF397498G2,에스브라이트에너지 20260205-90-8,N,20260205,20260506,대출채권,KRW,,1000000000,1000000000,55,,A1,A1,,한화에너지,차환발행위험(유동성 공여형 매입약정),금융기관,신한은행
71191,에스브라이트에너지,KRZF397499G2,에스브라이트에너지 20260205-90-9,N,20260205,20260506,대출채권,KRW,,1000000000,1000000000,55,,A1,A1,,한화에너지,차환발행위험(유동성 공여형 매입약정),금융기관,신한은행
73674,와이제이제오차,KRZF0095AAG2,와이제이제오차 20260205-111-10,,20260205,20260527,,KRW,,5000000000,5000000000,76,,A1,A1,,,,,
73674,와이제이제오차,KRZF0095ABG2,와이제이제오차 20260205-111-11,,20260205,20260527,,KRW,,5000000000,5000000000,76,,A1,A1,,,,,
73674,와이제이제오차,KRZF0095AEG2,와이제이제오차 20260205-111-14,,20260205,20260527,,KRW,,5000000000,5000000000,76,,A1,A1,,,,,
73674,와이제이제오차,KRZF0095AFG2,와이제이제오차 20260205-111-15,,20260205,20260527,,KRW,,5000000000,5000000000,76,,A1,A1,,,,,
73674,와이제이제오차,KRZF0095AHG2,와이제이제오차 20260205-111-17,,20260205,20260527,,KRW,,5000000000,5000000000,76,,A1,A1,,,,,
73674,와이제이제오차,KRZF0095A2G2,와이제이제오차 20260205-111-2,,20260205,20260527,,KRW,,5000000000,5000000000,76,,A1,A1,,,,,
73674,와이제이제오차,KRZF0095ALG2,와이제이제오차 20260205-111-20,,20260205,20260527,,KRW,,5000000000,5000000000,76,,A1,A1,,,,,
73674,와이제이제오차,KRZF0095ANG2,와이제이제오차 20260205-111-22,,20260205,20260527,,KRW,,5000000000,5000000000,76,,A1,A1,,,,,
73674,와이제이제오차,KRZF0095AQG2,와이제이제오차 20260205-111-24,,20260205,20260527,,KRW,,5000000000,5000000000,76,,A1,A1,,,,,
73674,와이제이제오차,KRZF0095ARG2,와이제이제오차 20260205-111-25,,20260205,20260527,,KRW,,5000000000,5000000000,76,,A1,A1,,,,,
73674,와이제이제오차,KRZF0095ASG2,와이제이제오차 20260205-111-26,,20260205,20260527,,KRW,,5000000000,5000000000,76,,A1,A1,,,,,
73674,와이제이제오차,KRZF0095AVG2,와이제이제오차 20260205-111-28,,20260205,20260527,,KRW,,5000000000,5000000000,76,,A1,A1,,,,,
73674,와이제이제오차,KRZF0095AWG2,와이제이제오차 20260205-111-29,,20260205,20260527,,KRW,,5000000000,5000000000,76,,A1,A1,,,,,
73674,와이제이제오차,KRZF0095A3G2,와이제이제오차 20260205-111-3,,20260205,20260527,,KRW,,5000000000,5000000000,76,,A1,A1,,,,,
73674,와이제이제오차,KRZF0095AXG2,와이제이제오차 20260205-111-30,,20260205,20260527,,KRW,,5000000000,5000000000,76,,A1,A1,,,,,
73674,와이제이제오차,KRZF0095AYG2,와이제이제오차 20260205-111-31,,20260205,20260527,,KRW,,5000000000,5000000000,76,,A1,A1,,,,,
73674,와이제이제오차,KRZF0095AZG2,와이제이제오차 20260205-111-32,,20260205,20260527,,KRW,,5000000000,5000000000,76,,A1,A1,,,,,
73674,와이제이제오차,KRZF0095A0GE,와이제이제오차 20260205-111-33,,20260205,20260527,,KRW,,5000000000,5000000000,76,,A1,A1,,,,,
73674,와이제이제오차,KRZF0095A1GE,와이제이제오차 20260205-111-34,,20260205,20260527,,KRW,,5000000000,5000000000,76,,A1,A1,,,,,
73674,와이제이제오차,KRZF0095A2GE,와이제이제오차 20260205-111-35,,20260205,20260527,,KRW,,5000000000,5000000000,76,,A1,A1,,,,,
73674,와이제이제오차,KRZF0095A3GE,와이제이제오차 20260205-111-36,,20260205,20260527,,KRW,,5000000000,5000000000,76,,A1,A1,,,,,
73674,와이제이제오차,KRZF0095A4GE,와이제이제오차 20260205-111-37,,20260205,20260527,,KRW,,5000000000,5000000000,76,,A1,A1,,,,,
73674,와이제이제오차,KRZF0095A5GE,와이제이제오차 20260205-111-38,,20260205,20260527,,KRW,,5000000000,5000000000,76,,A1,A1,,,,,
73674,와이제이제오차,KRZF0095A6GE,와이제이제오차 20260205-111-39,,20260205,20260527,,KRW,,5000000000,5000000000,76,,A1,A1,,,,,
73674,와이제이제오차,KRZF0095A7GE,와이제이제오차 20260205-111-40,,20260205,20260527,,KRW,,5000000000,5000000000,76,,A1,A1,,,,,
73674,와이제이제오차,KRZF0095A8GE,와이제이제오차 20260205-111-41,,20260205,20260527,,KRW,,5000000000,5000000000,76,,A1,A1,,,,,
73674,와이제이제오차,KRZF0095A9GE,와이제이제오차 20260205-111-42,,20260205,20260527,,KRW,,5000000000,5000000000,76,,A1,A1,,,,,
73674,와이제이제오차,KRZF0095AAGE,와이제이제오차 20260205-111-43,,20260205,20260527,,KRW,,5000000000,5000000000,76,,A1,A1,,,,,
73674,와이제이제오차,KRZF0095ABGE,와이제이제오차 20260205-111-44,,20260205,20260527,,KRW,,5000000000,5000000000,76,,A1,A1,,,,,
73674,와이제이제오차,KRZF0095ACGE,와이제이제오차 20260205-111-45,,20260205,20260527,,KRW,,5000000000,5000000000,76,,A1,A1,,,,,
73674,와이제이제오차,KRZF0095ADGE,와이제이제오차 20260205-111-46,,20260205,20260527,,KRW,,5000000000,5000000000,76,,A1,A1,,,,,
73674,와이제이제오차,KRZF0095AEGE,와이제이제오차 20260205-111-47,,20260205,20260527,,KRW,,5000000000,5000000000,76,,A1,A1,,,,,
73674,와이제이제오차,KRZF0095AFGE,와이제이제오차 20260205-111-48,,20260205,20260527,,KRW,,5000000000,5000000000,76,,A1,A1,,,,,
73674,와이제이제오차,KRZF0095AGGE,와이제이제오차 20260205-111-49,,20260205,20260527,,KRW,,5000000000,5000000000,76,,A1,A1,,,,,
73674,와이제이제오차,KRZF0095A4G2,와이제이제오차 20260205-274-4,,20260205,20261106,,KRW,,304000000,304000000,239,,A1,A1,,,,,
73674,와이제이제오차,KRZF0095A1G2,와이제이제오차 20260205-82-1,,20260205,20260428,,KRW,,5000000000,5000000000,47,,A1,A1,,,,,
73674,와이제이제오차,KRZF0095ACG2,와이제이제오차 20260205-82-12,,20260205,20260428,,KRW,,5000000000,5000000000,47,,A1,A1,,,,,
73674,와이제이제오차,KRZF0095ADG2,와이제이제오차 20260205-82-13,,20260205,20260428,,KRW,,5000000000,5000000000,47,,A1,A1,,,,,
73674,와이제이제오차,KRZF0095AGG2,와이제이제오차 20260205-82-16,,20260205,20260428,,KRW,,5000000000,5000000000,47,,A1,A1,,,,,
73674,와이제이제오차,KRZF0095AJG2,와이제이제오차 20260205-82-18,,20260205,20260428,,KRW,,5000000000,5000000000,47,,A1,A1,,,,,
73674,와이제이제오차,KRZF0095AKG2,와이제이제오차 20260205-82-19,,20260205,20260428,,KRW,,5000000000,5000000000,47,,A1,A1,,,,,
73674,와이제이제오차,KRZF0095AMG2,와이제이제오차 20260205-82-21,,20260205,20260428,,KRW,,5000000000,5000000000,47,,A1,A1,,,,,
73674,와이제이제오차,KRZF0095APG2,와이제이제오차 20260205-82-23,,20260205,20260428,,KRW,,5000000000,5000000000,47,,A1,A1,,,,,
73674,와이제이제오차,KRZF0095ATG2,와이제이제오차 20260205-82-27,,20260205,20260428,,KRW,,5000000000,5000000000,47,,A1,A1,,,,,
73674,와이제이제오차,KRZF0095A5G2,와이제이제오차 20260205-82-5,,20260205,20260428,,KRW,,5000000000,5000000000,47,,A1,A1,,,,,
73674,와이제이제오차,KRZF0095A6G2,와이제이제오차 20260205-82-6,,20260205,20260428,,KRW,,5000000000,5000000000,47,,A1,A1,,,,,
73674,와이제이제오차,KRZF0095A7G2,와이제이제오차 20260205-82-7,,20260205,20260428,,KRW,,5000000000,5000000000,47,,A1,A1,,,,,
73674,와이제이제오차,KRZF0095A8G2,와이제이제오차 20260205-82-8,,20260205,20260428,,KRW,,5000000000,5000000000,47,,A1,A1,,,,,
73674,와이제이제오차,KRZF0095A9G2,와이제이제오차 20260205-82-9,,20260205,20260428,,KRW,,5000000000,5000000000,47,,A1,A1,,,,,
73679,우리넘버원제일차,KRZF0015RAG2,우리넘버원제일차 20260205-110-10,N,20260205,20260526,정기예금,KRW,,5000000000,5000000000,75,A1,A1,A1,,우리은행,자체 신용보강,자체 신용보강,우리은행
73679,우리넘버원제일차,KRZF0015RBG2,우리넘버원제일차 20260205-110-11,N,20260205,20260526,정기예금,KRW,,5000000000,5000000000,75,A1,A1,A1,,우리은행,자체 신용보강,자체 신용보강,우리은행
73679,우리넘버원제일차,KRZF0015RCG2,우리넘버원제일차 20260205-110-12,N,20260205,20260526,정기예금,KRW,,5000000000,5000000000,75,A1,A1,A1,,우리은행,자체 신용보강,자체 신용보강,우리은행
73679,우리넘버원제일차,KRZF0015RDG2,우리넘버원제일차 20260205-110-13,N,20260205,20260526,정기예금,KRW,,5000000000,5000000000,75,A1,A1,A1,,우리은행,자체 신용보강,자체 신용보강,우리은행
73679,우리넘버원제일차,KRZF0015REG2,우리넘버원제일차 20260205-110-14,N,20260205,20260526,정기예금,KRW,,5000000000,5000000000,75,A1,A1,A1,,우리은행,자체 신용보강,자체 신용보강,우리은행
73679,우리넘버원제일차,KRZF0015RFG2,우리넘버원제일차 20260205-110-15,N,20260205,20260526,정기예금,KRW,,5000000000,5000000000,75,A1,A1,A1,,우리은행,자체 신용보강,자체 신용보강,우리은행
73679,우리넘버원제일차,KRZF0015RGG2,우리넘버원제일차 20260205-110-16,N,20260205,20260526,정기예금,KRW,,5000000000,5000000000,75,A1,A1,A1,,우리은행,자체 신용보강,자체 신용보강,우리은행
73679,우리넘버원제일차,KRZF0015RHG2,우리넘버원제일차 20260205-110-17,N,20260205,20260526,정기예금,KRW,,5000000000,5000000000,75,A1,A1,A1,,우리은행,자체 신용보강,자체 신용보강,우리은행
73679,우리넘버원제일차,KRZF0015RJG2,우리넘버원제일차 20260205-110-18,N,20260205,20260526,정기예금,KRW,,5000000000,5000000000,75,A1,A1,A1,,우리은행,자체 신용보강,자체 신용보강,우리은행
73679,우리넘버원제일차,KRZF0015RKG2,우리넘버원제일차 20260205-110-19,N,20260205,20260526,정기예금,KRW,,5000000000,5000000000,75,A1,A1,A1,,우리은행,자체 신용보강,자체 신용보강,우리은행
73679,우리넘버원제일차,KRZF0015RLG2,우리넘버원제일차 20260205-110-20,N,20260205,20260526,정기예금,KRW,,5000000000,5000000000,75,A1,A1,A1,,우리은행,자체 신용보강,자체 신용보강,우리은행
73679,우리넘버원제일차,KRZF0015RMG2,우리넘버원제일차 20260205-110-21,N,20260205,20260526,정기예금,KRW,,5000000000,5000000000,75,A1,A1,A1,,우리은행,자체 신용보강,자체 신용보강,우리은행
73679,우리넘버원제일차,KRZF0015RNG2,우리넘버원제일차 20260205-110-22,N,20260205,20260526,정기예금,KRW,,5000000000,5000000000,75,A1,A1,A1,,우리은행,자체 신용보강,자체 신용보강,우리은행
73679,우리넘버원제일차,KRZF0015RPG2,우리넘버원제일차 20260205-110-23,N,20260205,20260526,정기예금,KRW,,5000000000,5000000000,75,A1,A1,A1,,우리은행,자체 신용보강,자체 신용보강,우리은행
73679,우리넘버원제일차,KRZF0015RQG2,우리넘버원제일차 20260205-110-24,N,20260205,20260526,정기예금,KRW,,5000000000,5000000000,75,A1,A1,A1,,우리은행,자체 신용보강,자체 신용보강,우리은행
73679,우리넘버원제일차,KRZF0015RRG2,우리넘버원제일차 20260205-110-25,N,20260205,20260526,정기예금,KRW,,5000000000,5000000000,75,A1,A1,A1,,우리은행,자체 신용보강,자체 신용보강,우리은행
73679,우리넘버원제일차,KRZF0015RSG2,우리넘버원제일차 20260205-110-26,N,20260205,20260526,정기예금,KRW,,5000000000,5000000000,75,A1,A1,A1,,우리은행,자체 신용보강,자체 신용보강,우리은행
73679,우리넘버원제일차,KRZF0015RTG2,우리넘버원제일차 20260205-110-27,N,20260205,20260526,정기예금,KRW,,5000000000,5000000000,75,A1,A1,A1,,우리은행,자체 신용보강,자체 신용보강,우리은행
73679,우리넘버원제일차,KRZF0015RVG2,우리넘버원제일차 20260205-110-28,N,20260205,20260526,정기예금,KRW,,5000000000,5000000000,75,A1,A1,A1,,우리은행,자체 신용보강,자체 신용보강,우리은행
73679,우리넘버원제일차,KRZF0015RWG2,우리넘버원제일차 20260205-110-29,N,20260205,20260526,정기예금,KRW,,5000000000,5000000000,75,A1,A1,A1,,우리은행,자체 신용보강,자체 신용보강,우리은행
73679,우리넘버원제일차,KRZF0015RXG2,우리넘버원제일차 20260205-110-30,N,20260205,20260526,정기예금,KRW,,5000000000,5000000000,75,A1,A1,A1,,우리은행,자체 신용보강,자체 신용보강,우리은행
73679,우리넘버원제일차,KRZF0015RYG2,우리넘버원제일차 20260205-110-31,N,20260205,20260526,정기예금,KRW,,5000000000,5000000000,75,A1,A1,A1,,우리은행,자체 신용보강,자체 신용보강,우리은행
73679,우리넘버원제일차,KRZF0015RZG2,우리넘버원제일차 20260205-110-32,N,20260205,20260526,정기예금,KRW,,5000000000,5000000000,75,A1,A1,A1,,우리은행,자체 신용보강,자체 신용보강,우리은행
73679,우리넘버원제일차,KRZF0015R0GE,우리넘버원제일차 20260205-110-33,N,20260205,20260526,정기예금,KRW,,5000000000,5000000000,75,A1,A1,A1,,우리은행,자체 신용보강,자체 신용보강,우리은행
73679,우리넘버원제일차,KRZF0015R1GE,우리넘버원제일차 20260205-110-34,N,20260205,20260526,정기예금,KRW,,5000000000,5000000000,75,A1,A1,A1,,우리은행,자체 신용보강,자체 신용보강,우리은행
73679,우리넘버원제일차,KRZF0015R2GE,우리넘버원제일차 20260205-110-35,N,20260205,20260526,정기예금,KRW,,5000000000,5000000000,75,A1,A1,A1,,우리은행,자체 신용보강,자체 신용보강,우리은행
73679,우리넘버원제일차,KRZF0015R3GE,우리넘버원제일차 20260205-110-36,N,20260205,20260526,정기예금,KRW,,5000000000,5000000000,75,A1,A1,A1,,우리은행,자체 신용보강,자체 신용보강,우리은행
73679,우리넘버원제일차,KRZF0015R4GE,우리넘버원제일차 20260205-110-37,N,20260205,20260526,정기예금,KRW,,5000000000,5000000000,75,A1,A1,A1,,우리은행,자체 신용보강,자체 신용보강,우리은행
73679,우리넘버원제일차,KRZF0015R5GE,우리넘버원제일차 20260205-110-38,N,20260205,20260526,정기예금,KRW,,5000000000,5000000000,75,A1,A1,A1,,우리은행,자체 신용보강,자체 신용보강,우리은행
73679,우리넘버원제일차,KRZF0015R6GE,우리넘버원제일차 20260205-110-39,N,20260205,20260526,정기예금,KRW,,5000000000,5000000000,75,A1,A1,A1,,우리은행,자체 신용보강,자체 신용보강,우리은행
73679,우리넘버원제일차,KRZF0015R7GE,우리넘버원제일차 20260205-110-40,N,20260205,20260526,정기예금,KRW,,5000000000,5000000000,75,A1,A1,A1,,우리은행,자체 신용보강,자체 신용보강,우리은행
73679,우리넘버원제일차,KRZF0015R8GE,우리넘버원제일차 20260205-110-41,N,20260205,20260526,정기예금,KRW,,5000000000,5000000000,75,A1,A1,A1,,우리은행,자체 신용보강,자체 신용보강,우리은행
73679,우리넘버원제일차,KRZF0015R9GE,우리넘버원제일차 20260205-110-42,N,20260205,20260526,정기예금,KRW,,5000000000,5000000000,75,A1,A1,A1,,우리은행,자체 신용보강,자체 신용보강,우리은행
73679,우리넘버원제일차,KRZF0015RAGE,우리넘버원제일차 20260205-110-43,N,20260205,20260526,정기예금,KRW,,5000000000,5000000000,75,A1,A1,A1,,우리은행,자체 신용보강,자체 신용보강,우리은행
73679,우리넘버원제일차,KRZF0015RBGE,우리넘버원제일차 20260205-110-44,N,20260205,20260526,정기예금,KRW,,5000000000,5000000000,75,A1,A1,A1,,우리은행,자체 신용보강,자체 신용보강,우리은행
73679,우리넘버원제일차,KRZF0015RCGE,우리넘버원제일차 20260205-110-45,N,20260205,20260526,정기예금,KRW,,5000000000,5000000000,75,A1,A1,A1,,우리은행,자체 신용보강,자체 신용보강,우리은행
73679,우리넘버원제일차,KRZF0015RDGE,우리넘버원제일차 20260205-110-46,N,20260205,20260526,정기예금,KRW,,5000000000,5000000000,75,A1,A1,A1,,우리은행,자체 신용보강,자체 신용보강,우리은행
73679,우리넘버원제일차,KRZF0015REGE,우리넘버원제일차 20260205-110-47,N,20260205,20260526,정기예금,KRW,,5000000000,5000000000,75,A1,A1,A1,,우리은행,자체 신용보강,자체 신용보강,우리은행
73679,우리넘버원제일차,KRZF0015RFGE,우리넘버원제일차 20260205-110-48,N,20260205,20260526,정기예금,KRW,,5000000000,5000000000,75,A1,A1,A1,,우리은행,자체 신용보강,자체 신용보강,우리은행
73679,우리넘버원제일차,KRZF0015R5G2,우리넘버원제일차 20260205-110-5,N,20260205,20260526,정기예금,KRW,,5000000000,5000000000,75,A1,A1,A1,,우리은행,자체 신용보강,자체 신용보강,우리은행
73679,우리넘버원제일차,KRZF0015R6G2,우리넘버원제일차 20260205-110-6,N,20260205,20260526,정기예금,KRW,,5000000000,5000000000,75,A1,A1,A1,,우리은행,자체 신용보강,자체 신용보강,우리은행
73679,우리넘버원제일차,KRZF0015R7G2,우리넘버원제일차 20260205-110-7,N,20260205,20260526,정기예금,KRW,,5000000000,5000000000,75,A1,A1,A1,,우리은행,자체 신용보강,자체 신용보강,우리은행
73679,우리넘버원제일차,KRZF0015R8G2,우리넘버원제일차 20260205-110-8,N,20260205,20260526,정기예금,KRW,,5000000000,5000000000,75,A1,A1,A1,,우리은행,자체 신용보강,자체 신용보강,우리은행
73679,우리넘버원제일차,KRZF0015R9G2,우리넘버원제일차 20260205-110-9,N,20260205,20260526,정기예금,KRW,,5000000000,5000000000,75,A1,A1,A1,,우리은행,자체 신용보강,자체 신용보강,우리은행
73679,우리넘버원제일차,KRZF0015R1G2,우리넘버원제일차 20260205-270-1,N,20260205,20261102,정기예금,KRW,,5000000000,5000000000,235,A1,A1,A1,,우리은행,자체 신용보강,자체 신용보강,우리은행
73679,우리넘버원제일차,KRZF0015R2G2,우리넘버원제일차 20260205-270-2,N,20260205,20261102,정기예금,KRW,,5000000000,5000000000,235,A1,A1,A1,,우리은행,자체 신용보강,자체 신용보강,우리은행
73679,우리넘버원제일차,KRZF0015R3G2,우리넘버원제일차 20260205-270-3,N,20260205,20261102,정기예금,KRW,,5000000000,5000000000,235,A1,A1,A1,,우리은행,자체 신용보강,자체 신용보강,우리은행
73679,우리넘버원제일차,KRZF0015R4G2,우리넘버원제일차 20260205-270-4,N,20260205,20261102,정기예금,KRW,,5000000000,5000000000,235,A1,A1,A1,,우리은행,자체 신용보강,자체 신용보강,우리은행
73679,우리넘버원제일차,KRZF0015RGGE,우리넘버원제일차 20260205-291-49,N,20260205,20261123,정기예금,KRW,,300000000,300000000,256,A1,A1,A1,,우리은행,자체 신용보강,자체 신용보강,우리은행
58922,지아이비와이디,KRZFA40811G2,지아이비와이디 20260205-90-1,N,20260205,20260506,대출채권,KRW,,5000000000,5000000000,55,A1,,A1,,이지스제400호부동산일반사모투자회사,차환발행위험(유동성 공여형 매입약정),금융기관,신한은행
58922,지아이비와이디,KRZFA4081AG2,지아이비와이디 20260205-90-10,N,20260205,20260506,대출채권,KRW,,2000000000,2000000000,55,A1,,A1,,이지스제400호부동산일반사모투자회사,차환발행위험(유동성 공여형 매입약정),금융기관,신한은행
58922,지아이비와이디,KRZFA4081BG2,지아이비와이디 20260205-90-11,N,20260205,20260506,대출채권,KRW,,2000000000,2000000000,55,A1,,A1,,이지스제400호부동산일반사모투자회사,차환발행위험(유동성 공여형 매입약정),금융기관,신한은행
58922,지아이비와이디,KRZFA4081CG2,지아이비와이디 20260205-90-12,N,20260205,20260506,대출채권,KRW,,2000000000,2000000000,55,A1,,A1,,이지스제400호부동산일반사모투자회사,차환발행위험(유동성 공여형 매입약정),금융기관,신한은행
58922,지아이비와이디,KRZFA4081DG2,지아이비와이디 20260205-90-13,N,20260205,20260506,대출채권,KRW,,2000000000,2000000000,55,A1,,A1,,이지스제400호부동산일반사모투자회사,차환발행위험(유동성 공여형 매입약정),금융기관,신한은행
58922,지아이비와이디,KRZFA4081EG2,지아이비와이디 20260205-90-14,N,20260205,20260506,대출채권,KRW,,2000000000,2000000000,55,A1,,A1,,이지스제400호부동산일반사모투자회사,차환발행위험(유동성 공여형 매입약정),금융기관,신한은행
58922,지아이비와이디,KRZFA4081FG2,지아이비와이디 20260205-90-15,N,20260205,20260506,대출채권,KRW,,1000000000,1000000000,55,A1,,A1,,이지스제400호부동산일반사모투자회사,차환발행위험(유동성 공여형 매입약정),금융기관,신한은행
58922,지아이비와이디,KRZFA4081GG2,지아이비와이디 20260205-90-16,N,20260205,20260506,대출채권,KRW,,1000000000,1000000000,55,A1,,A1,,이지스제400호부동산일반사모투자회사,차환발행위험(유동성 공여형 매입약정),금융기관,신한은행
58922,지아이비와이디,KRZFA4081HG2,지아이비와이디 20260205-90-17,N,20260205,20260506,대출채권,KRW,,1000000000,1000000000,55,A1,,A1,,이지스제400호부동산일반사모투자회사,차환발행위험(유동성 공여형 매입약정),금융기관,신한은행
58922,지아이비와이디,KRZFA4081JG2,지아이비와이디 20260205-90-18,N,20260205,20260506,대출채권,KRW,,1000000000,1000000000,55,A1,,A1,,이지스제400호부동산일반사모투자회사,차환발행위험(유동성 공여형 매입약정),금융기관,신한은행
58922,지아이비와이디,KRZFA4081KG2,지아이비와이디 20260205-90-19,N,20260205,20260506,대출채권,KRW,,1000000000,1000000000,55,A1,,A1,,이지스제400호부동산일반사모투자회사,차환발행위험(유동성 공여형 매입약정),금융기관,신한은행
58922,지아이비와이디,KRZFA40812G2,지아이비와이디 20260205-90-2,N,20260205,20260506,대출채권,KRW,,5000000000,5000000000,55,A1,,A1,,이지스제400호부동산일반사모투자회사,차환발행위험(유동성 공여형 매입약정),금융기관,신한은행
58922,지아이비와이디,KRZFA4081LG2,지아이비와이디 20260205-90-20,N,20260205,20260506,대출채권,KRW,,500000000,500000000,55,A1,,A1,,이지스제400호부동산일반사모투자회사,차환발행위험(유동성 공여형 매입약정),금융기관,신한은행
58922,지아이비와이디,KRZFA4081MG2,지아이비와이디 20260205-90-21,N,20260205,20260506,대출채권,KRW,,500000000,500000000,55,A1,,A1,,이지스제400호부동산일반사모투자회사,차환발행위험(유동성 공여형 매입약정),금융기관,신한은행
58922,지아이비와이디,KRZFA40813G2,지아이비와이디 20260205-90-3,N,20260205,20260506,대출채권,KRW,,10000000000,10000000000,55,A1,,A1,,이지스제400호부동산일반사모투자회사,차환발행위험(유동성 공여형 매입약정),금융기관,신한은행
58922,지아이비와이디,KRZFA40814G2,지아이비와이디 20260205-90-4,N,20260205,20260506,대출채권,KRW,,10000000000,10000000000,55,A1,,A1,,이지스제400호부동산일반사모투자회사,차환발행위험(유동성 공여형 매입약정),금융기관,신한은행
58922,지아이비와이디,KRZFA40815G2,지아이비와이디 20260205-90-5,N,20260205,20260506,대출채권,KRW,,6000000000,6000000000,55,A1,,A1,,이지스제400호부동산일반사모투자회사,차환발행위험(유동성 공여형 매입약정),금융기관,신한은행
58922,지아이비와이디,KRZFA40816G2,지아이비와이디 20260205-90-6,N,20260205,20260506,대출채권,KRW,,6000000000,6000000000,55,A1,,A1,,이지스제400호부동산일반사모투자회사,차환발행위험(유동성 공여형 매입약정),금융기관,신한은행
58922,지아이비와이디,KRZFA40817G2,지아이비와이디 20260205-90-7,N,20260205,20260506,대출채권,KRW,,6000000000,6000000000,55,A1,,A1,,이지스제400호부동산일반사모투자회사,차환발행위험(유동성 공여형 매입약정),금융기관,신한은행
58922,지아이비와이디,KRZFA40818G2,지아이비와이디 20260205-90-8,N,20260205,20260506,대출채권,KRW,,3000000000,3000000000,55,A1,,A1,,이지스제400호부동산일반사모투자회사,차환발행위험(유동성 공여형 매입약정),금융기관,신한은행
58922,지아이비와이디,KRZFA40819G2,지아이비와이디 20260205-90-9,N,20260205,20260506,대출채권,KRW,,3000000000,3000000000,55,A1,,A1,,이지스제400호부동산일반사모투자회사,차환발행위험(유동성 공여형 매입약정),금융기관,신한은행
73663,국민챔피온제십오차,KRZFA39621G2,국민챔피온제십오차 20260204-113-1,N,20260204,20260528,정기예금,KRW,,5000000000,5000000000,77,A1,A1,A1,,국민은행,자체 신용보강,자체 신용보강,국민은행
73663,국민챔피온제십오차,KRZFA3962AG2,국민챔피온제십오차 20260204-113-10,N,20260204,20260528,정기예금,KRW,,5000000000,5000000000,77,A1,A1,A1,,국민은행,자체 신용보강,자체 신용보강,국민은행
73663,국민챔피온제십오차,KRZFA3962BG2,국민챔피온제십오차 20260204-113-11,N,20260204,20260528,정기예금,KRW,,5000000000,5000000000,77,A1,A1,A1,,국민은행,자체 신용보강,자체 신용보강,국민은행
73663,국민챔피온제십오차,KRZFA3962CG2,국민챔피온제십오차 20260204-113-12,N,20260204,20260528,정기예금,KRW,,5000000000,5000000000,77,A1,A1,A1,,국민은행,자체 신용보강,자체 신용보강,국민은행
73663,국민챔피온제십오차,KRZFA3962DG2,국민챔피온제십오차 20260204-113-13,N,20260204,20260528,정기예금,KRW,,5000000000,5000000000,77,A1,A1,A1,,국민은행,자체 신용보강,자체 신용보강,국민은행
73663,국민챔피온제십오차,KRZFA3962EG2,국민챔피온제십오차 20260204-113-14,N,20260204,20260528,정기예금,KRW,,5000000000,5000000000,77,A1,A1,A1,,국민은행,자체 신용보강,자체 신용보강,국민은행
73663,국민챔피온제십오차,KRZFA3962FG2,국민챔피온제십오차 20260204-113-15,N,20260204,20260528,정기예금,KRW,,5000000000,5000000000,77,A1,A1,A1,,국민은행,자체 신용보강,자체 신용보강,국민은행
73663,국민챔피온제십오차,KRZFA3962GG2,국민챔피온제십오차 20260204-113-16,N,20260204,20260528,정기예금,KRW,,5000000000,5000000000,77,A1,A1,A1,,국민은행,자체 신용보강,자체 신용보강,국민은행
73663,국민챔피온제십오차,KRZFA3962HG2,국민챔피온제십오차 20260204-113-17,N,20260204,20260528,정기예금,KRW,,5000000000,5000000000,77,A1,A1,A1,,국민은행,자체 신용보강,자체 신용보강,국민은행
73663,국민챔피온제십오차,KRZFA3962JG2,국민챔피온제십오차 20260204-113-18,N,20260204,20260528,정기예금,KRW,,5000000000,5000000000,77,A1,A1,A1,,국민은행,자체 신용보강,자체 신용보강,국민은행
73663,국민챔피온제십오차,KRZFA3962KG2,국민챔피온제십오차 20260204-113-19,N,20260204,20260528,정기예금,KRW,,5000000000,5000000000,77,A1,A1,A1,,국민은행,자체 신용보강,자체 신용보강,국민은행
73663,국민챔피온제십오차,KRZFA39622G2,국민챔피온제십오차 20260204-113-2,N,20260204,20260528,정기예금,KRW,,5000000000,5000000000,77,A1,A1,A1,,국민은행,자체 신용보강,자체 신용보강,국민은행
73663,국민챔피온제십오차,KRZFA3962LG2,국민챔피온제십오차 20260204-113-20,N,20260204,20260528,정기예금,KRW,,5000000000,5000000000,77,A1,A1,A1,,국민은행,자체 신용보강,자체 신용보강,국민은행
73663,국민챔피온제십오차,KRZFA3962MG2,국민챔피온제십오차 20260204-113-21,N,20260204,20260528,정기예금,KRW,,5000000000,5000000000,77,A1,A1,A1,,국민은행,자체 신용보강,자체 신용보강,국민은행
73663,국민챔피온제십오차,KRZFA3962NG2,국민챔피온제십오차 20260204-113-22,N,20260204,20260528,정기예금,KRW,,5000000000,5000000000,77,A1,A1,A1,,국민은행,자체 신용보강,자체 신용보강,국민은행
73663,국민챔피온제십오차,KRZFA3962PG2,국민챔피온제십오차 20260204-113-23,N,20260204,20260528,정기예금,KRW,,5000000000,5000000000,77,A1,A1,A1,,국민은행,자체 신용보강,자체 신용보강,국민은행
73663,국민챔피온제십오차,KRZFA3962QG2,국민챔피온제십오차 20260204-113-24,N,20260204,20260528,정기예금,KRW,,5000000000,5000000000,77,A1,A1,A1,,국민은행,자체 신용보강,자체 신용보강,국민은행
73663,국민챔피온제십오차,KRZFA3962RG2,국민챔피온제십오차 20260204-113-25,N,20260204,20260528,정기예금,KRW,,5000000000,5000000000,77,A1,A1,A1,,국민은행,자체 신용보강,자체 신용보강,국민은행
73663,국민챔피온제십오차,KRZFA3962SG2,국민챔피온제십오차 20260204-113-26,N,20260204,20260528,정기예금,KRW,,5000000000,5000000000,77,A1,A1,A1,,국민은행,자체 신용보강,자체 신용보강,국민은행
73663,국민챔피온제십오차,KRZFA3962TG2,국민챔피온제십오차 20260204-113-27,N,20260204,20260528,정기예금,KRW,,5000000000,5000000000,77,A1,A1,A1,,국민은행,자체 신용보강,자체 신용보강,국민은행
73663,국민챔피온제십오차,KRZFA3962VG2,국민챔피온제십오차 20260204-113-28,N,20260204,20260528,정기예금,KRW,,5000000000,5000000000,77,A1,A1,A1,,국민은행,자체 신용보강,자체 신용보강,국민은행
73663,국민챔피온제십오차,KRZFA3962WG2,국민챔피온제십오차 20260204-113-29,N,20260204,20260528,정기예금,KRW,,5000000000,5000000000,77,A1,A1,A1,,국민은행,자체 신용보강,자체 신용보강,국민은행
73663,국민챔피온제십오차,KRZFA39623G2,국민챔피온제십오차 20260204-113-3,N,20260204,20260528,정기예금,KRW,,5000000000,5000000000,77,A1,A1,A1,,국민은행,자체 신용보강,자체 신용보강,국민은행
73663,국민챔피온제십오차,KRZFA3962XG2,국민챔피온제십오차 20260204-113-30,N,20260204,20260528,정기예금,KRW,,5000000000,5000000000,77,A1,A1,A1,,국민은행,자체 신용보강,자체 신용보강,국민은행
73663,국민챔피온제십오차,KRZFA3962YG2,국민챔피온제십오차 20260204-113-31,N,20260204,20260528,정기예금,KRW,,5000000000,5000000000,77,A1,A1,A1,,국민은행,자체 신용보강,자체 신용보강,국민은행
73663,국민챔피온제십오차,KRZFA3962ZG2,국민챔피온제십오차 20260204-113-32,N,20260204,20260528,정기예금,KRW,,5000000000,5000000000,77,A1,A1,A1,,국민은행,자체 신용보강,자체 신용보강,국민은행
73663,국민챔피온제십오차,KRZFA39620GE,국민챔피온제십오차 20260204-113-33,N,20260204,20260528,정기예금,KRW,,5000000000,5000000000,77,A1,A1,A1,,국민은행,자체 신용보강,자체 신용보강,국민은행
73663,국민챔피온제십오차,KRZFA39621GE,국민챔피온제십오차 20260204-113-34,N,20260204,20260528,정기예금,KRW,,5000000000,5000000000,77,A1,A1,A1,,국민은행,자체 신용보강,자체 신용보강,국민은행
73663,국민챔피온제십오차,KRZFA39622GE,국민챔피온제십오차 20260204-113-35,N,20260204,20260528,정기예금,KRW,,5000000000,5000000000,77,A1,A1,A1,,국민은행,자체 신용보강,자체 신용보강,국민은행
73663,국민챔피온제십오차,KRZFA39623GE,국민챔피온제십오차 20260204-113-36,N,20260204,20260528,정기예금,KRW,,5000000000,5000000000,77,A1,A1,A1,,국민은행,자체 신용보강,자체 신용보강,국민은행
73663,국민챔피온제십오차,KRZFA39624GE,국민챔피온제십오차 20260204-113-37,N,20260204,20260528,정기예금,KRW,,5000000000,5000000000,77,A1,A1,A1,,국민은행,자체 신용보강,자체 신용보강,국민은행
73663,국민챔피온제십오차,KRZFA39625GE,국민챔피온제십오차 20260204-113-38,N,20260204,20260528,정기예금,KRW,,5000000000,5000000000,77,A1,A1,A1,,국민은행,자체 신용보강,자체 신용보강,국민은행
73663,국민챔피온제십오차,KRZFA39626GE,국민챔피온제십오차 20260204-113-39,N,20260204,20260528,정기예금,KRW,,5000000000,5000000000,77,A1,A1,A1,,국민은행,자체 신용보강,자체 신용보강,국민은행
73663,국민챔피온제십오차,KRZFA39624G2,국민챔피온제십오차 20260204-113-4,N,20260204,20260528,정기예금,KRW,,5000000000,5000000000,77,A1,A1,A1,,국민은행,자체 신용보강,자체 신용보강,국민은행
73663,국민챔피온제십오차,KRZFA39627GE,국민챔피온제십오차 20260204-113-40,N,20260204,20260528,정기예금,KRW,,5000000000,5000000000,77,A1,A1,A1,,국민은행,자체 신용보강,자체 신용보강,국민은행
73663,국민챔피온제십오차,KRZFA39628GE,국민챔피온제십오차 20260204-113-41,N,20260204,20260528,정기예금,KRW,,5000000000,5000000000,77,A1,A1,A1,,국민은행,자체 신용보강,자체 신용보강,국민은행
73663,국민챔피온제십오차,KRZFA39629GE,국민챔피온제십오차 20260204-113-42,N,20260204,20260528,정기예금,KRW,,5000000000,5000000000,77,A1,A1,A1,,국민은행,자체 신용보강,자체 신용보강,국민은행
73663,국민챔피온제십오차,KRZFA3962AGE,국민챔피온제십오차 20260204-113-43,N,20260204,20260528,정기예금,KRW,,5000000000,5000000000,77,A1,A1,A1,,국민은행,자체 신용보강,자체 신용보강,국민은행
73663,국민챔피온제십오차,KRZFA3962BGE,국민챔피온제십오차 20260204-113-44,N,20260204,20260528,정기예금,KRW,,5000000000,5000000000,77,A1,A1,A1,,국민은행,자체 신용보강,자체 신용보강,국민은행
73663,국민챔피온제십오차,KRZFA3962CGE,국민챔피온제십오차 20260204-113-45,N,20260204,20260528,정기예금,KRW,,5000000000,5000000000,77,A1,A1,A1,,국민은행,자체 신용보강,자체 신용보강,국민은행
73663,국민챔피온제십오차,KRZFA3962DGE,국민챔피온제십오차 20260204-113-46,N,20260204,20260528,정기예금,KRW,,5000000000,5000000000,77,A1,A1,A1,,국민은행,자체 신용보강,자체 신용보강,국민은행
73663,국민챔피온제십오차,KRZFA3962EGE,국민챔피온제십오차 20260204-113-47,N,20260204,20260528,정기예금,KRW,,5000000000,5000000000,77,A1,A1,A1,,국민은행,자체 신용보강,자체 신용보강,국민은행
73663,국민챔피온제십오차,KRZFA3962FGE,국민챔피온제십오차 20260204-113-48,N,20260204,20260528,정기예금,KRW,,5000000000,5000000000,77,A1,A1,A1,,국민은행,자체 신용보강,자체 신용보강,국민은행
73663,국민챔피온제십오차,KRZFA39625G2,국민챔피온제십오차 20260204-113-5,N,20260204,20260528,정기예금,KRW,,5000000000,5000000000,77,A1,A1,A1,,국민은행,자체 신용보강,자체 신용보강,국민은행
73663,국민챔피온제십오차,KRZFA39626G2,국민챔피온제십오차 20260204-113-6,N,20260204,20260528,정기예금,KRW,,5000000000,5000000000,77,A1,A1,A1,,국민은행,자체 신용보강,자체 신용보강,국민은행
73663,국민챔피온제십오차,KRZFA39627G2,국민챔피온제십오차 20260204-113-7,N,20260204,20260528,정기예금,KRW,,5000000000,5000000000,77,A1,A1,A1,,국민은행,자체 신용보강,자체 신용보강,국민은행
73663,국민챔피온제십오차,KRZFA39628G2,국민챔피온제십오차 20260204-113-8,N,20260204,20260528,정기예금,KRW,,5000000000,5000000000,77,A1,A1,A1,,국민은행,자체 신용보강,자체 신용보강,국민은행
73663,국민챔피온제십오차,KRZFA39629G2,국민챔피온제십오차 20260204-113-9,N,20260204,20260528,정기예금,KRW,,5000000000,5000000000,77,A1,A1,A1,,국민은행,자체 신용보강,자체 신용보강,국민은행
73663,국민챔피온제십오차,KRZFA3962GGE,국민챔피온제십오차 20260204-288-49,N,20260204,20261119,정기예금,KRW,,340000000,340000000,252,A1,A1,A1,,국민은행,자체 신용보강,자체 신용보강,국민은행
73667,국민행복제5차,KRZFA81581G2,국민행복제5차 20260204-112-1,N,20260204,20260527,정기예금,KRW,,5000000000,5000000000,76,,A1,A1,,국민은행,자체 신용보강,자체 신용보강,국민은행
73667,국민행복제5차,KRZFA8158AG2,국민행복제5차 20260204-112-10,N,20260204,20260527,정기예금,KRW,,5000000000,5000000000,76,,A1,A1,,국민은행,자체 신용보강,자체 신용보강,국민은행
73667,국민행복제5차,KRZFA8158BG2,국민행복제5차 20260204-112-11,N,20260204,20260527,정기예금,KRW,,5000000000,5000000000,76,,A1,A1,,국민은행,자체 신용보강,자체 신용보강,국민은행
73667,국민행복제5차,KRZFA8158CG2,국민행복제5차 20260204-112-12,N,20260204,20260527,정기예금,KRW,,5000000000,5000000000,76,,A1,A1,,국민은행,자체 신용보강,자체 신용보강,국민은행
73667,국민행복제5차,KRZFA8158DG2,국민행복제5차 20260204-112-13,N,20260204,20260527,정기예금,KRW,,5000000000,5000000000,76,,A1,A1,,국민은행,자체 신용보강,자체 신용보강,국민은행
73667,국민행복제5차,KRZFA8158EG2,국민행복제5차 20260204-112-14,N,20260204,20260527,정기예금,KRW,,5000000000,5000000000,76,,A1,A1,,국민은행,자체 신용보강,자체 신용보강,국민은행
73667,국민행복제5차,KRZFA8158FG2,국민행복제5차 20260204-112-15,N,20260204,20260527,정기예금,KRW,,5000000000,5000000000,76,,A1,A1,,국민은행,자체 신용보강,자체 신용보강,국민은행
73667,국민행복제5차,KRZFA8158GG2,국민행복제5차 20260204-112-16,N,20260204,20260527,정기예금,KRW,,5000000000,5000000000,76,,A1,A1,,국민은행,자체 신용보강,자체 신용보강,국민은행
73667,국민행복제5차,KRZFA8158HG2,국민행복제5차 20260204-112-17,N,20260204,20260527,정기예금,KRW,,5000000000,5000000000,76,,A1,A1,,국민은행,자체 신용보강,자체 신용보강,국민은행
73667,국민행복제5차,KRZFA8158JG2,국민행복제5차 20260204-112-18,N,20260204,20260527,정기예금,KRW,,5000000000,5000000000,76,,A1,A1,,국민은행,자체 신용보강,자체 신용보강,국민은행
73667,국민행복제5차,KRZFA8158KG2,국민행복제5차 20260204-112-19,N,20260204,20260527,정기예금,KRW,,5000000000,5000000000,76,,A1,A1,,국민은행,자체 신용보강,자체 신용보강,국민은행
73667,국민행복제5차,KRZFA81582G2,국민행복제5차 20260204-112-2,N,20260204,20260527,정기예금,KRW,,5000000000,5000000000,76,,A1,A1,,국민은행,자체 신용보강,자체 신용보강,국민은행
73667,국민행복제5차,KRZFA8158LG2,국민행복제5차 20260204-112-20,N,20260204,20260527,정기예금,KRW,,5000000000,5000000000,76,,A1,A1,,국민은행,자체 신용보강,자체 신용보강,국민은행
73667,국민행복제5차,KRZFA8158MG2,국민행복제5차 20260204-112-21,N,20260204,20260527,정기예금,KRW,,5000000000,5000000000,76,,A1,A1,,국민은행,자체 신용보강,자체 신용보강,국민은행
73667,국민행복제5차,KRZFA8158NG2,국민행복제5차 20260204-112-22,N,20260204,20260527,정기예금,KRW,,5000000000,5000000000,76,,A1,A1,,국민은행,자체 신용보강,자체 신용보강,국민은행
73667,국민행복제5차,KRZFA8158PG2,국민행복제5차 20260204-112-23,N,20260204,20260527,정기예금,KRW,,5000000000,5000000000,76,,A1,A1,,국민은행,자체 신용보강,자체 신용보강,국민은행
73667,국민행복제5차,KRZFA8158QG2,국민행복제5차 20260204-112-24,N,20260204,20260527,정기예금,KRW,,5000000000,5000000000,76,,A1,A1,,국민은행,자체 신용보강,자체 신용보강,국민은행
73667,국민행복제5차,KRZFA8158RG2,국민행복제5차 20260204-112-25,N,20260204,20260527,정기예금,KRW,,5000000000,5000000000,76,,A1,A1,,국민은행,자체 신용보강,자체 신용보강,국민은행
73667,국민행복제5차,KRZFA8158SG2,국민행복제5차 20260204-112-26,N,20260204,20260527,정기예금,KRW,,5000000000,5000000000,76,,A1,A1,,국민은행,자체 신용보강,자체 신용보강,국민은행
73667,국민행복제5차,KRZFA8158TG2,국민행복제5차 20260204-112-27,N,20260204,20260527,정기예금,KRW,,5000000000,5000000000,76,,A1,A1,,국민은행,자체 신용보강,자체 신용보강,국민은행
73667,국민행복제5차,KRZFA8158VG2,국민행복제5차 20260204-112-28,N,20260204,20260527,정기예금,KRW,,5000000000,5000000000,76,,A1,A1,,국민은행,자체 신용보강,자체 신용보강,국민은행
73667,국민행복제5차,KRZFA8158WG2,국민행복제5차 20260204-112-29,N,20260204,20260527,정기예금,KRW,,5000000000,5000000000,76,,A1,A1,,국민은행,자체 신용보강,자체 신용보강,국민은행
73667,국민행복제5차,KRZFA81583G2,국민행복제5차 20260204-112-3,N,20260204,20260527,정기예금,KRW,,5000000000,5000000000,76,,A1,A1,,국민은행,자체 신용보강,자체 신용보강,국민은행
73667,국민행복제5차,KRZFA8158XG2,국민행복제5차 20260204-112-30,N,20260204,20260527,정기예금,KRW,,5000000000,5000000000,76,,A1,A1,,국민은행,자체 신용보강,자체 신용보강,국민은행
73667,국민행복제5차,KRZFA8158YG2,국민행복제5차 20260204-112-31,N,20260204,20260527,정기예금,KRW,,5000000000,5000000000,76,,A1,A1,,국민은행,자체 신용보강,자체 신용보강,국민은행
73667,국민행복제5차,KRZFA8158ZG2,국민행복제5차 20260204-112-32,N,20260204,20260527,정기예금,KRW,,5000000000,5000000000,76,,A1,A1,,국민은행,자체 신용보강,자체 신용보강,국민은행
73667,국민행복제5차,KRZFA81580GE,국민행복제5차 20260204-112-33,N,20260204,20260527,정기예금,KRW,,5000000000,5000000000,76,,A1,A1,,국민은행,자체 신용보강,자체 신용보강,국민은행
73667,국민행복제5차,KRZFA81581GE,국민행복제5차 20260204-112-34,N,20260204,20260527,정기예금,KRW,,5000000000,5000000000,76,,A1,A1,,국민은행,자체 신용보강,자체 신용보강,국민은행
73667,국민행복제5차,KRZFA81582GE,국민행복제5차 20260204-112-35,N,20260204,20260527,정기예금,KRW,,5000000000,5000000000,76,,A1,A1,,국민은행,자체 신용보강,자체 신용보강,국민은행
73667,국민행복제5차,KRZFA81583GE,국민행복제5차 20260204-112-36,N,20260204,20260527,정기예금,KRW,,5000000000,5000000000,76,,A1,A1,,국민은행,자체 신용보강,자체 신용보강,국민은행
73667,국민행복제5차,KRZFA81584GE,국민행복제5차 20260204-112-37,N,20260204,20260527,정기예금,KRW,,5000000000,5000000000,76,,A1,A1,,국민은행,자체 신용보강,자체 신용보강,국민은행
73667,국민행복제5차,KRZFA81585GE,국민행복제5차 20260204-112-38,N,20260204,20260527,정기예금,KRW,,5000000000,5000000000,76,,A1,A1,,국민은행,자체 신용보강,자체 신용보강,국민은행
73667,국민행복제5차,KRZFA81586GE,국민행복제5차 20260204-112-39,N,20260204,20260527,정기예금,KRW,,5000000000,5000000000,76,,A1,A1,,국민은행,자체 신용보강,자체 신용보강,국민은행
73667,국민행복제5차,KRZFA81584G2,국민행복제5차 20260204-112-4,N,20260204,20260527,정기예금,KRW,,5000000000,5000000000,76,,A1,A1,,국민은행,자체 신용보강,자체 신용보강,국민은행
73667,국민행복제5차,KRZFA81587GE,국민행복제5차 20260204-112-40,N,20260204,20260527,정기예금,KRW,,5000000000,5000000000,76,,A1,A1,,국민은행,자체 신용보강,자체 신용보강,국민은행
73667,국민행복제5차,KRZFA81588GE,국민행복제5차 20260204-112-41,N,20260204,20260527,정기예금,KRW,,5000000000,5000000000,76,,A1,A1,,국민은행,자체 신용보강,자체 신용보강,국민은행
73667,국민행복제5차,KRZFA81589GE,국민행복제5차 20260204-112-42,N,20260204,20260527,정기예금,KRW,,5000000000,5000000000,76,,A1,A1,,국민은행,자체 신용보강,자체 신용보강,국민은행
73667,국민행복제5차,KRZFA8158AGE,국민행복제5차 20260204-112-43,N,20260204,20260527,정기예금,KRW,,5000000000,5000000000,76,,A1,A1,,국민은행,자체 신용보강,자체 신용보강,국민은행
73667,국민행복제5차,KRZFA8158BGE,국민행복제5차 20260204-112-44,N,20260204,20260527,정기예금,KRW,,5000000000,5000000000,76,,A1,A1,,국민은행,자체 신용보강,자체 신용보강,국민은행
73667,국민행복제5차,KRZFA8158CGE,국민행복제5차 20260204-112-45,N,20260204,20260527,정기예금,KRW,,5000000000,5000000000,76,,A1,A1,,국민은행,자체 신용보강,자체 신용보강,국민은행
73667,국민행복제5차,KRZFA8158DGE,국민행복제5차 20260204-112-46,N,20260204,20260527,정기예금,KRW,,5000000000,5000000000,76,,A1,A1,,국민은행,자체 신용보강,자체 신용보강,국민은행
73667,국민행복제5차,KRZFA8158EGE,국민행복제5차 20260204-112-47,N,20260204,20260527,정기예금,KRW,,5000000000,5000000000,76,,A1,A1,,국민은행,자체 신용보강,자체 신용보강,국민은행
73667,국민행복제5차,KRZFA8158FGE,국민행복제5차 20260204-112-48,N,20260204,20260527,정기예금,KRW,,5000000000,5000000000,76,,A1,A1,,국민은행,자체 신용보강,자체 신용보강,국민은행
73667,국민행복제5차,KRZFA81585G2,국민행복제5차 20260204-112-5,N,20260204,20260527,정기예금,KRW,,5000000000,5000000000,76,,A1,A1,,국민은행,자체 신용보강,자체 신용보강,국민은행
73667,국민행복제5차,KRZFA81586G2,국민행복제5차 20260204-112-6,N,20260204,20260527,정기예금,KRW,,5000000000,5000000000,76,,A1,A1,,국민은행,자체 신용보강,자체 신용보강,국민은행
73667,국민행복제5차,KRZFA81587G2,국민행복제5차 20260204-112-7,N,20260204,20260527,정기예금,KRW,,5000000000,5000000000,76,,A1,A1,,국민은행,자체 신용보강,자체 신용보강,국민은행
73667,국민행복제5차,KRZFA81588G2,국민행복제5차 20260204-112-8,N,20260204,20260527,정기예금,KRW,,5000000000,5000000000,76,,A1,A1,,국민은행,자체 신용보강,자체 신용보강,국민은행
73667,국민행복제5차,KRZFA81589G2,국민행복제5차 20260204-112-9,N,20260204,20260527,정기예금,KRW,,5000000000,5000000000,76,,A1,A1,,국민은행,자체 신용보강,자체 신용보강,국민은행
73667,국민행복제5차,KRZFA8158GGE,국민행복제5차 20260204-279-49,N,20260204,20261110,정기예금,KRW,,331000000,331000000,243,,A1,A1,,국민은행,자체 신용보강,자체 신용보강,국민은행
73668,비케이신한제일차,KRZF0065W1G2,비케이신한제일차 20260204-105-1,,20260204,20260520,,KRW,,5000000000,5000000000,69,,,A1,,,,,
73668,비케이신한제일차,KRZF0065WAG2,비케이신한제일차 20260204-105-10,,20260204,20260520,,KRW,,5000000000,5000000000,69,,,A1,,,,,
73668,비케이신한제일차,KRZF0065WBG2,비케이신한제일차 20260204-105-11,,20260204,20260520,,KRW,,5000000000,5000000000,69,,,A1,,,,,
73668,비케이신한제일차,KRZF0065WCG2,비케이신한제일차 20260204-105-12,,20260204,20260520,,KRW,,5000000000,5000000000,69,,,A1,,,,,
73668,비케이신한제일차,KRZF0065WDG2,비케이신한제일차 20260204-105-13,,20260204,20260520,,KRW,,5000000000,5000000000,69,,,A1,,,,,
73668,비케이신한제일차,KRZF0065WEG2,비케이신한제일차 20260204-105-14,,20260204,20260520,,KRW,,5000000000,5000000000,69,,,A1,,,,,
73668,비케이신한제일차,KRZF0065WFG2,비케이신한제일차 20260204-105-15,,20260204,20260520,,KRW,,5000000000,5000000000,69,,,A1,,,,,
73668,비케이신한제일차,KRZF0065WGG2,비케이신한제일차 20260204-105-16,,20260204,20260520,,KRW,,5000000000,5000000000,69,,,A1,,,,,
73668,비케이신한제일차,KRZF0065WHG2,비케이신한제일차 20260204-105-17,,20260204,20260520,,KRW,,5000000000,5000000000,69,,,A1,,,,,
73668,비케이신한제일차,KRZF0065WJG2,비케이신한제일차 20260204-105-18,,20260204,20260520,,KRW,,5000000000,5000000000,69,,,A1,,,,,
73668,비케이신한제일차,KRZF0065WKG2,비케이신한제일차 20260204-105-19,,20260204,20260520,,KRW,,5000000000,5000000000,69,,,A1,,,,,
73668,비케이신한제일차,KRZF0065W2G2,비케이신한제일차 20260204-105-2,,20260204,20260520,,KRW,,5000000000,5000000000,69,,,A1,,,,,
73668,비케이신한제일차,KRZF0065WLG2,비케이신한제일차 20260204-105-20,,20260204,20260520,,KRW,,5000000000,5000000000,69,,,A1,,,,,
73668,비케이신한제일차,KRZF0065WMG2,비케이신한제일차 20260204-105-21,,20260204,20260520,,KRW,,5000000000,5000000000,69,,,A1,,,,,
73668,비케이신한제일차,KRZF0065WNG2,비케이신한제일차 20260204-105-22,,20260204,20260520,,KRW,,5000000000,5000000000,69,,,A1,,,,,
73668,비케이신한제일차,KRZF0065WPG2,비케이신한제일차 20260204-105-23,,20260204,20260520,,KRW,,5000000000,5000000000,69,,,A1,,,,,
73668,비케이신한제일차,KRZF0065WQG2,비케이신한제일차 20260204-105-24,,20260204,20260520,,KRW,,5000000000,5000000000,69,,,A1,,,,,
73668,비케이신한제일차,KRZF0065WRG2,비케이신한제일차 20260204-105-25,,20260204,20260520,,KRW,,5000000000,5000000000,69,,,A1,,,,,
73668,비케이신한제일차,KRZF0065WSG2,비케이신한제일차 20260204-105-26,,20260204,20260520,,KRW,,5000000000,5000000000,69,,,A1,,,,,
73668,비케이신한제일차,KRZF0065WTG2,비케이신한제일차 20260204-105-27,,20260204,20260520,,KRW,,5000000000,5000000000,69,,,A1,,,,,
73668,비케이신한제일차,KRZF0065WVG2,비케이신한제일차 20260204-105-28,,20260204,20260520,,KRW,,5000000000,5000000000,69,,,A1,,,,,
73668,비케이신한제일차,KRZF0065WWG2,비케이신한제일차 20260204-105-29,,20260204,20260520,,KRW,,5000000000,5000000000,69,,,A1,,,,,
73668,비케이신한제일차,KRZF0065W3G2,비케이신한제일차 20260204-105-3,,20260204,20260520,,KRW,,5000000000,5000000000,69,,,A1,,,,,
73668,비케이신한제일차,KRZF0065WXG2,비케이신한제일차 20260204-105-30,,20260204,20260520,,KRW,,5000000000,5000000000,69,,,A1,,,,,
73668,비케이신한제일차,KRZF0065WYG2,비케이신한제일차 20260204-105-31,,20260204,20260520,,KRW,,5000000000,5000000000,69,,,A1,,,,,
73668,비케이신한제일차,KRZF0065WZG2,비케이신한제일차 20260204-105-32,,20260204,20260520,,KRW,,5000000000,5000000000,69,,,A1,,,,,
73668,비케이신한제일차,KRZF0065W0GE,비케이신한제일차 20260204-105-33,,20260204,20260520,,KRW,,5000000000,5000000000,69,,,A1,,,,,
73668,비케이신한제일차,KRZF0065W1GE,비케이신한제일차 20260204-105-34,,20260204,20260520,,KRW,,5000000000,5000000000,69,,,A1,,,,,
73668,비케이신한제일차,KRZF0065W2GE,비케이신한제일차 20260204-105-35,,20260204,20260520,,KRW,,5000000000,5000000000,69,,,A1,,,,,
73668,비케이신한제일차,KRZF0065W3GE,비케이신한제일차 20260204-105-36,,20260204,20260520,,KRW,,5000000000,5000000000,69,,,A1,,,,,
73668,비케이신한제일차,KRZF0065W4GE,비케이신한제일차 20260204-105-37,,20260204,20260520,,KRW,,5000000000,5000000000,69,,,A1,,,,,
73668,비케이신한제일차,KRZF0065W5GE,비케이신한제일차 20260204-105-38,,20260204,20260520,,KRW,,5000000000,5000000000,69,,,A1,,,,,
73668,비케이신한제일차,KRZF0065W6GE,비케이신한제일차 20260204-105-39,,20260204,20260520,,KRW,,5000000000,5000000000,69,,,A1,,,,,
73668,비케이신한제일차,KRZF0065W4G2,비케이신한제일차 20260204-105-4,,20260204,20260520,,KRW,,5000000000,5000000000,69,,,A1,,,,,
73668,비케이신한제일차,KRZF0065W7GE,비케이신한제일차 20260204-105-40,,20260204,20260520,,KRW,,5000000000,5000000000,69,,,A1,,,,,
73668,비케이신한제일차,KRZF0065W8GE,비케이신한제일차 20260204-105-41,,20260204,20260520,,KRW,,5000000000,5000000000,69,,,A1,,,,,
73668,비케이신한제일차,KRZF0065W9GE,비케이신한제일차 20260204-105-42,,20260204,20260520,,KRW,,5000000000,5000000000,69,,,A1,,,,,
73668,비케이신한제일차,KRZF0065WAGE,비케이신한제일차 20260204-105-43,,20260204,20260520,,KRW,,5000000000,5000000000,69,,,A1,,,,,
73668,비케이신한제일차,KRZF0065WBGE,비케이신한제일차 20260204-105-44,,20260204,20260520,,KRW,,5000000000,5000000000,69,,,A1,,,,,
73668,비케이신한제일차,KRZF0065WCGE,비케이신한제일차 20260204-105-45,,20260204,20260520,,KRW,,5000000000,5000000000,69,,,A1,,,,,
73668,비케이신한제일차,KRZF0065WDGE,비케이신한제일차 20260204-105-46,,20260204,20260520,,KRW,,5000000000,5000000000,69,,,A1,,,,,
73668,비케이신한제일차,KRZF0065WEGE,비케이신한제일차 20260204-105-47,,20260204,20260520,,KRW,,5000000000,5000000000,69,,,A1,,,,,
73668,비케이신한제일차,KRZF0065WFGE,비케이신한제일차 20260204-105-48,,20260204,20260520,,KRW,,5000000000,5000000000,69,,,A1,,,,,
73668,비케이신한제일차,KRZF0065W5G2,비케이신한제일차 20260204-105-5,,20260204,20260520,,KRW,,5000000000,5000000000,69,,,A1,,,,,
73668,비케이신한제일차,KRZF0065W6G2,비케이신한제일차 20260204-105-6,,20260204,20260520,,KRW,,5000000000,5000000000,69,,,A1,,,,,
73668,비케이신한제일차,KRZF0065W7G2,비케이신한제일차 20260204-105-7,,20260204,20260520,,KRW,,5000000000,5000000000,69,,,A1,,,,,
73668,비케이신한제일차,KRZF0065W8G2,비케이신한제일차 20260204-105-8,,20260204,20260520,,KRW,,5000000000,5000000000,69,,,A1,,,,,
73668,비케이신한제일차,KRZF0065W9G2,비케이신한제일차 20260204-105-9,,20260204,20260520,,KRW,,5000000000,5000000000,69,,,A1,,,,,
73668,비케이신한제일차,KRZF0065WGGE,비케이신한제일차 20260204-275-49,,20260204,20261106,,KRW,,310000000,310000000,239,,,A1,,,,,
61750,에스타이거에이치엘,KRZFA58411G2,에스타이거에이치엘 20260204-89-1,N,20260204,20260504,대출채권,KRW,,5000000000,5000000000,53,,A1,A1,,호텔롯데,외부 신용보강,금융기관,신한은행
61750,에스타이거에이치엘,KRZFA5841AG2,에스타이거에이치엘 20260204-89-10,N,20260204,20260504,대출채권,KRW,,5000000000,5000000000,53,,A1,A1,,호텔롯데,외부 신용보강,금융기관,신한은행
61750,에스타이거에이치엘,KRZFA5841BG2,에스타이거에이치엘 20260204-89-11,N,20260204,20260504,대출채권,KRW,,5000000000,5000000000,53,,A1,A1,,호텔롯데,외부 신용보강,금융기관,신한은행
61750,에스타이거에이치엘,KRZFA5841CG2,에스타이거에이치엘 20260204-89-12,N,20260204,20260504,대출채권,KRW,,5000000000,5000000000,53,,A1,A1,,호텔롯데,외부 신용보강,금융기관,신한은행
61750,에스타이거에이치엘,KRZFA5841DG2,에스타이거에이치엘 20260204-89-13,N,20260204,20260504,대출채권,KRW,,5000000000,5000000000,53,,A1,A1,,호텔롯데,외부 신용보강,금융기관,신한은행
61750,에스타이거에이치엘,KRZFA5841EG2,에스타이거에이치엘 20260204-89-14,N,20260204,20260504,대출채권,KRW,,5000000000,5000000000,53,,A1,A1,,호텔롯데,외부 신용보강,금융기관,신한은행
61750,에스타이거에이치엘,KRZFA5841FG2,에스타이거에이치엘 20260204-89-15,N,20260204,20260504,대출채권,KRW,,5000000000,5000000000,53,,A1,A1,,호텔롯데,외부 신용보강,금융기관,신한은행
61750,에스타이거에이치엘,KRZFA5841GG2,에스타이거에이치엘 20260204-89-16,N,20260204,20260504,대출채권,KRW,,5000000000,5000000000,53,,A1,A1,,호텔롯데,외부 신용보강,금융기관,신한은행
61750,에스타이거에이치엘,KRZFA5841HG2,에스타이거에이치엘 20260204-89-17,N,20260204,20260504,대출채권,KRW,,5000000000,5000000000,53,,A1,A1,,호텔롯데,외부 신용보강,금융기관,신한은행
61750,에스타이거에이치엘,KRZFA5841JG2,에스타이거에이치엘 20260204-89-18,N,20260204,20260504,대출채권,KRW,,5000000000,5000000000,53,,A1,A1,,호텔롯데,외부 신용보강,금융기관,신한은행
61750,에스타이거에이치엘,KRZFA5841KG2,에스타이거에이치엘 20260204-89-19,N,20260204,20260504,대출채권,KRW,,5000000000,5000000000,53,,A1,A1,,호텔롯데,외부 신용보강,금융기관,신한은행
61750,에스타이거에이치엘,KRZFA58412G2,에스타이거에이치엘 20260204-89-2,N,20260204,20260504,대출채권,KRW,,5000000000,5000000000,53,,A1,A1,,호텔롯데,외부 신용보강,금융기관,신한은행
61750,에스타이거에이치엘,KRZFA5841LG2,에스타이거에이치엘 20260204-89-20,N,20260204,20260504,대출채권,KRW,,5000000000,5000000000,53,,A1,A1,,호텔롯데,외부 신용보강,금융기관,신한은행
61750,에스타이거에이치엘,KRZFA58413G2,에스타이거에이치엘 20260204-89-3,N,20260204,20260504,대출채권,KRW,,5000000000,5000000000,53,,A1,A1,,호텔롯데,외부 신용보강,금융기관,신한은행
61750,에스타이거에이치엘,KRZFA58414G2,에스타이거에이치엘 20260204-89-4,N,20260204,20260504,대출채권,KRW,,5000000000,5000000000,53,,A1,A1,,호텔롯데,외부 신용보강,금융기관,신한은행
61750,에스타이거에이치엘,KRZFA58415G2,에스타이거에이치엘 20260204-89-5,N,20260204,20260504,대출채권,KRW,,5000000000,5000000000,53,,A1,A1,,호텔롯데,외부 신용보강,금융기관,신한은행
61750,에스타이거에이치엘,KRZFA58416G2,에스타이거에이치엘 20260204-89-6,N,20260204,20260504,대출채권,KRW,,5000000000,5000000000,53,,A1,A1,,호텔롯데,외부 신용보강,금융기관,신한은행
61750,에스타이거에이치엘,KRZFA58417G2,에스타이거에이치엘 20260204-89-7,N,20260204,20260504,대출채권,KRW,,5000000000,5000000000,53,,A1,A1,,호텔롯데,외부 신용보강,금융기관,신한은행
61750,에스타이거에이치엘,KRZFA58418G2,에스타이거에이치엘 20260204-89-8,N,20260204,20260504,대출채권,KRW,,5000000000,5000000000,53,,A1,A1,,호텔롯데,외부 신용보강,금융기관,신한은행
61750,에스타이거에이치엘,KRZFA58419G2,에스타이거에이치엘 20260204-89-9,N,20260204,20260504,대출채권,KRW,,5000000000,5000000000,53,,A1,A1,,호텔롯데,외부 신용보강,금융기관,신한은행
73664,와이디피제오차,KRZFA6634FG2,와이디피제오차 20260204-113-15,,20260204,20260528,,KRW,,5000000000,5000000000,77,,A1,A1,,,,,
73664,와이디피제오차,KRZFA6634GG2,와이디피제오차 20260204-113-16,,20260204,20260528,,KRW,,5000000000,5000000000,77,,A1,A1,,,,,
73664,와이디피제오차,KRZFA6634KG2,와이디피제오차 20260204-113-19,,20260204,20260528,,KRW,,5000000000,5000000000,77,,A1,A1,,,,,
73664,와이디피제오차,KRZFA6634MG2,와이디피제오차 20260204-113-21,,20260204,20260528,,KRW,,5000000000,5000000000,77,,A1,A1,,,,,
73664,와이디피제오차,KRZFA6634NG2,와이디피제오차 20260204-113-22,,20260204,20260528,,KRW,,5000000000,5000000000,77,,A1,A1,,,,,
73664,와이디피제오차,KRZFA6634PG2,와이디피제오차 20260204-113-23,,20260204,20260528,,KRW,,5000000000,5000000000,77,,A1,A1,,,,,
73664,와이디피제오차,KRZFA6634QG2,와이디피제오차 20260204-113-24,,20260204,20260528,,KRW,,5000000000,5000000000,77,,A1,A1,,,,,
73664,와이디피제오차,KRZFA6634RG2,와이디피제오차 20260204-113-25,,20260204,20260528,,KRW,,5000000000,5000000000,77,,A1,A1,,,,,
73664,와이디피제오차,KRZFA6634SG2,와이디피제오차 20260204-113-26,,20260204,20260528,,KRW,,5000000000,5000000000,77,,A1,A1,,,,,
73664,와이디피제오차,KRZFA6634TG2,와이디피제오차 20260204-113-27,,20260204,20260528,,KRW,,5000000000,5000000000,77,,A1,A1,,,,,
73664,와이디피제오차,KRZFA6634VG2,와이디피제오차 20260204-113-28,,20260204,20260528,,KRW,,5000000000,5000000000,77,,A1,A1,,,,,
73664,와이디피제오차,KRZFA6634WG2,와이디피제오차 20260204-113-29,,20260204,20260528,,KRW,,5000000000,5000000000,77,,A1,A1,,,,,
73664,와이디피제오차,KRZFA6634XG2,와이디피제오차 20260204-113-30,,20260204,20260528,,KRW,,5000000000,5000000000,77,,A1,A1,,,,,
73664,와이디피제오차,KRZFA6634YG2,와이디피제오차 20260204-113-31,,20260204,20260528,,KRW,,5000000000,5000000000,77,,A1,A1,,,,,
73664,와이디피제오차,KRZFA6634ZG2,와이디피제오차 20260204-113-32,,20260204,20260528,,KRW,,5000000000,5000000000,77,,A1,A1,,,,,
73664,와이디피제오차,KRZFA66340GE,와이디피제오차 20260204-113-33,,20260204,20260528,,KRW,,5000000000,5000000000,77,,A1,A1,,,,,
73664,와이디피제오차,KRZFA66341GE,와이디피제오차 20260204-113-34,,20260204,20260528,,KRW,,5000000000,5000000000,77,,A1,A1,,,,,
73664,와이디피제오차,KRZFA66342GE,와이디피제오차 20260204-113-35,,20260204,20260528,,KRW,,5000000000,5000000000,77,,A1,A1,,,,,
73664,와이디피제오차,KRZFA66343GE,와이디피제오차 20260204-113-36,,20260204,20260528,,KRW,,5000000000,5000000000,77,,A1,A1,,,,,
73664,와이디피제오차,KRZFA66344GE,와이디피제오차 20260204-113-37,,20260204,20260528,,KRW,,5000000000,5000000000,77,,A1,A1,,,,,
73664,와이디피제오차,KRZFA66345GE,와이디피제오차 20260204-113-38,,20260204,20260528,,KRW,,5000000000,5000000000,77,,A1,A1,,,,,
73664,와이디피제오차,KRZFA66346GE,와이디피제오차 20260204-113-39,,20260204,20260528,,KRW,,5000000000,5000000000,77,,A1,A1,,,,,
73664,와이디피제오차,KRZFA66347GE,와이디피제오차 20260204-113-40,,20260204,20260528,,KRW,,5000000000,5000000000,77,,A1,A1,,,,,
73664,와이디피제오차,KRZFA66348GE,와이디피제오차 20260204-113-41,,20260204,20260528,,KRW,,5000000000,5000000000,77,,A1,A1,,,,,
73664,와이디피제오차,KRZFA66349GE,와이디피제오차 20260204-113-42,,20260204,20260528,,KRW,,5000000000,5000000000,77,,A1,A1,,,,,
73664,와이디피제오차,KRZFA6634AGE,와이디피제오차 20260204-113-43,,20260204,20260528,,KRW,,5000000000,5000000000,77,,A1,A1,,,,,
73664,와이디피제오차,KRZFA6634BGE,와이디피제오차 20260204-113-44,,20260204,20260528,,KRW,,5000000000,5000000000,77,,A1,A1,,,,,
73664,와이디피제오차,KRZFA6634CGE,와이디피제오차 20260204-113-45,,20260204,20260528,,KRW,,5000000000,5000000000,77,,A1,A1,,,,,
73664,와이디피제오차,KRZFA6634DGE,와이디피제오차 20260204-113-46,,20260204,20260528,,KRW,,5000000000,5000000000,77,,A1,A1,,,,,
73664,와이디피제오차,KRZFA6634EGE,와이디피제오차 20260204-113-47,,20260204,20260528,,KRW,,5000000000,5000000000,77,,A1,A1,,,,,
73664,와이디피제오차,KRZFA6634FGE,와이디피제오차 20260204-113-48,,20260204,20260528,,KRW,,5000000000,5000000000,77,,A1,A1,,,,,
73664,와이디피제오차,KRZFA6634GGE,와이디피제오차 20260204-113-49,,20260204,20260528,,KRW,,5000000000,5000000000,77,,A1,A1,,,,,
73664,와이디피제오차,KRZFA6634BG2,와이디피제오차 20260204-275-11,,20260204,20261106,,KRW,,306000000,306000000,239,,A1,A1,,,,,
73664,와이디피제오차,KRZFA66341G2,와이디피제오차 20260204-84-1,,20260204,20260429,,KRW,,5000000000,5000000000,48,,A1,A1,,,,,
73664,와이디피제오차,KRZFA6634AG2,와이디피제오차 20260204-84-10,,20260204,20260429,,KRW,,5000000000,5000000000,48,,A1,A1,,,,,
73664,와이디피제오차,KRZFA6634CG2,와이디피제오차 20260204-84-12,,20260204,20260429,,KRW,,5000000000,5000000000,48,,A1,A1,,,,,
73664,와이디피제오차,KRZFA6634DG2,와이디피제오차 20260204-84-13,,20260204,20260429,,KRW,,5000000000,5000000000,48,,A1,A1,,,,,
73664,와이디피제오차,KRZFA6634EG2,와이디피제오차 20260204-84-14,,20260204,20260429,,KRW,,5000000000,5000000000,48,,A1,A1,,,,,
73664,와이디피제오차,KRZFA6634HG2,와이디피제오차 20260204-84-17,,20260204,20260429,,KRW,,5000000000,5000000000,48,,A1,A1,,,,,
73664,와이디피제오차,KRZFA6634JG2,와이디피제오차 20260204-84-18,,20260204,20260429,,KRW,,5000000000,5000000000,48,,A1,A1,,,,,
73664,와이디피제오차,KRZFA66342G2,와이디피제오차 20260204-84-2,,20260204,20260429,,KRW,,5000000000,5000000000,48,,A1,A1,,,,,
73664,와이디피제오차,KRZFA6634LG2,와이디피제오차 20260204-84-20,,20260204,20260429,,KRW,,5000000000,5000000000,48,,A1,A1,,,,,
73664,와이디피제오차,KRZFA66343G2,와이디피제오차 20260204-84-3,,20260204,20260429,,KRW,,5000000000,5000000000,48,,A1,A1,,,,,
73664,와이디피제오차,KRZFA66344G2,와이디피제오차 20260204-84-4,,20260204,20260429,,KRW,,5000000000,5000000000,48,,A1,A1,,,,,
73664,와이디피제오차,KRZFA66345G2,와이디피제오차 20260204-84-5,,20260204,20260429,,KRW,,5000000000,5000000000,48,,A1,A1,,,,,
73664,와이디피제오차,KRZFA66346G2,와이디피제오차 20260204-84-6,,20260204,20260429,,KRW,,5000000000,5000000000,48,,A1,A1,,,,,
73664,와이디피제오차,KRZFA66347G2,와이디피제오차 20260204-84-7,,20260204,20260429,,KRW,,5000000000,5000000000,48,,A1,A1,,,,,
73664,와이디피제오차,KRZFA66348G2,와이디피제오차 20260204-84-8,,20260204,20260429,,KRW,,5000000000,5000000000,48,,A1,A1,,,,,
73664,와이디피제오차,KRZFA66349G2,와이디피제오차 20260204-84-9,,20260204,20260429,,KRW,,5000000000,5000000000,48,,A1,A1,,,,,
73670,우리챔피온제이차,KRZFA14501G2,우리챔피온제이차 20260204-120-1,N,20260204,20260604,정기예금,KRW,,5000000000,5000000000,84,A1,,A1,,우리은행,자체 신용보강,자체 신용보강,우리은행
73670,우리챔피온제이차,KRZFA1450AG2,우리챔피온제이차 20260204-120-10,N,20260204,20260604,정기예금,KRW,,5000000000,5000000000,84,A1,,A1,,우리은행,자체 신용보강,자체 신용보강,우리은행
73670,우리챔피온제이차,KRZFA1450BG2,우리챔피온제이차 20260204-120-11,N,20260204,20260604,정기예금,KRW,,5000000000,5000000000,84,A1,,A1,,우리은행,자체 신용보강,자체 신용보강,우리은행
73670,우리챔피온제이차,KRZFA1450CG2,우리챔피온제이차 20260204-120-12,N,20260204,20260604,정기예금,KRW,,5000000000,5000000000,84,A1,,A1,,우리은행,자체 신용보강,자체 신용보강,우리은행
73670,우리챔피온제이차,KRZFA1450DG2,우리챔피온제이차 20260204-120-13,N,20260204,20260604,정기예금,KRW,,5000000000,5000000000,84,A1,,A1,,우리은행,자체 신용보강,자체 신용보강,우리은행
73670,우리챔피온제이차,KRZFA1450EG2,우리챔피온제이차 20260204-120-14,N,20260204,20260604,정기예금,KRW,,5000000000,5000000000,84,A1,,A1,,우리은행,자체 신용보강,자체 신용보강,우리은행
73670,우리챔피온제이차,KRZFA1450FG2,우리챔피온제이차 20260204-120-15,N,20260204,20260604,정기예금,KRW,,5000000000,5000000000,84,A1,,A1,,우리은행,자체 신용보강,자체 신용보강,우리은행
73670,우리챔피온제이차,KRZFA1450GG2,우리챔피온제이차 20260204-120-16,N,20260204,20260604,정기예금,KRW,,5000000000,5000000000,84,A1,,A1,,우리은행,자체 신용보강,자체 신용보강,우리은행
73670,우리챔피온제이차,KRZFA1450HG2,우리챔피온제이차 20260204-120-17,N,20260204,20260604,정기예금,KRW,,5000000000,5000000000,84,A1,,A1,,우리은행,자체 신용보강,자체 신용보강,우리은행
73670,우리챔피온제이차,KRZFA1450JG2,우리챔피온제이차 20260204-120-18,N,20260204,20260604,정기예금,KRW,,5000000000,5000000000,84,A1,,A1,,우리은행,자체 신용보강,자체 신용보강,우리은행
73670,우리챔피온제이차,KRZFA1450KG2,우리챔피온제이차 20260204-120-19,N,20260204,20260604,정기예금,KRW,,5000000000,5000000000,84,A1,,A1,,우리은행,자체 신용보강,자체 신용보강,우리은행
73670,우리챔피온제이차,KRZFA14502G2,우리챔피온제이차 20260204-120-2,N,20260204,20260604,정기예금,KRW,,5000000000,5000000000,84,A1,,A1,,우리은행,자체 신용보강,자체 신용보강,우리은행
73670,우리챔피온제이차,KRZFA1450LG2,우리챔피온제이차 20260204-120-20,N,20260204,20260604,정기예금,KRW,,5000000000,5000000000,84,A1,,A1,,우리은행,자체 신용보강,자체 신용보강,우리은행
73670,우리챔피온제이차,KRZFA1450MG2,우리챔피온제이차 20260204-120-21,N,20260204,20260604,정기예금,KRW,,5000000000,5000000000,84,A1,,A1,,우리은행,자체 신용보강,자체 신용보강,우리은행
73670,우리챔피온제이차,KRZFA1450NG2,우리챔피온제이차 20260204-120-22,N,20260204,20260604,정기예금,KRW,,5000000000,5000000000,84,A1,,A1,,우리은행,자체 신용보강,자체 신용보강,우리은행
73670,우리챔피온제이차,KRZFA1450PG2,우리챔피온제이차 20260204-120-23,N,20260204,20260604,정기예금,KRW,,5000000000,5000000000,84,A1,,A1,,우리은행,자체 신용보강,자체 신용보강,우리은행
73670,우리챔피온제이차,KRZFA1450QG2,우리챔피온제이차 20260204-120-24,N,20260204,20260604,정기예금,KRW,,5000000000,5000000000,84,A1,,A1,,우리은행,자체 신용보강,자체 신용보강,우리은행
73670,우리챔피온제이차,KRZFA1450RG2,우리챔피온제이차 20260204-120-25,N,20260204,20260604,정기예금,KRW,,5000000000,5000000000,84,A1,,A1,,우리은행,자체 신용보강,자체 신용보강,우리은행
73670,우리챔피온제이차,KRZFA1450SG2,우리챔피온제이차 20260204-120-26,N,20260204,20260604,정기예금,KRW,,5000000000,5000000000,84,A1,,A1,,우리은행,자체 신용보강,자체 신용보강,우리은행
73670,우리챔피온제이차,KRZFA1450TG2,우리챔피온제이차 20260204-120-27,N,20260204,20260604,정기예금,KRW,,5000000000,5000000000,84,A1,,A1,,우리은행,자체 신용보강,자체 신용보강,우리은행
73670,우리챔피온제이차,KRZFA1450VG2,우리챔피온제이차 20260204-120-28,N,20260204,20260604,정기예금,KRW,,5000000000,5000000000,84,A1,,A1,,우리은행,자체 신용보강,자체 신용보강,우리은행
73670,우리챔피온제이차,KRZFA1450WG2,우리챔피온제이차 20260204-120-29,N,20260204,20260604,정기예금,KRW,,5000000000,5000000000,84,A1,,A1,,우리은행,자체 신용보강,자체 신용보강,우리은행
73670,우리챔피온제이차,KRZFA14503G2,우리챔피온제이차 20260204-120-3,N,20260204,20260604,정기예금,KRW,,5000000000,5000000000,84,A1,,A1,,우리은행,자체 신용보강,자체 신용보강,우리은행
73670,우리챔피온제이차,KRZFA1450XG2,우리챔피온제이차 20260204-120-30,N,20260204,20260604,정기예금,KRW,,5000000000,5000000000,84,A1,,A1,,우리은행,자체 신용보강,자체 신용보강,우리은행
73670,우리챔피온제이차,KRZFA1450YG2,우리챔피온제이차 20260204-120-31,N,20260204,20260604,정기예금,KRW,,5000000000,5000000000,84,A1,,A1,,우리은행,자체 신용보강,자체 신용보강,우리은행
73670,우리챔피온제이차,KRZFA1450ZG2,우리챔피온제이차 20260204-120-32,N,20260204,20260604,정기예금,KRW,,5000000000,5000000000,84,A1,,A1,,우리은행,자체 신용보강,자체 신용보강,우리은행
73670,우리챔피온제이차,KRZFA14500GE,우리챔피온제이차 20260204-120-33,N,20260204,20260604,정기예금,KRW,,5000000000,5000000000,84,A1,,A1,,우리은행,자체 신용보강,자체 신용보강,우리은행
73670,우리챔피온제이차,KRZFA14501GE,우리챔피온제이차 20260204-120-34,N,20260204,20260604,정기예금,KRW,,5000000000,5000000000,84,A1,,A1,,우리은행,자체 신용보강,자체 신용보강,우리은행
73670,우리챔피온제이차,KRZFA14502GE,우리챔피온제이차 20260204-120-35,N,20260204,20260604,정기예금,KRW,,5000000000,5000000000,84,A1,,A1,,우리은행,자체 신용보강,자체 신용보강,우리은행
73670,우리챔피온제이차,KRZFA14503GE,우리챔피온제이차 20260204-120-36,N,20260204,20260604,정기예금,KRW,,5000000000,5000000000,84,A1,,A1,,우리은행,자체 신용보강,자체 신용보강,우리은행
73670,우리챔피온제이차,KRZFA14504GE,우리챔피온제이차 20260204-120-37,N,20260204,20260604,정기예금,KRW,,5000000000,5000000000,84,A1,,A1,,우리은행,자체 신용보강,자체 신용보강,우리은행
73670,우리챔피온제이차,KRZFA14505GE,우리챔피온제이차 20260204-120-38,N,20260204,20260604,정기예금,KRW,,5000000000,5000000000,84,A1,,A1,,우리은행,자체 신용보강,자체 신용보강,우리은행
73670,우리챔피온제이차,KRZFA14506GE,우리챔피온제이차 20260204-120-39,N,20260204,20260604,정기예금,KRW,,5000000000,5000000000,84,A1,,A1,,우리은행,자체 신용보강,자체 신용보강,우리은행
73670,우리챔피온제이차,KRZFA14504G2,우리챔피온제이차 20260204-120-4,N,20260204,20260604,정기예금,KRW,,5000000000,5000000000,84,A1,,A1,,우리은행,자체 신용보강,자체 신용보강,우리은행
73670,우리챔피온제이차,KRZFA14507GE,우리챔피온제이차 20260204-120-40,N,20260204,20260604,정기예금,KRW,,5000000000,5000000000,84,A1,,A1,,우리은행,자체 신용보강,자체 신용보강,우리은행
73670,우리챔피온제이차,KRZFA14508GE,우리챔피온제이차 20260204-120-41,N,20260204,20260604,정기예금,KRW,,5000000000,5000000000,84,A1,,A1,,우리은행,자체 신용보강,자체 신용보강,우리은행
73670,우리챔피온제이차,KRZFA14509GE,우리챔피온제이차 20260204-120-42,N,20260204,20260604,정기예금,KRW,,5000000000,5000000000,84,A1,,A1,,우리은행,자체 신용보강,자체 신용보강,우리은행
73670,우리챔피온제이차,KRZFA1450AGE,우리챔피온제이차 20260204-120-43,N,20260204,20260604,정기예금,KRW,,5000000000,5000000000,84,A1,,A1,,우리은행,자체 신용보강,자체 신용보강,우리은행
73670,우리챔피온제이차,KRZFA1450BGE,우리챔피온제이차 20260204-120-44,N,20260204,20260604,정기예금,KRW,,5000000000,5000000000,84,A1,,A1,,우리은행,자체 신용보강,자체 신용보강,우리은행
73670,우리챔피온제이차,KRZFA1450CGE,우리챔피온제이차 20260204-120-45,N,20260204,20260604,정기예금,KRW,,5000000000,5000000000,84,A1,,A1,,우리은행,자체 신용보강,자체 신용보강,우리은행
73670,우리챔피온제이차,KRZFA1450DGE,우리챔피온제이차 20260204-120-46,N,20260204,20260604,정기예금,KRW,,5000000000,5000000000,84,A1,,A1,,우리은행,자체 신용보강,자체 신용보강,우리은행
73670,우리챔피온제이차,KRZFA1450EGE,우리챔피온제이차 20260204-120-47,N,20260204,20260604,정기예금,KRW,,5000000000,5000000000,84,A1,,A1,,우리은행,자체 신용보강,자체 신용보강,우리은행
73670,우리챔피온제이차,KRZFA1450FGE,우리챔피온제이차 20260204-120-48,N,20260204,20260604,정기예금,KRW,,5000000000,5000000000,84,A1,,A1,,우리은행,자체 신용보강,자체 신용보강,우리은행
73670,우리챔피온제이차,KRZFA14505G2,우리챔피온제이차 20260204-120-5,N,20260204,20260604,정기예금,KRW,,5000000000,5000000000,84,A1,,A1,,우리은행,자체 신용보강,자체 신용보강,우리은행
73670,우리챔피온제이차,KRZFA14506G2,우리챔피온제이차 20260204-120-6,N,20260204,20260604,정기예금,KRW,,5000000000,5000000000,84,A1,,A1,,우리은행,자체 신용보강,자체 신용보강,우리은행
73670,우리챔피온제이차,KRZFA14507G2,우리챔피온제이차 20260204-120-7,N,20260204,20260604,정기예금,KRW,,5000000000,5000000000,84,A1,,A1,,우리은행,자체 신용보강,자체 신용보강,우리은행
73670,우리챔피온제이차,KRZFA14508G2,우리챔피온제이차 20260204-120-8,N,20260204,20260604,정기예금,KRW,,5000000000,5000000000,84,A1,,A1,,우리은행,자체 신용보강,자체 신용보강,우리은행
73670,우리챔피온제이차,KRZFA14509G2,우리챔피온제이차 20260204-120-9,N,20260204,20260604,정기예금,KRW,,5000000000,5000000000,84,A1,,A1,,우리은행,자체 신용보강,자체 신용보강,우리은행
73670,우리챔피온제이차,KRZFA1450GGE,우리챔피온제이차 20260204-302-49,N,20260204,20261203,정기예금,KRW,,360000000,360000000,266,A1,,A1,,우리은행,자체 신용보강,자체 신용보강,우리은행
73669,우리행복제6차,KRZFA9481AG2,우리행복제6차 20260204-111-10,N,20260204,20260526,정기예금,KRW,,5000000000,5000000000,75,,A1,,,우리은행,자체 신용보강,자체 신용보강,우리은행
73669,우리행복제6차,KRZFA9481BG2,우리행복제6차 20260204-111-11,N,20260204,20260526,정기예금,KRW,,5000000000,5000000000,75,,A1,,,우리은행,자체 신용보강,자체 신용보강,우리은행
73669,우리행복제6차,KRZFA9481CG2,우리행복제6차 20260204-111-12,N,20260204,20260526,정기예금,KRW,,5000000000,5000000000,75,,A1,,,우리은행,자체 신용보강,자체 신용보강,우리은행
73669,우리행복제6차,KRZFA9481DG2,우리행복제6차 20260204-111-13,N,20260204,20260526,정기예금,KRW,,5000000000,5000000000,75,,A1,,,우리은행,자체 신용보강,자체 신용보강,우리은행
73669,우리행복제6차,KRZFA9481EG2,우리행복제6차 20260204-111-14,N,20260204,20260526,정기예금,KRW,,5000000000,5000000000,75,,A1,,,우리은행,자체 신용보강,자체 신용보강,우리은행
73669,우리행복제6차,KRZFA9481FG2,우리행복제6차 20260204-111-15,N,20260204,20260526,정기예금,KRW,,5000000000,5000000000,75,,A1,,,우리은행,자체 신용보강,자체 신용보강,우리은행
73669,우리행복제6차,KRZFA9481GG2,우리행복제6차 20260204-111-16,N,20260204,20260526,정기예금,KRW,,5000000000,5000000000,75,,A1,,,우리은행,자체 신용보강,자체 신용보강,우리은행
73669,우리행복제6차,KRZFA9481HG2,우리행복제6차 20260204-111-17,N,20260204,20260526,정기예금,KRW,,5000000000,5000000000,75,,A1,,,우리은행,자체 신용보강,자체 신용보강,우리은행
73669,우리행복제6차,KRZFA9481JG2,우리행복제6차 20260204-111-18,N,20260204,20260526,정기예금,KRW,,5000000000,5000000000,75,,A1,,,우리은행,자체 신용보강,자체 신용보강,우리은행
73669,우리행복제6차,KRZFA94812G2,우리행복제6차 20260204-111-2,N,20260204,20260526,정기예금,KRW,,5000000000,5000000000,75,,A1,,,우리은행,자체 신용보강,자체 신용보강,우리은행
73669,우리행복제6차,KRZFA94813G2,우리행복제6차 20260204-111-3,N,20260204,20260526,정기예금,KRW,,5000000000,5000000000,75,,A1,,,우리은행,자체 신용보강,자체 신용보강,우리은행
73669,우리행복제6차,KRZFA94814G2,우리행복제6차 20260204-111-4,N,20260204,20260526,정기예금,KRW,,5000000000,5000000000,75,,A1,,,우리은행,자체 신용보강,자체 신용보강,우리은행
73669,우리행복제6차,KRZFA94815G2,우리행복제6차 20260204-111-5,N,20260204,20260526,정기예금,KRW,,5000000000,5000000000,75,,A1,,,우리은행,자체 신용보강,자체 신용보강,우리은행
73669,우리행복제6차,KRZFA94816G2,우리행복제6차 20260204-111-6,N,20260204,20260526,정기예금,KRW,,5000000000,5000000000,75,,A1,,,우리은행,자체 신용보강,자체 신용보강,우리은행
73669,우리행복제6차,KRZFA94817G2,우리행복제6차 20260204-111-7,N,20260204,20260526,정기예금,KRW,,5000000000,5000000000,75,,A1,,,우리은행,자체 신용보강,자체 신용보강,우리은행
73669,우리행복제6차,KRZFA94818G2,우리행복제6차 20260204-111-8,N,20260204,20260526,정기예금,KRW,,5000000000,5000000000,75,,A1,,,우리은행,자체 신용보강,자체 신용보강,우리은행
73669,우리행복제6차,KRZFA94819G2,우리행복제6차 20260204-111-9,N,20260204,20260526,정기예금,KRW,,5000000000,5000000000,75,,A1,,,우리은행,자체 신용보강,자체 신용보강,우리은행
73669,우리행복제6차,KRZFA9481KG2,우리행복제6차 20260204-190-19,N,20260204,20260813,정기예금,KRW,,5000000000,5000000000,154,,A1,,,우리은행,자체 신용보강,자체 신용보강,우리은행
73669,우리행복제6차,KRZFA9481LG2,우리행복제6차 20260204-190-20,N,20260204,20260813,정기예금,KRW,,5000000000,5000000000,154,,A1,,,우리은행,자체 신용보강,자체 신용보강,우리은행
73669,우리행복제6차,KRZFA9481MG2,우리행복제6차 20260204-190-21,N,20260204,20260813,정기예금,KRW,,5000000000,5000000000,154,,A1,,,우리은행,자체 신용보강,자체 신용보강,우리은행
73669,우리행복제6차,KRZFA9481NG2,우리행복제6차 20260204-190-22,N,20260204,20260813,정기예금,KRW,,5000000000,5000000000,154,,A1,,,우리은행,자체 신용보강,자체 신용보강,우리은행
73669,우리행복제6차,KRZFA9481PG2,우리행복제6차 20260204-190-23,N,20260204,20260813,정기예금,KRW,,5000000000,5000000000,154,,A1,,,우리은행,자체 신용보강,자체 신용보강,우리은행
73669,우리행복제6차,KRZFA9481QG2,우리행복제6차 20260204-190-24,N,20260204,20260813,정기예금,KRW,,5000000000,5000000000,154,,A1,,,우리은행,자체 신용보강,자체 신용보강,우리은행
73669,우리행복제6차,KRZFA9481RG2,우리행복제6차 20260204-190-25,N,20260204,20260813,정기예금,KRW,,5000000000,5000000000,154,,A1,,,우리은행,자체 신용보강,자체 신용보강,우리은행
73669,우리행복제6차,KRZFA9481SG2,우리행복제6차 20260204-190-26,N,20260204,20260813,정기예금,KRW,,5000000000,5000000000,154,,A1,,,우리은행,자체 신용보강,자체 신용보강,우리은행
73669,우리행복제6차,KRZFA9481TG2,우리행복제6차 20260204-190-27,N,20260204,20260813,정기예금,KRW,,5000000000,5000000000,154,,A1,,,우리은행,자체 신용보강,자체 신용보강,우리은행
73669,우리행복제6차,KRZFA9481VG2,우리행복제6차 20260204-190-28,N,20260204,20260813,정기예금,KRW,,5000000000,5000000000,154,,A1,,,우리은행,자체 신용보강,자체 신용보강,우리은행
73669,우리행복제6차,KRZFA9481WG2,우리행복제6차 20260204-190-29,N,20260204,20260813,정기예금,KRW,,5000000000,5000000000,154,,A1,,,우리은행,자체 신용보강,자체 신용보강,우리은행
73669,우리행복제6차,KRZFA94811G2,우리행복제6차 20260204-279-1,N,20260204,20261110,정기예금,KRW,,116000000,116000000,243,,A1,,,우리은행,자체 신용보강,자체 신용보강,우리은행
73669,우리행복제6차,KRZFA9481XG2,우리행복제6차 20260204-288-30,N,20260204,20261119,정기예금,KRW,,5000000000,5000000000,252,,A1,,,우리은행,자체 신용보강,자체 신용보강,우리은행
73669,우리행복제6차,KRZFA9481YG2,우리행복제6차 20260204-288-31,N,20260204,20261119,정기예금,KRW,,5000000000,5000000000,252,,A1,,,우리은행,자체 신용보강,자체 신용보강,우리은행
73669,우리행복제6차,KRZFA9481ZG2,우리행복제6차 20260204-288-32,N,20260204,20261119,정기예금,KRW,,5000000000,5000000000,252,,A1,,,우리은행,자체 신용보강,자체 신용보강,우리은행
73669,우리행복제6차,KRZFA94810GE,우리행복제6차 20260204-288-33,N,20260204,20261119,정기예금,KRW,,5000000000,5000000000,252,,A1,,,우리은행,자체 신용보강,자체 신용보강,우리은행
73669,우리행복제6차,KRZFA94811GE,우리행복제6차 20260204-288-34,N,20260204,20261119,정기예금,KRW,,5000000000,5000000000,252,,A1,,,우리은행,자체 신용보강,자체 신용보강,우리은행
73669,우리행복제6차,KRZFA94812GE,우리행복제6차 20260204-288-35,N,20260204,20261119,정기예금,KRW,,5000000000,5000000000,252,,A1,,,우리은행,자체 신용보강,자체 신용보강,우리은행
73669,우리행복제6차,KRZFA94813GE,우리행복제6차 20260204-288-36,N,20260204,20261119,정기예금,KRW,,5000000000,5000000000,252,,A1,,,우리은행,자체 신용보강,자체 신용보강,우리은행
73669,우리행복제6차,KRZFA94814GE,우리행복제6차 20260204-288-37,N,20260204,20261119,정기예금,KRW,,5000000000,5000000000,252,,A1,,,우리은행,자체 신용보강,자체 신용보강,우리은행
73669,우리행복제6차,KRZFA94815GE,우리행복제6차 20260204-288-38,N,20260204,20261119,정기예금,KRW,,5000000000,5000000000,252,,A1,,,우리은행,자체 신용보강,자체 신용보강,우리은행
73669,우리행복제6차,KRZFA94816GE,우리행복제6차 20260204-288-39,N,20260204,20261119,정기예금,KRW,,5000000000,5000000000,252,,A1,,,우리은행,자체 신용보강,자체 신용보강,우리은행
73669,우리행복제6차,KRZFA94817GE,우리행복제6차 20260204-288-40,N,20260204,20261119,정기예금,KRW,,5000000000,5000000000,252,,A1,,,우리은행,자체 신용보강,자체 신용보강,우리은행
73669,우리행복제6차,KRZFA94818GE,우리행복제6차 20260204-288-41,N,20260204,20261119,정기예금,KRW,,5000000000,5000000000,252,,A1,,,우리은행,자체 신용보강,자체 신용보강,우리은행
73669,우리행복제6차,KRZFA94819GE,우리행복제6차 20260204-288-42,N,20260204,20261119,정기예금,KRW,,5000000000,5000000000,252,,A1,,,우리은행,자체 신용보강,자체 신용보강,우리은행
73669,우리행복제6차,KRZFA9481AGE,우리행복제6차 20260204-288-43,N,20260204,20261119,정기예금,KRW,,5000000000,5000000000,252,,A1,,,우리은행,자체 신용보강,자체 신용보강,우리은행
73669,우리행복제6차,KRZFA9481BGE,우리행복제6차 20260204-288-44,N,20260204,20261119,정기예금,KRW,,5000000000,5000000000,252,,A1,,,우리은행,자체 신용보강,자체 신용보강,우리은행
73669,우리행복제6차,KRZFA9481CGE,우리행복제6차 20260204-288-45,N,20260204,20261119,정기예금,KRW,,5000000000,5000000000,252,,A1,,,우리은행,자체 신용보강,자체 신용보강,우리은행
73669,우리행복제6차,KRZFA9481DGE,우리행복제6차 20260204-288-46,N,20260204,20261119,정기예금,KRW,,5000000000,5000000000,252,,A1,,,우리은행,자체 신용보강,자체 신용보강,우리은행
73669,우리행복제6차,KRZFA9481EGE,우리행복제6차 20260204-288-47,N,20260204,20261119,정기예금,KRW,,5000000000,5000000000,252,,A1,,,우리은행,자체 신용보강,자체 신용보강,우리은행
73669,우리행복제6차,KRZFA9481FGE,우리행복제6차 20260204-288-48,N,20260204,20261119,정기예금,KRW,,5000000000,5000000000,252,,A1,,,우리은행,자체 신용보강,자체 신용보강,우리은행
73669,우리행복제6차,KRZFA9481GGE,우리행복제6차 20260204-288-49,N,20260204,20261119,정기예금,KRW,,5000000000,5000000000,252,,A1,,,우리은행,자체 신용보강,자체 신용보강,우리은행
73644,파라다이스실버,KRZF0138Z1G2,파라다이스실버 20260204-181-1,Y,20260204,20260804,PF대출채권,KRW,,30000000,30000000,145,A1,A1,,,(주)경복,외부 신용보강,일반기업,현대건설
73654,우리베스트제3차,KRZF0120R1G2,우리베스트제3차 20260203-113-1,N,20260203,20260527,정기예금,KRW,,5000000000,5000000000,76,A1,,A1,,우리은행,자체 신용보강,자체 신용보강,우리은행
73654,우리베스트제3차,KRZF0120RAG2,우리베스트제3차 20260203-113-10,N,20260203,20260527,정기예금,KRW,,5000000000,5000000000,76,A1,,A1,,우리은행,자체 신용보강,자체 신용보강,우리은행
73654,우리베스트제3차,KRZF0120RBG2,우리베스트제3차 20260203-113-11,N,20260203,20260527,정기예금,KRW,,5000000000,5000000000,76,A1,,A1,,우리은행,자체 신용보강,자체 신용보강,우리은행
73654,우리베스트제3차,KRZF0120RCG2,우리베스트제3차 20260203-113-12,N,20260203,20260527,정기예금,KRW,,5000000000,5000000000,76,A1,,A1,,우리은행,자체 신용보강,자체 신용보강,우리은행
73654,우리베스트제3차,KRZF0120RDG2,우리베스트제3차 20260203-113-13,N,20260203,20260527,정기예금,KRW,,5000000000,5000000000,76,A1,,A1,,우리은행,자체 신용보강,자체 신용보강,우리은행
73654,우리베스트제3차,KRZF0120REG2,우리베스트제3차 20260203-113-14,N,20260203,20260527,정기예금,KRW,,5000000000,5000000000,76,A1,,A1,,우리은행,자체 신용보강,자체 신용보강,우리은행
73654,우리베스트제3차,KRZF0120RFG2,우리베스트제3차 20260203-113-15,N,20260203,20260527,정기예금,KRW,,5000000000,5000000000,76,A1,,A1,,우리은행,자체 신용보강,자체 신용보강,우리은행
73654,우리베스트제3차,KRZF0120RGG2,우리베스트제3차 20260203-113-16,N,20260203,20260527,정기예금,KRW,,5000000000,5000000000,76,A1,,A1,,우리은행,자체 신용보강,자체 신용보강,우리은행
73654,우리베스트제3차,KRZF0120RHG2,우리베스트제3차 20260203-113-17,N,20260203,20260527,정기예금,KRW,,5000000000,5000000000,76,A1,,A1,,우리은행,자체 신용보강,자체 신용보강,우리은행
73654,우리베스트제3차,KRZF0120RJG2,우리베스트제3차 20260203-113-18,N,20260203,20260527,정기예금,KRW,,5000000000,5000000000,76,A1,,A1,,우리은행,자체 신용보강,자체 신용보강,우리은행
73654,우리베스트제3차,KRZF0120RKG2,우리베스트제3차 20260203-113-19,N,20260203,20260527,정기예금,KRW,,5000000000,5000000000,76,A1,,A1,,우리은행,자체 신용보강,자체 신용보강,우리은행
73654,우리베스트제3차,KRZF0120R2G2,우리베스트제3차 20260203-113-2,N,20260203,20260527,정기예금,KRW,,5000000000,5000000000,76,A1,,A1,,우리은행,자체 신용보강,자체 신용보강,우리은행
73654,우리베스트제3차,KRZF0120RLG2,우리베스트제3차 20260203-113-20,N,20260203,20260527,정기예금,KRW,,5000000000,5000000000,76,A1,,A1,,우리은행,자체 신용보강,자체 신용보강,우리은행
73654,우리베스트제3차,KRZF0120RMG2,우리베스트제3차 20260203-113-21,N,20260203,20260527,정기예금,KRW,,5000000000,5000000000,76,A1,,A1,,우리은행,자체 신용보강,자체 신용보강,우리은행
73654,우리베스트제3차,KRZF0120RNG2,우리베스트제3차 20260203-113-22,N,20260203,20260527,정기예금,KRW,,5000000000,5000000000,76,A1,,A1,,우리은행,자체 신용보강,자체 신용보강,우리은행
73654,우리베스트제3차,KRZF0120RPG2,우리베스트제3차 20260203-113-23,N,20260203,20260527,정기예금,KRW,,5000000000,5000000000,76,A1,,A1,,우리은행,자체 신용보강,자체 신용보강,우리은행
73654,우리베스트제3차,KRZF0120RQG2,우리베스트제3차 20260203-113-24,N,20260203,20260527,정기예금,KRW,,5000000000,5000000000,76,A1,,A1,,우리은행,자체 신용보강,자체 신용보강,우리은행
73654,우리베스트제3차,KRZF0120RRG2,우리베스트제3차 20260203-113-25,N,20260203,20260527,정기예금,KRW,,5000000000,5000000000,76,A1,,A1,,우리은행,자체 신용보강,자체 신용보강,우리은행
73654,우리베스트제3차,KRZF0120RSG2,우리베스트제3차 20260203-113-26,N,20260203,20260527,정기예금,KRW,,5000000000,5000000000,76,A1,,A1,,우리은행,자체 신용보강,자체 신용보강,우리은행
73654,우리베스트제3차,KRZF0120RTG2,우리베스트제3차 20260203-113-27,N,20260203,20260527,정기예금,KRW,,5000000000,5000000000,76,A1,,A1,,우리은행,자체 신용보강,자체 신용보강,우리은행
73654,우리베스트제3차,KRZF0120RVG2,우리베스트제3차 20260203-113-28,N,20260203,20260527,정기예금,KRW,,5000000000,5000000000,76,A1,,A1,,우리은행,자체 신용보강,자체 신용보강,우리은행
73654,우리베스트제3차,KRZF0120RWG2,우리베스트제3차 20260203-113-29,N,20260203,20260527,정기예금,KRW,,5000000000,5000000000,76,A1,,A1,,우리은행,자체 신용보강,자체 신용보강,우리은행
73654,우리베스트제3차,KRZF0120R3G2,우리베스트제3차 20260203-113-3,N,20260203,20260527,정기예금,KRW,,5000000000,5000000000,76,A1,,A1,,우리은행,자체 신용보강,자체 신용보강,우리은행
73654,우리베스트제3차,KRZF0120RXG2,우리베스트제3차 20260203-113-30,N,20260203,20260527,정기예금,KRW,,5000000000,5000000000,76,A1,,A1,,우리은행,자체 신용보강,자체 신용보강,우리은행
73654,우리베스트제3차,KRZF0120RYG2,우리베스트제3차 20260203-113-31,N,20260203,20260527,정기예금,KRW,,5000000000,5000000000,76,A1,,A1,,우리은행,자체 신용보강,자체 신용보강,우리은행
73654,우리베스트제3차,KRZF0120RZG2,우리베스트제3차 20260203-113-32,N,20260203,20260527,정기예금,KRW,,5000000000,5000000000,76,A1,,A1,,우리은행,자체 신용보강,자체 신용보강,우리은행
73654,우리베스트제3차,KRZF0120R0GE,우리베스트제3차 20260203-113-33,N,20260203,20260527,정기예금,KRW,,5000000000,5000000000,76,A1,,A1,,우리은행,자체 신용보강,자체 신용보강,우리은행
73654,우리베스트제3차,KRZF0120R1GE,우리베스트제3차 20260203-113-34,N,20260203,20260527,정기예금,KRW,,5000000000,5000000000,76,A1,,A1,,우리은행,자체 신용보강,자체 신용보강,우리은행
73654,우리베스트제3차,KRZF0120R2GE,우리베스트제3차 20260203-113-35,N,20260203,20260527,정기예금,KRW,,5000000000,5000000000,76,A1,,A1,,우리은행,자체 신용보강,자체 신용보강,우리은행
73654,우리베스트제3차,KRZF0120R3GE,우리베스트제3차 20260203-113-36,N,20260203,20260527,정기예금,KRW,,5000000000,5000000000,76,A1,,A1,,우리은행,자체 신용보강,자체 신용보강,우리은행
73654,우리베스트제3차,KRZF0120R4GE,우리베스트제3차 20260203-113-37,N,20260203,20260527,정기예금,KRW,,5000000000,5000000000,76,A1,,A1,,우리은행,자체 신용보강,자체 신용보강,우리은행
73654,우리베스트제3차,KRZF0120R5GE,우리베스트제3차 20260203-113-38,N,20260203,20260527,정기예금,KRW,,5000000000,5000000000,76,A1,,A1,,우리은행,자체 신용보강,자체 신용보강,우리은행
73654,우리베스트제3차,KRZF0120R6GE,우리베스트제3차 20260203-113-39,N,20260203,20260527,정기예금,KRW,,5000000000,5000000000,76,A1,,A1,,우리은행,자체 신용보강,자체 신용보강,우리은행
73654,우리베스트제3차,KRZF0120R4G2,우리베스트제3차 20260203-113-4,N,20260203,20260527,정기예금,KRW,,5000000000,5000000000,76,A1,,A1,,우리은행,자체 신용보강,자체 신용보강,우리은행
73654,우리베스트제3차,KRZF0120R7GE,우리베스트제3차 20260203-113-40,N,20260203,20260527,정기예금,KRW,,5000000000,5000000000,76,A1,,A1,,우리은행,자체 신용보강,자체 신용보강,우리은행
73654,우리베스트제3차,KRZF0120R8GE,우리베스트제3차 20260203-113-41,N,20260203,20260527,정기예금,KRW,,5000000000,5000000000,76,A1,,A1,,우리은행,자체 신용보강,자체 신용보강,우리은행
73654,우리베스트제3차,KRZF0120R9GE,우리베스트제3차 20260203-113-42,N,20260203,20260527,정기예금,KRW,,5000000000,5000000000,76,A1,,A1,,우리은행,자체 신용보강,자체 신용보강,우리은행
73654,우리베스트제3차,KRZF0120RAGE,우리베스트제3차 20260203-113-43,N,20260203,20260527,정기예금,KRW,,5000000000,5000000000,76,A1,,A1,,우리은행,자체 신용보강,자체 신용보강,우리은행
73654,우리베스트제3차,KRZF0120RBGE,우리베스트제3차 20260203-113-44,N,20260203,20260527,정기예금,KRW,,5000000000,5000000000,76,A1,,A1,,우리은행,자체 신용보강,자체 신용보강,우리은행
73654,우리베스트제3차,KRZF0120RCGE,우리베스트제3차 20260203-113-45,N,20260203,20260527,정기예금,KRW,,5000000000,5000000000,76,A1,,A1,,우리은행,자체 신용보강,자체 신용보강,우리은행
73654,우리베스트제3차,KRZF0120RDGE,우리베스트제3차 20260203-113-46,N,20260203,20260527,정기예금,KRW,,5000000000,5000000000,76,A1,,A1,,우리은행,자체 신용보강,자체 신용보강,우리은행
73654,우리베스트제3차,KRZF0120REGE,우리베스트제3차 20260203-113-47,N,20260203,20260527,정기예금,KRW,,5000000000,5000000000,76,A1,,A1,,우리은행,자체 신용보강,자체 신용보강,우리은행
73654,우리베스트제3차,KRZF0120RFGE,우리베스트제3차 20260203-113-48,N,20260203,20260527,정기예금,KRW,,5000000000,5000000000,76,A1,,A1,,우리은행,자체 신용보강,자체 신용보강,우리은행
73654,우리베스트제3차,KRZF0120R5G2,우리베스트제3차 20260203-113-5,N,20260203,20260527,정기예금,KRW,,5000000000,5000000000,76,A1,,A1,,우리은행,자체 신용보강,자체 신용보강,우리은행
73654,우리베스트제3차,KRZF0120R6G2,우리베스트제3차 20260203-113-6,N,20260203,20260527,정기예금,KRW,,5000000000,5000000000,76,A1,,A1,,우리은행,자체 신용보강,자체 신용보강,우리은행
73654,우리베스트제3차,KRZF0120R7G2,우리베스트제3차 20260203-113-7,N,20260203,20260527,정기예금,KRW,,5000000000,5000000000,76,A1,,A1,,우리은행,자체 신용보강,자체 신용보강,우리은행
73654,우리베스트제3차,KRZF0120R8G2,우리베스트제3차 20260203-113-8,N,20260203,20260527,정기예금,KRW,,5000000000,5000000000,76,A1,,A1,,우리은행,자체 신용보강,자체 신용보강,우리은행
73654,우리베스트제3차,KRZF0120R9G2,우리베스트제3차 20260203-113-9,N,20260203,20260527,정기예금,KRW,,5000000000,5000000000,76,A1,,A1,,우리은행,자체 신용보강,자체 신용보강,우리은행
73654,우리베스트제3차,KRZF0120RGGE,우리베스트제3차 20260203-280-49,N,20260203,20261110,정기예금,KRW,,334000000,334000000,243,A1,,A1,,우리은행,자체 신용보강,자체 신용보강,우리은행
73655,우리사랑제9차,KRZFA59801G2,우리사랑제9차 20260203-113-1,N,20260203,20260527,정기예금,KRW,,5000000000,5000000000,76,A1,A1,,,우리은행,자체 신용보강,자체 신용보강,우리은행
73655,우리사랑제9차,KRZFA5980AG2,우리사랑제9차 20260203-113-10,N,20260203,20260527,정기예금,KRW,,5000000000,5000000000,76,A1,A1,,,우리은행,자체 신용보강,자체 신용보강,우리은행
73655,우리사랑제9차,KRZFA5980BG2,우리사랑제9차 20260203-113-11,N,20260203,20260527,정기예금,KRW,,5000000000,5000000000,76,A1,A1,,,우리은행,자체 신용보강,자체 신용보강,우리은행
73655,우리사랑제9차,KRZFA5980CG2,우리사랑제9차 20260203-113-12,N,20260203,20260527,정기예금,KRW,,5000000000,5000000000,76,A1,A1,,,우리은행,자체 신용보강,자체 신용보강,우리은행
73655,우리사랑제9차,KRZFA5980DG2,우리사랑제9차 20260203-113-13,N,20260203,20260527,정기예금,KRW,,5000000000,5000000000,76,A1,A1,,,우리은행,자체 신용보강,자체 신용보강,우리은행
73655,우리사랑제9차,KRZFA5980EG2,우리사랑제9차 20260203-113-14,N,20260203,20260527,정기예금,KRW,,5000000000,5000000000,76,A1,A1,,,우리은행,자체 신용보강,자체 신용보강,우리은행
73655,우리사랑제9차,KRZFA5980FG2,우리사랑제9차 20260203-113-15,N,20260203,20260527,정기예금,KRW,,5000000000,5000000000,76,A1,A1,,,우리은행,자체 신용보강,자체 신용보강,우리은행
73655,우리사랑제9차,KRZFA5980GG2,우리사랑제9차 20260203-113-16,N,20260203,20260527,정기예금,KRW,,5000000000,5000000000,76,A1,A1,,,우리은행,자체 신용보강,자체 신용보강,우리은행
73655,우리사랑제9차,KRZFA5980HG2,우리사랑제9차 20260203-113-17,N,20260203,20260527,정기예금,KRW,,5000000000,5000000000,76,A1,A1,,,우리은행,자체 신용보강,자체 신용보강,우리은행
73655,우리사랑제9차,KRZFA5980JG2,우리사랑제9차 20260203-113-18,N,20260203,20260527,정기예금,KRW,,5000000000,5000000000,76,A1,A1,,,우리은행,자체 신용보강,자체 신용보강,우리은행
73655,우리사랑제9차,KRZFA5980KG2,우리사랑제9차 20260203-113-19,N,20260203,20260527,정기예금,KRW,,5000000000,5000000000,76,A1,A1,,,우리은행,자체 신용보강,자체 신용보강,우리은행
73655,우리사랑제9차,KRZFA59802G2,우리사랑제9차 20260203-113-2,N,20260203,20260527,정기예금,KRW,,5000000000,5000000000,76,A1,A1,,,우리은행,자체 신용보강,자체 신용보강,우리은행
73655,우리사랑제9차,KRZFA5980LG2,우리사랑제9차 20260203-113-20,N,20260203,20260527,정기예금,KRW,,5000000000,5000000000,76,A1,A1,,,우리은행,자체 신용보강,자체 신용보강,우리은행
73655,우리사랑제9차,KRZFA5980MG2,우리사랑제9차 20260203-113-21,N,20260203,20260527,정기예금,KRW,,5000000000,5000000000,76,A1,A1,,,우리은행,자체 신용보강,자체 신용보강,우리은행
73655,우리사랑제9차,KRZFA5980NG2,우리사랑제9차 20260203-113-22,N,20260203,20260527,정기예금,KRW,,5000000000,5000000000,76,A1,A1,,,우리은행,자체 신용보강,자체 신용보강,우리은행
73655,우리사랑제9차,KRZFA5980PG2,우리사랑제9차 20260203-113-23,N,20260203,20260527,정기예금,KRW,,5000000000,5000000000,76,A1,A1,,,우리은행,자체 신용보강,자체 신용보강,우리은행
73655,우리사랑제9차,KRZFA5980QG2,우리사랑제9차 20260203-113-24,N,20260203,20260527,정기예금,KRW,,5000000000,5000000000,76,A1,A1,,,우리은행,자체 신용보강,자체 신용보강,우리은행
73655,우리사랑제9차,KRZFA5980RG2,우리사랑제9차 20260203-113-25,N,20260203,20260527,정기예금,KRW,,5000000000,5000000000,76,A1,A1,,,우리은행,자체 신용보강,자체 신용보강,우리은행
73655,우리사랑제9차,KRZFA5980SG2,우리사랑제9차 20260203-113-26,N,20260203,20260527,정기예금,KRW,,5000000000,5000000000,76,A1,A1,,,우리은행,자체 신용보강,자체 신용보강,우리은행
73655,우리사랑제9차,KRZFA5980TG2,우리사랑제9차 20260203-113-27,N,20260203,20260527,정기예금,KRW,,5000000000,5000000000,76,A1,A1,,,우리은행,자체 신용보강,자체 신용보강,우리은행
73655,우리사랑제9차,KRZFA5980VG2,우리사랑제9차 20260203-113-28,N,20260203,20260527,정기예금,KRW,,5000000000,5000000000,76,A1,A1,,,우리은행,자체 신용보강,자체 신용보강,우리은행
73655,우리사랑제9차,KRZFA5980WG2,우리사랑제9차 20260203-113-29,N,20260203,20260527,정기예금,KRW,,5000000000,5000000000,76,A1,A1,,,우리은행,자체 신용보강,자체 신용보강,우리은행
73655,우리사랑제9차,KRZFA59803G2,우리사랑제9차 20260203-113-3,N,20260203,20260527,정기예금,KRW,,5000000000,5000000000,76,A1,A1,,,우리은행,자체 신용보강,자체 신용보강,우리은행
73655,우리사랑제9차,KRZFA5980XG2,우리사랑제9차 20260203-113-30,N,20260203,20260527,정기예금,KRW,,5000000000,5000000000,76,A1,A1,,,우리은행,자체 신용보강,자체 신용보강,우리은행
73655,우리사랑제9차,KRZFA5980YG2,우리사랑제9차 20260203-113-31,N,20260203,20260527,정기예금,KRW,,5000000000,5000000000,76,A1,A1,,,우리은행,자체 신용보강,자체 신용보강,우리은행
73655,우리사랑제9차,KRZFA5980ZG2,우리사랑제9차 20260203-113-32,N,20260203,20260527,정기예금,KRW,,5000000000,5000000000,76,A1,A1,,,우리은행,자체 신용보강,자체 신용보강,우리은행
73655,우리사랑제9차,KRZFA59800GE,우리사랑제9차 20260203-113-33,N,20260203,20260527,정기예금,KRW,,5000000000,5000000000,76,A1,A1,,,우리은행,자체 신용보강,자체 신용보강,우리은행
73655,우리사랑제9차,KRZFA59801GE,우리사랑제9차 20260203-113-34,N,20260203,20260527,정기예금,KRW,,5000000000,5000000000,76,A1,A1,,,우리은행,자체 신용보강,자체 신용보강,우리은행
73655,우리사랑제9차,KRZFA59802GE,우리사랑제9차 20260203-113-35,N,20260203,20260527,정기예금,KRW,,5000000000,5000000000,76,A1,A1,,,우리은행,자체 신용보강,자체 신용보강,우리은행
73655,우리사랑제9차,KRZFA59803GE,우리사랑제9차 20260203-113-36,N,20260203,20260527,정기예금,KRW,,5000000000,5000000000,76,A1,A1,,,우리은행,자체 신용보강,자체 신용보강,우리은행
73655,우리사랑제9차,KRZFA59804GE,우리사랑제9차 20260203-113-37,N,20260203,20260527,정기예금,KRW,,5000000000,5000000000,76,A1,A1,,,우리은행,자체 신용보강,자체 신용보강,우리은행
73655,우리사랑제9차,KRZFA59805GE,우리사랑제9차 20260203-113-38,N,20260203,20260527,정기예금,KRW,,5000000000,5000000000,76,A1,A1,,,우리은행,자체 신용보강,자체 신용보강,우리은행
73655,우리사랑제9차,KRZFA59806GE,우리사랑제9차 20260203-113-39,N,20260203,20260527,정기예금,KRW,,5000000000,5000000000,76,A1,A1,,,우리은행,자체 신용보강,자체 신용보강,우리은행
73655,우리사랑제9차,KRZFA59804G2,우리사랑제9차 20260203-113-4,N,20260203,20260527,정기예금,KRW,,5000000000,5000000000,76,A1,A1,,,우리은행,자체 신용보강,자체 신용보강,우리은행
73655,우리사랑제9차,KRZFA59807GE,우리사랑제9차 20260203-113-40,N,20260203,20260527,정기예금,KRW,,5000000000,5000000000,76,A1,A1,,,우리은행,자체 신용보강,자체 신용보강,우리은행
73655,우리사랑제9차,KRZFA59808GE,우리사랑제9차 20260203-113-41,N,20260203,20260527,정기예금,KRW,,5000000000,5000000000,76,A1,A1,,,우리은행,자체 신용보강,자체 신용보강,우리은행
73655,우리사랑제9차,KRZFA59809GE,우리사랑제9차 20260203-113-42,N,20260203,20260527,정기예금,KRW,,5000000000,5000000000,76,A1,A1,,,우리은행,자체 신용보강,자체 신용보강,우리은행
73655,우리사랑제9차,KRZFA5980AGE,우리사랑제9차 20260203-113-43,N,20260203,20260527,정기예금,KRW,,5000000000,5000000000,76,A1,A1,,,우리은행,자체 신용보강,자체 신용보강,우리은행
73655,우리사랑제9차,KRZFA5980BGE,우리사랑제9차 20260203-113-44,N,20260203,20260527,정기예금,KRW,,5000000000,5000000000,76,A1,A1,,,우리은행,자체 신용보강,자체 신용보강,우리은행
73655,우리사랑제9차,KRZFA5980CGE,우리사랑제9차 20260203-113-45,N,20260203,20260527,정기예금,KRW,,5000000000,5000000000,76,A1,A1,,,우리은행,자체 신용보강,자체 신용보강,우리은행
73655,우리사랑제9차,KRZFA5980DGE,우리사랑제9차 20260203-113-46,N,20260203,20260527,정기예금,KRW,,5000000000,5000000000,76,A1,A1,,,우리은행,자체 신용보강,자체 신용보강,우리은행
73655,우리사랑제9차,KRZFA5980EGE,우리사랑제9차 20260203-113-47,N,20260203,20260527,정기예금,KRW,,5000000000,5000000000,76,A1,A1,,,우리은행,자체 신용보강,자체 신용보강,우리은행
73655,우리사랑제9차,KRZFA5980FGE,우리사랑제9차 20260203-113-48,N,20260203,20260527,정기예금,KRW,,5000000000,5000000000,76,A1,A1,,,우리은행,자체 신용보강,자체 신용보강,우리은행
73655,우리사랑제9차,KRZFA59805G2,우리사랑제9차 20260203-113-5,N,20260203,20260527,정기예금,KRW,,5000000000,5000000000,76,A1,A1,,,우리은행,자체 신용보강,자체 신용보강,우리은행
73655,우리사랑제9차,KRZFA59806G2,우리사랑제9차 20260203-113-6,N,20260203,20260527,정기예금,KRW,,5000000000,5000000000,76,A1,A1,,,우리은행,자체 신용보강,자체 신용보강,우리은행
73655,우리사랑제9차,KRZFA59807G2,우리사랑제9차 20260203-113-7,N,20260203,20260527,정기예금,KRW,,5000000000,5000000000,76,A1,A1,,,우리은행,자체 신용보강,자체 신용보강,우리은행
73655,우리사랑제9차,KRZFA59808G2,우리사랑제9차 20260203-113-8,N,20260203,20260527,정기예금,KRW,,5000000000,5000000000,76,A1,A1,,,우리은행,자체 신용보강,자체 신용보강,우리은행
73655,우리사랑제9차,KRZFA59809G2,우리사랑제9차 20260203-113-9,N,20260203,20260527,정기예금,KRW,,5000000000,5000000000,76,A1,A1,,,우리은행,자체 신용보강,자체 신용보강,우리은행
73655,우리사랑제9차,KRZFA5980GGE,우리사랑제9차 20260203-280-49,N,20260203,20261110,정기예금,KRW,,334000000,334000000,243,A1,A1,,,우리은행,자체 신용보강,자체 신용보강,우리은행
73651,케이에이치엘제삼차,KRZF0012E3GE,케이에이치엘제삼차 20260203-183-36,N,20260203,20260805,기타,KRW,,100000000,100000000,146,,A1,A1,,시공간네트웍스(주),외부 신용보강,일반기업,현대건설
73651,케이에이치엘제삼차,KRZF0012E3GE,케이에이치엘제삼차 20260203-183-36,N,20260203,20260805,기타,KRW,,100000000,100000000,146,,A1,A1,,시공간네트웍스(주),자체 신용보강,자체 신용보강,세금환급(국세및지방세등)
73651,케이에이치엘제삼차,KRZF0012E3GE,케이에이치엘제삼차 20260203-183-36,N,20260203,20260805,기타,KRW,,100000000,100000000,146,,A1,A1,,고려자산개발 주식회사,외부 신용보강,일반기업,현대건설
73651,케이에이치엘제삼차,KRZF0012E3GE,케이에이치엘제삼차 20260203-183-36,N,20260203,20260805,기타,KRW,,100000000,100000000,146,,A1,A1,,고려자산개발 주식회사,자체 신용보강,자체 신용보강,세금환급(국세및지방세등)
73651,케이에이치엘제삼차,KRZF0012E4GE,케이에이치엘제삼차 20260203-183-37,N,20260203,20260805,기타,KRW,,100000000,100000000,146,,A1,A1,,시공간네트웍스(주),외부 신용보강,일반기업,현대건설
73651,케이에이치엘제삼차,KRZF0012E4GE,케이에이치엘제삼차 20260203-183-37,N,20260203,20260805,기타,KRW,,100000000,100000000,146,,A1,A1,,시공간네트웍스(주),자체 신용보강,자체 신용보강,세금환급(국세및지방세등)
73651,케이에이치엘제삼차,KRZF0012E4GE,케이에이치엘제삼차 20260203-183-37,N,20260203,20260805,기타,KRW,,100000000,100000000,146,,A1,A1,,고려자산개발 주식회사,외부 신용보강,일반기업,현대건설
73651,케이에이치엘제삼차,KRZF0012E4GE,케이에이치엘제삼차 20260203-183-37,N,20260203,20260805,기타,KRW,,100000000,100000000,146,,A1,A1,,고려자산개발 주식회사,자체 신용보강,자체 신용보강,세금환급(국세및지방세등)
73651,케이에이치엘제삼차,KRZF0012E5GE,케이에이치엘제삼차 20260203-183-38,N,20260203,20260805,기타,KRW,,100000000,100000000,146,,A1,A1,,시공간네트웍스(주),외부 신용보강,일반기업,현대건설
73651,케이에이치엘제삼차,KRZF0012E5GE,케이에이치엘제삼차 20260203-183-38,N,20260203,20260805,기타,KRW,,100000000,100000000,146,,A1,A1,,시공간네트웍스(주),자체 신용보강,자체 신용보강,세금환급(국세및지방세등)
73651,케이에이치엘제삼차,KRZF0012E5GE,케이에이치엘제삼차 20260203-183-38,N,20260203,20260805,기타,KRW,,100000000,100000000,146,,A1,A1,,고려자산개발 주식회사,외부 신용보강,일반기업,현대건설
73651,케이에이치엘제삼차,KRZF0012E5GE,케이에이치엘제삼차 20260203-183-38,N,20260203,20260805,기타,KRW,,100000000,100000000,146,,A1,A1,,고려자산개발 주식회사,자체 신용보강,자체 신용보강,세금환급(국세및지방세등)
73651,케이에이치엘제삼차,KRZF0012E6GE,케이에이치엘제삼차 20260203-183-39,N,20260203,20260805,기타,KRW,,100000000,100000000,146,,A1,A1,,시공간네트웍스(주),외부 신용보강,일반기업,현대건설
73651,케이에이치엘제삼차,KRZF0012E6GE,케이에이치엘제삼차 20260203-183-39,N,20260203,20260805,기타,KRW,,100000000,100000000,146,,A1,A1,,시공간네트웍스(주),자체 신용보강,자체 신용보강,세금환급(국세및지방세등)
73651,케이에이치엘제삼차,KRZF0012E6GE,케이에이치엘제삼차 20260203-183-39,N,20260203,20260805,기타,KRW,,100000000,100000000,146,,A1,A1,,고려자산개발 주식회사,외부 신용보강,일반기업,현대건설
73651,케이에이치엘제삼차,KRZF0012E6GE,케이에이치엘제삼차 20260203-183-39,N,20260203,20260805,기타,KRW,,100000000,100000000,146,,A1,A1,,고려자산개발 주식회사,자체 신용보강,자체 신용보강,세금환급(국세및지방세등)
73651,케이에이치엘제삼차,KRZF0012E7GE,케이에이치엘제삼차 20260203-183-40,N,20260203,20260805,기타,KRW,,70000000,70000000,146,,A1,A1,,시공간네트웍스(주),외부 신용보강,일반기업,현대건설
73651,케이에이치엘제삼차,KRZF0012E7GE,케이에이치엘제삼차 20260203-183-40,N,20260203,20260805,기타,KRW,,70000000,70000000,146,,A1,A1,,시공간네트웍스(주),자체 신용보강,자체 신용보강,세금환급(국세및지방세등)
73651,케이에이치엘제삼차,KRZF0012E7GE,케이에이치엘제삼차 20260203-183-40,N,20260203,20260805,기타,KRW,,70000000,70000000,146,,A1,A1,,고려자산개발 주식회사,외부 신용보강,일반기업,현대건설
73651,케이에이치엘제삼차,KRZF0012E7GE,케이에이치엘제삼차 20260203-183-40,N,20260203,20260805,기타,KRW,,70000000,70000000,146,,A1,A1,,고려자산개발 주식회사,자체 신용보강,자체 신용보강,세금환급(국세및지방세등)
73651,케이에이치엘제삼차,KRZF0012E1G2,케이에이치엘제삼차 20260203-192-1,N,20260203,20260814,기타,KRW,,5000000000,5000000000,155,,A1,A1,,시공간네트웍스(주),외부 신용보강,일반기업,현대건설
73651,케이에이치엘제삼차,KRZF0012E1G2,케이에이치엘제삼차 20260203-192-1,N,20260203,20260814,기타,KRW,,5000000000,5000000000,155,,A1,A1,,시공간네트웍스(주),자체 신용보강,자체 신용보강,세금환급(국세및지방세등)
73651,케이에이치엘제삼차,KRZF0012E1G2,케이에이치엘제삼차 20260203-192-1,N,20260203,20260814,기타,KRW,,5000000000,5000000000,155,,A1,A1,,고려자산개발 주식회사,외부 신용보강,일반기업,현대건설
73651,케이에이치엘제삼차,KRZF0012E1G2,케이에이치엘제삼차 20260203-192-1,N,20260203,20260814,기타,KRW,,5000000000,5000000000,155,,A1,A1,,고려자산개발 주식회사,자체 신용보강,자체 신용보강,세금환급(국세및지방세등)
73651,케이에이치엘제삼차,KRZF0012EAG2,케이에이치엘제삼차 20260203-192-10,N,20260203,20260814,기타,KRW,,5000000000,5000000000,155,,A1,A1,,시공간네트웍스(주),외부 신용보강,일반기업,현대건설
73651,케이에이치엘제삼차,KRZF0012EAG2,케이에이치엘제삼차 20260203-192-10,N,20260203,20260814,기타,KRW,,5000000000,5000000000,155,,A1,A1,,시공간네트웍스(주),자체 신용보강,자체 신용보강,세금환급(국세및지방세등)
73651,케이에이치엘제삼차,KRZF0012EAG2,케이에이치엘제삼차 20260203-192-10,N,20260203,20260814,기타,KRW,,5000000000,5000000000,155,,A1,A1,,고려자산개발 주식회사,외부 신용보강,일반기업,현대건설
73651,케이에이치엘제삼차,KRZF0012EAG2,케이에이치엘제삼차 20260203-192-10,N,20260203,20260814,기타,KRW,,5000000000,5000000000,155,,A1,A1,,고려자산개발 주식회사,자체 신용보강,자체 신용보강,세금환급(국세및지방세등)
73651,케이에이치엘제삼차,KRZF0012EBG2,케이에이치엘제삼차 20260203-192-11,N,20260203,20260814,기타,KRW,,5000000000,5000000000,155,,A1,A1,,시공간네트웍스(주),외부 신용보강,일반기업,현대건설
73651,케이에이치엘제삼차,KRZF0012EBG2,케이에이치엘제삼차 20260203-192-11,N,20260203,20260814,기타,KRW,,5000000000,5000000000,155,,A1,A1,,시공간네트웍스(주),자체 신용보강,자체 신용보강,세금환급(국세및지방세등)
73651,케이에이치엘제삼차,KRZF0012EBG2,케이에이치엘제삼차 20260203-192-11,N,20260203,20260814,기타,KRW,,5000000000,5000000000,155,,A1,A1,,고려자산개발 주식회사,외부 신용보강,일반기업,현대건설
73651,케이에이치엘제삼차,KRZF0012EBG2,케이에이치엘제삼차 20260203-192-11,N,20260203,20260814,기타,KRW,,5000000000,5000000000,155,,A1,A1,,고려자산개발 주식회사,자체 신용보강,자체 신용보강,세금환급(국세및지방세등)
73651,케이에이치엘제삼차,KRZF0012ECG2,케이에이치엘제삼차 20260203-192-12,N,20260203,20260814,기타,KRW,,5000000000,5000000000,155,,A1,A1,,시공간네트웍스(주),외부 신용보강,일반기업,현대건설
73651,케이에이치엘제삼차,KRZF0012ECG2,케이에이치엘제삼차 20260203-192-12,N,20260203,20260814,기타,KRW,,5000000000,5000000000,155,,A1,A1,,시공간네트웍스(주),자체 신용보강,자체 신용보강,세금환급(국세및지방세등)
73651,케이에이치엘제삼차,KRZF0012ECG2,케이에이치엘제삼차 20260203-192-12,N,20260203,20260814,기타,KRW,,5000000000,5000000000,155,,A1,A1,,고려자산개발 주식회사,외부 신용보강,일반기업,현대건설
73651,케이에이치엘제삼차,KRZF0012ECG2,케이에이치엘제삼차 20260203-192-12,N,20260203,20260814,기타,KRW,,5000000000,5000000000,155,,A1,A1,,고려자산개발 주식회사,자체 신용보강,자체 신용보강,세금환급(국세및지방세등)
73651,케이에이치엘제삼차,KRZF0012EDG2,케이에이치엘제삼차 20260203-192-13,N,20260203,20260814,기타,KRW,,5000000000,5000000000,155,,A1,A1,,시공간네트웍스(주),외부 신용보강,일반기업,현대건설
73651,케이에이치엘제삼차,KRZF0012EDG2,케이에이치엘제삼차 20260203-192-13,N,20260203,20260814,기타,KRW,,5000000000,5000000000,155,,A1,A1,,시공간네트웍스(주),자체 신용보강,자체 신용보강,세금환급(국세및지방세등)
73651,케이에이치엘제삼차,KRZF0012EDG2,케이에이치엘제삼차 20260203-192-13,N,20260203,20260814,기타,KRW,,5000000000,5000000000,155,,A1,A1,,고려자산개발 주식회사,외부 신용보강,일반기업,현대건설
73651,케이에이치엘제삼차,KRZF0012EDG2,케이에이치엘제삼차 20260203-192-13,N,20260203,20260814,기타,KRW,,5000000000,5000000000,155,,A1,A1,,고려자산개발 주식회사,자체 신용보강,자체 신용보강,세금환급(국세및지방세등)
73651,케이에이치엘제삼차,KRZF0012EEG2,케이에이치엘제삼차 20260203-192-14,N,20260203,20260814,기타,KRW,,5000000000,5000000000,155,,A1,A1,,시공간네트웍스(주),외부 신용보강,일반기업,현대건설
73651,케이에이치엘제삼차,KRZF0012EEG2,케이에이치엘제삼차 20260203-192-14,N,20260203,20260814,기타,KRW,,5000000000,5000000000,155,,A1,A1,,시공간네트웍스(주),자체 신용보강,자체 신용보강,세금환급(국세및지방세등)
73651,케이에이치엘제삼차,KRZF0012EEG2,케이에이치엘제삼차 20260203-192-14,N,20260203,20260814,기타,KRW,,5000000000,5000000000,155,,A1,A1,,고려자산개발 주식회사,외부 신용보강,일반기업,현대건설
73651,케이에이치엘제삼차,KRZF0012EEG2,케이에이치엘제삼차 20260203-192-14,N,20260203,20260814,기타,KRW,,5000000000,5000000000,155,,A1,A1,,고려자산개발 주식회사,자체 신용보강,자체 신용보강,세금환급(국세및지방세등)
73651,케이에이치엘제삼차,KRZF0012EFG2,케이에이치엘제삼차 20260203-192-15,N,20260203,20260814,기타,KRW,,5000000000,5000000000,155,,A1,A1,,시공간네트웍스(주),외부 신용보강,일반기업,현대건설
73651,케이에이치엘제삼차,KRZF0012EFG2,케이에이치엘제삼차 20260203-192-15,N,20260203,20260814,기타,KRW,,5000000000,5000000000,155,,A1,A1,,시공간네트웍스(주),자체 신용보강,자체 신용보강,세금환급(국세및지방세등)
73651,케이에이치엘제삼차,KRZF0012EFG2,케이에이치엘제삼차 20260203-192-15,N,20260203,20260814,기타,KRW,,5000000000,5000000000,155,,A1,A1,,고려자산개발 주식회사,외부 신용보강,일반기업,현대건설
73651,케이에이치엘제삼차,KRZF0012EFG2,케이에이치엘제삼차 20260203-192-15,N,20260203,20260814,기타,KRW,,5000000000,5000000000,155,,A1,A1,,고려자산개발 주식회사,자체 신용보강,자체 신용보강,세금환급(국세및지방세등)
73651,케이에이치엘제삼차,KRZF0012EGG2,케이에이치엘제삼차 20260203-192-16,N,20260203,20260814,기타,KRW,,5000000000,5000000000,155,,A1,A1,,시공간네트웍스(주),외부 신용보강,일반기업,현대건설
73651,케이에이치엘제삼차,KRZF0012EGG2,케이에이치엘제삼차 20260203-192-16,N,20260203,20260814,기타,KRW,,5000000000,5000000000,155,,A1,A1,,시공간네트웍스(주),자체 신용보강,자체 신용보강,세금환급(국세및지방세등)
73651,케이에이치엘제삼차,KRZF0012EGG2,케이에이치엘제삼차 20260203-192-16,N,20260203,20260814,기타,KRW,,5000000000,5000000000,155,,A1,A1,,고려자산개발 주식회사,외부 신용보강,일반기업,현대건설
73651,케이에이치엘제삼차,KRZF0012EGG2,케이에이치엘제삼차 20260203-192-16,N,20260203,20260814,기타,KRW,,5000000000,5000000000,155,,A1,A1,,고려자산개발 주식회사,자체 신용보강,자체 신용보강,세금환급(국세및지방세등)
73651,케이에이치엘제삼차,KRZF0012EHG2,케이에이치엘제삼차 20260203-192-17,N,20260203,20260814,기타,KRW,,5000000000,5000000000,155,,A1,A1,,시공간네트웍스(주),외부 신용보강,일반기업,현대건설
73651,케이에이치엘제삼차,KRZF0012EHG2,케이에이치엘제삼차 20260203-192-17,N,20260203,20260814,기타,KRW,,5000000000,5000000000,155,,A1,A1,,시공간네트웍스(주),자체 신용보강,자체 신용보강,세금환급(국세및지방세등)
73651,케이에이치엘제삼차,KRZF0012EHG2,케이에이치엘제삼차 20260203-192-17,N,20260203,20260814,기타,KRW,,5000000000,5000000000,155,,A1,A1,,고려자산개발 주식회사,외부 신용보강,일반기업,현대건설
73651,케이에이치엘제삼차,KRZF0012EHG2,케이에이치엘제삼차 20260203-192-17,N,20260203,20260814,기타,KRW,,5000000000,5000000000,155,,A1,A1,,고려자산개발 주식회사,자체 신용보강,자체 신용보강,세금환급(국세및지방세등)
73651,케이에이치엘제삼차,KRZF0012EJG2,케이에이치엘제삼차 20260203-192-18,N,20260203,20260814,기타,KRW,,5000000000,5000000000,155,,A1,A1,,시공간네트웍스(주),외부 신용보강,일반기업,현대건설
73651,케이에이치엘제삼차,KRZF0012EJG2,케이에이치엘제삼차 20260203-192-18,N,20260203,20260814,기타,KRW,,5000000000,5000000000,155,,A1,A1,,시공간네트웍스(주),자체 신용보강,자체 신용보강,세금환급(국세및지방세등)
73651,케이에이치엘제삼차,KRZF0012EJG2,케이에이치엘제삼차 20260203-192-18,N,20260203,20260814,기타,KRW,,5000000000,5000000000,155,,A1,A1,,고려자산개발 주식회사,외부 신용보강,일반기업,현대건설
73651,케이에이치엘제삼차,KRZF0012EJG2,케이에이치엘제삼차 20260203-192-18,N,20260203,20260814,기타,KRW,,5000000000,5000000000,155,,A1,A1,,고려자산개발 주식회사,자체 신용보강,자체 신용보강,세금환급(국세및지방세등)
73651,케이에이치엘제삼차,KRZF0012EKG2,케이에이치엘제삼차 20260203-192-19,N,20260203,20260814,기타,KRW,,5000000000,5000000000,155,,A1,A1,,시공간네트웍스(주),외부 신용보강,일반기업,현대건설
73651,케이에이치엘제삼차,KRZF0012EKG2,케이에이치엘제삼차 20260203-192-19,N,20260203,20260814,기타,KRW,,5000000000,5000000000,155,,A1,A1,,시공간네트웍스(주),자체 신용보강,자체 신용보강,세금환급(국세및지방세등)
73651,케이에이치엘제삼차,KRZF0012EKG2,케이에이치엘제삼차 20260203-192-19,N,20260203,20260814,기타,KRW,,5000000000,5000000000,155,,A1,A1,,고려자산개발 주식회사,외부 신용보강,일반기업,현대건설
73651,케이에이치엘제삼차,KRZF0012EKG2,케이에이치엘제삼차 20260203-192-19,N,20260203,20260814,기타,KRW,,5000000000,5000000000,155,,A1,A1,,고려자산개발 주식회사,자체 신용보강,자체 신용보강,세금환급(국세및지방세등)
73651,케이에이치엘제삼차,KRZF0012E2G2,케이에이치엘제삼차 20260203-192-2,N,20260203,20260814,기타,KRW,,5000000000,5000000000,155,,A1,A1,,시공간네트웍스(주),외부 신용보강,일반기업,현대건설
73651,케이에이치엘제삼차,KRZF0012E2G2,케이에이치엘제삼차 20260203-192-2,N,20260203,20260814,기타,KRW,,5000000000,5000000000,155,,A1,A1,,시공간네트웍스(주),자체 신용보강,자체 신용보강,세금환급(국세및지방세등)
73651,케이에이치엘제삼차,KRZF0012E2G2,케이에이치엘제삼차 20260203-192-2,N,20260203,20260814,기타,KRW,,5000000000,5000000000,155,,A1,A1,,고려자산개발 주식회사,외부 신용보강,일반기업,현대건설
73651,케이에이치엘제삼차,KRZF0012E2G2,케이에이치엘제삼차 20260203-192-2,N,20260203,20260814,기타,KRW,,5000000000,5000000000,155,,A1,A1,,고려자산개발 주식회사,자체 신용보강,자체 신용보강,세금환급(국세및지방세등)
73651,케이에이치엘제삼차,KRZF0012ELG2,케이에이치엘제삼차 20260203-192-20,N,20260203,20260814,기타,KRW,,5000000000,5000000000,155,,A1,A1,,시공간네트웍스(주),외부 신용보강,일반기업,현대건설
73651,케이에이치엘제삼차,KRZF0012ELG2,케이에이치엘제삼차 20260203-192-20,N,20260203,20260814,기타,KRW,,5000000000,5000000000,155,,A1,A1,,시공간네트웍스(주),자체 신용보강,자체 신용보강,세금환급(국세및지방세등)
73651,케이에이치엘제삼차,KRZF0012ELG2,케이에이치엘제삼차 20260203-192-20,N,20260203,20260814,기타,KRW,,5000000000,5000000000,155,,A1,A1,,고려자산개발 주식회사,외부 신용보강,일반기업,현대건설
73651,케이에이치엘제삼차,KRZF0012ELG2,케이에이치엘제삼차 20260203-192-20,N,20260203,20260814,기타,KRW,,5000000000,5000000000,155,,A1,A1,,고려자산개발 주식회사,자체 신용보강,자체 신용보강,세금환급(국세및지방세등)
73651,케이에이치엘제삼차,KRZF0012EMG2,케이에이치엘제삼차 20260203-192-21,N,20260203,20260814,기타,KRW,,5000000000,5000000000,155,,A1,A1,,시공간네트웍스(주),외부 신용보강,일반기업,현대건설
73651,케이에이치엘제삼차,KRZF0012EMG2,케이에이치엘제삼차 20260203-192-21,N,20260203,20260814,기타,KRW,,5000000000,5000000000,155,,A1,A1,,시공간네트웍스(주),자체 신용보강,자체 신용보강,세금환급(국세및지방세등)
73651,케이에이치엘제삼차,KRZF0012EMG2,케이에이치엘제삼차 20260203-192-21,N,20260203,20260814,기타,KRW,,5000000000,5000000000,155,,A1,A1,,고려자산개발 주식회사,외부 신용보강,일반기업,현대건설
73651,케이에이치엘제삼차,KRZF0012EMG2,케이에이치엘제삼차 20260203-192-21,N,20260203,20260814,기타,KRW,,5000000000,5000000000,155,,A1,A1,,고려자산개발 주식회사,자체 신용보강,자체 신용보강,세금환급(국세및지방세등)
73651,케이에이치엘제삼차,KRZF0012ENG2,케이에이치엘제삼차 20260203-192-22,N,20260203,20260814,기타,KRW,,5000000000,5000000000,155,,A1,A1,,시공간네트웍스(주),외부 신용보강,일반기업,현대건설
73651,케이에이치엘제삼차,KRZF0012ENG2,케이에이치엘제삼차 20260203-192-22,N,20260203,20260814,기타,KRW,,5000000000,5000000000,155,,A1,A1,,시공간네트웍스(주),자체 신용보강,자체 신용보강,세금환급(국세및지방세등)
73651,케이에이치엘제삼차,KRZF0012ENG2,케이에이치엘제삼차 20260203-192-22,N,20260203,20260814,기타,KRW,,5000000000,5000000000,155,,A1,A1,,고려자산개발 주식회사,외부 신용보강,일반기업,현대건설
73651,케이에이치엘제삼차,KRZF0012ENG2,케이에이치엘제삼차 20260203-192-22,N,20260203,20260814,기타,KRW,,5000000000,5000000000,155,,A1,A1,,고려자산개발 주식회사,자체 신용보강,자체 신용보강,세금환급(국세및지방세등)
73651,케이에이치엘제삼차,KRZF0012EPG2,케이에이치엘제삼차 20260203-192-23,N,20260203,20260814,기타,KRW,,5000000000,5000000000,155,,A1,A1,,시공간네트웍스(주),외부 신용보강,일반기업,현대건설
73651,케이에이치엘제삼차,KRZF0012EPG2,케이에이치엘제삼차 20260203-192-23,N,20260203,20260814,기타,KRW,,5000000000,5000000000,155,,A1,A1,,시공간네트웍스(주),자체 신용보강,자체 신용보강,세금환급(국세및지방세등)
73651,케이에이치엘제삼차,KRZF0012EPG2,케이에이치엘제삼차 20260203-192-23,N,20260203,20260814,기타,KRW,,5000000000,5000000000,155,,A1,A1,,고려자산개발 주식회사,외부 신용보강,일반기업,현대건설
73651,케이에이치엘제삼차,KRZF0012EPG2,케이에이치엘제삼차 20260203-192-23,N,20260203,20260814,기타,KRW,,5000000000,5000000000,155,,A1,A1,,고려자산개발 주식회사,자체 신용보강,자체 신용보강,세금환급(국세및지방세등)
73651,케이에이치엘제삼차,KRZF0012EQG2,케이에이치엘제삼차 20260203-192-24,N,20260203,20260814,기타,KRW,,5000000000,5000000000,155,,A1,A1,,시공간네트웍스(주),외부 신용보강,일반기업,현대건설
73651,케이에이치엘제삼차,KRZF0012EQG2,케이에이치엘제삼차 20260203-192-24,N,20260203,20260814,기타,KRW,,5000000000,5000000000,155,,A1,A1,,시공간네트웍스(주),자체 신용보강,자체 신용보강,세금환급(국세및지방세등)
73651,케이에이치엘제삼차,KRZF0012EQG2,케이에이치엘제삼차 20260203-192-24,N,20260203,20260814,기타,KRW,,5000000000,5000000000,155,,A1,A1,,고려자산개발 주식회사,외부 신용보강,일반기업,현대건설
73651,케이에이치엘제삼차,KRZF0012EQG2,케이에이치엘제삼차 20260203-192-24,N,20260203,20260814,기타,KRW,,5000000000,5000000000,155,,A1,A1,,고려자산개발 주식회사,자체 신용보강,자체 신용보강,세금환급(국세및지방세등)
73651,케이에이치엘제삼차,KRZF0012ERG2,케이에이치엘제삼차 20260203-192-25,N,20260203,20260814,기타,KRW,,5000000000,5000000000,155,,A1,A1,,시공간네트웍스(주),외부 신용보강,일반기업,현대건설
73651,케이에이치엘제삼차,KRZF0012ERG2,케이에이치엘제삼차 20260203-192-25,N,20260203,20260814,기타,KRW,,5000000000,5000000000,155,,A1,A1,,시공간네트웍스(주),자체 신용보강,자체 신용보강,세금환급(국세및지방세등)
73651,케이에이치엘제삼차,KRZF0012ERG2,케이에이치엘제삼차 20260203-192-25,N,20260203,20260814,기타,KRW,,5000000000,5000000000,155,,A1,A1,,고려자산개발 주식회사,외부 신용보강,일반기업,현대건설
73651,케이에이치엘제삼차,KRZF0012ERG2,케이에이치엘제삼차 20260203-192-25,N,20260203,20260814,기타,KRW,,5000000000,5000000000,155,,A1,A1,,고려자산개발 주식회사,자체 신용보강,자체 신용보강,세금환급(국세및지방세등)
73651,케이에이치엘제삼차,KRZF0012ESG2,케이에이치엘제삼차 20260203-192-26,N,20260203,20260814,기타,KRW,,5000000000,5000000000,155,,A1,A1,,시공간네트웍스(주),외부 신용보강,일반기업,현대건설
73651,케이에이치엘제삼차,KRZF0012ESG2,케이에이치엘제삼차 20260203-192-26,N,20260203,20260814,기타,KRW,,5000000000,5000000000,155,,A1,A1,,시공간네트웍스(주),자체 신용보강,자체 신용보강,세금환급(국세및지방세등)
73651,케이에이치엘제삼차,KRZF0012ESG2,케이에이치엘제삼차 20260203-192-26,N,20260203,20260814,기타,KRW,,5000000000,5000000000,155,,A1,A1,,고려자산개발 주식회사,외부 신용보강,일반기업,현대건설
73651,케이에이치엘제삼차,KRZF0012ESG2,케이에이치엘제삼차 20260203-192-26,N,20260203,20260814,기타,KRW,,5000000000,5000000000,155,,A1,A1,,고려자산개발 주식회사,자체 신용보강,자체 신용보강,세금환급(국세및지방세등)
73651,케이에이치엘제삼차,KRZF0012ETG2,케이에이치엘제삼차 20260203-192-27,N,20260203,20260814,기타,KRW,,5000000000,5000000000,155,,A1,A1,,시공간네트웍스(주),외부 신용보강,일반기업,현대건설
73651,케이에이치엘제삼차,KRZF0012ETG2,케이에이치엘제삼차 20260203-192-27,N,20260203,20260814,기타,KRW,,5000000000,5000000000,155,,A1,A1,,시공간네트웍스(주),자체 신용보강,자체 신용보강,세금환급(국세및지방세등)
73651,케이에이치엘제삼차,KRZF0012ETG2,케이에이치엘제삼차 20260203-192-27,N,20260203,20260814,기타,KRW,,5000000000,5000000000,155,,A1,A1,,고려자산개발 주식회사,외부 신용보강,일반기업,현대건설
73651,케이에이치엘제삼차,KRZF0012ETG2,케이에이치엘제삼차 20260203-192-27,N,20260203,20260814,기타,KRW,,5000000000,5000000000,155,,A1,A1,,고려자산개발 주식회사,자체 신용보강,자체 신용보강,세금환급(국세및지방세등)
73651,케이에이치엘제삼차,KRZF0012EVG2,케이에이치엘제삼차 20260203-192-28,N,20260203,20260814,기타,KRW,,5000000000,5000000000,155,,A1,A1,,시공간네트웍스(주),외부 신용보강,일반기업,현대건설
73651,케이에이치엘제삼차,KRZF0012EVG2,케이에이치엘제삼차 20260203-192-28,N,20260203,20260814,기타,KRW,,5000000000,5000000000,155,,A1,A1,,시공간네트웍스(주),자체 신용보강,자체 신용보강,세금환급(국세및지방세등)
73651,케이에이치엘제삼차,KRZF0012EVG2,케이에이치엘제삼차 20260203-192-28,N,20260203,20260814,기타,KRW,,5000000000,5000000000,155,,A1,A1,,고려자산개발 주식회사,외부 신용보강,일반기업,현대건설
73651,케이에이치엘제삼차,KRZF0012EVG2,케이에이치엘제삼차 20260203-192-28,N,20260203,20260814,기타,KRW,,5000000000,5000000000,155,,A1,A1,,고려자산개발 주식회사,자체 신용보강,자체 신용보강,세금환급(국세및지방세등)
73651,케이에이치엘제삼차,KRZF0012EWG2,케이에이치엘제삼차 20260203-192-29,N,20260203,20260814,기타,KRW,,5000000000,5000000000,155,,A1,A1,,시공간네트웍스(주),외부 신용보강,일반기업,현대건설
73651,케이에이치엘제삼차,KRZF0012EWG2,케이에이치엘제삼차 20260203-192-29,N,20260203,20260814,기타,KRW,,5000000000,5000000000,155,,A1,A1,,시공간네트웍스(주),자체 신용보강,자체 신용보강,세금환급(국세및지방세등)
73651,케이에이치엘제삼차,KRZF0012EWG2,케이에이치엘제삼차 20260203-192-29,N,20260203,20260814,기타,KRW,,5000000000,5000000000,155,,A1,A1,,고려자산개발 주식회사,외부 신용보강,일반기업,현대건설
73651,케이에이치엘제삼차,KRZF0012EWG2,케이에이치엘제삼차 20260203-192-29,N,20260203,20260814,기타,KRW,,5000000000,5000000000,155,,A1,A1,,고려자산개발 주식회사,자체 신용보강,자체 신용보강,세금환급(국세및지방세등)
73651,케이에이치엘제삼차,KRZF0012E3G2,케이에이치엘제삼차 20260203-192-3,N,20260203,20260814,기타,KRW,,5000000000,5000000000,155,,A1,A1,,시공간네트웍스(주),외부 신용보강,일반기업,현대건설
73651,케이에이치엘제삼차,KRZF0012E3G2,케이에이치엘제삼차 20260203-192-3,N,20260203,20260814,기타,KRW,,5000000000,5000000000,155,,A1,A1,,시공간네트웍스(주),자체 신용보강,자체 신용보강,세금환급(국세및지방세등)
73651,케이에이치엘제삼차,KRZF0012E3G2,케이에이치엘제삼차 20260203-192-3,N,20260203,20260814,기타,KRW,,5000000000,5000000000,155,,A1,A1,,고려자산개발 주식회사,외부 신용보강,일반기업,현대건설
73651,케이에이치엘제삼차,KRZF0012E3G2,케이에이치엘제삼차 20260203-192-3,N,20260203,20260814,기타,KRW,,5000000000,5000000000,155,,A1,A1,,고려자산개발 주식회사,자체 신용보강,자체 신용보강,세금환급(국세및지방세등)
73651,케이에이치엘제삼차,KRZF0012EXG2,케이에이치엘제삼차 20260203-192-30,N,20260203,20260814,기타,KRW,,5000000000,5000000000,155,,A1,A1,,시공간네트웍스(주),외부 신용보강,일반기업,현대건설
73651,케이에이치엘제삼차,KRZF0012EXG2,케이에이치엘제삼차 20260203-192-30,N,20260203,20260814,기타,KRW,,5000000000,5000000000,155,,A1,A1,,시공간네트웍스(주),자체 신용보강,자체 신용보강,세금환급(국세및지방세등)
73651,케이에이치엘제삼차,KRZF0012EXG2,케이에이치엘제삼차 20260203-192-30,N,20260203,20260814,기타,KRW,,5000000000,5000000000,155,,A1,A1,,고려자산개발 주식회사,외부 신용보강,일반기업,현대건설
73651,케이에이치엘제삼차,KRZF0012EXG2,케이에이치엘제삼차 20260203-192-30,N,20260203,20260814,기타,KRW,,5000000000,5000000000,155,,A1,A1,,고려자산개발 주식회사,자체 신용보강,자체 신용보강,세금환급(국세및지방세등)
73651,케이에이치엘제삼차,KRZF0012EYG2,케이에이치엘제삼차 20260203-192-31,N,20260203,20260814,기타,KRW,,5000000000,5000000000,155,,A1,A1,,시공간네트웍스(주),외부 신용보강,일반기업,현대건설
73651,케이에이치엘제삼차,KRZF0012EYG2,케이에이치엘제삼차 20260203-192-31,N,20260203,20260814,기타,KRW,,5000000000,5000000000,155,,A1,A1,,시공간네트웍스(주),자체 신용보강,자체 신용보강,세금환급(국세및지방세등)
73651,케이에이치엘제삼차,KRZF0012EYG2,케이에이치엘제삼차 20260203-192-31,N,20260203,20260814,기타,KRW,,5000000000,5000000000,155,,A1,A1,,고려자산개발 주식회사,외부 신용보강,일반기업,현대건설
73651,케이에이치엘제삼차,KRZF0012EYG2,케이에이치엘제삼차 20260203-192-31,N,20260203,20260814,기타,KRW,,5000000000,5000000000,155,,A1,A1,,고려자산개발 주식회사,자체 신용보강,자체 신용보강,세금환급(국세및지방세등)
73651,케이에이치엘제삼차,KRZF0012EZG2,케이에이치엘제삼차 20260203-192-32,N,20260203,20260814,기타,KRW,,5000000000,5000000000,155,,A1,A1,,시공간네트웍스(주),외부 신용보강,일반기업,현대건설
73651,케이에이치엘제삼차,KRZF0012EZG2,케이에이치엘제삼차 20260203-192-32,N,20260203,20260814,기타,KRW,,5000000000,5000000000,155,,A1,A1,,시공간네트웍스(주),자체 신용보강,자체 신용보강,세금환급(국세및지방세등)
73651,케이에이치엘제삼차,KRZF0012EZG2,케이에이치엘제삼차 20260203-192-32,N,20260203,20260814,기타,KRW,,5000000000,5000000000,155,,A1,A1,,고려자산개발 주식회사,외부 신용보강,일반기업,현대건설
73651,케이에이치엘제삼차,KRZF0012EZG2,케이에이치엘제삼차 20260203-192-32,N,20260203,20260814,기타,KRW,,5000000000,5000000000,155,,A1,A1,,고려자산개발 주식회사,자체 신용보강,자체 신용보강,세금환급(국세및지방세등)
73651,케이에이치엘제삼차,KRZF0012E0GE,케이에이치엘제삼차 20260203-192-33,N,20260203,20260814,기타,KRW,,3000000000,3000000000,155,,A1,A1,,시공간네트웍스(주),외부 신용보강,일반기업,현대건설
73651,케이에이치엘제삼차,KRZF0012E0GE,케이에이치엘제삼차 20260203-192-33,N,20260203,20260814,기타,KRW,,3000000000,3000000000,155,,A1,A1,,시공간네트웍스(주),자체 신용보강,자체 신용보강,세금환급(국세및지방세등)
73651,케이에이치엘제삼차,KRZF0012E0GE,케이에이치엘제삼차 20260203-192-33,N,20260203,20260814,기타,KRW,,3000000000,3000000000,155,,A1,A1,,고려자산개발 주식회사,외부 신용보강,일반기업,현대건설
73651,케이에이치엘제삼차,KRZF0012E0GE,케이에이치엘제삼차 20260203-192-33,N,20260203,20260814,기타,KRW,,3000000000,3000000000,155,,A1,A1,,고려자산개발 주식회사,자체 신용보강,자체 신용보강,세금환급(국세및지방세등)
73651,케이에이치엘제삼차,KRZF0012E1GE,케이에이치엘제삼차 20260203-192-34,N,20260203,20260814,기타,KRW,,2000000000,2000000000,155,,A1,A1,,시공간네트웍스(주),외부 신용보강,일반기업,현대건설
73651,케이에이치엘제삼차,KRZF0012E1GE,케이에이치엘제삼차 20260203-192-34,N,20260203,20260814,기타,KRW,,2000000000,2000000000,155,,A1,A1,,시공간네트웍스(주),자체 신용보강,자체 신용보강,세금환급(국세및지방세등)
73651,케이에이치엘제삼차,KRZF0012E1GE,케이에이치엘제삼차 20260203-192-34,N,20260203,20260814,기타,KRW,,2000000000,2000000000,155,,A1,A1,,고려자산개발 주식회사,외부 신용보강,일반기업,현대건설
73651,케이에이치엘제삼차,KRZF0012E1GE,케이에이치엘제삼차 20260203-192-34,N,20260203,20260814,기타,KRW,,2000000000,2000000000,155,,A1,A1,,고려자산개발 주식회사,자체 신용보강,자체 신용보강,세금환급(국세및지방세등)
73651,케이에이치엘제삼차,KRZF0012E2GE,케이에이치엘제삼차 20260203-192-35,N,20260203,20260814,기타,KRW,,1000000000,1000000000,155,,A1,A1,,시공간네트웍스(주),외부 신용보강,일반기업,현대건설
73651,케이에이치엘제삼차,KRZF0012E2GE,케이에이치엘제삼차 20260203-192-35,N,20260203,20260814,기타,KRW,,1000000000,1000000000,155,,A1,A1,,시공간네트웍스(주),자체 신용보강,자체 신용보강,세금환급(국세및지방세등)
73651,케이에이치엘제삼차,KRZF0012E2GE,케이에이치엘제삼차 20260203-192-35,N,20260203,20260814,기타,KRW,,1000000000,1000000000,155,,A1,A1,,고려자산개발 주식회사,외부 신용보강,일반기업,현대건설
73651,케이에이치엘제삼차,KRZF0012E2GE,케이에이치엘제삼차 20260203-192-35,N,20260203,20260814,기타,KRW,,1000000000,1000000000,155,,A1,A1,,고려자산개발 주식회사,자체 신용보강,자체 신용보강,세금환급(국세및지방세등)
73651,케이에이치엘제삼차,KRZF0012E4G2,케이에이치엘제삼차 20260203-192-4,N,20260203,20260814,기타,KRW,,5000000000,5000000000,155,,A1,A1,,시공간네트웍스(주),외부 신용보강,일반기업,현대건설
73651,케이에이치엘제삼차,KRZF0012E4G2,케이에이치엘제삼차 20260203-192-4,N,20260203,20260814,기타,KRW,,5000000000,5000000000,155,,A1,A1,,시공간네트웍스(주),자체 신용보강,자체 신용보강,세금환급(국세및지방세등)
73651,케이에이치엘제삼차,KRZF0012E4G2,케이에이치엘제삼차 20260203-192-4,N,20260203,20260814,기타,KRW,,5000000000,5000000000,155,,A1,A1,,고려자산개발 주식회사,외부 신용보강,일반기업,현대건설
73651,케이에이치엘제삼차,KRZF0012E4G2,케이에이치엘제삼차 20260203-192-4,N,20260203,20260814,기타,KRW,,5000000000,5000000000,155,,A1,A1,,고려자산개발 주식회사,자체 신용보강,자체 신용보강,세금환급(국세및지방세등)
73651,케이에이치엘제삼차,KRZF0012E5G2,케이에이치엘제삼차 20260203-192-5,N,20260203,20260814,기타,KRW,,5000000000,5000000000,155,,A1,A1,,시공간네트웍스(주),외부 신용보강,일반기업,현대건설
73651,케이에이치엘제삼차,KRZF0012E5G2,케이에이치엘제삼차 20260203-192-5,N,20260203,20260814,기타,KRW,,5000000000,5000000000,155,,A1,A1,,시공간네트웍스(주),자체 신용보강,자체 신용보강,세금환급(국세및지방세등)
73651,케이에이치엘제삼차,KRZF0012E5G2,케이에이치엘제삼차 20260203-192-5,N,20260203,20260814,기타,KRW,,5000000000,5000000000,155,,A1,A1,,고려자산개발 주식회사,외부 신용보강,일반기업,현대건설
73651,케이에이치엘제삼차,KRZF0012E5G2,케이에이치엘제삼차 20260203-192-5,N,20260203,20260814,기타,KRW,,5000000000,5000000000,155,,A1,A1,,고려자산개발 주식회사,자체 신용보강,자체 신용보강,세금환급(국세및지방세등)
73651,케이에이치엘제삼차,KRZF0012E6G2,케이에이치엘제삼차 20260203-192-6,N,20260203,20260814,기타,KRW,,5000000000,5000000000,155,,A1,A1,,시공간네트웍스(주),외부 신용보강,일반기업,현대건설
73651,케이에이치엘제삼차,KRZF0012E6G2,케이에이치엘제삼차 20260203-192-6,N,20260203,20260814,기타,KRW,,5000000000,5000000000,155,,A1,A1,,시공간네트웍스(주),자체 신용보강,자체 신용보강,세금환급(국세및지방세등)
73651,케이에이치엘제삼차,KRZF0012E6G2,케이에이치엘제삼차 20260203-192-6,N,20260203,20260814,기타,KRW,,5000000000,5000000000,155,,A1,A1,,고려자산개발 주식회사,외부 신용보강,일반기업,현대건설
73651,케이에이치엘제삼차,KRZF0012E6G2,케이에이치엘제삼차 20260203-192-6,N,20260203,20260814,기타,KRW,,5000000000,5000000000,155,,A1,A1,,고려자산개발 주식회사,자체 신용보강,자체 신용보강,세금환급(국세및지방세등)
73651,케이에이치엘제삼차,KRZF0012E7G2,케이에이치엘제삼차 20260203-192-7,N,20260203,20260814,기타,KRW,,5000000000,5000000000,155,,A1,A1,,시공간네트웍스(주),외부 신용보강,일반기업,현대건설
73651,케이에이치엘제삼차,KRZF0012E7G2,케이에이치엘제삼차 20260203-192-7,N,20260203,20260814,기타,KRW,,5000000000,5000000000,155,,A1,A1,,시공간네트웍스(주),자체 신용보강,자체 신용보강,세금환급(국세및지방세등)
73651,케이에이치엘제삼차,KRZF0012E7G2,케이에이치엘제삼차 20260203-192-7,N,20260203,20260814,기타,KRW,,5000000000,5000000000,155,,A1,A1,,고려자산개발 주식회사,외부 신용보강,일반기업,현대건설
73651,케이에이치엘제삼차,KRZF0012E7G2,케이에이치엘제삼차 20260203-192-7,N,20260203,20260814,기타,KRW,,5000000000,5000000000,155,,A1,A1,,고려자산개발 주식회사,자체 신용보강,자체 신용보강,세금환급(국세및지방세등)
73651,케이에이치엘제삼차,KRZF0012E8G2,케이에이치엘제삼차 20260203-192-8,N,20260203,20260814,기타,KRW,,5000000000,5000000000,155,,A1,A1,,시공간네트웍스(주),외부 신용보강,일반기업,현대건설
73651,케이에이치엘제삼차,KRZF0012E8G2,케이에이치엘제삼차 20260203-192-8,N,20260203,20260814,기타,KRW,,5000000000,5000000000,155,,A1,A1,,시공간네트웍스(주),자체 신용보강,자체 신용보강,세금환급(국세및지방세등)
73651,케이에이치엘제삼차,KRZF0012E8G2,케이에이치엘제삼차 20260203-192-8,N,20260203,20260814,기타,KRW,,5000000000,5000000000,155,,A1,A1,,고려자산개발 주식회사,외부 신용보강,일반기업,현대건설
73651,케이에이치엘제삼차,KRZF0012E8G2,케이에이치엘제삼차 20260203-192-8,N,20260203,20260814,기타,KRW,,5000000000,5000000000,155,,A1,A1,,고려자산개발 주식회사,자체 신용보강,자체 신용보강,세금환급(국세및지방세등)
73651,케이에이치엘제삼차,KRZF0012E9G2,케이에이치엘제삼차 20260203-192-9,N,20260203,20260814,기타,KRW,,5000000000,5000000000,155,,A1,A1,,시공간네트웍스(주),외부 신용보강,일반기업,현대건설
73651,케이에이치엘제삼차,KRZF0012E9G2,케이에이치엘제삼차 20260203-192-9,N,20260203,20260814,기타,KRW,,5000000000,5000000000,155,,A1,A1,,시공간네트웍스(주),자체 신용보강,자체 신용보강,세금환급(국세및지방세등)
73651,케이에이치엘제삼차,KRZF0012E9G2,케이에이치엘제삼차 20260203-192-9,N,20260203,20260814,기타,KRW,,5000000000,5000000000,155,,A1,A1,,고려자산개발 주식회사,외부 신용보강,일반기업,현대건설
73651,케이에이치엘제삼차,KRZF0012E9G2,케이에이치엘제삼차 20260203-192-9,N,20260203,20260814,기타,KRW,,5000000000,5000000000,155,,A1,A1,,고려자산개발 주식회사,자체 신용보강,자체 신용보강,세금환급(국세및지방세등)
66593,더블유엠우리마트제삼차,KRZFA89701G2,더블유엠우리마트제삼차 20260202-91-1,N,20260202,20260504,대출채권,KRW,,3750000000,3750000000,53,,A1,A1,,(주)우리마트,외부 신용보강,금융기관,한국산업은행
73617,디비엠비피제십차,KRZF0112V1G2,디비엠비피제십차 20260202-179-1,N,20260202,20260731,매출채권,KRW,,5000000000,5000000000,141,,A1,A1,,한화솔루션,자체 신용보강,자체 신용보강,한화솔루션
73617,디비엠비피제십차,KRZF0112VAG2,디비엠비피제십차 20260202-179-10,N,20260202,20260731,매출채권,KRW,,5000000000,5000000000,141,,A1,A1,,한화솔루션,자체 신용보강,자체 신용보강,한화솔루션
73617,디비엠비피제십차,KRZF0112VBG2,디비엠비피제십차 20260202-179-11,N,20260202,20260731,매출채권,KRW,,5000000000,5000000000,141,,A1,A1,,한화솔루션,자체 신용보강,자체 신용보강,한화솔루션
73617,디비엠비피제십차,KRZF0112VCG2,디비엠비피제십차 20260202-179-12,N,20260202,20260731,매출채권,KRW,,5000000000,5000000000,141,,A1,A1,,한화솔루션,자체 신용보강,자체 신용보강,한화솔루션
73617,디비엠비피제십차,KRZF0112VDG2,디비엠비피제십차 20260202-179-13,N,20260202,20260731,매출채권,KRW,,5000000000,5000000000,141,,A1,A1,,한화솔루션,자체 신용보강,자체 신용보강,한화솔루션
73617,디비엠비피제십차,KRZF0112VEG2,디비엠비피제십차 20260202-179-14,N,20260202,20260731,매출채권,KRW,,5000000000,5000000000,141,,A1,A1,,한화솔루션,자체 신용보강,자체 신용보강,한화솔루션
73617,디비엠비피제십차,KRZF0112VFG2,디비엠비피제십차 20260202-179-15,N,20260202,20260731,매출채권,KRW,,1500000000,1500000000,141,,A1,A1,,한화솔루션,자체 신용보강,자체 신용보강,한화솔루션
73617,디비엠비피제십차,KRZF0112V2G2,디비엠비피제십차 20260202-179-2,N,20260202,20260731,매출채권,KRW,,5000000000,5000000000,141,,A1,A1,,한화솔루션,자체 신용보강,자체 신용보강,한화솔루션
73617,디비엠비피제십차,KRZF0112V3G2,디비엠비피제십차 20260202-179-3,N,20260202,20260731,매출채권,KRW,,5000000000,5000000000,141,,A1,A1,,한화솔루션,자체 신용보강,자체 신용보강,한화솔루션
73617,디비엠비피제십차,KRZF0112V4G2,디비엠비피제십차 20260202-179-4,N,20260202,20260731,매출채권,KRW,,5000000000,5000000000,141,,A1,A1,,한화솔루션,자체 신용보강,자체 신용보강,한화솔루션
73617,디비엠비피제십차,KRZF0112V5G2,디비엠비피제십차 20260202-179-5,N,20260202,20260731,매출채권,KRW,,5000000000,5000000000,141,,A1,A1,,한화솔루션,자체 신용보강,자체 신용보강,한화솔루션
73617,디비엠비피제십차,KRZF0112V6G2,디비엠비피제십차 20260202-179-6,N,20260202,20260731,매출채권,KRW,,5000000000,5000000000,141,,A1,A1,,한화솔루션,자체 신용보강,자체 신용보강,한화솔루션
73617,디비엠비피제십차,KRZF0112V7G2,디비엠비피제십차 20260202-179-7,N,20260202,20260731,매출채권,KRW,,5000000000,5000000000,141,,A1,A1,,한화솔루션,자체 신용보강,자체 신용보강,한화솔루션
73617,디비엠비피제십차,KRZF0112V8G2,디비엠비피제십차 20260202-179-8,N,20260202,20260731,매출채권,KRW,,5000000000,5000000000,141,,A1,A1,,한화솔루션,자체 신용보강,자체 신용보강,한화솔루션
73617,디비엠비피제십차,KRZF0112V9G2,디비엠비피제십차 20260202-179-9,N,20260202,20260731,매출채권,KRW,,5000000000,5000000000,141,,A1,A1,,한화솔루션,자체 신용보강,자체 신용보강,한화솔루션
58481,리치게이트신반포,KRZFA37441G2,리치게이트신반포 20260202-56-1,Y,20260202,20260330,PF대출채권,KRW,,140000000,140000000,18,A1,,A1,,신반포22차아파트주택재건축정비사업조합,외부 신용보강,금융기관,신한은행
62706,에스에이치로드제이차,KRZFA64721G2,에스에이치로드제이차 20260202-87-1,N,20260202,20260430,대출채권,KRW,,5000000000,5000000000,49,A1,,A1,,만도,차환발행위험(유동성 공여형 매입약정),금융기관,신한은행
62706,에스에이치로드제이차,KRZFA64722G2,에스에이치로드제이차 20260202-87-2,N,20260202,20260430,대출채권,KRW,,5000000000,5000000000,49,A1,,A1,,만도,차환발행위험(유동성 공여형 매입약정),금융기관,신한은행
62706,에스에이치로드제이차,KRZFA64723G2,에스에이치로드제이차 20260202-87-3,N,20260202,20260430,대출채권,KRW,,5000000000,5000000000,49,A1,,A1,,만도,차환발행위험(유동성 공여형 매입약정),금융기관,신한은행
62706,에스에이치로드제이차,KRZFA64724G2,에스에이치로드제이차 20260202-87-4,N,20260202,20260430,대출채권,KRW,,5000000000,5000000000,49,A1,,A1,,만도,차환발행위험(유동성 공여형 매입약정),금융기관,신한은행
64599,에이치이원큐제이차,KRZFA76231G2,에이치이원큐제이차 20260202-91-1,N,20260202,20260504,대출채권,KRW,,5000000000,5000000000,53,A1,,A1,,한화에너지,차환발행위험(유동성 공여형 매입약정),금융기관,하나은행
64599,에이치이원큐제이차,KRZFA76232G2,에이치이원큐제이차 20260202-91-2,N,20260202,20260504,대출채권,KRW,,5000000000,5000000000,53,A1,,A1,,한화에너지,차환발행위험(유동성 공여형 매입약정),금융기관,하나은행
64599,에이치이원큐제이차,KRZFA76233G2,에이치이원큐제이차 20260202-91-3,N,20260202,20260504,대출채권,KRW,,5000000000,5000000000,53,A1,,A1,,한화에너지,차환발행위험(유동성 공여형 매입약정),금융기관,하나은행
64599,에이치이원큐제이차,KRZFA76234G2,에이치이원큐제이차 20260202-91-4,N,20260202,20260504,대출채권,KRW,,5000000000,5000000000,53,A1,,A1,,한화에너지,차환발행위험(유동성 공여형 매입약정),금융기관,하나은행
64599,에이치이원큐제이차,KRZFA76235G2,에이치이원큐제이차 20260202-91-5,N,20260202,20260504,대출채권,KRW,,5000000000,5000000000,53,A1,,A1,,한화에너지,차환발행위험(유동성 공여형 매입약정),금융기관,하나은행
64599,에이치이원큐제이차,KRZFA76236G2,에이치이원큐제이차 20260202-91-6,N,20260202,20260504,대출채권,KRW,,5000000000,5000000000,53,A1,,A1,,한화에너지,차환발행위험(유동성 공여형 매입약정),금융기관,하나은행
64610,에이치이제일차,KRZF377551G2,에이치이제일차 20260202-91-1,N,20260202,20260504,대출채권,KRW,,5000000000,5000000000,53,A1,A1,,,한화에너지,외부 신용보강,금융기관,우리은행
64610,에이치이제일차,KRZF377552G2,에이치이제일차 20260202-91-2,N,20260202,20260504,대출채권,KRW,,5000000000,5000000000,53,A1,A1,,,한화에너지,외부 신용보강,금융기관,우리은행
64610,에이치이제일차,KRZF377553G2,에이치이제일차 20260202-91-3,N,20260202,20260504,대출채권,KRW,,5000000000,5000000000,53,A1,A1,,,한화에너지,외부 신용보강,금융기관,우리은행
64610,에이치이제일차,KRZF377554G2,에이치이제일차 20260202-91-4,N,20260202,20260504,대출채권,KRW,,5000000000,5000000000,53,A1,A1,,,한화에너지,외부 신용보강,금융기관,우리은행
64610,에이치이제일차,KRZF377555G2,에이치이제일차 20260202-91-5,N,20260202,20260504,대출채권,KRW,,5000000000,5000000000,53,A1,A1,,,한화에너지,외부 신용보강,금융기관,우리은행
64610,에이치이제일차,KRZF377556G2,에이치이제일차 20260202-91-6,N,20260202,20260504,대출채권,KRW,,5000000000,5000000000,53,A1,A1,,,한화에너지,외부 신용보강,금융기관,우리은행
65537,우리유진제일차,KRZFA82621G2,우리유진제일차 20260202-91-1,N,20260202,20260504,대출채권,KRW,,5000000000,5000000000,53,A1,A1,,,유진기업,차환발행위험(유동성 공여형 매입약정),금융기관,우리은행
65537,우리유진제일차,KRZFA82622G2,우리유진제일차 20260202-91-2,N,20260202,20260504,대출채권,KRW,,5000000000,5000000000,53,A1,A1,,,유진기업,차환발행위험(유동성 공여형 매입약정),금융기관,우리은행
65537,우리유진제일차,KRZFA82623G2,우리유진제일차 20260202-91-3,N,20260202,20260504,대출채권,KRW,,5000000000,5000000000,53,A1,A1,,,유진기업,차환발행위험(유동성 공여형 매입약정),금융기관,우리은행
65537,우리유진제일차,KRZFA82624G2,우리유진제일차 20260202-91-4,N,20260202,20260504,대출채권,KRW,,5000000000,5000000000,53,A1,A1,,,유진기업,차환발행위험(유동성 공여형 매입약정),금융기관,우리은행
65537,우리유진제일차,KRZFA82625G2,우리유진제일차 20260202-91-5,N,20260202,20260504,대출채권,KRW,,5000000000,5000000000,53,A1,A1,,,유진기업,차환발행위험(유동성 공여형 매입약정),금융기관,우리은행
65537,우리유진제일차,KRZFA82626G2,우리유진제일차 20260202-91-6,N,20260202,20260504,대출채권,KRW,,5000000000,5000000000,53,A1,A1,,,유진기업,차환발행위험(유동성 공여형 매입약정),금융기관,우리은행
68701,지아이비에이엘제이차,KRZF0015W1G2,지아이비에이엘제이차 20260202-87-1,N,20260202,20260430,대출채권,KRW,,5000000000,5000000000,49,,A1,A1,,롯데알미늄,외부 신용보강,금융기관,신한은행
68701,지아이비에이엘제이차,KRZF0015W2G2,지아이비에이엘제이차 20260202-87-2,N,20260202,20260430,대출채권,KRW,,5000000000,5000000000,49,,A1,A1,,롯데알미늄,외부 신용보강,금융기관,신한은행
68701,지아이비에이엘제이차,KRZF0015W3G2,지아이비에이엘제이차 20260202-87-3,N,20260202,20260430,대출채권,KRW,,5000000000,5000000000,49,,A1,A1,,롯데알미늄,외부 신용보강,금융기관,신한은행
68701,지아이비에이엘제이차,KRZF0015W4G2,지아이비에이엘제이차 20260202-87-4,N,20260202,20260430,대출채권,KRW,,5000000000,5000000000,49,,A1,A1,,롯데알미늄,외부 신용보강,금융기관,신한은행
68701,지아이비에이엘제이차,KRZF0015W5G2,지아이비에이엘제이차 20260202-87-5,N,20260202,20260430,대출채권,KRW,,5000000000,5000000000,49,,A1,A1,,롯데알미늄,외부 신용보강,금융기관,신한은행
68701,지아이비에이엘제이차,KRZF0015W6G2,지아이비에이엘제이차 20260202-87-6,N,20260202,20260430,대출채권,KRW,,5000000000,5000000000,49,,A1,A1,,롯데알미늄,외부 신용보강,금융기관,신한은행
67685,지에스하나제사차,KRZFA97141G2,지에스하나제사차 20260202-87-1,N,20260202,20260430,대출채권,KRW,,5000000000,5000000000,49,A1,,A1,,지에스건설,차환발행위험(유동성 공여형 매입약정),금융기관,하나은행
67685,지에스하나제사차,KRZFA9714AG2,지에스하나제사차 20260202-87-10,N,20260202,20260430,대출채권,KRW,,5000000000,5000000000,49,A1,,A1,,지에스건설,차환발행위험(유동성 공여형 매입약정),금융기관,하나은행
67685,지에스하나제사차,KRZFA97142G2,지에스하나제사차 20260202-87-2,N,20260202,20260430,대출채권,KRW,,5000000000,5000000000,49,A1,,A1,,지에스건설,차환발행위험(유동성 공여형 매입약정),금융기관,하나은행
67685,지에스하나제사차,KRZFA97143G2,지에스하나제사차 20260202-87-3,N,20260202,20260430,대출채권,KRW,,5000000000,5000000000,49,A1,,A1,,지에스건설,차환발행위험(유동성 공여형 매입약정),금융기관,하나은행
67685,지에스하나제사차,KRZFA97144G2,지에스하나제사차 20260202-87-4,N,20260202,20260430,대출채권,KRW,,5000000000,5000000000,49,A1,,A1,,지에스건설,차환발행위험(유동성 공여형 매입약정),금융기관,하나은행
67685,지에스하나제사차,KRZFA97145G2,지에스하나제사차 20260202-87-5,N,20260202,20260430,대출채권,KRW,,5000000000,5000000000,49,A1,,A1,,지에스건설,차환발행위험(유동성 공여형 매입약정),금융기관,하나은행
67685,지에스하나제사차,KRZFA97146G2,지에스하나제사차 20260202-87-6,N,20260202,20260430,대출채권,KRW,,5000000000,5000000000,49,A1,,A1,,지에스건설,차환발행위험(유동성 공여형 매입약정),금융기관,하나은행
67685,지에스하나제사차,KRZFA97147G2,지에스하나제사차 20260202-87-7,N,20260202,20260430,대출채권,KRW,,5000000000,5000000000,49,A1,,A1,,지에스건설,차환발행위험(유동성 공여형 매입약정),금융기관,하나은행
67685,지에스하나제사차,KRZFA97148G2,지에스하나제사차 20260202-87-8,N,20260202,20260430,대출채권,KRW,,5000000000,5000000000,49,A1,,A1,,지에스건설,차환발행위험(유동성 공여형 매입약정),금융기관,하나은행
67685,지에스하나제사차,KRZFA97149G2,지에스하나제사차 20260202-87-9,N,20260202,20260430,대출채권,KRW,,5000000000,5000000000,49,A1,,A1,,지에스건설,차환발행위험(유동성 공여형 매입약정),금융기관,하나은행
49672,청라에너지제일차,KRZF370061G2,청라에너지제일차 20260202-91-1,N,20260202,20260504,대출채권,KRW,,5000000000,5000000000,53,A1,A1,,,청라에너지(주),차환발행위험(유동성 공여형 매입약정),금융기관,우리은행
49672,청라에너지제일차,KRZF370061G2,청라에너지제일차 20260202-91-1,N,20260202,20260504,대출채권,KRW,,5000000000,5000000000,53,A1,A1,,,청라에너지(주),차환발행위험(유동성 공여형 매입약정),금융기관,중소기업은행
49672,청라에너지제일차,KRZF37006BG2,청라에너지제일차 20260202-91-11,N,20260202,20260504,대출채권,KRW,,581000000,581000000,53,A1,A1,,,청라에너지(주),차환발행위험(유동성 공여형 매입약정),금융기관,우리은행
49672,청라에너지제일차,KRZF37006BG2,청라에너지제일차 20260202-91-11,N,20260202,20260504,대출채권,KRW,,581000000,581000000,53,A1,A1,,,청라에너지(주),차환발행위험(유동성 공여형 매입약정),금융기관,중소기업은행
49672,청라에너지제일차,KRZF37006CG2,청라에너지제일차 20260202-91-12,N,20260202,20260504,대출채권,KRW,,69189,69189,53,A1,A1,,,청라에너지(주),차환발행위험(유동성 공여형 매입약정),금융기관,우리은행
49672,청라에너지제일차,KRZF37006CG2,청라에너지제일차 20260202-91-12,N,20260202,20260504,대출채권,KRW,,69189,69189,53,A1,A1,,,청라에너지(주),차환발행위험(유동성 공여형 매입약정),금융기관,중소기업은행
49672,청라에너지제일차,KRZF37006DG2,청라에너지제일차 20260202-91-13,N,20260202,20260504,대출채권,KRW,,5000000000,5000000000,53,A1,A1,,,청라에너지(주),차환발행위험(유동성 공여형 매입약정),금융기관,우리은행
49672,청라에너지제일차,KRZF37006DG2,청라에너지제일차 20260202-91-13,N,20260202,20260504,대출채권,KRW,,5000000000,5000000000,53,A1,A1,,,청라에너지(주),차환발행위험(유동성 공여형 매입약정),금융기관,중소기업은행
49672,청라에너지제일차,KRZF37006EG2,청라에너지제일차 20260202-91-14,N,20260202,20260504,대출채권,KRW,,5000000000,5000000000,53,A1,A1,,,청라에너지(주),차환발행위험(유동성 공여형 매입약정),금융기관,우리은행
49672,청라에너지제일차,KRZF37006EG2,청라에너지제일차 20260202-91-14,N,20260202,20260504,대출채권,KRW,,5000000000,5000000000,53,A1,A1,,,청라에너지(주),차환발행위험(유동성 공여형 매입약정),금융기관,중소기업은행
49672,청라에너지제일차,KRZF37006FG2,청라에너지제일차 20260202-91-15,N,20260202,20260504,대출채권,KRW,,5000000000,5000000000,53,A1,A1,,,청라에너지(주),차환발행위험(유동성 공여형 매입약정),금융기관,우리은행
49672,청라에너지제일차,KRZF37006FG2,청라에너지제일차 20260202-91-15,N,20260202,20260504,대출채권,KRW,,5000000000,5000000000,53,A1,A1,,,청라에너지(주),차환발행위험(유동성 공여형 매입약정),금융기관,중소기업은행
49672,청라에너지제일차,KRZF37006GG2,청라에너지제일차 20260202-91-16,N,20260202,20260504,대출채권,KRW,,5000000000,5000000000,53,A1,A1,,,청라에너지(주),차환발행위험(유동성 공여형 매입약정),금융기관,우리은행
49672,청라에너지제일차,KRZF37006GG2,청라에너지제일차 20260202-91-16,N,20260202,20260504,대출채권,KRW,,5000000000,5000000000,53,A1,A1,,,청라에너지(주),차환발행위험(유동성 공여형 매입약정),금융기관,중소기업은행
49672,청라에너지제일차,KRZF37006HG2,청라에너지제일차 20260202-91-17,N,20260202,20260504,대출채권,KRW,,5000000000,5000000000,53,A1,A1,,,청라에너지(주),차환발행위험(유동성 공여형 매입약정),금융기관,우리은행
49672,청라에너지제일차,KRZF37006HG2,청라에너지제일차 20260202-91-17,N,20260202,20260504,대출채권,KRW,,5000000000,5000000000,53,A1,A1,,,청라에너지(주),차환발행위험(유동성 공여형 매입약정),금융기관,중소기업은행
49672,청라에너지제일차,KRZF37006JG2,청라에너지제일차 20260202-91-18,N,20260202,20260504,대출채권,KRW,,5000000000,5000000000,53,A1,A1,,,청라에너지(주),차환발행위험(유동성 공여형 매입약정),금융기관,우리은행
49672,청라에너지제일차,KRZF37006JG2,청라에너지제일차 20260202-91-18,N,20260202,20260504,대출채권,KRW,,5000000000,5000000000,53,A1,A1,,,청라에너지(주),차환발행위험(유동성 공여형 매입약정),금융기관,중소기업은행
49672,청라에너지제일차,KRZF37006KG2,청라에너지제일차 20260202-91-19,N,20260202,20260504,대출채권,KRW,,5000000000,5000000000,53,A1,A1,,,청라에너지(주),차환발행위험(유동성 공여형 매입약정),금융기관,우리은행
49672,청라에너지제일차,KRZF37006KG2,청라에너지제일차 20260202-91-19,N,20260202,20260504,대출채권,KRW,,5000000000,5000000000,53,A1,A1,,,청라에너지(주),차환발행위험(유동성 공여형 매입약정),금융기관,중소기업은행
49672,청라에너지제일차,KRZF370062G2,청라에너지제일차 20260202-91-2,N,20260202,20260504,대출채권,KRW,,5000000000,5000000000,53,A1,A1,,,청라에너지(주),차환발행위험(유동성 공여형 매입약정),금융기관,우리은행
49672,청라에너지제일차,KRZF370062G2,청라에너지제일차 20260202-91-2,N,20260202,20260504,대출채권,KRW,,5000000000,5000000000,53,A1,A1,,,청라에너지(주),차환발행위험(유동성 공여형 매입약정),금융기관,중소기업은행
49672,청라에너지제일차,KRZF37006LG2,청라에너지제일차 20260202-91-20,N,20260202,20260504,대출채권,KRW,,5000000000,5000000000,53,A1,A1,,,청라에너지(주),차환발행위험(유동성 공여형 매입약정),금융기관,우리은행
49672,청라에너지제일차,KRZF37006LG2,청라에너지제일차 20260202-91-20,N,20260202,20260504,대출채권,KRW,,5000000000,5000000000,53,A1,A1,,,청라에너지(주),차환발행위험(유동성 공여형 매입약정),금융기관,중소기업은행
49672,청라에너지제일차,KRZF37006MG2,청라에너지제일차 20260202-91-21,N,20260202,20260504,대출채권,KRW,,5000000000,5000000000,53,A1,A1,,,청라에너지(주),차환발행위험(유동성 공여형 매입약정),금융기관,우리은행
49672,청라에너지제일차,KRZF37006MG2,청라에너지제일차 20260202-91-21,N,20260202,20260504,대출채권,KRW,,5000000000,5000000000,53,A1,A1,,,청라에너지(주),차환발행위험(유동성 공여형 매입약정),금융기관,중소기업은행
49672,청라에너지제일차,KRZF37006NG2,청라에너지제일차 20260202-91-22,N,20260202,20260504,대출채권,KRW,,581069189,581069189,53,A1,A1,,,청라에너지(주),차환발행위험(유동성 공여형 매입약정),금융기관,우리은행
49672,청라에너지제일차,KRZF37006NG2,청라에너지제일차 20260202-91-22,N,20260202,20260504,대출채권,KRW,,581069189,581069189,53,A1,A1,,,청라에너지(주),차환발행위험(유동성 공여형 매입약정),금융기관,중소기업은행
49672,청라에너지제일차,KRZF370063G2,청라에너지제일차 20260202-91-3,N,20260202,20260504,대출채권,KRW,,5000000000,5000000000,53,A1,A1,,,청라에너지(주),차환발행위험(유동성 공여형 매입약정),금융기관,우리은행
49672,청라에너지제일차,KRZF370063G2,청라에너지제일차 20260202-91-3,N,20260202,20260504,대출채권,KRW,,5000000000,5000000000,53,A1,A1,,,청라에너지(주),차환발행위험(유동성 공여형 매입약정),금융기관,중소기업은행
49672,청라에너지제일차,KRZF370064G2,청라에너지제일차 20260202-91-4,N,20260202,20260504,대출채권,KRW,,5000000000,5000000000,53,A1,A1,,,청라에너지(주),차환발행위험(유동성 공여형 매입약정),금융기관,우리은행
49672,청라에너지제일차,KRZF370064G2,청라에너지제일차 20260202-91-4,N,20260202,20260504,대출채권,KRW,,5000000000,5000000000,53,A1,A1,,,청라에너지(주),차환발행위험(유동성 공여형 매입약정),금융기관,중소기업은행
49672,청라에너지제일차,KRZF370065G2,청라에너지제일차 20260202-91-5,N,20260202,20260504,대출채권,KRW,,5000000000,5000000000,53,A1,A1,,,청라에너지(주),차환발행위험(유동성 공여형 매입약정),금융기관,우리은행
49672,청라에너지제일차,KRZF370065G2,청라에너지제일차 20260202-91-5,N,20260202,20260504,대출채권,KRW,,5000000000,5000000000,53,A1,A1,,,청라에너지(주),차환발행위험(유동성 공여형 매입약정),금융기관,중소기업은행
49672,청라에너지제일차,KRZF370066G2,청라에너지제일차 20260202-91-6,N,20260202,20260504,대출채권,KRW,,5000000000,5000000000,53,A1,A1,,,청라에너지(주),차환발행위험(유동성 공여형 매입약정),금융기관,우리은행
49672,청라에너지제일차,KRZF370066G2,청라에너지제일차 20260202-91-6,N,20260202,20260504,대출채권,KRW,,5000000000,5000000000,53,A1,A1,,,청라에너지(주),차환발행위험(유동성 공여형 매입약정),금융기관,중소기업은행
49672,청라에너지제일차,KRZF370067G2,청라에너지제일차 20260202-91-7,N,20260202,20260504,대출채권,KRW,,5000000000,5000000000,53,A1,A1,,,청라에너지(주),차환발행위험(유동성 공여형 매입약정),금융기관,우리은행
49672,청라에너지제일차,KRZF370067G2,청라에너지제일차 20260202-91-7,N,20260202,20260504,대출채권,KRW,,5000000000,5000000000,53,A1,A1,,,청라에너지(주),차환발행위험(유동성 공여형 매입약정),금융기관,중소기업은행
49672,청라에너지제일차,KRZF370068G2,청라에너지제일차 20260202-91-8,N,20260202,20260504,대출채권,KRW,,5000000000,5000000000,53,A1,A1,,,청라에너지(주),차환발행위험(유동성 공여형 매입약정),금융기관,우리은행
49672,청라에너지제일차,KRZF370068G2,청라에너지제일차 20260202-91-8,N,20260202,20260504,대출채권,KRW,,5000000000,5000000000,53,A1,A1,,,청라에너지(주),차환발행위험(유동성 공여형 매입약정),금융기관,중소기업은행
49672,청라에너지제일차,KRZF370069G2,청라에너지제일차 20260202-91-9,N,20260202,20260504,대출채권,KRW,,5000000000,5000000000,53,A1,A1,,,청라에너지(주),차환발행위험(유동성 공여형 매입약정),금융기관,우리은행
49672,청라에너지제일차,KRZF370069G2,청라에너지제일차 20260202-91-9,N,20260202,20260504,대출채권,KRW,,5000000000,5000000000,53,A1,A1,,,청라에너지(주),차환발행위험(유동성 공여형 매입약정),금융기관,중소기업은행
72404,케이비신풍,KRZF0129T1G2,케이비신풍 20260202-87-1,Y,20260202,20260430,PF대출채권,KRW,,50000000000,50000000000,49,,A1,A1,,신길5동지역주택조합,차환발행위험(유동성 공여형 매입약정),금융기관,국민은행
72404,케이비신풍,KRZF0129TAG2,케이비신풍 20260202-87-10,Y,20260202,20260430,PF대출채권,KRW,,5000000000,5000000000,49,,A1,A1,,신길5동지역주택조합,차환발행위험(유동성 공여형 매입약정),금융기관,국민은행
72404,케이비신풍,KRZF0129TBG2,케이비신풍 20260202-87-11,Y,20260202,20260430,PF대출채권,KRW,,5000000000,5000000000,49,,A1,A1,,신길5동지역주택조합,차환발행위험(유동성 공여형 매입약정),금융기관,국민은행
72404,케이비신풍,KRZF0129TCG2,케이비신풍 20260202-87-12,Y,20260202,20260430,PF대출채권,KRW,,5000000000,5000000000,49,,A1,A1,,신길5동지역주택조합,차환발행위험(유동성 공여형 매입약정),금융기관,국민은행
72404,케이비신풍,KRZF0129TDG2,케이비신풍 20260202-87-13,Y,20260202,20260430,PF대출채권,KRW,,5000000000,5000000000,49,,A1,A1,,신길5동지역주택조합,차환발행위험(유동성 공여형 매입약정),금융기관,국민은행
72404,케이비신풍,KRZF0129TEG2,케이비신풍 20260202-87-14,Y,20260202,20260430,PF대출채권,KRW,,5000000000,5000000000,49,,A1,A1,,신길5동지역주택조합,차환발행위험(유동성 공여형 매입약정),금융기관,국민은행
72404,케이비신풍,KRZF0129TFG2,케이비신풍 20260202-87-15,Y,20260202,20260430,PF대출채권,KRW,,5000000000,5000000000,49,,A1,A1,,신길5동지역주택조합,차환발행위험(유동성 공여형 매입약정),금융기관,국민은행
72404,케이비신풍,KRZF0129TGG2,케이비신풍 20260202-87-16,Y,20260202,20260430,PF대출채권,KRW,,5000000000,5000000000,49,,A1,A1,,신길5동지역주택조합,차환발행위험(유동성 공여형 매입약정),금융기관,국민은행
72404,케이비신풍,KRZF0129THG2,케이비신풍 20260202-87-17,Y,20260202,20260430,PF대출채권,KRW,,5000000000,5000000000,49,,A1,A1,,신길5동지역주택조합,차환발행위험(유동성 공여형 매입약정),금융기관,국민은행
72404,케이비신풍,KRZF0129TJG2,케이비신풍 20260202-87-18,Y,20260202,20260430,PF대출채권,KRW,,5000000000,5000000000,49,,A1,A1,,신길5동지역주택조합,차환발행위험(유동성 공여형 매입약정),금융기관,국민은행
72404,케이비신풍,KRZF0129TKG2,케이비신풍 20260202-87-19,Y,20260202,20260430,PF대출채권,KRW,,5000000000,5000000000,49,,A1,A1,,신길5동지역주택조합,차환발행위험(유동성 공여형 매입약정),금융기관,국민은행
72404,케이비신풍,KRZF0129T2G2,케이비신풍 20260202-87-2,Y,20260202,20260430,PF대출채권,KRW,,10000000000,10000000000,49,,A1,A1,,신길5동지역주택조합,차환발행위험(유동성 공여형 매입약정),금융기관,국민은행
72404,케이비신풍,KRZF0129TLG2,케이비신풍 20260202-87-20,Y,20260202,20260430,PF대출채권,KRW,,5000000000,5000000000,49,,A1,A1,,신길5동지역주택조합,차환발행위험(유동성 공여형 매입약정),금융기관,국민은행
72404,케이비신풍,KRZF0129TMG2,케이비신풍 20260202-87-21,Y,20260202,20260430,PF대출채권,KRW,,5000000000,5000000000,49,,A1,A1,,신길5동지역주택조합,차환발행위험(유동성 공여형 매입약정),금융기관,국민은행
72404,케이비신풍,KRZF0129TNG2,케이비신풍 20260202-87-22,Y,20260202,20260430,PF대출채권,KRW,,5000000000,5000000000,49,,A1,A1,,신길5동지역주택조합,차환발행위험(유동성 공여형 매입약정),금융기관,국민은행
72404,케이비신풍,KRZF0129TPG2,케이비신풍 20260202-87-23,Y,20260202,20260430,PF대출채권,KRW,,3820000000,3820000000,49,,A1,A1,,신길5동지역주택조합,차환발행위험(유동성 공여형 매입약정),금융기관,국민은행
72404,케이비신풍,KRZF0129TQG2,케이비신풍 20260202-87-24,Y,20260202,20260430,PF대출채권,KRW,,3529412,3529412,49,,A1,A1,,신길5동지역주택조합,차환발행위험(유동성 공여형 매입약정),금융기관,국민은행
72404,케이비신풍,KRZF0129TRG2,케이비신풍 20260202-87-25,Y,20260202,20260430,PF대출채권,KRW,,5000000000,5000000000,49,,A1,A1,,신길5동지역주택조합,차환발행위험(유동성 공여형 매입약정),금융기관,국민은행
72404,케이비신풍,KRZF0129TSG2,케이비신풍 20260202-87-26,Y,20260202,20260430,PF대출채권,KRW,,5000000000,5000000000,49,,A1,A1,,신길5동지역주택조합,차환발행위험(유동성 공여형 매입약정),금융기관,국민은행
72404,케이비신풍,KRZF0129TTG2,케이비신풍 20260202-87-27,Y,20260202,20260430,PF대출채권,KRW,,5000000000,5000000000,49,,A1,A1,,신길5동지역주택조합,차환발행위험(유동성 공여형 매입약정),금융기관,국민은행
72404,케이비신풍,KRZF0129TVG2,케이비신풍 20260202-87-28,Y,20260202,20260430,PF대출채권,KRW,,5000000000,5000000000,49,,A1,A1,,신길5동지역주택조합,차환발행위험(유동성 공여형 매입약정),금융기관,국민은행
72404,케이비신풍,KRZF0129TWG2,케이비신풍 20260202-87-29,Y,20260202,20260430,PF대출채권,KRW,,10000000000,10000000000,49,,A1,A1,,신길5동지역주택조합,차환발행위험(유동성 공여형 매입약정),금융기관,국민은행
72404,케이비신풍,KRZF0129T3G2,케이비신풍 20260202-87-3,Y,20260202,20260430,PF대출채권,KRW,,10000000000,10000000000,49,,A1,A1,,신길5동지역주택조합,차환발행위험(유동성 공여형 매입약정),금융기관,국민은행
72404,케이비신풍,KRZF0129TXG2,케이비신풍 20260202-87-30,Y,20260202,20260430,PF대출채권,KRW,,10000000000,10000000000,49,,A1,A1,,신길5동지역주택조합,차환발행위험(유동성 공여형 매입약정),금융기관,국민은행
72404,케이비신풍,KRZF0129TYG2,케이비신풍 20260202-87-31,Y,20260202,20260430,PF대출채권,KRW,,10000000000,10000000000,49,,A1,A1,,신길5동지역주택조합,차환발행위험(유동성 공여형 매입약정),금융기관,국민은행
72404,케이비신풍,KRZF0129TZG2,케이비신풍 20260202-87-32,Y,20260202,20260430,PF대출채권,KRW,,5000000000,5000000000,49,,A1,A1,,신길5동지역주택조합,차환발행위험(유동성 공여형 매입약정),금융기관,국민은행
72404,케이비신풍,KRZF0129T0GE,케이비신풍 20260202-87-33,Y,20260202,20260430,PF대출채권,KRW,,5000000000,5000000000,49,,A1,A1,,신길5동지역주택조합,차환발행위험(유동성 공여형 매입약정),금융기관,국민은행
72404,케이비신풍,KRZF0129T1GE,케이비신풍 20260202-87-34,Y,20260202,20260430,PF대출채권,KRW,,5000000000,5000000000,49,,A1,A1,,신길5동지역주택조합,차환발행위험(유동성 공여형 매입약정),금융기관,국민은행
72404,케이비신풍,KRZF0129T2GE,케이비신풍 20260202-87-35,Y,20260202,20260430,PF대출채권,KRW,,5000000000,5000000000,49,,A1,A1,,신길5동지역주택조합,차환발행위험(유동성 공여형 매입약정),금융기관,국민은행
72404,케이비신풍,KRZF0129T3GE,케이비신풍 20260202-87-36,Y,20260202,20260430,PF대출채권,KRW,,5000000000,5000000000,49,,A1,A1,,신길5동지역주택조합,차환발행위험(유동성 공여형 매입약정),금융기관,국민은행
72404,케이비신풍,KRZF0129T4GE,케이비신풍 20260202-87-37,Y,20260202,20260430,PF대출채권,KRW,,5000000000,5000000000,49,,A1,A1,,신길5동지역주택조합,차환발행위험(유동성 공여형 매입약정),금융기관,국민은행
72404,케이비신풍,KRZF0129T5GE,케이비신풍 20260202-87-38,Y,20260202,20260430,PF대출채권,KRW,,5000000000,5000000000,49,,A1,A1,,신길5동지역주택조합,차환발행위험(유동성 공여형 매입약정),금융기관,국민은행
72404,케이비신풍,KRZF0129T6GE,케이비신풍 20260202-87-39,Y,20260202,20260430,PF대출채권,KRW,,5000000000,5000000000,49,,A1,A1,,신길5동지역주택조합,차환발행위험(유동성 공여형 매입약정),금융기관,국민은행
72404,케이비신풍,KRZF0129T4G2,케이비신풍 20260202-87-4,Y,20260202,20260430,PF대출채권,KRW,,10000000000,10000000000,49,,A1,A1,,신길5동지역주택조합,차환발행위험(유동성 공여형 매입약정),금융기관,국민은행
72404,케이비신풍,KRZF0129T7GE,케이비신풍 20260202-87-40,Y,20260202,20260430,PF대출채권,KRW,,588235294,588235294,49,,A1,A1,,신길5동지역주택조합,차환발행위험(유동성 공여형 매입약정),금융기관,국민은행
72404,케이비신풍,KRZF0129T5G2,케이비신풍 20260202-87-5,Y,20260202,20260430,PF대출채권,KRW,,10000000000,10000000000,49,,A1,A1,,신길5동지역주택조합,차환발행위험(유동성 공여형 매입약정),금융기관,국민은행
72404,케이비신풍,KRZF0129T6G2,케이비신풍 20260202-87-6,Y,20260202,20260430,PF대출채권,KRW,,10000000000,10000000000,49,,A1,A1,,신길5동지역주택조합,차환발행위험(유동성 공여형 매입약정),금융기관,국민은행
72404,케이비신풍,KRZF0129T7G2,케이비신풍 20260202-87-7,Y,20260202,20260430,PF대출채권,KRW,,10000000000,10000000000,49,,A1,A1,,신길5동지역주택조합,차환발행위험(유동성 공여형 매입약정),금융기관,국민은행
72404,케이비신풍,KRZF0129T8G2,케이비신풍 20260202-87-8,Y,20260202,20260430,PF대출채권,KRW,,10000000000,10000000000,49,,A1,A1,,신길5동지역주택조합,차환발행위험(유동성 공여형 매입약정),금융기관,국민은행
72404,케이비신풍,KRZF0129T9G2,케이비신풍 20260202-87-9,Y,20260202,20260430,PF대출채권,KRW,,10000000000,10000000000,49,,A1,A1,,신길5동지역주택조합,차환발행위험(유동성 공여형 매입약정),금융기관,국민은행
73639,투에스제이차,KRZF0055J1G2,투에스제이차 20260202-210-1,Y,20260202,20260831,PF대출채권,KRW,,70000000,70000000,172,A1,,A1,,(주) 가산웰스홀딩스,외부 신용보강,일반기업,현대건설
73639,투에스제이차,KRZF0055J1G2,투에스제이차 20260202-210-1,Y,20260202,20260831,PF대출채권,KRW,,70000000,70000000,172,A1,,A1,,(주) 가산웰스홀딩스,자체 신용보강,자체 신용보강,세금환급(국세및지방세등)
72331,하나아이티제일차,KRZF0119Z1G2,하나아이티제일차 20260202-87-1,N,20260202,20260430,대출채권,KRW,,5000000000,5000000000,49,A1,A1,,,에스케이아이이테크놀로지,차환발행위험(유동성 공여형 매입약정),금융기관,하나은행
72331,하나아이티제일차,KRZF0119Z2G2,하나아이티제일차 20260202-87-2,N,20260202,20260430,대출채권,KRW,,5000000000,5000000000,49,A1,A1,,,에스케이아이이테크놀로지,차환발행위험(유동성 공여형 매입약정),금융기관,하나은행
72331,하나아이티제일차,KRZF0119Z3G2,하나아이티제일차 20260202-87-3,N,20260202,20260430,대출채권,KRW,,5000000000,5000000000,49,A1,A1,,,에스케이아이이테크놀로지,차환발행위험(유동성 공여형 매입약정),금융기관,하나은행
72331,하나아이티제일차,KRZF0119Z4G2,하나아이티제일차 20260202-87-4,N,20260202,20260430,대출채권,KRW,,5000000000,5000000000,49,A1,A1,,,에스케이아이이테크놀로지,차환발행위험(유동성 공여형 매입약정),금융기관,하나은행
