플랜번호,발행인,종목코드,종목명,PF여부,발행일,만기일,기초자산,통화,환율,발행금액,원화환산발행금액,잔존일물,한국신용평가,한국기업평가,NICE신용평가,서울신용평가,실질자금조달자,신용보강 유형,신용보강기관 유형,신용보강기관
69344,넥스트비전제오차,KRZF0029H1G2,넥스트비전제오차 20260227-122-1,Y,20260227,20260629,PF대출채권,KRW,,5000000000,5000000000,109,A1,A1,,,(주)수서3블럭에스피씨,외부 신용보강,금융기관,메리츠증권
69344,넥스트비전제오차,KRZF0029H2G2,넥스트비전제오차 20260227-122-2,Y,20260227,20260629,PF대출채권,KRW,,2390000000,2390000000,109,A1,A1,,,(주)수서3블럭에스피씨,외부 신용보강,금융기관,메리츠증권
70206,노바에이비일차,KRZF0064WAG2,노바에이비일차 20260227-185-10,Y,20260227,20260831,PF대출채권,KRW,,5000000000,5000000000,172,A1,,A1,,주식회사 비에스디앤씨,외부 신용보강,금융기관,메리츠증권
70206,노바에이비일차,KRZF0064WDG2,노바에이비일차 20260227-185-13,Y,20260227,20260831,PF대출채권,KRW,,5000000000,5000000000,172,A1,,A1,,주식회사 비에스디앤씨,외부 신용보강,금융기관,메리츠증권
70206,노바에이비일차,KRZF0064WEG2,노바에이비일차 20260227-185-14,Y,20260227,20260831,PF대출채권,KRW,,5000000000,5000000000,172,A1,,A1,,주식회사 비에스디앤씨,외부 신용보강,금융기관,메리츠증권
70206,노바에이비일차,KRZF0064WFG2,노바에이비일차 20260227-185-15,Y,20260227,20260831,PF대출채권,KRW,,5000000000,5000000000,172,A1,,A1,,주식회사 비에스디앤씨,외부 신용보강,금융기관,메리츠증권
70206,노바에이비일차,KRZF0064W1G2,노바에이비일차 20260227-91-1,Y,20260227,20260529,PF대출채권,KRW,,5000000000,5000000000,78,A1,,A1,,주식회사 비에스디앤씨,외부 신용보강,금융기관,메리츠증권
70206,노바에이비일차,KRZF0064WBG2,노바에이비일차 20260227-91-11,Y,20260227,20260529,PF대출채권,KRW,,5000000000,5000000000,78,A1,,A1,,주식회사 비에스디앤씨,외부 신용보강,금융기관,메리츠증권
70206,노바에이비일차,KRZF0064WCG2,노바에이비일차 20260227-91-12,Y,20260227,20260529,PF대출채권,KRW,,5000000000,5000000000,78,A1,,A1,,주식회사 비에스디앤씨,외부 신용보강,금융기관,메리츠증권
70206,노바에이비일차,KRZF0064W2G2,노바에이비일차 20260227-91-2,Y,20260227,20260529,PF대출채권,KRW,,5000000000,5000000000,78,A1,,A1,,주식회사 비에스디앤씨,외부 신용보강,금융기관,메리츠증권
70206,노바에이비일차,KRZF0064W3G2,노바에이비일차 20260227-91-3,Y,20260227,20260529,PF대출채권,KRW,,5000000000,5000000000,78,A1,,A1,,주식회사 비에스디앤씨,외부 신용보강,금융기관,메리츠증권
70206,노바에이비일차,KRZF0064W4G2,노바에이비일차 20260227-91-4,Y,20260227,20260529,PF대출채권,KRW,,5000000000,5000000000,78,A1,,A1,,주식회사 비에스디앤씨,외부 신용보강,금융기관,메리츠증권
70206,노바에이비일차,KRZF0064W5G2,노바에이비일차 20260227-91-5,Y,20260227,20260529,PF대출채권,KRW,,5000000000,5000000000,78,A1,,A1,,주식회사 비에스디앤씨,외부 신용보강,금융기관,메리츠증권
70206,노바에이비일차,KRZF0064W6G2,노바에이비일차 20260227-91-6,Y,20260227,20260529,PF대출채권,KRW,,5000000000,5000000000,78,A1,,A1,,주식회사 비에스디앤씨,외부 신용보강,금융기관,메리츠증권
70206,노바에이비일차,KRZF0064W7G2,노바에이비일차 20260227-91-7,Y,20260227,20260529,PF대출채권,KRW,,5000000000,5000000000,78,A1,,A1,,주식회사 비에스디앤씨,외부 신용보강,금융기관,메리츠증권
70206,노바에이비일차,KRZF0064W8G2,노바에이비일차 20260227-91-8,Y,20260227,20260529,PF대출채권,KRW,,5000000000,5000000000,78,A1,,A1,,주식회사 비에스디앤씨,외부 신용보강,금융기관,메리츠증권
70206,노바에이비일차,KRZF0064W9G2,노바에이비일차 20260227-91-9,Y,20260227,20260529,PF대출채권,KRW,,5000000000,5000000000,78,A1,,A1,,주식회사 비에스디앤씨,외부 신용보강,금융기관,메리츠증권
72760,뉴스타시네제일차,KRZF0138W1G2,뉴스타시네제일차 20260227-28-1,Y,20260227,20260327,PF대출채권,KRW,,5000000000,5000000000,15,,A1,A1,,(주)한강시네폴리스개발,외부 신용보강,금융기관,케이비증권
72760,뉴스타시네제일차,KRZF0138W2G2,뉴스타시네제일차 20260227-28-2,Y,20260227,20260327,PF대출채권,KRW,,5000000000,5000000000,15,,A1,A1,,(주)한강시네폴리스개발,외부 신용보강,금융기관,케이비증권
72760,뉴스타시네제일차,KRZF0138W3G2,뉴스타시네제일차 20260227-28-3,Y,20260227,20260327,PF대출채권,KRW,,5000000000,5000000000,15,,A1,A1,,(주)한강시네폴리스개발,외부 신용보강,금융기관,케이비증권
72760,뉴스타시네제일차,KRZF0138W4G2,뉴스타시네제일차 20260227-28-4,Y,20260227,20260327,PF대출채권,KRW,,5000000000,5000000000,15,,A1,A1,,(주)한강시네폴리스개발,외부 신용보강,금융기관,케이비증권
72760,뉴스타시네제일차,KRZF0138W5G2,뉴스타시네제일차 20260227-28-5,Y,20260227,20260327,PF대출채권,KRW,,5000000000,5000000000,15,,A1,A1,,(주)한강시네폴리스개발,외부 신용보강,금융기관,케이비증권
72760,뉴스타시네제일차,KRZF0138W6G2,뉴스타시네제일차 20260227-28-6,Y,20260227,20260327,PF대출채권,KRW,,5000000000,5000000000,15,,A1,A1,,(주)한강시네폴리스개발,외부 신용보강,금융기관,케이비증권
73894,뉴스타엠지디제이차,KRZF0021G0GE,뉴스타엠지디제이차 20260227-181-33,N,20260227,20260827,대출채권,KRW,,1000000000,1000000000,168,A1,,A1,,인창개발(주),외부 신용보강,일반기업,현대건설
73894,뉴스타엠지디제이차,KRZF0021G1GE,뉴스타엠지디제이차 20260227-181-34,N,20260227,20260827,대출채권,KRW,,300000000,300000000,168,A1,,A1,,인창개발(주),외부 신용보강,일반기업,현대건설
73894,뉴스타엠지디제이차,KRZF0021G1G2,뉴스타엠지디제이차 20260227-364-1,N,20260227,20270226,대출채권,KRW,,10000000000,10000000000,351,A1,,A1,,인창개발(주),외부 신용보강,일반기업,현대건설
73894,뉴스타엠지디제이차,KRZF0021GAG2,뉴스타엠지디제이차 20260227-364-10,N,20260227,20270226,대출채권,KRW,,10000000000,10000000000,351,A1,,A1,,인창개발(주),외부 신용보강,일반기업,현대건설
73894,뉴스타엠지디제이차,KRZF0021GBG2,뉴스타엠지디제이차 20260227-364-11,N,20260227,20270226,대출채권,KRW,,5000000000,5000000000,351,A1,,A1,,인창개발(주),외부 신용보강,일반기업,현대건설
73894,뉴스타엠지디제이차,KRZF0021GCG2,뉴스타엠지디제이차 20260227-364-12,N,20260227,20270226,대출채권,KRW,,5000000000,5000000000,351,A1,,A1,,인창개발(주),외부 신용보강,일반기업,현대건설
73894,뉴스타엠지디제이차,KRZF0021GDG2,뉴스타엠지디제이차 20260227-364-13,N,20260227,20270226,대출채권,KRW,,5000000000,5000000000,351,A1,,A1,,인창개발(주),외부 신용보강,일반기업,현대건설
73894,뉴스타엠지디제이차,KRZF0021GEG2,뉴스타엠지디제이차 20260227-364-14,N,20260227,20270226,대출채권,KRW,,5000000000,5000000000,351,A1,,A1,,인창개발(주),외부 신용보강,일반기업,현대건설
73894,뉴스타엠지디제이차,KRZF0021GFG2,뉴스타엠지디제이차 20260227-364-15,N,20260227,20270226,대출채권,KRW,,5000000000,5000000000,351,A1,,A1,,인창개발(주),외부 신용보강,일반기업,현대건설
73894,뉴스타엠지디제이차,KRZF0021GGG2,뉴스타엠지디제이차 20260227-364-16,N,20260227,20270226,대출채권,KRW,,5000000000,5000000000,351,A1,,A1,,인창개발(주),외부 신용보강,일반기업,현대건설
73894,뉴스타엠지디제이차,KRZF0021GHG2,뉴스타엠지디제이차 20260227-364-17,N,20260227,20270226,대출채권,KRW,,5000000000,5000000000,351,A1,,A1,,인창개발(주),외부 신용보강,일반기업,현대건설
73894,뉴스타엠지디제이차,KRZF0021GJG2,뉴스타엠지디제이차 20260227-364-18,N,20260227,20270226,대출채권,KRW,,5000000000,5000000000,351,A1,,A1,,인창개발(주),외부 신용보강,일반기업,현대건설
73894,뉴스타엠지디제이차,KRZF0021GKG2,뉴스타엠지디제이차 20260227-364-19,N,20260227,20270226,대출채권,KRW,,5000000000,5000000000,351,A1,,A1,,인창개발(주),외부 신용보강,일반기업,현대건설
73894,뉴스타엠지디제이차,KRZF0021G2G2,뉴스타엠지디제이차 20260227-364-2,N,20260227,20270226,대출채권,KRW,,10000000000,10000000000,351,A1,,A1,,인창개발(주),외부 신용보강,일반기업,현대건설
73894,뉴스타엠지디제이차,KRZF0021GLG2,뉴스타엠지디제이차 20260227-364-20,N,20260227,20270226,대출채권,KRW,,5000000000,5000000000,351,A1,,A1,,인창개발(주),외부 신용보강,일반기업,현대건설
73894,뉴스타엠지디제이차,KRZF0021GMG2,뉴스타엠지디제이차 20260227-364-21,N,20260227,20270226,대출채권,KRW,,5000000000,5000000000,351,A1,,A1,,인창개발(주),외부 신용보강,일반기업,현대건설
73894,뉴스타엠지디제이차,KRZF0021GNG2,뉴스타엠지디제이차 20260227-364-22,N,20260227,20270226,대출채권,KRW,,5000000000,5000000000,351,A1,,A1,,인창개발(주),외부 신용보강,일반기업,현대건설
73894,뉴스타엠지디제이차,KRZF0021GPG2,뉴스타엠지디제이차 20260227-364-23,N,20260227,20270226,대출채권,KRW,,5000000000,5000000000,351,A1,,A1,,인창개발(주),외부 신용보강,일반기업,현대건설
73894,뉴스타엠지디제이차,KRZF0021GQG2,뉴스타엠지디제이차 20260227-364-24,N,20260227,20270226,대출채권,KRW,,5000000000,5000000000,351,A1,,A1,,인창개발(주),외부 신용보강,일반기업,현대건설
73894,뉴스타엠지디제이차,KRZF0021GRG2,뉴스타엠지디제이차 20260227-364-25,N,20260227,20270226,대출채권,KRW,,5000000000,5000000000,351,A1,,A1,,인창개발(주),외부 신용보강,일반기업,현대건설
73894,뉴스타엠지디제이차,KRZF0021GSG2,뉴스타엠지디제이차 20260227-364-26,N,20260227,20270226,대출채권,KRW,,5000000000,5000000000,351,A1,,A1,,인창개발(주),외부 신용보강,일반기업,현대건설
73894,뉴스타엠지디제이차,KRZF0021GTG2,뉴스타엠지디제이차 20260227-364-27,N,20260227,20270226,대출채권,KRW,,5000000000,5000000000,351,A1,,A1,,인창개발(주),외부 신용보강,일반기업,현대건설
73894,뉴스타엠지디제이차,KRZF0021GVG2,뉴스타엠지디제이차 20260227-364-28,N,20260227,20270226,대출채권,KRW,,5000000000,5000000000,351,A1,,A1,,인창개발(주),외부 신용보강,일반기업,현대건설
73894,뉴스타엠지디제이차,KRZF0021GWG2,뉴스타엠지디제이차 20260227-364-29,N,20260227,20270226,대출채권,KRW,,5000000000,5000000000,351,A1,,A1,,인창개발(주),외부 신용보강,일반기업,현대건설
73894,뉴스타엠지디제이차,KRZF0021G3G2,뉴스타엠지디제이차 20260227-364-3,N,20260227,20270226,대출채권,KRW,,10000000000,10000000000,351,A1,,A1,,인창개발(주),외부 신용보강,일반기업,현대건설
73894,뉴스타엠지디제이차,KRZF0021GXG2,뉴스타엠지디제이차 20260227-364-30,N,20260227,20270226,대출채권,KRW,,5000000000,5000000000,351,A1,,A1,,인창개발(주),외부 신용보강,일반기업,현대건설
73894,뉴스타엠지디제이차,KRZF0021GYG2,뉴스타엠지디제이차 20260227-364-31,N,20260227,20270226,대출채권,KRW,,5000000000,5000000000,351,A1,,A1,,인창개발(주),외부 신용보강,일반기업,현대건설
73894,뉴스타엠지디제이차,KRZF0021GZG2,뉴스타엠지디제이차 20260227-364-32,N,20260227,20270226,대출채권,KRW,,8500000000,8500000000,351,A1,,A1,,인창개발(주),외부 신용보강,일반기업,현대건설
73894,뉴스타엠지디제이차,KRZF0021G4G2,뉴스타엠지디제이차 20260227-364-4,N,20260227,20270226,대출채권,KRW,,10000000000,10000000000,351,A1,,A1,,인창개발(주),외부 신용보강,일반기업,현대건설
73894,뉴스타엠지디제이차,KRZF0021G5G2,뉴스타엠지디제이차 20260227-364-5,N,20260227,20270226,대출채권,KRW,,10000000000,10000000000,351,A1,,A1,,인창개발(주),외부 신용보강,일반기업,현대건설
73894,뉴스타엠지디제이차,KRZF0021G6G2,뉴스타엠지디제이차 20260227-364-6,N,20260227,20270226,대출채권,KRW,,10000000000,10000000000,351,A1,,A1,,인창개발(주),외부 신용보강,일반기업,현대건설
73894,뉴스타엠지디제이차,KRZF0021G7G2,뉴스타엠지디제이차 20260227-364-7,N,20260227,20270226,대출채권,KRW,,10000000000,10000000000,351,A1,,A1,,인창개발(주),외부 신용보강,일반기업,현대건설
73894,뉴스타엠지디제이차,KRZF0021G8G2,뉴스타엠지디제이차 20260227-364-8,N,20260227,20270226,대출채권,KRW,,10000000000,10000000000,351,A1,,A1,,인창개발(주),외부 신용보강,일반기업,현대건설
73894,뉴스타엠지디제이차,KRZF0021G9G2,뉴스타엠지디제이차 20260227-364-9,N,20260227,20270226,대출채권,KRW,,10000000000,10000000000,351,A1,,A1,,인창개발(주),외부 신용보강,일반기업,현대건설
65751,리치게이트남서울,KRZFA84321G2,리치게이트남서울 20260227-28-1,Y,20260227,20260327,PF대출채권,KRW,,5000000000,5000000000,15,A1,,A1,,남서울종합시장 시장정비사업조합,외부 신용보강,금융기관,신한은행
65751,리치게이트남서울,KRZFA84322G2,리치게이트남서울 20260227-28-2,Y,20260227,20260327,PF대출채권,KRW,,5000000000,5000000000,15,A1,,A1,,남서울종합시장 시장정비사업조합,외부 신용보강,금융기관,신한은행
65751,리치게이트남서울,KRZFA84323G2,리치게이트남서울 20260227-28-3,Y,20260227,20260327,PF대출채권,KRW,,5000000000,5000000000,15,A1,,A1,,남서울종합시장 시장정비사업조합,외부 신용보강,금융기관,신한은행
65751,리치게이트남서울,KRZFA84324G2,리치게이트남서울 20260227-28-4,Y,20260227,20260327,PF대출채권,KRW,,5000000000,5000000000,15,A1,,A1,,남서울종합시장 시장정비사업조합,외부 신용보강,금융기관,신한은행
65751,리치게이트남서울,KRZFA84325G2,리치게이트남서울 20260227-28-5,Y,20260227,20260327,PF대출채권,KRW,,5000000000,5000000000,15,A1,,A1,,남서울종합시장 시장정비사업조합,외부 신용보강,금융기관,신한은행
65751,리치게이트남서울,KRZFA84326G2,리치게이트남서울 20260227-28-6,Y,20260227,20260327,PF대출채권,KRW,,5000000000,5000000000,15,A1,,A1,,남서울종합시장 시장정비사업조합,외부 신용보강,금융기관,신한은행
65751,리치게이트남서울,KRZFA84327G2,리치게이트남서울 20260227-28-7,Y,20260227,20260327,PF대출채권,KRW,,5000000000,5000000000,15,A1,,A1,,남서울종합시장 시장정비사업조합,외부 신용보강,금융기관,신한은행
65751,리치게이트남서울,KRZFA84328G2,리치게이트남서울 20260227-28-8,Y,20260227,20260327,PF대출채권,KRW,,4410379046,4410379046,15,A1,,A1,,남서울종합시장 시장정비사업조합,외부 신용보강,금융기관,신한은행
69042,리치게이트배곧제이차,KRZF0025B1G2,리치게이트배곧제이차 20260227-90-1,N,20260227,20260528,대출채권,KRW,,5000000000,5000000000,77,,,,,(주)프리모,외부 신용보강,금융기관,신한은행
69042,리치게이트배곧제이차,KRZF0025B2G2,리치게이트배곧제이차 20260227-90-2,N,20260227,20260528,대출채권,KRW,,5000000000,5000000000,77,,,,,(주)프리모,외부 신용보강,금융기관,신한은행
69042,리치게이트배곧제이차,KRZF0025B3G2,리치게이트배곧제이차 20260227-90-3,N,20260227,20260528,대출채권,KRW,,5000000000,5000000000,77,,,,,(주)프리모,외부 신용보강,금융기관,신한은행
64825,리치게이트지에스,KRZFA58081G2,리치게이트지에스 20260227-89-1,N,20260227,20260527,대출채권,KRW,,1500000000,1500000000,76,,A1,A1,,지에스건설,차환발행위험(유동성 공여형 매입약정),금융기관,신한은행
64825,리치게이트지에스,KRZFA58082G2,리치게이트지에스 20260227-89-2,N,20260227,20260527,대출채권,KRW,,5000000000,5000000000,76,,A1,A1,,지에스건설,차환발행위험(유동성 공여형 매입약정),금융기관,신한은행
64825,리치게이트지에스,KRZFA58083G2,리치게이트지에스 20260227-89-3,N,20260227,20260527,대출채권,KRW,,5000000000,5000000000,76,,A1,A1,,지에스건설,차환발행위험(유동성 공여형 매입약정),금융기관,신한은행
66852,무비하나제일차,KRZFA91241G2,무비하나제일차 20260227-89-1,N,20260227,20260527,대출채권,KRW,,5000000000,5000000000,76,,A1,A1,,씨제이씨지브이,외부 신용보강,금융기관,하나은행
66852,무비하나제일차,KRZFA9124AG2,무비하나제일차 20260227-89-10,N,20260227,20260527,대출채권,KRW,,5000000000,5000000000,76,,A1,A1,,씨제이씨지브이,외부 신용보강,금융기관,하나은행
66852,무비하나제일차,KRZFA91242G2,무비하나제일차 20260227-89-2,N,20260227,20260527,대출채권,KRW,,5000000000,5000000000,76,,A1,A1,,씨제이씨지브이,외부 신용보강,금융기관,하나은행
66852,무비하나제일차,KRZFA91243G2,무비하나제일차 20260227-89-3,N,20260227,20260527,대출채권,KRW,,5000000000,5000000000,76,,A1,A1,,씨제이씨지브이,외부 신용보강,금융기관,하나은행
66852,무비하나제일차,KRZFA91244G2,무비하나제일차 20260227-89-4,N,20260227,20260527,대출채권,KRW,,5000000000,5000000000,76,,A1,A1,,씨제이씨지브이,외부 신용보강,금융기관,하나은행
66852,무비하나제일차,KRZFA91245G2,무비하나제일차 20260227-89-5,N,20260227,20260527,대출채권,KRW,,5000000000,5000000000,76,,A1,A1,,씨제이씨지브이,외부 신용보강,금융기관,하나은행
66852,무비하나제일차,KRZFA91246G2,무비하나제일차 20260227-89-6,N,20260227,20260527,대출채권,KRW,,5000000000,5000000000,76,,A1,A1,,씨제이씨지브이,외부 신용보강,금융기관,하나은행
66852,무비하나제일차,KRZFA91247G2,무비하나제일차 20260227-89-7,N,20260227,20260527,대출채권,KRW,,5000000000,5000000000,76,,A1,A1,,씨제이씨지브이,외부 신용보강,금융기관,하나은행
66852,무비하나제일차,KRZFA91248G2,무비하나제일차 20260227-89-8,N,20260227,20260527,대출채권,KRW,,5000000000,5000000000,76,,A1,A1,,씨제이씨지브이,외부 신용보강,금융기관,하나은행
66852,무비하나제일차,KRZFA91249G2,무비하나제일차 20260227-89-9,N,20260227,20260527,대출채권,KRW,,5000000000,5000000000,76,,A1,A1,,씨제이씨지브이,외부 신용보강,금융기관,하나은행
73944,비엔케이썸제이십사차,KRZF0048R1G2,비엔케이썸제이십사차 20260227-185-1,Y,20260227,20260831,PF대출채권,KRW,,50000000,50000000,172,A1,A1,,,투에스제구차(주),외부 신용보강,일반기업,현대건설
73944,비엔케이썸제이십사차,KRZF0048R1G2,비엔케이썸제이십사차 20260227-185-1,Y,20260227,20260831,PF대출채권,KRW,,50000000,50000000,172,A1,A1,,,투에스제구차(주),자체 신용보강,자체 신용보강,세금환급(국세및지방세등)
73862,에스디비제십차,KRZF0006B1G2,에스디비제십차 20260227-181-1,N,20260227,20260827,매출채권,KRW,,5000000000,5000000000,168,A1,,A1,,롯데케미칼,자체 신용보강,자체 신용보강,롯데케미칼
73862,에스디비제십차,KRZF0006B2G2,에스디비제십차 20260227-181-2,N,20260227,20260827,매출채권,KRW,,5000000000,5000000000,168,A1,,A1,,롯데케미칼,자체 신용보강,자체 신용보강,롯데케미칼
73862,에스디비제십차,KRZF0006B3G2,에스디비제십차 20260227-181-3,N,20260227,20260827,매출채권,KRW,,2000000000,2000000000,168,A1,,A1,,롯데케미칼,자체 신용보강,자체 신용보강,롯데케미칼
69017,에스엘티가산제일차,KRZF0020T1G2,에스엘티가산제일차 20260227-182-1,Y,20260227,20260828,PF대출채권,KRW,,5000000000,5000000000,169,A1,,A1,,비젼파크(유),외부 신용보강,금융기관,메리츠증권
69017,에스엘티가산제일차,KRZF0020T2G2,에스엘티가산제일차 20260227-182-2,Y,20260227,20260828,PF대출채권,KRW,,5000000000,5000000000,169,A1,,A1,,비젼파크(유),외부 신용보강,금융기관,메리츠증권
69017,에스엘티가산제일차,KRZF0020T3G2,에스엘티가산제일차 20260227-182-3,Y,20260227,20260828,PF대출채권,KRW,,5000000000,5000000000,169,A1,,A1,,비젼파크(유),외부 신용보강,금융기관,메리츠증권
69017,에스엘티가산제일차,KRZF0020T4G2,에스엘티가산제일차 20260227-182-4,Y,20260227,20260828,PF대출채권,KRW,,5000000000,5000000000,169,A1,,A1,,비젼파크(유),외부 신용보강,금융기관,메리츠증권
69017,에스엘티가산제일차,KRZF0020T5G2,에스엘티가산제일차 20260227-182-5,Y,20260227,20260828,PF대출채권,KRW,,5000000000,5000000000,169,A1,,A1,,비젼파크(유),외부 신용보강,금융기관,메리츠증권
69017,에스엘티가산제일차,KRZF0020T6G2,에스엘티가산제일차 20260227-182-6,Y,20260227,20260828,PF대출채권,KRW,,5000000000,5000000000,169,A1,,A1,,비젼파크(유),외부 신용보강,금융기관,메리츠증권
69017,에스엘티가산제일차,KRZF0020T7G2,에스엘티가산제일차 20260227-182-7,Y,20260227,20260828,PF대출채권,KRW,,5000000000,5000000000,169,A1,,A1,,비젼파크(유),외부 신용보강,금융기관,메리츠증권
69017,에스엘티가산제일차,KRZF0020T8G2,에스엘티가산제일차 20260227-182-8,Y,20260227,20260828,PF대출채권,KRW,,2440000000,2440000000,169,A1,,A1,,비젼파크(유),외부 신용보강,금융기관,메리츠증권
70673,에스프로젝트올영,KRZF0081P1G2,에스프로젝트올영 20260227-28-1,N,20260227,20260327,기타,KRW,,5000000000,5000000000,15,,A1,A1,,씨제이올리브영,차환발행위험(유동성 공여형 매입약정),금융기관,신한은행
70673,에스프로젝트올영,KRZF0081PAG2,에스프로젝트올영 20260227-28-10,N,20260227,20260327,기타,KRW,,5000000000,5000000000,15,,A1,A1,,씨제이올리브영,차환발행위험(유동성 공여형 매입약정),금융기관,신한은행
70673,에스프로젝트올영,KRZF0081PBG2,에스프로젝트올영 20260227-28-11,N,20260227,20260327,기타,KRW,,5000000000,5000000000,15,,A1,A1,,씨제이올리브영,차환발행위험(유동성 공여형 매입약정),금융기관,신한은행
70673,에스프로젝트올영,KRZF0081PCG2,에스프로젝트올영 20260227-28-12,N,20260227,20260327,기타,KRW,,5000000000,5000000000,15,,A1,A1,,씨제이올리브영,차환발행위험(유동성 공여형 매입약정),금융기관,신한은행
70673,에스프로젝트올영,KRZF0081PDG2,에스프로젝트올영 20260227-28-13,N,20260227,20260327,기타,KRW,,5000000000,5000000000,15,,A1,A1,,씨제이올리브영,차환발행위험(유동성 공여형 매입약정),금융기관,신한은행
70673,에스프로젝트올영,KRZF0081PEG2,에스프로젝트올영 20260227-28-14,N,20260227,20260327,기타,KRW,,5000000000,5000000000,15,,A1,A1,,씨제이올리브영,차환발행위험(유동성 공여형 매입약정),금융기관,신한은행
70673,에스프로젝트올영,KRZF0081PFG2,에스프로젝트올영 20260227-28-15,N,20260227,20260327,기타,KRW,,5000000000,5000000000,15,,A1,A1,,씨제이올리브영,차환발행위험(유동성 공여형 매입약정),금융기관,신한은행
70673,에스프로젝트올영,KRZF0081PGG2,에스프로젝트올영 20260227-28-16,N,20260227,20260327,기타,KRW,,1300000000,1300000000,15,,A1,A1,,씨제이올리브영,차환발행위험(유동성 공여형 매입약정),금융기관,신한은행
70673,에스프로젝트올영,KRZF0081PHG2,에스프로젝트올영 20260227-28-17,N,20260227,20260327,기타,KRW,,5000000000,5000000000,15,,A1,A1,,씨제이올리브영,차환발행위험(유동성 공여형 매입약정),금융기관,신한은행
70673,에스프로젝트올영,KRZF0081PJG2,에스프로젝트올영 20260227-28-18,N,20260227,20260327,기타,KRW,,5000000000,5000000000,15,,A1,A1,,씨제이올리브영,차환발행위험(유동성 공여형 매입약정),금융기관,신한은행
70673,에스프로젝트올영,KRZF0081PKG2,에스프로젝트올영 20260227-28-19,N,20260227,20260327,기타,KRW,,5000000000,5000000000,15,,A1,A1,,씨제이올리브영,차환발행위험(유동성 공여형 매입약정),금융기관,신한은행
70673,에스프로젝트올영,KRZF0081P2G2,에스프로젝트올영 20260227-28-2,N,20260227,20260327,기타,KRW,,5000000000,5000000000,15,,A1,A1,,씨제이올리브영,차환발행위험(유동성 공여형 매입약정),금융기관,신한은행
70673,에스프로젝트올영,KRZF0081PLG2,에스프로젝트올영 20260227-28-20,N,20260227,20260327,기타,KRW,,5000000000,5000000000,15,,A1,A1,,씨제이올리브영,차환발행위험(유동성 공여형 매입약정),금융기관,신한은행
70673,에스프로젝트올영,KRZF0081PMG2,에스프로젝트올영 20260227-28-21,N,20260227,20260327,기타,KRW,,5000000000,5000000000,15,,A1,A1,,씨제이올리브영,차환발행위험(유동성 공여형 매입약정),금융기관,신한은행
70673,에스프로젝트올영,KRZF0081PNG2,에스프로젝트올영 20260227-28-22,N,20260227,20260327,기타,KRW,,5000000000,5000000000,15,,A1,A1,,씨제이올리브영,차환발행위험(유동성 공여형 매입약정),금융기관,신한은행
70673,에스프로젝트올영,KRZF0081PPG2,에스프로젝트올영 20260227-28-23,N,20260227,20260327,기타,KRW,,5000000000,5000000000,15,,A1,A1,,씨제이올리브영,차환발행위험(유동성 공여형 매입약정),금융기관,신한은행
70673,에스프로젝트올영,KRZF0081PQG2,에스프로젝트올영 20260227-28-24,N,20260227,20260327,기타,KRW,,5000000000,5000000000,15,,A1,A1,,씨제이올리브영,차환발행위험(유동성 공여형 매입약정),금융기관,신한은행
70673,에스프로젝트올영,KRZF0081PRG2,에스프로젝트올영 20260227-28-25,N,20260227,20260327,기타,KRW,,5000000000,5000000000,15,,A1,A1,,씨제이올리브영,차환발행위험(유동성 공여형 매입약정),금융기관,신한은행
70673,에스프로젝트올영,KRZF0081PSG2,에스프로젝트올영 20260227-28-26,N,20260227,20260327,기타,KRW,,5000000000,5000000000,15,,A1,A1,,씨제이올리브영,차환발행위험(유동성 공여형 매입약정),금융기관,신한은행
70673,에스프로젝트올영,KRZF0081PTG2,에스프로젝트올영 20260227-28-27,N,20260227,20260327,기타,KRW,,5000000000,5000000000,15,,A1,A1,,씨제이올리브영,차환발행위험(유동성 공여형 매입약정),금융기관,신한은행
70673,에스프로젝트올영,KRZF0081PVG2,에스프로젝트올영 20260227-28-28,N,20260227,20260327,기타,KRW,,5000000000,5000000000,15,,A1,A1,,씨제이올리브영,차환발행위험(유동성 공여형 매입약정),금융기관,신한은행
70673,에스프로젝트올영,KRZF0081PWG2,에스프로젝트올영 20260227-28-29,N,20260227,20260327,기타,KRW,,5000000000,5000000000,15,,A1,A1,,씨제이올리브영,차환발행위험(유동성 공여형 매입약정),금융기관,신한은행
70673,에스프로젝트올영,KRZF0081P3G2,에스프로젝트올영 20260227-28-3,N,20260227,20260327,기타,KRW,,5000000000,5000000000,15,,A1,A1,,씨제이올리브영,차환발행위험(유동성 공여형 매입약정),금융기관,신한은행
70673,에스프로젝트올영,KRZF0081PXG2,에스프로젝트올영 20260227-28-30,N,20260227,20260327,기타,KRW,,5000000000,5000000000,15,,A1,A1,,씨제이올리브영,차환발행위험(유동성 공여형 매입약정),금융기관,신한은행
70673,에스프로젝트올영,KRZF0081PYG2,에스프로젝트올영 20260227-28-31,N,20260227,20260327,기타,KRW,,5000000000,5000000000,15,,A1,A1,,씨제이올리브영,차환발행위험(유동성 공여형 매입약정),금융기관,신한은행
70673,에스프로젝트올영,KRZF0081PZG2,에스프로젝트올영 20260227-28-32,N,20260227,20260327,기타,KRW,,5000000000,5000000000,15,,A1,A1,,씨제이올리브영,차환발행위험(유동성 공여형 매입약정),금융기관,신한은행
70673,에스프로젝트올영,KRZF0081P0GE,에스프로젝트올영 20260227-28-33,N,20260227,20260327,기타,KRW,,5000000000,5000000000,15,,A1,A1,,씨제이올리브영,차환발행위험(유동성 공여형 매입약정),금융기관,신한은행
70673,에스프로젝트올영,KRZF0081P1GE,에스프로젝트올영 20260227-28-34,N,20260227,20260327,기타,KRW,,5000000000,5000000000,15,,A1,A1,,씨제이올리브영,차환발행위험(유동성 공여형 매입약정),금융기관,신한은행
70673,에스프로젝트올영,KRZF0081P2GE,에스프로젝트올영 20260227-28-35,N,20260227,20260327,기타,KRW,,5000000000,5000000000,15,,A1,A1,,씨제이올리브영,차환발행위험(유동성 공여형 매입약정),금융기관,신한은행
70673,에스프로젝트올영,KRZF0081P3GE,에스프로젝트올영 20260227-28-36,N,20260227,20260327,기타,KRW,,5000000000,5000000000,15,,A1,A1,,씨제이올리브영,차환발행위험(유동성 공여형 매입약정),금융기관,신한은행
70673,에스프로젝트올영,KRZF0081P4GE,에스프로젝트올영 20260227-28-37,N,20260227,20260327,기타,KRW,,4156576630,4156576630,15,,A1,A1,,씨제이올리브영,차환발행위험(유동성 공여형 매입약정),금융기관,신한은행
70673,에스프로젝트올영,KRZF0081P4G2,에스프로젝트올영 20260227-28-4,N,20260227,20260327,기타,KRW,,5000000000,5000000000,15,,A1,A1,,씨제이올리브영,차환발행위험(유동성 공여형 매입약정),금융기관,신한은행
70673,에스프로젝트올영,KRZF0081P5G2,에스프로젝트올영 20260227-28-5,N,20260227,20260327,기타,KRW,,5000000000,5000000000,15,,A1,A1,,씨제이올리브영,차환발행위험(유동성 공여형 매입약정),금융기관,신한은행
70673,에스프로젝트올영,KRZF0081P6G2,에스프로젝트올영 20260227-28-6,N,20260227,20260327,기타,KRW,,5000000000,5000000000,15,,A1,A1,,씨제이올리브영,차환발행위험(유동성 공여형 매입약정),금융기관,신한은행
70673,에스프로젝트올영,KRZF0081P7G2,에스프로젝트올영 20260227-28-7,N,20260227,20260327,기타,KRW,,5000000000,5000000000,15,,A1,A1,,씨제이올리브영,차환발행위험(유동성 공여형 매입약정),금융기관,신한은행
70673,에스프로젝트올영,KRZF0081P8G2,에스프로젝트올영 20260227-28-8,N,20260227,20260327,기타,KRW,,5000000000,5000000000,15,,A1,A1,,씨제이올리브영,차환발행위험(유동성 공여형 매입약정),금융기관,신한은행
70673,에스프로젝트올영,KRZF0081P9G2,에스프로젝트올영 20260227-28-9,N,20260227,20260327,기타,KRW,,5000000000,5000000000,15,,A1,A1,,씨제이올리브영,차환발행위험(유동성 공여형 매입약정),금융기관,신한은행
70163,엑스티어하나제이차,KRZF0057A1G2,엑스티어하나제이차 20260227-89-1,N,20260227,20260527,대출채권,KRW,,5000000000,5000000000,76,,A1,A1,,현대오일뱅크,외부 신용보강,금융기관,하나은행
70163,엑스티어하나제이차,KRZF0057A1G2,엑스티어하나제이차 20260227-89-1,N,20260227,20260527,대출채권,KRW,,5000000000,5000000000,76,,A1,A1,,현대오일뱅크,차환발행위험(유동성 공여형 매입약정),금융기관,하나은행
70163,엑스티어하나제이차,KRZF0057A2G2,엑스티어하나제이차 20260227-89-2,N,20260227,20260527,대출채권,KRW,,5000000000,5000000000,76,,A1,A1,,현대오일뱅크,외부 신용보강,금융기관,하나은행
70163,엑스티어하나제이차,KRZF0057A2G2,엑스티어하나제이차 20260227-89-2,N,20260227,20260527,대출채권,KRW,,5000000000,5000000000,76,,A1,A1,,현대오일뱅크,차환발행위험(유동성 공여형 매입약정),금융기관,하나은행
70163,엑스티어하나제이차,KRZF0057A3G2,엑스티어하나제이차 20260227-89-3,N,20260227,20260527,대출채권,KRW,,5000000000,5000000000,76,,A1,A1,,현대오일뱅크,외부 신용보강,금융기관,하나은행
70163,엑스티어하나제이차,KRZF0057A3G2,엑스티어하나제이차 20260227-89-3,N,20260227,20260527,대출채권,KRW,,5000000000,5000000000,76,,A1,A1,,현대오일뱅크,차환발행위험(유동성 공여형 매입약정),금융기관,하나은행
70163,엑스티어하나제이차,KRZF0057A4G2,엑스티어하나제이차 20260227-89-4,N,20260227,20260527,대출채권,KRW,,5000000000,5000000000,76,,A1,A1,,현대오일뱅크,외부 신용보강,금융기관,하나은행
70163,엑스티어하나제이차,KRZF0057A4G2,엑스티어하나제이차 20260227-89-4,N,20260227,20260527,대출채권,KRW,,5000000000,5000000000,76,,A1,A1,,현대오일뱅크,차환발행위험(유동성 공여형 매입약정),금융기관,하나은행
70163,엑스티어하나제이차,KRZF0057A5G2,엑스티어하나제이차 20260227-89-5,N,20260227,20260527,대출채권,KRW,,5000000000,5000000000,76,,A1,A1,,현대오일뱅크,외부 신용보강,금융기관,하나은행
70163,엑스티어하나제이차,KRZF0057A5G2,엑스티어하나제이차 20260227-89-5,N,20260227,20260527,대출채권,KRW,,5000000000,5000000000,76,,A1,A1,,현대오일뱅크,차환발행위험(유동성 공여형 매입약정),금융기관,하나은행
70163,엑스티어하나제이차,KRZF0057A6G2,엑스티어하나제이차 20260227-89-6,N,20260227,20260527,대출채권,KRW,,5000000000,5000000000,76,,A1,A1,,현대오일뱅크,외부 신용보강,금융기관,하나은행
70163,엑스티어하나제이차,KRZF0057A6G2,엑스티어하나제이차 20260227-89-6,N,20260227,20260527,대출채권,KRW,,5000000000,5000000000,76,,A1,A1,,현대오일뱅크,차환발행위험(유동성 공여형 매입약정),금융기관,하나은행
60742,엔에이치상인천,KRZFA52411G2,엔에이치상인천 20260227-31-1,Y,20260227,20260330,PF대출채권,KRW,,5000000000,5000000000,18,A1,,A1,,한화건설,차환발행위험(유동성 공여형 매입약정),금융기관,농협은행
60742,엔에이치상인천,KRZFA52412G2,엔에이치상인천 20260227-31-2,Y,20260227,20260330,PF대출채권,KRW,,5000000000,5000000000,18,A1,,A1,,한화건설,차환발행위험(유동성 공여형 매입약정),금융기관,농협은행
60742,엔에이치상인천,KRZFA52413G2,엔에이치상인천 20260227-31-3,Y,20260227,20260330,PF대출채권,KRW,,5000000000,5000000000,18,A1,,A1,,한화건설,차환발행위험(유동성 공여형 매입약정),금융기관,농협은행
60742,엔에이치상인천,KRZFA52414G2,엔에이치상인천 20260227-31-4,Y,20260227,20260330,PF대출채권,KRW,,5000000000,5000000000,18,A1,,A1,,한화건설,차환발행위험(유동성 공여형 매입약정),금융기관,농협은행
60742,엔에이치상인천,KRZFA52415G2,엔에이치상인천 20260227-31-5,Y,20260227,20260330,PF대출채권,KRW,,5000000000,5000000000,18,A1,,A1,,한화건설,차환발행위험(유동성 공여형 매입약정),금융기관,농협은행
60742,엔에이치상인천,KRZFA52416G2,엔에이치상인천 20260227-31-6,Y,20260227,20260330,PF대출채권,KRW,,5000000000,5000000000,18,A1,,A1,,한화건설,차환발행위험(유동성 공여형 매입약정),금융기관,농협은행
60742,엔에이치상인천,KRZFA52417G2,엔에이치상인천 20260227-31-7,Y,20260227,20260330,PF대출채권,KRW,,6740000000,6740000000,18,A1,,A1,,한화건설,차환발행위험(유동성 공여형 매입약정),금융기관,농협은행
60742,엔에이치상인천,KRZFA52418G2,엔에이치상인천 20260227-31-8,Y,20260227,20260330,PF대출채권,KRW,,940622,940622,18,A1,,A1,,한화건설,차환발행위험(유동성 공여형 매입약정),금융기관,농협은행
70173,엔에이치케미칼제이차,KRZF0061D1G2,엔에이치케미칼제이차 20260227-90-1,N,20260227,20260528,대출채권,KRW,,5000000000,5000000000,77,,A1,A1,,디엘케미칼(주),차환발행위험(유동성 공여형 매입약정),금융기관,농협은행
70173,엔에이치케미칼제이차,KRZF0061D1G2,엔에이치케미칼제이차 20260227-90-1,N,20260227,20260528,대출채권,KRW,,5000000000,5000000000,77,,A1,A1,,디엘케미칼(주),금리변동/환율변동,금융기관,농협은행
70173,엔에이치케미칼제이차,KRZF0061D2G2,엔에이치케미칼제이차 20260227-90-2,N,20260227,20260528,대출채권,KRW,,5000000000,5000000000,77,,A1,A1,,디엘케미칼(주),차환발행위험(유동성 공여형 매입약정),금융기관,농협은행
70173,엔에이치케미칼제이차,KRZF0061D2G2,엔에이치케미칼제이차 20260227-90-2,N,20260227,20260528,대출채권,KRW,,5000000000,5000000000,77,,A1,A1,,디엘케미칼(주),금리변동/환율변동,금융기관,농협은행
70173,엔에이치케미칼제이차,KRZF0061D3G2,엔에이치케미칼제이차 20260227-90-3,N,20260227,20260528,대출채권,KRW,,5000000000,5000000000,77,,A1,A1,,디엘케미칼(주),차환발행위험(유동성 공여형 매입약정),금융기관,농협은행
70173,엔에이치케미칼제이차,KRZF0061D3G2,엔에이치케미칼제이차 20260227-90-3,N,20260227,20260528,대출채권,KRW,,5000000000,5000000000,77,,A1,A1,,디엘케미칼(주),금리변동/환율변동,금융기관,농협은행
70173,엔에이치케미칼제이차,KRZF0061D4G2,엔에이치케미칼제이차 20260227-90-4,N,20260227,20260528,대출채권,KRW,,5000000000,5000000000,77,,A1,A1,,디엘케미칼(주),차환발행위험(유동성 공여형 매입약정),금융기관,농협은행
70173,엔에이치케미칼제이차,KRZF0061D4G2,엔에이치케미칼제이차 20260227-90-4,N,20260227,20260528,대출채권,KRW,,5000000000,5000000000,77,,A1,A1,,디엘케미칼(주),금리변동/환율변동,금융기관,농협은행
70173,엔에이치케미칼제이차,KRZF0061D5G2,엔에이치케미칼제이차 20260227-90-5,N,20260227,20260528,대출채권,KRW,,5000000000,5000000000,77,,A1,A1,,디엘케미칼(주),차환발행위험(유동성 공여형 매입약정),금융기관,농협은행
70173,엔에이치케미칼제이차,KRZF0061D5G2,엔에이치케미칼제이차 20260227-90-5,N,20260227,20260528,대출채권,KRW,,5000000000,5000000000,77,,A1,A1,,디엘케미칼(주),금리변동/환율변동,금융기관,농협은행
70173,엔에이치케미칼제이차,KRZF0061D6G2,엔에이치케미칼제이차 20260227-90-6,N,20260227,20260528,대출채권,KRW,,5100000000,5100000000,77,,A1,A1,,디엘케미칼(주),차환발행위험(유동성 공여형 매입약정),금융기관,농협은행
70173,엔에이치케미칼제이차,KRZF0061D6G2,엔에이치케미칼제이차 20260227-90-6,N,20260227,20260528,대출채권,KRW,,5100000000,5100000000,77,,A1,A1,,디엘케미칼(주),금리변동/환율변동,금융기관,농협은행
72780,엔에이치한숲제일차,KRZF0140W1G2,엔에이치한숲제일차 20260227-90-1,N,20260227,20260528,대출채권,KRW,,5000000000,5000000000,77,,A1,A1,,(주)대림,차환발행위험(유동성 공여형 매입약정),금융기관,농협은행
72780,엔에이치한숲제일차,KRZF0140W2G2,엔에이치한숲제일차 20260227-90-2,N,20260227,20260528,대출채권,KRW,,5000000000,5000000000,77,,A1,A1,,(주)대림,차환발행위험(유동성 공여형 매입약정),금융기관,농협은행
72780,엔에이치한숲제일차,KRZF0140W3G2,엔에이치한숲제일차 20260227-90-3,N,20260227,20260528,대출채권,KRW,,5000000000,5000000000,77,,A1,A1,,(주)대림,차환발행위험(유동성 공여형 매입약정),금융기관,농협은행
72780,엔에이치한숲제일차,KRZF0140W4G2,엔에이치한숲제일차 20260227-90-4,N,20260227,20260528,대출채권,KRW,,5000000000,5000000000,77,,A1,A1,,(주)대림,차환발행위험(유동성 공여형 매입약정),금융기관,농협은행
72780,엔에이치한숲제일차,KRZF0140W5G2,엔에이치한숲제일차 20260227-90-5,N,20260227,20260528,대출채권,KRW,,5000000000,5000000000,77,,A1,A1,,(주)대림,차환발행위험(유동성 공여형 매입약정),금융기관,농협은행
72780,엔에이치한숲제일차,KRZF0140W6G2,엔에이치한숲제일차 20260227-90-6,N,20260227,20260528,대출채권,KRW,,5000000000,5000000000,77,,A1,A1,,(주)대림,차환발행위험(유동성 공여형 매입약정),금융기관,농협은행
72780,엔에이치한숲제일차,KRZF0140W7G2,엔에이치한숲제일차 20260227-90-7,N,20260227,20260528,대출채권,KRW,,100000000,100000000,77,,A1,A1,,(주)대림,차환발행위험(유동성 공여형 매입약정),금융기관,농협은행
71514,엠마포비제일차,KRZF0094F1G2,엠마포비제일차 20260227-151-1,Y,20260227,20260728,PF대출채권,KRW,,5000000000,5000000000,138,A1,A1,,,(주) 이노디앤씨,외부 신용보강,금융기관,메리츠증권
71514,엠마포비제일차,KRZF0094F2G2,엠마포비제일차 20260227-151-2,Y,20260227,20260728,PF대출채권,KRW,,5000000000,5000000000,138,A1,A1,,,(주) 이노디앤씨,외부 신용보강,금융기관,메리츠증권
71514,엠마포비제일차,KRZF0094F3G2,엠마포비제일차 20260227-151-3,Y,20260227,20260728,PF대출채권,KRW,,1700000000,1700000000,138,A1,A1,,,(주) 이노디앤씨,외부 신용보강,금융기관,메리츠증권
70667,올리브원큐제일차,KRZF0062D1G2,올리브원큐제일차 20260227-28-1,N,20260227,20260327,대출채권,KRW,,5000000000,5000000000,15,A1,A1,,,씨제이올리브영,외부 신용보강,금융기관,하나은행
70667,올리브원큐제일차,KRZF0062DAG2,올리브원큐제일차 20260227-28-10,N,20260227,20260327,대출채권,KRW,,5000000000,5000000000,15,A1,A1,,,씨제이올리브영,외부 신용보강,금융기관,하나은행
70667,올리브원큐제일차,KRZF0062DBG2,올리브원큐제일차 20260227-28-11,N,20260227,20260327,대출채권,KRW,,5000000000,5000000000,15,A1,A1,,,씨제이올리브영,외부 신용보강,금융기관,하나은행
70667,올리브원큐제일차,KRZF0062DCG2,올리브원큐제일차 20260227-28-12,N,20260227,20260327,대출채권,KRW,,5000000000,5000000000,15,A1,A1,,,씨제이올리브영,외부 신용보강,금융기관,하나은행
70667,올리브원큐제일차,KRZF0062DDG2,올리브원큐제일차 20260227-28-13,N,20260227,20260327,대출채권,KRW,,5000000000,5000000000,15,A1,A1,,,씨제이올리브영,외부 신용보강,금융기관,하나은행
70667,올리브원큐제일차,KRZF0062DEG2,올리브원큐제일차 20260227-28-14,N,20260227,20260327,대출채권,KRW,,5000000000,5000000000,15,A1,A1,,,씨제이올리브영,외부 신용보강,금융기관,하나은행
70667,올리브원큐제일차,KRZF0062DFG2,올리브원큐제일차 20260227-28-15,N,20260227,20260327,대출채권,KRW,,5000000000,5000000000,15,A1,A1,,,씨제이올리브영,외부 신용보강,금융기관,하나은행
70667,올리브원큐제일차,KRZF0062DGG2,올리브원큐제일차 20260227-28-16,N,20260227,20260327,대출채권,KRW,,2490000000,2490000000,15,A1,A1,,,씨제이올리브영,외부 신용보강,금융기관,하나은행
70667,올리브원큐제일차,KRZF0062D2G2,올리브원큐제일차 20260227-28-2,N,20260227,20260327,대출채권,KRW,,5000000000,5000000000,15,A1,A1,,,씨제이올리브영,외부 신용보강,금융기관,하나은행
70667,올리브원큐제일차,KRZF0062D3G2,올리브원큐제일차 20260227-28-3,N,20260227,20260327,대출채권,KRW,,5000000000,5000000000,15,A1,A1,,,씨제이올리브영,외부 신용보강,금융기관,하나은행
70667,올리브원큐제일차,KRZF0062D4G2,올리브원큐제일차 20260227-28-4,N,20260227,20260327,대출채권,KRW,,5000000000,5000000000,15,A1,A1,,,씨제이올리브영,외부 신용보강,금융기관,하나은행
70667,올리브원큐제일차,KRZF0062D5G2,올리브원큐제일차 20260227-28-5,N,20260227,20260327,대출채권,KRW,,5000000000,5000000000,15,A1,A1,,,씨제이올리브영,외부 신용보강,금융기관,하나은행
70667,올리브원큐제일차,KRZF0062D6G2,올리브원큐제일차 20260227-28-6,N,20260227,20260327,대출채권,KRW,,5000000000,5000000000,15,A1,A1,,,씨제이올리브영,외부 신용보강,금융기관,하나은행
70667,올리브원큐제일차,KRZF0062D7G2,올리브원큐제일차 20260227-28-7,N,20260227,20260327,대출채권,KRW,,5000000000,5000000000,15,A1,A1,,,씨제이올리브영,외부 신용보강,금융기관,하나은행
70667,올리브원큐제일차,KRZF0062D8G2,올리브원큐제일차 20260227-28-8,N,20260227,20260327,대출채권,KRW,,5000000000,5000000000,15,A1,A1,,,씨제이올리브영,외부 신용보강,금융기관,하나은행
70667,올리브원큐제일차,KRZF0062D9G2,올리브원큐제일차 20260227-28-9,N,20260227,20260327,대출채권,KRW,,5000000000,5000000000,15,A1,A1,,,씨제이올리브영,외부 신용보강,금융기관,하나은행
67971,와이피하나제일차,KRZFA99631G2,와이피하나제일차 20260227-89-1,N,20260227,20260527,대출채권,KRW,,5000000000,5000000000,76,,A1,A1,,영풍정밀,외부 신용보강,금융기관,하나은행
67971,와이피하나제일차,KRZFA99631G2,와이피하나제일차 20260227-89-1,N,20260227,20260527,대출채권,KRW,,5000000000,5000000000,76,,A1,A1,,영풍정밀,차환발행위험(유동성 공여형 매입약정),금융기관,하나은행
67971,와이피하나제일차,KRZFA99631G2,와이피하나제일차 20260227-89-1,N,20260227,20260527,대출채권,KRW,,5000000000,5000000000,76,,A1,A1,,영풍정밀,금리변동/환율변동,금융기관,하나은행
67971,와이피하나제일차,KRZFA99632G2,와이피하나제일차 20260227-89-2,N,20260227,20260527,대출채권,KRW,,5000000000,5000000000,76,,A1,A1,,영풍정밀,외부 신용보강,금융기관,하나은행
67971,와이피하나제일차,KRZFA99632G2,와이피하나제일차 20260227-89-2,N,20260227,20260527,대출채권,KRW,,5000000000,5000000000,76,,A1,A1,,영풍정밀,차환발행위험(유동성 공여형 매입약정),금융기관,하나은행
67971,와이피하나제일차,KRZFA99632G2,와이피하나제일차 20260227-89-2,N,20260227,20260527,대출채권,KRW,,5000000000,5000000000,76,,A1,A1,,영풍정밀,금리변동/환율변동,금융기관,하나은행
67971,와이피하나제일차,KRZFA99633G2,와이피하나제일차 20260227-89-3,N,20260227,20260527,대출채권,KRW,,5000000000,5000000000,76,,A1,A1,,영풍정밀,외부 신용보강,금융기관,하나은행
67971,와이피하나제일차,KRZFA99633G2,와이피하나제일차 20260227-89-3,N,20260227,20260527,대출채권,KRW,,5000000000,5000000000,76,,A1,A1,,영풍정밀,차환발행위험(유동성 공여형 매입약정),금융기관,하나은행
67971,와이피하나제일차,KRZFA99633G2,와이피하나제일차 20260227-89-3,N,20260227,20260527,대출채권,KRW,,5000000000,5000000000,76,,A1,A1,,영풍정밀,금리변동/환율변동,금융기관,하나은행
67971,와이피하나제일차,KRZFA99634G2,와이피하나제일차 20260227-89-4,N,20260227,20260527,대출채권,KRW,,5000000000,5000000000,76,,A1,A1,,영풍정밀,외부 신용보강,금융기관,하나은행
67971,와이피하나제일차,KRZFA99634G2,와이피하나제일차 20260227-89-4,N,20260227,20260527,대출채권,KRW,,5000000000,5000000000,76,,A1,A1,,영풍정밀,차환발행위험(유동성 공여형 매입약정),금융기관,하나은행
67971,와이피하나제일차,KRZFA99634G2,와이피하나제일차 20260227-89-4,N,20260227,20260527,대출채권,KRW,,5000000000,5000000000,76,,A1,A1,,영풍정밀,금리변동/환율변동,금융기관,하나은행
63970,우리에이치씨제사차,KRZF372721G2,우리에이치씨제사차 20260227-89-1,N,20260227,20260527,대출채권,KRW,,5000000000,5000000000,76,A1,,A1,,현대카드,차환발행위험(유동성 공여형 매입약정),금융기관,우리은행
63970,우리에이치씨제사차,KRZF372721G2,우리에이치씨제사차 20260227-89-1,N,20260227,20260527,대출채권,KRW,,5000000000,5000000000,76,A1,,A1,,현대카드,금리변동/환율변동,금융기관,우리은행
63970,우리에이치씨제사차,KRZF37272AG2,우리에이치씨제사차 20260227-89-10,N,20260227,20260527,대출채권,KRW,,5000000000,5000000000,76,A1,,A1,,현대카드,차환발행위험(유동성 공여형 매입약정),금융기관,우리은행
63970,우리에이치씨제사차,KRZF37272AG2,우리에이치씨제사차 20260227-89-10,N,20260227,20260527,대출채권,KRW,,5000000000,5000000000,76,A1,,A1,,현대카드,금리변동/환율변동,금융기관,우리은행
63970,우리에이치씨제사차,KRZF37272BG2,우리에이치씨제사차 20260227-89-11,N,20260227,20260527,대출채권,KRW,,5000000000,5000000000,76,A1,,A1,,현대카드,차환발행위험(유동성 공여형 매입약정),금융기관,우리은행
63970,우리에이치씨제사차,KRZF37272BG2,우리에이치씨제사차 20260227-89-11,N,20260227,20260527,대출채권,KRW,,5000000000,5000000000,76,A1,,A1,,현대카드,금리변동/환율변동,금융기관,우리은행
63970,우리에이치씨제사차,KRZF37272CG2,우리에이치씨제사차 20260227-89-12,N,20260227,20260527,대출채권,KRW,,5000000000,5000000000,76,A1,,A1,,현대카드,차환발행위험(유동성 공여형 매입약정),금융기관,우리은행
63970,우리에이치씨제사차,KRZF37272CG2,우리에이치씨제사차 20260227-89-12,N,20260227,20260527,대출채권,KRW,,5000000000,5000000000,76,A1,,A1,,현대카드,금리변동/환율변동,금융기관,우리은행
63970,우리에이치씨제사차,KRZF37272DG2,우리에이치씨제사차 20260227-89-13,N,20260227,20260527,대출채권,KRW,,5000000000,5000000000,76,A1,,A1,,현대카드,차환발행위험(유동성 공여형 매입약정),금융기관,우리은행
63970,우리에이치씨제사차,KRZF37272DG2,우리에이치씨제사차 20260227-89-13,N,20260227,20260527,대출채권,KRW,,5000000000,5000000000,76,A1,,A1,,현대카드,금리변동/환율변동,금융기관,우리은행
63970,우리에이치씨제사차,KRZF37272EG2,우리에이치씨제사차 20260227-89-14,N,20260227,20260527,대출채권,KRW,,5000000000,5000000000,76,A1,,A1,,현대카드,차환발행위험(유동성 공여형 매입약정),금융기관,우리은행
63970,우리에이치씨제사차,KRZF37272EG2,우리에이치씨제사차 20260227-89-14,N,20260227,20260527,대출채권,KRW,,5000000000,5000000000,76,A1,,A1,,현대카드,금리변동/환율변동,금융기관,우리은행
63970,우리에이치씨제사차,KRZF37272FG2,우리에이치씨제사차 20260227-89-15,N,20260227,20260527,대출채권,KRW,,5000000000,5000000000,76,A1,,A1,,현대카드,차환발행위험(유동성 공여형 매입약정),금융기관,우리은행
63970,우리에이치씨제사차,KRZF37272FG2,우리에이치씨제사차 20260227-89-15,N,20260227,20260527,대출채권,KRW,,5000000000,5000000000,76,A1,,A1,,현대카드,금리변동/환율변동,금융기관,우리은행
63970,우리에이치씨제사차,KRZF37272GG2,우리에이치씨제사차 20260227-89-16,N,20260227,20260527,대출채권,KRW,,5000000000,5000000000,76,A1,,A1,,현대카드,차환발행위험(유동성 공여형 매입약정),금융기관,우리은행
63970,우리에이치씨제사차,KRZF37272GG2,우리에이치씨제사차 20260227-89-16,N,20260227,20260527,대출채권,KRW,,5000000000,5000000000,76,A1,,A1,,현대카드,금리변동/환율변동,금융기관,우리은행
63970,우리에이치씨제사차,KRZF37272HG2,우리에이치씨제사차 20260227-89-17,N,20260227,20260527,대출채권,KRW,,5000000000,5000000000,76,A1,,A1,,현대카드,차환발행위험(유동성 공여형 매입약정),금융기관,우리은행
63970,우리에이치씨제사차,KRZF37272HG2,우리에이치씨제사차 20260227-89-17,N,20260227,20260527,대출채권,KRW,,5000000000,5000000000,76,A1,,A1,,현대카드,금리변동/환율변동,금융기관,우리은행
63970,우리에이치씨제사차,KRZF37272JG2,우리에이치씨제사차 20260227-89-18,N,20260227,20260527,대출채권,KRW,,5000000000,5000000000,76,A1,,A1,,현대카드,차환발행위험(유동성 공여형 매입약정),금융기관,우리은행
63970,우리에이치씨제사차,KRZF37272JG2,우리에이치씨제사차 20260227-89-18,N,20260227,20260527,대출채권,KRW,,5000000000,5000000000,76,A1,,A1,,현대카드,금리변동/환율변동,금융기관,우리은행
63970,우리에이치씨제사차,KRZF372722G2,우리에이치씨제사차 20260227-89-2,N,20260227,20260527,대출채권,KRW,,5000000000,5000000000,76,A1,,A1,,현대카드,차환발행위험(유동성 공여형 매입약정),금융기관,우리은행
63970,우리에이치씨제사차,KRZF372722G2,우리에이치씨제사차 20260227-89-2,N,20260227,20260527,대출채권,KRW,,5000000000,5000000000,76,A1,,A1,,현대카드,금리변동/환율변동,금융기관,우리은행
63970,우리에이치씨제사차,KRZF372723G2,우리에이치씨제사차 20260227-89-3,N,20260227,20260527,대출채권,KRW,,5000000000,5000000000,76,A1,,A1,,현대카드,차환발행위험(유동성 공여형 매입약정),금융기관,우리은행
63970,우리에이치씨제사차,KRZF372723G2,우리에이치씨제사차 20260227-89-3,N,20260227,20260527,대출채권,KRW,,5000000000,5000000000,76,A1,,A1,,현대카드,금리변동/환율변동,금융기관,우리은행
63970,우리에이치씨제사차,KRZF372724G2,우리에이치씨제사차 20260227-89-4,N,20260227,20260527,대출채권,KRW,,5000000000,5000000000,76,A1,,A1,,현대카드,차환발행위험(유동성 공여형 매입약정),금융기관,우리은행
63970,우리에이치씨제사차,KRZF372724G2,우리에이치씨제사차 20260227-89-4,N,20260227,20260527,대출채권,KRW,,5000000000,5000000000,76,A1,,A1,,현대카드,금리변동/환율변동,금융기관,우리은행
63970,우리에이치씨제사차,KRZF372725G2,우리에이치씨제사차 20260227-89-5,N,20260227,20260527,대출채권,KRW,,5000000000,5000000000,76,A1,,A1,,현대카드,차환발행위험(유동성 공여형 매입약정),금융기관,우리은행
63970,우리에이치씨제사차,KRZF372725G2,우리에이치씨제사차 20260227-89-5,N,20260227,20260527,대출채권,KRW,,5000000000,5000000000,76,A1,,A1,,현대카드,금리변동/환율변동,금융기관,우리은행
63970,우리에이치씨제사차,KRZF372726G2,우리에이치씨제사차 20260227-89-6,N,20260227,20260527,대출채권,KRW,,5000000000,5000000000,76,A1,,A1,,현대카드,차환발행위험(유동성 공여형 매입약정),금융기관,우리은행
63970,우리에이치씨제사차,KRZF372726G2,우리에이치씨제사차 20260227-89-6,N,20260227,20260527,대출채권,KRW,,5000000000,5000000000,76,A1,,A1,,현대카드,금리변동/환율변동,금융기관,우리은행
63970,우리에이치씨제사차,KRZF372727G2,우리에이치씨제사차 20260227-89-7,N,20260227,20260527,대출채권,KRW,,5000000000,5000000000,76,A1,,A1,,현대카드,차환발행위험(유동성 공여형 매입약정),금융기관,우리은행
63970,우리에이치씨제사차,KRZF372727G2,우리에이치씨제사차 20260227-89-7,N,20260227,20260527,대출채권,KRW,,5000000000,5000000000,76,A1,,A1,,현대카드,금리변동/환율변동,금융기관,우리은행
63970,우리에이치씨제사차,KRZF372728G2,우리에이치씨제사차 20260227-89-8,N,20260227,20260527,대출채권,KRW,,5000000000,5000000000,76,A1,,A1,,현대카드,차환발행위험(유동성 공여형 매입약정),금융기관,우리은행
63970,우리에이치씨제사차,KRZF372728G2,우리에이치씨제사차 20260227-89-8,N,20260227,20260527,대출채권,KRW,,5000000000,5000000000,76,A1,,A1,,현대카드,금리변동/환율변동,금융기관,우리은행
63970,우리에이치씨제사차,KRZF372729G2,우리에이치씨제사차 20260227-89-9,N,20260227,20260527,대출채권,KRW,,5000000000,5000000000,76,A1,,A1,,현대카드,차환발행위험(유동성 공여형 매입약정),금융기관,우리은행
63970,우리에이치씨제사차,KRZF372729G2,우리에이치씨제사차 20260227-89-9,N,20260227,20260527,대출채권,KRW,,5000000000,5000000000,76,A1,,A1,,현대카드,금리변동/환율변동,금융기관,우리은행
65752,우리케이제삼차,KRZF388931G2,우리케이제삼차 20260227-89-1,N,20260227,20260527,대출채권,KRW,,5000000000,5000000000,76,,A1,A1,,코오롱인더스트리,차환발행위험(유동성 공여형 매입약정),금융기관,우리은행
65752,우리케이제삼차,KRZF388931G2,우리케이제삼차 20260227-89-1,N,20260227,20260527,대출채권,KRW,,5000000000,5000000000,76,,A1,A1,,코오롱인더스트리,금리변동/환율변동,금융기관,우리은행
65752,우리케이제삼차,KRZF388932G2,우리케이제삼차 20260227-89-2,N,20260227,20260527,대출채권,KRW,,5000000000,5000000000,76,,A1,A1,,코오롱인더스트리,차환발행위험(유동성 공여형 매입약정),금융기관,우리은행
65752,우리케이제삼차,KRZF388932G2,우리케이제삼차 20260227-89-2,N,20260227,20260527,대출채권,KRW,,5000000000,5000000000,76,,A1,A1,,코오롱인더스트리,금리변동/환율변동,금융기관,우리은행
65752,우리케이제삼차,KRZF388933G2,우리케이제삼차 20260227-89-3,N,20260227,20260527,대출채권,KRW,,5000000000,5000000000,76,,A1,A1,,코오롱인더스트리,차환발행위험(유동성 공여형 매입약정),금융기관,우리은행
65752,우리케이제삼차,KRZF388933G2,우리케이제삼차 20260227-89-3,N,20260227,20260527,대출채권,KRW,,5000000000,5000000000,76,,A1,A1,,코오롱인더스트리,금리변동/환율변동,금융기관,우리은행
65752,우리케이제삼차,KRZF388934G2,우리케이제삼차 20260227-89-4,N,20260227,20260527,대출채권,KRW,,5000000000,5000000000,76,,A1,A1,,코오롱인더스트리,차환발행위험(유동성 공여형 매입약정),금융기관,우리은행
65752,우리케이제삼차,KRZF388934G2,우리케이제삼차 20260227-89-4,N,20260227,20260527,대출채권,KRW,,5000000000,5000000000,76,,A1,A1,,코오롱인더스트리,금리변동/환율변동,금융기관,우리은행
65752,우리케이제삼차,KRZF388935G2,우리케이제삼차 20260227-89-5,N,20260227,20260527,대출채권,KRW,,5000000000,5000000000,76,,A1,A1,,코오롱인더스트리,차환발행위험(유동성 공여형 매입약정),금융기관,우리은행
65752,우리케이제삼차,KRZF388935G2,우리케이제삼차 20260227-89-5,N,20260227,20260527,대출채권,KRW,,5000000000,5000000000,76,,A1,A1,,코오롱인더스트리,금리변동/환율변동,금융기관,우리은행
65752,우리케이제삼차,KRZF388936G2,우리케이제삼차 20260227-89-6,N,20260227,20260527,대출채권,KRW,,5000000000,5000000000,76,,A1,A1,,코오롱인더스트리,차환발행위험(유동성 공여형 매입약정),금융기관,우리은행
65752,우리케이제삼차,KRZF388936G2,우리케이제삼차 20260227-89-6,N,20260227,20260527,대출채권,KRW,,5000000000,5000000000,76,,A1,A1,,코오롱인더스트리,금리변동/환율변동,금융기관,우리은행
71475,웜워터제일차,KRZF0099J1G2,웜워터제일차 20260227-182-1,Y,20260227,20260828,PF대출채권,KRW,,5000000000,5000000000,169,A1,A1,,,(주)KL산업,외부 신용보강,금융기관,메리츠증권
71475,웜워터제일차,KRZF0099JAG2,웜워터제일차 20260227-182-10,Y,20260227,20260828,PF대출채권,KRW,,5000000000,5000000000,169,A1,A1,,,(주)KL산업,외부 신용보강,금융기관,메리츠증권
71475,웜워터제일차,KRZF0099JBG2,웜워터제일차 20260227-182-11,Y,20260227,20260828,PF대출채권,KRW,,5000000000,5000000000,169,A1,A1,,,(주)KL산업,외부 신용보강,금융기관,메리츠증권
71475,웜워터제일차,KRZF0099JCG2,웜워터제일차 20260227-182-12,Y,20260227,20260828,PF대출채권,KRW,,5000000000,5000000000,169,A1,A1,,,(주)KL산업,외부 신용보강,금융기관,메리츠증권
71475,웜워터제일차,KRZF0099JDG2,웜워터제일차 20260227-182-13,Y,20260227,20260828,PF대출채권,KRW,,5000000000,5000000000,169,A1,A1,,,(주)KL산업,외부 신용보강,금융기관,메리츠증권
71475,웜워터제일차,KRZF0099JEG2,웜워터제일차 20260227-182-14,Y,20260227,20260828,PF대출채권,KRW,,5000000000,5000000000,169,A1,A1,,,(주)KL산업,외부 신용보강,금융기관,메리츠증권
71475,웜워터제일차,KRZF0099JFG2,웜워터제일차 20260227-182-15,Y,20260227,20260828,PF대출채권,KRW,,5000000000,5000000000,169,A1,A1,,,(주)KL산업,외부 신용보강,금융기관,메리츠증권
71475,웜워터제일차,KRZF0099JGG2,웜워터제일차 20260227-182-16,Y,20260227,20260828,PF대출채권,KRW,,5000000000,5000000000,169,A1,A1,,,(주)KL산업,외부 신용보강,금융기관,메리츠증권
71475,웜워터제일차,KRZF0099JHG2,웜워터제일차 20260227-182-17,Y,20260227,20260828,PF대출채권,KRW,,5000000000,5000000000,169,A1,A1,,,(주)KL산업,외부 신용보강,금융기관,메리츠증권
71475,웜워터제일차,KRZF0099JJG2,웜워터제일차 20260227-182-18,Y,20260227,20260828,PF대출채권,KRW,,5000000000,5000000000,169,A1,A1,,,(주)KL산업,외부 신용보강,금융기관,메리츠증권
71475,웜워터제일차,KRZF0099JKG2,웜워터제일차 20260227-182-19,Y,20260227,20260828,PF대출채권,KRW,,5000000000,5000000000,169,A1,A1,,,(주)KL산업,외부 신용보강,금융기관,메리츠증권
71475,웜워터제일차,KRZF0099J2G2,웜워터제일차 20260227-182-2,Y,20260227,20260828,PF대출채권,KRW,,5000000000,5000000000,169,A1,A1,,,(주)KL산업,외부 신용보강,금융기관,메리츠증권
71475,웜워터제일차,KRZF0099JLG2,웜워터제일차 20260227-182-20,Y,20260227,20260828,PF대출채권,KRW,,5000000000,5000000000,169,A1,A1,,,(주)KL산업,외부 신용보강,금융기관,메리츠증권
71475,웜워터제일차,KRZF0099JMG2,웜워터제일차 20260227-182-21,Y,20260227,20260828,PF대출채권,KRW,,5000000000,5000000000,169,A1,A1,,,(주)KL산업,외부 신용보강,금융기관,메리츠증권
71475,웜워터제일차,KRZF0099JNG2,웜워터제일차 20260227-182-22,Y,20260227,20260828,PF대출채권,KRW,,5000000000,5000000000,169,A1,A1,,,(주)KL산업,외부 신용보강,금융기관,메리츠증권
71475,웜워터제일차,KRZF0099J3G2,웜워터제일차 20260227-182-3,Y,20260227,20260828,PF대출채권,KRW,,5000000000,5000000000,169,A1,A1,,,(주)KL산업,외부 신용보강,금융기관,메리츠증권
71475,웜워터제일차,KRZF0099J4G2,웜워터제일차 20260227-182-4,Y,20260227,20260828,PF대출채권,KRW,,5000000000,5000000000,169,A1,A1,,,(주)KL산업,외부 신용보강,금융기관,메리츠증권
71475,웜워터제일차,KRZF0099J5G2,웜워터제일차 20260227-182-5,Y,20260227,20260828,PF대출채권,KRW,,5000000000,5000000000,169,A1,A1,,,(주)KL산업,외부 신용보강,금융기관,메리츠증권
71475,웜워터제일차,KRZF0099J6G2,웜워터제일차 20260227-182-6,Y,20260227,20260828,PF대출채권,KRW,,5000000000,5000000000,169,A1,A1,,,(주)KL산업,외부 신용보강,금융기관,메리츠증권
71475,웜워터제일차,KRZF0099J7G2,웜워터제일차 20260227-182-7,Y,20260227,20260828,PF대출채권,KRW,,5000000000,5000000000,169,A1,A1,,,(주)KL산업,외부 신용보강,금융기관,메리츠증권
71475,웜워터제일차,KRZF0099J8G2,웜워터제일차 20260227-182-8,Y,20260227,20260828,PF대출채권,KRW,,5000000000,5000000000,169,A1,A1,,,(주)KL산업,외부 신용보강,금융기관,메리츠증권
71475,웜워터제일차,KRZF0099J9G2,웜워터제일차 20260227-182-9,Y,20260227,20260828,PF대출채권,KRW,,5000000000,5000000000,169,A1,A1,,,(주)KL산업,외부 신용보강,금융기관,메리츠증권
72802,제이온라운드,KRZF0121X1G2,제이온라운드 20260227-185-1,Y,20260227,20260831,PF대출채권,KRW,,5000000000,5000000000,172,,A1,A1,,폴코리아반포피에프브이(주),외부 신용보강,금융기관,메리츠증권
72802,제이온라운드,KRZF0121XAG2,제이온라운드 20260227-185-10,Y,20260227,20260831,PF대출채권,KRW,,5000000000,5000000000,172,,A1,A1,,폴코리아반포피에프브이(주),외부 신용보강,금융기관,메리츠증권
72802,제이온라운드,KRZF0121XBG2,제이온라운드 20260227-185-11,Y,20260227,20260831,PF대출채권,KRW,,5000000000,5000000000,172,,A1,A1,,폴코리아반포피에프브이(주),외부 신용보강,금융기관,메리츠증권
72802,제이온라운드,KRZF0121XCG2,제이온라운드 20260227-185-12,Y,20260227,20260831,PF대출채권,KRW,,5000000000,5000000000,172,,A1,A1,,폴코리아반포피에프브이(주),외부 신용보강,금융기관,메리츠증권
72802,제이온라운드,KRZF0121XDG2,제이온라운드 20260227-185-13,Y,20260227,20260831,PF대출채권,KRW,,5000000000,5000000000,172,,A1,A1,,폴코리아반포피에프브이(주),외부 신용보강,금융기관,메리츠증권
72802,제이온라운드,KRZF0121XEG2,제이온라운드 20260227-185-14,Y,20260227,20260831,PF대출채권,KRW,,5000000000,5000000000,172,,A1,A1,,폴코리아반포피에프브이(주),외부 신용보강,금융기관,메리츠증권
72802,제이온라운드,KRZF0121XFG2,제이온라운드 20260227-185-15,Y,20260227,20260831,PF대출채권,KRW,,5000000000,5000000000,172,,A1,A1,,폴코리아반포피에프브이(주),외부 신용보강,금융기관,메리츠증권
72802,제이온라운드,KRZF0121XGG2,제이온라운드 20260227-185-16,Y,20260227,20260831,PF대출채권,KRW,,5000000000,5000000000,172,,A1,A1,,폴코리아반포피에프브이(주),외부 신용보강,금융기관,메리츠증권
72802,제이온라운드,KRZF0121XHG2,제이온라운드 20260227-185-17,Y,20260227,20260831,PF대출채권,KRW,,5000000000,5000000000,172,,A1,A1,,폴코리아반포피에프브이(주),외부 신용보강,금융기관,메리츠증권
72802,제이온라운드,KRZF0121XJG2,제이온라운드 20260227-185-18,Y,20260227,20260831,PF대출채권,KRW,,5000000000,5000000000,172,,A1,A1,,폴코리아반포피에프브이(주),외부 신용보강,금융기관,메리츠증권
72802,제이온라운드,KRZF0121XKG2,제이온라운드 20260227-185-19,Y,20260227,20260831,PF대출채권,KRW,,5000000000,5000000000,172,,A1,A1,,폴코리아반포피에프브이(주),외부 신용보강,금융기관,메리츠증권
72802,제이온라운드,KRZF0121X2G2,제이온라운드 20260227-185-2,Y,20260227,20260831,PF대출채권,KRW,,5000000000,5000000000,172,,A1,A1,,폴코리아반포피에프브이(주),외부 신용보강,금융기관,메리츠증권
72802,제이온라운드,KRZF0121XLG2,제이온라운드 20260227-185-20,Y,20260227,20260831,PF대출채권,KRW,,5000000000,5000000000,172,,A1,A1,,폴코리아반포피에프브이(주),외부 신용보강,금융기관,메리츠증권
72802,제이온라운드,KRZF0121X3G2,제이온라운드 20260227-185-3,Y,20260227,20260831,PF대출채권,KRW,,5000000000,5000000000,172,,A1,A1,,폴코리아반포피에프브이(주),외부 신용보강,금융기관,메리츠증권
72802,제이온라운드,KRZF0121X4G2,제이온라운드 20260227-185-4,Y,20260227,20260831,PF대출채권,KRW,,5000000000,5000000000,172,,A1,A1,,폴코리아반포피에프브이(주),외부 신용보강,금융기관,메리츠증권
72802,제이온라운드,KRZF0121X5G2,제이온라운드 20260227-185-5,Y,20260227,20260831,PF대출채권,KRW,,5000000000,5000000000,172,,A1,A1,,폴코리아반포피에프브이(주),외부 신용보강,금융기관,메리츠증권
72802,제이온라운드,KRZF0121X6G2,제이온라운드 20260227-185-6,Y,20260227,20260831,PF대출채권,KRW,,5000000000,5000000000,172,,A1,A1,,폴코리아반포피에프브이(주),외부 신용보강,금융기관,메리츠증권
72802,제이온라운드,KRZF0121X7G2,제이온라운드 20260227-185-7,Y,20260227,20260831,PF대출채권,KRW,,5000000000,5000000000,172,,A1,A1,,폴코리아반포피에프브이(주),외부 신용보강,금융기관,메리츠증권
72802,제이온라운드,KRZF0121X8G2,제이온라운드 20260227-185-8,Y,20260227,20260831,PF대출채권,KRW,,5000000000,5000000000,172,,A1,A1,,폴코리아반포피에프브이(주),외부 신용보강,금융기관,메리츠증권
72802,제이온라운드,KRZF0121X9G2,제이온라운드 20260227-185-9,Y,20260227,20260831,PF대출채권,KRW,,5000000000,5000000000,172,,A1,A1,,폴코리아반포피에프브이(주),외부 신용보강,금융기관,메리츠증권
73929,제이피엘제일차,KRZF0168S1G2,제이피엘제일차 20260227-89-1,N,20260227,20260527,대출채권,KRW,,5000000000,5000000000,76,A1,,A1,,LS,차환발행위험(유동성 공여형 매입약정),금융기관,국민은행
73929,제이피엘제일차,KRZF0168SAG2,제이피엘제일차 20260227-89-10,N,20260227,20260527,대출채권,KRW,,5000000000,5000000000,76,A1,,A1,,LS,차환발행위험(유동성 공여형 매입약정),금융기관,국민은행
73929,제이피엘제일차,KRZF0168SBG2,제이피엘제일차 20260227-89-11,N,20260227,20260527,대출채권,KRW,,5000000000,5000000000,76,A1,,A1,,LS,차환발행위험(유동성 공여형 매입약정),금융기관,국민은행
73929,제이피엘제일차,KRZF0168SCG2,제이피엘제일차 20260227-89-12,N,20260227,20260527,대출채권,KRW,,5000000000,5000000000,76,A1,,A1,,LS,차환발행위험(유동성 공여형 매입약정),금융기관,국민은행
73929,제이피엘제일차,KRZF0168SDG2,제이피엘제일차 20260227-89-13,N,20260227,20260527,대출채권,KRW,,5000000000,5000000000,76,A1,,A1,,LS,차환발행위험(유동성 공여형 매입약정),금융기관,국민은행
73929,제이피엘제일차,KRZF0168SEG2,제이피엘제일차 20260227-89-14,N,20260227,20260527,대출채권,KRW,,5000000000,5000000000,76,A1,,A1,,LS,차환발행위험(유동성 공여형 매입약정),금융기관,국민은행
73929,제이피엘제일차,KRZF0168SFG2,제이피엘제일차 20260227-89-15,N,20260227,20260527,대출채권,KRW,,5000000000,5000000000,76,A1,,A1,,LS,차환발행위험(유동성 공여형 매입약정),금융기관,국민은행
73929,제이피엘제일차,KRZF0168SGG2,제이피엘제일차 20260227-89-16,N,20260227,20260527,대출채권,KRW,,5000000000,5000000000,76,A1,,A1,,LS,차환발행위험(유동성 공여형 매입약정),금융기관,국민은행
73929,제이피엘제일차,KRZF0168SHG2,제이피엘제일차 20260227-89-17,N,20260227,20260527,대출채권,KRW,,5000000000,5000000000,76,A1,,A1,,LS,차환발행위험(유동성 공여형 매입약정),금융기관,국민은행
73929,제이피엘제일차,KRZF0168SJG2,제이피엘제일차 20260227-89-18,N,20260227,20260527,대출채권,KRW,,5000000000,5000000000,76,A1,,A1,,LS,차환발행위험(유동성 공여형 매입약정),금융기관,국민은행
73929,제이피엘제일차,KRZF0168SKG2,제이피엘제일차 20260227-89-19,N,20260227,20260527,대출채권,KRW,,5000000000,5000000000,76,A1,,A1,,LS,차환발행위험(유동성 공여형 매입약정),금융기관,국민은행
73929,제이피엘제일차,KRZF0168S2G2,제이피엘제일차 20260227-89-2,N,20260227,20260527,대출채권,KRW,,5000000000,5000000000,76,A1,,A1,,LS,차환발행위험(유동성 공여형 매입약정),금융기관,국민은행
73929,제이피엘제일차,KRZF0168SLG2,제이피엘제일차 20260227-89-20,N,20260227,20260527,대출채권,KRW,,5000000000,5000000000,76,A1,,A1,,LS,차환발행위험(유동성 공여형 매입약정),금융기관,국민은행
73929,제이피엘제일차,KRZF0168SMG2,제이피엘제일차 20260227-89-21,N,20260227,20260527,대출채권,KRW,,5000000000,5000000000,76,A1,,A1,,LS,차환발행위험(유동성 공여형 매입약정),금융기관,국민은행
73929,제이피엘제일차,KRZF0168SNG2,제이피엘제일차 20260227-89-22,N,20260227,20260527,대출채권,KRW,,5000000000,5000000000,76,A1,,A1,,LS,차환발행위험(유동성 공여형 매입약정),금융기관,국민은행
73929,제이피엘제일차,KRZF0168SPG2,제이피엘제일차 20260227-89-23,N,20260227,20260527,대출채권,KRW,,5000000000,5000000000,76,A1,,A1,,LS,차환발행위험(유동성 공여형 매입약정),금융기관,국민은행
73929,제이피엘제일차,KRZF0168SQG2,제이피엘제일차 20260227-89-24,N,20260227,20260527,대출채권,KRW,,5000000000,5000000000,76,A1,,A1,,LS,차환발행위험(유동성 공여형 매입약정),금융기관,국민은행
73929,제이피엘제일차,KRZF0168SRG2,제이피엘제일차 20260227-89-25,N,20260227,20260527,대출채권,KRW,,5000000000,5000000000,76,A1,,A1,,LS,차환발행위험(유동성 공여형 매입약정),금융기관,국민은행
73929,제이피엘제일차,KRZF0168SSG2,제이피엘제일차 20260227-89-26,N,20260227,20260527,대출채권,KRW,,5000000000,5000000000,76,A1,,A1,,LS,차환발행위험(유동성 공여형 매입약정),금융기관,국민은행
73929,제이피엘제일차,KRZF0168STG2,제이피엘제일차 20260227-89-27,N,20260227,20260527,대출채권,KRW,,5000000000,5000000000,76,A1,,A1,,LS,차환발행위험(유동성 공여형 매입약정),금융기관,국민은행
73929,제이피엘제일차,KRZF0168SVG2,제이피엘제일차 20260227-89-28,N,20260227,20260527,대출채권,KRW,,5000000000,5000000000,76,A1,,A1,,LS,차환발행위험(유동성 공여형 매입약정),금융기관,국민은행
73929,제이피엘제일차,KRZF0168SWG2,제이피엘제일차 20260227-89-29,N,20260227,20260527,대출채권,KRW,,5000000000,5000000000,76,A1,,A1,,LS,차환발행위험(유동성 공여형 매입약정),금융기관,국민은행
73929,제이피엘제일차,KRZF0168S3G2,제이피엘제일차 20260227-89-3,N,20260227,20260527,대출채권,KRW,,5000000000,5000000000,76,A1,,A1,,LS,차환발행위험(유동성 공여형 매입약정),금융기관,국민은행
73929,제이피엘제일차,KRZF0168SXG2,제이피엘제일차 20260227-89-30,N,20260227,20260527,대출채권,KRW,,5000000000,5000000000,76,A1,,A1,,LS,차환발행위험(유동성 공여형 매입약정),금융기관,국민은행
73929,제이피엘제일차,KRZF0168S4G2,제이피엘제일차 20260227-89-4,N,20260227,20260527,대출채권,KRW,,5000000000,5000000000,76,A1,,A1,,LS,차환발행위험(유동성 공여형 매입약정),금융기관,국민은행
73929,제이피엘제일차,KRZF0168S5G2,제이피엘제일차 20260227-89-5,N,20260227,20260527,대출채권,KRW,,5000000000,5000000000,76,A1,,A1,,LS,차환발행위험(유동성 공여형 매입약정),금융기관,국민은행
73929,제이피엘제일차,KRZF0168S6G2,제이피엘제일차 20260227-89-6,N,20260227,20260527,대출채권,KRW,,5000000000,5000000000,76,A1,,A1,,LS,차환발행위험(유동성 공여형 매입약정),금융기관,국민은행
73929,제이피엘제일차,KRZF0168S7G2,제이피엘제일차 20260227-89-7,N,20260227,20260527,대출채권,KRW,,5000000000,5000000000,76,A1,,A1,,LS,차환발행위험(유동성 공여형 매입약정),금융기관,국민은행
73929,제이피엘제일차,KRZF0168S8G2,제이피엘제일차 20260227-89-8,N,20260227,20260527,대출채권,KRW,,5000000000,5000000000,76,A1,,A1,,LS,차환발행위험(유동성 공여형 매입약정),금융기관,국민은행
73929,제이피엘제일차,KRZF0168S9G2,제이피엘제일차 20260227-89-9,N,20260227,20260527,대출채권,KRW,,5000000000,5000000000,76,A1,,A1,,LS,차환발행위험(유동성 공여형 매입약정),금융기관,국민은행
61281,지아이비은평,KRZFA55511G2,지아이비은평 20260227-46-1,Y,20260227,20260414,PF대출채권,KRW,,640000000,640000000,33,,A1,A1,,(주)에스피에스테이트,외부 신용보강,금융기관,신한은행
55957,지아이비해운대,KRZFA15841G2,지아이비해운대 20260227-31-1,Y,20260227,20260330,PF대출채권,KRW,,5000000000,5000000000,18,A1,A1,,,(주)태광개발,외부 신용보강,금융기관,신한은행
55957,지아이비해운대,KRZFA15842G2,지아이비해운대 20260227-31-2,Y,20260227,20260330,PF대출채권,KRW,,5000000000,5000000000,18,A1,A1,,,(주)태광개발,외부 신용보강,금융기관,신한은행
55957,지아이비해운대,KRZFA15843G2,지아이비해운대 20260227-31-3,Y,20260227,20260330,PF대출채권,KRW,,5000000000,5000000000,18,A1,A1,,,(주)태광개발,외부 신용보강,금융기관,신한은행
55957,지아이비해운대,KRZFA15844G2,지아이비해운대 20260227-31-4,Y,20260227,20260330,PF대출채권,KRW,,5000000000,5000000000,18,A1,A1,,,(주)태광개발,외부 신용보강,금융기관,신한은행
55957,지아이비해운대,KRZFA15845G2,지아이비해운대 20260227-31-5,Y,20260227,20260330,PF대출채권,KRW,,5000000000,5000000000,18,A1,A1,,,(주)태광개발,외부 신용보강,금융기관,신한은행
55957,지아이비해운대,KRZFA15846G2,지아이비해운대 20260227-31-6,Y,20260227,20260330,PF대출채권,KRW,,2798360656,2798360656,18,A1,A1,,,(주)태광개발,외부 신용보강,금융기관,신한은행
69826,케이비클래스트제일차,KRZF0048B1G2,케이비클래스트제일차 20260227-31-1,Y,20260227,20260330,PF대출채권,KRW,,50000000000,50000000000,18,A1,A1,,,반포주공1단지주택재건축정비사업조합,차환발행위험(유동성 공여형 매입약정),금융기관,국민은행
69826,케이비클래스트제일차,KRZF0048BAG2,케이비클래스트제일차 20260227-31-10,Y,20260227,20260330,PF대출채권,KRW,,5000000000,5000000000,18,A1,A1,,,반포주공1단지주택재건축정비사업조합,차환발행위험(유동성 공여형 매입약정),금융기관,국민은행
69826,케이비클래스트제일차,KRZF0048BBG2,케이비클래스트제일차 20260227-31-11,Y,20260227,20260330,PF대출채권,KRW,,5000000000,5000000000,18,A1,A1,,,반포주공1단지주택재건축정비사업조합,차환발행위험(유동성 공여형 매입약정),금융기관,국민은행
69826,케이비클래스트제일차,KRZF0048BCG2,케이비클래스트제일차 20260227-31-12,Y,20260227,20260330,PF대출채권,KRW,,4500000000,4500000000,18,A1,A1,,,반포주공1단지주택재건축정비사업조합,차환발행위험(유동성 공여형 매입약정),금융기관,국민은행
69826,케이비클래스트제일차,KRZF0048BDG2,케이비클래스트제일차 20260227-31-13,Y,20260227,20260330,PF대출채권,KRW,,10000000000,10000000000,18,A1,A1,,,반포주공1단지주택재건축정비사업조합,차환발행위험(유동성 공여형 매입약정),금융기관,국민은행
69826,케이비클래스트제일차,KRZF0048BEG2,케이비클래스트제일차 20260227-31-14,Y,20260227,20260330,PF대출채권,KRW,,10000000000,10000000000,18,A1,A1,,,반포주공1단지주택재건축정비사업조합,차환발행위험(유동성 공여형 매입약정),금융기관,국민은행
69826,케이비클래스트제일차,KRZF0048BFG2,케이비클래스트제일차 20260227-31-15,Y,20260227,20260330,PF대출채권,KRW,,10000000000,10000000000,18,A1,A1,,,반포주공1단지주택재건축정비사업조합,차환발행위험(유동성 공여형 매입약정),금융기관,국민은행
69826,케이비클래스트제일차,KRZF0048BGG2,케이비클래스트제일차 20260227-31-16,Y,20260227,20260330,PF대출채권,KRW,,5500000000,5500000000,18,A1,A1,,,반포주공1단지주택재건축정비사업조합,차환발행위험(유동성 공여형 매입약정),금융기관,국민은행
69826,케이비클래스트제일차,KRZF0048B2G2,케이비클래스트제일차 20260227-31-2,Y,20260227,20260330,PF대출채권,KRW,,10000000000,10000000000,18,A1,A1,,,반포주공1단지주택재건축정비사업조합,차환발행위험(유동성 공여형 매입약정),금융기관,국민은행
69826,케이비클래스트제일차,KRZF0048B3G2,케이비클래스트제일차 20260227-31-3,Y,20260227,20260330,PF대출채권,KRW,,10000000000,10000000000,18,A1,A1,,,반포주공1단지주택재건축정비사업조합,차환발행위험(유동성 공여형 매입약정),금융기관,국민은행
69826,케이비클래스트제일차,KRZF0048B4G2,케이비클래스트제일차 20260227-31-4,Y,20260227,20260330,PF대출채권,KRW,,5000000000,5000000000,18,A1,A1,,,반포주공1단지주택재건축정비사업조합,차환발행위험(유동성 공여형 매입약정),금융기관,국민은행
69826,케이비클래스트제일차,KRZF0048B5G2,케이비클래스트제일차 20260227-31-5,Y,20260227,20260330,PF대출채권,KRW,,5000000000,5000000000,18,A1,A1,,,반포주공1단지주택재건축정비사업조합,차환발행위험(유동성 공여형 매입약정),금융기관,국민은행
69826,케이비클래스트제일차,KRZF0048B6G2,케이비클래스트제일차 20260227-31-6,Y,20260227,20260330,PF대출채권,KRW,,5000000000,5000000000,18,A1,A1,,,반포주공1단지주택재건축정비사업조합,차환발행위험(유동성 공여형 매입약정),금융기관,국민은행
69826,케이비클래스트제일차,KRZF0048B7G2,케이비클래스트제일차 20260227-31-7,Y,20260227,20260330,PF대출채권,KRW,,5000000000,5000000000,18,A1,A1,,,반포주공1단지주택재건축정비사업조합,차환발행위험(유동성 공여형 매입약정),금융기관,국민은행
69826,케이비클래스트제일차,KRZF0048B8G2,케이비클래스트제일차 20260227-31-8,Y,20260227,20260330,PF대출채권,KRW,,5000000000,5000000000,18,A1,A1,,,반포주공1단지주택재건축정비사업조합,차환발행위험(유동성 공여형 매입약정),금융기관,국민은행
69826,케이비클래스트제일차,KRZF0048B9G2,케이비클래스트제일차 20260227-31-9,Y,20260227,20260330,PF대출채권,KRW,,5000000000,5000000000,18,A1,A1,,,반포주공1단지주택재건축정비사업조합,차환발행위험(유동성 공여형 매입약정),금융기관,국민은행
72381,케이비프렌즈제일차,KRZF0129E1G2,케이비프렌즈제일차 20260227-31-1,Y,20260227,20260330,PF대출채권,KRW,,10000000000,10000000000,18,A1,A1,,,반포주공1단지주택재건축정비사업조합,차환발행위험(유동성 공여형 매입약정),금융기관,국민은행
72381,케이비프렌즈제일차,KRZF0129EAG2,케이비프렌즈제일차 20260227-31-10,Y,20260227,20260330,PF대출채권,KRW,,10000000000,10000000000,18,A1,A1,,,반포주공1단지주택재건축정비사업조합,차환발행위험(유동성 공여형 매입약정),금융기관,국민은행
72381,케이비프렌즈제일차,KRZF0129EBG2,케이비프렌즈제일차 20260227-31-11,Y,20260227,20260330,PF대출채권,KRW,,10000000000,10000000000,18,A1,A1,,,반포주공1단지주택재건축정비사업조합,차환발행위험(유동성 공여형 매입약정),금융기관,국민은행
72381,케이비프렌즈제일차,KRZF0129ECG2,케이비프렌즈제일차 20260227-31-12,Y,20260227,20260330,PF대출채권,KRW,,10000000000,10000000000,18,A1,A1,,,반포주공1단지주택재건축정비사업조합,차환발행위험(유동성 공여형 매입약정),금융기관,국민은행
72381,케이비프렌즈제일차,KRZF0129EDG2,케이비프렌즈제일차 20260227-31-13,Y,20260227,20260330,PF대출채권,KRW,,10000000000,10000000000,18,A1,A1,,,반포주공1단지주택재건축정비사업조합,차환발행위험(유동성 공여형 매입약정),금융기관,국민은행
72381,케이비프렌즈제일차,KRZF0129EEG2,케이비프렌즈제일차 20260227-31-14,Y,20260227,20260330,PF대출채권,KRW,,10000000000,10000000000,18,A1,A1,,,반포주공1단지주택재건축정비사업조합,차환발행위험(유동성 공여형 매입약정),금융기관,국민은행
72381,케이비프렌즈제일차,KRZF0129EFG2,케이비프렌즈제일차 20260227-31-15,Y,20260227,20260330,PF대출채권,KRW,,10000000000,10000000000,18,A1,A1,,,반포주공1단지주택재건축정비사업조합,차환발행위험(유동성 공여형 매입약정),금융기관,국민은행
72381,케이비프렌즈제일차,KRZF0129EGG2,케이비프렌즈제일차 20260227-31-16,Y,20260227,20260330,PF대출채권,KRW,,10000000000,10000000000,18,A1,A1,,,반포주공1단지주택재건축정비사업조합,차환발행위험(유동성 공여형 매입약정),금융기관,국민은행
72381,케이비프렌즈제일차,KRZF0129EHG2,케이비프렌즈제일차 20260227-31-17,Y,20260227,20260330,PF대출채권,KRW,,10000000000,10000000000,18,A1,A1,,,반포주공1단지주택재건축정비사업조합,차환발행위험(유동성 공여형 매입약정),금융기관,국민은행
72381,케이비프렌즈제일차,KRZF0129EJG2,케이비프렌즈제일차 20260227-31-18,Y,20260227,20260330,PF대출채권,KRW,,10000000000,10000000000,18,A1,A1,,,반포주공1단지주택재건축정비사업조합,차환발행위험(유동성 공여형 매입약정),금융기관,국민은행
72381,케이비프렌즈제일차,KRZF0129EKG2,케이비프렌즈제일차 20260227-31-19,Y,20260227,20260330,PF대출채권,KRW,,8400000000,8400000000,18,A1,A1,,,반포주공1단지주택재건축정비사업조합,차환발행위험(유동성 공여형 매입약정),금융기관,국민은행
72381,케이비프렌즈제일차,KRZF0129E2G2,케이비프렌즈제일차 20260227-31-2,Y,20260227,20260330,PF대출채권,KRW,,5000000000,5000000000,18,A1,A1,,,반포주공1단지주택재건축정비사업조합,차환발행위험(유동성 공여형 매입약정),금융기관,국민은행
72381,케이비프렌즈제일차,KRZF0129ELG2,케이비프렌즈제일차 20260227-31-20,Y,20260227,20260330,PF대출채권,KRW,,5000000000,5000000000,18,A1,A1,,,반포주공1단지주택재건축정비사업조합,차환발행위험(유동성 공여형 매입약정),금융기관,국민은행
72381,케이비프렌즈제일차,KRZF0129EMG2,케이비프렌즈제일차 20260227-31-21,Y,20260227,20260330,PF대출채권,KRW,,5000000000,5000000000,18,A1,A1,,,반포주공1단지주택재건축정비사업조합,차환발행위험(유동성 공여형 매입약정),금융기관,국민은행
72381,케이비프렌즈제일차,KRZF0129ENG2,케이비프렌즈제일차 20260227-31-22,Y,20260227,20260330,PF대출채권,KRW,,5000000000,5000000000,18,A1,A1,,,반포주공1단지주택재건축정비사업조합,차환발행위험(유동성 공여형 매입약정),금융기관,국민은행
72381,케이비프렌즈제일차,KRZF0129EPG2,케이비프렌즈제일차 20260227-31-23,Y,20260227,20260330,PF대출채권,KRW,,5000000000,5000000000,18,A1,A1,,,반포주공1단지주택재건축정비사업조합,차환발행위험(유동성 공여형 매입약정),금융기관,국민은행
72381,케이비프렌즈제일차,KRZF0129EQG2,케이비프렌즈제일차 20260227-31-24,Y,20260227,20260330,PF대출채권,KRW,,5000000000,5000000000,18,A1,A1,,,반포주공1단지주택재건축정비사업조합,차환발행위험(유동성 공여형 매입약정),금융기관,국민은행
72381,케이비프렌즈제일차,KRZF0129ERG2,케이비프렌즈제일차 20260227-31-25,Y,20260227,20260330,PF대출채권,KRW,,5000000000,5000000000,18,A1,A1,,,반포주공1단지주택재건축정비사업조합,차환발행위험(유동성 공여형 매입약정),금융기관,국민은행
72381,케이비프렌즈제일차,KRZF0129ESG2,케이비프렌즈제일차 20260227-31-26,Y,20260227,20260330,PF대출채권,KRW,,5000000000,5000000000,18,A1,A1,,,반포주공1단지주택재건축정비사업조합,차환발행위험(유동성 공여형 매입약정),금융기관,국민은행
72381,케이비프렌즈제일차,KRZF0129ETG2,케이비프렌즈제일차 20260227-31-27,Y,20260227,20260330,PF대출채권,KRW,,5000000000,5000000000,18,A1,A1,,,반포주공1단지주택재건축정비사업조합,차환발행위험(유동성 공여형 매입약정),금융기관,국민은행
72381,케이비프렌즈제일차,KRZF0129EVG2,케이비프렌즈제일차 20260227-31-28,Y,20260227,20260330,PF대출채권,KRW,,5000000000,5000000000,18,A1,A1,,,반포주공1단지주택재건축정비사업조합,차환발행위험(유동성 공여형 매입약정),금융기관,국민은행
72381,케이비프렌즈제일차,KRZF0129EWG2,케이비프렌즈제일차 20260227-31-29,Y,20260227,20260330,PF대출채권,KRW,,5000000000,5000000000,18,A1,A1,,,반포주공1단지주택재건축정비사업조합,차환발행위험(유동성 공여형 매입약정),금융기관,국민은행
72381,케이비프렌즈제일차,KRZF0129E3G2,케이비프렌즈제일차 20260227-31-3,Y,20260227,20260330,PF대출채권,KRW,,50000000000,50000000000,18,A1,A1,,,반포주공1단지주택재건축정비사업조합,차환발행위험(유동성 공여형 매입약정),금융기관,국민은행
72381,케이비프렌즈제일차,KRZF0129EXG2,케이비프렌즈제일차 20260227-31-30,Y,20260227,20260330,PF대출채권,KRW,,5000000000,5000000000,18,A1,A1,,,반포주공1단지주택재건축정비사업조합,차환발행위험(유동성 공여형 매입약정),금융기관,국민은행
72381,케이비프렌즈제일차,KRZF0129EYG2,케이비프렌즈제일차 20260227-31-31,Y,20260227,20260330,PF대출채권,KRW,,5000000000,5000000000,18,A1,A1,,,반포주공1단지주택재건축정비사업조합,차환발행위험(유동성 공여형 매입약정),금융기관,국민은행
72381,케이비프렌즈제일차,KRZF0129EZG2,케이비프렌즈제일차 20260227-31-32,Y,20260227,20260330,PF대출채권,KRW,,5000000000,5000000000,18,A1,A1,,,반포주공1단지주택재건축정비사업조합,차환발행위험(유동성 공여형 매입약정),금융기관,국민은행
72381,케이비프렌즈제일차,KRZF0129E0GE,케이비프렌즈제일차 20260227-31-33,Y,20260227,20260330,PF대출채권,KRW,,5000000000,5000000000,18,A1,A1,,,반포주공1단지주택재건축정비사업조합,차환발행위험(유동성 공여형 매입약정),금융기관,국민은행
72381,케이비프렌즈제일차,KRZF0129E1GE,케이비프렌즈제일차 20260227-31-34,Y,20260227,20260330,PF대출채권,KRW,,10000000000,10000000000,18,A1,A1,,,반포주공1단지주택재건축정비사업조합,차환발행위험(유동성 공여형 매입약정),금융기관,국민은행
72381,케이비프렌즈제일차,KRZF0129E2GE,케이비프렌즈제일차 20260227-31-35,Y,20260227,20260330,PF대출채권,KRW,,10000000000,10000000000,18,A1,A1,,,반포주공1단지주택재건축정비사업조합,차환발행위험(유동성 공여형 매입약정),금융기관,국민은행
72381,케이비프렌즈제일차,KRZF0129E3GE,케이비프렌즈제일차 20260227-31-36,Y,20260227,20260330,PF대출채권,KRW,,10000000000,10000000000,18,A1,A1,,,반포주공1단지주택재건축정비사업조합,차환발행위험(유동성 공여형 매입약정),금융기관,국민은행
72381,케이비프렌즈제일차,KRZF0129E4GE,케이비프렌즈제일차 20260227-31-37,Y,20260227,20260330,PF대출채권,KRW,,10000000000,10000000000,18,A1,A1,,,반포주공1단지주택재건축정비사업조합,차환발행위험(유동성 공여형 매입약정),금융기관,국민은행
72381,케이비프렌즈제일차,KRZF0129E5GE,케이비프렌즈제일차 20260227-31-38,Y,20260227,20260330,PF대출채권,KRW,,10000000000,10000000000,18,A1,A1,,,반포주공1단지주택재건축정비사업조합,차환발행위험(유동성 공여형 매입약정),금융기관,국민은행
72381,케이비프렌즈제일차,KRZF0129E6GE,케이비프렌즈제일차 20260227-31-39,Y,20260227,20260330,PF대출채권,KRW,,10000000000,10000000000,18,A1,A1,,,반포주공1단지주택재건축정비사업조합,차환발행위험(유동성 공여형 매입약정),금융기관,국민은행
72381,케이비프렌즈제일차,KRZF0129E4G2,케이비프렌즈제일차 20260227-31-4,Y,20260227,20260330,PF대출채권,KRW,,20000000000,20000000000,18,A1,A1,,,반포주공1단지주택재건축정비사업조합,차환발행위험(유동성 공여형 매입약정),금융기관,국민은행
72381,케이비프렌즈제일차,KRZF0129E7GE,케이비프렌즈제일차 20260227-31-40,Y,20260227,20260330,PF대출채권,KRW,,10000000000,10000000000,18,A1,A1,,,반포주공1단지주택재건축정비사업조합,차환발행위험(유동성 공여형 매입약정),금융기관,국민은행
72381,케이비프렌즈제일차,KRZF0129E8GE,케이비프렌즈제일차 20260227-31-41,Y,20260227,20260330,PF대출채권,KRW,,10000000000,10000000000,18,A1,A1,,,반포주공1단지주택재건축정비사업조합,차환발행위험(유동성 공여형 매입약정),금융기관,국민은행
72381,케이비프렌즈제일차,KRZF0129E9GE,케이비프렌즈제일차 20260227-31-42,Y,20260227,20260330,PF대출채권,KRW,,10000000000,10000000000,18,A1,A1,,,반포주공1단지주택재건축정비사업조합,차환발행위험(유동성 공여형 매입약정),금융기관,국민은행
72381,케이비프렌즈제일차,KRZF0129EAGE,케이비프렌즈제일차 20260227-31-43,Y,20260227,20260330,PF대출채권,KRW,,10000000000,10000000000,18,A1,A1,,,반포주공1단지주택재건축정비사업조합,차환발행위험(유동성 공여형 매입약정),금융기관,국민은행
72381,케이비프렌즈제일차,KRZF0129EBGE,케이비프렌즈제일차 20260227-31-44,Y,20260227,20260330,PF대출채권,KRW,,3100000000,3100000000,18,A1,A1,,,반포주공1단지주택재건축정비사업조합,차환발행위험(유동성 공여형 매입약정),금융기관,국민은행
72381,케이비프렌즈제일차,KRZF0129E5G2,케이비프렌즈제일차 20260227-31-5,Y,20260227,20260330,PF대출채권,KRW,,10000000000,10000000000,18,A1,A1,,,반포주공1단지주택재건축정비사업조합,차환발행위험(유동성 공여형 매입약정),금융기관,국민은행
72381,케이비프렌즈제일차,KRZF0129E6G2,케이비프렌즈제일차 20260227-31-6,Y,20260227,20260330,PF대출채권,KRW,,10000000000,10000000000,18,A1,A1,,,반포주공1단지주택재건축정비사업조합,차환발행위험(유동성 공여형 매입약정),금융기관,국민은행
72381,케이비프렌즈제일차,KRZF0129E7G2,케이비프렌즈제일차 20260227-31-7,Y,20260227,20260330,PF대출채권,KRW,,10000000000,10000000000,18,A1,A1,,,반포주공1단지주택재건축정비사업조합,차환발행위험(유동성 공여형 매입약정),금융기관,국민은행
72381,케이비프렌즈제일차,KRZF0129E8G2,케이비프렌즈제일차 20260227-31-8,Y,20260227,20260330,PF대출채권,KRW,,10000000000,10000000000,18,A1,A1,,,반포주공1단지주택재건축정비사업조합,차환발행위험(유동성 공여형 매입약정),금융기관,국민은행
72381,케이비프렌즈제일차,KRZF0129E9G2,케이비프렌즈제일차 20260227-31-9,Y,20260227,20260330,PF대출채권,KRW,,10000000000,10000000000,18,A1,A1,,,반포주공1단지주택재건축정비사업조합,차환발행위험(유동성 공여형 매입약정),금융기관,국민은행
73594,케이비한남이제이차,KRZF0160R1G2,케이비한남이제이차 20260227-31-1,Y,20260227,20260330,PF대출채권,KRW,,30000000000,30000000000,18,A1,,A1,,한남2재정비촉진구역주택재개발정비사업조합,차환발행위험(유동성 공여형 매입약정),금융기관,국민은행
73594,케이비한남이제이차,KRZF0160RAG2,케이비한남이제이차 20260227-31-10,Y,20260227,20260330,PF대출채권,KRW,,14500000000,14500000000,18,A1,,A1,,한남2재정비촉진구역주택재개발정비사업조합,차환발행위험(유동성 공여형 매입약정),금융기관,국민은행
73594,케이비한남이제이차,KRZF0160RBG2,케이비한남이제이차 20260227-31-11,Y,20260227,20260330,PF대출채권,KRW,,10000000000,10000000000,18,A1,,A1,,한남2재정비촉진구역주택재개발정비사업조합,차환발행위험(유동성 공여형 매입약정),금융기관,국민은행
73594,케이비한남이제이차,KRZF0160R2G2,케이비한남이제이차 20260227-31-2,Y,20260227,20260330,PF대출채권,KRW,,10000000000,10000000000,18,A1,,A1,,한남2재정비촉진구역주택재개발정비사업조합,차환발행위험(유동성 공여형 매입약정),금융기관,국민은행
73594,케이비한남이제이차,KRZF0160R3G2,케이비한남이제이차 20260227-31-3,Y,20260227,20260330,PF대출채권,KRW,,10000000000,10000000000,18,A1,,A1,,한남2재정비촉진구역주택재개발정비사업조합,차환발행위험(유동성 공여형 매입약정),금융기관,국민은행
73594,케이비한남이제이차,KRZF0160R4G2,케이비한남이제이차 20260227-31-4,Y,20260227,20260330,PF대출채권,KRW,,10000000000,10000000000,18,A1,,A1,,한남2재정비촉진구역주택재개발정비사업조합,차환발행위험(유동성 공여형 매입약정),금융기관,국민은행
73594,케이비한남이제이차,KRZF0160R5G2,케이비한남이제이차 20260227-31-5,Y,20260227,20260330,PF대출채권,KRW,,5000000000,5000000000,18,A1,,A1,,한남2재정비촉진구역주택재개발정비사업조합,차환발행위험(유동성 공여형 매입약정),금융기관,국민은행
73594,케이비한남이제이차,KRZF0160R6G2,케이비한남이제이차 20260227-31-6,Y,20260227,20260330,PF대출채권,KRW,,5000000000,5000000000,18,A1,,A1,,한남2재정비촉진구역주택재개발정비사업조합,차환발행위험(유동성 공여형 매입약정),금융기관,국민은행
73594,케이비한남이제이차,KRZF0160R7G2,케이비한남이제이차 20260227-31-7,Y,20260227,20260330,PF대출채권,KRW,,20000000000,20000000000,18,A1,,A1,,한남2재정비촉진구역주택재개발정비사업조합,차환발행위험(유동성 공여형 매입약정),금융기관,국민은행
73594,케이비한남이제이차,KRZF0160R8G2,케이비한남이제이차 20260227-31-8,Y,20260227,20260330,PF대출채권,KRW,,20000000000,20000000000,18,A1,,A1,,한남2재정비촉진구역주택재개발정비사업조합,차환발행위험(유동성 공여형 매입약정),금융기관,국민은행
73594,케이비한남이제이차,KRZF0160R9G2,케이비한남이제이차 20260227-31-9,Y,20260227,20260330,PF대출채권,KRW,,20000000000,20000000000,18,A1,,A1,,한남2재정비촉진구역주택재개발정비사업조합,차환발행위험(유동성 공여형 매입약정),금융기관,국민은행
73593,케이비한남이제일차,KRZF0160P1G2,케이비한남이제일차 20260227-31-1,Y,20260227,20260330,PF대출채권,KRW,,10000000000,10000000000,18,A1,,A1,,한남2재정비촉진구역주택재개발정비사업조합,차환발행위험(유동성 공여형 매입약정),금융기관,국민은행
73593,케이비한남이제일차,KRZF0160P2G2,케이비한남이제일차 20260227-31-2,Y,20260227,20260330,PF대출채권,KRW,,10000000000,10000000000,18,A1,,A1,,한남2재정비촉진구역주택재개발정비사업조합,차환발행위험(유동성 공여형 매입약정),금융기관,국민은행
73593,케이비한남이제일차,KRZF0160P3G2,케이비한남이제일차 20260227-31-3,Y,20260227,20260330,PF대출채권,KRW,,10000000000,10000000000,18,A1,,A1,,한남2재정비촉진구역주택재개발정비사업조합,차환발행위험(유동성 공여형 매입약정),금융기관,국민은행
73593,케이비한남이제일차,KRZF0160P4G2,케이비한남이제일차 20260227-31-4,Y,20260227,20260330,PF대출채권,KRW,,10000000000,10000000000,18,A1,,A1,,한남2재정비촉진구역주택재개발정비사업조합,차환발행위험(유동성 공여형 매입약정),금융기관,국민은행
73593,케이비한남이제일차,KRZF0160P5G2,케이비한남이제일차 20260227-31-5,Y,20260227,20260330,PF대출채권,KRW,,5000000000,5000000000,18,A1,,A1,,한남2재정비촉진구역주택재개발정비사업조합,차환발행위험(유동성 공여형 매입약정),금융기관,국민은행
73593,케이비한남이제일차,KRZF0160P6G2,케이비한남이제일차 20260227-31-6,Y,20260227,20260330,PF대출채권,KRW,,50000000000,50000000000,18,A1,,A1,,한남2재정비촉진구역주택재개발정비사업조합,차환발행위험(유동성 공여형 매입약정),금융기관,국민은행
73593,케이비한남이제일차,KRZF0160P7G2,케이비한남이제일차 20260227-31-7,Y,20260227,20260330,PF대출채권,KRW,,30000000000,30000000000,18,A1,,A1,,한남2재정비촉진구역주택재개발정비사업조합,차환발행위험(유동성 공여형 매입약정),금융기관,국민은행
73593,케이비한남이제일차,KRZF0160P8G2,케이비한남이제일차 20260227-31-8,Y,20260227,20260330,PF대출채권,KRW,,29500000000,29500000000,18,A1,,A1,,한남2재정비촉진구역주택재개발정비사업조합,차환발행위험(유동성 공여형 매입약정),금융기관,국민은행
73927,케이에이치엘제오차,KRZF0106A1G2,케이에이치엘제오차 20260227-203-1,Y,20260227,20260918,PF대출채권,KRW,,1000000000,1000000000,190,A2+,A2+,,,(주)감정4지구 도시개발,외부 신용보강,일반기업,한화
73927,케이에이치엘제오차,KRZF0106A2G2,케이에이치엘제오차 20260227-203-2,Y,20260227,20260918,PF대출채권,KRW,,500000000,500000000,190,A2+,A2+,,,(주)감정4지구 도시개발,외부 신용보강,일반기업,한화
73927,케이에이치엘제오차,KRZF0106A3G2,케이에이치엘제오차 20260227-203-3,Y,20260227,20260918,PF대출채권,KRW,,500000000,500000000,190,A2+,A2+,,,(주)감정4지구 도시개발,외부 신용보강,일반기업,한화
73927,케이에이치엘제오차,KRZF0106A4G2,케이에이치엘제오차 20260227-203-4,Y,20260227,20260918,PF대출채권,KRW,,300000000,300000000,190,A2+,A2+,,,(주)감정4지구 도시개발,외부 신용보강,일반기업,한화
73927,케이에이치엘제오차,KRZF0106A5G2,케이에이치엘제오차 20260227-203-5,Y,20260227,20260918,PF대출채권,KRW,,200000000,200000000,190,A2+,A2+,,,(주)감정4지구 도시개발,외부 신용보강,일반기업,한화
73927,케이에이치엘제오차,KRZF0106A6G2,케이에이치엘제오차 20260227-203-6,Y,20260227,20260918,PF대출채권,KRW,,200000000,200000000,190,A2+,A2+,,,(주)감정4지구 도시개발,외부 신용보강,일반기업,한화
73930,키스피에프제삼차,KRZF0131Z1G2,키스피에프제삼차 20260227-181-1,Y,20260227,20260827,PF대출채권,KRW,,5000000000,5000000000,168,,A3+,A3+,,더파트너스(주),외부 신용보강,일반기업,코오롱글로벌
73930,키스피에프제삼차,KRZF0131ZAG2,키스피에프제삼차 20260227-181-10,Y,20260227,20260827,PF대출채권,KRW,,500000000,500000000,168,,A3+,A3+,,더파트너스(주),외부 신용보강,일반기업,코오롱글로벌
73930,키스피에프제삼차,KRZF0131ZBG2,키스피에프제삼차 20260227-181-11,Y,20260227,20260827,PF대출채권,KRW,,500000000,500000000,168,,A3+,A3+,,더파트너스(주),외부 신용보강,일반기업,코오롱글로벌
73930,키스피에프제삼차,KRZF0131ZCG2,키스피에프제삼차 20260227-181-12,Y,20260227,20260827,PF대출채권,KRW,,500000000,500000000,168,,A3+,A3+,,더파트너스(주),외부 신용보강,일반기업,코오롱글로벌
73930,키스피에프제삼차,KRZF0131ZDG2,키스피에프제삼차 20260227-181-13,Y,20260227,20260827,PF대출채권,KRW,,500000000,500000000,168,,A3+,A3+,,더파트너스(주),외부 신용보강,일반기업,코오롱글로벌
73930,키스피에프제삼차,KRZF0131ZEG2,키스피에프제삼차 20260227-181-14,Y,20260227,20260827,PF대출채권,KRW,,500000000,500000000,168,,A3+,A3+,,더파트너스(주),외부 신용보강,일반기업,코오롱글로벌
73930,키스피에프제삼차,KRZF0131ZFG2,키스피에프제삼차 20260227-181-15,Y,20260227,20260827,PF대출채권,KRW,,500000000,500000000,168,,A3+,A3+,,더파트너스(주),외부 신용보강,일반기업,코오롱글로벌
73930,키스피에프제삼차,KRZF0131ZGG2,키스피에프제삼차 20260227-181-16,Y,20260227,20260827,PF대출채권,KRW,,500000000,500000000,168,,A3+,A3+,,더파트너스(주),외부 신용보강,일반기업,코오롱글로벌
73930,키스피에프제삼차,KRZF0131ZHG2,키스피에프제삼차 20260227-181-17,Y,20260227,20260827,PF대출채권,KRW,,500000000,500000000,168,,A3+,A3+,,더파트너스(주),외부 신용보강,일반기업,코오롱글로벌
73930,키스피에프제삼차,KRZF0131ZJG2,키스피에프제삼차 20260227-181-18,Y,20260227,20260827,PF대출채권,KRW,,500000000,500000000,168,,A3+,A3+,,더파트너스(주),외부 신용보강,일반기업,코오롱글로벌
73930,키스피에프제삼차,KRZF0131ZKG2,키스피에프제삼차 20260227-181-19,Y,20260227,20260827,PF대출채권,KRW,,500000000,500000000,168,,A3+,A3+,,더파트너스(주),외부 신용보강,일반기업,코오롱글로벌
73930,키스피에프제삼차,KRZF0131Z2G2,키스피에프제삼차 20260227-181-2,Y,20260227,20260827,PF대출채권,KRW,,5000000000,5000000000,168,,A3+,A3+,,더파트너스(주),외부 신용보강,일반기업,코오롱글로벌
73930,키스피에프제삼차,KRZF0131ZLG2,키스피에프제삼차 20260227-181-20,Y,20260227,20260827,PF대출채권,KRW,,500000000,500000000,168,,A3+,A3+,,더파트너스(주),외부 신용보강,일반기업,코오롱글로벌
73930,키스피에프제삼차,KRZF0131ZMG2,키스피에프제삼차 20260227-181-21,Y,20260227,20260827,PF대출채권,KRW,,500000000,500000000,168,,A3+,A3+,,더파트너스(주),외부 신용보강,일반기업,코오롱글로벌
73930,키스피에프제삼차,KRZF0131ZNG2,키스피에프제삼차 20260227-181-22,Y,20260227,20260827,PF대출채권,KRW,,500000000,500000000,168,,A3+,A3+,,더파트너스(주),외부 신용보강,일반기업,코오롱글로벌
73930,키스피에프제삼차,KRZF0131ZPG2,키스피에프제삼차 20260227-181-23,Y,20260227,20260827,PF대출채권,KRW,,500000000,500000000,168,,A3+,A3+,,더파트너스(주),외부 신용보강,일반기업,코오롱글로벌
73930,키스피에프제삼차,KRZF0131Z3G2,키스피에프제삼차 20260227-181-3,Y,20260227,20260827,PF대출채권,KRW,,5000000000,5000000000,168,,A3+,A3+,,더파트너스(주),외부 신용보강,일반기업,코오롱글로벌
73930,키스피에프제삼차,KRZF0131Z4G2,키스피에프제삼차 20260227-181-4,Y,20260227,20260827,PF대출채권,KRW,,5000000000,5000000000,168,,A3+,A3+,,더파트너스(주),외부 신용보강,일반기업,코오롱글로벌
73930,키스피에프제삼차,KRZF0131Z5G2,키스피에프제삼차 20260227-181-5,Y,20260227,20260827,PF대출채권,KRW,,5000000000,5000000000,168,,A3+,A3+,,더파트너스(주),외부 신용보강,일반기업,코오롱글로벌
73930,키스피에프제삼차,KRZF0131Z6G2,키스피에프제삼차 20260227-181-6,Y,20260227,20260827,PF대출채권,KRW,,5000000000,5000000000,168,,A3+,A3+,,더파트너스(주),외부 신용보강,일반기업,코오롱글로벌
73930,키스피에프제삼차,KRZF0131Z7G2,키스피에프제삼차 20260227-181-7,Y,20260227,20260827,PF대출채권,KRW,,5000000000,5000000000,168,,A3+,A3+,,더파트너스(주),외부 신용보강,일반기업,코오롱글로벌
73930,키스피에프제삼차,KRZF0131Z8G2,키스피에프제삼차 20260227-181-8,Y,20260227,20260827,PF대출채권,KRW,,7700000000,7700000000,168,,A3+,A3+,,더파트너스(주),외부 신용보강,일반기업,코오롱글로벌
73930,키스피에프제삼차,KRZF0131Z9G2,키스피에프제삼차 20260227-181-9,Y,20260227,20260827,PF대출채권,KRW,,500000000,500000000,168,,A3+,A3+,,더파트너스(주),외부 신용보강,일반기업,코오롱글로벌
67961,페이레터케이디비제일차,KRZFA99721G2,페이레터케이디비제일차 20260227-89-1,N,20260227,20260527,대출채권,KRW,,5000000000,5000000000,76,A1,A1,,,페이레터,외부 신용보강,금융기관,한국산업은행
67961,페이레터케이디비제일차,KRZFA99721G2,페이레터케이디비제일차 20260227-89-1,N,20260227,20260527,대출채권,KRW,,5000000000,5000000000,76,A1,A1,,,페이레터,차환발행위험(유동성 공여형 매입약정),금융기관,한국산업은행
67961,페이레터케이디비제일차,KRZFA99722G2,페이레터케이디비제일차 20260227-89-2,N,20260227,20260527,대출채권,KRW,,5000000000,5000000000,76,A1,A1,,,페이레터,외부 신용보강,금융기관,한국산업은행
67961,페이레터케이디비제일차,KRZFA99722G2,페이레터케이디비제일차 20260227-89-2,N,20260227,20260527,대출채권,KRW,,5000000000,5000000000,76,A1,A1,,,페이레터,차환발행위험(유동성 공여형 매입약정),금융기관,한국산업은행
67961,페이레터케이디비제일차,KRZFA99723G2,페이레터케이디비제일차 20260227-89-3,N,20260227,20260527,대출채권,KRW,,5000000000,5000000000,76,A1,A1,,,페이레터,외부 신용보강,금융기관,한국산업은행
67961,페이레터케이디비제일차,KRZFA99723G2,페이레터케이디비제일차 20260227-89-3,N,20260227,20260527,대출채권,KRW,,5000000000,5000000000,76,A1,A1,,,페이레터,차환발행위험(유동성 공여형 매입약정),금융기관,한국산업은행
67961,페이레터케이디비제일차,KRZFA99724G2,페이레터케이디비제일차 20260227-89-4,N,20260227,20260527,대출채권,KRW,,5000000000,5000000000,76,A1,A1,,,페이레터,외부 신용보강,금융기관,한국산업은행
67961,페이레터케이디비제일차,KRZFA99724G2,페이레터케이디비제일차 20260227-89-4,N,20260227,20260527,대출채권,KRW,,5000000000,5000000000,76,A1,A1,,,페이레터,차환발행위험(유동성 공여형 매입약정),금융기관,한국산업은행
67961,페이레터케이디비제일차,KRZFA99725G2,페이레터케이디비제일차 20260227-89-5,N,20260227,20260527,대출채권,KRW,,1000000000,1000000000,76,A1,A1,,,페이레터,외부 신용보강,금융기관,한국산업은행
67961,페이레터케이디비제일차,KRZFA99725G2,페이레터케이디비제일차 20260227-89-5,N,20260227,20260527,대출채권,KRW,,1000000000,1000000000,76,A1,A1,,,페이레터,차환발행위험(유동성 공여형 매입약정),금융기관,한국산업은행
73889,플레인스워커제십이차,KRZF237911G2,플레인스워커제십이차 20260227-213-1,N,20260227,20260928,매출채권,KRW,,20000000,20000000,200,A1,A1,,,SK텔레콤,자체 신용보강,자체 신용보강,SK텔레콤
71979,하나풍덕천제일차,KRZF0116F1G2,하나풍덕천제일차 20260227-89-1,Y,20260227,20260527,PF대출채권,KRW,,5000000000,5000000000,76,A1,A1,,,(주) 위본,차환발행위험(유동성 공여형 매입약정),금융기관,하나은행
71979,하나풍덕천제일차,KRZF0116FAG2,하나풍덕천제일차 20260227-89-10,Y,20260227,20260527,PF대출채권,KRW,,5000000000,5000000000,76,A1,A1,,,(주) 위본,차환발행위험(유동성 공여형 매입약정),금융기관,하나은행
71979,하나풍덕천제일차,KRZF0116F2G2,하나풍덕천제일차 20260227-89-2,Y,20260227,20260527,PF대출채권,KRW,,5000000000,5000000000,76,A1,A1,,,(주) 위본,차환발행위험(유동성 공여형 매입약정),금융기관,하나은행
71979,하나풍덕천제일차,KRZF0116F3G2,하나풍덕천제일차 20260227-89-3,Y,20260227,20260527,PF대출채권,KRW,,5000000000,5000000000,76,A1,A1,,,(주) 위본,차환발행위험(유동성 공여형 매입약정),금융기관,하나은행
71979,하나풍덕천제일차,KRZF0116F4G2,하나풍덕천제일차 20260227-89-4,Y,20260227,20260527,PF대출채권,KRW,,5000000000,5000000000,76,A1,A1,,,(주) 위본,차환발행위험(유동성 공여형 매입약정),금융기관,하나은행
71979,하나풍덕천제일차,KRZF0116F5G2,하나풍덕천제일차 20260227-89-5,Y,20260227,20260527,PF대출채권,KRW,,5000000000,5000000000,76,A1,A1,,,(주) 위본,차환발행위험(유동성 공여형 매입약정),금융기관,하나은행
71979,하나풍덕천제일차,KRZF0116F6G2,하나풍덕천제일차 20260227-89-6,Y,20260227,20260527,PF대출채권,KRW,,5000000000,5000000000,76,A1,A1,,,(주) 위본,차환발행위험(유동성 공여형 매입약정),금융기관,하나은행
71979,하나풍덕천제일차,KRZF0116F7G2,하나풍덕천제일차 20260227-89-7,Y,20260227,20260527,PF대출채권,KRW,,5000000000,5000000000,76,A1,A1,,,(주) 위본,차환발행위험(유동성 공여형 매입약정),금융기관,하나은행
71979,하나풍덕천제일차,KRZF0116F8G2,하나풍덕천제일차 20260227-89-8,Y,20260227,20260527,PF대출채권,KRW,,5000000000,5000000000,76,A1,A1,,,(주) 위본,차환발행위험(유동성 공여형 매입약정),금융기관,하나은행
71979,하나풍덕천제일차,KRZF0116F9G2,하나풍덕천제일차 20260227-89-9,Y,20260227,20260527,PF대출채권,KRW,,5000000000,5000000000,76,A1,A1,,,(주) 위본,차환발행위험(유동성 공여형 매입약정),금융기관,하나은행
73893,뉴스타공덕제육차,KRZF0014W1G2,뉴스타공덕제육차 20260226-181-1,Y,20260226,20260826,PF대출채권,KRW,,5000000000,5000000000,167,A2,,A2,,공덕경우개발 주식회사,외부 신용보강,일반기업,효성
73893,뉴스타공덕제육차,KRZF0014W2G2,뉴스타공덕제육차 20260226-181-2,Y,20260226,20260826,PF대출채권,KRW,,5000000000,5000000000,167,A2,,A2,,공덕경우개발 주식회사,외부 신용보강,일반기업,효성
73893,뉴스타공덕제육차,KRZF0014W3G2,뉴스타공덕제육차 20260226-181-3,Y,20260226,20260826,PF대출채권,KRW,,5000000000,5000000000,167,A2,,A2,,공덕경우개발 주식회사,외부 신용보강,일반기업,효성
73893,뉴스타공덕제육차,KRZF0014W4G2,뉴스타공덕제육차 20260226-181-4,Y,20260226,20260826,PF대출채권,KRW,,5000000000,5000000000,167,A2,,A2,,공덕경우개발 주식회사,외부 신용보강,일반기업,효성
73893,뉴스타공덕제육차,KRZF0014W5G2,뉴스타공덕제육차 20260226-181-5,Y,20260226,20260826,PF대출채권,KRW,,5000000000,5000000000,167,A2,,A2,,공덕경우개발 주식회사,외부 신용보강,일반기업,효성
73893,뉴스타공덕제육차,KRZF0014W6G2,뉴스타공덕제육차 20260226-181-6,Y,20260226,20260826,PF대출채권,KRW,,5000000000,5000000000,167,A2,,A2,,공덕경우개발 주식회사,외부 신용보강,일반기업,효성
73893,뉴스타공덕제육차,KRZF0014W7G2,뉴스타공덕제육차 20260226-181-7,Y,20260226,20260826,PF대출채권,KRW,,8000000000,8000000000,167,A2,,A2,,공덕경우개발 주식회사,외부 신용보강,일반기업,효성
73526,디에스에어식스제이차,KRZF0158X1G2,디에스에어식스제이차 20260226-28-1,N,20260226,20260326,대출채권,KRW,,5000000000,5000000000,14,A1,A1,,,다산네트웍스,외부 신용보강,금융기관,한국산업은행
73526,디에스에어식스제이차,KRZF0158X2G2,디에스에어식스제이차 20260226-28-2,N,20260226,20260326,대출채권,KRW,,5000000000,5000000000,14,A1,A1,,,다산네트웍스,외부 신용보강,금융기관,한국산업은행
73526,디에스에어식스제이차,KRZF0158X3G2,디에스에어식스제이차 20260226-28-3,N,20260226,20260326,대출채권,KRW,,5000000000,5000000000,14,A1,A1,,,다산네트웍스,외부 신용보강,금융기관,한국산업은행
73526,디에스에어식스제이차,KRZF0158X4G2,디에스에어식스제이차 20260226-28-4,N,20260226,20260326,대출채권,KRW,,5000000000,5000000000,14,A1,A1,,,다산네트웍스,외부 신용보강,금융기관,한국산업은행
73526,디에스에어식스제이차,KRZF0158X5G2,디에스에어식스제이차 20260226-28-5,N,20260226,20260326,대출채권,KRW,,5000000000,5000000000,14,A1,A1,,,다산네트웍스,외부 신용보강,금융기관,한국산업은행
73898,비케이프로제칠차,KRZFA57121G2,비케이프로제칠차 20260226-160-1,N,20260226,20260805,매출채권,KRW,,5000000000,5000000000,146,A2,A2,,,삼성카드,자체 신용보강,자체 신용보강,에스케이렌터카
73898,비케이프로제칠차,KRZFA57122G2,비케이프로제칠차 20260226-160-2,N,20260226,20260805,매출채권,KRW,,5000000000,5000000000,146,A2,A2,,,삼성카드,자체 신용보강,자체 신용보강,에스케이렌터카
73898,비케이프로제칠차,KRZFA57123G2,비케이프로제칠차 20260226-160-3,N,20260226,20260805,매출채권,KRW,,5000000000,5000000000,146,A2,A2,,,삼성카드,자체 신용보강,자체 신용보강,에스케이렌터카
73898,비케이프로제칠차,KRZFA57124G2,비케이프로제칠차 20260226-160-4,N,20260226,20260805,매출채권,KRW,,5000000000,5000000000,146,A2,A2,,,삼성카드,자체 신용보강,자체 신용보강,에스케이렌터카
73898,비케이프로제칠차,KRZFA57125G2,비케이프로제칠차 20260226-160-5,N,20260226,20260805,매출채권,KRW,,5000000000,5000000000,146,A2,A2,,,삼성카드,자체 신용보강,자체 신용보강,에스케이렌터카
73898,비케이프로제칠차,KRZFA57126G2,비케이프로제칠차 20260226-160-6,N,20260226,20260805,매출채권,KRW,,3100000000,3100000000,146,A2,A2,,,삼성카드,자체 신용보강,자체 신용보강,에스케이렌터카
73898,비케이프로제칠차,KRZFA57127G2,비케이프로제칠차 20260226-160-7,N,20260226,20260805,매출채권,KRW,,1479000000,1479000000,146,A2,A2,,,삼성카드,자체 신용보강,자체 신용보강,에스케이렌터카
70152,케이디비첨단전략이에스지제십차,KRZF0060K1G2,케이디비첨단전략이에스지제십차 20260226-89-1,N,20260226,20260526,회사채,KRW,,5000000000,5000000000,75,,,,,에스지씨에너지,차환발행위험(유동성 공여형 매입약정),공공기관,한국산업은행
70152,케이디비첨단전략이에스지제십차,KRZF0060K1G2,케이디비첨단전략이에스지제십차 20260226-89-1,N,20260226,20260526,회사채,KRW,,5000000000,5000000000,75,,,,,대창,차환발행위험(유동성 공여형 매입약정),공공기관,한국산업은행
70152,케이디비첨단전략이에스지제십차,KRZF0060K1G2,케이디비첨단전략이에스지제십차 20260226-89-1,N,20260226,20260526,회사채,KRW,,5000000000,5000000000,75,,,,,이지스자산운용,차환발행위험(유동성 공여형 매입약정),공공기관,한국산업은행
70152,케이디비첨단전략이에스지제십차,KRZF0060K1G2,케이디비첨단전략이에스지제십차 20260226-89-1,N,20260226,20260526,회사채,KRW,,5000000000,5000000000,75,,,,,우리산업,차환발행위험(유동성 공여형 매입약정),공공기관,한국산업은행
70152,케이디비첨단전략이에스지제십차,KRZF0060KAG2,케이디비첨단전략이에스지제십차 20260226-89-10,N,20260226,20260526,회사채,KRW,,5000000000,5000000000,75,,,,,에스지씨에너지,차환발행위험(유동성 공여형 매입약정),공공기관,한국산업은행
70152,케이디비첨단전략이에스지제십차,KRZF0060KAG2,케이디비첨단전략이에스지제십차 20260226-89-10,N,20260226,20260526,회사채,KRW,,5000000000,5000000000,75,,,,,대창,차환발행위험(유동성 공여형 매입약정),공공기관,한국산업은행
70152,케이디비첨단전략이에스지제십차,KRZF0060KAG2,케이디비첨단전략이에스지제십차 20260226-89-10,N,20260226,20260526,회사채,KRW,,5000000000,5000000000,75,,,,,이지스자산운용,차환발행위험(유동성 공여형 매입약정),공공기관,한국산업은행
70152,케이디비첨단전략이에스지제십차,KRZF0060KAG2,케이디비첨단전략이에스지제십차 20260226-89-10,N,20260226,20260526,회사채,KRW,,5000000000,5000000000,75,,,,,우리산업,차환발행위험(유동성 공여형 매입약정),공공기관,한국산업은행
70152,케이디비첨단전략이에스지제십차,KRZF0060KBG2,케이디비첨단전략이에스지제십차 20260226-89-11,N,20260226,20260526,회사채,KRW,,5000000000,5000000000,75,,,,,에스지씨에너지,차환발행위험(유동성 공여형 매입약정),공공기관,한국산업은행
70152,케이디비첨단전략이에스지제십차,KRZF0060KBG2,케이디비첨단전략이에스지제십차 20260226-89-11,N,20260226,20260526,회사채,KRW,,5000000000,5000000000,75,,,,,대창,차환발행위험(유동성 공여형 매입약정),공공기관,한국산업은행
70152,케이디비첨단전략이에스지제십차,KRZF0060KBG2,케이디비첨단전략이에스지제십차 20260226-89-11,N,20260226,20260526,회사채,KRW,,5000000000,5000000000,75,,,,,이지스자산운용,차환발행위험(유동성 공여형 매입약정),공공기관,한국산업은행
70152,케이디비첨단전략이에스지제십차,KRZF0060KBG2,케이디비첨단전략이에스지제십차 20260226-89-11,N,20260226,20260526,회사채,KRW,,5000000000,5000000000,75,,,,,우리산업,차환발행위험(유동성 공여형 매입약정),공공기관,한국산업은행
70152,케이디비첨단전략이에스지제십차,KRZF0060KCG2,케이디비첨단전략이에스지제십차 20260226-89-12,N,20260226,20260526,회사채,KRW,,5000000000,5000000000,75,,,,,에스지씨에너지,차환발행위험(유동성 공여형 매입약정),공공기관,한국산업은행
70152,케이디비첨단전략이에스지제십차,KRZF0060KCG2,케이디비첨단전략이에스지제십차 20260226-89-12,N,20260226,20260526,회사채,KRW,,5000000000,5000000000,75,,,,,대창,차환발행위험(유동성 공여형 매입약정),공공기관,한국산업은행
70152,케이디비첨단전략이에스지제십차,KRZF0060KCG2,케이디비첨단전략이에스지제십차 20260226-89-12,N,20260226,20260526,회사채,KRW,,5000000000,5000000000,75,,,,,이지스자산운용,차환발행위험(유동성 공여형 매입약정),공공기관,한국산업은행
70152,케이디비첨단전략이에스지제십차,KRZF0060KCG2,케이디비첨단전략이에스지제십차 20260226-89-12,N,20260226,20260526,회사채,KRW,,5000000000,5000000000,75,,,,,우리산업,차환발행위험(유동성 공여형 매입약정),공공기관,한국산업은행
70152,케이디비첨단전략이에스지제십차,KRZF0060KDG2,케이디비첨단전략이에스지제십차 20260226-89-13,N,20260226,20260526,회사채,KRW,,5000000000,5000000000,75,,,,,에스지씨에너지,차환발행위험(유동성 공여형 매입약정),공공기관,한국산업은행
70152,케이디비첨단전략이에스지제십차,KRZF0060KDG2,케이디비첨단전략이에스지제십차 20260226-89-13,N,20260226,20260526,회사채,KRW,,5000000000,5000000000,75,,,,,대창,차환발행위험(유동성 공여형 매입약정),공공기관,한국산업은행
70152,케이디비첨단전략이에스지제십차,KRZF0060KDG2,케이디비첨단전략이에스지제십차 20260226-89-13,N,20260226,20260526,회사채,KRW,,5000000000,5000000000,75,,,,,이지스자산운용,차환발행위험(유동성 공여형 매입약정),공공기관,한국산업은행
70152,케이디비첨단전략이에스지제십차,KRZF0060KDG2,케이디비첨단전략이에스지제십차 20260226-89-13,N,20260226,20260526,회사채,KRW,,5000000000,5000000000,75,,,,,우리산업,차환발행위험(유동성 공여형 매입약정),공공기관,한국산업은행
70152,케이디비첨단전략이에스지제십차,KRZF0060KEG2,케이디비첨단전략이에스지제십차 20260226-89-14,N,20260226,20260526,회사채,KRW,,5000000000,5000000000,75,,,,,에스지씨에너지,차환발행위험(유동성 공여형 매입약정),공공기관,한국산업은행
70152,케이디비첨단전략이에스지제십차,KRZF0060KEG2,케이디비첨단전략이에스지제십차 20260226-89-14,N,20260226,20260526,회사채,KRW,,5000000000,5000000000,75,,,,,대창,차환발행위험(유동성 공여형 매입약정),공공기관,한국산업은행
70152,케이디비첨단전략이에스지제십차,KRZF0060KEG2,케이디비첨단전략이에스지제십차 20260226-89-14,N,20260226,20260526,회사채,KRW,,5000000000,5000000000,75,,,,,이지스자산운용,차환발행위험(유동성 공여형 매입약정),공공기관,한국산업은행
70152,케이디비첨단전략이에스지제십차,KRZF0060KEG2,케이디비첨단전략이에스지제십차 20260226-89-14,N,20260226,20260526,회사채,KRW,,5000000000,5000000000,75,,,,,우리산업,차환발행위험(유동성 공여형 매입약정),공공기관,한국산업은행
70152,케이디비첨단전략이에스지제십차,KRZF0060KFG2,케이디비첨단전략이에스지제십차 20260226-89-15,N,20260226,20260526,회사채,KRW,,5000000000,5000000000,75,,,,,에스지씨에너지,차환발행위험(유동성 공여형 매입약정),공공기관,한국산업은행
70152,케이디비첨단전략이에스지제십차,KRZF0060KFG2,케이디비첨단전략이에스지제십차 20260226-89-15,N,20260226,20260526,회사채,KRW,,5000000000,5000000000,75,,,,,대창,차환발행위험(유동성 공여형 매입약정),공공기관,한국산업은행
70152,케이디비첨단전략이에스지제십차,KRZF0060KFG2,케이디비첨단전략이에스지제십차 20260226-89-15,N,20260226,20260526,회사채,KRW,,5000000000,5000000000,75,,,,,이지스자산운용,차환발행위험(유동성 공여형 매입약정),공공기관,한국산업은행
70152,케이디비첨단전략이에스지제십차,KRZF0060KFG2,케이디비첨단전략이에스지제십차 20260226-89-15,N,20260226,20260526,회사채,KRW,,5000000000,5000000000,75,,,,,우리산업,차환발행위험(유동성 공여형 매입약정),공공기관,한국산업은행
70152,케이디비첨단전략이에스지제십차,KRZF0060KGG2,케이디비첨단전략이에스지제십차 20260226-89-16,N,20260226,20260526,회사채,KRW,,5000000000,5000000000,75,,,,,에스지씨에너지,차환발행위험(유동성 공여형 매입약정),공공기관,한국산업은행
70152,케이디비첨단전략이에스지제십차,KRZF0060KGG2,케이디비첨단전략이에스지제십차 20260226-89-16,N,20260226,20260526,회사채,KRW,,5000000000,5000000000,75,,,,,대창,차환발행위험(유동성 공여형 매입약정),공공기관,한국산업은행
70152,케이디비첨단전략이에스지제십차,KRZF0060KGG2,케이디비첨단전략이에스지제십차 20260226-89-16,N,20260226,20260526,회사채,KRW,,5000000000,5000000000,75,,,,,이지스자산운용,차환발행위험(유동성 공여형 매입약정),공공기관,한국산업은행
70152,케이디비첨단전략이에스지제십차,KRZF0060KGG2,케이디비첨단전략이에스지제십차 20260226-89-16,N,20260226,20260526,회사채,KRW,,5000000000,5000000000,75,,,,,우리산업,차환발행위험(유동성 공여형 매입약정),공공기관,한국산업은행
70152,케이디비첨단전략이에스지제십차,KRZF0060KHG2,케이디비첨단전략이에스지제십차 20260226-89-17,N,20260226,20260526,회사채,KRW,,5000000000,5000000000,75,,,,,에스지씨에너지,차환발행위험(유동성 공여형 매입약정),공공기관,한국산업은행
70152,케이디비첨단전략이에스지제십차,KRZF0060KHG2,케이디비첨단전략이에스지제십차 20260226-89-17,N,20260226,20260526,회사채,KRW,,5000000000,5000000000,75,,,,,대창,차환발행위험(유동성 공여형 매입약정),공공기관,한국산업은행
70152,케이디비첨단전략이에스지제십차,KRZF0060KHG2,케이디비첨단전략이에스지제십차 20260226-89-17,N,20260226,20260526,회사채,KRW,,5000000000,5000000000,75,,,,,이지스자산운용,차환발행위험(유동성 공여형 매입약정),공공기관,한국산업은행
70152,케이디비첨단전략이에스지제십차,KRZF0060KHG2,케이디비첨단전략이에스지제십차 20260226-89-17,N,20260226,20260526,회사채,KRW,,5000000000,5000000000,75,,,,,우리산업,차환발행위험(유동성 공여형 매입약정),공공기관,한국산업은행
70152,케이디비첨단전략이에스지제십차,KRZF0060KJG2,케이디비첨단전략이에스지제십차 20260226-89-18,N,20260226,20260526,회사채,KRW,,5000000000,5000000000,75,,,,,에스지씨에너지,차환발행위험(유동성 공여형 매입약정),공공기관,한국산업은행
70152,케이디비첨단전략이에스지제십차,KRZF0060KJG2,케이디비첨단전략이에스지제십차 20260226-89-18,N,20260226,20260526,회사채,KRW,,5000000000,5000000000,75,,,,,대창,차환발행위험(유동성 공여형 매입약정),공공기관,한국산업은행
70152,케이디비첨단전략이에스지제십차,KRZF0060KJG2,케이디비첨단전략이에스지제십차 20260226-89-18,N,20260226,20260526,회사채,KRW,,5000000000,5000000000,75,,,,,이지스자산운용,차환발행위험(유동성 공여형 매입약정),공공기관,한국산업은행
70152,케이디비첨단전략이에스지제십차,KRZF0060KJG2,케이디비첨단전략이에스지제십차 20260226-89-18,N,20260226,20260526,회사채,KRW,,5000000000,5000000000,75,,,,,우리산업,차환발행위험(유동성 공여형 매입약정),공공기관,한국산업은행
70152,케이디비첨단전략이에스지제십차,KRZF0060KKG2,케이디비첨단전략이에스지제십차 20260226-89-19,N,20260226,20260526,회사채,KRW,,5000000000,5000000000,75,,,,,에스지씨에너지,차환발행위험(유동성 공여형 매입약정),공공기관,한국산업은행
70152,케이디비첨단전략이에스지제십차,KRZF0060KKG2,케이디비첨단전략이에스지제십차 20260226-89-19,N,20260226,20260526,회사채,KRW,,5000000000,5000000000,75,,,,,대창,차환발행위험(유동성 공여형 매입약정),공공기관,한국산업은행
70152,케이디비첨단전략이에스지제십차,KRZF0060KKG2,케이디비첨단전략이에스지제십차 20260226-89-19,N,20260226,20260526,회사채,KRW,,5000000000,5000000000,75,,,,,이지스자산운용,차환발행위험(유동성 공여형 매입약정),공공기관,한국산업은행
70152,케이디비첨단전략이에스지제십차,KRZF0060KKG2,케이디비첨단전략이에스지제십차 20260226-89-19,N,20260226,20260526,회사채,KRW,,5000000000,5000000000,75,,,,,우리산업,차환발행위험(유동성 공여형 매입약정),공공기관,한국산업은행
70152,케이디비첨단전략이에스지제십차,KRZF0060K2G2,케이디비첨단전략이에스지제십차 20260226-89-2,N,20260226,20260526,회사채,KRW,,5000000000,5000000000,75,,,,,에스지씨에너지,차환발행위험(유동성 공여형 매입약정),공공기관,한국산업은행
70152,케이디비첨단전략이에스지제십차,KRZF0060K2G2,케이디비첨단전략이에스지제십차 20260226-89-2,N,20260226,20260526,회사채,KRW,,5000000000,5000000000,75,,,,,대창,차환발행위험(유동성 공여형 매입약정),공공기관,한국산업은행
70152,케이디비첨단전략이에스지제십차,KRZF0060K2G2,케이디비첨단전략이에스지제십차 20260226-89-2,N,20260226,20260526,회사채,KRW,,5000000000,5000000000,75,,,,,이지스자산운용,차환발행위험(유동성 공여형 매입약정),공공기관,한국산업은행
70152,케이디비첨단전략이에스지제십차,KRZF0060K2G2,케이디비첨단전략이에스지제십차 20260226-89-2,N,20260226,20260526,회사채,KRW,,5000000000,5000000000,75,,,,,우리산업,차환발행위험(유동성 공여형 매입약정),공공기관,한국산업은행
70152,케이디비첨단전략이에스지제십차,KRZF0060KLG2,케이디비첨단전략이에스지제십차 20260226-89-20,N,20260226,20260526,회사채,KRW,,5000000000,5000000000,75,,,,,에스지씨에너지,차환발행위험(유동성 공여형 매입약정),공공기관,한국산업은행
70152,케이디비첨단전략이에스지제십차,KRZF0060KLG2,케이디비첨단전략이에스지제십차 20260226-89-20,N,20260226,20260526,회사채,KRW,,5000000000,5000000000,75,,,,,대창,차환발행위험(유동성 공여형 매입약정),공공기관,한국산업은행
70152,케이디비첨단전략이에스지제십차,KRZF0060KLG2,케이디비첨단전략이에스지제십차 20260226-89-20,N,20260226,20260526,회사채,KRW,,5000000000,5000000000,75,,,,,이지스자산운용,차환발행위험(유동성 공여형 매입약정),공공기관,한국산업은행
70152,케이디비첨단전략이에스지제십차,KRZF0060KLG2,케이디비첨단전략이에스지제십차 20260226-89-20,N,20260226,20260526,회사채,KRW,,5000000000,5000000000,75,,,,,우리산업,차환발행위험(유동성 공여형 매입약정),공공기관,한국산업은행
70152,케이디비첨단전략이에스지제십차,KRZF0060KMG2,케이디비첨단전략이에스지제십차 20260226-89-21,N,20260226,20260526,회사채,KRW,,5000000000,5000000000,75,,,,,에스지씨에너지,차환발행위험(유동성 공여형 매입약정),공공기관,한국산업은행
70152,케이디비첨단전략이에스지제십차,KRZF0060KMG2,케이디비첨단전략이에스지제십차 20260226-89-21,N,20260226,20260526,회사채,KRW,,5000000000,5000000000,75,,,,,대창,차환발행위험(유동성 공여형 매입약정),공공기관,한국산업은행
70152,케이디비첨단전략이에스지제십차,KRZF0060KMG2,케이디비첨단전략이에스지제십차 20260226-89-21,N,20260226,20260526,회사채,KRW,,5000000000,5000000000,75,,,,,이지스자산운용,차환발행위험(유동성 공여형 매입약정),공공기관,한국산업은행
70152,케이디비첨단전략이에스지제십차,KRZF0060KMG2,케이디비첨단전략이에스지제십차 20260226-89-21,N,20260226,20260526,회사채,KRW,,5000000000,5000000000,75,,,,,우리산업,차환발행위험(유동성 공여형 매입약정),공공기관,한국산업은행
70152,케이디비첨단전략이에스지제십차,KRZF0060KNG2,케이디비첨단전략이에스지제십차 20260226-89-22,N,20260226,20260526,회사채,KRW,,5000000000,5000000000,75,,,,,에스지씨에너지,차환발행위험(유동성 공여형 매입약정),공공기관,한국산업은행
70152,케이디비첨단전략이에스지제십차,KRZF0060KNG2,케이디비첨단전략이에스지제십차 20260226-89-22,N,20260226,20260526,회사채,KRW,,5000000000,5000000000,75,,,,,대창,차환발행위험(유동성 공여형 매입약정),공공기관,한국산업은행
70152,케이디비첨단전략이에스지제십차,KRZF0060KNG2,케이디비첨단전략이에스지제십차 20260226-89-22,N,20260226,20260526,회사채,KRW,,5000000000,5000000000,75,,,,,이지스자산운용,차환발행위험(유동성 공여형 매입약정),공공기관,한국산업은행
70152,케이디비첨단전략이에스지제십차,KRZF0060KNG2,케이디비첨단전략이에스지제십차 20260226-89-22,N,20260226,20260526,회사채,KRW,,5000000000,5000000000,75,,,,,우리산업,차환발행위험(유동성 공여형 매입약정),공공기관,한국산업은행
70152,케이디비첨단전략이에스지제십차,KRZF0060KPG2,케이디비첨단전략이에스지제십차 20260226-89-23,N,20260226,20260526,회사채,KRW,,5000000000,5000000000,75,,,,,에스지씨에너지,차환발행위험(유동성 공여형 매입약정),공공기관,한국산업은행
70152,케이디비첨단전략이에스지제십차,KRZF0060KPG2,케이디비첨단전략이에스지제십차 20260226-89-23,N,20260226,20260526,회사채,KRW,,5000000000,5000000000,75,,,,,대창,차환발행위험(유동성 공여형 매입약정),공공기관,한국산업은행
70152,케이디비첨단전략이에스지제십차,KRZF0060KPG2,케이디비첨단전략이에스지제십차 20260226-89-23,N,20260226,20260526,회사채,KRW,,5000000000,5000000000,75,,,,,이지스자산운용,차환발행위험(유동성 공여형 매입약정),공공기관,한국산업은행
70152,케이디비첨단전략이에스지제십차,KRZF0060KPG2,케이디비첨단전략이에스지제십차 20260226-89-23,N,20260226,20260526,회사채,KRW,,5000000000,5000000000,75,,,,,우리산업,차환발행위험(유동성 공여형 매입약정),공공기관,한국산업은행
70152,케이디비첨단전략이에스지제십차,KRZF0060KQG2,케이디비첨단전략이에스지제십차 20260226-89-24,N,20260226,20260526,회사채,KRW,,5000000000,5000000000,75,,,,,에스지씨에너지,차환발행위험(유동성 공여형 매입약정),공공기관,한국산업은행
70152,케이디비첨단전략이에스지제십차,KRZF0060KQG2,케이디비첨단전략이에스지제십차 20260226-89-24,N,20260226,20260526,회사채,KRW,,5000000000,5000000000,75,,,,,대창,차환발행위험(유동성 공여형 매입약정),공공기관,한국산업은행
70152,케이디비첨단전략이에스지제십차,KRZF0060KQG2,케이디비첨단전략이에스지제십차 20260226-89-24,N,20260226,20260526,회사채,KRW,,5000000000,5000000000,75,,,,,이지스자산운용,차환발행위험(유동성 공여형 매입약정),공공기관,한국산업은행
70152,케이디비첨단전략이에스지제십차,KRZF0060KQG2,케이디비첨단전략이에스지제십차 20260226-89-24,N,20260226,20260526,회사채,KRW,,5000000000,5000000000,75,,,,,우리산업,차환발행위험(유동성 공여형 매입약정),공공기관,한국산업은행
70152,케이디비첨단전략이에스지제십차,KRZF0060KRG2,케이디비첨단전략이에스지제십차 20260226-89-25,N,20260226,20260526,회사채,KRW,,5000000000,5000000000,75,,,,,에스지씨에너지,차환발행위험(유동성 공여형 매입약정),공공기관,한국산업은행
70152,케이디비첨단전략이에스지제십차,KRZF0060KRG2,케이디비첨단전략이에스지제십차 20260226-89-25,N,20260226,20260526,회사채,KRW,,5000000000,5000000000,75,,,,,대창,차환발행위험(유동성 공여형 매입약정),공공기관,한국산업은행
70152,케이디비첨단전략이에스지제십차,KRZF0060KRG2,케이디비첨단전략이에스지제십차 20260226-89-25,N,20260226,20260526,회사채,KRW,,5000000000,5000000000,75,,,,,이지스자산운용,차환발행위험(유동성 공여형 매입약정),공공기관,한국산업은행
70152,케이디비첨단전략이에스지제십차,KRZF0060KRG2,케이디비첨단전략이에스지제십차 20260226-89-25,N,20260226,20260526,회사채,KRW,,5000000000,5000000000,75,,,,,우리산업,차환발행위험(유동성 공여형 매입약정),공공기관,한국산업은행
70152,케이디비첨단전략이에스지제십차,KRZF0060KSG2,케이디비첨단전략이에스지제십차 20260226-89-26,N,20260226,20260526,회사채,KRW,,5000000000,5000000000,75,,,,,에스지씨에너지,차환발행위험(유동성 공여형 매입약정),공공기관,한국산업은행
70152,케이디비첨단전략이에스지제십차,KRZF0060KSG2,케이디비첨단전략이에스지제십차 20260226-89-26,N,20260226,20260526,회사채,KRW,,5000000000,5000000000,75,,,,,대창,차환발행위험(유동성 공여형 매입약정),공공기관,한국산업은행
70152,케이디비첨단전략이에스지제십차,KRZF0060KSG2,케이디비첨단전략이에스지제십차 20260226-89-26,N,20260226,20260526,회사채,KRW,,5000000000,5000000000,75,,,,,이지스자산운용,차환발행위험(유동성 공여형 매입약정),공공기관,한국산업은행
70152,케이디비첨단전략이에스지제십차,KRZF0060KSG2,케이디비첨단전략이에스지제십차 20260226-89-26,N,20260226,20260526,회사채,KRW,,5000000000,5000000000,75,,,,,우리산업,차환발행위험(유동성 공여형 매입약정),공공기관,한국산업은행
70152,케이디비첨단전략이에스지제십차,KRZF0060KTG2,케이디비첨단전략이에스지제십차 20260226-89-27,N,20260226,20260526,회사채,KRW,,5000000000,5000000000,75,,,,,에스지씨에너지,차환발행위험(유동성 공여형 매입약정),공공기관,한국산업은행
70152,케이디비첨단전략이에스지제십차,KRZF0060KTG2,케이디비첨단전략이에스지제십차 20260226-89-27,N,20260226,20260526,회사채,KRW,,5000000000,5000000000,75,,,,,대창,차환발행위험(유동성 공여형 매입약정),공공기관,한국산업은행
70152,케이디비첨단전략이에스지제십차,KRZF0060KTG2,케이디비첨단전략이에스지제십차 20260226-89-27,N,20260226,20260526,회사채,KRW,,5000000000,5000000000,75,,,,,이지스자산운용,차환발행위험(유동성 공여형 매입약정),공공기관,한국산업은행
70152,케이디비첨단전략이에스지제십차,KRZF0060KTG2,케이디비첨단전략이에스지제십차 20260226-89-27,N,20260226,20260526,회사채,KRW,,5000000000,5000000000,75,,,,,우리산업,차환발행위험(유동성 공여형 매입약정),공공기관,한국산업은행
70152,케이디비첨단전략이에스지제십차,KRZF0060KVG2,케이디비첨단전략이에스지제십차 20260226-89-28,N,20260226,20260526,회사채,KRW,,5000000000,5000000000,75,,,,,에스지씨에너지,차환발행위험(유동성 공여형 매입약정),공공기관,한국산업은행
70152,케이디비첨단전략이에스지제십차,KRZF0060KVG2,케이디비첨단전략이에스지제십차 20260226-89-28,N,20260226,20260526,회사채,KRW,,5000000000,5000000000,75,,,,,대창,차환발행위험(유동성 공여형 매입약정),공공기관,한국산업은행
70152,케이디비첨단전략이에스지제십차,KRZF0060KVG2,케이디비첨단전략이에스지제십차 20260226-89-28,N,20260226,20260526,회사채,KRW,,5000000000,5000000000,75,,,,,이지스자산운용,차환발행위험(유동성 공여형 매입약정),공공기관,한국산업은행
70152,케이디비첨단전략이에스지제십차,KRZF0060KVG2,케이디비첨단전략이에스지제십차 20260226-89-28,N,20260226,20260526,회사채,KRW,,5000000000,5000000000,75,,,,,우리산업,차환발행위험(유동성 공여형 매입약정),공공기관,한국산업은행
70152,케이디비첨단전략이에스지제십차,KRZF0060KWG2,케이디비첨단전략이에스지제십차 20260226-89-29,N,20260226,20260526,회사채,KRW,,5000000000,5000000000,75,,,,,에스지씨에너지,차환발행위험(유동성 공여형 매입약정),공공기관,한국산업은행
70152,케이디비첨단전략이에스지제십차,KRZF0060KWG2,케이디비첨단전략이에스지제십차 20260226-89-29,N,20260226,20260526,회사채,KRW,,5000000000,5000000000,75,,,,,대창,차환발행위험(유동성 공여형 매입약정),공공기관,한국산업은행
70152,케이디비첨단전략이에스지제십차,KRZF0060KWG2,케이디비첨단전략이에스지제십차 20260226-89-29,N,20260226,20260526,회사채,KRW,,5000000000,5000000000,75,,,,,이지스자산운용,차환발행위험(유동성 공여형 매입약정),공공기관,한국산업은행
70152,케이디비첨단전략이에스지제십차,KRZF0060KWG2,케이디비첨단전략이에스지제십차 20260226-89-29,N,20260226,20260526,회사채,KRW,,5000000000,5000000000,75,,,,,우리산업,차환발행위험(유동성 공여형 매입약정),공공기관,한국산업은행
70152,케이디비첨단전략이에스지제십차,KRZF0060K3G2,케이디비첨단전략이에스지제십차 20260226-89-3,N,20260226,20260526,회사채,KRW,,5000000000,5000000000,75,,,,,에스지씨에너지,차환발행위험(유동성 공여형 매입약정),공공기관,한국산업은행
70152,케이디비첨단전략이에스지제십차,KRZF0060K3G2,케이디비첨단전략이에스지제십차 20260226-89-3,N,20260226,20260526,회사채,KRW,,5000000000,5000000000,75,,,,,대창,차환발행위험(유동성 공여형 매입약정),공공기관,한국산업은행
70152,케이디비첨단전략이에스지제십차,KRZF0060K3G2,케이디비첨단전략이에스지제십차 20260226-89-3,N,20260226,20260526,회사채,KRW,,5000000000,5000000000,75,,,,,이지스자산운용,차환발행위험(유동성 공여형 매입약정),공공기관,한국산업은행
70152,케이디비첨단전략이에스지제십차,KRZF0060K3G2,케이디비첨단전략이에스지제십차 20260226-89-3,N,20260226,20260526,회사채,KRW,,5000000000,5000000000,75,,,,,우리산업,차환발행위험(유동성 공여형 매입약정),공공기관,한국산업은행
70152,케이디비첨단전략이에스지제십차,KRZF0060KXG2,케이디비첨단전략이에스지제십차 20260226-89-30,N,20260226,20260526,회사채,KRW,,5000000000,5000000000,75,,,,,에스지씨에너지,차환발행위험(유동성 공여형 매입약정),공공기관,한국산업은행
70152,케이디비첨단전략이에스지제십차,KRZF0060KXG2,케이디비첨단전략이에스지제십차 20260226-89-30,N,20260226,20260526,회사채,KRW,,5000000000,5000000000,75,,,,,대창,차환발행위험(유동성 공여형 매입약정),공공기관,한국산업은행
70152,케이디비첨단전략이에스지제십차,KRZF0060KXG2,케이디비첨단전략이에스지제십차 20260226-89-30,N,20260226,20260526,회사채,KRW,,5000000000,5000000000,75,,,,,이지스자산운용,차환발행위험(유동성 공여형 매입약정),공공기관,한국산업은행
70152,케이디비첨단전략이에스지제십차,KRZF0060KXG2,케이디비첨단전략이에스지제십차 20260226-89-30,N,20260226,20260526,회사채,KRW,,5000000000,5000000000,75,,,,,우리산업,차환발행위험(유동성 공여형 매입약정),공공기관,한국산업은행
70152,케이디비첨단전략이에스지제십차,KRZF0060KYG2,케이디비첨단전략이에스지제십차 20260226-89-31,N,20260226,20260526,회사채,KRW,,5000000000,5000000000,75,,,,,에스지씨에너지,차환발행위험(유동성 공여형 매입약정),공공기관,한국산업은행
70152,케이디비첨단전략이에스지제십차,KRZF0060KYG2,케이디비첨단전략이에스지제십차 20260226-89-31,N,20260226,20260526,회사채,KRW,,5000000000,5000000000,75,,,,,대창,차환발행위험(유동성 공여형 매입약정),공공기관,한국산업은행
70152,케이디비첨단전략이에스지제십차,KRZF0060KYG2,케이디비첨단전략이에스지제십차 20260226-89-31,N,20260226,20260526,회사채,KRW,,5000000000,5000000000,75,,,,,이지스자산운용,차환발행위험(유동성 공여형 매입약정),공공기관,한국산업은행
70152,케이디비첨단전략이에스지제십차,KRZF0060KYG2,케이디비첨단전략이에스지제십차 20260226-89-31,N,20260226,20260526,회사채,KRW,,5000000000,5000000000,75,,,,,우리산업,차환발행위험(유동성 공여형 매입약정),공공기관,한국산업은행
70152,케이디비첨단전략이에스지제십차,KRZF0060KZG2,케이디비첨단전략이에스지제십차 20260226-89-32,N,20260226,20260526,회사채,KRW,,5000000000,5000000000,75,,,,,에스지씨에너지,차환발행위험(유동성 공여형 매입약정),공공기관,한국산업은행
70152,케이디비첨단전략이에스지제십차,KRZF0060KZG2,케이디비첨단전략이에스지제십차 20260226-89-32,N,20260226,20260526,회사채,KRW,,5000000000,5000000000,75,,,,,대창,차환발행위험(유동성 공여형 매입약정),공공기관,한국산업은행
70152,케이디비첨단전략이에스지제십차,KRZF0060KZG2,케이디비첨단전략이에스지제십차 20260226-89-32,N,20260226,20260526,회사채,KRW,,5000000000,5000000000,75,,,,,이지스자산운용,차환발행위험(유동성 공여형 매입약정),공공기관,한국산업은행
70152,케이디비첨단전략이에스지제십차,KRZF0060KZG2,케이디비첨단전략이에스지제십차 20260226-89-32,N,20260226,20260526,회사채,KRW,,5000000000,5000000000,75,,,,,우리산업,차환발행위험(유동성 공여형 매입약정),공공기관,한국산업은행
70152,케이디비첨단전략이에스지제십차,KRZF0060K0GE,케이디비첨단전략이에스지제십차 20260226-89-33,N,20260226,20260526,회사채,KRW,,5000000000,5000000000,75,,,,,에스지씨에너지,차환발행위험(유동성 공여형 매입약정),공공기관,한국산업은행
70152,케이디비첨단전략이에스지제십차,KRZF0060K0GE,케이디비첨단전략이에스지제십차 20260226-89-33,N,20260226,20260526,회사채,KRW,,5000000000,5000000000,75,,,,,대창,차환발행위험(유동성 공여형 매입약정),공공기관,한국산업은행
70152,케이디비첨단전략이에스지제십차,KRZF0060K0GE,케이디비첨단전략이에스지제십차 20260226-89-33,N,20260226,20260526,회사채,KRW,,5000000000,5000000000,75,,,,,이지스자산운용,차환발행위험(유동성 공여형 매입약정),공공기관,한국산업은행
70152,케이디비첨단전략이에스지제십차,KRZF0060K0GE,케이디비첨단전략이에스지제십차 20260226-89-33,N,20260226,20260526,회사채,KRW,,5000000000,5000000000,75,,,,,우리산업,차환발행위험(유동성 공여형 매입약정),공공기관,한국산업은행
70152,케이디비첨단전략이에스지제십차,KRZF0060K1GE,케이디비첨단전략이에스지제십차 20260226-89-34,N,20260226,20260526,회사채,KRW,,5000000000,5000000000,75,,,,,에스지씨에너지,차환발행위험(유동성 공여형 매입약정),공공기관,한국산업은행
70152,케이디비첨단전략이에스지제십차,KRZF0060K1GE,케이디비첨단전략이에스지제십차 20260226-89-34,N,20260226,20260526,회사채,KRW,,5000000000,5000000000,75,,,,,대창,차환발행위험(유동성 공여형 매입약정),공공기관,한국산업은행
70152,케이디비첨단전략이에스지제십차,KRZF0060K1GE,케이디비첨단전략이에스지제십차 20260226-89-34,N,20260226,20260526,회사채,KRW,,5000000000,5000000000,75,,,,,이지스자산운용,차환발행위험(유동성 공여형 매입약정),공공기관,한국산업은행
70152,케이디비첨단전략이에스지제십차,KRZF0060K1GE,케이디비첨단전략이에스지제십차 20260226-89-34,N,20260226,20260526,회사채,KRW,,5000000000,5000000000,75,,,,,우리산업,차환발행위험(유동성 공여형 매입약정),공공기관,한국산업은행
70152,케이디비첨단전략이에스지제십차,KRZF0060K2GE,케이디비첨단전략이에스지제십차 20260226-89-35,N,20260226,20260526,회사채,KRW,,5000000000,5000000000,75,,,,,에스지씨에너지,차환발행위험(유동성 공여형 매입약정),공공기관,한국산업은행
70152,케이디비첨단전략이에스지제십차,KRZF0060K2GE,케이디비첨단전략이에스지제십차 20260226-89-35,N,20260226,20260526,회사채,KRW,,5000000000,5000000000,75,,,,,대창,차환발행위험(유동성 공여형 매입약정),공공기관,한국산업은행
70152,케이디비첨단전략이에스지제십차,KRZF0060K2GE,케이디비첨단전략이에스지제십차 20260226-89-35,N,20260226,20260526,회사채,KRW,,5000000000,5000000000,75,,,,,이지스자산운용,차환발행위험(유동성 공여형 매입약정),공공기관,한국산업은행
70152,케이디비첨단전략이에스지제십차,KRZF0060K2GE,케이디비첨단전략이에스지제십차 20260226-89-35,N,20260226,20260526,회사채,KRW,,5000000000,5000000000,75,,,,,우리산업,차환발행위험(유동성 공여형 매입약정),공공기관,한국산업은행
70152,케이디비첨단전략이에스지제십차,KRZF0060K3GE,케이디비첨단전략이에스지제십차 20260226-89-36,N,20260226,20260526,회사채,KRW,,2100000000,2100000000,75,,,,,에스지씨에너지,차환발행위험(유동성 공여형 매입약정),공공기관,한국산업은행
70152,케이디비첨단전략이에스지제십차,KRZF0060K3GE,케이디비첨단전략이에스지제십차 20260226-89-36,N,20260226,20260526,회사채,KRW,,2100000000,2100000000,75,,,,,대창,차환발행위험(유동성 공여형 매입약정),공공기관,한국산업은행
70152,케이디비첨단전략이에스지제십차,KRZF0060K3GE,케이디비첨단전략이에스지제십차 20260226-89-36,N,20260226,20260526,회사채,KRW,,2100000000,2100000000,75,,,,,이지스자산운용,차환발행위험(유동성 공여형 매입약정),공공기관,한국산업은행
70152,케이디비첨단전략이에스지제십차,KRZF0060K3GE,케이디비첨단전략이에스지제십차 20260226-89-36,N,20260226,20260526,회사채,KRW,,2100000000,2100000000,75,,,,,우리산업,차환발행위험(유동성 공여형 매입약정),공공기관,한국산업은행
70152,케이디비첨단전략이에스지제십차,KRZF0060K4G2,케이디비첨단전략이에스지제십차 20260226-89-4,N,20260226,20260526,회사채,KRW,,5000000000,5000000000,75,,,,,에스지씨에너지,차환발행위험(유동성 공여형 매입약정),공공기관,한국산업은행
70152,케이디비첨단전략이에스지제십차,KRZF0060K4G2,케이디비첨단전략이에스지제십차 20260226-89-4,N,20260226,20260526,회사채,KRW,,5000000000,5000000000,75,,,,,대창,차환발행위험(유동성 공여형 매입약정),공공기관,한국산업은행
70152,케이디비첨단전략이에스지제십차,KRZF0060K4G2,케이디비첨단전략이에스지제십차 20260226-89-4,N,20260226,20260526,회사채,KRW,,5000000000,5000000000,75,,,,,이지스자산운용,차환발행위험(유동성 공여형 매입약정),공공기관,한국산업은행
70152,케이디비첨단전략이에스지제십차,KRZF0060K4G2,케이디비첨단전략이에스지제십차 20260226-89-4,N,20260226,20260526,회사채,KRW,,5000000000,5000000000,75,,,,,우리산업,차환발행위험(유동성 공여형 매입약정),공공기관,한국산업은행
70152,케이디비첨단전략이에스지제십차,KRZF0060K5G2,케이디비첨단전략이에스지제십차 20260226-89-5,N,20260226,20260526,회사채,KRW,,5000000000,5000000000,75,,,,,에스지씨에너지,차환발행위험(유동성 공여형 매입약정),공공기관,한국산업은행
70152,케이디비첨단전략이에스지제십차,KRZF0060K5G2,케이디비첨단전략이에스지제십차 20260226-89-5,N,20260226,20260526,회사채,KRW,,5000000000,5000000000,75,,,,,대창,차환발행위험(유동성 공여형 매입약정),공공기관,한국산업은행
70152,케이디비첨단전략이에스지제십차,KRZF0060K5G2,케이디비첨단전략이에스지제십차 20260226-89-5,N,20260226,20260526,회사채,KRW,,5000000000,5000000000,75,,,,,이지스자산운용,차환발행위험(유동성 공여형 매입약정),공공기관,한국산업은행
70152,케이디비첨단전략이에스지제십차,KRZF0060K5G2,케이디비첨단전략이에스지제십차 20260226-89-5,N,20260226,20260526,회사채,KRW,,5000000000,5000000000,75,,,,,우리산업,차환발행위험(유동성 공여형 매입약정),공공기관,한국산업은행
70152,케이디비첨단전략이에스지제십차,KRZF0060K6G2,케이디비첨단전략이에스지제십차 20260226-89-6,N,20260226,20260526,회사채,KRW,,5000000000,5000000000,75,,,,,에스지씨에너지,차환발행위험(유동성 공여형 매입약정),공공기관,한국산업은행
70152,케이디비첨단전략이에스지제십차,KRZF0060K6G2,케이디비첨단전략이에스지제십차 20260226-89-6,N,20260226,20260526,회사채,KRW,,5000000000,5000000000,75,,,,,대창,차환발행위험(유동성 공여형 매입약정),공공기관,한국산업은행
70152,케이디비첨단전략이에스지제십차,KRZF0060K6G2,케이디비첨단전략이에스지제십차 20260226-89-6,N,20260226,20260526,회사채,KRW,,5000000000,5000000000,75,,,,,이지스자산운용,차환발행위험(유동성 공여형 매입약정),공공기관,한국산업은행
70152,케이디비첨단전략이에스지제십차,KRZF0060K6G2,케이디비첨단전략이에스지제십차 20260226-89-6,N,20260226,20260526,회사채,KRW,,5000000000,5000000000,75,,,,,우리산업,차환발행위험(유동성 공여형 매입약정),공공기관,한국산업은행
70152,케이디비첨단전략이에스지제십차,KRZF0060K7G2,케이디비첨단전략이에스지제십차 20260226-89-7,N,20260226,20260526,회사채,KRW,,5000000000,5000000000,75,,,,,에스지씨에너지,차환발행위험(유동성 공여형 매입약정),공공기관,한국산업은행
70152,케이디비첨단전략이에스지제십차,KRZF0060K7G2,케이디비첨단전략이에스지제십차 20260226-89-7,N,20260226,20260526,회사채,KRW,,5000000000,5000000000,75,,,,,대창,차환발행위험(유동성 공여형 매입약정),공공기관,한국산업은행
70152,케이디비첨단전략이에스지제십차,KRZF0060K7G2,케이디비첨단전략이에스지제십차 20260226-89-7,N,20260226,20260526,회사채,KRW,,5000000000,5000000000,75,,,,,이지스자산운용,차환발행위험(유동성 공여형 매입약정),공공기관,한국산업은행
70152,케이디비첨단전략이에스지제십차,KRZF0060K7G2,케이디비첨단전략이에스지제십차 20260226-89-7,N,20260226,20260526,회사채,KRW,,5000000000,5000000000,75,,,,,우리산업,차환발행위험(유동성 공여형 매입약정),공공기관,한국산업은행
70152,케이디비첨단전략이에스지제십차,KRZF0060K8G2,케이디비첨단전략이에스지제십차 20260226-89-8,N,20260226,20260526,회사채,KRW,,5000000000,5000000000,75,,,,,에스지씨에너지,차환발행위험(유동성 공여형 매입약정),공공기관,한국산업은행
70152,케이디비첨단전략이에스지제십차,KRZF0060K8G2,케이디비첨단전략이에스지제십차 20260226-89-8,N,20260226,20260526,회사채,KRW,,5000000000,5000000000,75,,,,,대창,차환발행위험(유동성 공여형 매입약정),공공기관,한국산업은행
70152,케이디비첨단전략이에스지제십차,KRZF0060K8G2,케이디비첨단전략이에스지제십차 20260226-89-8,N,20260226,20260526,회사채,KRW,,5000000000,5000000000,75,,,,,이지스자산운용,차환발행위험(유동성 공여형 매입약정),공공기관,한국산업은행
70152,케이디비첨단전략이에스지제십차,KRZF0060K8G2,케이디비첨단전략이에스지제십차 20260226-89-8,N,20260226,20260526,회사채,KRW,,5000000000,5000000000,75,,,,,우리산업,차환발행위험(유동성 공여형 매입약정),공공기관,한국산업은행
70152,케이디비첨단전략이에스지제십차,KRZF0060K9G2,케이디비첨단전략이에스지제십차 20260226-89-9,N,20260226,20260526,회사채,KRW,,5000000000,5000000000,75,,,,,에스지씨에너지,차환발행위험(유동성 공여형 매입약정),공공기관,한국산업은행
70152,케이디비첨단전략이에스지제십차,KRZF0060K9G2,케이디비첨단전략이에스지제십차 20260226-89-9,N,20260226,20260526,회사채,KRW,,5000000000,5000000000,75,,,,,대창,차환발행위험(유동성 공여형 매입약정),공공기관,한국산업은행
70152,케이디비첨단전략이에스지제십차,KRZF0060K9G2,케이디비첨단전략이에스지제십차 20260226-89-9,N,20260226,20260526,회사채,KRW,,5000000000,5000000000,75,,,,,이지스자산운용,차환발행위험(유동성 공여형 매입약정),공공기관,한국산업은행
70152,케이디비첨단전략이에스지제십차,KRZF0060K9G2,케이디비첨단전략이에스지제십차 20260226-89-9,N,20260226,20260526,회사채,KRW,,5000000000,5000000000,75,,,,,우리산업,차환발행위험(유동성 공여형 매입약정),공공기관,한국산업은행
70150,케이파이브제십일차,KRZF0060M1G2,케이파이브제십일차 20260226-89-1,N,20260226,20260526,회사채,KRW,,5000000000,5000000000,75,,A1,A1,,코오롱,차환발행위험(유동성 공여형 매입약정),공공기관,한국산업은행
70150,케이파이브제십일차,KRZF0060M1G2,케이파이브제십일차 20260226-89-1,N,20260226,20260526,회사채,KRW,,5000000000,5000000000,75,,A1,A1,,코오롱인더스트리,차환발행위험(유동성 공여형 매입약정),공공기관,한국산업은행
70150,케이파이브제십일차,KRZF0060M1G2,케이파이브제십일차 20260226-89-1,N,20260226,20260526,회사채,KRW,,5000000000,5000000000,75,,A1,A1,,코오롱모빌리티그룹(주),차환발행위험(유동성 공여형 매입약정),공공기관,한국산업은행
70150,케이파이브제십일차,KRZF0060M2G2,케이파이브제십일차 20260226-89-2,N,20260226,20260526,회사채,KRW,,5000000000,5000000000,75,,A1,A1,,코오롱,차환발행위험(유동성 공여형 매입약정),공공기관,한국산업은행
70150,케이파이브제십일차,KRZF0060M2G2,케이파이브제십일차 20260226-89-2,N,20260226,20260526,회사채,KRW,,5000000000,5000000000,75,,A1,A1,,코오롱인더스트리,차환발행위험(유동성 공여형 매입약정),공공기관,한국산업은행
70150,케이파이브제십일차,KRZF0060M2G2,케이파이브제십일차 20260226-89-2,N,20260226,20260526,회사채,KRW,,5000000000,5000000000,75,,A1,A1,,코오롱모빌리티그룹(주),차환발행위험(유동성 공여형 매입약정),공공기관,한국산업은행
70150,케이파이브제십일차,KRZF0060M3G2,케이파이브제십일차 20260226-89-3,N,20260226,20260526,회사채,KRW,,5000000000,5000000000,75,,A1,A1,,코오롱,차환발행위험(유동성 공여형 매입약정),공공기관,한국산업은행
70150,케이파이브제십일차,KRZF0060M3G2,케이파이브제십일차 20260226-89-3,N,20260226,20260526,회사채,KRW,,5000000000,5000000000,75,,A1,A1,,코오롱인더스트리,차환발행위험(유동성 공여형 매입약정),공공기관,한국산업은행
70150,케이파이브제십일차,KRZF0060M3G2,케이파이브제십일차 20260226-89-3,N,20260226,20260526,회사채,KRW,,5000000000,5000000000,75,,A1,A1,,코오롱모빌리티그룹(주),차환발행위험(유동성 공여형 매입약정),공공기관,한국산업은행
70150,케이파이브제십일차,KRZF0060M4G2,케이파이브제십일차 20260226-89-4,N,20260226,20260526,회사채,KRW,,5000000000,5000000000,75,,A1,A1,,코오롱,차환발행위험(유동성 공여형 매입약정),공공기관,한국산업은행
70150,케이파이브제십일차,KRZF0060M4G2,케이파이브제십일차 20260226-89-4,N,20260226,20260526,회사채,KRW,,5000000000,5000000000,75,,A1,A1,,코오롱인더스트리,차환발행위험(유동성 공여형 매입약정),공공기관,한국산업은행
70150,케이파이브제십일차,KRZF0060M4G2,케이파이브제십일차 20260226-89-4,N,20260226,20260526,회사채,KRW,,5000000000,5000000000,75,,A1,A1,,코오롱모빌리티그룹(주),차환발행위험(유동성 공여형 매입약정),공공기관,한국산업은행
70114,프라임비전제일차,KRZF0058G1G2,프라임비전제일차 20260226-181-1,Y,20260226,20260826,PF대출채권,KRW,,5000000000,5000000000,167,,A1,A1,,와이디427피에프브이(주),외부 신용보강,금융기관,메리츠증권
70114,프라임비전제일차,KRZF0058G2G2,프라임비전제일차 20260226-181-2,Y,20260226,20260826,PF대출채권,KRW,,5000000000,5000000000,167,,A1,A1,,와이디427피에프브이(주),외부 신용보강,금융기관,메리츠증권
70114,프라임비전제일차,KRZF0058G3G2,프라임비전제일차 20260226-181-3,Y,20260226,20260826,PF대출채권,KRW,,5000000000,5000000000,167,,A1,A1,,와이디427피에프브이(주),외부 신용보강,금융기관,메리츠증권
70114,프라임비전제일차,KRZF0058G4G2,프라임비전제일차 20260226-181-4,Y,20260226,20260826,PF대출채권,KRW,,5000000000,5000000000,167,,A1,A1,,와이디427피에프브이(주),외부 신용보강,금융기관,메리츠증권
73892,국민행복제18차,KRZF0005PGGE,국민행복제18차 20260225-258-49,N,20260225,20261110,정기예금,KRW,,224000000,224000000,243,A1,A1,,,국민은행,자체 신용보강,자체 신용보강,국민은행
73892,국민행복제18차,KRZF0005P1G2,국민행복제18차 20260225-77-1,N,20260225,20260513,정기예금,KRW,,5000000000,5000000000,62,A1,A1,,,국민은행,자체 신용보강,자체 신용보강,국민은행
73892,국민행복제18차,KRZF0005PAG2,국민행복제18차 20260225-77-10,N,20260225,20260513,정기예금,KRW,,5000000000,5000000000,62,A1,A1,,,국민은행,자체 신용보강,자체 신용보강,국민은행
73892,국민행복제18차,KRZF0005PBG2,국민행복제18차 20260225-77-11,N,20260225,20260513,정기예금,KRW,,5000000000,5000000000,62,A1,A1,,,국민은행,자체 신용보강,자체 신용보강,국민은행
73892,국민행복제18차,KRZF0005PCG2,국민행복제18차 20260225-77-12,N,20260225,20260513,정기예금,KRW,,5000000000,5000000000,62,A1,A1,,,국민은행,자체 신용보강,자체 신용보강,국민은행
73892,국민행복제18차,KRZF0005PDG2,국민행복제18차 20260225-77-13,N,20260225,20260513,정기예금,KRW,,5000000000,5000000000,62,A1,A1,,,국민은행,자체 신용보강,자체 신용보강,국민은행
73892,국민행복제18차,KRZF0005PEG2,국민행복제18차 20260225-77-14,N,20260225,20260513,정기예금,KRW,,5000000000,5000000000,62,A1,A1,,,국민은행,자체 신용보강,자체 신용보강,국민은행
73892,국민행복제18차,KRZF0005PFG2,국민행복제18차 20260225-77-15,N,20260225,20260513,정기예금,KRW,,5000000000,5000000000,62,A1,A1,,,국민은행,자체 신용보강,자체 신용보강,국민은행
73892,국민행복제18차,KRZF0005PGG2,국민행복제18차 20260225-77-16,N,20260225,20260513,정기예금,KRW,,5000000000,5000000000,62,A1,A1,,,국민은행,자체 신용보강,자체 신용보강,국민은행
73892,국민행복제18차,KRZF0005PHG2,국민행복제18차 20260225-77-17,N,20260225,20260513,정기예금,KRW,,5000000000,5000000000,62,A1,A1,,,국민은행,자체 신용보강,자체 신용보강,국민은행
73892,국민행복제18차,KRZF0005PJG2,국민행복제18차 20260225-77-18,N,20260225,20260513,정기예금,KRW,,5000000000,5000000000,62,A1,A1,,,국민은행,자체 신용보강,자체 신용보강,국민은행
73892,국민행복제18차,KRZF0005PKG2,국민행복제18차 20260225-77-19,N,20260225,20260513,정기예금,KRW,,5000000000,5000000000,62,A1,A1,,,국민은행,자체 신용보강,자체 신용보강,국민은행
73892,국민행복제18차,KRZF0005P2G2,국민행복제18차 20260225-77-2,N,20260225,20260513,정기예금,KRW,,5000000000,5000000000,62,A1,A1,,,국민은행,자체 신용보강,자체 신용보강,국민은행
73892,국민행복제18차,KRZF0005PLG2,국민행복제18차 20260225-77-20,N,20260225,20260513,정기예금,KRW,,5000000000,5000000000,62,A1,A1,,,국민은행,자체 신용보강,자체 신용보강,국민은행
73892,국민행복제18차,KRZF0005PMG2,국민행복제18차 20260225-77-21,N,20260225,20260513,정기예금,KRW,,5000000000,5000000000,62,A1,A1,,,국민은행,자체 신용보강,자체 신용보강,국민은행
73892,국민행복제18차,KRZF0005PNG2,국민행복제18차 20260225-77-22,N,20260225,20260513,정기예금,KRW,,5000000000,5000000000,62,A1,A1,,,국민은행,자체 신용보강,자체 신용보강,국민은행
73892,국민행복제18차,KRZF0005PPG2,국민행복제18차 20260225-77-23,N,20260225,20260513,정기예금,KRW,,5000000000,5000000000,62,A1,A1,,,국민은행,자체 신용보강,자체 신용보강,국민은행
73892,국민행복제18차,KRZF0005PQG2,국민행복제18차 20260225-77-24,N,20260225,20260513,정기예금,KRW,,5000000000,5000000000,62,A1,A1,,,국민은행,자체 신용보강,자체 신용보강,국민은행
73892,국민행복제18차,KRZF0005PRG2,국민행복제18차 20260225-77-25,N,20260225,20260513,정기예금,KRW,,5000000000,5000000000,62,A1,A1,,,국민은행,자체 신용보강,자체 신용보강,국민은행
73892,국민행복제18차,KRZF0005PSG2,국민행복제18차 20260225-77-26,N,20260225,20260513,정기예금,KRW,,5000000000,5000000000,62,A1,A1,,,국민은행,자체 신용보강,자체 신용보강,국민은행
73892,국민행복제18차,KRZF0005PTG2,국민행복제18차 20260225-77-27,N,20260225,20260513,정기예금,KRW,,5000000000,5000000000,62,A1,A1,,,국민은행,자체 신용보강,자체 신용보강,국민은행
73892,국민행복제18차,KRZF0005PVG2,국민행복제18차 20260225-77-28,N,20260225,20260513,정기예금,KRW,,5000000000,5000000000,62,A1,A1,,,국민은행,자체 신용보강,자체 신용보강,국민은행
73892,국민행복제18차,KRZF0005PWG2,국민행복제18차 20260225-77-29,N,20260225,20260513,정기예금,KRW,,5000000000,5000000000,62,A1,A1,,,국민은행,자체 신용보강,자체 신용보강,국민은행
73892,국민행복제18차,KRZF0005P3G2,국민행복제18차 20260225-77-3,N,20260225,20260513,정기예금,KRW,,5000000000,5000000000,62,A1,A1,,,국민은행,자체 신용보강,자체 신용보강,국민은행
73892,국민행복제18차,KRZF0005PXG2,국민행복제18차 20260225-77-30,N,20260225,20260513,정기예금,KRW,,5000000000,5000000000,62,A1,A1,,,국민은행,자체 신용보강,자체 신용보강,국민은행
73892,국민행복제18차,KRZF0005PYG2,국민행복제18차 20260225-77-31,N,20260225,20260513,정기예금,KRW,,5000000000,5000000000,62,A1,A1,,,국민은행,자체 신용보강,자체 신용보강,국민은행
73892,국민행복제18차,KRZF0005PZG2,국민행복제18차 20260225-77-32,N,20260225,20260513,정기예금,KRW,,5000000000,5000000000,62,A1,A1,,,국민은행,자체 신용보강,자체 신용보강,국민은행
73892,국민행복제18차,KRZF0005P0GE,국민행복제18차 20260225-77-33,N,20260225,20260513,정기예금,KRW,,5000000000,5000000000,62,A1,A1,,,국민은행,자체 신용보강,자체 신용보강,국민은행
73892,국민행복제18차,KRZF0005P1GE,국민행복제18차 20260225-77-34,N,20260225,20260513,정기예금,KRW,,5000000000,5000000000,62,A1,A1,,,국민은행,자체 신용보강,자체 신용보강,국민은행
73892,국민행복제18차,KRZF0005P2GE,국민행복제18차 20260225-77-35,N,20260225,20260513,정기예금,KRW,,5000000000,5000000000,62,A1,A1,,,국민은행,자체 신용보강,자체 신용보강,국민은행
73892,국민행복제18차,KRZF0005P3GE,국민행복제18차 20260225-77-36,N,20260225,20260513,정기예금,KRW,,5000000000,5000000000,62,A1,A1,,,국민은행,자체 신용보강,자체 신용보강,국민은행
73892,국민행복제18차,KRZF0005P4GE,국민행복제18차 20260225-77-37,N,20260225,20260513,정기예금,KRW,,5000000000,5000000000,62,A1,A1,,,국민은행,자체 신용보강,자체 신용보강,국민은행
73892,국민행복제18차,KRZF0005P5GE,국민행복제18차 20260225-77-38,N,20260225,20260513,정기예금,KRW,,5000000000,5000000000,62,A1,A1,,,국민은행,자체 신용보강,자체 신용보강,국민은행
73892,국민행복제18차,KRZF0005P6GE,국민행복제18차 20260225-77-39,N,20260225,20260513,정기예금,KRW,,5000000000,5000000000,62,A1,A1,,,국민은행,자체 신용보강,자체 신용보강,국민은행
73892,국민행복제18차,KRZF0005P4G2,국민행복제18차 20260225-77-4,N,20260225,20260513,정기예금,KRW,,5000000000,5000000000,62,A1,A1,,,국민은행,자체 신용보강,자체 신용보강,국민은행
73892,국민행복제18차,KRZF0005P7GE,국민행복제18차 20260225-77-40,N,20260225,20260513,정기예금,KRW,,5000000000,5000000000,62,A1,A1,,,국민은행,자체 신용보강,자체 신용보강,국민은행
73892,국민행복제18차,KRZF0005P8GE,국민행복제18차 20260225-77-41,N,20260225,20260513,정기예금,KRW,,5000000000,5000000000,62,A1,A1,,,국민은행,자체 신용보강,자체 신용보강,국민은행
73892,국민행복제18차,KRZF0005P9GE,국민행복제18차 20260225-77-42,N,20260225,20260513,정기예금,KRW,,5000000000,5000000000,62,A1,A1,,,국민은행,자체 신용보강,자체 신용보강,국민은행
73892,국민행복제18차,KRZF0005PAGE,국민행복제18차 20260225-77-43,N,20260225,20260513,정기예금,KRW,,5000000000,5000000000,62,A1,A1,,,국민은행,자체 신용보강,자체 신용보강,국민은행
73892,국민행복제18차,KRZF0005PBGE,국민행복제18차 20260225-77-44,N,20260225,20260513,정기예금,KRW,,5000000000,5000000000,62,A1,A1,,,국민은행,자체 신용보강,자체 신용보강,국민은행
73892,국민행복제18차,KRZF0005PCGE,국민행복제18차 20260225-77-45,N,20260225,20260513,정기예금,KRW,,5000000000,5000000000,62,A1,A1,,,국민은행,자체 신용보강,자체 신용보강,국민은행
73892,국민행복제18차,KRZF0005PDGE,국민행복제18차 20260225-77-46,N,20260225,20260513,정기예금,KRW,,5000000000,5000000000,62,A1,A1,,,국민은행,자체 신용보강,자체 신용보강,국민은행
73892,국민행복제18차,KRZF0005PEGE,국민행복제18차 20260225-77-47,N,20260225,20260513,정기예금,KRW,,5000000000,5000000000,62,A1,A1,,,국민은행,자체 신용보강,자체 신용보강,국민은행
73892,국민행복제18차,KRZF0005PFGE,국민행복제18차 20260225-77-48,N,20260225,20260513,정기예금,KRW,,5000000000,5000000000,62,A1,A1,,,국민은행,자체 신용보강,자체 신용보강,국민은행
73892,국민행복제18차,KRZF0005P5G2,국민행복제18차 20260225-77-5,N,20260225,20260513,정기예금,KRW,,5000000000,5000000000,62,A1,A1,,,국민은행,자체 신용보강,자체 신용보강,국민은행
73892,국민행복제18차,KRZF0005P6G2,국민행복제18차 20260225-77-6,N,20260225,20260513,정기예금,KRW,,5000000000,5000000000,62,A1,A1,,,국민은행,자체 신용보강,자체 신용보강,국민은행
73892,국민행복제18차,KRZF0005P7G2,국민행복제18차 20260225-77-7,N,20260225,20260513,정기예금,KRW,,5000000000,5000000000,62,A1,A1,,,국민은행,자체 신용보강,자체 신용보강,국민은행
73892,국민행복제18차,KRZF0005P8G2,국민행복제18차 20260225-77-8,N,20260225,20260513,정기예금,KRW,,5000000000,5000000000,62,A1,A1,,,국민은행,자체 신용보강,자체 신용보강,국민은행
73892,국민행복제18차,KRZF0005P9G2,국민행복제18차 20260225-77-9,N,20260225,20260513,정기예금,KRW,,5000000000,5000000000,62,A1,A1,,,국민은행,자체 신용보강,자체 신용보강,국민은행
73886,더블에이플러스제오차,KRZF0111E1G2,더블에이플러스제오차 20260225-187-1,,20260225,20260831,,KRW,,300000000,300000000,172,,A1,A1,,,,,
73888,더퍼스트샤이닝제십차,KRZFA42481G2,더퍼스트샤이닝제십차 20260225-364-1,,20260225,20270224,,KRW,,5000000000,5000000000,349,A1,A1,,,,,,
73888,더퍼스트샤이닝제십차,KRZFA4248AG2,더퍼스트샤이닝제십차 20260225-364-10,,20260225,20270224,,KRW,,5000000000,5000000000,349,A1,A1,,,,,,
73888,더퍼스트샤이닝제십차,KRZFA4248BG2,더퍼스트샤이닝제십차 20260225-364-11,,20260225,20270224,,KRW,,5000000000,5000000000,349,A1,A1,,,,,,
73888,더퍼스트샤이닝제십차,KRZFA4248CG2,더퍼스트샤이닝제십차 20260225-364-12,,20260225,20270224,,KRW,,5000000000,5000000000,349,A1,A1,,,,,,
73888,더퍼스트샤이닝제십차,KRZFA4248DG2,더퍼스트샤이닝제십차 20260225-364-13,,20260225,20270224,,KRW,,5000000000,5000000000,349,A1,A1,,,,,,
73888,더퍼스트샤이닝제십차,KRZFA4248EG2,더퍼스트샤이닝제십차 20260225-364-14,,20260225,20270224,,KRW,,5000000000,5000000000,349,A1,A1,,,,,,
73888,더퍼스트샤이닝제십차,KRZFA4248FG2,더퍼스트샤이닝제십차 20260225-364-15,,20260225,20270224,,KRW,,5000000000,5000000000,349,A1,A1,,,,,,
73888,더퍼스트샤이닝제십차,KRZFA4248GG2,더퍼스트샤이닝제십차 20260225-364-16,,20260225,20270224,,KRW,,5000000000,5000000000,349,A1,A1,,,,,,
73888,더퍼스트샤이닝제십차,KRZFA4248HG2,더퍼스트샤이닝제십차 20260225-364-17,,20260225,20270224,,KRW,,5000000000,5000000000,349,A1,A1,,,,,,
73888,더퍼스트샤이닝제십차,KRZFA4248JG2,더퍼스트샤이닝제십차 20260225-364-18,,20260225,20270224,,KRW,,5000000000,5000000000,349,A1,A1,,,,,,
73888,더퍼스트샤이닝제십차,KRZFA4248KG2,더퍼스트샤이닝제십차 20260225-364-19,,20260225,20270224,,KRW,,5000000000,5000000000,349,A1,A1,,,,,,
73888,더퍼스트샤이닝제십차,KRZFA42482G2,더퍼스트샤이닝제십차 20260225-364-2,,20260225,20270224,,KRW,,5000000000,5000000000,349,A1,A1,,,,,,
73888,더퍼스트샤이닝제십차,KRZFA4248LG2,더퍼스트샤이닝제십차 20260225-364-20,,20260225,20270224,,KRW,,5000000000,5000000000,349,A1,A1,,,,,,
73888,더퍼스트샤이닝제십차,KRZFA4248MG2,더퍼스트샤이닝제십차 20260225-364-21,,20260225,20270224,,KRW,,5000000000,5000000000,349,A1,A1,,,,,,
73888,더퍼스트샤이닝제십차,KRZFA4248NG2,더퍼스트샤이닝제십차 20260225-364-22,,20260225,20270224,,KRW,,5000000000,5000000000,349,A1,A1,,,,,,
73888,더퍼스트샤이닝제십차,KRZFA4248PG2,더퍼스트샤이닝제십차 20260225-364-23,,20260225,20270224,,KRW,,5000000000,5000000000,349,A1,A1,,,,,,
73888,더퍼스트샤이닝제십차,KRZFA4248QG2,더퍼스트샤이닝제십차 20260225-364-24,,20260225,20270224,,KRW,,5000000000,5000000000,349,A1,A1,,,,,,
73888,더퍼스트샤이닝제십차,KRZFA4248RG2,더퍼스트샤이닝제십차 20260225-364-25,,20260225,20270224,,KRW,,5000000000,5000000000,349,A1,A1,,,,,,
73888,더퍼스트샤이닝제십차,KRZFA4248SG2,더퍼스트샤이닝제십차 20260225-364-26,,20260225,20270224,,KRW,,5000000000,5000000000,349,A1,A1,,,,,,
73888,더퍼스트샤이닝제십차,KRZFA4248TG2,더퍼스트샤이닝제십차 20260225-364-27,,20260225,20270224,,KRW,,5000000000,5000000000,349,A1,A1,,,,,,
73888,더퍼스트샤이닝제십차,KRZFA4248VG2,더퍼스트샤이닝제십차 20260225-364-28,,20260225,20270224,,KRW,,5000000000,5000000000,349,A1,A1,,,,,,
73888,더퍼스트샤이닝제십차,KRZFA4248WG2,더퍼스트샤이닝제십차 20260225-364-29,,20260225,20270224,,KRW,,5000000000,5000000000,349,A1,A1,,,,,,
73888,더퍼스트샤이닝제십차,KRZFA42483G2,더퍼스트샤이닝제십차 20260225-364-3,,20260225,20270224,,KRW,,5000000000,5000000000,349,A1,A1,,,,,,
73888,더퍼스트샤이닝제십차,KRZFA4248XG2,더퍼스트샤이닝제십차 20260225-364-30,,20260225,20270224,,KRW,,5000000000,5000000000,349,A1,A1,,,,,,
73888,더퍼스트샤이닝제십차,KRZFA4248YG2,더퍼스트샤이닝제십차 20260225-364-31,,20260225,20270224,,KRW,,5000000000,5000000000,349,A1,A1,,,,,,
73888,더퍼스트샤이닝제십차,KRZFA4248ZG2,더퍼스트샤이닝제십차 20260225-364-32,,20260225,20270224,,KRW,,5000000000,5000000000,349,A1,A1,,,,,,
73888,더퍼스트샤이닝제십차,KRZFA42480GE,더퍼스트샤이닝제십차 20260225-364-33,,20260225,20270224,,KRW,,5000000000,5000000000,349,A1,A1,,,,,,
73888,더퍼스트샤이닝제십차,KRZFA42481GE,더퍼스트샤이닝제십차 20260225-364-34,,20260225,20270224,,KRW,,5000000000,5000000000,349,A1,A1,,,,,,
73888,더퍼스트샤이닝제십차,KRZFA42482GE,더퍼스트샤이닝제십차 20260225-364-35,,20260225,20270224,,KRW,,5000000000,5000000000,349,A1,A1,,,,,,
73888,더퍼스트샤이닝제십차,KRZFA42483GE,더퍼스트샤이닝제십차 20260225-364-36,,20260225,20270224,,KRW,,5000000000,5000000000,349,A1,A1,,,,,,
73888,더퍼스트샤이닝제십차,KRZFA42484GE,더퍼스트샤이닝제십차 20260225-364-37,,20260225,20270224,,KRW,,5000000000,5000000000,349,A1,A1,,,,,,
73888,더퍼스트샤이닝제십차,KRZFA42485GE,더퍼스트샤이닝제십차 20260225-364-38,,20260225,20270224,,KRW,,5000000000,5000000000,349,A1,A1,,,,,,
73888,더퍼스트샤이닝제십차,KRZFA42486GE,더퍼스트샤이닝제십차 20260225-364-39,,20260225,20270224,,KRW,,5000000000,5000000000,349,A1,A1,,,,,,
73888,더퍼스트샤이닝제십차,KRZFA42484G2,더퍼스트샤이닝제십차 20260225-364-4,,20260225,20270224,,KRW,,5000000000,5000000000,349,A1,A1,,,,,,
73888,더퍼스트샤이닝제십차,KRZFA42487GE,더퍼스트샤이닝제십차 20260225-364-40,,20260225,20270224,,KRW,,5000000000,5000000000,349,A1,A1,,,,,,
73888,더퍼스트샤이닝제십차,KRZFA42485G2,더퍼스트샤이닝제십차 20260225-364-5,,20260225,20270224,,KRW,,5000000000,5000000000,349,A1,A1,,,,,,
73888,더퍼스트샤이닝제십차,KRZFA42486G2,더퍼스트샤이닝제십차 20260225-364-6,,20260225,20270224,,KRW,,5000000000,5000000000,349,A1,A1,,,,,,
73888,더퍼스트샤이닝제십차,KRZFA42487G2,더퍼스트샤이닝제십차 20260225-364-7,,20260225,20270224,,KRW,,5000000000,5000000000,349,A1,A1,,,,,,
73888,더퍼스트샤이닝제십차,KRZFA42488G2,더퍼스트샤이닝제십차 20260225-364-8,,20260225,20270224,,KRW,,5000000000,5000000000,349,A1,A1,,,,,,
73888,더퍼스트샤이닝제십차,KRZFA42489G2,더퍼스트샤이닝제십차 20260225-364-9,,20260225,20270224,,KRW,,5000000000,5000000000,349,A1,A1,,,,,,
67597,럭키비키제일차,KRZFA95781G2,럭키비키제일차 20260225-152-1,Y,20260225,20260727,PF대출채권,KRW,,5000000000,5000000000,137,A1,A1,,,코아셋디앤씨(주),외부 신용보강,금융기관,메리츠증권
67597,럭키비키제일차,KRZFA95782G2,럭키비키제일차 20260225-152-2,Y,20260225,20260727,PF대출채권,KRW,,5000000000,5000000000,137,A1,A1,,,코아셋디앤씨(주),외부 신용보강,금융기관,메리츠증권
67597,럭키비키제일차,KRZFA95783G2,럭키비키제일차 20260225-152-3,Y,20260225,20260727,PF대출채권,KRW,,5000000000,5000000000,137,A1,A1,,,코아셋디앤씨(주),외부 신용보강,금융기관,메리츠증권
67597,럭키비키제일차,KRZFA95784G2,럭키비키제일차 20260225-152-4,Y,20260225,20260727,PF대출채권,KRW,,8400000000,8400000000,137,A1,A1,,,코아셋디앤씨(주),외부 신용보강,금융기관,메리츠증권
73883,미디어그로쓰캐피탈제1호,KRZFA20471G2,미디어그로쓰캐피탈제1호 20260225-364-1,N,20260225,20270224,주식,KRW,,10000000000,10000000000,349,,A1,A1,,(주)티빙,외부 신용보강,일반기업,씨제이이엔엠
73883,미디어그로쓰캐피탈제1호,KRZFA2047AG2,미디어그로쓰캐피탈제1호 20260225-364-10,N,20260225,20270224,주식,KRW,,10000000000,10000000000,349,,A1,A1,,(주)티빙,외부 신용보강,일반기업,씨제이이엔엠
73883,미디어그로쓰캐피탈제1호,KRZFA2047BG2,미디어그로쓰캐피탈제1호 20260225-364-11,N,20260225,20270224,주식,KRW,,10000000000,10000000000,349,,A1,A1,,(주)티빙,외부 신용보강,일반기업,씨제이이엔엠
73883,미디어그로쓰캐피탈제1호,KRZFA2047CG2,미디어그로쓰캐피탈제1호 20260225-364-12,N,20260225,20270224,주식,KRW,,5000000000,5000000000,349,,A1,A1,,(주)티빙,외부 신용보강,일반기업,씨제이이엔엠
73883,미디어그로쓰캐피탈제1호,KRZFA2047DG2,미디어그로쓰캐피탈제1호 20260225-364-13,N,20260225,20270224,주식,KRW,,5000000000,5000000000,349,,A1,A1,,(주)티빙,외부 신용보강,일반기업,씨제이이엔엠
73883,미디어그로쓰캐피탈제1호,KRZFA2047EG2,미디어그로쓰캐피탈제1호 20260225-364-14,N,20260225,20270224,주식,KRW,,5000000000,5000000000,349,,A1,A1,,(주)티빙,외부 신용보강,일반기업,씨제이이엔엠
73883,미디어그로쓰캐피탈제1호,KRZFA2047FG2,미디어그로쓰캐피탈제1호 20260225-364-15,N,20260225,20270224,주식,KRW,,5000000000,5000000000,349,,A1,A1,,(주)티빙,외부 신용보강,일반기업,씨제이이엔엠
73883,미디어그로쓰캐피탈제1호,KRZFA2047GG2,미디어그로쓰캐피탈제1호 20260225-364-16,N,20260225,20270224,주식,KRW,,5000000000,5000000000,349,,A1,A1,,(주)티빙,외부 신용보강,일반기업,씨제이이엔엠
73883,미디어그로쓰캐피탈제1호,KRZFA2047HG2,미디어그로쓰캐피탈제1호 20260225-364-17,N,20260225,20270224,주식,KRW,,5000000000,5000000000,349,,A1,A1,,(주)티빙,외부 신용보강,일반기업,씨제이이엔엠
73883,미디어그로쓰캐피탈제1호,KRZFA2047JG2,미디어그로쓰캐피탈제1호 20260225-364-18,N,20260225,20270224,주식,KRW,,5000000000,5000000000,349,,A1,A1,,(주)티빙,외부 신용보강,일반기업,씨제이이엔엠
73883,미디어그로쓰캐피탈제1호,KRZFA2047KG2,미디어그로쓰캐피탈제1호 20260225-364-19,N,20260225,20270224,주식,KRW,,5000000000,5000000000,349,,A1,A1,,(주)티빙,외부 신용보강,일반기업,씨제이이엔엠
73883,미디어그로쓰캐피탈제1호,KRZFA20472G2,미디어그로쓰캐피탈제1호 20260225-364-2,N,20260225,20270224,주식,KRW,,10000000000,10000000000,349,,A1,A1,,(주)티빙,외부 신용보강,일반기업,씨제이이엔엠
73883,미디어그로쓰캐피탈제1호,KRZFA2047LG2,미디어그로쓰캐피탈제1호 20260225-364-20,N,20260225,20270224,주식,KRW,,5000000000,5000000000,349,,A1,A1,,(주)티빙,외부 신용보강,일반기업,씨제이이엔엠
73883,미디어그로쓰캐피탈제1호,KRZFA2047MG2,미디어그로쓰캐피탈제1호 20260225-364-21,N,20260225,20270224,주식,KRW,,5000000000,5000000000,349,,A1,A1,,(주)티빙,외부 신용보강,일반기업,씨제이이엔엠
73883,미디어그로쓰캐피탈제1호,KRZFA2047NG2,미디어그로쓰캐피탈제1호 20260225-364-22,N,20260225,20270224,주식,KRW,,5000000000,5000000000,349,,A1,A1,,(주)티빙,외부 신용보강,일반기업,씨제이이엔엠
73883,미디어그로쓰캐피탈제1호,KRZFA2047PG2,미디어그로쓰캐피탈제1호 20260225-364-23,N,20260225,20270224,주식,KRW,,5000000000,5000000000,349,,A1,A1,,(주)티빙,외부 신용보강,일반기업,씨제이이엔엠
73883,미디어그로쓰캐피탈제1호,KRZFA2047QG2,미디어그로쓰캐피탈제1호 20260225-364-24,N,20260225,20270224,주식,KRW,,5000000000,5000000000,349,,A1,A1,,(주)티빙,외부 신용보강,일반기업,씨제이이엔엠
73883,미디어그로쓰캐피탈제1호,KRZFA2047RG2,미디어그로쓰캐피탈제1호 20260225-364-25,N,20260225,20270224,주식,KRW,,5000000000,5000000000,349,,A1,A1,,(주)티빙,외부 신용보강,일반기업,씨제이이엔엠
73883,미디어그로쓰캐피탈제1호,KRZFA2047SG2,미디어그로쓰캐피탈제1호 20260225-364-26,N,20260225,20270224,주식,KRW,,5000000000,5000000000,349,,A1,A1,,(주)티빙,외부 신용보강,일반기업,씨제이이엔엠
73883,미디어그로쓰캐피탈제1호,KRZFA2047TG2,미디어그로쓰캐피탈제1호 20260225-364-27,N,20260225,20270224,주식,KRW,,5000000000,5000000000,349,,A1,A1,,(주)티빙,외부 신용보강,일반기업,씨제이이엔엠
73883,미디어그로쓰캐피탈제1호,KRZFA2047VG2,미디어그로쓰캐피탈제1호 20260225-364-28,N,20260225,20270224,주식,KRW,,5000000000,5000000000,349,,A1,A1,,(주)티빙,외부 신용보강,일반기업,씨제이이엔엠
73883,미디어그로쓰캐피탈제1호,KRZFA2047WG2,미디어그로쓰캐피탈제1호 20260225-364-29,N,20260225,20270224,주식,KRW,,5000000000,5000000000,349,,A1,A1,,(주)티빙,외부 신용보강,일반기업,씨제이이엔엠
73883,미디어그로쓰캐피탈제1호,KRZFA20473G2,미디어그로쓰캐피탈제1호 20260225-364-3,N,20260225,20270224,주식,KRW,,10000000000,10000000000,349,,A1,A1,,(주)티빙,외부 신용보강,일반기업,씨제이이엔엠
73883,미디어그로쓰캐피탈제1호,KRZFA2047XG2,미디어그로쓰캐피탈제1호 20260225-364-30,N,20260225,20270224,주식,KRW,,5000000000,5000000000,349,,A1,A1,,(주)티빙,외부 신용보강,일반기업,씨제이이엔엠
73883,미디어그로쓰캐피탈제1호,KRZFA2047YG2,미디어그로쓰캐피탈제1호 20260225-364-31,N,20260225,20270224,주식,KRW,,5000000000,5000000000,349,,A1,A1,,(주)티빙,외부 신용보강,일반기업,씨제이이엔엠
73883,미디어그로쓰캐피탈제1호,KRZFA2047ZG2,미디어그로쓰캐피탈제1호 20260225-364-32,N,20260225,20270224,주식,KRW,,5000000000,5000000000,349,,A1,A1,,(주)티빙,외부 신용보강,일반기업,씨제이이엔엠
73883,미디어그로쓰캐피탈제1호,KRZFA20470GE,미디어그로쓰캐피탈제1호 20260225-364-33,N,20260225,20270224,주식,KRW,,5000000000,5000000000,349,,A1,A1,,(주)티빙,외부 신용보강,일반기업,씨제이이엔엠
73883,미디어그로쓰캐피탈제1호,KRZFA20471GE,미디어그로쓰캐피탈제1호 20260225-364-34,N,20260225,20270224,주식,KRW,,5000000000,5000000000,349,,A1,A1,,(주)티빙,외부 신용보강,일반기업,씨제이이엔엠
73883,미디어그로쓰캐피탈제1호,KRZFA20472GE,미디어그로쓰캐피탈제1호 20260225-364-35,N,20260225,20270224,주식,KRW,,5000000000,5000000000,349,,A1,A1,,(주)티빙,외부 신용보강,일반기업,씨제이이엔엠
73883,미디어그로쓰캐피탈제1호,KRZFA20473GE,미디어그로쓰캐피탈제1호 20260225-364-36,N,20260225,20270224,주식,KRW,,5000000000,5000000000,349,,A1,A1,,(주)티빙,외부 신용보강,일반기업,씨제이이엔엠
73883,미디어그로쓰캐피탈제1호,KRZFA20474GE,미디어그로쓰캐피탈제1호 20260225-364-37,N,20260225,20270224,주식,KRW,,5000000000,5000000000,349,,A1,A1,,(주)티빙,외부 신용보강,일반기업,씨제이이엔엠
73883,미디어그로쓰캐피탈제1호,KRZFA20475GE,미디어그로쓰캐피탈제1호 20260225-364-38,N,20260225,20270224,주식,KRW,,5000000000,5000000000,349,,A1,A1,,(주)티빙,외부 신용보강,일반기업,씨제이이엔엠
73883,미디어그로쓰캐피탈제1호,KRZFA20476GE,미디어그로쓰캐피탈제1호 20260225-364-39,N,20260225,20270224,주식,KRW,,5000000000,5000000000,349,,A1,A1,,(주)티빙,외부 신용보강,일반기업,씨제이이엔엠
73883,미디어그로쓰캐피탈제1호,KRZFA20474G2,미디어그로쓰캐피탈제1호 20260225-364-4,N,20260225,20270224,주식,KRW,,10000000000,10000000000,349,,A1,A1,,(주)티빙,외부 신용보강,일반기업,씨제이이엔엠
73883,미디어그로쓰캐피탈제1호,KRZFA20477GE,미디어그로쓰캐피탈제1호 20260225-364-40,N,20260225,20270224,주식,KRW,,5000000000,5000000000,349,,A1,A1,,(주)티빙,외부 신용보강,일반기업,씨제이이엔엠
73883,미디어그로쓰캐피탈제1호,KRZFA20478GE,미디어그로쓰캐피탈제1호 20260225-364-41,N,20260225,20270224,주식,KRW,,3900000000,3900000000,349,,A1,A1,,(주)티빙,외부 신용보강,일반기업,씨제이이엔엠
73883,미디어그로쓰캐피탈제1호,KRZFA20475G2,미디어그로쓰캐피탈제1호 20260225-364-5,N,20260225,20270224,주식,KRW,,10000000000,10000000000,349,,A1,A1,,(주)티빙,외부 신용보강,일반기업,씨제이이엔엠
73883,미디어그로쓰캐피탈제1호,KRZFA20476G2,미디어그로쓰캐피탈제1호 20260225-364-6,N,20260225,20270224,주식,KRW,,10000000000,10000000000,349,,A1,A1,,(주)티빙,외부 신용보강,일반기업,씨제이이엔엠
73883,미디어그로쓰캐피탈제1호,KRZFA20477G2,미디어그로쓰캐피탈제1호 20260225-364-7,N,20260225,20270224,주식,KRW,,10000000000,10000000000,349,,A1,A1,,(주)티빙,외부 신용보강,일반기업,씨제이이엔엠
73883,미디어그로쓰캐피탈제1호,KRZFA20478G2,미디어그로쓰캐피탈제1호 20260225-364-8,N,20260225,20270224,주식,KRW,,10000000000,10000000000,349,,A1,A1,,(주)티빙,외부 신용보강,일반기업,씨제이이엔엠
73883,미디어그로쓰캐피탈제1호,KRZFA20479G2,미디어그로쓰캐피탈제1호 20260225-364-9,N,20260225,20270224,주식,KRW,,10000000000,10000000000,349,,A1,A1,,(주)티빙,외부 신용보강,일반기업,씨제이이엔엠
73874,에스와이동서제일차,KRZF0011K7GE,에스와이동서제일차 20260225-187-40,N,20260225,20260831,대출채권,KRW,,250000000,250000000,172,A3,A3,,,아이에스동서(주),자체 신용보강,자체 신용보강,아이에스동서(주)
73874,에스와이동서제일차,KRZF0011K1G2,에스와이동서제일차 20260225-364-1,N,20260225,20270224,대출채권,KRW,,2000000000,2000000000,349,A3,A3,,,아이에스동서(주),자체 신용보강,자체 신용보강,아이에스동서(주)
73874,에스와이동서제일차,KRZF0011KAG2,에스와이동서제일차 20260225-364-10,N,20260225,20270224,대출채권,KRW,,500000000,500000000,349,A3,A3,,,아이에스동서(주),자체 신용보강,자체 신용보강,아이에스동서(주)
73874,에스와이동서제일차,KRZF0011KBG2,에스와이동서제일차 20260225-364-11,N,20260225,20270224,대출채권,KRW,,500000000,500000000,349,A3,A3,,,아이에스동서(주),자체 신용보강,자체 신용보강,아이에스동서(주)
73874,에스와이동서제일차,KRZF0011KCG2,에스와이동서제일차 20260225-364-12,N,20260225,20270224,대출채권,KRW,,500000000,500000000,349,A3,A3,,,아이에스동서(주),자체 신용보강,자체 신용보강,아이에스동서(주)
73874,에스와이동서제일차,KRZF0011KDG2,에스와이동서제일차 20260225-364-13,N,20260225,20270224,대출채권,KRW,,500000000,500000000,349,A3,A3,,,아이에스동서(주),자체 신용보강,자체 신용보강,아이에스동서(주)
73874,에스와이동서제일차,KRZF0011KEG2,에스와이동서제일차 20260225-364-14,N,20260225,20270224,대출채권,KRW,,500000000,500000000,349,A3,A3,,,아이에스동서(주),자체 신용보강,자체 신용보강,아이에스동서(주)
73874,에스와이동서제일차,KRZF0011KFG2,에스와이동서제일차 20260225-364-15,N,20260225,20270224,대출채권,KRW,,500000000,500000000,349,A3,A3,,,아이에스동서(주),자체 신용보강,자체 신용보강,아이에스동서(주)
73874,에스와이동서제일차,KRZF0011KGG2,에스와이동서제일차 20260225-364-16,N,20260225,20270224,대출채권,KRW,,500000000,500000000,349,A3,A3,,,아이에스동서(주),자체 신용보강,자체 신용보강,아이에스동서(주)
73874,에스와이동서제일차,KRZF0011KHG2,에스와이동서제일차 20260225-364-17,N,20260225,20270224,대출채권,KRW,,500000000,500000000,349,A3,A3,,,아이에스동서(주),자체 신용보강,자체 신용보강,아이에스동서(주)
73874,에스와이동서제일차,KRZF0011KJG2,에스와이동서제일차 20260225-364-18,N,20260225,20270224,대출채권,KRW,,500000000,500000000,349,A3,A3,,,아이에스동서(주),자체 신용보강,자체 신용보강,아이에스동서(주)
73874,에스와이동서제일차,KRZF0011KKG2,에스와이동서제일차 20260225-364-19,N,20260225,20270224,대출채권,KRW,,500000000,500000000,349,A3,A3,,,아이에스동서(주),자체 신용보강,자체 신용보강,아이에스동서(주)
73874,에스와이동서제일차,KRZF0011K2G2,에스와이동서제일차 20260225-364-2,N,20260225,20270224,대출채권,KRW,,1000000000,1000000000,349,A3,A3,,,아이에스동서(주),자체 신용보강,자체 신용보강,아이에스동서(주)
73874,에스와이동서제일차,KRZF0011KLG2,에스와이동서제일차 20260225-364-20,N,20260225,20270224,대출채권,KRW,,500000000,500000000,349,A3,A3,,,아이에스동서(주),자체 신용보강,자체 신용보강,아이에스동서(주)
73874,에스와이동서제일차,KRZF0011KMG2,에스와이동서제일차 20260225-364-21,N,20260225,20270224,대출채권,KRW,,500000000,500000000,349,A3,A3,,,아이에스동서(주),자체 신용보강,자체 신용보강,아이에스동서(주)
73874,에스와이동서제일차,KRZF0011KNG2,에스와이동서제일차 20260225-364-22,N,20260225,20270224,대출채권,KRW,,500000000,500000000,349,A3,A3,,,아이에스동서(주),자체 신용보강,자체 신용보강,아이에스동서(주)
73874,에스와이동서제일차,KRZF0011KPG2,에스와이동서제일차 20260225-364-23,N,20260225,20270224,대출채권,KRW,,500000000,500000000,349,A3,A3,,,아이에스동서(주),자체 신용보강,자체 신용보강,아이에스동서(주)
73874,에스와이동서제일차,KRZF0011KQG2,에스와이동서제일차 20260225-364-24,N,20260225,20270224,대출채권,KRW,,500000000,500000000,349,A3,A3,,,아이에스동서(주),자체 신용보강,자체 신용보강,아이에스동서(주)
73874,에스와이동서제일차,KRZF0011KRG2,에스와이동서제일차 20260225-364-25,N,20260225,20270224,대출채권,KRW,,500000000,500000000,349,A3,A3,,,아이에스동서(주),자체 신용보강,자체 신용보강,아이에스동서(주)
73874,에스와이동서제일차,KRZF0011KSG2,에스와이동서제일차 20260225-364-26,N,20260225,20270224,대출채권,KRW,,500000000,500000000,349,A3,A3,,,아이에스동서(주),자체 신용보강,자체 신용보강,아이에스동서(주)
73874,에스와이동서제일차,KRZF0011KTG2,에스와이동서제일차 20260225-364-27,N,20260225,20270224,대출채권,KRW,,500000000,500000000,349,A3,A3,,,아이에스동서(주),자체 신용보강,자체 신용보강,아이에스동서(주)
73874,에스와이동서제일차,KRZF0011KVG2,에스와이동서제일차 20260225-364-28,N,20260225,20270224,대출채권,KRW,,500000000,500000000,349,A3,A3,,,아이에스동서(주),자체 신용보강,자체 신용보강,아이에스동서(주)
73874,에스와이동서제일차,KRZF0011KWG2,에스와이동서제일차 20260225-364-29,N,20260225,20270224,대출채권,KRW,,500000000,500000000,349,A3,A3,,,아이에스동서(주),자체 신용보강,자체 신용보강,아이에스동서(주)
73874,에스와이동서제일차,KRZF0011K3G2,에스와이동서제일차 20260225-364-3,N,20260225,20270224,대출채권,KRW,,1000000000,1000000000,349,A3,A3,,,아이에스동서(주),자체 신용보강,자체 신용보강,아이에스동서(주)
73874,에스와이동서제일차,KRZF0011KXG2,에스와이동서제일차 20260225-364-30,N,20260225,20270224,대출채권,KRW,,500000000,500000000,349,A3,A3,,,아이에스동서(주),자체 신용보강,자체 신용보강,아이에스동서(주)
73874,에스와이동서제일차,KRZF0011KYG2,에스와이동서제일차 20260225-364-31,N,20260225,20270224,대출채권,KRW,,500000000,500000000,349,A3,A3,,,아이에스동서(주),자체 신용보강,자체 신용보강,아이에스동서(주)
73874,에스와이동서제일차,KRZF0011KZG2,에스와이동서제일차 20260225-364-32,N,20260225,20270224,대출채권,KRW,,500000000,500000000,349,A3,A3,,,아이에스동서(주),자체 신용보강,자체 신용보강,아이에스동서(주)
73874,에스와이동서제일차,KRZF0011K0GE,에스와이동서제일차 20260225-364-33,N,20260225,20270224,대출채권,KRW,,500000000,500000000,349,A3,A3,,,아이에스동서(주),자체 신용보강,자체 신용보강,아이에스동서(주)
73874,에스와이동서제일차,KRZF0011K1GE,에스와이동서제일차 20260225-364-34,N,20260225,20270224,대출채권,KRW,,300000000,300000000,349,A3,A3,,,아이에스동서(주),자체 신용보강,자체 신용보강,아이에스동서(주)
73874,에스와이동서제일차,KRZF0011K2GE,에스와이동서제일차 20260225-364-35,N,20260225,20270224,대출채권,KRW,,300000000,300000000,349,A3,A3,,,아이에스동서(주),자체 신용보강,자체 신용보강,아이에스동서(주)
73874,에스와이동서제일차,KRZF0011K3GE,에스와이동서제일차 20260225-364-36,N,20260225,20270224,대출채권,KRW,,300000000,300000000,349,A3,A3,,,아이에스동서(주),자체 신용보강,자체 신용보강,아이에스동서(주)
73874,에스와이동서제일차,KRZF0011K4GE,에스와이동서제일차 20260225-364-37,N,20260225,20270224,대출채권,KRW,,200000000,200000000,349,A3,A3,,,아이에스동서(주),자체 신용보강,자체 신용보강,아이에스동서(주)
73874,에스와이동서제일차,KRZF0011K5GE,에스와이동서제일차 20260225-364-38,N,20260225,20270224,대출채권,KRW,,200000000,200000000,349,A3,A3,,,아이에스동서(주),자체 신용보강,자체 신용보강,아이에스동서(주)
73874,에스와이동서제일차,KRZF0011K6GE,에스와이동서제일차 20260225-364-39,N,20260225,20270224,대출채권,KRW,,200000000,200000000,349,A3,A3,,,아이에스동서(주),자체 신용보강,자체 신용보강,아이에스동서(주)
73874,에스와이동서제일차,KRZF0011K4G2,에스와이동서제일차 20260225-364-4,N,20260225,20270224,대출채권,KRW,,500000000,500000000,349,A3,A3,,,아이에스동서(주),자체 신용보강,자체 신용보강,아이에스동서(주)
73874,에스와이동서제일차,KRZF0011K5G2,에스와이동서제일차 20260225-364-5,N,20260225,20270224,대출채권,KRW,,500000000,500000000,349,A3,A3,,,아이에스동서(주),자체 신용보강,자체 신용보강,아이에스동서(주)
73874,에스와이동서제일차,KRZF0011K6G2,에스와이동서제일차 20260225-364-6,N,20260225,20270224,대출채권,KRW,,500000000,500000000,349,A3,A3,,,아이에스동서(주),자체 신용보강,자체 신용보강,아이에스동서(주)
73874,에스와이동서제일차,KRZF0011K7G2,에스와이동서제일차 20260225-364-7,N,20260225,20270224,대출채권,KRW,,500000000,500000000,349,A3,A3,,,아이에스동서(주),자체 신용보강,자체 신용보강,아이에스동서(주)
73874,에스와이동서제일차,KRZF0011K8G2,에스와이동서제일차 20260225-364-8,N,20260225,20270224,대출채권,KRW,,500000000,500000000,349,A3,A3,,,아이에스동서(주),자체 신용보강,자체 신용보강,아이에스동서(주)
73874,에스와이동서제일차,KRZF0011K9G2,에스와이동서제일차 20260225-364-9,N,20260225,20270224,대출채권,KRW,,500000000,500000000,349,A3,A3,,,아이에스동서(주),자체 신용보강,자체 신용보강,아이에스동서(주)
71510,엠마포에이제이차,KRZF0094H1G2,엠마포에이제이차 20260225-184-1,Y,20260225,20260828,PF대출채권,KRW,,5000000000,5000000000,169,A1,A1,,,(주) 이노디앤씨,외부 신용보강,금융기관,메리츠증권
71510,엠마포에이제이차,KRZF0094H2G2,엠마포에이제이차 20260225-184-2,Y,20260225,20260828,PF대출채권,KRW,,5000000000,5000000000,169,A1,A1,,,(주) 이노디앤씨,외부 신용보강,금융기관,메리츠증권
71510,엠마포에이제이차,KRZF0094H3G2,엠마포에이제이차 20260225-184-3,Y,20260225,20260828,PF대출채권,KRW,,2000000000,2000000000,169,A1,A1,,,(주) 이노디앤씨,외부 신용보강,금융기관,메리츠증권
57908,지아이비신사,KRZFA33341G2,지아이비신사 20260225-90-1,N,20260225,20260526,대출채권,KRW,,5000000000,5000000000,75,A1,,A1,,화이트코리아산업(주),외부 신용보강,금융기관,신한은행
57908,지아이비신사,KRZFA33342G2,지아이비신사 20260225-90-2,N,20260225,20260526,대출채권,KRW,,3200000000,3200000000,75,A1,,A1,,화이트코리아산업(주),외부 신용보강,금융기관,신한은행
57908,지아이비신사,KRZFA33343G2,지아이비신사 20260225-90-3,N,20260225,20260526,대출채권,KRW,,5000000000,5000000000,75,A1,,A1,,화이트코리아산업(주),외부 신용보강,금융기관,신한은행
57908,지아이비신사,KRZFA33344G2,지아이비신사 20260225-90-4,N,20260225,20260526,대출채권,KRW,,2000000000,2000000000,75,A1,,A1,,화이트코리아산업(주),외부 신용보강,금융기관,신한은행
57908,지아이비신사,KRZFA33345G2,지아이비신사 20260225-90-5,N,20260225,20260526,대출채권,KRW,,1000000000,1000000000,75,A1,,A1,,화이트코리아산업(주),외부 신용보강,금융기관,신한은행
57908,지아이비신사,KRZFA33346G2,지아이비신사 20260225-90-6,N,20260225,20260526,대출채권,KRW,,1000000000,1000000000,75,A1,,A1,,화이트코리아산업(주),외부 신용보강,금융기관,신한은행
57908,지아이비신사,KRZFA33347G2,지아이비신사 20260225-90-7,N,20260225,20260526,대출채권,KRW,,500000000,500000000,75,A1,,A1,,화이트코리아산업(주),외부 신용보강,금융기관,신한은행
57908,지아이비신사,KRZFA33348G2,지아이비신사 20260225-90-8,N,20260225,20260526,대출채권,KRW,,500000000,500000000,75,A1,,A1,,화이트코리아산업(주),외부 신용보강,금융기관,신한은행
73871,케이비와이제이제이차,KRZF0167E1G2,케이비와이제이제이차 20260225-28-1,Y,20260225,20260325,PF대출채권,KRW,,10000000000,10000000000,13,A1,,A1,,대방건설,차환발행위험(유동성 공여형 매입약정),금융기관,국민은행
73871,케이비와이제이제이차,KRZF0167EAG2,케이비와이제이제이차 20260225-28-10,Y,20260225,20260325,PF대출채권,KRW,,10000000000,10000000000,13,A1,,A1,,대방건설,차환발행위험(유동성 공여형 매입약정),금융기관,국민은행
73871,케이비와이제이제이차,KRZF0167EBG2,케이비와이제이제이차 20260225-28-11,Y,20260225,20260325,PF대출채권,KRW,,10000000000,10000000000,13,A1,,A1,,대방건설,차환발행위험(유동성 공여형 매입약정),금융기관,국민은행
73871,케이비와이제이제이차,KRZF0167ECG2,케이비와이제이제이차 20260225-28-12,Y,20260225,20260325,PF대출채권,KRW,,10000000000,10000000000,13,A1,,A1,,대방건설,차환발행위험(유동성 공여형 매입약정),금융기관,국민은행
73871,케이비와이제이제이차,KRZF0167EDG2,케이비와이제이제이차 20260225-28-13,Y,20260225,20260325,PF대출채권,KRW,,10000000000,10000000000,13,A1,,A1,,대방건설,차환발행위험(유동성 공여형 매입약정),금융기관,국민은행
73871,케이비와이제이제이차,KRZF0167EEG2,케이비와이제이제이차 20260225-28-14,Y,20260225,20260325,PF대출채권,KRW,,10000000000,10000000000,13,A1,,A1,,대방건설,차환발행위험(유동성 공여형 매입약정),금융기관,국민은행
73871,케이비와이제이제이차,KRZF0167EFG2,케이비와이제이제이차 20260225-28-15,Y,20260225,20260325,PF대출채권,KRW,,10000000000,10000000000,13,A1,,A1,,대방건설,차환발행위험(유동성 공여형 매입약정),금융기관,국민은행
73871,케이비와이제이제이차,KRZF0167EGG2,케이비와이제이제이차 20260225-28-16,Y,20260225,20260325,PF대출채권,KRW,,10000000000,10000000000,13,A1,,A1,,대방건설,차환발행위험(유동성 공여형 매입약정),금융기관,국민은행
73871,케이비와이제이제이차,KRZF0167EHG2,케이비와이제이제이차 20260225-28-17,Y,20260225,20260325,PF대출채권,KRW,,5000000000,5000000000,13,A1,,A1,,대방건설,차환발행위험(유동성 공여형 매입약정),금융기관,국민은행
73871,케이비와이제이제이차,KRZF0167E2G2,케이비와이제이제이차 20260225-28-2,Y,20260225,20260325,PF대출채권,KRW,,10000000000,10000000000,13,A1,,A1,,대방건설,차환발행위험(유동성 공여형 매입약정),금융기관,국민은행
73871,케이비와이제이제이차,KRZF0167E3G2,케이비와이제이제이차 20260225-28-3,Y,20260225,20260325,PF대출채권,KRW,,10000000000,10000000000,13,A1,,A1,,대방건설,차환발행위험(유동성 공여형 매입약정),금융기관,국민은행
73871,케이비와이제이제이차,KRZF0167E4G2,케이비와이제이제이차 20260225-28-4,Y,20260225,20260325,PF대출채권,KRW,,10000000000,10000000000,13,A1,,A1,,대방건설,차환발행위험(유동성 공여형 매입약정),금융기관,국민은행
73871,케이비와이제이제이차,KRZF0167E5G2,케이비와이제이제이차 20260225-28-5,Y,20260225,20260325,PF대출채권,KRW,,10000000000,10000000000,13,A1,,A1,,대방건설,차환발행위험(유동성 공여형 매입약정),금융기관,국민은행
73871,케이비와이제이제이차,KRZF0167E6G2,케이비와이제이제이차 20260225-28-6,Y,20260225,20260325,PF대출채권,KRW,,10000000000,10000000000,13,A1,,A1,,대방건설,차환발행위험(유동성 공여형 매입약정),금융기관,국민은행
73871,케이비와이제이제이차,KRZF0167E7G2,케이비와이제이제이차 20260225-28-7,Y,20260225,20260325,PF대출채권,KRW,,10000000000,10000000000,13,A1,,A1,,대방건설,차환발행위험(유동성 공여형 매입약정),금융기관,국민은행
73871,케이비와이제이제이차,KRZF0167E8G2,케이비와이제이제이차 20260225-28-8,Y,20260225,20260325,PF대출채권,KRW,,10000000000,10000000000,13,A1,,A1,,대방건설,차환발행위험(유동성 공여형 매입약정),금융기관,국민은행
73871,케이비와이제이제이차,KRZF0167E9G2,케이비와이제이제이차 20260225-28-9,Y,20260225,20260325,PF대출채권,KRW,,10000000000,10000000000,13,A1,,A1,,대방건설,차환발행위험(유동성 공여형 매입약정),금융기관,국민은행
73884,케이비와이제이제일차,KRZF0167N1G2,케이비와이제이제일차 20260225-28-1,Y,20260225,20260325,PF대출채권,KRW,,20000000000,20000000000,13,A1,,A1,,대방건설,차환발행위험(유동성 공여형 매입약정),금융기관,국민은행
73884,케이비와이제이제일차,KRZF0167NAG2,케이비와이제이제일차 20260225-28-10,Y,20260225,20260325,PF대출채권,KRW,,10000000000,10000000000,13,A1,,A1,,대방건설,차환발행위험(유동성 공여형 매입약정),금융기관,국민은행
73884,케이비와이제이제일차,KRZF0167NBG2,케이비와이제이제일차 20260225-28-11,Y,20260225,20260325,PF대출채권,KRW,,10000000000,10000000000,13,A1,,A1,,대방건설,차환발행위험(유동성 공여형 매입약정),금융기관,국민은행
73884,케이비와이제이제일차,KRZF0167NCG2,케이비와이제이제일차 20260225-28-12,Y,20260225,20260325,PF대출채권,KRW,,10000000000,10000000000,13,A1,,A1,,대방건설,차환발행위험(유동성 공여형 매입약정),금융기관,국민은행
73884,케이비와이제이제일차,KRZF0167NDG2,케이비와이제이제일차 20260225-28-13,Y,20260225,20260325,PF대출채권,KRW,,10000000000,10000000000,13,A1,,A1,,대방건설,차환발행위험(유동성 공여형 매입약정),금융기관,국민은행
73884,케이비와이제이제일차,KRZF0167NEG2,케이비와이제이제일차 20260225-28-14,Y,20260225,20260325,PF대출채권,KRW,,10000000000,10000000000,13,A1,,A1,,대방건설,차환발행위험(유동성 공여형 매입약정),금융기관,국민은행
73884,케이비와이제이제일차,KRZF0167NFG2,케이비와이제이제일차 20260225-28-15,Y,20260225,20260325,PF대출채권,KRW,,10000000000,10000000000,13,A1,,A1,,대방건설,차환발행위험(유동성 공여형 매입약정),금융기관,국민은행
73884,케이비와이제이제일차,KRZF0167NGG2,케이비와이제이제일차 20260225-28-16,Y,20260225,20260325,PF대출채권,KRW,,5000000000,5000000000,13,A1,,A1,,대방건설,차환발행위험(유동성 공여형 매입약정),금융기관,국민은행
73884,케이비와이제이제일차,KRZF0167N2G2,케이비와이제이제일차 20260225-28-2,Y,20260225,20260325,PF대출채권,KRW,,10000000000,10000000000,13,A1,,A1,,대방건설,차환발행위험(유동성 공여형 매입약정),금융기관,국민은행
73884,케이비와이제이제일차,KRZF0167N3G2,케이비와이제이제일차 20260225-28-3,Y,20260225,20260325,PF대출채권,KRW,,10000000000,10000000000,13,A1,,A1,,대방건설,차환발행위험(유동성 공여형 매입약정),금융기관,국민은행
73884,케이비와이제이제일차,KRZF0167N4G2,케이비와이제이제일차 20260225-28-4,Y,20260225,20260325,PF대출채권,KRW,,10000000000,10000000000,13,A1,,A1,,대방건설,차환발행위험(유동성 공여형 매입약정),금융기관,국민은행
73884,케이비와이제이제일차,KRZF0167N5G2,케이비와이제이제일차 20260225-28-5,Y,20260225,20260325,PF대출채권,KRW,,10000000000,10000000000,13,A1,,A1,,대방건설,차환발행위험(유동성 공여형 매입약정),금융기관,국민은행
73884,케이비와이제이제일차,KRZF0167N6G2,케이비와이제이제일차 20260225-28-6,Y,20260225,20260325,PF대출채권,KRW,,10000000000,10000000000,13,A1,,A1,,대방건설,차환발행위험(유동성 공여형 매입약정),금융기관,국민은행
73884,케이비와이제이제일차,KRZF0167N7G2,케이비와이제이제일차 20260225-28-7,Y,20260225,20260325,PF대출채권,KRW,,10000000000,10000000000,13,A1,,A1,,대방건설,차환발행위험(유동성 공여형 매입약정),금융기관,국민은행
73884,케이비와이제이제일차,KRZF0167N8G2,케이비와이제이제일차 20260225-28-8,Y,20260225,20260325,PF대출채권,KRW,,10000000000,10000000000,13,A1,,A1,,대방건설,차환발행위험(유동성 공여형 매입약정),금융기관,국민은행
73884,케이비와이제이제일차,KRZF0167N9G2,케이비와이제이제일차 20260225-28-9,Y,20260225,20260325,PF대출채권,KRW,,10000000000,10000000000,13,A1,,A1,,대방건설,차환발행위험(유동성 공여형 매입약정),금융기관,국민은행
68635,하나이노제일차,KRZF0014K1G2,하나이노제일차 20260225-90-1,N,20260225,20260526,대출채권,KRW,,5000000000,5000000000,75,A1,A1,,,엠에스에너지제삼차(주),외부 신용보강,금융기관,하나은행
68635,하나이노제일차,KRZF0014K1G2,하나이노제일차 20260225-90-1,N,20260225,20260526,대출채권,KRW,,5000000000,5000000000,75,A1,A1,,,엠에스에너지제삼차(주),차환발행위험(유동성 공여형 매입약정),금융기관,하나은행
68635,하나이노제일차,KRZF0014K2G2,하나이노제일차 20260225-90-2,N,20260225,20260526,대출채권,KRW,,5000000000,5000000000,75,A1,A1,,,엠에스에너지제삼차(주),외부 신용보강,금융기관,하나은행
68635,하나이노제일차,KRZF0014K2G2,하나이노제일차 20260225-90-2,N,20260225,20260526,대출채권,KRW,,5000000000,5000000000,75,A1,A1,,,엠에스에너지제삼차(주),차환발행위험(유동성 공여형 매입약정),금융기관,하나은행
68635,하나이노제일차,KRZF0014K3G2,하나이노제일차 20260225-90-3,N,20260225,20260526,대출채권,KRW,,5000000000,5000000000,75,A1,A1,,,엠에스에너지제삼차(주),외부 신용보강,금융기관,하나은행
68635,하나이노제일차,KRZF0014K3G2,하나이노제일차 20260225-90-3,N,20260225,20260526,대출채권,KRW,,5000000000,5000000000,75,A1,A1,,,엠에스에너지제삼차(주),차환발행위험(유동성 공여형 매입약정),금융기관,하나은행
68635,하나이노제일차,KRZF0014K4G2,하나이노제일차 20260225-90-4,N,20260225,20260526,대출채권,KRW,,5000000000,5000000000,75,A1,A1,,,엠에스에너지제삼차(주),외부 신용보강,금융기관,하나은행
68635,하나이노제일차,KRZF0014K4G2,하나이노제일차 20260225-90-4,N,20260225,20260526,대출채권,KRW,,5000000000,5000000000,75,A1,A1,,,엠에스에너지제삼차(주),차환발행위험(유동성 공여형 매입약정),금융기관,하나은행
68635,하나이노제일차,KRZF0014K5G2,하나이노제일차 20260225-90-5,N,20260225,20260526,대출채권,KRW,,5000000000,5000000000,75,A1,A1,,,엠에스에너지제삼차(주),외부 신용보강,금융기관,하나은행
68635,하나이노제일차,KRZF0014K5G2,하나이노제일차 20260225-90-5,N,20260225,20260526,대출채권,KRW,,5000000000,5000000000,75,A1,A1,,,엠에스에너지제삼차(주),차환발행위험(유동성 공여형 매입약정),금융기관,하나은행
68635,하나이노제일차,KRZF0014K6G2,하나이노제일차 20260225-90-6,N,20260225,20260526,대출채권,KRW,,5000000000,5000000000,75,A1,A1,,,엠에스에너지제삼차(주),외부 신용보강,금융기관,하나은행
68635,하나이노제일차,KRZF0014K6G2,하나이노제일차 20260225-90-6,N,20260225,20260526,대출채권,KRW,,5000000000,5000000000,75,A1,A1,,,엠에스에너지제삼차(주),차환발행위험(유동성 공여형 매입약정),금융기관,하나은행
68635,하나이노제일차,KRZF0014K7G2,하나이노제일차 20260225-90-7,N,20260225,20260526,대출채권,KRW,,5000000000,5000000000,75,A1,A1,,,엠에스에너지제삼차(주),외부 신용보강,금융기관,하나은행
68635,하나이노제일차,KRZF0014K7G2,하나이노제일차 20260225-90-7,N,20260225,20260526,대출채권,KRW,,5000000000,5000000000,75,A1,A1,,,엠에스에너지제삼차(주),차환발행위험(유동성 공여형 매입약정),금융기관,하나은행
73863,나무크레딧제팔차,KRZFA63751G2,나무크레딧제팔차 20260224-120-1,,20260224,20260624,,KRW,,5000000000,5000000000,104,A1,A1,A1,,,,,
73863,나무크레딧제팔차,KRZFA6375AG2,나무크레딧제팔차 20260224-120-10,,20260224,20260624,,KRW,,5000000000,5000000000,104,A1,A1,A1,,,,,
73863,나무크레딧제팔차,KRZFA6375BG2,나무크레딧제팔차 20260224-120-11,,20260224,20260624,,KRW,,5000000000,5000000000,104,A1,A1,A1,,,,,
73863,나무크레딧제팔차,KRZFA6375CG2,나무크레딧제팔차 20260224-120-12,,20260224,20260624,,KRW,,5000000000,5000000000,104,A1,A1,A1,,,,,
73863,나무크레딧제팔차,KRZFA6375DG2,나무크레딧제팔차 20260224-120-13,,20260224,20260624,,KRW,,5000000000,5000000000,104,A1,A1,A1,,,,,
73863,나무크레딧제팔차,KRZFA6375EG2,나무크레딧제팔차 20260224-120-14,,20260224,20260624,,KRW,,5000000000,5000000000,104,A1,A1,A1,,,,,
73863,나무크레딧제팔차,KRZFA6375GG2,나무크레딧제팔차 20260224-120-16,,20260224,20260624,,KRW,,5000000000,5000000000,104,A1,A1,A1,,,,,
73863,나무크레딧제팔차,KRZFA6375HG2,나무크레딧제팔차 20260224-120-17,,20260224,20260624,,KRW,,5000000000,5000000000,104,A1,A1,A1,,,,,
73863,나무크레딧제팔차,KRZFA6375JG2,나무크레딧제팔차 20260224-120-18,,20260224,20260624,,KRW,,5000000000,5000000000,104,A1,A1,A1,,,,,
73863,나무크레딧제팔차,KRZFA6375KG2,나무크레딧제팔차 20260224-120-19,,20260224,20260624,,KRW,,5000000000,5000000000,104,A1,A1,A1,,,,,
73863,나무크레딧제팔차,KRZFA63752G2,나무크레딧제팔차 20260224-120-2,,20260224,20260624,,KRW,,5000000000,5000000000,104,A1,A1,A1,,,,,
73863,나무크레딧제팔차,KRZFA6375LG2,나무크레딧제팔차 20260224-120-20,,20260224,20260624,,KRW,,5000000000,5000000000,104,A1,A1,A1,,,,,
73863,나무크레딧제팔차,KRZFA6375MG2,나무크레딧제팔차 20260224-120-21,,20260224,20260624,,KRW,,5000000000,5000000000,104,A1,A1,A1,,,,,
73863,나무크레딧제팔차,KRZFA6375NG2,나무크레딧제팔차 20260224-120-22,,20260224,20260624,,KRW,,5000000000,5000000000,104,A1,A1,A1,,,,,
73863,나무크레딧제팔차,KRZFA6375PG2,나무크레딧제팔차 20260224-120-23,,20260224,20260624,,KRW,,5000000000,5000000000,104,A1,A1,A1,,,,,
73863,나무크레딧제팔차,KRZFA6375QG2,나무크레딧제팔차 20260224-120-24,,20260224,20260624,,KRW,,5000000000,5000000000,104,A1,A1,A1,,,,,
73863,나무크레딧제팔차,KRZFA6375RG2,나무크레딧제팔차 20260224-120-25,,20260224,20260624,,KRW,,5000000000,5000000000,104,A1,A1,A1,,,,,
73863,나무크레딧제팔차,KRZFA6375SG2,나무크레딧제팔차 20260224-120-26,,20260224,20260624,,KRW,,5000000000,5000000000,104,A1,A1,A1,,,,,
73863,나무크레딧제팔차,KRZFA6375TG2,나무크레딧제팔차 20260224-120-27,,20260224,20260624,,KRW,,5000000000,5000000000,104,A1,A1,A1,,,,,
73863,나무크레딧제팔차,KRZFA6375VG2,나무크레딧제팔차 20260224-120-28,,20260224,20260624,,KRW,,5000000000,5000000000,104,A1,A1,A1,,,,,
73863,나무크레딧제팔차,KRZFA6375WG2,나무크레딧제팔차 20260224-120-29,,20260224,20260624,,KRW,,5000000000,5000000000,104,A1,A1,A1,,,,,
73863,나무크레딧제팔차,KRZFA63753G2,나무크레딧제팔차 20260224-120-3,,20260224,20260624,,KRW,,5000000000,5000000000,104,A1,A1,A1,,,,,
73863,나무크레딧제팔차,KRZFA6375XG2,나무크레딧제팔차 20260224-120-30,,20260224,20260624,,KRW,,5000000000,5000000000,104,A1,A1,A1,,,,,
73863,나무크레딧제팔차,KRZFA6375YG2,나무크레딧제팔차 20260224-120-31,,20260224,20260624,,KRW,,5000000000,5000000000,104,A1,A1,A1,,,,,
73863,나무크레딧제팔차,KRZFA6375ZG2,나무크레딧제팔차 20260224-120-32,,20260224,20260624,,KRW,,5000000000,5000000000,104,A1,A1,A1,,,,,
73863,나무크레딧제팔차,KRZFA63750GE,나무크레딧제팔차 20260224-120-33,,20260224,20260624,,KRW,,5000000000,5000000000,104,A1,A1,A1,,,,,
73863,나무크레딧제팔차,KRZFA63751GE,나무크레딧제팔차 20260224-120-34,,20260224,20260624,,KRW,,5000000000,5000000000,104,A1,A1,A1,,,,,
73863,나무크레딧제팔차,KRZFA63752GE,나무크레딧제팔차 20260224-120-35,,20260224,20260624,,KRW,,5000000000,5000000000,104,A1,A1,A1,,,,,
73863,나무크레딧제팔차,KRZFA63753GE,나무크레딧제팔차 20260224-120-36,,20260224,20260624,,KRW,,5000000000,5000000000,104,A1,A1,A1,,,,,
73863,나무크레딧제팔차,KRZFA63754GE,나무크레딧제팔차 20260224-120-37,,20260224,20260624,,KRW,,5000000000,5000000000,104,A1,A1,A1,,,,,
73863,나무크레딧제팔차,KRZFA63755GE,나무크레딧제팔차 20260224-120-38,,20260224,20260624,,KRW,,5000000000,5000000000,104,A1,A1,A1,,,,,
73863,나무크레딧제팔차,KRZFA63756GE,나무크레딧제팔차 20260224-120-39,,20260224,20260624,,KRW,,5000000000,5000000000,104,A1,A1,A1,,,,,
73863,나무크레딧제팔차,KRZFA63754G2,나무크레딧제팔차 20260224-120-4,,20260224,20260624,,KRW,,5000000000,5000000000,104,A1,A1,A1,,,,,
73863,나무크레딧제팔차,KRZFA63757GE,나무크레딧제팔차 20260224-120-40,,20260224,20260624,,KRW,,5000000000,5000000000,104,A1,A1,A1,,,,,
73863,나무크레딧제팔차,KRZFA63758GE,나무크레딧제팔차 20260224-120-41,,20260224,20260624,,KRW,,5000000000,5000000000,104,A1,A1,A1,,,,,
73863,나무크레딧제팔차,KRZFA63759GE,나무크레딧제팔차 20260224-120-42,,20260224,20260624,,KRW,,5000000000,5000000000,104,A1,A1,A1,,,,,
73863,나무크레딧제팔차,KRZFA6375AGE,나무크레딧제팔차 20260224-120-43,,20260224,20260624,,KRW,,5000000000,5000000000,104,A1,A1,A1,,,,,
73863,나무크레딧제팔차,KRZFA6375BGE,나무크레딧제팔차 20260224-120-44,,20260224,20260624,,KRW,,5000000000,5000000000,104,A1,A1,A1,,,,,
73863,나무크레딧제팔차,KRZFA6375CGE,나무크레딧제팔차 20260224-120-45,,20260224,20260624,,KRW,,5000000000,5000000000,104,A1,A1,A1,,,,,
73863,나무크레딧제팔차,KRZFA6375DGE,나무크레딧제팔차 20260224-120-46,,20260224,20260624,,KRW,,5000000000,5000000000,104,A1,A1,A1,,,,,
73863,나무크레딧제팔차,KRZFA6375EGE,나무크레딧제팔차 20260224-120-47,,20260224,20260624,,KRW,,5000000000,5000000000,104,A1,A1,A1,,,,,
73863,나무크레딧제팔차,KRZFA6375FGE,나무크레딧제팔차 20260224-120-48,,20260224,20260624,,KRW,,5000000000,5000000000,104,A1,A1,A1,,,,,
73863,나무크레딧제팔차,KRZFA6375GGE,나무크레딧제팔차 20260224-120-49,,20260224,20260624,,KRW,,5000000000,5000000000,104,A1,A1,A1,,,,,
73863,나무크레딧제팔차,KRZFA63755G2,나무크레딧제팔차 20260224-120-5,,20260224,20260624,,KRW,,5000000000,5000000000,104,A1,A1,A1,,,,,
73863,나무크레딧제팔차,KRZFA63756G2,나무크레딧제팔차 20260224-120-6,,20260224,20260624,,KRW,,5000000000,5000000000,104,A1,A1,A1,,,,,
73863,나무크레딧제팔차,KRZFA63757G2,나무크레딧제팔차 20260224-120-7,,20260224,20260624,,KRW,,5000000000,5000000000,104,A1,A1,A1,,,,,
73863,나무크레딧제팔차,KRZFA63758G2,나무크레딧제팔차 20260224-120-8,,20260224,20260624,,KRW,,5000000000,5000000000,104,A1,A1,A1,,,,,
73863,나무크레딧제팔차,KRZFA63759G2,나무크레딧제팔차 20260224-120-9,,20260224,20260624,,KRW,,5000000000,5000000000,104,A1,A1,A1,,,,,
73863,나무크레딧제팔차,KRZFA6375FG2,나무크레딧제팔차 20260224-283-15,,20260224,20261204,,KRW,,349000000,349000000,267,A1,A1,A1,,,,,
72676,디아나제일차,KRZF0129R1G2,디아나제일차 20260224-181-1,N,20260224,20260824,대출채권,KRW,,10000000000,10000000000,165,A1,,A1,,마스턴제93호로지스포인트김포피에프브이주식회사,외부 신용보강,금융기관,메리츠증권
72676,디아나제일차,KRZF0129RAG2,디아나제일차 20260224-181-10,N,20260224,20260824,대출채권,KRW,,5000000000,5000000000,165,A1,,A1,,마스턴제93호로지스포인트김포피에프브이주식회사,외부 신용보강,금융기관,메리츠증권
72676,디아나제일차,KRZF0129RBG2,디아나제일차 20260224-181-11,N,20260224,20260824,대출채권,KRW,,5000000000,5000000000,165,A1,,A1,,마스턴제93호로지스포인트김포피에프브이주식회사,외부 신용보강,금융기관,메리츠증권
72676,디아나제일차,KRZF0129R2G2,디아나제일차 20260224-181-2,N,20260224,20260824,대출채권,KRW,,5000000000,5000000000,165,A1,,A1,,마스턴제93호로지스포인트김포피에프브이주식회사,외부 신용보강,금융기관,메리츠증권
72676,디아나제일차,KRZF0129R3G2,디아나제일차 20260224-181-3,N,20260224,20260824,대출채권,KRW,,5000000000,5000000000,165,A1,,A1,,마스턴제93호로지스포인트김포피에프브이주식회사,외부 신용보강,금융기관,메리츠증권
72676,디아나제일차,KRZF0129R4G2,디아나제일차 20260224-181-4,N,20260224,20260824,대출채권,KRW,,5000000000,5000000000,165,A1,,A1,,마스턴제93호로지스포인트김포피에프브이주식회사,외부 신용보강,금융기관,메리츠증권
72676,디아나제일차,KRZF0129R5G2,디아나제일차 20260224-181-5,N,20260224,20260824,대출채권,KRW,,5000000000,5000000000,165,A1,,A1,,마스턴제93호로지스포인트김포피에프브이주식회사,외부 신용보강,금융기관,메리츠증권
72676,디아나제일차,KRZF0129R6G2,디아나제일차 20260224-181-6,N,20260224,20260824,대출채권,KRW,,5000000000,5000000000,165,A1,,A1,,마스턴제93호로지스포인트김포피에프브이주식회사,외부 신용보강,금융기관,메리츠증권
72676,디아나제일차,KRZF0129R7G2,디아나제일차 20260224-181-7,N,20260224,20260824,대출채권,KRW,,5000000000,5000000000,165,A1,,A1,,마스턴제93호로지스포인트김포피에프브이주식회사,외부 신용보강,금융기관,메리츠증권
72676,디아나제일차,KRZF0129R8G2,디아나제일차 20260224-181-8,N,20260224,20260824,대출채권,KRW,,5000000000,5000000000,165,A1,,A1,,마스턴제93호로지스포인트김포피에프브이주식회사,외부 신용보강,금융기관,메리츠증권
72676,디아나제일차,KRZF0129R9G2,디아나제일차 20260224-181-9,N,20260224,20260824,대출채권,KRW,,5000000000,5000000000,165,A1,,A1,,마스턴제93호로지스포인트김포피에프브이주식회사,외부 신용보강,금융기관,메리츠증권
72675,디온제일차,KRZF0129P1G2,디온제일차 20260224-181-1,N,20260224,20260824,대출채권,KRW,,10000000000,10000000000,165,A1,,A1,,마스턴제93호로지스포인트김포피에프브이주식회사,외부 신용보강,금융기관,메리츠증권
72675,디온제일차,KRZF0129PAG2,디온제일차 20260224-181-10,N,20260224,20260824,대출채권,KRW,,5000000000,5000000000,165,A1,,A1,,마스턴제93호로지스포인트김포피에프브이주식회사,외부 신용보강,금융기관,메리츠증권
72675,디온제일차,KRZF0129PBG2,디온제일차 20260224-181-11,N,20260224,20260824,대출채권,KRW,,5000000000,5000000000,165,A1,,A1,,마스턴제93호로지스포인트김포피에프브이주식회사,외부 신용보강,금융기관,메리츠증권
72675,디온제일차,KRZF0129PCG2,디온제일차 20260224-181-12,N,20260224,20260824,대출채권,KRW,,1500000000,1500000000,165,A1,,A1,,마스턴제93호로지스포인트김포피에프브이주식회사,외부 신용보강,금융기관,메리츠증권
72675,디온제일차,KRZF0129P2G2,디온제일차 20260224-181-2,N,20260224,20260824,대출채권,KRW,,5000000000,5000000000,165,A1,,A1,,마스턴제93호로지스포인트김포피에프브이주식회사,외부 신용보강,금융기관,메리츠증권
72675,디온제일차,KRZF0129P3G2,디온제일차 20260224-181-3,N,20260224,20260824,대출채권,KRW,,5000000000,5000000000,165,A1,,A1,,마스턴제93호로지스포인트김포피에프브이주식회사,외부 신용보강,금융기관,메리츠증권
72675,디온제일차,KRZF0129P4G2,디온제일차 20260224-181-4,N,20260224,20260824,대출채권,KRW,,5000000000,5000000000,165,A1,,A1,,마스턴제93호로지스포인트김포피에프브이주식회사,외부 신용보강,금융기관,메리츠증권
72675,디온제일차,KRZF0129P5G2,디온제일차 20260224-181-5,N,20260224,20260824,대출채권,KRW,,5000000000,5000000000,165,A1,,A1,,마스턴제93호로지스포인트김포피에프브이주식회사,외부 신용보강,금융기관,메리츠증권
72675,디온제일차,KRZF0129P6G2,디온제일차 20260224-181-6,N,20260224,20260824,대출채권,KRW,,5000000000,5000000000,165,A1,,A1,,마스턴제93호로지스포인트김포피에프브이주식회사,외부 신용보강,금융기관,메리츠증권
72675,디온제일차,KRZF0129P7G2,디온제일차 20260224-181-7,N,20260224,20260824,대출채권,KRW,,5000000000,5000000000,165,A1,,A1,,마스턴제93호로지스포인트김포피에프브이주식회사,외부 신용보강,금융기관,메리츠증권
72675,디온제일차,KRZF0129P8G2,디온제일차 20260224-181-8,N,20260224,20260824,대출채권,KRW,,5000000000,5000000000,165,A1,,A1,,마스턴제93호로지스포인트김포피에프브이주식회사,외부 신용보강,금융기관,메리츠증권
72675,디온제일차,KRZF0129P9G2,디온제일차 20260224-181-9,N,20260224,20260824,대출채권,KRW,,5000000000,5000000000,165,A1,,A1,,마스턴제93호로지스포인트김포피에프브이주식회사,외부 신용보강,금융기관,메리츠증권
70564,디케이하나제일차,KRZF0075A1G2,디케이하나제일차 20260224-28-1,N,20260224,20260324,대출채권,KRW,,5000000000,5000000000,12,,A1,A1,,엠디드래곤제일차(주),외부 신용보강,금융기관,하나은행
70564,디케이하나제일차,KRZF0075A1G2,디케이하나제일차 20260224-28-1,N,20260224,20260324,대출채권,KRW,,5000000000,5000000000,12,,A1,A1,,엠디드래곤제일차(주),차환발행위험(유동성 공여형 매입약정),금융기관,하나은행
70564,디케이하나제일차,KRZF0075A2G2,디케이하나제일차 20260224-28-2,N,20260224,20260324,대출채권,KRW,,5000000000,5000000000,12,,A1,A1,,엠디드래곤제일차(주),외부 신용보강,금융기관,하나은행
70564,디케이하나제일차,KRZF0075A2G2,디케이하나제일차 20260224-28-2,N,20260224,20260324,대출채권,KRW,,5000000000,5000000000,12,,A1,A1,,엠디드래곤제일차(주),차환발행위험(유동성 공여형 매입약정),금융기관,하나은행
70564,디케이하나제일차,KRZF0075A3G2,디케이하나제일차 20260224-28-3,N,20260224,20260324,대출채권,KRW,,5000000000,5000000000,12,,A1,A1,,엠디드래곤제일차(주),외부 신용보강,금융기관,하나은행
70564,디케이하나제일차,KRZF0075A3G2,디케이하나제일차 20260224-28-3,N,20260224,20260324,대출채권,KRW,,5000000000,5000000000,12,,A1,A1,,엠디드래곤제일차(주),차환발행위험(유동성 공여형 매입약정),금융기관,하나은행
70564,디케이하나제일차,KRZF0075A4G2,디케이하나제일차 20260224-28-4,N,20260224,20260324,대출채권,KRW,,5000000000,5000000000,12,,A1,A1,,엠디드래곤제일차(주),외부 신용보강,금융기관,하나은행
70564,디케이하나제일차,KRZF0075A4G2,디케이하나제일차 20260224-28-4,N,20260224,20260324,대출채권,KRW,,5000000000,5000000000,12,,A1,A1,,엠디드래곤제일차(주),차환발행위험(유동성 공여형 매입약정),금융기관,하나은행
70564,디케이하나제일차,KRZF0075A5G2,디케이하나제일차 20260224-28-5,N,20260224,20260324,대출채권,KRW,,5000000000,5000000000,12,,A1,A1,,엠디드래곤제일차(주),외부 신용보강,금융기관,하나은행
70564,디케이하나제일차,KRZF0075A5G2,디케이하나제일차 20260224-28-5,N,20260224,20260324,대출채권,KRW,,5000000000,5000000000,12,,A1,A1,,엠디드래곤제일차(주),차환발행위험(유동성 공여형 매입약정),금융기관,하나은행
70564,디케이하나제일차,KRZF0075A6G2,디케이하나제일차 20260224-28-6,N,20260224,20260324,대출채권,KRW,,5000000000,5000000000,12,,A1,A1,,엠디드래곤제일차(주),외부 신용보강,금융기관,하나은행
70564,디케이하나제일차,KRZF0075A6G2,디케이하나제일차 20260224-28-6,N,20260224,20260324,대출채권,KRW,,5000000000,5000000000,12,,A1,A1,,엠디드래곤제일차(주),차환발행위험(유동성 공여형 매입약정),금융기관,하나은행
73856,비케이부산제이차,KRZF0076X1G2,비케이부산제이차 20260224-176-1,,20260224,20260819,,KRW,,5000000000,5000000000,160,A1,,A1,,,,,
73856,비케이부산제이차,KRZF0076XAG2,비케이부산제이차 20260224-176-10,,20260224,20260819,,KRW,,5000000000,5000000000,160,A1,,A1,,,,,
73856,비케이부산제이차,KRZF0076XBG2,비케이부산제이차 20260224-176-11,,20260224,20260819,,KRW,,5000000000,5000000000,160,A1,,A1,,,,,
73856,비케이부산제이차,KRZF0076XCG2,비케이부산제이차 20260224-176-12,,20260224,20260819,,KRW,,5000000000,5000000000,160,A1,,A1,,,,,
73856,비케이부산제이차,KRZF0076XDG2,비케이부산제이차 20260224-176-13,,20260224,20260819,,KRW,,5000000000,5000000000,160,A1,,A1,,,,,
73856,비케이부산제이차,KRZF0076XEG2,비케이부산제이차 20260224-176-14,,20260224,20260819,,KRW,,5000000000,5000000000,160,A1,,A1,,,,,
73856,비케이부산제이차,KRZF0076XFG2,비케이부산제이차 20260224-176-15,,20260224,20260819,,KRW,,5000000000,5000000000,160,A1,,A1,,,,,
73856,비케이부산제이차,KRZF0076XGG2,비케이부산제이차 20260224-176-16,,20260224,20260819,,KRW,,5000000000,5000000000,160,A1,,A1,,,,,
73856,비케이부산제이차,KRZF0076XHG2,비케이부산제이차 20260224-176-17,,20260224,20260819,,KRW,,5000000000,5000000000,160,A1,,A1,,,,,
73856,비케이부산제이차,KRZF0076XJG2,비케이부산제이차 20260224-176-18,,20260224,20260819,,KRW,,5000000000,5000000000,160,A1,,A1,,,,,
73856,비케이부산제이차,KRZF0076XKG2,비케이부산제이차 20260224-176-19,,20260224,20260819,,KRW,,5000000000,5000000000,160,A1,,A1,,,,,
73856,비케이부산제이차,KRZF0076X2G2,비케이부산제이차 20260224-176-2,,20260224,20260819,,KRW,,5000000000,5000000000,160,A1,,A1,,,,,
73856,비케이부산제이차,KRZF0076XLG2,비케이부산제이차 20260224-176-20,,20260224,20260819,,KRW,,5000000000,5000000000,160,A1,,A1,,,,,
73856,비케이부산제이차,KRZF0076XMG2,비케이부산제이차 20260224-176-21,,20260224,20260819,,KRW,,5000000000,5000000000,160,A1,,A1,,,,,
73856,비케이부산제이차,KRZF0076XNG2,비케이부산제이차 20260224-176-22,,20260224,20260819,,KRW,,5000000000,5000000000,160,A1,,A1,,,,,
73856,비케이부산제이차,KRZF0076XPG2,비케이부산제이차 20260224-176-23,,20260224,20260819,,KRW,,5000000000,5000000000,160,A1,,A1,,,,,
73856,비케이부산제이차,KRZF0076XQG2,비케이부산제이차 20260224-176-24,,20260224,20260819,,KRW,,5000000000,5000000000,160,A1,,A1,,,,,
73856,비케이부산제이차,KRZF0076X3G2,비케이부산제이차 20260224-176-3,,20260224,20260819,,KRW,,5000000000,5000000000,160,A1,,A1,,,,,
73856,비케이부산제이차,KRZF0076X4G2,비케이부산제이차 20260224-176-4,,20260224,20260819,,KRW,,5000000000,5000000000,160,A1,,A1,,,,,
73856,비케이부산제이차,KRZF0076X5G2,비케이부산제이차 20260224-176-5,,20260224,20260819,,KRW,,5000000000,5000000000,160,A1,,A1,,,,,
73856,비케이부산제이차,KRZF0076X6G2,비케이부산제이차 20260224-176-6,,20260224,20260819,,KRW,,5000000000,5000000000,160,A1,,A1,,,,,
73856,비케이부산제이차,KRZF0076X7G2,비케이부산제이차 20260224-176-7,,20260224,20260819,,KRW,,5000000000,5000000000,160,A1,,A1,,,,,
73856,비케이부산제이차,KRZF0076X8G2,비케이부산제이차 20260224-176-8,,20260224,20260819,,KRW,,5000000000,5000000000,160,A1,,A1,,,,,
73856,비케이부산제이차,KRZF0076X9G2,비케이부산제이차 20260224-176-9,,20260224,20260819,,KRW,,5000000000,5000000000,160,A1,,A1,,,,,
73856,비케이부산제이차,KRZF0076XRG2,비케이부산제이차 20260224-177-25,,20260224,20260820,,KRW,,5000000000,5000000000,161,A1,,A1,,,,,
73856,비케이부산제이차,KRZF0076XSG2,비케이부산제이차 20260224-177-26,,20260224,20260820,,KRW,,5000000000,5000000000,161,A1,,A1,,,,,
73856,비케이부산제이차,KRZF0076XTG2,비케이부산제이차 20260224-177-27,,20260224,20260820,,KRW,,5000000000,5000000000,161,A1,,A1,,,,,
73856,비케이부산제이차,KRZF0076XVG2,비케이부산제이차 20260224-177-28,,20260224,20260820,,KRW,,5000000000,5000000000,161,A1,,A1,,,,,
73856,비케이부산제이차,KRZF0076XWG2,비케이부산제이차 20260224-177-29,,20260224,20260820,,KRW,,5000000000,5000000000,161,A1,,A1,,,,,
73856,비케이부산제이차,KRZF0076XXG2,비케이부산제이차 20260224-177-30,,20260224,20260820,,KRW,,5000000000,5000000000,161,A1,,A1,,,,,
73856,비케이부산제이차,KRZF0076XYG2,비케이부산제이차 20260224-177-31,,20260224,20260820,,KRW,,5000000000,5000000000,161,A1,,A1,,,,,
73856,비케이부산제이차,KRZF0076XZG2,비케이부산제이차 20260224-177-32,,20260224,20260820,,KRW,,5000000000,5000000000,161,A1,,A1,,,,,
73856,비케이부산제이차,KRZF0076X0GE,비케이부산제이차 20260224-177-33,,20260224,20260820,,KRW,,5000000000,5000000000,161,A1,,A1,,,,,
73856,비케이부산제이차,KRZF0076X1GE,비케이부산제이차 20260224-177-34,,20260224,20260820,,KRW,,5000000000,5000000000,161,A1,,A1,,,,,
73856,비케이부산제이차,KRZF0076X2GE,비케이부산제이차 20260224-177-35,,20260224,20260820,,KRW,,5000000000,5000000000,161,A1,,A1,,,,,
73856,비케이부산제이차,KRZF0076X3GE,비케이부산제이차 20260224-177-36,,20260224,20260820,,KRW,,5000000000,5000000000,161,A1,,A1,,,,,
73856,비케이부산제이차,KRZF0076X4GE,비케이부산제이차 20260224-177-37,,20260224,20260820,,KRW,,5000000000,5000000000,161,A1,,A1,,,,,
73856,비케이부산제이차,KRZF0076X5GE,비케이부산제이차 20260224-177-38,,20260224,20260820,,KRW,,5000000000,5000000000,161,A1,,A1,,,,,
73856,비케이부산제이차,KRZF0076X6GE,비케이부산제이차 20260224-177-39,,20260224,20260820,,KRW,,5000000000,5000000000,161,A1,,A1,,,,,
73856,비케이부산제이차,KRZF0076X7GE,비케이부산제이차 20260224-177-40,,20260224,20260820,,KRW,,5000000000,5000000000,161,A1,,A1,,,,,
73856,비케이부산제이차,KRZF0076X8GE,비케이부산제이차 20260224-177-41,,20260224,20260820,,KRW,,5000000000,5000000000,161,A1,,A1,,,,,
73856,비케이부산제이차,KRZF0076X9GE,비케이부산제이차 20260224-177-42,,20260224,20260820,,KRW,,5000000000,5000000000,161,A1,,A1,,,,,
73856,비케이부산제이차,KRZF0076XAGE,비케이부산제이차 20260224-177-43,,20260224,20260820,,KRW,,5000000000,5000000000,161,A1,,A1,,,,,
73856,비케이부산제이차,KRZF0076XBGE,비케이부산제이차 20260224-177-44,,20260224,20260820,,KRW,,5000000000,5000000000,161,A1,,A1,,,,,
73856,비케이부산제이차,KRZF0076XCGE,비케이부산제이차 20260224-177-45,,20260224,20260820,,KRW,,5000000000,5000000000,161,A1,,A1,,,,,
73856,비케이부산제이차,KRZF0076XDGE,비케이부산제이차 20260224-177-46,,20260224,20260820,,KRW,,5000000000,5000000000,161,A1,,A1,,,,,
73856,비케이부산제이차,KRZF0076XEGE,비케이부산제이차 20260224-177-47,,20260224,20260820,,KRW,,5000000000,5000000000,161,A1,,A1,,,,,
73856,비케이부산제이차,KRZF0076XFGE,비케이부산제이차 20260224-177-48,,20260224,20260820,,KRW,,5000000000,5000000000,161,A1,,A1,,,,,
73856,비케이부산제이차,KRZF0076XGGE,비케이부산제이차 20260224-346-49,,20260224,20270205,,KRW,,520000000,520000000,330,A1,,A1,,,,,
61971,우리케이에프제이차,KRZFA60111G2,우리케이에프제이차 20260224-91-1,N,20260224,20260526,대출채권,KRW,,5000000000,5000000000,75,,A1,A1,,키움에프앤아이 주식회사,금리변동/환율변동,금융기관,우리은행
61971,우리케이에프제이차,KRZFA60112G2,우리케이에프제이차 20260224-91-2,N,20260224,20260526,대출채권,KRW,,5000000000,5000000000,75,,A1,A1,,키움에프앤아이 주식회사,금리변동/환율변동,금융기관,우리은행
61971,우리케이에프제이차,KRZFA60113G2,우리케이에프제이차 20260224-91-3,N,20260224,20260526,대출채권,KRW,,5000000000,5000000000,75,,A1,A1,,키움에프앤아이 주식회사,금리변동/환율변동,금융기관,우리은행
61971,우리케이에프제이차,KRZFA60114G2,우리케이에프제이차 20260224-91-4,N,20260224,20260526,대출채권,KRW,,5000000000,5000000000,75,,A1,A1,,키움에프앤아이 주식회사,금리변동/환율변동,금융기관,우리은행
61971,우리케이에프제이차,KRZFA60115G2,우리케이에프제이차 20260224-91-5,N,20260224,20260526,대출채권,KRW,,5000000000,5000000000,75,,A1,A1,,키움에프앤아이 주식회사,금리변동/환율변동,금융기관,우리은행
61971,우리케이에프제이차,KRZFA60116G2,우리케이에프제이차 20260224-91-6,N,20260224,20260526,대출채권,KRW,,5000000000,5000000000,75,,A1,A1,,키움에프앤아이 주식회사,금리변동/환율변동,금융기관,우리은행
65723,위드문엔제이차,KRZFA84161G2,위드문엔제이차 20260224-91-1,N,20260224,20260526,대출채권,KRW,,5000000000,5000000000,75,A1,,A1,,하림지주,외부 신용보강,공공기관,한국산업은행
65723,위드문엔제이차,KRZFA84162G2,위드문엔제이차 20260224-91-2,N,20260224,20260526,대출채권,KRW,,5000000000,5000000000,75,A1,,A1,,하림지주,외부 신용보강,공공기관,한국산업은행
65723,위드문엔제이차,KRZFA84163G2,위드문엔제이차 20260224-91-3,N,20260224,20260526,대출채권,KRW,,5000000000,5000000000,75,A1,,A1,,하림지주,외부 신용보강,공공기관,한국산업은행
65723,위드문엔제이차,KRZFA84164G2,위드문엔제이차 20260224-91-4,N,20260224,20260526,대출채권,KRW,,5000000000,5000000000,75,A1,,A1,,하림지주,외부 신용보강,공공기관,한국산업은행
65723,위드문엔제이차,KRZFA84165G2,위드문엔제이차 20260224-91-5,N,20260224,20260526,대출채권,KRW,,5000000000,5000000000,75,A1,,A1,,하림지주,외부 신용보강,공공기관,한국산업은행
65723,위드문엔제이차,KRZFA84166G2,위드문엔제이차 20260224-91-6,N,20260224,20260526,대출채권,KRW,,5000000000,5000000000,75,A1,,A1,,하림지주,외부 신용보강,공공기관,한국산업은행
60169,하나마이크론제삼차,KRZFA49941G2,하나마이크론제삼차 20260224-91-1,N,20260224,20260526,대출채권,KRW,,720000000,720000000,75,A1,,A1,,하나마이크론,차환발행위험(유동성 공여형 매입약정),금융기관,신한은행
60169,하나마이크론제삼차,KRZFA49942G2,하나마이크론제삼차 20260224-91-2,N,20260224,20260526,대출채권,KRW,,2000000000,2000000000,75,A1,,A1,,하나마이크론,차환발행위험(유동성 공여형 매입약정),금융기관,신한은행
60169,하나마이크론제삼차,KRZFA49943G2,하나마이크론제삼차 20260224-91-3,N,20260224,20260526,대출채권,KRW,,2000000000,2000000000,75,A1,,A1,,하나마이크론,차환발행위험(유동성 공여형 매입약정),금융기관,신한은행
73864,한솔제오십오차,KRZF0098M1G2,한솔제오십오차 20260224-210-1,N,20260224,20260922,정기예금,KRW,,5000000000,5000000000,194,A1,A1,,,농협은행,자체 신용보강,자체 신용보강,농협은행
73864,한솔제오십오차,KRZF0098MAG2,한솔제오십오차 20260224-210-10,N,20260224,20260922,정기예금,KRW,,5000000000,5000000000,194,A1,A1,,,농협은행,자체 신용보강,자체 신용보강,농협은행
73864,한솔제오십오차,KRZF0098MBG2,한솔제오십오차 20260224-210-11,N,20260224,20260922,정기예금,KRW,,5000000000,5000000000,194,A1,A1,,,농협은행,자체 신용보강,자체 신용보강,농협은행
73864,한솔제오십오차,KRZF0098MCG2,한솔제오십오차 20260224-210-12,N,20260224,20260922,정기예금,KRW,,5000000000,5000000000,194,A1,A1,,,농협은행,자체 신용보강,자체 신용보강,농협은행
73864,한솔제오십오차,KRZF0098MDG2,한솔제오십오차 20260224-210-13,N,20260224,20260922,정기예금,KRW,,5000000000,5000000000,194,A1,A1,,,농협은행,자체 신용보강,자체 신용보강,농협은행
73864,한솔제오십오차,KRZF0098MEG2,한솔제오십오차 20260224-210-14,N,20260224,20260922,정기예금,KRW,,5000000000,5000000000,194,A1,A1,,,농협은행,자체 신용보강,자체 신용보강,농협은행
73864,한솔제오십오차,KRZF0098MFG2,한솔제오십오차 20260224-210-15,N,20260224,20260922,정기예금,KRW,,5000000000,5000000000,194,A1,A1,,,농협은행,자체 신용보강,자체 신용보강,농협은행
73864,한솔제오십오차,KRZF0098MGG2,한솔제오십오차 20260224-210-16,N,20260224,20260922,정기예금,KRW,,5000000000,5000000000,194,A1,A1,,,농협은행,자체 신용보강,자체 신용보강,농협은행
73864,한솔제오십오차,KRZF0098MHG2,한솔제오십오차 20260224-210-17,N,20260224,20260922,정기예금,KRW,,5000000000,5000000000,194,A1,A1,,,농협은행,자체 신용보강,자체 신용보강,농협은행
73864,한솔제오십오차,KRZF0098MJG2,한솔제오십오차 20260224-210-18,N,20260224,20260922,정기예금,KRW,,5000000000,5000000000,194,A1,A1,,,농협은행,자체 신용보강,자체 신용보강,농협은행
73864,한솔제오십오차,KRZF0098MKG2,한솔제오십오차 20260224-210-19,N,20260224,20260922,정기예금,KRW,,5000000000,5000000000,194,A1,A1,,,농협은행,자체 신용보강,자체 신용보강,농협은행
73864,한솔제오십오차,KRZF0098M2G2,한솔제오십오차 20260224-210-2,N,20260224,20260922,정기예금,KRW,,5000000000,5000000000,194,A1,A1,,,농협은행,자체 신용보강,자체 신용보강,농협은행
73864,한솔제오십오차,KRZF0098MLG2,한솔제오십오차 20260224-210-20,N,20260224,20260922,정기예금,KRW,,5000000000,5000000000,194,A1,A1,,,농협은행,자체 신용보강,자체 신용보강,농협은행
73864,한솔제오십오차,KRZF0098MMG2,한솔제오십오차 20260224-210-21,N,20260224,20260922,정기예금,KRW,,5000000000,5000000000,194,A1,A1,,,농협은행,자체 신용보강,자체 신용보강,농협은행
73864,한솔제오십오차,KRZF0098MNG2,한솔제오십오차 20260224-210-22,N,20260224,20260922,정기예금,KRW,,5000000000,5000000000,194,A1,A1,,,농협은행,자체 신용보강,자체 신용보강,농협은행
73864,한솔제오십오차,KRZF0098MPG2,한솔제오십오차 20260224-210-23,N,20260224,20260922,정기예금,KRW,,5000000000,5000000000,194,A1,A1,,,농협은행,자체 신용보강,자체 신용보강,농협은행
73864,한솔제오십오차,KRZF0098MQG2,한솔제오십오차 20260224-210-24,N,20260224,20260922,정기예금,KRW,,5000000000,5000000000,194,A1,A1,,,농협은행,자체 신용보강,자체 신용보강,농협은행
73864,한솔제오십오차,KRZF0098MRG2,한솔제오십오차 20260224-210-25,N,20260224,20260922,정기예금,KRW,,5000000000,5000000000,194,A1,A1,,,농협은행,자체 신용보강,자체 신용보강,농협은행
73864,한솔제오십오차,KRZF0098MSG2,한솔제오십오차 20260224-210-26,N,20260224,20260922,정기예금,KRW,,5000000000,5000000000,194,A1,A1,,,농협은행,자체 신용보강,자체 신용보강,농협은행
73864,한솔제오십오차,KRZF0098MTG2,한솔제오십오차 20260224-210-27,N,20260224,20260922,정기예금,KRW,,5000000000,5000000000,194,A1,A1,,,농협은행,자체 신용보강,자체 신용보강,농협은행
73864,한솔제오십오차,KRZF0098MVG2,한솔제오십오차 20260224-210-28,N,20260224,20260922,정기예금,KRW,,5000000000,5000000000,194,A1,A1,,,농협은행,자체 신용보강,자체 신용보강,농협은행
73864,한솔제오십오차,KRZF0098MWG2,한솔제오십오차 20260224-210-29,N,20260224,20260922,정기예금,KRW,,5000000000,5000000000,194,A1,A1,,,농협은행,자체 신용보강,자체 신용보강,농협은행
73864,한솔제오십오차,KRZF0098M3G2,한솔제오십오차 20260224-210-3,N,20260224,20260922,정기예금,KRW,,5000000000,5000000000,194,A1,A1,,,농협은행,자체 신용보강,자체 신용보강,농협은행
73864,한솔제오십오차,KRZF0098MXG2,한솔제오십오차 20260224-210-30,N,20260224,20260922,정기예금,KRW,,5000000000,5000000000,194,A1,A1,,,농협은행,자체 신용보강,자체 신용보강,농협은행
73864,한솔제오십오차,KRZF0098MYG2,한솔제오십오차 20260224-210-31,N,20260224,20260922,정기예금,KRW,,5000000000,5000000000,194,A1,A1,,,농협은행,자체 신용보강,자체 신용보강,농협은행
73864,한솔제오십오차,KRZF0098MZG2,한솔제오십오차 20260224-210-32,N,20260224,20260922,정기예금,KRW,,5000000000,5000000000,194,A1,A1,,,농협은행,자체 신용보강,자체 신용보강,농협은행
73864,한솔제오십오차,KRZF0098M0GE,한솔제오십오차 20260224-210-33,N,20260224,20260922,정기예금,KRW,,5000000000,5000000000,194,A1,A1,,,농협은행,자체 신용보강,자체 신용보강,농협은행
73864,한솔제오십오차,KRZF0098M1GE,한솔제오십오차 20260224-210-34,N,20260224,20260922,정기예금,KRW,,5000000000,5000000000,194,A1,A1,,,농협은행,자체 신용보강,자체 신용보강,농협은행
73864,한솔제오십오차,KRZF0098M2GE,한솔제오십오차 20260224-210-35,N,20260224,20260922,정기예금,KRW,,5000000000,5000000000,194,A1,A1,,,농협은행,자체 신용보강,자체 신용보강,농협은행
73864,한솔제오십오차,KRZF0098M3GE,한솔제오십오차 20260224-210-36,N,20260224,20260922,정기예금,KRW,,5000000000,5000000000,194,A1,A1,,,농협은행,자체 신용보강,자체 신용보강,농협은행
73864,한솔제오십오차,KRZF0098M4GE,한솔제오십오차 20260224-210-37,N,20260224,20260922,정기예금,KRW,,5000000000,5000000000,194,A1,A1,,,농협은행,자체 신용보강,자체 신용보강,농협은행
73864,한솔제오십오차,KRZF0098M5GE,한솔제오십오차 20260224-210-38,N,20260224,20260922,정기예금,KRW,,5000000000,5000000000,194,A1,A1,,,농협은행,자체 신용보강,자체 신용보강,농협은행
73864,한솔제오십오차,KRZF0098M6GE,한솔제오십오차 20260224-210-39,N,20260224,20260922,정기예금,KRW,,5000000000,5000000000,194,A1,A1,,,농협은행,자체 신용보강,자체 신용보강,농협은행
73864,한솔제오십오차,KRZF0098M4G2,한솔제오십오차 20260224-210-4,N,20260224,20260922,정기예금,KRW,,5000000000,5000000000,194,A1,A1,,,농협은행,자체 신용보강,자체 신용보강,농협은행
73864,한솔제오십오차,KRZF0098M7GE,한솔제오십오차 20260224-210-40,N,20260224,20260922,정기예금,KRW,,5000000000,5000000000,194,A1,A1,,,농협은행,자체 신용보강,자체 신용보강,농협은행
73864,한솔제오십오차,KRZF0098M8GE,한솔제오십오차 20260224-210-41,N,20260224,20260922,정기예금,KRW,,5000000000,5000000000,194,A1,A1,,,농협은행,자체 신용보강,자체 신용보강,농협은행
73864,한솔제오십오차,KRZF0098M9GE,한솔제오십오차 20260224-210-42,N,20260224,20260922,정기예금,KRW,,5000000000,5000000000,194,A1,A1,,,농협은행,자체 신용보강,자체 신용보강,농협은행
73864,한솔제오십오차,KRZF0098MAGE,한솔제오십오차 20260224-210-43,N,20260224,20260922,정기예금,KRW,,5000000000,5000000000,194,A1,A1,,,농협은행,자체 신용보강,자체 신용보강,농협은행
73864,한솔제오십오차,KRZF0098MBGE,한솔제오십오차 20260224-210-44,N,20260224,20260922,정기예금,KRW,,5000000000,5000000000,194,A1,A1,,,농협은행,자체 신용보강,자체 신용보강,농협은행
73864,한솔제오십오차,KRZF0098MCGE,한솔제오십오차 20260224-210-45,N,20260224,20260922,정기예금,KRW,,5000000000,5000000000,194,A1,A1,,,농협은행,자체 신용보강,자체 신용보강,농협은행
73864,한솔제오십오차,KRZF0098MDGE,한솔제오십오차 20260224-210-46,N,20260224,20260922,정기예금,KRW,,5000000000,5000000000,194,A1,A1,,,농협은행,자체 신용보강,자체 신용보강,농협은행
73864,한솔제오십오차,KRZF0098MEGE,한솔제오십오차 20260224-210-47,N,20260224,20260922,정기예금,KRW,,5000000000,5000000000,194,A1,A1,,,농협은행,자체 신용보강,자체 신용보강,농협은행
73864,한솔제오십오차,KRZF0098MFGE,한솔제오십오차 20260224-210-48,N,20260224,20260922,정기예금,KRW,,5000000000,5000000000,194,A1,A1,,,농협은행,자체 신용보강,자체 신용보강,농협은행
73864,한솔제오십오차,KRZF0098M5G2,한솔제오십오차 20260224-210-5,N,20260224,20260922,정기예금,KRW,,5000000000,5000000000,194,A1,A1,,,농협은행,자체 신용보강,자체 신용보강,농협은행
73864,한솔제오십오차,KRZF0098M6G2,한솔제오십오차 20260224-210-6,N,20260224,20260922,정기예금,KRW,,5000000000,5000000000,194,A1,A1,,,농협은행,자체 신용보강,자체 신용보강,농협은행
73864,한솔제오십오차,KRZF0098M7G2,한솔제오십오차 20260224-210-7,N,20260224,20260922,정기예금,KRW,,5000000000,5000000000,194,A1,A1,,,농협은행,자체 신용보강,자체 신용보강,농협은행
73864,한솔제오십오차,KRZF0098M8G2,한솔제오십오차 20260224-210-8,N,20260224,20260922,정기예금,KRW,,5000000000,5000000000,194,A1,A1,,,농협은행,자체 신용보강,자체 신용보강,농협은행
73864,한솔제오십오차,KRZF0098M9G2,한솔제오십오차 20260224-210-9,N,20260224,20260922,정기예금,KRW,,5000000000,5000000000,194,A1,A1,,,농협은행,자체 신용보강,자체 신용보강,농협은행
66776,디에이치글로벌제일차,KRZFA90261G2,디에이치글로벌제일차 20260223-88-1,N,20260223,20260522,대출채권,KRW,,5000000000,5000000000,71,,A1,A1,,디에이치글로벌,외부 신용보강,금융기관,한국산업은행
66776,디에이치글로벌제일차,KRZFA90262G2,디에이치글로벌제일차 20260223-88-2,N,20260223,20260522,대출채권,KRW,,5000000000,5000000000,71,,A1,A1,,디에이치글로벌,외부 신용보강,금융기관,한국산업은행
66776,디에이치글로벌제일차,KRZFA90263G2,디에이치글로벌제일차 20260223-88-3,N,20260223,20260522,대출채권,KRW,,5000000000,5000000000,71,,A1,A1,,디에이치글로벌,외부 신용보강,금융기관,한국산업은행
66776,디에이치글로벌제일차,KRZFA90264G2,디에이치글로벌제일차 20260223-88-4,N,20260223,20260522,대출채권,KRW,,5000000000,5000000000,71,,A1,A1,,디에이치글로벌,외부 신용보강,금융기관,한국산업은행
66776,디에이치글로벌제일차,KRZFA90265G2,디에이치글로벌제일차 20260223-88-5,N,20260223,20260522,대출채권,KRW,,5000000000,5000000000,71,,A1,A1,,디에이치글로벌,외부 신용보강,금융기관,한국산업은행
66776,디에이치글로벌제일차,KRZFA90266G2,디에이치글로벌제일차 20260223-88-6,N,20260223,20260522,대출채권,KRW,,5000000000,5000000000,71,,A1,A1,,디에이치글로벌,외부 신용보강,금융기관,한국산업은행
55867,리치게이트원당,KRZFA15901G2,리치게이트원당 20260223-28-1,Y,20260223,20260323,PF대출채권,KRW,,572000000,572000000,11,,A1,A1,,원당1구역주택재개발정비사업조합,외부 신용보강,금융기관,신한은행
55867,리치게이트원당,KRZFA15901G2,리치게이트원당 20260223-28-1,Y,20260223,20260323,PF대출채권,KRW,,572000000,572000000,11,,A1,A1,,원당1구역주택재개발정비사업조합,차환발행위험(유동성 공여형 매입약정),금융기관,신한은행
55867,리치게이트원당,KRZFA15902G2,리치게이트원당 20260223-28-2,Y,20260223,20260323,PF대출채권,KRW,,687225,687225,11,,A1,A1,,원당1구역주택재개발정비사업조합,외부 신용보강,금융기관,신한은행
55867,리치게이트원당,KRZFA15902G2,리치게이트원당 20260223-28-2,Y,20260223,20260323,PF대출채권,KRW,,687225,687225,11,,A1,A1,,원당1구역주택재개발정비사업조합,차환발행위험(유동성 공여형 매입약정),금융기관,신한은행
55867,리치게이트원당,KRZFA15903G2,리치게이트원당 20260223-28-3,Y,20260223,20260323,PF대출채권,KRW,,1488986784,1488986784,11,,A1,A1,,원당1구역주택재개발정비사업조합,외부 신용보강,금융기관,신한은행
55867,리치게이트원당,KRZFA15903G2,리치게이트원당 20260223-28-3,Y,20260223,20260323,PF대출채권,KRW,,1488986784,1488986784,11,,A1,A1,,원당1구역주택재개발정비사업조합,차환발행위험(유동성 공여형 매입약정),금융기관,신한은행
55867,리치게이트원당,KRZFA15904G2,리치게이트원당 20260223-28-4,Y,20260223,20260323,PF대출채권,KRW,,538325991,538325991,11,,A1,A1,,원당1구역주택재개발정비사업조합,외부 신용보강,금융기관,신한은행
55867,리치게이트원당,KRZFA15904G2,리치게이트원당 20260223-28-4,Y,20260223,20260323,PF대출채권,KRW,,538325991,538325991,11,,A1,A1,,원당1구역주택재개발정비사업조합,차환발행위험(유동성 공여형 매입약정),금융기관,신한은행
73834,비케이히어로즈제일차,KRZF0049W1G2,비케이히어로즈제일차 20260223-87-1,N,20260223,20260521,회사채,KRW,,5000000000,5000000000,70,A2-,,A2-,,키움캐피탈,자체 신용보강,자체 신용보강,키움캐피탈
73834,비케이히어로즈제일차,KRZF0049W2G2,비케이히어로즈제일차 20260223-87-2,N,20260223,20260521,회사채,KRW,,5000000000,5000000000,70,A2-,,A2-,,키움캐피탈,자체 신용보강,자체 신용보강,키움캐피탈
73834,비케이히어로즈제일차,KRZF0049W3G2,비케이히어로즈제일차 20260223-87-3,N,20260223,20260521,회사채,KRW,,5000000000,5000000000,70,A2-,,A2-,,키움캐피탈,자체 신용보강,자체 신용보강,키움캐피탈
73834,비케이히어로즈제일차,KRZF0049W4G2,비케이히어로즈제일차 20260223-87-4,N,20260223,20260521,회사채,KRW,,5000000000,5000000000,70,A2-,,A2-,,키움캐피탈,자체 신용보강,자체 신용보강,키움캐피탈
63974,슈프림제이십육차유동화전문,KRZFA73171G2,슈프림제이십육차유동화전문 20260223-87-1,N,20260223,20260521,매출채권,KRW,,10000000000,10000000000,70,A1,,A1,,롯데카드,외부 신용보강,금융기관,농협은행
63974,슈프림제이십육차유동화전문,KRZFA73171G2,슈프림제이십육차유동화전문 20260223-87-1,N,20260223,20260521,매출채권,KRW,,10000000000,10000000000,70,A1,,A1,,롯데카드,차환발행위험(유동성 공여형 매입약정),금융기관,농협은행
63974,슈프림제이십육차유동화전문,KRZFA7317AG2,슈프림제이십육차유동화전문 20260223-87-10,N,20260223,20260521,매출채권,KRW,,5000000000,5000000000,70,A1,,A1,,롯데카드,외부 신용보강,금융기관,농협은행
63974,슈프림제이십육차유동화전문,KRZFA7317AG2,슈프림제이십육차유동화전문 20260223-87-10,N,20260223,20260521,매출채권,KRW,,5000000000,5000000000,70,A1,,A1,,롯데카드,차환발행위험(유동성 공여형 매입약정),금융기관,농협은행
63974,슈프림제이십육차유동화전문,KRZFA7317BG2,슈프림제이십육차유동화전문 20260223-87-11,N,20260223,20260521,매출채권,KRW,,5000000000,5000000000,70,A1,,A1,,롯데카드,외부 신용보강,금융기관,농협은행
63974,슈프림제이십육차유동화전문,KRZFA7317BG2,슈프림제이십육차유동화전문 20260223-87-11,N,20260223,20260521,매출채권,KRW,,5000000000,5000000000,70,A1,,A1,,롯데카드,차환발행위험(유동성 공여형 매입약정),금융기관,농협은행
63974,슈프림제이십육차유동화전문,KRZFA7317CG2,슈프림제이십육차유동화전문 20260223-87-12,N,20260223,20260521,매출채권,KRW,,5000000000,5000000000,70,A1,,A1,,롯데카드,외부 신용보강,금융기관,농협은행
63974,슈프림제이십육차유동화전문,KRZFA7317CG2,슈프림제이십육차유동화전문 20260223-87-12,N,20260223,20260521,매출채권,KRW,,5000000000,5000000000,70,A1,,A1,,롯데카드,차환발행위험(유동성 공여형 매입약정),금융기관,농협은행
63974,슈프림제이십육차유동화전문,KRZFA7317DG2,슈프림제이십육차유동화전문 20260223-87-13,N,20260223,20260521,매출채권,KRW,,5000000000,5000000000,70,A1,,A1,,롯데카드,외부 신용보강,금융기관,농협은행
63974,슈프림제이십육차유동화전문,KRZFA7317DG2,슈프림제이십육차유동화전문 20260223-87-13,N,20260223,20260521,매출채권,KRW,,5000000000,5000000000,70,A1,,A1,,롯데카드,차환발행위험(유동성 공여형 매입약정),금융기관,농협은행
63974,슈프림제이십육차유동화전문,KRZFA7317EG2,슈프림제이십육차유동화전문 20260223-87-14,N,20260223,20260521,매출채권,KRW,,5000000000,5000000000,70,A1,,A1,,롯데카드,외부 신용보강,금융기관,농협은행
63974,슈프림제이십육차유동화전문,KRZFA7317EG2,슈프림제이십육차유동화전문 20260223-87-14,N,20260223,20260521,매출채권,KRW,,5000000000,5000000000,70,A1,,A1,,롯데카드,차환발행위험(유동성 공여형 매입약정),금융기관,농협은행
63974,슈프림제이십육차유동화전문,KRZFA7317FG2,슈프림제이십육차유동화전문 20260223-87-15,N,20260223,20260521,매출채권,KRW,,4000000000,4000000000,70,A1,,A1,,롯데카드,외부 신용보강,금융기관,농협은행
63974,슈프림제이십육차유동화전문,KRZFA7317FG2,슈프림제이십육차유동화전문 20260223-87-15,N,20260223,20260521,매출채권,KRW,,4000000000,4000000000,70,A1,,A1,,롯데카드,차환발행위험(유동성 공여형 매입약정),금융기관,농협은행
63974,슈프림제이십육차유동화전문,KRZFA7317GG2,슈프림제이십육차유동화전문 20260223-87-16,N,20260223,20260521,매출채권,KRW,,3000000000,3000000000,70,A1,,A1,,롯데카드,외부 신용보강,금융기관,농협은행
63974,슈프림제이십육차유동화전문,KRZFA7317GG2,슈프림제이십육차유동화전문 20260223-87-16,N,20260223,20260521,매출채권,KRW,,3000000000,3000000000,70,A1,,A1,,롯데카드,차환발행위험(유동성 공여형 매입약정),금융기관,농협은행
63974,슈프림제이십육차유동화전문,KRZFA7317HG2,슈프림제이십육차유동화전문 20260223-87-17,N,20260223,20260521,매출채권,KRW,,3000000000,3000000000,70,A1,,A1,,롯데카드,외부 신용보강,금융기관,농협은행
63974,슈프림제이십육차유동화전문,KRZFA7317HG2,슈프림제이십육차유동화전문 20260223-87-17,N,20260223,20260521,매출채권,KRW,,3000000000,3000000000,70,A1,,A1,,롯데카드,차환발행위험(유동성 공여형 매입약정),금융기관,농협은행
63974,슈프림제이십육차유동화전문,KRZFA73172G2,슈프림제이십육차유동화전문 20260223-87-2,N,20260223,20260521,매출채권,KRW,,10000000000,10000000000,70,A1,,A1,,롯데카드,외부 신용보강,금융기관,농협은행
63974,슈프림제이십육차유동화전문,KRZFA73172G2,슈프림제이십육차유동화전문 20260223-87-2,N,20260223,20260521,매출채권,KRW,,10000000000,10000000000,70,A1,,A1,,롯데카드,차환발행위험(유동성 공여형 매입약정),금융기관,농협은행
63974,슈프림제이십육차유동화전문,KRZFA73173G2,슈프림제이십육차유동화전문 20260223-87-3,N,20260223,20260521,매출채권,KRW,,10000000000,10000000000,70,A1,,A1,,롯데카드,외부 신용보강,금융기관,농협은행
63974,슈프림제이십육차유동화전문,KRZFA73173G2,슈프림제이십육차유동화전문 20260223-87-3,N,20260223,20260521,매출채권,KRW,,10000000000,10000000000,70,A1,,A1,,롯데카드,차환발행위험(유동성 공여형 매입약정),금융기관,농협은행
63974,슈프림제이십육차유동화전문,KRZFA73174G2,슈프림제이십육차유동화전문 20260223-87-4,N,20260223,20260521,매출채권,KRW,,10000000000,10000000000,70,A1,,A1,,롯데카드,외부 신용보강,금융기관,농협은행
63974,슈프림제이십육차유동화전문,KRZFA73174G2,슈프림제이십육차유동화전문 20260223-87-4,N,20260223,20260521,매출채권,KRW,,10000000000,10000000000,70,A1,,A1,,롯데카드,차환발행위험(유동성 공여형 매입약정),금융기관,농협은행
63974,슈프림제이십육차유동화전문,KRZFA73175G2,슈프림제이십육차유동화전문 20260223-87-5,N,20260223,20260521,매출채권,KRW,,5000000000,5000000000,70,A1,,A1,,롯데카드,외부 신용보강,금융기관,농협은행
63974,슈프림제이십육차유동화전문,KRZFA73175G2,슈프림제이십육차유동화전문 20260223-87-5,N,20260223,20260521,매출채권,KRW,,5000000000,5000000000,70,A1,,A1,,롯데카드,차환발행위험(유동성 공여형 매입약정),금융기관,농협은행
63974,슈프림제이십육차유동화전문,KRZFA73176G2,슈프림제이십육차유동화전문 20260223-87-6,N,20260223,20260521,매출채권,KRW,,5000000000,5000000000,70,A1,,A1,,롯데카드,외부 신용보강,금융기관,농협은행
63974,슈프림제이십육차유동화전문,KRZFA73176G2,슈프림제이십육차유동화전문 20260223-87-6,N,20260223,20260521,매출채권,KRW,,5000000000,5000000000,70,A1,,A1,,롯데카드,차환발행위험(유동성 공여형 매입약정),금융기관,농협은행
63974,슈프림제이십육차유동화전문,KRZFA73177G2,슈프림제이십육차유동화전문 20260223-87-7,N,20260223,20260521,매출채권,KRW,,5000000000,5000000000,70,A1,,A1,,롯데카드,외부 신용보강,금융기관,농협은행
63974,슈프림제이십육차유동화전문,KRZFA73177G2,슈프림제이십육차유동화전문 20260223-87-7,N,20260223,20260521,매출채권,KRW,,5000000000,5000000000,70,A1,,A1,,롯데카드,차환발행위험(유동성 공여형 매입약정),금융기관,농협은행
63974,슈프림제이십육차유동화전문,KRZFA73178G2,슈프림제이십육차유동화전문 20260223-87-8,N,20260223,20260521,매출채권,KRW,,5000000000,5000000000,70,A1,,A1,,롯데카드,외부 신용보강,금융기관,농협은행
63974,슈프림제이십육차유동화전문,KRZFA73178G2,슈프림제이십육차유동화전문 20260223-87-8,N,20260223,20260521,매출채권,KRW,,5000000000,5000000000,70,A1,,A1,,롯데카드,차환발행위험(유동성 공여형 매입약정),금융기관,농협은행
63974,슈프림제이십육차유동화전문,KRZFA73179G2,슈프림제이십육차유동화전문 20260223-87-9,N,20260223,20260521,매출채권,KRW,,5000000000,5000000000,70,A1,,A1,,롯데카드,외부 신용보강,금융기관,농협은행
63974,슈프림제이십육차유동화전문,KRZFA73179G2,슈프림제이십육차유동화전문 20260223-87-9,N,20260223,20260521,매출채권,KRW,,5000000000,5000000000,70,A1,,A1,,롯데카드,차환발행위험(유동성 공여형 매입약정),금융기관,농협은행
63912,아이에스유제이차,KRZFA72931G2,아이에스유제이차 20260223-87-1,N,20260223,20260521,대출채권,KRW,,5000000000,5000000000,70,A1,A1,,,이수화학,외부 신용보강,금융기관,한국산업은행
63912,아이에스유제이차,KRZFA72932G2,아이에스유제이차 20260223-87-2,N,20260223,20260521,대출채권,KRW,,3625000000,3625000000,70,A1,A1,,,이수화학,외부 신용보강,금융기관,한국산업은행
73854,에스프로젝트디에빌,KRZF0166V1G2,에스프로젝트디에빌 20260223-92-1,N,20260223,20260526,대출채권,KRW,,5000000000,5000000000,75,,A1,,,두산에너빌리티(주),차환발행위험(유동성 공여형 매입약정),금융기관,신한은행
73854,에스프로젝트디에빌,KRZF0166VAG2,에스프로젝트디에빌 20260223-92-10,N,20260223,20260526,대출채권,KRW,,5000000000,5000000000,75,,A1,,,두산에너빌리티(주),차환발행위험(유동성 공여형 매입약정),금융기관,신한은행
73854,에스프로젝트디에빌,KRZF0166VBG2,에스프로젝트디에빌 20260223-92-11,N,20260223,20260526,대출채권,KRW,,5000000000,5000000000,75,,A1,,,두산에너빌리티(주),차환발행위험(유동성 공여형 매입약정),금융기관,신한은행
73854,에스프로젝트디에빌,KRZF0166VCG2,에스프로젝트디에빌 20260223-92-12,N,20260223,20260526,대출채권,KRW,,5000000000,5000000000,75,,A1,,,두산에너빌리티(주),차환발행위험(유동성 공여형 매입약정),금융기관,신한은행
73854,에스프로젝트디에빌,KRZF0166VDG2,에스프로젝트디에빌 20260223-92-13,N,20260223,20260526,대출채권,KRW,,5000000000,5000000000,75,,A1,,,두산에너빌리티(주),차환발행위험(유동성 공여형 매입약정),금융기관,신한은행
73854,에스프로젝트디에빌,KRZF0166VEG2,에스프로젝트디에빌 20260223-92-14,N,20260223,20260526,대출채권,KRW,,5000000000,5000000000,75,,A1,,,두산에너빌리티(주),차환발행위험(유동성 공여형 매입약정),금융기관,신한은행
73854,에스프로젝트디에빌,KRZF0166VFG2,에스프로젝트디에빌 20260223-92-15,N,20260223,20260526,대출채권,KRW,,5000000000,5000000000,75,,A1,,,두산에너빌리티(주),차환발행위험(유동성 공여형 매입약정),금융기관,신한은행
73854,에스프로젝트디에빌,KRZF0166VGG2,에스프로젝트디에빌 20260223-92-16,N,20260223,20260526,대출채권,KRW,,5000000000,5000000000,75,,A1,,,두산에너빌리티(주),차환발행위험(유동성 공여형 매입약정),금융기관,신한은행
73854,에스프로젝트디에빌,KRZF0166V2G2,에스프로젝트디에빌 20260223-92-2,N,20260223,20260526,대출채권,KRW,,5000000000,5000000000,75,,A1,,,두산에너빌리티(주),차환발행위험(유동성 공여형 매입약정),금융기관,신한은행
73854,에스프로젝트디에빌,KRZF0166V3G2,에스프로젝트디에빌 20260223-92-3,N,20260223,20260526,대출채권,KRW,,5000000000,5000000000,75,,A1,,,두산에너빌리티(주),차환발행위험(유동성 공여형 매입약정),금융기관,신한은행
73854,에스프로젝트디에빌,KRZF0166V4G2,에스프로젝트디에빌 20260223-92-4,N,20260223,20260526,대출채권,KRW,,5000000000,5000000000,75,,A1,,,두산에너빌리티(주),차환발행위험(유동성 공여형 매입약정),금융기관,신한은행
73854,에스프로젝트디에빌,KRZF0166V5G2,에스프로젝트디에빌 20260223-92-5,N,20260223,20260526,대출채권,KRW,,5000000000,5000000000,75,,A1,,,두산에너빌리티(주),차환발행위험(유동성 공여형 매입약정),금융기관,신한은행
73854,에스프로젝트디에빌,KRZF0166V6G2,에스프로젝트디에빌 20260223-92-6,N,20260223,20260526,대출채권,KRW,,5000000000,5000000000,75,,A1,,,두산에너빌리티(주),차환발행위험(유동성 공여형 매입약정),금융기관,신한은행
73854,에스프로젝트디에빌,KRZF0166V7G2,에스프로젝트디에빌 20260223-92-7,N,20260223,20260526,대출채권,KRW,,5000000000,5000000000,75,,A1,,,두산에너빌리티(주),차환발행위험(유동성 공여형 매입약정),금융기관,신한은행
73854,에스프로젝트디에빌,KRZF0166V8G2,에스프로젝트디에빌 20260223-92-8,N,20260223,20260526,대출채권,KRW,,5000000000,5000000000,75,,A1,,,두산에너빌리티(주),차환발행위험(유동성 공여형 매입약정),금융기관,신한은행
73854,에스프로젝트디에빌,KRZF0166V9G2,에스프로젝트디에빌 20260223-92-9,N,20260223,20260526,대출채권,KRW,,5000000000,5000000000,75,,A1,,,두산에너빌리티(주),차환발행위험(유동성 공여형 매입약정),금융기관,신한은행
73833,에이치씨원큐제이차,KRZFA53421G2,에이치씨원큐제이차 20260223-14-1,N,20260223,20260309,대출채권,KRW,,5000000000,5000000000,0,A1,A1,,,에이치디현대케미칼(주),차환발행위험(유동성 공여형 매입약정),금융기관,하나은행
73833,에이치씨원큐제이차,KRZFA5342AG2,에이치씨원큐제이차 20260223-14-10,N,20260223,20260309,대출채권,KRW,,5000000000,5000000000,0,A1,A1,,,에이치디현대케미칼(주),차환발행위험(유동성 공여형 매입약정),금융기관,하나은행
73833,에이치씨원큐제이차,KRZFA5342BG2,에이치씨원큐제이차 20260223-14-11,N,20260223,20260309,대출채권,KRW,,5000000000,5000000000,0,A1,A1,,,에이치디현대케미칼(주),차환발행위험(유동성 공여형 매입약정),금융기관,하나은행
73833,에이치씨원큐제이차,KRZFA5342CG2,에이치씨원큐제이차 20260223-14-12,N,20260223,20260309,대출채권,KRW,,5000000000,5000000000,0,A1,A1,,,에이치디현대케미칼(주),차환발행위험(유동성 공여형 매입약정),금융기관,하나은행
73833,에이치씨원큐제이차,KRZFA5342DG2,에이치씨원큐제이차 20260223-14-13,N,20260223,20260309,대출채권,KRW,,5000000000,5000000000,0,A1,A1,,,에이치디현대케미칼(주),차환발행위험(유동성 공여형 매입약정),금융기관,하나은행
73833,에이치씨원큐제이차,KRZFA5342EG2,에이치씨원큐제이차 20260223-14-14,N,20260223,20260309,대출채권,KRW,,5000000000,5000000000,0,A1,A1,,,에이치디현대케미칼(주),차환발행위험(유동성 공여형 매입약정),금융기관,하나은행
73833,에이치씨원큐제이차,KRZFA5342FG2,에이치씨원큐제이차 20260223-14-15,N,20260223,20260309,대출채권,KRW,,5000000000,5000000000,0,A1,A1,,,에이치디현대케미칼(주),차환발행위험(유동성 공여형 매입약정),금융기관,하나은행
73833,에이치씨원큐제이차,KRZFA5342GG2,에이치씨원큐제이차 20260223-14-16,N,20260223,20260309,대출채권,KRW,,5000000000,5000000000,0,A1,A1,,,에이치디현대케미칼(주),차환발행위험(유동성 공여형 매입약정),금융기관,하나은행
73833,에이치씨원큐제이차,KRZFA5342HG2,에이치씨원큐제이차 20260223-14-17,N,20260223,20260309,대출채권,KRW,,5000000000,5000000000,0,A1,A1,,,에이치디현대케미칼(주),차환발행위험(유동성 공여형 매입약정),금융기관,하나은행
73833,에이치씨원큐제이차,KRZFA5342JG2,에이치씨원큐제이차 20260223-14-18,N,20260223,20260309,대출채권,KRW,,5000000000,5000000000,0,A1,A1,,,에이치디현대케미칼(주),차환발행위험(유동성 공여형 매입약정),금융기관,하나은행
73833,에이치씨원큐제이차,KRZFA5342KG2,에이치씨원큐제이차 20260223-14-19,N,20260223,20260309,대출채권,KRW,,5000000000,5000000000,0,A1,A1,,,에이치디현대케미칼(주),차환발행위험(유동성 공여형 매입약정),금융기관,하나은행
73833,에이치씨원큐제이차,KRZFA53422G2,에이치씨원큐제이차 20260223-14-2,N,20260223,20260309,대출채권,KRW,,5000000000,5000000000,0,A1,A1,,,에이치디현대케미칼(주),차환발행위험(유동성 공여형 매입약정),금융기관,하나은행
73833,에이치씨원큐제이차,KRZFA5342LG2,에이치씨원큐제이차 20260223-14-20,N,20260223,20260309,대출채권,KRW,,5000000000,5000000000,0,A1,A1,,,에이치디현대케미칼(주),차환발행위험(유동성 공여형 매입약정),금융기관,하나은행
73833,에이치씨원큐제이차,KRZFA53423G2,에이치씨원큐제이차 20260223-14-3,N,20260223,20260309,대출채권,KRW,,5000000000,5000000000,0,A1,A1,,,에이치디현대케미칼(주),차환발행위험(유동성 공여형 매입약정),금융기관,하나은행
73833,에이치씨원큐제이차,KRZFA53424G2,에이치씨원큐제이차 20260223-14-4,N,20260223,20260309,대출채권,KRW,,5000000000,5000000000,0,A1,A1,,,에이치디현대케미칼(주),차환발행위험(유동성 공여형 매입약정),금융기관,하나은행
73833,에이치씨원큐제이차,KRZFA53425G2,에이치씨원큐제이차 20260223-14-5,N,20260223,20260309,대출채권,KRW,,5000000000,5000000000,0,A1,A1,,,에이치디현대케미칼(주),차환발행위험(유동성 공여형 매입약정),금융기관,하나은행
73833,에이치씨원큐제이차,KRZFA53426G2,에이치씨원큐제이차 20260223-14-6,N,20260223,20260309,대출채권,KRW,,5000000000,5000000000,0,A1,A1,,,에이치디현대케미칼(주),차환발행위험(유동성 공여형 매입약정),금융기관,하나은행
73833,에이치씨원큐제이차,KRZFA53427G2,에이치씨원큐제이차 20260223-14-7,N,20260223,20260309,대출채권,KRW,,5000000000,5000000000,0,A1,A1,,,에이치디현대케미칼(주),차환발행위험(유동성 공여형 매입약정),금융기관,하나은행
73833,에이치씨원큐제이차,KRZFA53428G2,에이치씨원큐제이차 20260223-14-8,N,20260223,20260309,대출채권,KRW,,5000000000,5000000000,0,A1,A1,,,에이치디현대케미칼(주),차환발행위험(유동성 공여형 매입약정),금융기관,하나은행
73833,에이치씨원큐제이차,KRZFA53429G2,에이치씨원큐제이차 20260223-14-9,N,20260223,20260309,대출채권,KRW,,5000000000,5000000000,0,A1,A1,,,에이치디현대케미칼(주),차환발행위험(유동성 공여형 매입약정),금융기관,하나은행
73825,제일글로리제4차,KRZF0153CAG2,제일글로리제4차 20260223-304-10,,20260223,20261224,,KRW,,5000000000,5000000000,287,,A1,A1,,,,,
73825,제일글로리제4차,KRZF0153CBG2,제일글로리제4차 20260223-304-11,,20260223,20261224,,KRW,,5000000000,5000000000,287,,A1,A1,,,,,
73825,제일글로리제4차,KRZF0153CCG2,제일글로리제4차 20260223-304-12,,20260223,20261224,,KRW,,5000000000,5000000000,287,,A1,A1,,,,,
73825,제일글로리제4차,KRZF0153CDG2,제일글로리제4차 20260223-304-13,,20260223,20261224,,KRW,,5000000000,5000000000,287,,A1,A1,,,,,
73825,제일글로리제4차,KRZF0153CEG2,제일글로리제4차 20260223-304-14,,20260223,20261224,,KRW,,5000000000,5000000000,287,,A1,A1,,,,,
73825,제일글로리제4차,KRZF0153CFG2,제일글로리제4차 20260223-304-15,,20260223,20261224,,KRW,,5000000000,5000000000,287,,A1,A1,,,,,
73825,제일글로리제4차,KRZF0153CGG2,제일글로리제4차 20260223-304-16,,20260223,20261224,,KRW,,5000000000,5000000000,287,,A1,A1,,,,,
73825,제일글로리제4차,KRZF0153CHG2,제일글로리제4차 20260223-304-17,,20260223,20261224,,KRW,,5000000000,5000000000,287,,A1,A1,,,,,
73825,제일글로리제4차,KRZF0153CJG2,제일글로리제4차 20260223-304-18,,20260223,20261224,,KRW,,5000000000,5000000000,287,,A1,A1,,,,,
73825,제일글로리제4차,KRZF0153CKG2,제일글로리제4차 20260223-304-19,,20260223,20261224,,KRW,,5000000000,5000000000,287,,A1,A1,,,,,
73825,제일글로리제4차,KRZF0153CLG2,제일글로리제4차 20260223-304-20,,20260223,20261224,,KRW,,5000000000,5000000000,287,,A1,A1,,,,,
73825,제일글로리제4차,KRZF0153CMG2,제일글로리제4차 20260223-304-21,,20260223,20261224,,KRW,,5000000000,5000000000,287,,A1,A1,,,,,
73825,제일글로리제4차,KRZF0153CNG2,제일글로리제4차 20260223-304-22,,20260223,20261224,,KRW,,5000000000,5000000000,287,,A1,A1,,,,,
73825,제일글로리제4차,KRZF0153CPG2,제일글로리제4차 20260223-304-23,,20260223,20261224,,KRW,,5000000000,5000000000,287,,A1,A1,,,,,
73825,제일글로리제4차,KRZF0153CQG2,제일글로리제4차 20260223-304-24,,20260223,20261224,,KRW,,5000000000,5000000000,287,,A1,A1,,,,,
73825,제일글로리제4차,KRZF0153CRG2,제일글로리제4차 20260223-304-25,,20260223,20261224,,KRW,,5000000000,5000000000,287,,A1,A1,,,,,
73825,제일글로리제4차,KRZF0153CSG2,제일글로리제4차 20260223-304-26,,20260223,20261224,,KRW,,5000000000,5000000000,287,,A1,A1,,,,,
73825,제일글로리제4차,KRZF0153CTG2,제일글로리제4차 20260223-304-27,,20260223,20261224,,KRW,,5000000000,5000000000,287,,A1,A1,,,,,
73825,제일글로리제4차,KRZF0153CVG2,제일글로리제4차 20260223-304-28,,20260223,20261224,,KRW,,5000000000,5000000000,287,,A1,A1,,,,,
73825,제일글로리제4차,KRZF0153CWG2,제일글로리제4차 20260223-304-29,,20260223,20261224,,KRW,,5000000000,5000000000,287,,A1,A1,,,,,
73825,제일글로리제4차,KRZF0153CXG2,제일글로리제4차 20260223-364-30,,20260223,20270222,,KRW,,5000000000,5000000000,347,,A1,A1,,,,,
73825,제일글로리제4차,KRZF0153CYG2,제일글로리제4차 20260223-364-31,,20260223,20270222,,KRW,,5000000000,5000000000,347,,A1,A1,,,,,
73825,제일글로리제4차,KRZF0153CZG2,제일글로리제4차 20260223-364-32,,20260223,20270222,,KRW,,5000000000,5000000000,347,,A1,A1,,,,,
73825,제일글로리제4차,KRZF0153C0GE,제일글로리제4차 20260223-364-33,,20260223,20270222,,KRW,,5000000000,5000000000,347,,A1,A1,,,,,
73825,제일글로리제4차,KRZF0153C1GE,제일글로리제4차 20260223-364-34,,20260223,20270222,,KRW,,5000000000,5000000000,347,,A1,A1,,,,,
73825,제일글로리제4차,KRZF0153C2GE,제일글로리제4차 20260223-364-35,,20260223,20270222,,KRW,,5000000000,5000000000,347,,A1,A1,,,,,
73825,제일글로리제4차,KRZF0153C3GE,제일글로리제4차 20260223-364-36,,20260223,20270222,,KRW,,5000000000,5000000000,347,,A1,A1,,,,,
73825,제일글로리제4차,KRZF0153C4GE,제일글로리제4차 20260223-364-37,,20260223,20270222,,KRW,,5000000000,5000000000,347,,A1,A1,,,,,
73825,제일글로리제4차,KRZF0153C5GE,제일글로리제4차 20260223-364-38,,20260223,20270222,,KRW,,5000000000,5000000000,347,,A1,A1,,,,,
73825,제일글로리제4차,KRZF0153C6GE,제일글로리제4차 20260223-364-39,,20260223,20270222,,KRW,,5000000000,5000000000,347,,A1,A1,,,,,
73825,제일글로리제4차,KRZF0153C7GE,제일글로리제4차 20260223-364-40,,20260223,20270222,,KRW,,5000000000,5000000000,347,,A1,A1,,,,,
73825,제일글로리제4차,KRZF0153C8GE,제일글로리제4차 20260223-364-41,,20260223,20270222,,KRW,,5000000000,5000000000,347,,A1,A1,,,,,
73825,제일글로리제4차,KRZF0153C9GE,제일글로리제4차 20260223-364-42,,20260223,20270222,,KRW,,5000000000,5000000000,347,,A1,A1,,,,,
73825,제일글로리제4차,KRZF0153CAGE,제일글로리제4차 20260223-364-43,,20260223,20270222,,KRW,,5000000000,5000000000,347,,A1,A1,,,,,
73825,제일글로리제4차,KRZF0153CBGE,제일글로리제4차 20260223-364-44,,20260223,20270222,,KRW,,5000000000,5000000000,347,,A1,A1,,,,,
73825,제일글로리제4차,KRZF0153CCGE,제일글로리제4차 20260223-364-45,,20260223,20270222,,KRW,,5000000000,5000000000,347,,A1,A1,,,,,
73825,제일글로리제4차,KRZF0153CDGE,제일글로리제4차 20260223-364-46,,20260223,20270222,,KRW,,5000000000,5000000000,347,,A1,A1,,,,,
73825,제일글로리제4차,KRZF0153CEGE,제일글로리제4차 20260223-364-47,,20260223,20270222,,KRW,,5000000000,5000000000,347,,A1,A1,,,,,
73825,제일글로리제4차,KRZF0153CFGE,제일글로리제4차 20260223-364-48,,20260223,20270222,,KRW,,5000000000,5000000000,347,,A1,A1,,,,,
73825,제일글로리제4차,KRZF0153CGGE,제일글로리제4차 20260223-364-49,,20260223,20270222,,KRW,,5000000000,5000000000,347,,A1,A1,,,,,
73825,제일글로리제4차,KRZF0153CHGE,제일글로리제4차 20260223-364-50,,20260223,20270222,,KRW,,5000000000,5000000000,347,,A1,A1,,,,,
73825,제일글로리제4차,KRZF0153CJGE,제일글로리제4차 20260223-364-51,,20260223,20270222,,KRW,,5000000000,5000000000,347,,A1,A1,,,,,
73825,제일글로리제4차,KRZF0153CKGE,제일글로리제4차 20260223-364-52,,20260223,20270222,,KRW,,5000000000,5000000000,347,,A1,A1,,,,,
73825,제일글로리제4차,KRZF0153CLGE,제일글로리제4차 20260223-364-53,,20260223,20270222,,KRW,,5000000000,5000000000,347,,A1,A1,,,,,
73825,제일글로리제4차,KRZF0153CMGE,제일글로리제4차 20260223-364-54,,20260223,20270222,,KRW,,5000000000,5000000000,347,,A1,A1,,,,,
73825,제일글로리제4차,KRZF0153CNGE,제일글로리제4차 20260223-364-55,,20260223,20270222,,KRW,,5000000000,5000000000,347,,A1,A1,,,,,
73825,제일글로리제4차,KRZF0153CPGE,제일글로리제4차 20260223-364-56,,20260223,20270222,,KRW,,5000000000,5000000000,347,,A1,A1,,,,,
73825,제일글로리제4차,KRZF0153CQGE,제일글로리제4차 20260223-364-57,,20260223,20270222,,KRW,,5000000000,5000000000,347,,A1,A1,,,,,
73825,제일글로리제4차,KRZF0153CRGE,제일글로리제4차 20260223-364-58,,20260223,20270222,,KRW,,5000000000,5000000000,347,,A1,A1,,,,,
73168,케이비개포오단지제일차,KRZF0151R1G2,케이비개포오단지제일차 20260223-28-1,Y,20260223,20260323,PF대출채권,KRW,,10000000000,10000000000,11,A1,,A1,,개포주공5단지아파트 재건축정비사업조합,차환발행위험(유동성 공여형 매입약정),공공기관,주택도시보증공사
73168,케이비개포오단지제일차,KRZF0151R1G2,케이비개포오단지제일차 20260223-28-1,Y,20260223,20260323,PF대출채권,KRW,,10000000000,10000000000,11,A1,,A1,,개포주공5단지아파트 재건축정비사업조합,차환발행위험(유동성 공여형 매입약정),금융기관,국민은행
73168,케이비개포오단지제일차,KRZF0151R2G2,케이비개포오단지제일차 20260223-28-2,Y,20260223,20260323,PF대출채권,KRW,,10000000000,10000000000,11,A1,,A1,,개포주공5단지아파트 재건축정비사업조합,차환발행위험(유동성 공여형 매입약정),공공기관,주택도시보증공사
73168,케이비개포오단지제일차,KRZF0151R2G2,케이비개포오단지제일차 20260223-28-2,Y,20260223,20260323,PF대출채권,KRW,,10000000000,10000000000,11,A1,,A1,,개포주공5단지아파트 재건축정비사업조합,차환발행위험(유동성 공여형 매입약정),금융기관,국민은행
73168,케이비개포오단지제일차,KRZF0151R3G2,케이비개포오단지제일차 20260223-28-3,Y,20260223,20260323,PF대출채권,KRW,,7700000000,7700000000,11,A1,,A1,,개포주공5단지아파트 재건축정비사업조합,차환발행위험(유동성 공여형 매입약정),공공기관,주택도시보증공사
73168,케이비개포오단지제일차,KRZF0151R3G2,케이비개포오단지제일차 20260223-28-3,Y,20260223,20260323,PF대출채권,KRW,,7700000000,7700000000,11,A1,,A1,,개포주공5단지아파트 재건축정비사업조합,차환발행위험(유동성 공여형 매입약정),금융기관,국민은행
73168,케이비개포오단지제일차,KRZF0151R4G2,케이비개포오단지제일차 20260223-28-4,Y,20260223,20260323,PF대출채권,KRW,,5000000000,5000000000,11,A1,,A1,,개포주공5단지아파트 재건축정비사업조합,차환발행위험(유동성 공여형 매입약정),공공기관,주택도시보증공사
73168,케이비개포오단지제일차,KRZF0151R4G2,케이비개포오단지제일차 20260223-28-4,Y,20260223,20260323,PF대출채권,KRW,,5000000000,5000000000,11,A1,,A1,,개포주공5단지아파트 재건축정비사업조합,차환발행위험(유동성 공여형 매입약정),금융기관,국민은행
