플랜번호,발행인,종목코드,종목명,PF여부,발행일,만기일,기초자산,통화,환율,발행금액,원화환산발행금액,잔존일물,한국신용평가,한국기업평가,NICE신용평가,서울신용평가,실질자금조달자,신용보강 유형,신용보강기관 유형,신용보강기관
74043,국민행복제4차,KRZFA76291G3,국민행복제4차 20260306-125-1,N,20260306,20260709,정기예금,KRW,,5000000000,5000000000,78,A1,A1,,,국민은행,자체 신용보강,자체 신용보강,국민은행
74043,국민행복제4차,KRZFA7629AG3,국민행복제4차 20260306-125-10,N,20260306,20260709,정기예금,KRW,,5000000000,5000000000,78,A1,A1,,,국민은행,자체 신용보강,자체 신용보강,국민은행
74043,국민행복제4차,KRZFA7629BG3,국민행복제4차 20260306-125-11,N,20260306,20260709,정기예금,KRW,,5000000000,5000000000,78,A1,A1,,,국민은행,자체 신용보강,자체 신용보강,국민은행
74043,국민행복제4차,KRZFA7629CG3,국민행복제4차 20260306-125-12,N,20260306,20260709,정기예금,KRW,,5000000000,5000000000,78,A1,A1,,,국민은행,자체 신용보강,자체 신용보강,국민은행
74043,국민행복제4차,KRZFA7629DG3,국민행복제4차 20260306-125-13,N,20260306,20260709,정기예금,KRW,,5000000000,5000000000,78,A1,A1,,,국민은행,자체 신용보강,자체 신용보강,국민은행
74043,국민행복제4차,KRZFA7629EG3,국민행복제4차 20260306-125-14,N,20260306,20260709,정기예금,KRW,,5000000000,5000000000,78,A1,A1,,,국민은행,자체 신용보강,자체 신용보강,국민은행
74043,국민행복제4차,KRZFA7629FG3,국민행복제4차 20260306-125-15,N,20260306,20260709,정기예금,KRW,,5000000000,5000000000,78,A1,A1,,,국민은행,자체 신용보강,자체 신용보강,국민은행
74043,국민행복제4차,KRZFA7629GG3,국민행복제4차 20260306-125-16,N,20260306,20260709,정기예금,KRW,,5000000000,5000000000,78,A1,A1,,,국민은행,자체 신용보강,자체 신용보강,국민은행
74043,국민행복제4차,KRZFA7629HG3,국민행복제4차 20260306-125-17,N,20260306,20260709,정기예금,KRW,,5000000000,5000000000,78,A1,A1,,,국민은행,자체 신용보강,자체 신용보강,국민은행
74043,국민행복제4차,KRZFA7629JG3,국민행복제4차 20260306-125-18,N,20260306,20260709,정기예금,KRW,,5000000000,5000000000,78,A1,A1,,,국민은행,자체 신용보강,자체 신용보강,국민은행
74043,국민행복제4차,KRZFA7629KG3,국민행복제4차 20260306-125-19,N,20260306,20260709,정기예금,KRW,,5000000000,5000000000,78,A1,A1,,,국민은행,자체 신용보강,자체 신용보강,국민은행
74043,국민행복제4차,KRZFA76292G3,국민행복제4차 20260306-125-2,N,20260306,20260709,정기예금,KRW,,5000000000,5000000000,78,A1,A1,,,국민은행,자체 신용보강,자체 신용보강,국민은행
74043,국민행복제4차,KRZFA7629LG3,국민행복제4차 20260306-125-20,N,20260306,20260709,정기예금,KRW,,5000000000,5000000000,78,A1,A1,,,국민은행,자체 신용보강,자체 신용보강,국민은행
74043,국민행복제4차,KRZFA7629MG3,국민행복제4차 20260306-125-21,N,20260306,20260709,정기예금,KRW,,5000000000,5000000000,78,A1,A1,,,국민은행,자체 신용보강,자체 신용보강,국민은행
74043,국민행복제4차,KRZFA7629NG3,국민행복제4차 20260306-125-22,N,20260306,20260709,정기예금,KRW,,5000000000,5000000000,78,A1,A1,,,국민은행,자체 신용보강,자체 신용보강,국민은행
74043,국민행복제4차,KRZFA7629PG3,국민행복제4차 20260306-125-23,N,20260306,20260709,정기예금,KRW,,5000000000,5000000000,78,A1,A1,,,국민은행,자체 신용보강,자체 신용보강,국민은행
74043,국민행복제4차,KRZFA7629QG3,국민행복제4차 20260306-125-24,N,20260306,20260709,정기예금,KRW,,5000000000,5000000000,78,A1,A1,,,국민은행,자체 신용보강,자체 신용보강,국민은행
74043,국민행복제4차,KRZFA7629RG3,국민행복제4차 20260306-125-25,N,20260306,20260709,정기예금,KRW,,5000000000,5000000000,78,A1,A1,,,국민은행,자체 신용보강,자체 신용보강,국민은행
74043,국민행복제4차,KRZFA7629SG3,국민행복제4차 20260306-125-26,N,20260306,20260709,정기예금,KRW,,5000000000,5000000000,78,A1,A1,,,국민은행,자체 신용보강,자체 신용보강,국민은행
74043,국민행복제4차,KRZFA7629TG3,국민행복제4차 20260306-125-27,N,20260306,20260709,정기예금,KRW,,5000000000,5000000000,78,A1,A1,,,국민은행,자체 신용보강,자체 신용보강,국민은행
74043,국민행복제4차,KRZFA7629VG3,국민행복제4차 20260306-125-28,N,20260306,20260709,정기예금,KRW,,5000000000,5000000000,78,A1,A1,,,국민은행,자체 신용보강,자체 신용보강,국민은행
74043,국민행복제4차,KRZFA7629WG3,국민행복제4차 20260306-125-29,N,20260306,20260709,정기예금,KRW,,5000000000,5000000000,78,A1,A1,,,국민은행,자체 신용보강,자체 신용보강,국민은행
74043,국민행복제4차,KRZFA76293G3,국민행복제4차 20260306-125-3,N,20260306,20260709,정기예금,KRW,,5000000000,5000000000,78,A1,A1,,,국민은행,자체 신용보강,자체 신용보강,국민은행
74043,국민행복제4차,KRZFA7629XG3,국민행복제4차 20260306-125-30,N,20260306,20260709,정기예금,KRW,,5000000000,5000000000,78,A1,A1,,,국민은행,자체 신용보강,자체 신용보강,국민은행
74043,국민행복제4차,KRZFA7629YG3,국민행복제4차 20260306-125-31,N,20260306,20260709,정기예금,KRW,,5000000000,5000000000,78,A1,A1,,,국민은행,자체 신용보강,자체 신용보강,국민은행
74043,국민행복제4차,KRZFA7629ZG3,국민행복제4차 20260306-125-32,N,20260306,20260709,정기예금,KRW,,5000000000,5000000000,78,A1,A1,,,국민은행,자체 신용보강,자체 신용보강,국민은행
74043,국민행복제4차,KRZFA76290GF,국민행복제4차 20260306-125-33,N,20260306,20260709,정기예금,KRW,,5000000000,5000000000,78,A1,A1,,,국민은행,자체 신용보강,자체 신용보강,국민은행
74043,국민행복제4차,KRZFA76291GF,국민행복제4차 20260306-125-34,N,20260306,20260709,정기예금,KRW,,5000000000,5000000000,78,A1,A1,,,국민은행,자체 신용보강,자체 신용보강,국민은행
74043,국민행복제4차,KRZFA76292GF,국민행복제4차 20260306-125-35,N,20260306,20260709,정기예금,KRW,,5000000000,5000000000,78,A1,A1,,,국민은행,자체 신용보강,자체 신용보강,국민은행
74043,국민행복제4차,KRZFA76293GF,국민행복제4차 20260306-125-36,N,20260306,20260709,정기예금,KRW,,5000000000,5000000000,78,A1,A1,,,국민은행,자체 신용보강,자체 신용보강,국민은행
74043,국민행복제4차,KRZFA76294GF,국민행복제4차 20260306-125-37,N,20260306,20260709,정기예금,KRW,,5000000000,5000000000,78,A1,A1,,,국민은행,자체 신용보강,자체 신용보강,국민은행
74043,국민행복제4차,KRZFA76295GF,국민행복제4차 20260306-125-38,N,20260306,20260709,정기예금,KRW,,5000000000,5000000000,78,A1,A1,,,국민은행,자체 신용보강,자체 신용보강,국민은행
74043,국민행복제4차,KRZFA76296GF,국민행복제4차 20260306-125-39,N,20260306,20260709,정기예금,KRW,,5000000000,5000000000,78,A1,A1,,,국민은행,자체 신용보강,자체 신용보강,국민은행
74043,국민행복제4차,KRZFA76294G3,국민행복제4차 20260306-125-4,N,20260306,20260709,정기예금,KRW,,5000000000,5000000000,78,A1,A1,,,국민은행,자체 신용보강,자체 신용보강,국민은행
74043,국민행복제4차,KRZFA76297GF,국민행복제4차 20260306-125-40,N,20260306,20260709,정기예금,KRW,,5000000000,5000000000,78,A1,A1,,,국민은행,자체 신용보강,자체 신용보강,국민은행
74043,국민행복제4차,KRZFA76298GF,국민행복제4차 20260306-125-41,N,20260306,20260709,정기예금,KRW,,5000000000,5000000000,78,A1,A1,,,국민은행,자체 신용보강,자체 신용보강,국민은행
74043,국민행복제4차,KRZFA76299GF,국민행복제4차 20260306-125-42,N,20260306,20260709,정기예금,KRW,,5000000000,5000000000,78,A1,A1,,,국민은행,자체 신용보강,자체 신용보강,국민은행
74043,국민행복제4차,KRZFA7629AGF,국민행복제4차 20260306-125-43,N,20260306,20260709,정기예금,KRW,,5000000000,5000000000,78,A1,A1,,,국민은행,자체 신용보강,자체 신용보강,국민은행
74043,국민행복제4차,KRZFA7629BGF,국민행복제4차 20260306-125-44,N,20260306,20260709,정기예금,KRW,,5000000000,5000000000,78,A1,A1,,,국민은행,자체 신용보강,자체 신용보강,국민은행
74043,국민행복제4차,KRZFA7629CGF,국민행복제4차 20260306-125-45,N,20260306,20260709,정기예금,KRW,,5000000000,5000000000,78,A1,A1,,,국민은행,자체 신용보강,자체 신용보강,국민은행
74043,국민행복제4차,KRZFA7629DGF,국민행복제4차 20260306-125-46,N,20260306,20260709,정기예금,KRW,,5000000000,5000000000,78,A1,A1,,,국민은행,자체 신용보강,자체 신용보강,국민은행
74043,국민행복제4차,KRZFA7629EGF,국민행복제4차 20260306-125-47,N,20260306,20260709,정기예금,KRW,,5000000000,5000000000,78,A1,A1,,,국민은행,자체 신용보강,자체 신용보강,국민은행
74043,국민행복제4차,KRZFA7629FGF,국민행복제4차 20260306-125-48,N,20260306,20260709,정기예금,KRW,,5000000000,5000000000,78,A1,A1,,,국민은행,자체 신용보강,자체 신용보강,국민은행
74043,국민행복제4차,KRZFA76295G3,국민행복제4차 20260306-125-5,N,20260306,20260709,정기예금,KRW,,5000000000,5000000000,78,A1,A1,,,국민은행,자체 신용보강,자체 신용보강,국민은행
74043,국민행복제4차,KRZFA76296G3,국민행복제4차 20260306-125-6,N,20260306,20260709,정기예금,KRW,,5000000000,5000000000,78,A1,A1,,,국민은행,자체 신용보강,자체 신용보강,국민은행
74043,국민행복제4차,KRZFA76297G3,국민행복제4차 20260306-125-7,N,20260306,20260709,정기예금,KRW,,5000000000,5000000000,78,A1,A1,,,국민은행,자체 신용보강,자체 신용보강,국민은행
74043,국민행복제4차,KRZFA76298G3,국민행복제4차 20260306-125-8,N,20260306,20260709,정기예금,KRW,,5000000000,5000000000,78,A1,A1,,,국민은행,자체 신용보강,자체 신용보강,국민은행
74043,국민행복제4차,KRZFA76299G3,국민행복제4차 20260306-125-9,N,20260306,20260709,정기예금,KRW,,5000000000,5000000000,78,A1,A1,,,국민은행,자체 신용보강,자체 신용보강,국민은행
74043,국민행복제4차,KRZFA7629GGF,국민행복제4차 20260306-320-49,N,20260306,20270120,정기예금,KRW,,363000000,363000000,273,A1,A1,,,국민은행,자체 신용보강,자체 신용보강,국민은행
74042,농협사랑제3차,KRZFA49081G3,농협사랑제3차 20260306-284-1,N,20260306,20261215,정기예금,KRW,,5000000000,5000000000,237,A1,A1,,,농협은행,자체 신용보강,자체 신용보강,농협은행
74042,농협사랑제3차,KRZFA4908AG3,농협사랑제3차 20260306-284-10,N,20260306,20261215,정기예금,KRW,,5000000000,5000000000,237,A1,A1,,,농협은행,자체 신용보강,자체 신용보강,농협은행
74042,농협사랑제3차,KRZFA4908BG3,농협사랑제3차 20260306-284-11,N,20260306,20261215,정기예금,KRW,,5000000000,5000000000,237,A1,A1,,,농협은행,자체 신용보강,자체 신용보강,농협은행
74042,농협사랑제3차,KRZFA4908CG3,농협사랑제3차 20260306-284-12,N,20260306,20261215,정기예금,KRW,,5000000000,5000000000,237,A1,A1,,,농협은행,자체 신용보강,자체 신용보강,농협은행
74042,농협사랑제3차,KRZFA4908DG3,농협사랑제3차 20260306-284-13,N,20260306,20261215,정기예금,KRW,,5000000000,5000000000,237,A1,A1,,,농협은행,자체 신용보강,자체 신용보강,농협은행
74042,농협사랑제3차,KRZFA4908EG3,농협사랑제3차 20260306-284-14,N,20260306,20261215,정기예금,KRW,,5000000000,5000000000,237,A1,A1,,,농협은행,자체 신용보강,자체 신용보강,농협은행
74042,농협사랑제3차,KRZFA4908FG3,농협사랑제3차 20260306-284-15,N,20260306,20261215,정기예금,KRW,,5000000000,5000000000,237,A1,A1,,,농협은행,자체 신용보강,자체 신용보강,농협은행
74042,농협사랑제3차,KRZFA4908GG3,농협사랑제3차 20260306-284-16,N,20260306,20261215,정기예금,KRW,,5000000000,5000000000,237,A1,A1,,,농협은행,자체 신용보강,자체 신용보강,농협은행
74042,농협사랑제3차,KRZFA4908HG3,농협사랑제3차 20260306-284-17,N,20260306,20261215,정기예금,KRW,,5000000000,5000000000,237,A1,A1,,,농협은행,자체 신용보강,자체 신용보강,농협은행
74042,농협사랑제3차,KRZFA4908JG3,농협사랑제3차 20260306-284-18,N,20260306,20261215,정기예금,KRW,,5000000000,5000000000,237,A1,A1,,,농협은행,자체 신용보강,자체 신용보강,농협은행
74042,농협사랑제3차,KRZFA4908KG3,농협사랑제3차 20260306-284-19,N,20260306,20261215,정기예금,KRW,,5000000000,5000000000,237,A1,A1,,,농협은행,자체 신용보강,자체 신용보강,농협은행
74042,농협사랑제3차,KRZFA49082G3,농협사랑제3차 20260306-284-2,N,20260306,20261215,정기예금,KRW,,5000000000,5000000000,237,A1,A1,,,농협은행,자체 신용보강,자체 신용보강,농협은행
74042,농협사랑제3차,KRZFA4908LG3,농협사랑제3차 20260306-284-20,N,20260306,20261215,정기예금,KRW,,5000000000,5000000000,237,A1,A1,,,농협은행,자체 신용보강,자체 신용보강,농협은행
74042,농협사랑제3차,KRZFA4908MG3,농협사랑제3차 20260306-284-21,N,20260306,20261215,정기예금,KRW,,5000000000,5000000000,237,A1,A1,,,농협은행,자체 신용보강,자체 신용보강,농협은행
74042,농협사랑제3차,KRZFA4908NG3,농협사랑제3차 20260306-284-22,N,20260306,20261215,정기예금,KRW,,5000000000,5000000000,237,A1,A1,,,농협은행,자체 신용보강,자체 신용보강,농협은행
74042,농협사랑제3차,KRZFA4908PG3,농협사랑제3차 20260306-284-23,N,20260306,20261215,정기예금,KRW,,5000000000,5000000000,237,A1,A1,,,농협은행,자체 신용보강,자체 신용보강,농협은행
74042,농협사랑제3차,KRZFA4908QG3,농협사랑제3차 20260306-284-24,N,20260306,20261215,정기예금,KRW,,5000000000,5000000000,237,A1,A1,,,농협은행,자체 신용보강,자체 신용보강,농협은행
74042,농협사랑제3차,KRZFA4908RG3,농협사랑제3차 20260306-284-25,N,20260306,20261215,정기예금,KRW,,5000000000,5000000000,237,A1,A1,,,농협은행,자체 신용보강,자체 신용보강,농협은행
74042,농협사랑제3차,KRZFA4908SG3,농협사랑제3차 20260306-284-26,N,20260306,20261215,정기예금,KRW,,5000000000,5000000000,237,A1,A1,,,농협은행,자체 신용보강,자체 신용보강,농협은행
74042,농협사랑제3차,KRZFA4908TG3,농협사랑제3차 20260306-284-27,N,20260306,20261215,정기예금,KRW,,5000000000,5000000000,237,A1,A1,,,농협은행,자체 신용보강,자체 신용보강,농협은행
74042,농협사랑제3차,KRZFA4908VG3,농협사랑제3차 20260306-284-28,N,20260306,20261215,정기예금,KRW,,5000000000,5000000000,237,A1,A1,,,농협은행,자체 신용보강,자체 신용보강,농협은행
74042,농협사랑제3차,KRZFA4908WG3,농협사랑제3차 20260306-284-29,N,20260306,20261215,정기예금,KRW,,5000000000,5000000000,237,A1,A1,,,농협은행,자체 신용보강,자체 신용보강,농협은행
74042,농협사랑제3차,KRZFA49083G3,농협사랑제3차 20260306-284-3,N,20260306,20261215,정기예금,KRW,,5000000000,5000000000,237,A1,A1,,,농협은행,자체 신용보강,자체 신용보강,농협은행
74042,농협사랑제3차,KRZFA4908XG3,농협사랑제3차 20260306-284-30,N,20260306,20261215,정기예금,KRW,,5000000000,5000000000,237,A1,A1,,,농협은행,자체 신용보강,자체 신용보강,농협은행
74042,농협사랑제3차,KRZFA4908YG3,농협사랑제3차 20260306-284-31,N,20260306,20261215,정기예금,KRW,,5000000000,5000000000,237,A1,A1,,,농협은행,자체 신용보강,자체 신용보강,농협은행
74042,농협사랑제3차,KRZFA4908ZG3,농협사랑제3차 20260306-284-32,N,20260306,20261215,정기예금,KRW,,5000000000,5000000000,237,A1,A1,,,농협은행,자체 신용보강,자체 신용보강,농협은행
74042,농협사랑제3차,KRZFA49080GF,농협사랑제3차 20260306-284-33,N,20260306,20261215,정기예금,KRW,,5000000000,5000000000,237,A1,A1,,,농협은행,자체 신용보강,자체 신용보강,농협은행
74042,농협사랑제3차,KRZFA49081GF,농협사랑제3차 20260306-284-34,N,20260306,20261215,정기예금,KRW,,5000000000,5000000000,237,A1,A1,,,농협은행,자체 신용보강,자체 신용보강,농협은행
74042,농협사랑제3차,KRZFA49082GF,농협사랑제3차 20260306-284-35,N,20260306,20261215,정기예금,KRW,,5000000000,5000000000,237,A1,A1,,,농협은행,자체 신용보강,자체 신용보강,농협은행
74042,농협사랑제3차,KRZFA49083GF,농협사랑제3차 20260306-284-36,N,20260306,20261215,정기예금,KRW,,5000000000,5000000000,237,A1,A1,,,농협은행,자체 신용보강,자체 신용보강,농협은행
74042,농협사랑제3차,KRZFA49084GF,농협사랑제3차 20260306-284-37,N,20260306,20261215,정기예금,KRW,,5000000000,5000000000,237,A1,A1,,,농협은행,자체 신용보강,자체 신용보강,농협은행
74042,농협사랑제3차,KRZFA49085GF,농협사랑제3차 20260306-284-38,N,20260306,20261215,정기예금,KRW,,5000000000,5000000000,237,A1,A1,,,농협은행,자체 신용보강,자체 신용보강,농협은행
74042,농협사랑제3차,KRZFA49086GF,농협사랑제3차 20260306-284-39,N,20260306,20261215,정기예금,KRW,,5000000000,5000000000,237,A1,A1,,,농협은행,자체 신용보강,자체 신용보강,농협은행
74042,농협사랑제3차,KRZFA49084G3,농협사랑제3차 20260306-284-4,N,20260306,20261215,정기예금,KRW,,5000000000,5000000000,237,A1,A1,,,농협은행,자체 신용보강,자체 신용보강,농협은행
74042,농협사랑제3차,KRZFA49087GF,농협사랑제3차 20260306-284-40,N,20260306,20261215,정기예금,KRW,,5000000000,5000000000,237,A1,A1,,,농협은행,자체 신용보강,자체 신용보강,농협은행
74042,농협사랑제3차,KRZFA49088GF,농협사랑제3차 20260306-284-41,N,20260306,20261215,정기예금,KRW,,5000000000,5000000000,237,A1,A1,,,농협은행,자체 신용보강,자체 신용보강,농협은행
74042,농협사랑제3차,KRZFA49089GF,농협사랑제3차 20260306-284-42,N,20260306,20261215,정기예금,KRW,,5000000000,5000000000,237,A1,A1,,,농협은행,자체 신용보강,자체 신용보강,농협은행
74042,농협사랑제3차,KRZFA4908AGF,농협사랑제3차 20260306-284-43,N,20260306,20261215,정기예금,KRW,,5000000000,5000000000,237,A1,A1,,,농협은행,자체 신용보강,자체 신용보강,농협은행
74042,농협사랑제3차,KRZFA4908BGF,농협사랑제3차 20260306-284-44,N,20260306,20261215,정기예금,KRW,,5000000000,5000000000,237,A1,A1,,,농협은행,자체 신용보강,자체 신용보강,농협은행
74042,농협사랑제3차,KRZFA4908CGF,농협사랑제3차 20260306-284-45,N,20260306,20261215,정기예금,KRW,,5000000000,5000000000,237,A1,A1,,,농협은행,자체 신용보강,자체 신용보강,농협은행
74042,농협사랑제3차,KRZFA4908DGF,농협사랑제3차 20260306-284-46,N,20260306,20261215,정기예금,KRW,,5000000000,5000000000,237,A1,A1,,,농협은행,자체 신용보강,자체 신용보강,농협은행
74042,농협사랑제3차,KRZFA4908EGF,농협사랑제3차 20260306-284-47,N,20260306,20261215,정기예금,KRW,,5000000000,5000000000,237,A1,A1,,,농협은행,자체 신용보강,자체 신용보강,농협은행
74042,농협사랑제3차,KRZFA4908FGF,농협사랑제3차 20260306-284-48,N,20260306,20261215,정기예금,KRW,,5000000000,5000000000,237,A1,A1,,,농협은행,자체 신용보강,자체 신용보강,농협은행
74042,농협사랑제3차,KRZFA4908GGF,농협사랑제3차 20260306-284-49,N,20260306,20261215,정기예금,KRW,,5000000000,5000000000,237,A1,A1,,,농협은행,자체 신용보강,자체 신용보강,농협은행
74042,농협사랑제3차,KRZFA49085G3,농협사랑제3차 20260306-284-5,N,20260306,20261215,정기예금,KRW,,5000000000,5000000000,237,A1,A1,,,농협은행,자체 신용보강,자체 신용보강,농협은행
74042,농협사랑제3차,KRZFA49086G3,농협사랑제3차 20260306-284-6,N,20260306,20261215,정기예금,KRW,,5000000000,5000000000,237,A1,A1,,,농협은행,자체 신용보강,자체 신용보강,농협은행
74042,농협사랑제3차,KRZFA49087G3,농협사랑제3차 20260306-284-7,N,20260306,20261215,정기예금,KRW,,5000000000,5000000000,237,A1,A1,,,농협은행,자체 신용보강,자체 신용보강,농협은행
74042,농협사랑제3차,KRZFA49088G3,농협사랑제3차 20260306-284-8,N,20260306,20261215,정기예금,KRW,,5000000000,5000000000,237,A1,A1,,,농협은행,자체 신용보강,자체 신용보강,농협은행
74042,농협사랑제3차,KRZFA49089G3,농협사랑제3차 20260306-284-9,N,20260306,20261215,정기예금,KRW,,5000000000,5000000000,237,A1,A1,,,농협은행,자체 신용보강,자체 신용보강,농협은행
69095,에스프로젝트에이케이,KRZF0026J1G3,에스프로젝트에이케이 20260306-94-1,N,20260306,20260608,대출채권,KRW,,5000000000,5000000000,47,A1,,A1,,하나은행,외부 신용보강,금융기관,신한은행
69095,에스프로젝트에이케이,KRZF0026JAG3,에스프로젝트에이케이 20260306-94-10,N,20260306,20260608,대출채권,KRW,,3000000000,3000000000,47,A1,,A1,,하나은행,외부 신용보강,금융기관,신한은행
69095,에스프로젝트에이케이,KRZF0026JBG3,에스프로젝트에이케이 20260306-94-11,N,20260306,20260608,대출채권,KRW,,2000000000,2000000000,47,A1,,A1,,하나은행,외부 신용보강,금융기관,신한은행
69095,에스프로젝트에이케이,KRZF0026JCG3,에스프로젝트에이케이 20260306-94-12,N,20260306,20260608,대출채권,KRW,,2000000000,2000000000,47,A1,,A1,,하나은행,외부 신용보강,금융기관,신한은행
69095,에스프로젝트에이케이,KRZF0026JDG3,에스프로젝트에이케이 20260306-94-13,N,20260306,20260608,대출채권,KRW,,2000000000,2000000000,47,A1,,A1,,하나은행,외부 신용보강,금융기관,신한은행
69095,에스프로젝트에이케이,KRZF0026JEG3,에스프로젝트에이케이 20260306-94-14,N,20260306,20260608,대출채권,KRW,,2000000000,2000000000,47,A1,,A1,,하나은행,외부 신용보강,금융기관,신한은행
69095,에스프로젝트에이케이,KRZF0026JFG3,에스프로젝트에이케이 20260306-94-15,N,20260306,20260608,대출채권,KRW,,1000000000,1000000000,47,A1,,A1,,하나은행,외부 신용보강,금융기관,신한은행
69095,에스프로젝트에이케이,KRZF0026JGG3,에스프로젝트에이케이 20260306-94-16,N,20260306,20260608,대출채권,KRW,,1000000000,1000000000,47,A1,,A1,,하나은행,외부 신용보강,금융기관,신한은행
69095,에스프로젝트에이케이,KRZF0026JHG3,에스프로젝트에이케이 20260306-94-17,N,20260306,20260608,대출채권,KRW,,1000000000,1000000000,47,A1,,A1,,하나은행,외부 신용보강,금융기관,신한은행
69095,에스프로젝트에이케이,KRZF0026JJG3,에스프로젝트에이케이 20260306-94-18,N,20260306,20260608,대출채권,KRW,,1000000000,1000000000,47,A1,,A1,,하나은행,외부 신용보강,금융기관,신한은행
69095,에스프로젝트에이케이,KRZF0026JKG3,에스프로젝트에이케이 20260306-94-19,N,20260306,20260608,대출채권,KRW,,1000000000,1000000000,47,A1,,A1,,하나은행,외부 신용보강,금융기관,신한은행
69095,에스프로젝트에이케이,KRZF0026J2G3,에스프로젝트에이케이 20260306-94-2,N,20260306,20260608,대출채권,KRW,,5000000000,5000000000,47,A1,,A1,,하나은행,외부 신용보강,금융기관,신한은행
69095,에스프로젝트에이케이,KRZF0026JLG3,에스프로젝트에이케이 20260306-94-20,N,20260306,20260608,대출채권,KRW,,1000000000,1000000000,47,A1,,A1,,하나은행,외부 신용보강,금융기관,신한은행
69095,에스프로젝트에이케이,KRZF0026JMG3,에스프로젝트에이케이 20260306-94-21,N,20260306,20260608,대출채권,KRW,,1000000000,1000000000,47,A1,,A1,,하나은행,외부 신용보강,금융기관,신한은행
69095,에스프로젝트에이케이,KRZF0026JNG3,에스프로젝트에이케이 20260306-94-22,N,20260306,20260608,대출채권,KRW,,1000000000,1000000000,47,A1,,A1,,하나은행,외부 신용보강,금융기관,신한은행
69095,에스프로젝트에이케이,KRZF0026JPG3,에스프로젝트에이케이 20260306-94-23,N,20260306,20260608,대출채권,KRW,,500000000,500000000,47,A1,,A1,,하나은행,외부 신용보강,금융기관,신한은행
69095,에스프로젝트에이케이,KRZF0026JQG3,에스프로젝트에이케이 20260306-94-24,N,20260306,20260608,대출채권,KRW,,500000000,500000000,47,A1,,A1,,하나은행,외부 신용보강,금융기관,신한은행
69095,에스프로젝트에이케이,KRZF0026JRG3,에스프로젝트에이케이 20260306-94-25,N,20260306,20260608,대출채권,KRW,,500000000,500000000,47,A1,,A1,,하나은행,외부 신용보강,금융기관,신한은행
69095,에스프로젝트에이케이,KRZF0026JSG3,에스프로젝트에이케이 20260306-94-26,N,20260306,20260608,대출채권,KRW,,100000000,100000000,47,A1,,A1,,하나은행,외부 신용보강,금융기관,신한은행
69095,에스프로젝트에이케이,KRZF0026JTG3,에스프로젝트에이케이 20260306-94-27,N,20260306,20260608,대출채권,KRW,,100000000,100000000,47,A1,,A1,,하나은행,외부 신용보강,금융기관,신한은행
69095,에스프로젝트에이케이,KRZF0026JVG3,에스프로젝트에이케이 20260306-94-28,N,20260306,20260608,대출채권,KRW,,100000000,100000000,47,A1,,A1,,하나은행,외부 신용보강,금융기관,신한은행
69095,에스프로젝트에이케이,KRZF0026JWG3,에스프로젝트에이케이 20260306-94-29,N,20260306,20260608,대출채권,KRW,,100000000,100000000,47,A1,,A1,,하나은행,외부 신용보강,금융기관,신한은행
69095,에스프로젝트에이케이,KRZF0026J3G3,에스프로젝트에이케이 20260306-94-3,N,20260306,20260608,대출채권,KRW,,5000000000,5000000000,47,A1,,A1,,하나은행,외부 신용보강,금융기관,신한은행
69095,에스프로젝트에이케이,KRZF0026JXG3,에스프로젝트에이케이 20260306-94-30,N,20260306,20260608,대출채권,KRW,,100000000,100000000,47,A1,,A1,,하나은행,외부 신용보강,금융기관,신한은행
69095,에스프로젝트에이케이,KRZF0026J4G3,에스프로젝트에이케이 20260306-94-4,N,20260306,20260608,대출채권,KRW,,5000000000,5000000000,47,A1,,A1,,하나은행,외부 신용보강,금융기관,신한은행
69095,에스프로젝트에이케이,KRZF0026J5G3,에스프로젝트에이케이 20260306-94-5,N,20260306,20260608,대출채권,KRW,,5000000000,5000000000,47,A1,,A1,,하나은행,외부 신용보강,금융기관,신한은행
69095,에스프로젝트에이케이,KRZF0026J6G3,에스프로젝트에이케이 20260306-94-6,N,20260306,20260608,대출채권,KRW,,4000000000,4000000000,47,A1,,A1,,하나은행,외부 신용보강,금융기관,신한은행
69095,에스프로젝트에이케이,KRZF0026J7G3,에스프로젝트에이케이 20260306-94-7,N,20260306,20260608,대출채권,KRW,,8000000000,8000000000,47,A1,,A1,,하나은행,외부 신용보강,금융기관,신한은행
69095,에스프로젝트에이케이,KRZF0026J8G3,에스프로젝트에이케이 20260306-94-8,N,20260306,20260608,대출채권,KRW,,8000000000,8000000000,47,A1,,A1,,하나은행,외부 신용보강,금융기관,신한은행
69095,에스프로젝트에이케이,KRZF0026J9G3,에스프로젝트에이케이 20260306-94-9,N,20260306,20260608,대출채권,KRW,,4000000000,4000000000,47,A1,,A1,,하나은행,외부 신용보강,금융기관,신한은행
74031,에이치어드밴스드제이차,KRZF0169G1G3,에이치어드밴스드제이차 20260306-94-1,N,20260306,20260608,대출채권,KRW,,5000000000,5000000000,47,,A1,A1,,에스케이어드밴스드,자체 신용보강,자체 신용보강,하나은행
74031,에이치어드밴스드제이차,KRZF0169G2G3,에이치어드밴스드제이차 20260306-94-2,N,20260306,20260608,대출채권,KRW,,5000000000,5000000000,47,,A1,A1,,에스케이어드밴스드,자체 신용보강,자체 신용보강,하나은행
74020,포춘소프트,KRZF363371G3,포춘소프트 20260306-185-1,N,20260306,20260907,정기예금,KRW,,5000000000,5000000000,138,A1,,A1,,포춘소프트,외부 신용보강,공공기관,정보통신부우체국
74020,포춘소프트,KRZF36337AG3,포춘소프트 20260306-185-10,N,20260306,20260907,정기예금,KRW,,5000000000,5000000000,138,A1,,A1,,포춘소프트,외부 신용보강,공공기관,정보통신부우체국
74020,포춘소프트,KRZF36337BG3,포춘소프트 20260306-185-11,N,20260306,20260907,정기예금,KRW,,5000000000,5000000000,138,A1,,A1,,포춘소프트,외부 신용보강,공공기관,정보통신부우체국
74020,포춘소프트,KRZF36337CG3,포춘소프트 20260306-185-12,N,20260306,20260907,정기예금,KRW,,5000000000,5000000000,138,A1,,A1,,포춘소프트,외부 신용보강,공공기관,정보통신부우체국
74020,포춘소프트,KRZF36337DG3,포춘소프트 20260306-185-13,N,20260306,20260907,정기예금,KRW,,5000000000,5000000000,138,A1,,A1,,포춘소프트,외부 신용보강,공공기관,정보통신부우체국
74020,포춘소프트,KRZF36337EG3,포춘소프트 20260306-185-14,N,20260306,20260907,정기예금,KRW,,5000000000,5000000000,138,A1,,A1,,포춘소프트,외부 신용보강,공공기관,정보통신부우체국
74020,포춘소프트,KRZF36337FG3,포춘소프트 20260306-185-15,N,20260306,20260907,정기예금,KRW,,5000000000,5000000000,138,A1,,A1,,포춘소프트,외부 신용보강,공공기관,정보통신부우체국
74020,포춘소프트,KRZF36337GG3,포춘소프트 20260306-185-16,N,20260306,20260907,정기예금,KRW,,5000000000,5000000000,138,A1,,A1,,포춘소프트,외부 신용보강,공공기관,정보통신부우체국
74020,포춘소프트,KRZF36337HG3,포춘소프트 20260306-185-17,N,20260306,20260907,정기예금,KRW,,5000000000,5000000000,138,A1,,A1,,포춘소프트,외부 신용보강,공공기관,정보통신부우체국
74020,포춘소프트,KRZF36337JG3,포춘소프트 20260306-185-18,N,20260306,20260907,정기예금,KRW,,5000000000,5000000000,138,A1,,A1,,포춘소프트,외부 신용보강,공공기관,정보통신부우체국
74020,포춘소프트,KRZF36337KG3,포춘소프트 20260306-185-19,N,20260306,20260907,정기예금,KRW,,5000000000,5000000000,138,A1,,A1,,포춘소프트,외부 신용보강,공공기관,정보통신부우체국
74020,포춘소프트,KRZF363372G3,포춘소프트 20260306-185-2,N,20260306,20260907,정기예금,KRW,,5000000000,5000000000,138,A1,,A1,,포춘소프트,외부 신용보강,공공기관,정보통신부우체국
74020,포춘소프트,KRZF36337LG3,포춘소프트 20260306-185-20,N,20260306,20260907,정기예금,KRW,,5000000000,5000000000,138,A1,,A1,,포춘소프트,외부 신용보강,공공기관,정보통신부우체국
74020,포춘소프트,KRZF36337MG3,포춘소프트 20260306-185-21,N,20260306,20260907,정기예금,KRW,,1500000000,1500000000,138,A1,,A1,,포춘소프트,외부 신용보강,공공기관,정보통신부우체국
74020,포춘소프트,KRZF363373G3,포춘소프트 20260306-185-3,N,20260306,20260907,정기예금,KRW,,5000000000,5000000000,138,A1,,A1,,포춘소프트,외부 신용보강,공공기관,정보통신부우체국
74020,포춘소프트,KRZF363374G3,포춘소프트 20260306-185-4,N,20260306,20260907,정기예금,KRW,,5000000000,5000000000,138,A1,,A1,,포춘소프트,외부 신용보강,공공기관,정보통신부우체국
74020,포춘소프트,KRZF363375G3,포춘소프트 20260306-185-5,N,20260306,20260907,정기예금,KRW,,5000000000,5000000000,138,A1,,A1,,포춘소프트,외부 신용보강,공공기관,정보통신부우체국
74020,포춘소프트,KRZF363376G3,포춘소프트 20260306-185-6,N,20260306,20260907,정기예금,KRW,,5000000000,5000000000,138,A1,,A1,,포춘소프트,외부 신용보강,공공기관,정보통신부우체국
74020,포춘소프트,KRZF363377G3,포춘소프트 20260306-185-7,N,20260306,20260907,정기예금,KRW,,5000000000,5000000000,138,A1,,A1,,포춘소프트,외부 신용보강,공공기관,정보통신부우체국
74020,포춘소프트,KRZF363378G3,포춘소프트 20260306-185-8,N,20260306,20260907,정기예금,KRW,,5000000000,5000000000,138,A1,,A1,,포춘소프트,외부 신용보강,공공기관,정보통신부우체국
74020,포춘소프트,KRZF363379G3,포춘소프트 20260306-185-9,N,20260306,20260907,정기예금,KRW,,5000000000,5000000000,138,A1,,A1,,포춘소프트,외부 신용보강,공공기관,정보통신부우체국
74020,포춘소프트,KRZF36337NG3,포춘소프트 20260306-364-22,N,20260306,20270305,정기예금,KRW,,240000000,240000000,317,A1,,A1,,포춘소프트,외부 신용보강,공공기관,정보통신부우체국
74032,한솔제오십오차,KRZF0098M1G3,한솔제오십오차 20260306-364-1,N,20260306,20270305,정기예금,KRW,,623000000,623000000,317,A1,A1,,,농협은행,자체 신용보강,자체 신용보강,농협은행
74021,드림리치제이차,KRZFA35861G3,드림리치제이차 20260305-183-1,Y,20260305,20260904,PF대출채권,KRW,,5000000000,5000000000,135,,A1,A1,,충주드림파크개발(주),외부 신용보강,공공기관,충주시청
74021,드림리치제이차,KRZFA35862G3,드림리치제이차 20260305-183-2,Y,20260305,20260904,PF대출채권,KRW,,5000000000,5000000000,135,,A1,A1,,충주드림파크개발(주),외부 신용보강,공공기관,충주시청
74021,드림리치제이차,KRZFA35863G3,드림리치제이차 20260305-183-3,Y,20260305,20260904,PF대출채권,KRW,,5000000000,5000000000,135,,A1,A1,,충주드림파크개발(주),외부 신용보강,공공기관,충주시청
74021,드림리치제이차,KRZFA35864G3,드림리치제이차 20260305-183-4,Y,20260305,20260904,PF대출채권,KRW,,5000000000,5000000000,135,,A1,A1,,충주드림파크개발(주),외부 신용보강,공공기관,충주시청
74023,씨에스엔제일차,KRZF0159X1G3,씨에스엔제일차 20260305-1-1,,20260305,20260306,,KRW,,10000000000,10000000000,0,,A1,A1,,,,,
74005,이비지에스와이제삼차,KRZF0168M1G3,이비지에스와이제삼차 20260305-209-1,N,20260305,20260930,대출채권,KRW,,90000000,90000000,161,,A3,A3,,이랜드월드,자체 신용보강,자체 신용보강,이랜드월드
74005,이비지에스와이제삼차,KRZF0168M2G3,이비지에스와이제삼차 20260305-209-2,N,20260305,20260930,대출채권,KRW,,20000000,20000000,161,,A3,A3,,이랜드월드,자체 신용보강,자체 신용보강,이랜드월드
62113,이알에스제구차,KRZFA59781G3,이알에스제구차 20260305-92-1,N,20260305,20260605,매출채권,KRW,,1500000000,1500000000,44,,A1,A1,,이랜드리테일,차환발행위험(유동성 공여형 매입약정),금융기관,우리은행
62114,이알에스제팔차,KRZFA59771G3,이알에스제팔차 20260305-92-1,N,20260305,20260605,매출채권,KRW,,3000000000,3000000000,44,,A1,A1,,이랜드리테일,외부 신용보강,금융기관,중소기업은행
64907,케이비이글스제삼차,KRZF379861G3,케이비이글스제삼차 20260305-92-1,N,20260305,20260605,대출채권,KRW,,5000000000,5000000000,44,A1,A1,,,한화에어로스페이스,차환발행위험(유동성 공여형 매입약정),금융기관,국민은행
64907,케이비이글스제삼차,KRZF37986AG3,케이비이글스제삼차 20260305-92-10,N,20260305,20260605,대출채권,KRW,,5000000000,5000000000,44,A1,A1,,,한화에어로스페이스,차환발행위험(유동성 공여형 매입약정),금융기관,국민은행
64907,케이비이글스제삼차,KRZF379862G3,케이비이글스제삼차 20260305-92-2,N,20260305,20260605,대출채권,KRW,,5000000000,5000000000,44,A1,A1,,,한화에어로스페이스,차환발행위험(유동성 공여형 매입약정),금융기관,국민은행
64907,케이비이글스제삼차,KRZF379863G3,케이비이글스제삼차 20260305-92-3,N,20260305,20260605,대출채권,KRW,,5000000000,5000000000,44,A1,A1,,,한화에어로스페이스,차환발행위험(유동성 공여형 매입약정),금융기관,국민은행
64907,케이비이글스제삼차,KRZF379864G3,케이비이글스제삼차 20260305-92-4,N,20260305,20260605,대출채권,KRW,,5000000000,5000000000,44,A1,A1,,,한화에어로스페이스,차환발행위험(유동성 공여형 매입약정),금융기관,국민은행
64907,케이비이글스제삼차,KRZF379865G3,케이비이글스제삼차 20260305-92-5,N,20260305,20260605,대출채권,KRW,,5000000000,5000000000,44,A1,A1,,,한화에어로스페이스,차환발행위험(유동성 공여형 매입약정),금융기관,국민은행
64907,케이비이글스제삼차,KRZF379866G3,케이비이글스제삼차 20260305-92-6,N,20260305,20260605,대출채권,KRW,,5000000000,5000000000,44,A1,A1,,,한화에어로스페이스,차환발행위험(유동성 공여형 매입약정),금융기관,국민은행
64907,케이비이글스제삼차,KRZF379867G3,케이비이글스제삼차 20260305-92-7,N,20260305,20260605,대출채권,KRW,,5000000000,5000000000,44,A1,A1,,,한화에어로스페이스,차환발행위험(유동성 공여형 매입약정),금융기관,국민은행
64907,케이비이글스제삼차,KRZF379868G3,케이비이글스제삼차 20260305-92-8,N,20260305,20260605,대출채권,KRW,,5000000000,5000000000,44,A1,A1,,,한화에어로스페이스,차환발행위험(유동성 공여형 매입약정),금융기관,국민은행
64907,케이비이글스제삼차,KRZF379869G3,케이비이글스제삼차 20260305-92-9,N,20260305,20260605,대출채권,KRW,,5000000000,5000000000,44,A1,A1,,,한화에어로스페이스,차환발행위험(유동성 공여형 매입약정),금융기관,국민은행
74000,국민사랑제19차,KRZFA72611G3,국민사랑제19차 20260304-107-1,N,20260304,20260619,정기예금,KRW,,5000000000,5000000000,58,,A1,A1,,국민은행,자체 신용보강,자체 신용보강,국민은행
74000,국민사랑제19차,KRZFA7261AG3,국민사랑제19차 20260304-107-10,N,20260304,20260619,정기예금,KRW,,5000000000,5000000000,58,,A1,A1,,국민은행,자체 신용보강,자체 신용보강,국민은행
74000,국민사랑제19차,KRZFA7261BG3,국민사랑제19차 20260304-107-11,N,20260304,20260619,정기예금,KRW,,5000000000,5000000000,58,,A1,A1,,국민은행,자체 신용보강,자체 신용보강,국민은행
74000,국민사랑제19차,KRZFA7261CG3,국민사랑제19차 20260304-107-12,N,20260304,20260619,정기예금,KRW,,5000000000,5000000000,58,,A1,A1,,국민은행,자체 신용보강,자체 신용보강,국민은행
74000,국민사랑제19차,KRZFA7261DG3,국민사랑제19차 20260304-107-13,N,20260304,20260619,정기예금,KRW,,5000000000,5000000000,58,,A1,A1,,국민은행,자체 신용보강,자체 신용보강,국민은행
74000,국민사랑제19차,KRZFA7261EG3,국민사랑제19차 20260304-107-14,N,20260304,20260619,정기예금,KRW,,5000000000,5000000000,58,,A1,A1,,국민은행,자체 신용보강,자체 신용보강,국민은행
74000,국민사랑제19차,KRZFA7261FG3,국민사랑제19차 20260304-107-15,N,20260304,20260619,정기예금,KRW,,5000000000,5000000000,58,,A1,A1,,국민은행,자체 신용보강,자체 신용보강,국민은행
74000,국민사랑제19차,KRZFA7261GG3,국민사랑제19차 20260304-107-16,N,20260304,20260619,정기예금,KRW,,5000000000,5000000000,58,,A1,A1,,국민은행,자체 신용보강,자체 신용보강,국민은행
74000,국민사랑제19차,KRZFA7261HG3,국민사랑제19차 20260304-107-17,N,20260304,20260619,정기예금,KRW,,5000000000,5000000000,58,,A1,A1,,국민은행,자체 신용보강,자체 신용보강,국민은행
74000,국민사랑제19차,KRZFA7261JG3,국민사랑제19차 20260304-107-18,N,20260304,20260619,정기예금,KRW,,5000000000,5000000000,58,,A1,A1,,국민은행,자체 신용보강,자체 신용보강,국민은행
74000,국민사랑제19차,KRZFA7261KG3,국민사랑제19차 20260304-107-19,N,20260304,20260619,정기예금,KRW,,5000000000,5000000000,58,,A1,A1,,국민은행,자체 신용보강,자체 신용보강,국민은행
74000,국민사랑제19차,KRZFA72612G3,국민사랑제19차 20260304-107-2,N,20260304,20260619,정기예금,KRW,,5000000000,5000000000,58,,A1,A1,,국민은행,자체 신용보강,자체 신용보강,국민은행
74000,국민사랑제19차,KRZFA7261LG3,국민사랑제19차 20260304-107-20,N,20260304,20260619,정기예금,KRW,,5000000000,5000000000,58,,A1,A1,,국민은행,자체 신용보강,자체 신용보강,국민은행
74000,국민사랑제19차,KRZFA7261MG3,국민사랑제19차 20260304-107-21,N,20260304,20260619,정기예금,KRW,,5000000000,5000000000,58,,A1,A1,,국민은행,자체 신용보강,자체 신용보강,국민은행
74000,국민사랑제19차,KRZFA7261NG3,국민사랑제19차 20260304-107-22,N,20260304,20260619,정기예금,KRW,,5000000000,5000000000,58,,A1,A1,,국민은행,자체 신용보강,자체 신용보강,국민은행
74000,국민사랑제19차,KRZFA7261PG3,국민사랑제19차 20260304-107-23,N,20260304,20260619,정기예금,KRW,,5000000000,5000000000,58,,A1,A1,,국민은행,자체 신용보강,자체 신용보강,국민은행
74000,국민사랑제19차,KRZFA7261QG3,국민사랑제19차 20260304-107-24,N,20260304,20260619,정기예금,KRW,,5000000000,5000000000,58,,A1,A1,,국민은행,자체 신용보강,자체 신용보강,국민은행
74000,국민사랑제19차,KRZFA7261RG3,국민사랑제19차 20260304-107-25,N,20260304,20260619,정기예금,KRW,,5000000000,5000000000,58,,A1,A1,,국민은행,자체 신용보강,자체 신용보강,국민은행
74000,국민사랑제19차,KRZFA7261SG3,국민사랑제19차 20260304-107-26,N,20260304,20260619,정기예금,KRW,,5000000000,5000000000,58,,A1,A1,,국민은행,자체 신용보강,자체 신용보강,국민은행
74000,국민사랑제19차,KRZFA7261TG3,국민사랑제19차 20260304-107-27,N,20260304,20260619,정기예금,KRW,,5000000000,5000000000,58,,A1,A1,,국민은행,자체 신용보강,자체 신용보강,국민은행
74000,국민사랑제19차,KRZFA7261VG3,국민사랑제19차 20260304-107-28,N,20260304,20260619,정기예금,KRW,,5000000000,5000000000,58,,A1,A1,,국민은행,자체 신용보강,자체 신용보강,국민은행
74000,국민사랑제19차,KRZFA7261WG3,국민사랑제19차 20260304-107-29,N,20260304,20260619,정기예금,KRW,,5000000000,5000000000,58,,A1,A1,,국민은행,자체 신용보강,자체 신용보강,국민은행
74000,국민사랑제19차,KRZFA72613G3,국민사랑제19차 20260304-107-3,N,20260304,20260619,정기예금,KRW,,5000000000,5000000000,58,,A1,A1,,국민은행,자체 신용보강,자체 신용보강,국민은행
74000,국민사랑제19차,KRZFA7261XG3,국민사랑제19차 20260304-107-30,N,20260304,20260619,정기예금,KRW,,5000000000,5000000000,58,,A1,A1,,국민은행,자체 신용보강,자체 신용보강,국민은행
74000,국민사랑제19차,KRZFA7261YG3,국민사랑제19차 20260304-107-31,N,20260304,20260619,정기예금,KRW,,5000000000,5000000000,58,,A1,A1,,국민은행,자체 신용보강,자체 신용보강,국민은행
74000,국민사랑제19차,KRZFA7261ZG3,국민사랑제19차 20260304-107-32,N,20260304,20260619,정기예금,KRW,,5000000000,5000000000,58,,A1,A1,,국민은행,자체 신용보강,자체 신용보강,국민은행
74000,국민사랑제19차,KRZFA72610GF,국민사랑제19차 20260304-107-33,N,20260304,20260619,정기예금,KRW,,5000000000,5000000000,58,,A1,A1,,국민은행,자체 신용보강,자체 신용보강,국민은행
74000,국민사랑제19차,KRZFA72611GF,국민사랑제19차 20260304-107-34,N,20260304,20260619,정기예금,KRW,,5000000000,5000000000,58,,A1,A1,,국민은행,자체 신용보강,자체 신용보강,국민은행
74000,국민사랑제19차,KRZFA72612GF,국민사랑제19차 20260304-107-35,N,20260304,20260619,정기예금,KRW,,5000000000,5000000000,58,,A1,A1,,국민은행,자체 신용보강,자체 신용보강,국민은행
74000,국민사랑제19차,KRZFA72613GF,국민사랑제19차 20260304-107-36,N,20260304,20260619,정기예금,KRW,,5000000000,5000000000,58,,A1,A1,,국민은행,자체 신용보강,자체 신용보강,국민은행
74000,국민사랑제19차,KRZFA72614GF,국민사랑제19차 20260304-107-37,N,20260304,20260619,정기예금,KRW,,5000000000,5000000000,58,,A1,A1,,국민은행,자체 신용보강,자체 신용보강,국민은행
74000,국민사랑제19차,KRZFA72615GF,국민사랑제19차 20260304-107-38,N,20260304,20260619,정기예금,KRW,,5000000000,5000000000,58,,A1,A1,,국민은행,자체 신용보강,자체 신용보강,국민은행
74000,국민사랑제19차,KRZFA72616GF,국민사랑제19차 20260304-107-39,N,20260304,20260619,정기예금,KRW,,5000000000,5000000000,58,,A1,A1,,국민은행,자체 신용보강,자체 신용보강,국민은행
74000,국민사랑제19차,KRZFA72614G3,국민사랑제19차 20260304-107-4,N,20260304,20260619,정기예금,KRW,,5000000000,5000000000,58,,A1,A1,,국민은행,자체 신용보강,자체 신용보강,국민은행
74000,국민사랑제19차,KRZFA72617GF,국민사랑제19차 20260304-107-40,N,20260304,20260619,정기예금,KRW,,5000000000,5000000000,58,,A1,A1,,국민은행,자체 신용보강,자체 신용보강,국민은행
74000,국민사랑제19차,KRZFA72618GF,국민사랑제19차 20260304-107-41,N,20260304,20260619,정기예금,KRW,,5000000000,5000000000,58,,A1,A1,,국민은행,자체 신용보강,자체 신용보강,국민은행
74000,국민사랑제19차,KRZFA72619GF,국민사랑제19차 20260304-107-42,N,20260304,20260619,정기예금,KRW,,5000000000,5000000000,58,,A1,A1,,국민은행,자체 신용보강,자체 신용보강,국민은행
74000,국민사랑제19차,KRZFA7261AGF,국민사랑제19차 20260304-107-43,N,20260304,20260619,정기예금,KRW,,5000000000,5000000000,58,,A1,A1,,국민은행,자체 신용보강,자체 신용보강,국민은행
74000,국민사랑제19차,KRZFA7261BGF,국민사랑제19차 20260304-107-44,N,20260304,20260619,정기예금,KRW,,5000000000,5000000000,58,,A1,A1,,국민은행,자체 신용보강,자체 신용보강,국민은행
74000,국민사랑제19차,KRZFA7261CGF,국민사랑제19차 20260304-107-45,N,20260304,20260619,정기예금,KRW,,5000000000,5000000000,58,,A1,A1,,국민은행,자체 신용보강,자체 신용보강,국민은행
74000,국민사랑제19차,KRZFA7261DGF,국민사랑제19차 20260304-107-46,N,20260304,20260619,정기예금,KRW,,5000000000,5000000000,58,,A1,A1,,국민은행,자체 신용보강,자체 신용보강,국민은행
74000,국민사랑제19차,KRZFA7261EGF,국민사랑제19차 20260304-107-47,N,20260304,20260619,정기예금,KRW,,5000000000,5000000000,58,,A1,A1,,국민은행,자체 신용보강,자체 신용보강,국민은행
74000,국민사랑제19차,KRZFA7261FGF,국민사랑제19차 20260304-107-48,N,20260304,20260619,정기예금,KRW,,5000000000,5000000000,58,,A1,A1,,국민은행,자체 신용보강,자체 신용보강,국민은행
74000,국민사랑제19차,KRZFA72615G3,국민사랑제19차 20260304-107-5,N,20260304,20260619,정기예금,KRW,,5000000000,5000000000,58,,A1,A1,,국민은행,자체 신용보강,자체 신용보강,국민은행
74000,국민사랑제19차,KRZFA72616G3,국민사랑제19차 20260304-107-6,N,20260304,20260619,정기예금,KRW,,5000000000,5000000000,58,,A1,A1,,국민은행,자체 신용보강,자체 신용보강,국민은행
74000,국민사랑제19차,KRZFA72617G3,국민사랑제19차 20260304-107-7,N,20260304,20260619,정기예금,KRW,,5000000000,5000000000,58,,A1,A1,,국민은행,자체 신용보강,자체 신용보강,국민은행
74000,국민사랑제19차,KRZFA72618G3,국민사랑제19차 20260304-107-8,N,20260304,20260619,정기예금,KRW,,5000000000,5000000000,58,,A1,A1,,국민은행,자체 신용보강,자체 신용보강,국민은행
74000,국민사랑제19차,KRZFA72619G3,국민사랑제19차 20260304-107-9,N,20260304,20260619,정기예금,KRW,,5000000000,5000000000,58,,A1,A1,,국민은행,자체 신용보강,자체 신용보강,국민은행
74000,국민사랑제19차,KRZFA7261GGF,국민사랑제19차 20260304-281-49,N,20260304,20261210,정기예금,KRW,,310000000,310000000,232,,A1,A1,,국민은행,자체 신용보강,자체 신용보강,국민은행
73999,농협사랑제2차,KRZFA41341G3,농협사랑제2차 20260304-202-1,N,20260304,20260922,정기예금,KRW,,5000000000,5000000000,153,,A1,A1,,농협은행,자체 신용보강,자체 신용보강,농협은행
73999,농협사랑제2차,KRZFA4134AG3,농협사랑제2차 20260304-202-10,N,20260304,20260922,정기예금,KRW,,5000000000,5000000000,153,,A1,A1,,농협은행,자체 신용보강,자체 신용보강,농협은행
73999,농협사랑제2차,KRZFA4134BG3,농협사랑제2차 20260304-202-11,N,20260304,20260922,정기예금,KRW,,5000000000,5000000000,153,,A1,A1,,농협은행,자체 신용보강,자체 신용보강,농협은행
73999,농협사랑제2차,KRZFA4134CG3,농협사랑제2차 20260304-202-12,N,20260304,20260922,정기예금,KRW,,5000000000,5000000000,153,,A1,A1,,농협은행,자체 신용보강,자체 신용보강,농협은행
73999,농협사랑제2차,KRZFA4134DG3,농협사랑제2차 20260304-202-13,N,20260304,20260922,정기예금,KRW,,5000000000,5000000000,153,,A1,A1,,농협은행,자체 신용보강,자체 신용보강,농협은행
73999,농협사랑제2차,KRZFA4134EG3,농협사랑제2차 20260304-202-14,N,20260304,20260922,정기예금,KRW,,5000000000,5000000000,153,,A1,A1,,농협은행,자체 신용보강,자체 신용보강,농협은행
73999,농협사랑제2차,KRZFA4134FG3,농협사랑제2차 20260304-202-15,N,20260304,20260922,정기예금,KRW,,5000000000,5000000000,153,,A1,A1,,농협은행,자체 신용보강,자체 신용보강,농협은행
73999,농협사랑제2차,KRZFA4134GG3,농협사랑제2차 20260304-202-16,N,20260304,20260922,정기예금,KRW,,5000000000,5000000000,153,,A1,A1,,농협은행,자체 신용보강,자체 신용보강,농협은행
73999,농협사랑제2차,KRZFA4134HG3,농협사랑제2차 20260304-202-17,N,20260304,20260922,정기예금,KRW,,5000000000,5000000000,153,,A1,A1,,농협은행,자체 신용보강,자체 신용보강,농협은행
73999,농협사랑제2차,KRZFA4134JG3,농협사랑제2차 20260304-202-18,N,20260304,20260922,정기예금,KRW,,5000000000,5000000000,153,,A1,A1,,농협은행,자체 신용보강,자체 신용보강,농협은행
73999,농협사랑제2차,KRZFA4134KG3,농협사랑제2차 20260304-202-19,N,20260304,20260922,정기예금,KRW,,5000000000,5000000000,153,,A1,A1,,농협은행,자체 신용보강,자체 신용보강,농협은행
73999,농협사랑제2차,KRZFA41342G3,농협사랑제2차 20260304-202-2,N,20260304,20260922,정기예금,KRW,,5000000000,5000000000,153,,A1,A1,,농협은행,자체 신용보강,자체 신용보강,농협은행
73999,농협사랑제2차,KRZFA4134LG3,농협사랑제2차 20260304-202-20,N,20260304,20260922,정기예금,KRW,,5000000000,5000000000,153,,A1,A1,,농협은행,자체 신용보강,자체 신용보강,농협은행
73999,농협사랑제2차,KRZFA4134MG3,농협사랑제2차 20260304-202-21,N,20260304,20260922,정기예금,KRW,,5000000000,5000000000,153,,A1,A1,,농협은행,자체 신용보강,자체 신용보강,농협은행
73999,농협사랑제2차,KRZFA4134NG3,농협사랑제2차 20260304-202-22,N,20260304,20260922,정기예금,KRW,,5000000000,5000000000,153,,A1,A1,,농협은행,자체 신용보강,자체 신용보강,농협은행
73999,농협사랑제2차,KRZFA4134PG3,농협사랑제2차 20260304-202-23,N,20260304,20260922,정기예금,KRW,,5000000000,5000000000,153,,A1,A1,,농협은행,자체 신용보강,자체 신용보강,농협은행
73999,농협사랑제2차,KRZFA4134QG3,농협사랑제2차 20260304-202-24,N,20260304,20260922,정기예금,KRW,,5000000000,5000000000,153,,A1,A1,,농협은행,자체 신용보강,자체 신용보강,농협은행
73999,농협사랑제2차,KRZFA4134RG3,농협사랑제2차 20260304-202-25,N,20260304,20260922,정기예금,KRW,,5000000000,5000000000,153,,A1,A1,,농협은행,자체 신용보강,자체 신용보강,농협은행
73999,농협사랑제2차,KRZFA4134SG3,농협사랑제2차 20260304-202-26,N,20260304,20260922,정기예금,KRW,,5000000000,5000000000,153,,A1,A1,,농협은행,자체 신용보강,자체 신용보강,농협은행
73999,농협사랑제2차,KRZFA4134TG3,농협사랑제2차 20260304-202-27,N,20260304,20260922,정기예금,KRW,,5000000000,5000000000,153,,A1,A1,,농협은행,자체 신용보강,자체 신용보강,농협은행
73999,농협사랑제2차,KRZFA4134VG3,농협사랑제2차 20260304-202-28,N,20260304,20260922,정기예금,KRW,,5000000000,5000000000,153,,A1,A1,,농협은행,자체 신용보강,자체 신용보강,농협은행
73999,농협사랑제2차,KRZFA4134WG3,농협사랑제2차 20260304-202-29,N,20260304,20260922,정기예금,KRW,,5000000000,5000000000,153,,A1,A1,,농협은행,자체 신용보강,자체 신용보강,농협은행
73999,농협사랑제2차,KRZFA41343G3,농협사랑제2차 20260304-202-3,N,20260304,20260922,정기예금,KRW,,5000000000,5000000000,153,,A1,A1,,농협은행,자체 신용보강,자체 신용보강,농협은행
73999,농협사랑제2차,KRZFA4134XG3,농협사랑제2차 20260304-202-30,N,20260304,20260922,정기예금,KRW,,5000000000,5000000000,153,,A1,A1,,농협은행,자체 신용보강,자체 신용보강,농협은행
73999,농협사랑제2차,KRZFA4134YG3,농협사랑제2차 20260304-202-31,N,20260304,20260922,정기예금,KRW,,5000000000,5000000000,153,,A1,A1,,농협은행,자체 신용보강,자체 신용보강,농협은행
73999,농협사랑제2차,KRZFA4134ZG3,농협사랑제2차 20260304-202-32,N,20260304,20260922,정기예금,KRW,,5000000000,5000000000,153,,A1,A1,,농협은행,자체 신용보강,자체 신용보강,농협은행
73999,농협사랑제2차,KRZFA41340GF,농협사랑제2차 20260304-202-33,N,20260304,20260922,정기예금,KRW,,5000000000,5000000000,153,,A1,A1,,농협은행,자체 신용보강,자체 신용보강,농협은행
73999,농협사랑제2차,KRZFA41341GF,농협사랑제2차 20260304-202-34,N,20260304,20260922,정기예금,KRW,,5000000000,5000000000,153,,A1,A1,,농협은행,자체 신용보강,자체 신용보강,농협은행
73999,농협사랑제2차,KRZFA41342GF,농협사랑제2차 20260304-202-35,N,20260304,20260922,정기예금,KRW,,5000000000,5000000000,153,,A1,A1,,농협은행,자체 신용보강,자체 신용보강,농협은행
73999,농협사랑제2차,KRZFA41344G3,농협사랑제2차 20260304-202-4,N,20260304,20260922,정기예금,KRW,,5000000000,5000000000,153,,A1,A1,,농협은행,자체 신용보강,자체 신용보강,농협은행
73999,농협사랑제2차,KRZFA41345G3,농협사랑제2차 20260304-202-5,N,20260304,20260922,정기예금,KRW,,5000000000,5000000000,153,,A1,A1,,농협은행,자체 신용보강,자체 신용보강,농협은행
73999,농협사랑제2차,KRZFA41346G3,농협사랑제2차 20260304-202-6,N,20260304,20260922,정기예금,KRW,,5000000000,5000000000,153,,A1,A1,,농협은행,자체 신용보강,자체 신용보강,농협은행
73999,농협사랑제2차,KRZFA41347G3,농협사랑제2차 20260304-202-7,N,20260304,20260922,정기예금,KRW,,5000000000,5000000000,153,,A1,A1,,농협은행,자체 신용보강,자체 신용보강,농협은행
73999,농협사랑제2차,KRZFA41348G3,농협사랑제2차 20260304-202-8,N,20260304,20260922,정기예금,KRW,,5000000000,5000000000,153,,A1,A1,,농협은행,자체 신용보강,자체 신용보강,농협은행
73999,농협사랑제2차,KRZFA41349G3,농협사랑제2차 20260304-202-9,N,20260304,20260922,정기예금,KRW,,5000000000,5000000000,153,,A1,A1,,농협은행,자체 신용보강,자체 신용보강,농협은행
73999,농협사랑제2차,KRZFA41343GF,농협사랑제2차 20260304-364-36,N,20260304,20270303,정기예금,KRW,,5000000000,5000000000,315,,A1,A1,,농협은행,자체 신용보강,자체 신용보강,농협은행
73999,농협사랑제2차,KRZFA41344GF,농협사랑제2차 20260304-364-37,N,20260304,20270303,정기예금,KRW,,5000000000,5000000000,315,,A1,A1,,농협은행,자체 신용보강,자체 신용보강,농협은행
73999,농협사랑제2차,KRZFA41345GF,농협사랑제2차 20260304-364-38,N,20260304,20270303,정기예금,KRW,,5000000000,5000000000,315,,A1,A1,,농협은행,자체 신용보강,자체 신용보강,농협은행
73999,농협사랑제2차,KRZFA41346GF,농협사랑제2차 20260304-364-39,N,20260304,20270303,정기예금,KRW,,5000000000,5000000000,315,,A1,A1,,농협은행,자체 신용보강,자체 신용보강,농협은행
73999,농협사랑제2차,KRZFA41347GF,농협사랑제2차 20260304-364-40,N,20260304,20270303,정기예금,KRW,,5000000000,5000000000,315,,A1,A1,,농협은행,자체 신용보강,자체 신용보강,농협은행
73999,농협사랑제2차,KRZFA41348GF,농협사랑제2차 20260304-364-41,N,20260304,20270303,정기예금,KRW,,5000000000,5000000000,315,,A1,A1,,농협은행,자체 신용보강,자체 신용보강,농협은행
73999,농협사랑제2차,KRZFA41349GF,농협사랑제2차 20260304-364-42,N,20260304,20270303,정기예금,KRW,,5000000000,5000000000,315,,A1,A1,,농협은행,자체 신용보강,자체 신용보강,농협은행
73999,농협사랑제2차,KRZFA4134AGF,농협사랑제2차 20260304-364-43,N,20260304,20270303,정기예금,KRW,,5000000000,5000000000,315,,A1,A1,,농협은행,자체 신용보강,자체 신용보강,농협은행
73999,농협사랑제2차,KRZFA4134BGF,농협사랑제2차 20260304-364-44,N,20260304,20270303,정기예금,KRW,,5000000000,5000000000,315,,A1,A1,,농협은행,자체 신용보강,자체 신용보강,농협은행
73999,농협사랑제2차,KRZFA4134CGF,농협사랑제2차 20260304-364-45,N,20260304,20270303,정기예금,KRW,,5000000000,5000000000,315,,A1,A1,,농협은행,자체 신용보강,자체 신용보강,농협은행
73999,농협사랑제2차,KRZFA4134DGF,농협사랑제2차 20260304-364-46,N,20260304,20270303,정기예금,KRW,,5000000000,5000000000,315,,A1,A1,,농협은행,자체 신용보강,자체 신용보강,농협은행
73999,농협사랑제2차,KRZFA4134EGF,농협사랑제2차 20260304-364-47,N,20260304,20270303,정기예금,KRW,,5000000000,5000000000,315,,A1,A1,,농협은행,자체 신용보강,자체 신용보강,농협은행
73999,농협사랑제2차,KRZFA4134FGF,농협사랑제2차 20260304-364-48,N,20260304,20270303,정기예금,KRW,,5000000000,5000000000,315,,A1,A1,,농협은행,자체 신용보강,자체 신용보강,농협은행
73999,농협사랑제2차,KRZFA4134GGF,농협사랑제2차 20260304-364-49,N,20260304,20270303,정기예금,KRW,,5000000000,5000000000,315,,A1,A1,,농협은행,자체 신용보강,자체 신용보강,농협은행
73988,국민넘버원제십차,KRZFA51941G3,국민넘버원제십차 20260303-210-1,N,20260303,20260929,정기예금,KRW,,5000000000,5000000000,160,A1,A1,A1,,국민은행,자체 신용보강,자체 신용보강,국민은행
73988,국민넘버원제십차,KRZFA5194AG3,국민넘버원제십차 20260303-210-10,N,20260303,20260929,정기예금,KRW,,5000000000,5000000000,160,A1,A1,A1,,국민은행,자체 신용보강,자체 신용보강,국민은행
73988,국민넘버원제십차,KRZFA5194BG3,국민넘버원제십차 20260303-210-11,N,20260303,20260929,정기예금,KRW,,5000000000,5000000000,160,A1,A1,A1,,국민은행,자체 신용보강,자체 신용보강,국민은행
73988,국민넘버원제십차,KRZFA5194CG3,국민넘버원제십차 20260303-210-12,N,20260303,20260929,정기예금,KRW,,5000000000,5000000000,160,A1,A1,A1,,국민은행,자체 신용보강,자체 신용보강,국민은행
73988,국민넘버원제십차,KRZFA5194DG3,국민넘버원제십차 20260303-210-13,N,20260303,20260929,정기예금,KRW,,5000000000,5000000000,160,A1,A1,A1,,국민은행,자체 신용보강,자체 신용보강,국민은행
73988,국민넘버원제십차,KRZFA5194EG3,국민넘버원제십차 20260303-210-14,N,20260303,20260929,정기예금,KRW,,5000000000,5000000000,160,A1,A1,A1,,국민은행,자체 신용보강,자체 신용보강,국민은행
73988,국민넘버원제십차,KRZFA5194FG3,국민넘버원제십차 20260303-210-15,N,20260303,20260929,정기예금,KRW,,5000000000,5000000000,160,A1,A1,A1,,국민은행,자체 신용보강,자체 신용보강,국민은행
73988,국민넘버원제십차,KRZFA5194GG3,국민넘버원제십차 20260303-210-16,N,20260303,20260929,정기예금,KRW,,5000000000,5000000000,160,A1,A1,A1,,국민은행,자체 신용보강,자체 신용보강,국민은행
73988,국민넘버원제십차,KRZFA5194HG3,국민넘버원제십차 20260303-210-17,N,20260303,20260929,정기예금,KRW,,5000000000,5000000000,160,A1,A1,A1,,국민은행,자체 신용보강,자체 신용보강,국민은행
73988,국민넘버원제십차,KRZFA5194JG3,국민넘버원제십차 20260303-210-18,N,20260303,20260929,정기예금,KRW,,5000000000,5000000000,160,A1,A1,A1,,국민은행,자체 신용보강,자체 신용보강,국민은행
73988,국민넘버원제십차,KRZFA5194KG3,국민넘버원제십차 20260303-210-19,N,20260303,20260929,정기예금,KRW,,5000000000,5000000000,160,A1,A1,A1,,국민은행,자체 신용보강,자체 신용보강,국민은행
73988,국민넘버원제십차,KRZFA51942G3,국민넘버원제십차 20260303-210-2,N,20260303,20260929,정기예금,KRW,,5000000000,5000000000,160,A1,A1,A1,,국민은행,자체 신용보강,자체 신용보강,국민은행
73988,국민넘버원제십차,KRZFA5194LG3,국민넘버원제십차 20260303-210-20,N,20260303,20260929,정기예금,KRW,,5000000000,5000000000,160,A1,A1,A1,,국민은행,자체 신용보강,자체 신용보강,국민은행
73988,국민넘버원제십차,KRZFA5194MG3,국민넘버원제십차 20260303-210-21,N,20260303,20260929,정기예금,KRW,,5000000000,5000000000,160,A1,A1,A1,,국민은행,자체 신용보강,자체 신용보강,국민은행
73988,국민넘버원제십차,KRZFA5194NG3,국민넘버원제십차 20260303-210-22,N,20260303,20260929,정기예금,KRW,,5000000000,5000000000,160,A1,A1,A1,,국민은행,자체 신용보강,자체 신용보강,국민은행
73988,국민넘버원제십차,KRZFA5194PG3,국민넘버원제십차 20260303-210-23,N,20260303,20260929,정기예금,KRW,,5000000000,5000000000,160,A1,A1,A1,,국민은행,자체 신용보강,자체 신용보강,국민은행
73988,국민넘버원제십차,KRZFA5194QG3,국민넘버원제십차 20260303-210-24,N,20260303,20260929,정기예금,KRW,,5000000000,5000000000,160,A1,A1,A1,,국민은행,자체 신용보강,자체 신용보강,국민은행
73988,국민넘버원제십차,KRZFA5194RG3,국민넘버원제십차 20260303-210-25,N,20260303,20260929,정기예금,KRW,,5000000000,5000000000,160,A1,A1,A1,,국민은행,자체 신용보강,자체 신용보강,국민은행
73988,국민넘버원제십차,KRZFA5194SG3,국민넘버원제십차 20260303-210-26,N,20260303,20260929,정기예금,KRW,,5000000000,5000000000,160,A1,A1,A1,,국민은행,자체 신용보강,자체 신용보강,국민은행
73988,국민넘버원제십차,KRZFA5194TG3,국민넘버원제십차 20260303-210-27,N,20260303,20260929,정기예금,KRW,,5000000000,5000000000,160,A1,A1,A1,,국민은행,자체 신용보강,자체 신용보강,국민은행
73988,국민넘버원제십차,KRZFA5194VG3,국민넘버원제십차 20260303-210-28,N,20260303,20260929,정기예금,KRW,,5000000000,5000000000,160,A1,A1,A1,,국민은행,자체 신용보강,자체 신용보강,국민은행
73988,국민넘버원제십차,KRZFA5194WG3,국민넘버원제십차 20260303-210-29,N,20260303,20260929,정기예금,KRW,,5000000000,5000000000,160,A1,A1,A1,,국민은행,자체 신용보강,자체 신용보강,국민은행
73988,국민넘버원제십차,KRZFA51943G3,국민넘버원제십차 20260303-210-3,N,20260303,20260929,정기예금,KRW,,5000000000,5000000000,160,A1,A1,A1,,국민은행,자체 신용보강,자체 신용보강,국민은행
73988,국민넘버원제십차,KRZFA5194XG3,국민넘버원제십차 20260303-210-30,N,20260303,20260929,정기예금,KRW,,5000000000,5000000000,160,A1,A1,A1,,국민은행,자체 신용보강,자체 신용보강,국민은행
73988,국민넘버원제십차,KRZFA5194YG3,국민넘버원제십차 20260303-210-31,N,20260303,20260929,정기예금,KRW,,5000000000,5000000000,160,A1,A1,A1,,국민은행,자체 신용보강,자체 신용보강,국민은행
73988,국민넘버원제십차,KRZFA5194ZG3,국민넘버원제십차 20260303-210-32,N,20260303,20260929,정기예금,KRW,,5000000000,5000000000,160,A1,A1,A1,,국민은행,자체 신용보강,자체 신용보강,국민은행
73988,국민넘버원제십차,KRZFA51940GF,국민넘버원제십차 20260303-210-33,N,20260303,20260929,정기예금,KRW,,5000000000,5000000000,160,A1,A1,A1,,국민은행,자체 신용보강,자체 신용보강,국민은행
73988,국민넘버원제십차,KRZFA51941GF,국민넘버원제십차 20260303-210-34,N,20260303,20260929,정기예금,KRW,,5000000000,5000000000,160,A1,A1,A1,,국민은행,자체 신용보강,자체 신용보강,국민은행
73988,국민넘버원제십차,KRZFA51942GF,국민넘버원제십차 20260303-210-35,N,20260303,20260929,정기예금,KRW,,5000000000,5000000000,160,A1,A1,A1,,국민은행,자체 신용보강,자체 신용보강,국민은행
73988,국민넘버원제십차,KRZFA51943GF,국민넘버원제십차 20260303-210-36,N,20260303,20260929,정기예금,KRW,,5000000000,5000000000,160,A1,A1,A1,,국민은행,자체 신용보강,자체 신용보강,국민은행
73988,국민넘버원제십차,KRZFA51944GF,국민넘버원제십차 20260303-210-37,N,20260303,20260929,정기예금,KRW,,5000000000,5000000000,160,A1,A1,A1,,국민은행,자체 신용보강,자체 신용보강,국민은행
73988,국민넘버원제십차,KRZFA51945GF,국민넘버원제십차 20260303-210-38,N,20260303,20260929,정기예금,KRW,,5000000000,5000000000,160,A1,A1,A1,,국민은행,자체 신용보강,자체 신용보강,국민은행
73988,국민넘버원제십차,KRZFA51946GF,국민넘버원제십차 20260303-210-39,N,20260303,20260929,정기예금,KRW,,5000000000,5000000000,160,A1,A1,A1,,국민은행,자체 신용보강,자체 신용보강,국민은행
73988,국민넘버원제십차,KRZFA51944G3,국민넘버원제십차 20260303-210-4,N,20260303,20260929,정기예금,KRW,,5000000000,5000000000,160,A1,A1,A1,,국민은행,자체 신용보강,자체 신용보강,국민은행
73988,국민넘버원제십차,KRZFA51947GF,국민넘버원제십차 20260303-210-40,N,20260303,20260929,정기예금,KRW,,5000000000,5000000000,160,A1,A1,A1,,국민은행,자체 신용보강,자체 신용보강,국민은행
73988,국민넘버원제십차,KRZFA51948GF,국민넘버원제십차 20260303-210-41,N,20260303,20260929,정기예금,KRW,,5000000000,5000000000,160,A1,A1,A1,,국민은행,자체 신용보강,자체 신용보강,국민은행
73988,국민넘버원제십차,KRZFA51949GF,국민넘버원제십차 20260303-210-42,N,20260303,20260929,정기예금,KRW,,5000000000,5000000000,160,A1,A1,A1,,국민은행,자체 신용보강,자체 신용보강,국민은행
73988,국민넘버원제십차,KRZFA5194AGF,국민넘버원제십차 20260303-210-43,N,20260303,20260929,정기예금,KRW,,5000000000,5000000000,160,A1,A1,A1,,국민은행,자체 신용보강,자체 신용보강,국민은행
73988,국민넘버원제십차,KRZFA5194BGF,국민넘버원제십차 20260303-210-44,N,20260303,20260929,정기예금,KRW,,5000000000,5000000000,160,A1,A1,A1,,국민은행,자체 신용보강,자체 신용보강,국민은행
73988,국민넘버원제십차,KRZFA5194CGF,국민넘버원제십차 20260303-210-45,N,20260303,20260929,정기예금,KRW,,5000000000,5000000000,160,A1,A1,A1,,국민은행,자체 신용보강,자체 신용보강,국민은행
73988,국민넘버원제십차,KRZFA5194DGF,국민넘버원제십차 20260303-210-46,N,20260303,20260929,정기예금,KRW,,5000000000,5000000000,160,A1,A1,A1,,국민은행,자체 신용보강,자체 신용보강,국민은행
73988,국민넘버원제십차,KRZFA5194EGF,국민넘버원제십차 20260303-210-47,N,20260303,20260929,정기예금,KRW,,5000000000,5000000000,160,A1,A1,A1,,국민은행,자체 신용보강,자체 신용보강,국민은행
73988,국민넘버원제십차,KRZFA5194FGF,국민넘버원제십차 20260303-210-48,N,20260303,20260929,정기예금,KRW,,5000000000,5000000000,160,A1,A1,A1,,국민은행,자체 신용보강,자체 신용보강,국민은행
73988,국민넘버원제십차,KRZFA5194GGF,국민넘버원제십차 20260303-210-49,N,20260303,20260929,정기예금,KRW,,5000000000,5000000000,160,A1,A1,A1,,국민은행,자체 신용보강,자체 신용보강,국민은행
73988,국민넘버원제십차,KRZFA51945G3,국민넘버원제십차 20260303-210-5,N,20260303,20260929,정기예금,KRW,,5000000000,5000000000,160,A1,A1,A1,,국민은행,자체 신용보강,자체 신용보강,국민은행
73988,국민넘버원제십차,KRZFA51946G3,국민넘버원제십차 20260303-210-6,N,20260303,20260929,정기예금,KRW,,5000000000,5000000000,160,A1,A1,A1,,국민은행,자체 신용보강,자체 신용보강,국민은행
73988,국민넘버원제십차,KRZFA51947G3,국민넘버원제십차 20260303-210-7,N,20260303,20260929,정기예금,KRW,,5000000000,5000000000,160,A1,A1,A1,,국민은행,자체 신용보강,자체 신용보강,국민은행
73988,국민넘버원제십차,KRZFA51948G3,국민넘버원제십차 20260303-210-8,N,20260303,20260929,정기예금,KRW,,5000000000,5000000000,160,A1,A1,A1,,국민은행,자체 신용보강,자체 신용보강,국민은행
73988,국민넘버원제십차,KRZFA51949G3,국민넘버원제십차 20260303-210-9,N,20260303,20260929,정기예금,KRW,,5000000000,5000000000,160,A1,A1,A1,,국민은행,자체 신용보강,자체 신용보강,국민은행
68057,그랜드원큐제이차,KRZF0000E1G3,그랜드원큐제이차 20260303-91-1,N,20260303,20260602,대출채권,KRW,,5000000000,5000000000,41,A1,,A1,,(주)신한서부티엔디제1호위탁관리부동산투자회사,차환발행위험(유동성 공여형 매입약정),금융기관,하나은행
68057,그랜드원큐제이차,KRZF0000EAG3,그랜드원큐제이차 20260303-91-10,N,20260303,20260602,대출채권,KRW,,5000000000,5000000000,41,A1,,A1,,(주)신한서부티엔디제1호위탁관리부동산투자회사,차환발행위험(유동성 공여형 매입약정),금융기관,하나은행
68057,그랜드원큐제이차,KRZF0000E2G3,그랜드원큐제이차 20260303-91-2,N,20260303,20260602,대출채권,KRW,,5000000000,5000000000,41,A1,,A1,,(주)신한서부티엔디제1호위탁관리부동산투자회사,차환발행위험(유동성 공여형 매입약정),금융기관,하나은행
68057,그랜드원큐제이차,KRZF0000E3G3,그랜드원큐제이차 20260303-91-3,N,20260303,20260602,대출채권,KRW,,5000000000,5000000000,41,A1,,A1,,(주)신한서부티엔디제1호위탁관리부동산투자회사,차환발행위험(유동성 공여형 매입약정),금융기관,하나은행
68057,그랜드원큐제이차,KRZF0000E4G3,그랜드원큐제이차 20260303-91-4,N,20260303,20260602,대출채권,KRW,,5000000000,5000000000,41,A1,,A1,,(주)신한서부티엔디제1호위탁관리부동산투자회사,차환발행위험(유동성 공여형 매입약정),금융기관,하나은행
68057,그랜드원큐제이차,KRZF0000E5G3,그랜드원큐제이차 20260303-91-5,N,20260303,20260602,대출채권,KRW,,5000000000,5000000000,41,A1,,A1,,(주)신한서부티엔디제1호위탁관리부동산투자회사,차환발행위험(유동성 공여형 매입약정),금융기관,하나은행
68057,그랜드원큐제이차,KRZF0000E6G3,그랜드원큐제이차 20260303-91-6,N,20260303,20260602,대출채권,KRW,,5000000000,5000000000,41,A1,,A1,,(주)신한서부티엔디제1호위탁관리부동산투자회사,차환발행위험(유동성 공여형 매입약정),금융기관,하나은행
68057,그랜드원큐제이차,KRZF0000E7G3,그랜드원큐제이차 20260303-91-7,N,20260303,20260602,대출채권,KRW,,5000000000,5000000000,41,A1,,A1,,(주)신한서부티엔디제1호위탁관리부동산투자회사,차환발행위험(유동성 공여형 매입약정),금융기관,하나은행
68057,그랜드원큐제이차,KRZF0000E8G3,그랜드원큐제이차 20260303-91-8,N,20260303,20260602,대출채권,KRW,,5000000000,5000000000,41,A1,,A1,,(주)신한서부티엔디제1호위탁관리부동산투자회사,차환발행위험(유동성 공여형 매입약정),금융기관,하나은행
68057,그랜드원큐제이차,KRZF0000E9G3,그랜드원큐제이차 20260303-91-9,N,20260303,20260602,대출채권,KRW,,5000000000,5000000000,41,A1,,A1,,(주)신한서부티엔디제1호위탁관리부동산투자회사,차환발행위험(유동성 공여형 매입약정),금융기관,하나은행
68019,그린어스제일차,KRZFA99981G3,그린어스제일차 20260303-91-1,N,20260303,20260602,대출채권,KRW,,5000000000,5000000000,41,A1,A1,,,(주)베르원,외부 신용보강,금융기관,한국산업은행
68019,그린어스제일차,KRZFA99981G3,그린어스제일차 20260303-91-1,N,20260303,20260602,대출채권,KRW,,5000000000,5000000000,41,A1,A1,,,(주)베르원,차환발행위험(유동성 공여형 매입약정),금융기관,한국산업은행
68019,그린어스제일차,KRZFA99982G3,그린어스제일차 20260303-91-2,N,20260303,20260602,대출채권,KRW,,5000000000,5000000000,41,A1,A1,,,(주)베르원,외부 신용보강,금융기관,한국산업은행
68019,그린어스제일차,KRZFA99982G3,그린어스제일차 20260303-91-2,N,20260303,20260602,대출채권,KRW,,5000000000,5000000000,41,A1,A1,,,(주)베르원,차환발행위험(유동성 공여형 매입약정),금융기관,한국산업은행
68019,그린어스제일차,KRZFA99983G3,그린어스제일차 20260303-91-3,N,20260303,20260602,대출채권,KRW,,4600000000,4600000000,41,A1,A1,,,(주)베르원,외부 신용보강,금융기관,한국산업은행
68019,그린어스제일차,KRZFA99983G3,그린어스제일차 20260303-91-3,N,20260303,20260602,대출채권,KRW,,4600000000,4600000000,41,A1,A1,,,(주)베르원,차환발행위험(유동성 공여형 매입약정),금융기관,한국산업은행
67989,네오스타제칠차,KRZFA99621G3,네오스타제칠차 20260303-87-1,N,20260303,20260529,대출채권,KRW,,5000000000,5000000000,37,,A1,A1,,신성통상,차환발행위험(유동성 공여형 매입약정),금융기관,하나은행
67989,네오스타제칠차,KRZFA99622G3,네오스타제칠차 20260303-87-2,N,20260303,20260529,대출채권,KRW,,5000000000,5000000000,37,,A1,A1,,신성통상,차환발행위험(유동성 공여형 매입약정),금융기관,하나은행
67989,네오스타제칠차,KRZFA99623G3,네오스타제칠차 20260303-87-3,N,20260303,20260529,대출채권,KRW,,5000000000,5000000000,37,,A1,A1,,신성통상,차환발행위험(유동성 공여형 매입약정),금융기관,하나은행
67989,네오스타제칠차,KRZFA99624G3,네오스타제칠차 20260303-87-4,N,20260303,20260529,대출채권,KRW,,5000000000,5000000000,37,,A1,A1,,신성통상,차환발행위험(유동성 공여형 매입약정),금융기관,하나은행
67989,네오스타제칠차,KRZFA99625G3,네오스타제칠차 20260303-87-5,N,20260303,20260529,대출채권,KRW,,5000000000,5000000000,37,,A1,A1,,신성통상,차환발행위험(유동성 공여형 매입약정),금융기관,하나은행
67989,네오스타제칠차,KRZFA99626G3,네오스타제칠차 20260303-87-6,N,20260303,20260529,대출채권,KRW,,5000000000,5000000000,37,,A1,A1,,신성통상,차환발행위험(유동성 공여형 매입약정),금융기관,하나은행
67989,네오스타제칠차,KRZFA99627G3,네오스타제칠차 20260303-87-7,N,20260303,20260529,대출채권,KRW,,5000000000,5000000000,37,,A1,A1,,신성통상,차환발행위험(유동성 공여형 매입약정),금융기관,하나은행
67989,네오스타제칠차,KRZFA99628G3,네오스타제칠차 20260303-87-8,N,20260303,20260529,대출채권,KRW,,8750000000,8750000000,37,,A1,A1,,신성통상,차환발행위험(유동성 공여형 매입약정),금융기관,하나은행
72846,다향오리제사차,KRZF0143B1G3,다향오리제사차 20260303-90-1,N,20260303,20260601,대출채권,KRW,,5000000000,5000000000,40,,,,,팜덕,외부 신용보강,금융기관,한국산업은행
72846,다향오리제사차,KRZF0143B2G3,다향오리제사차 20260303-90-2,N,20260303,20260601,대출채권,KRW,,5000000000,5000000000,40,,,,,팜덕,외부 신용보강,금융기관,한국산업은행
72846,다향오리제사차,KRZF0143B3G3,다향오리제사차 20260303-90-3,N,20260303,20260601,대출채권,KRW,,5000000000,5000000000,40,,,,,팜덕,외부 신용보강,금융기관,한국산업은행
72846,다향오리제사차,KRZF0143B4G3,다향오리제사차 20260303-90-4,N,20260303,20260601,대출채권,KRW,,5000000000,5000000000,40,,,,,팜덕,외부 신용보강,금융기관,한국산업은행
72846,다향오리제사차,KRZF0143B5G3,다향오리제사차 20260303-90-5,N,20260303,20260601,대출채권,KRW,,5000000000,5000000000,40,,,,,팜덕,외부 신용보강,금융기관,한국산업은행
72846,다향오리제사차,KRZF0143B6G3,다향오리제사차 20260303-90-6,N,20260303,20260601,대출채권,KRW,,5000000000,5000000000,40,,,,,팜덕,외부 신용보강,금융기관,한국산업은행
73851,디비엠비피제십차,KRZF0112V1G3,디비엠비피제십차 20260303-181-1,N,20260303,20260831,매출채권,KRW,,5000000000,5000000000,131,,A1,A1,,한화솔루션,자체 신용보강,자체 신용보강,한화솔루션
73851,디비엠비피제십차,KRZF0112VAG3,디비엠비피제십차 20260303-181-10,N,20260303,20260831,매출채권,KRW,,5000000000,5000000000,131,,A1,A1,,한화솔루션,자체 신용보강,자체 신용보강,한화솔루션
73851,디비엠비피제십차,KRZF0112VBG3,디비엠비피제십차 20260303-181-11,N,20260303,20260831,매출채권,KRW,,5000000000,5000000000,131,,A1,A1,,한화솔루션,자체 신용보강,자체 신용보강,한화솔루션
73851,디비엠비피제십차,KRZF0112VCG3,디비엠비피제십차 20260303-181-12,N,20260303,20260831,매출채권,KRW,,5000000000,5000000000,131,,A1,A1,,한화솔루션,자체 신용보강,자체 신용보강,한화솔루션
73851,디비엠비피제십차,KRZF0112VDG3,디비엠비피제십차 20260303-181-13,N,20260303,20260831,매출채권,KRW,,5000000000,5000000000,131,,A1,A1,,한화솔루션,자체 신용보강,자체 신용보강,한화솔루션
73851,디비엠비피제십차,KRZF0112VEG3,디비엠비피제십차 20260303-181-14,N,20260303,20260831,매출채권,KRW,,5000000000,5000000000,131,,A1,A1,,한화솔루션,자체 신용보강,자체 신용보강,한화솔루션
73851,디비엠비피제십차,KRZF0112VFG3,디비엠비피제십차 20260303-181-15,N,20260303,20260831,매출채권,KRW,,5000000000,5000000000,131,,A1,A1,,한화솔루션,자체 신용보강,자체 신용보강,한화솔루션
73851,디비엠비피제십차,KRZF0112VGG3,디비엠비피제십차 20260303-181-16,N,20260303,20260831,매출채권,KRW,,5000000000,5000000000,131,,A1,A1,,한화솔루션,자체 신용보강,자체 신용보강,한화솔루션
73851,디비엠비피제십차,KRZF0112VHG3,디비엠비피제십차 20260303-181-17,N,20260303,20260831,매출채권,KRW,,5000000000,5000000000,131,,A1,A1,,한화솔루션,자체 신용보강,자체 신용보강,한화솔루션
73851,디비엠비피제십차,KRZF0112VJG3,디비엠비피제십차 20260303-181-18,N,20260303,20260831,매출채권,KRW,,5000000000,5000000000,131,,A1,A1,,한화솔루션,자체 신용보강,자체 신용보강,한화솔루션
73851,디비엠비피제십차,KRZF0112VKG3,디비엠비피제십차 20260303-181-19,N,20260303,20260831,매출채권,KRW,,5000000000,5000000000,131,,A1,A1,,한화솔루션,자체 신용보강,자체 신용보강,한화솔루션
73851,디비엠비피제십차,KRZF0112V2G3,디비엠비피제십차 20260303-181-2,N,20260303,20260831,매출채권,KRW,,5000000000,5000000000,131,,A1,A1,,한화솔루션,자체 신용보강,자체 신용보강,한화솔루션
73851,디비엠비피제십차,KRZF0112VLG3,디비엠비피제십차 20260303-181-20,N,20260303,20260831,매출채권,KRW,,5000000000,5000000000,131,,A1,A1,,한화솔루션,자체 신용보강,자체 신용보강,한화솔루션
73851,디비엠비피제십차,KRZF0112VMG3,디비엠비피제십차 20260303-181-21,N,20260303,20260831,매출채권,KRW,,5000000000,5000000000,131,,A1,A1,,한화솔루션,자체 신용보강,자체 신용보강,한화솔루션
73851,디비엠비피제십차,KRZF0112VNG3,디비엠비피제십차 20260303-181-22,N,20260303,20260831,매출채권,KRW,,5000000000,5000000000,131,,A1,A1,,한화솔루션,자체 신용보강,자체 신용보강,한화솔루션
73851,디비엠비피제십차,KRZF0112VPG3,디비엠비피제십차 20260303-181-23,N,20260303,20260831,매출채권,KRW,,5000000000,5000000000,131,,A1,A1,,한화솔루션,자체 신용보강,자체 신용보강,한화솔루션
73851,디비엠비피제십차,KRZF0112VQG3,디비엠비피제십차 20260303-181-24,N,20260303,20260831,매출채권,KRW,,5000000000,5000000000,131,,A1,A1,,한화솔루션,자체 신용보강,자체 신용보강,한화솔루션
73851,디비엠비피제십차,KRZF0112VRG3,디비엠비피제십차 20260303-181-25,N,20260303,20260831,매출채권,KRW,,5000000000,5000000000,131,,A1,A1,,한화솔루션,자체 신용보강,자체 신용보강,한화솔루션
73851,디비엠비피제십차,KRZF0112VSG3,디비엠비피제십차 20260303-181-26,N,20260303,20260831,매출채권,KRW,,5000000000,5000000000,131,,A1,A1,,한화솔루션,자체 신용보강,자체 신용보강,한화솔루션
73851,디비엠비피제십차,KRZF0112VTG3,디비엠비피제십차 20260303-181-27,N,20260303,20260831,매출채권,KRW,,5000000000,5000000000,131,,A1,A1,,한화솔루션,자체 신용보강,자체 신용보강,한화솔루션
73851,디비엠비피제십차,KRZF0112VVG3,디비엠비피제십차 20260303-181-28,N,20260303,20260831,매출채권,KRW,,3000000000,3000000000,131,,A1,A1,,한화솔루션,자체 신용보강,자체 신용보강,한화솔루션
73851,디비엠비피제십차,KRZF0112VWG3,디비엠비피제십차 20260303-181-29,N,20260303,20260831,매출채권,KRW,,1000000000,1000000000,131,,A1,A1,,한화솔루션,자체 신용보강,자체 신용보강,한화솔루션
73851,디비엠비피제십차,KRZF0112V3G3,디비엠비피제십차 20260303-181-3,N,20260303,20260831,매출채권,KRW,,5000000000,5000000000,131,,A1,A1,,한화솔루션,자체 신용보강,자체 신용보강,한화솔루션
73851,디비엠비피제십차,KRZF0112VXG3,디비엠비피제십차 20260303-181-30,N,20260303,20260831,매출채권,KRW,,200000000,200000000,131,,A1,A1,,한화솔루션,자체 신용보강,자체 신용보강,한화솔루션
73851,디비엠비피제십차,KRZF0112VYG3,디비엠비피제십차 20260303-181-31,N,20260303,20260831,매출채권,KRW,,100000000,100000000,131,,A1,A1,,한화솔루션,자체 신용보강,자체 신용보강,한화솔루션
73851,디비엠비피제십차,KRZF0112V4G3,디비엠비피제십차 20260303-181-4,N,20260303,20260831,매출채권,KRW,,5000000000,5000000000,131,,A1,A1,,한화솔루션,자체 신용보강,자체 신용보강,한화솔루션
73851,디비엠비피제십차,KRZF0112V5G3,디비엠비피제십차 20260303-181-5,N,20260303,20260831,매출채권,KRW,,5000000000,5000000000,131,,A1,A1,,한화솔루션,자체 신용보강,자체 신용보강,한화솔루션
73851,디비엠비피제십차,KRZF0112V6G3,디비엠비피제십차 20260303-181-6,N,20260303,20260831,매출채권,KRW,,5000000000,5000000000,131,,A1,A1,,한화솔루션,자체 신용보강,자체 신용보강,한화솔루션
73851,디비엠비피제십차,KRZF0112V7G3,디비엠비피제십차 20260303-181-7,N,20260303,20260831,매출채권,KRW,,5000000000,5000000000,131,,A1,A1,,한화솔루션,자체 신용보강,자체 신용보강,한화솔루션
73851,디비엠비피제십차,KRZF0112V8G3,디비엠비피제십차 20260303-181-8,N,20260303,20260831,매출채권,KRW,,5000000000,5000000000,131,,A1,A1,,한화솔루션,자체 신용보강,자체 신용보강,한화솔루션
73851,디비엠비피제십차,KRZF0112V9G3,디비엠비피제십차 20260303-181-9,N,20260303,20260831,매출채권,KRW,,5000000000,5000000000,131,,A1,A1,,한화솔루션,자체 신용보강,자체 신용보강,한화솔루션
73973,디케이성수,KRZF0169E1G3,디케이성수 20260303-93-1,Y,20260303,20260604,PF대출채권,KRW,,5000000000,5000000000,43,,A1,A1,,마스턴제172호성수오피스프로젝트금융투자(주),외부 신용보강,금융기관,교보증권
73973,디케이성수,KRZF0169E2G3,디케이성수 20260303-93-2,Y,20260303,20260604,PF대출채권,KRW,,5000000000,5000000000,43,,A1,A1,,마스턴제172호성수오피스프로젝트금융투자(주),외부 신용보강,금융기관,교보증권
73973,디케이성수,KRZF0169E3G3,디케이성수 20260303-93-3,Y,20260303,20260604,PF대출채권,KRW,,5000000000,5000000000,43,,A1,A1,,마스턴제172호성수오피스프로젝트금융투자(주),외부 신용보강,금융기관,교보증권
58481,리치게이트신반포,KRZFA37441G3,리치게이트신반포 20260303-27-1,Y,20260303,20260330,PF대출채권,KRW,,199000000,199000000,0,A1,,A1,,신반포22차아파트주택재건축정비사업조합,외부 신용보강,금융기관,신한은행
65801,마에스트로이알,KRZF327471G3,마에스트로이알 20260303-90-1,N,20260303,20260601,대출채권,KRW,,5000000000,5000000000,40,A1,,A1,,우리은행,외부 신용보강,금융기관,신한은행
65801,마에스트로이알,KRZF32747AG3,마에스트로이알 20260303-90-10,N,20260303,20260601,대출채권,KRW,,100000000,100000000,40,A1,,A1,,우리은행,외부 신용보강,금융기관,신한은행
65801,마에스트로이알,KRZF32747BG3,마에스트로이알 20260303-90-11,N,20260303,20260601,대출채권,KRW,,100000000,100000000,40,A1,,A1,,우리은행,외부 신용보강,금융기관,신한은행
65801,마에스트로이알,KRZF32747CG3,마에스트로이알 20260303-90-12,N,20260303,20260601,대출채권,KRW,,100000000,100000000,40,A1,,A1,,우리은행,외부 신용보강,금융기관,신한은행
65801,마에스트로이알,KRZF32747DG3,마에스트로이알 20260303-90-13,N,20260303,20260601,대출채권,KRW,,100000000,100000000,40,A1,,A1,,우리은행,외부 신용보강,금융기관,신한은행
65801,마에스트로이알,KRZF32747EG3,마에스트로이알 20260303-90-14,N,20260303,20260601,대출채권,KRW,,5000000000,5000000000,40,A1,,A1,,우리은행,외부 신용보강,금융기관,신한은행
65801,마에스트로이알,KRZF32747FG3,마에스트로이알 20260303-90-15,N,20260303,20260601,대출채권,KRW,,5000000000,5000000000,40,A1,,A1,,우리은행,외부 신용보강,금융기관,신한은행
65801,마에스트로이알,KRZF32747GG3,마에스트로이알 20260303-90-16,N,20260303,20260601,대출채권,KRW,,5000000000,5000000000,40,A1,,A1,,우리은행,외부 신용보강,금융기관,신한은행
65801,마에스트로이알,KRZF32747HG3,마에스트로이알 20260303-90-17,N,20260303,20260601,대출채권,KRW,,2000000000,2000000000,40,A1,,A1,,우리은행,외부 신용보강,금융기관,신한은행
65801,마에스트로이알,KRZF327472G3,마에스트로이알 20260303-90-2,N,20260303,20260601,대출채권,KRW,,3000000000,3000000000,40,A1,,A1,,우리은행,외부 신용보강,금융기관,신한은행
65801,마에스트로이알,KRZF327473G3,마에스트로이알 20260303-90-3,N,20260303,20260601,대출채권,KRW,,3000000000,3000000000,40,A1,,A1,,우리은행,외부 신용보강,금융기관,신한은행
65801,마에스트로이알,KRZF327474G3,마에스트로이알 20260303-90-4,N,20260303,20260601,대출채권,KRW,,1000000000,1000000000,40,A1,,A1,,우리은행,외부 신용보강,금융기관,신한은행
65801,마에스트로이알,KRZF327475G3,마에스트로이알 20260303-90-5,N,20260303,20260601,대출채권,KRW,,1000000000,1000000000,40,A1,,A1,,우리은행,외부 신용보강,금융기관,신한은행
65801,마에스트로이알,KRZF327476G3,마에스트로이알 20260303-90-6,N,20260303,20260601,대출채권,KRW,,1000000000,1000000000,40,A1,,A1,,우리은행,외부 신용보강,금융기관,신한은행
65801,마에스트로이알,KRZF327477G3,마에스트로이알 20260303-90-7,N,20260303,20260601,대출채권,KRW,,500000000,500000000,40,A1,,A1,,우리은행,외부 신용보강,금융기관,신한은행
65801,마에스트로이알,KRZF327478G3,마에스트로이알 20260303-90-8,N,20260303,20260601,대출채권,KRW,,300000000,300000000,40,A1,,A1,,우리은행,외부 신용보강,금융기관,신한은행
65801,마에스트로이알,KRZF327479G3,마에스트로이알 20260303-90-9,N,20260303,20260601,대출채권,KRW,,300000000,300000000,40,A1,,A1,,우리은행,외부 신용보강,금융기관,신한은행
72789,브릿지베타제일차,KRZF0135D1G3,브릿지베타제일차 20260303-90-1,N,20260303,20260601,대출채권,KRW,,5000000000,5000000000,40,A1,A1,,,(주)인스파이어인티그레이티드리조트,외부 신용보강,금융기관,(주)우리투자증권
72789,브릿지베타제일차,KRZF0135DAG3,브릿지베타제일차 20260303-90-10,N,20260303,20260601,대출채권,KRW,,3000000000,3000000000,40,A1,A1,,,(주)인스파이어인티그레이티드리조트,외부 신용보강,금융기관,(주)우리투자증권
72789,브릿지베타제일차,KRZF0135D2G3,브릿지베타제일차 20260303-90-2,N,20260303,20260601,대출채권,KRW,,5000000000,5000000000,40,A1,A1,,,(주)인스파이어인티그레이티드리조트,외부 신용보강,금융기관,(주)우리투자증권
72789,브릿지베타제일차,KRZF0135D3G3,브릿지베타제일차 20260303-90-3,N,20260303,20260601,대출채권,KRW,,5000000000,5000000000,40,A1,A1,,,(주)인스파이어인티그레이티드리조트,외부 신용보강,금융기관,(주)우리투자증권
72789,브릿지베타제일차,KRZF0135D4G3,브릿지베타제일차 20260303-90-4,N,20260303,20260601,대출채권,KRW,,5000000000,5000000000,40,A1,A1,,,(주)인스파이어인티그레이티드리조트,외부 신용보강,금융기관,(주)우리투자증권
72789,브릿지베타제일차,KRZF0135D5G3,브릿지베타제일차 20260303-90-5,N,20260303,20260601,대출채권,KRW,,5000000000,5000000000,40,A1,A1,,,(주)인스파이어인티그레이티드리조트,외부 신용보강,금융기관,(주)우리투자증권
72789,브릿지베타제일차,KRZF0135D6G3,브릿지베타제일차 20260303-90-6,N,20260303,20260601,대출채권,KRW,,5000000000,5000000000,40,A1,A1,,,(주)인스파이어인티그레이티드리조트,외부 신용보강,금융기관,(주)우리투자증권
72789,브릿지베타제일차,KRZF0135D7G3,브릿지베타제일차 20260303-90-7,N,20260303,20260601,대출채권,KRW,,5000000000,5000000000,40,A1,A1,,,(주)인스파이어인티그레이티드리조트,외부 신용보강,금융기관,(주)우리투자증권
72789,브릿지베타제일차,KRZF0135D8G3,브릿지베타제일차 20260303-90-8,N,20260303,20260601,대출채권,KRW,,5000000000,5000000000,40,A1,A1,,,(주)인스파이어인티그레이티드리조트,외부 신용보강,금융기관,(주)우리투자증권
72789,브릿지베타제일차,KRZF0135D9G3,브릿지베타제일차 20260303-90-9,N,20260303,20260601,대출채권,KRW,,5000000000,5000000000,40,A1,A1,,,(주)인스파이어인티그레이티드리조트,외부 신용보강,금융기관,(주)우리투자증권
70268,에스코퍼제일차,KRZF396381G3,에스코퍼제일차 20260303-84-1,N,20260303,20260526,수익증권,KRW,,5000000000,5000000000,34,A1,,A1,,메테우스자산운용,외부 신용보강,금융기관,메리츠증권
70268,에스코퍼제일차,KRZF396382G3,에스코퍼제일차 20260303-84-2,N,20260303,20260526,수익증권,KRW,,3000000000,3000000000,34,A1,,A1,,메테우스자산운용,외부 신용보강,금융기관,메리츠증권
63008,에스타이거엘피디,KRZFA66301G3,에스타이거엘피디 20260303-90-1,N,20260303,20260601,대출채권,KRW,,5000000000,5000000000,40,,A1,A1,,롯데물산,차환발행위험(유동성 공여형 매입약정),금융기관,신한은행
63008,에스타이거엘피디,KRZFA6630AG3,에스타이거엘피디 20260303-90-10,N,20260303,20260601,대출채권,KRW,,5000000000,5000000000,40,,A1,A1,,롯데물산,차환발행위험(유동성 공여형 매입약정),금융기관,신한은행
63008,에스타이거엘피디,KRZFA6630BG3,에스타이거엘피디 20260303-90-11,N,20260303,20260601,대출채권,KRW,,5000000000,5000000000,40,,A1,A1,,롯데물산,차환발행위험(유동성 공여형 매입약정),금융기관,신한은행
63008,에스타이거엘피디,KRZFA6630CG3,에스타이거엘피디 20260303-90-12,N,20260303,20260601,대출채권,KRW,,20000000000,20000000000,40,,A1,A1,,롯데물산,차환발행위험(유동성 공여형 매입약정),금융기관,신한은행
63008,에스타이거엘피디,KRZFA6630DG3,에스타이거엘피디 20260303-90-13,N,20260303,20260601,대출채권,KRW,,5000000000,5000000000,40,,A1,A1,,롯데물산,차환발행위험(유동성 공여형 매입약정),금융기관,신한은행
63008,에스타이거엘피디,KRZFA6630EG3,에스타이거엘피디 20260303-90-14,N,20260303,20260601,대출채권,KRW,,5000000000,5000000000,40,,A1,A1,,롯데물산,차환발행위험(유동성 공여형 매입약정),금융기관,신한은행
63008,에스타이거엘피디,KRZFA6630FG3,에스타이거엘피디 20260303-90-15,N,20260303,20260601,대출채권,KRW,,5000000000,5000000000,40,,A1,A1,,롯데물산,차환발행위험(유동성 공여형 매입약정),금융기관,신한은행
63008,에스타이거엘피디,KRZFA6630GG3,에스타이거엘피디 20260303-90-16,N,20260303,20260601,대출채권,KRW,,2500000000,2500000000,40,,A1,A1,,롯데물산,차환발행위험(유동성 공여형 매입약정),금융기관,신한은행
63008,에스타이거엘피디,KRZFA6630HG3,에스타이거엘피디 20260303-90-17,N,20260303,20260601,대출채권,KRW,,2500000000,2500000000,40,,A1,A1,,롯데물산,차환발행위험(유동성 공여형 매입약정),금융기관,신한은행
63008,에스타이거엘피디,KRZFA6630JG3,에스타이거엘피디 20260303-90-18,N,20260303,20260601,대출채권,KRW,,1000000000,1000000000,40,,A1,A1,,롯데물산,차환발행위험(유동성 공여형 매입약정),금융기관,신한은행
63008,에스타이거엘피디,KRZFA6630KG3,에스타이거엘피디 20260303-90-19,N,20260303,20260601,대출채권,KRW,,1000000000,1000000000,40,,A1,A1,,롯데물산,차환발행위험(유동성 공여형 매입약정),금융기관,신한은행
63008,에스타이거엘피디,KRZFA66302G3,에스타이거엘피디 20260303-90-2,N,20260303,20260601,대출채권,KRW,,5000000000,5000000000,40,,A1,A1,,롯데물산,차환발행위험(유동성 공여형 매입약정),금융기관,신한은행
63008,에스타이거엘피디,KRZFA6630LG3,에스타이거엘피디 20260303-90-20,N,20260303,20260601,대출채권,KRW,,1000000000,1000000000,40,,A1,A1,,롯데물산,차환발행위험(유동성 공여형 매입약정),금융기관,신한은행
63008,에스타이거엘피디,KRZFA6630MG3,에스타이거엘피디 20260303-90-21,N,20260303,20260601,대출채권,KRW,,1000000000,1000000000,40,,A1,A1,,롯데물산,차환발행위험(유동성 공여형 매입약정),금융기관,신한은행
63008,에스타이거엘피디,KRZFA6630NG3,에스타이거엘피디 20260303-90-22,N,20260303,20260601,대출채권,KRW,,500000000,500000000,40,,A1,A1,,롯데물산,차환발행위험(유동성 공여형 매입약정),금융기관,신한은행
63008,에스타이거엘피디,KRZFA6630PG3,에스타이거엘피디 20260303-90-23,N,20260303,20260601,대출채권,KRW,,500000000,500000000,40,,A1,A1,,롯데물산,차환발행위험(유동성 공여형 매입약정),금융기관,신한은행
63008,에스타이거엘피디,KRZFA6630QG3,에스타이거엘피디 20260303-90-24,N,20260303,20260601,대출채권,KRW,,5000000000,5000000000,40,,A1,A1,,롯데물산,차환발행위험(유동성 공여형 매입약정),금융기관,신한은행
63008,에스타이거엘피디,KRZFA6630RG3,에스타이거엘피디 20260303-90-25,N,20260303,20260601,대출채권,KRW,,5000000000,5000000000,40,,A1,A1,,롯데물산,차환발행위험(유동성 공여형 매입약정),금융기관,신한은행
63008,에스타이거엘피디,KRZFA6630SG3,에스타이거엘피디 20260303-90-26,N,20260303,20260601,대출채권,KRW,,5000000000,5000000000,40,,A1,A1,,롯데물산,차환발행위험(유동성 공여형 매입약정),금융기관,신한은행
63008,에스타이거엘피디,KRZFA66303G3,에스타이거엘피디 20260303-90-3,N,20260303,20260601,대출채권,KRW,,5000000000,5000000000,40,,A1,A1,,롯데물산,차환발행위험(유동성 공여형 매입약정),금융기관,신한은행
63008,에스타이거엘피디,KRZFA6630YG3,에스타이거엘피디 20260303-90-31,N,20260303,20260601,대출채권,KRW,,5000000000,5000000000,40,,A1,A1,,롯데물산,차환발행위험(유동성 공여형 매입약정),금융기관,신한은행
63008,에스타이거엘피디,KRZFA6630ZG3,에스타이거엘피디 20260303-90-32,N,20260303,20260601,대출채권,KRW,,5000000000,5000000000,40,,A1,A1,,롯데물산,차환발행위험(유동성 공여형 매입약정),금융기관,신한은행
63008,에스타이거엘피디,KRZFA66300GF,에스타이거엘피디 20260303-90-33,N,20260303,20260601,대출채권,KRW,,5000000000,5000000000,40,,A1,A1,,롯데물산,차환발행위험(유동성 공여형 매입약정),금융기관,신한은행
63008,에스타이거엘피디,KRZFA66301GF,에스타이거엘피디 20260303-90-34,N,20260303,20260601,대출채권,KRW,,5000000000,5000000000,40,,A1,A1,,롯데물산,차환발행위험(유동성 공여형 매입약정),금융기관,신한은행
63008,에스타이거엘피디,KRZFA66302GF,에스타이거엘피디 20260303-90-35,N,20260303,20260601,대출채권,KRW,,5000000000,5000000000,40,,A1,A1,,롯데물산,차환발행위험(유동성 공여형 매입약정),금융기관,신한은행
63008,에스타이거엘피디,KRZFA66303GF,에스타이거엘피디 20260303-90-36,N,20260303,20260601,대출채권,KRW,,5000000000,5000000000,40,,A1,A1,,롯데물산,차환발행위험(유동성 공여형 매입약정),금융기관,신한은행
63008,에스타이거엘피디,KRZFA66304GF,에스타이거엘피디 20260303-90-37,N,20260303,20260601,대출채권,KRW,,5000000000,5000000000,40,,A1,A1,,롯데물산,차환발행위험(유동성 공여형 매입약정),금융기관,신한은행
63008,에스타이거엘피디,KRZFA66304G3,에스타이거엘피디 20260303-90-4,N,20260303,20260601,대출채권,KRW,,5000000000,5000000000,40,,A1,A1,,롯데물산,차환발행위험(유동성 공여형 매입약정),금융기관,신한은행
63008,에스타이거엘피디,KRZFA66305G3,에스타이거엘피디 20260303-90-5,N,20260303,20260601,대출채권,KRW,,5000000000,5000000000,40,,A1,A1,,롯데물산,차환발행위험(유동성 공여형 매입약정),금융기관,신한은행
63008,에스타이거엘피디,KRZFA66306G3,에스타이거엘피디 20260303-90-6,N,20260303,20260601,대출채권,KRW,,5000000000,5000000000,40,,A1,A1,,롯데물산,차환발행위험(유동성 공여형 매입약정),금융기관,신한은행
63008,에스타이거엘피디,KRZFA66307G3,에스타이거엘피디 20260303-90-7,N,20260303,20260601,대출채권,KRW,,5000000000,5000000000,40,,A1,A1,,롯데물산,차환발행위험(유동성 공여형 매입약정),금융기관,신한은행
63008,에스타이거엘피디,KRZFA66308G3,에스타이거엘피디 20260303-90-8,N,20260303,20260601,대출채권,KRW,,5000000000,5000000000,40,,A1,A1,,롯데물산,차환발행위험(유동성 공여형 매입약정),금융기관,신한은행
63008,에스타이거엘피디,KRZFA66309G3,에스타이거엘피디 20260303-90-9,N,20260303,20260601,대출채권,KRW,,5000000000,5000000000,40,,A1,A1,,롯데물산,차환발행위험(유동성 공여형 매입약정),금융기관,신한은행
63027,에스퍼스트에이치디,KRZFA65861G3,에스퍼스트에이치디 20260303-90-1,N,20260303,20260601,대출채권,KRW,,5000000000,5000000000,40,,A1,A1,,에이치디현대(주),차환발행위험(유동성 공여형 매입약정),금융기관,신한은행
63027,에스퍼스트에이치디,KRZFA6586AG3,에스퍼스트에이치디 20260303-90-10,N,20260303,20260601,대출채권,KRW,,1000000000,1000000000,40,,A1,A1,,에이치디현대(주),차환발행위험(유동성 공여형 매입약정),금융기관,신한은행
63027,에스퍼스트에이치디,KRZFA6586BG3,에스퍼스트에이치디 20260303-90-11,N,20260303,20260601,대출채권,KRW,,1000000000,1000000000,40,,A1,A1,,에이치디현대(주),차환발행위험(유동성 공여형 매입약정),금융기관,신한은행
63027,에스퍼스트에이치디,KRZFA6586CG3,에스퍼스트에이치디 20260303-90-12,N,20260303,20260601,대출채권,KRW,,1000000000,1000000000,40,,A1,A1,,에이치디현대(주),차환발행위험(유동성 공여형 매입약정),금융기관,신한은행
63027,에스퍼스트에이치디,KRZFA6586DG3,에스퍼스트에이치디 20260303-90-13,N,20260303,20260601,대출채권,KRW,,1000000000,1000000000,40,,A1,A1,,에이치디현대(주),차환발행위험(유동성 공여형 매입약정),금융기관,신한은행
63027,에스퍼스트에이치디,KRZFA6586EG3,에스퍼스트에이치디 20260303-90-14,N,20260303,20260601,대출채권,KRW,,500000000,500000000,40,,A1,A1,,에이치디현대(주),차환발행위험(유동성 공여형 매입약정),금융기관,신한은행
63027,에스퍼스트에이치디,KRZFA6586FG3,에스퍼스트에이치디 20260303-90-15,N,20260303,20260601,대출채권,KRW,,500000000,500000000,40,,A1,A1,,에이치디현대(주),차환발행위험(유동성 공여형 매입약정),금융기관,신한은행
63027,에스퍼스트에이치디,KRZFA6586GG3,에스퍼스트에이치디 20260303-90-16,N,20260303,20260601,대출채권,KRW,,500000000,500000000,40,,A1,A1,,에이치디현대(주),차환발행위험(유동성 공여형 매입약정),금융기관,신한은행
63027,에스퍼스트에이치디,KRZFA6586HG3,에스퍼스트에이치디 20260303-90-17,N,20260303,20260601,대출채권,KRW,,500000000,500000000,40,,A1,A1,,에이치디현대(주),차환발행위험(유동성 공여형 매입약정),금융기관,신한은행
63027,에스퍼스트에이치디,KRZFA6586JG3,에스퍼스트에이치디 20260303-90-18,N,20260303,20260601,대출채권,KRW,,5000000000,5000000000,40,,A1,A1,,에이치디현대(주),차환발행위험(유동성 공여형 매입약정),금융기관,신한은행
63027,에스퍼스트에이치디,KRZFA6586KG3,에스퍼스트에이치디 20260303-90-19,N,20260303,20260601,대출채권,KRW,,5000000000,5000000000,40,,A1,A1,,에이치디현대(주),차환발행위험(유동성 공여형 매입약정),금융기관,신한은행
63027,에스퍼스트에이치디,KRZFA65862G3,에스퍼스트에이치디 20260303-90-2,N,20260303,20260601,대출채권,KRW,,5000000000,5000000000,40,,A1,A1,,에이치디현대(주),차환발행위험(유동성 공여형 매입약정),금융기관,신한은행
63027,에스퍼스트에이치디,KRZFA6586LG3,에스퍼스트에이치디 20260303-90-20,N,20260303,20260601,대출채권,KRW,,5000000000,5000000000,40,,A1,A1,,에이치디현대(주),차환발행위험(유동성 공여형 매입약정),금융기관,신한은행
63027,에스퍼스트에이치디,KRZFA6586MG3,에스퍼스트에이치디 20260303-90-21,N,20260303,20260601,대출채권,KRW,,5000000000,5000000000,40,,A1,A1,,에이치디현대(주),차환발행위험(유동성 공여형 매입약정),금융기관,신한은행
63027,에스퍼스트에이치디,KRZFA6586PG3,에스퍼스트에이치디 20260303-90-23,N,20260303,20260601,대출채권,KRW,,5000000000,5000000000,40,,A1,A1,,에이치디현대(주),차환발행위험(유동성 공여형 매입약정),금융기관,신한은행
63027,에스퍼스트에이치디,KRZFA6586QG3,에스퍼스트에이치디 20260303-90-24,N,20260303,20260601,대출채권,KRW,,5000000000,5000000000,40,,A1,A1,,에이치디현대(주),차환발행위험(유동성 공여형 매입약정),금융기관,신한은행
63027,에스퍼스트에이치디,KRZFA65863G3,에스퍼스트에이치디 20260303-90-3,N,20260303,20260601,대출채권,KRW,,10000000000,10000000000,40,,A1,A1,,에이치디현대(주),차환발행위험(유동성 공여형 매입약정),금융기관,신한은행
63027,에스퍼스트에이치디,KRZFA65864G3,에스퍼스트에이치디 20260303-90-4,N,20260303,20260601,대출채권,KRW,,3000000000,3000000000,40,,A1,A1,,에이치디현대(주),차환발행위험(유동성 공여형 매입약정),금융기관,신한은행
63027,에스퍼스트에이치디,KRZFA65865G3,에스퍼스트에이치디 20260303-90-5,N,20260303,20260601,대출채권,KRW,,3000000000,3000000000,40,,A1,A1,,에이치디현대(주),차환발행위험(유동성 공여형 매입약정),금융기관,신한은행
63027,에스퍼스트에이치디,KRZFA65866G3,에스퍼스트에이치디 20260303-90-6,N,20260303,20260601,대출채권,KRW,,2000000000,2000000000,40,,A1,A1,,에이치디현대(주),차환발행위험(유동성 공여형 매입약정),금융기관,신한은행
63027,에스퍼스트에이치디,KRZFA65867G3,에스퍼스트에이치디 20260303-90-7,N,20260303,20260601,대출채권,KRW,,2000000000,2000000000,40,,A1,A1,,에이치디현대(주),차환발행위험(유동성 공여형 매입약정),금융기관,신한은행
63027,에스퍼스트에이치디,KRZFA65868G3,에스퍼스트에이치디 20260303-90-8,N,20260303,20260601,대출채권,KRW,,2000000000,2000000000,40,,A1,A1,,에이치디현대(주),차환발행위험(유동성 공여형 매입약정),금융기관,신한은행
63027,에스퍼스트에이치디,KRZFA65869G3,에스퍼스트에이치디 20260303-90-9,N,20260303,20260601,대출채권,KRW,,2000000000,2000000000,40,,A1,A1,,에이치디현대(주),차환발행위험(유동성 공여형 매입약정),금융기관,신한은행
71501,에스프로젝트디케이,KRZF0101B1G3,에스프로젝트디케이 20260303-86-1,N,20260303,20260528,대출채권,KRW,,5000000000,5000000000,36,,A1,,,동국제강,차환발행위험(유동성 공여형 매입약정),금융기관,신한은행
71501,에스프로젝트디케이,KRZF0101B1G3,에스프로젝트디케이 20260303-86-1,N,20260303,20260528,대출채권,KRW,,5000000000,5000000000,36,,A1,,,동국제강,금리변동/환율변동,금융기관,신한은행
71501,에스프로젝트디케이,KRZF0101B2G3,에스프로젝트디케이 20260303-86-2,N,20260303,20260528,대출채권,KRW,,5000000000,5000000000,36,,A1,,,동국제강,차환발행위험(유동성 공여형 매입약정),금융기관,신한은행
71501,에스프로젝트디케이,KRZF0101B2G3,에스프로젝트디케이 20260303-86-2,N,20260303,20260528,대출채권,KRW,,5000000000,5000000000,36,,A1,,,동국제강,금리변동/환율변동,금융기관,신한은행
71501,에스프로젝트디케이,KRZF0101B3G3,에스프로젝트디케이 20260303-86-3,N,20260303,20260528,대출채권,KRW,,5000000000,5000000000,36,,A1,,,동국제강,차환발행위험(유동성 공여형 매입약정),금융기관,신한은행
71501,에스프로젝트디케이,KRZF0101B3G3,에스프로젝트디케이 20260303-86-3,N,20260303,20260528,대출채권,KRW,,5000000000,5000000000,36,,A1,,,동국제강,금리변동/환율변동,금융기관,신한은행
71501,에스프로젝트디케이,KRZF0101B4G3,에스프로젝트디케이 20260303-86-4,N,20260303,20260528,대출채권,KRW,,5000000000,5000000000,36,,A1,,,동국제강,차환발행위험(유동성 공여형 매입약정),금융기관,신한은행
71501,에스프로젝트디케이,KRZF0101B4G3,에스프로젝트디케이 20260303-86-4,N,20260303,20260528,대출채권,KRW,,5000000000,5000000000,36,,A1,,,동국제강,금리변동/환율변동,금융기관,신한은행
71501,에스프로젝트디케이,KRZF0101B5G3,에스프로젝트디케이 20260303-86-5,N,20260303,20260528,대출채권,KRW,,5000000000,5000000000,36,,A1,,,동국제강,차환발행위험(유동성 공여형 매입약정),금융기관,신한은행
71501,에스프로젝트디케이,KRZF0101B5G3,에스프로젝트디케이 20260303-86-5,N,20260303,20260528,대출채권,KRW,,5000000000,5000000000,36,,A1,,,동국제강,금리변동/환율변동,금융기관,신한은행
71501,에스프로젝트디케이,KRZF0101B6G3,에스프로젝트디케이 20260303-86-6,N,20260303,20260528,대출채권,KRW,,5000000000,5000000000,36,,A1,,,동국제강,차환발행위험(유동성 공여형 매입약정),금융기관,신한은행
71501,에스프로젝트디케이,KRZF0101B6G3,에스프로젝트디케이 20260303-86-6,N,20260303,20260528,대출채권,KRW,,5000000000,5000000000,36,,A1,,,동국제강,금리변동/환율변동,금융기관,신한은행
71501,에스프로젝트디케이,KRZF0101B7G3,에스프로젝트디케이 20260303-86-7,N,20260303,20260528,대출채권,KRW,,5000000000,5000000000,36,,A1,,,동국제강,차환발행위험(유동성 공여형 매입약정),금융기관,신한은행
71501,에스프로젝트디케이,KRZF0101B7G3,에스프로젝트디케이 20260303-86-7,N,20260303,20260528,대출채권,KRW,,5000000000,5000000000,36,,A1,,,동국제강,금리변동/환율변동,금융기관,신한은행
72798,에스프로젝트모빌,KRZF0142C1G3,에스프로젝트모빌 20260303-86-1,N,20260303,20260528,대출채권,KRW,,5000000000,5000000000,36,A1,,A1,,에스케이렌터카,차환발행위험(유동성 공여형 매입약정),금융기관,신한은행
72798,에스프로젝트모빌,KRZF0142C2G3,에스프로젝트모빌 20260303-86-2,N,20260303,20260528,대출채권,KRW,,5000000000,5000000000,36,A1,,A1,,에스케이렌터카,차환발행위험(유동성 공여형 매입약정),금융기관,신한은행
72798,에스프로젝트모빌,KRZF0142C3G3,에스프로젝트모빌 20260303-86-3,N,20260303,20260528,대출채권,KRW,,5000000000,5000000000,36,A1,,A1,,에스케이렌터카,차환발행위험(유동성 공여형 매입약정),금융기관,신한은행
72798,에스프로젝트모빌,KRZF0142C4G3,에스프로젝트모빌 20260303-86-4,N,20260303,20260528,대출채권,KRW,,5000000000,5000000000,36,A1,,A1,,에스케이렌터카,차환발행위험(유동성 공여형 매입약정),금융기관,신한은행
72798,에스프로젝트모빌,KRZF0142C5G3,에스프로젝트모빌 20260303-86-5,N,20260303,20260528,대출채권,KRW,,5000000000,5000000000,36,A1,,A1,,에스케이렌터카,차환발행위험(유동성 공여형 매입약정),금융기관,신한은행
72798,에스프로젝트모빌,KRZF0142C6G3,에스프로젝트모빌 20260303-86-6,N,20260303,20260528,대출채권,KRW,,5000000000,5000000000,36,A1,,A1,,에스케이렌터카,차환발행위험(유동성 공여형 매입약정),금융기관,신한은행
72798,에스프로젝트모빌,KRZF0142C7G3,에스프로젝트모빌 20260303-86-7,N,20260303,20260528,대출채권,KRW,,5000000000,5000000000,36,A1,,A1,,에스케이렌터카,차환발행위험(유동성 공여형 매입약정),금융기관,신한은행
72798,에스프로젝트모빌,KRZF0142C8G3,에스프로젝트모빌 20260303-86-8,N,20260303,20260528,대출채권,KRW,,1700000000,1700000000,36,A1,,A1,,에스케이렌터카,차환발행위험(유동성 공여형 매입약정),금융기관,신한은행
62940,에이케이원큐제이차,KRZFA66011G3,에이케이원큐제이차 20260303-86-1,N,20260303,20260528,수익증권,KRW,,5000000000,5000000000,36,A1,A1,,,에이케이에스앤디,외부 신용보강,금융기관,하나은행
62940,에이케이원큐제이차,KRZFA66012G3,에이케이원큐제이차 20260303-86-2,N,20260303,20260528,수익증권,KRW,,1000000000,1000000000,36,A1,A1,,,에이케이에스앤디,외부 신용보강,금융기관,하나은행
72845,엑스티어하나제사차,KRZF0133V1G3,엑스티어하나제사차 20260303-90-1,N,20260303,20260601,대출채권,KRW,,5000000000,5000000000,40,A1,A1,,,현대오일뱅크,차환발행위험(유동성 공여형 매입약정),금융기관,하나은행
72845,엑스티어하나제사차,KRZF0133VAG3,엑스티어하나제사차 20260303-90-10,N,20260303,20260601,대출채권,KRW,,5000000000,5000000000,40,A1,A1,,,현대오일뱅크,차환발행위험(유동성 공여형 매입약정),금융기관,하나은행
72845,엑스티어하나제사차,KRZF0133VBG3,엑스티어하나제사차 20260303-90-11,N,20260303,20260601,대출채권,KRW,,5000000000,5000000000,40,A1,A1,,,현대오일뱅크,차환발행위험(유동성 공여형 매입약정),금융기관,하나은행
72845,엑스티어하나제사차,KRZF0133VCG3,엑스티어하나제사차 20260303-90-12,N,20260303,20260601,대출채권,KRW,,5000000000,5000000000,40,A1,A1,,,현대오일뱅크,차환발행위험(유동성 공여형 매입약정),금융기관,하나은행
72845,엑스티어하나제사차,KRZF0133V2G3,엑스티어하나제사차 20260303-90-2,N,20260303,20260601,대출채권,KRW,,5000000000,5000000000,40,A1,A1,,,현대오일뱅크,차환발행위험(유동성 공여형 매입약정),금융기관,하나은행
72845,엑스티어하나제사차,KRZF0133V3G3,엑스티어하나제사차 20260303-90-3,N,20260303,20260601,대출채권,KRW,,5000000000,5000000000,40,A1,A1,,,현대오일뱅크,차환발행위험(유동성 공여형 매입약정),금융기관,하나은행
72845,엑스티어하나제사차,KRZF0133V4G3,엑스티어하나제사차 20260303-90-4,N,20260303,20260601,대출채권,KRW,,5000000000,5000000000,40,A1,A1,,,현대오일뱅크,차환발행위험(유동성 공여형 매입약정),금융기관,하나은행
72845,엑스티어하나제사차,KRZF0133V5G3,엑스티어하나제사차 20260303-90-5,N,20260303,20260601,대출채권,KRW,,5000000000,5000000000,40,A1,A1,,,현대오일뱅크,차환발행위험(유동성 공여형 매입약정),금융기관,하나은행
72845,엑스티어하나제사차,KRZF0133V6G3,엑스티어하나제사차 20260303-90-6,N,20260303,20260601,대출채권,KRW,,5000000000,5000000000,40,A1,A1,,,현대오일뱅크,차환발행위험(유동성 공여형 매입약정),금융기관,하나은행
72845,엑스티어하나제사차,KRZF0133V7G3,엑스티어하나제사차 20260303-90-7,N,20260303,20260601,대출채권,KRW,,5000000000,5000000000,40,A1,A1,,,현대오일뱅크,차환발행위험(유동성 공여형 매입약정),금융기관,하나은행
72845,엑스티어하나제사차,KRZF0133V8G3,엑스티어하나제사차 20260303-90-8,N,20260303,20260601,대출채권,KRW,,5000000000,5000000000,40,A1,A1,,,현대오일뱅크,차환발행위험(유동성 공여형 매입약정),금융기관,하나은행
72845,엑스티어하나제사차,KRZF0133V9G3,엑스티어하나제사차 20260303-90-9,N,20260303,20260601,대출채권,KRW,,5000000000,5000000000,40,A1,A1,,,현대오일뱅크,차환발행위험(유동성 공여형 매입약정),금융기관,하나은행
71515,엔에이치디케이제일차,KRZF0099C1G3,엔에이치디케이제일차 20260303-86-1,N,20260303,20260528,대출채권,KRW,,5000000000,5000000000,36,,A1,A1,,동국제강,차환발행위험(유동성 공여형 매입약정),금융기관,농협은행
71515,엔에이치디케이제일차,KRZF0099C1G3,엔에이치디케이제일차 20260303-86-1,N,20260303,20260528,대출채권,KRW,,5000000000,5000000000,36,,A1,A1,,동국제강,금리변동/환율변동,금융기관,농협은행
71515,엔에이치디케이제일차,KRZF0099CAG3,엔에이치디케이제일차 20260303-86-10,N,20260303,20260528,대출채권,KRW,,5000000000,5000000000,36,,A1,A1,,동국제강,차환발행위험(유동성 공여형 매입약정),금융기관,농협은행
71515,엔에이치디케이제일차,KRZF0099CAG3,엔에이치디케이제일차 20260303-86-10,N,20260303,20260528,대출채권,KRW,,5000000000,5000000000,36,,A1,A1,,동국제강,금리변동/환율변동,금융기관,농협은행
71515,엔에이치디케이제일차,KRZF0099CBG3,엔에이치디케이제일차 20260303-86-11,N,20260303,20260528,대출채권,KRW,,5000000000,5000000000,36,,A1,A1,,동국제강,차환발행위험(유동성 공여형 매입약정),금융기관,농협은행
71515,엔에이치디케이제일차,KRZF0099CBG3,엔에이치디케이제일차 20260303-86-11,N,20260303,20260528,대출채권,KRW,,5000000000,5000000000,36,,A1,A1,,동국제강,금리변동/환율변동,금융기관,농협은행
71515,엔에이치디케이제일차,KRZF0099CCG3,엔에이치디케이제일차 20260303-86-12,N,20260303,20260528,대출채권,KRW,,5000000000,5000000000,36,,A1,A1,,동국제강,차환발행위험(유동성 공여형 매입약정),금융기관,농협은행
71515,엔에이치디케이제일차,KRZF0099CCG3,엔에이치디케이제일차 20260303-86-12,N,20260303,20260528,대출채권,KRW,,5000000000,5000000000,36,,A1,A1,,동국제강,금리변동/환율변동,금융기관,농협은행
71515,엔에이치디케이제일차,KRZF0099CDG3,엔에이치디케이제일차 20260303-86-13,N,20260303,20260528,대출채권,KRW,,5000000000,5000000000,36,,A1,A1,,동국제강,차환발행위험(유동성 공여형 매입약정),금융기관,농협은행
71515,엔에이치디케이제일차,KRZF0099CDG3,엔에이치디케이제일차 20260303-86-13,N,20260303,20260528,대출채권,KRW,,5000000000,5000000000,36,,A1,A1,,동국제강,금리변동/환율변동,금융기관,농협은행
71515,엔에이치디케이제일차,KRZF0099CEG3,엔에이치디케이제일차 20260303-86-14,N,20260303,20260528,대출채권,KRW,,5000000000,5000000000,36,,A1,A1,,동국제강,차환발행위험(유동성 공여형 매입약정),금융기관,농협은행
71515,엔에이치디케이제일차,KRZF0099CEG3,엔에이치디케이제일차 20260303-86-14,N,20260303,20260528,대출채권,KRW,,5000000000,5000000000,36,,A1,A1,,동국제강,금리변동/환율변동,금융기관,농협은행
71515,엔에이치디케이제일차,KRZF0099CFG3,엔에이치디케이제일차 20260303-86-15,N,20260303,20260528,대출채권,KRW,,5000000000,5000000000,36,,A1,A1,,동국제강,차환발행위험(유동성 공여형 매입약정),금융기관,농협은행
71515,엔에이치디케이제일차,KRZF0099CFG3,엔에이치디케이제일차 20260303-86-15,N,20260303,20260528,대출채권,KRW,,5000000000,5000000000,36,,A1,A1,,동국제강,금리변동/환율변동,금융기관,농협은행
71515,엔에이치디케이제일차,KRZF0099CGG3,엔에이치디케이제일차 20260303-86-16,N,20260303,20260528,대출채권,KRW,,5000000000,5000000000,36,,A1,A1,,동국제강,차환발행위험(유동성 공여형 매입약정),금융기관,농협은행
71515,엔에이치디케이제일차,KRZF0099CGG3,엔에이치디케이제일차 20260303-86-16,N,20260303,20260528,대출채권,KRW,,5000000000,5000000000,36,,A1,A1,,동국제강,금리변동/환율변동,금융기관,농협은행
71515,엔에이치디케이제일차,KRZF0099C2G3,엔에이치디케이제일차 20260303-86-2,N,20260303,20260528,대출채권,KRW,,5000000000,5000000000,36,,A1,A1,,동국제강,차환발행위험(유동성 공여형 매입약정),금융기관,농협은행
71515,엔에이치디케이제일차,KRZF0099C2G3,엔에이치디케이제일차 20260303-86-2,N,20260303,20260528,대출채권,KRW,,5000000000,5000000000,36,,A1,A1,,동국제강,금리변동/환율변동,금융기관,농협은행
71515,엔에이치디케이제일차,KRZF0099C3G3,엔에이치디케이제일차 20260303-86-3,N,20260303,20260528,대출채권,KRW,,5000000000,5000000000,36,,A1,A1,,동국제강,차환발행위험(유동성 공여형 매입약정),금융기관,농협은행
71515,엔에이치디케이제일차,KRZF0099C3G3,엔에이치디케이제일차 20260303-86-3,N,20260303,20260528,대출채권,KRW,,5000000000,5000000000,36,,A1,A1,,동국제강,금리변동/환율변동,금융기관,농협은행
71515,엔에이치디케이제일차,KRZF0099C4G3,엔에이치디케이제일차 20260303-86-4,N,20260303,20260528,대출채권,KRW,,5000000000,5000000000,36,,A1,A1,,동국제강,차환발행위험(유동성 공여형 매입약정),금융기관,농협은행
71515,엔에이치디케이제일차,KRZF0099C4G3,엔에이치디케이제일차 20260303-86-4,N,20260303,20260528,대출채권,KRW,,5000000000,5000000000,36,,A1,A1,,동국제강,금리변동/환율변동,금융기관,농협은행
71515,엔에이치디케이제일차,KRZF0099C5G3,엔에이치디케이제일차 20260303-86-5,N,20260303,20260528,대출채권,KRW,,5000000000,5000000000,36,,A1,A1,,동국제강,차환발행위험(유동성 공여형 매입약정),금융기관,농협은행
71515,엔에이치디케이제일차,KRZF0099C5G3,엔에이치디케이제일차 20260303-86-5,N,20260303,20260528,대출채권,KRW,,5000000000,5000000000,36,,A1,A1,,동국제강,금리변동/환율변동,금융기관,농협은행
71515,엔에이치디케이제일차,KRZF0099C6G3,엔에이치디케이제일차 20260303-86-6,N,20260303,20260528,대출채권,KRW,,5000000000,5000000000,36,,A1,A1,,동국제강,차환발행위험(유동성 공여형 매입약정),금융기관,농협은행
71515,엔에이치디케이제일차,KRZF0099C6G3,엔에이치디케이제일차 20260303-86-6,N,20260303,20260528,대출채권,KRW,,5000000000,5000000000,36,,A1,A1,,동국제강,금리변동/환율변동,금융기관,농협은행
71515,엔에이치디케이제일차,KRZF0099C7G3,엔에이치디케이제일차 20260303-86-7,N,20260303,20260528,대출채권,KRW,,5000000000,5000000000,36,,A1,A1,,동국제강,차환발행위험(유동성 공여형 매입약정),금융기관,농협은행
71515,엔에이치디케이제일차,KRZF0099C7G3,엔에이치디케이제일차 20260303-86-7,N,20260303,20260528,대출채권,KRW,,5000000000,5000000000,36,,A1,A1,,동국제강,금리변동/환율변동,금융기관,농협은행
71515,엔에이치디케이제일차,KRZF0099C8G3,엔에이치디케이제일차 20260303-86-8,N,20260303,20260528,대출채권,KRW,,5000000000,5000000000,36,,A1,A1,,동국제강,차환발행위험(유동성 공여형 매입약정),금융기관,농협은행
71515,엔에이치디케이제일차,KRZF0099C8G3,엔에이치디케이제일차 20260303-86-8,N,20260303,20260528,대출채권,KRW,,5000000000,5000000000,36,,A1,A1,,동국제강,금리변동/환율변동,금융기관,농협은행
71515,엔에이치디케이제일차,KRZF0099C9G3,엔에이치디케이제일차 20260303-86-9,N,20260303,20260528,대출채권,KRW,,5000000000,5000000000,36,,A1,A1,,동국제강,차환발행위험(유동성 공여형 매입약정),금융기관,농협은행
71515,엔에이치디케이제일차,KRZF0099C9G3,엔에이치디케이제일차 20260303-86-9,N,20260303,20260528,대출채권,KRW,,5000000000,5000000000,36,,A1,A1,,동국제강,금리변동/환율변동,금융기관,농협은행
70255,엔젤레스제십팔차,KRZF300011G3,엔젤레스제십팔차 20260303-73-1,N,20260303,20260515,대출채권,KRW,,5000000000,5000000000,23,,A1,A1,,이화전문투자형사모부동산투자신탁19호,외부 신용보강,금융기관,신한투자증권(주)
70255,엔젤레스제십팔차,KRZF300012G3,엔젤레스제십팔차 20260303-73-2,N,20260303,20260515,대출채권,KRW,,5000000000,5000000000,23,,A1,A1,,이화전문투자형사모부동산투자신탁19호,외부 신용보강,금융기관,신한투자증권(주)
70255,엔젤레스제십팔차,KRZF300013G3,엔젤레스제십팔차 20260303-73-3,N,20260303,20260515,대출채권,KRW,,1400000000,1400000000,23,,A1,A1,,이화전문투자형사모부동산투자신탁19호,외부 신용보강,금융기관,신한투자증권(주)
70208,오시리아파크제삼차,KRZFA79921G3,오시리아파크제삼차 20260303-91-1,N,20260303,20260602,하이브리드증권,KRW,,5000000000,5000000000,41,A1,A1,,,오시리아테마파크피에프브이 주식회사,외부 신용보강,금융기관,신한은행
70208,오시리아파크제삼차,KRZFA79922G3,오시리아파크제삼차 20260303-91-2,N,20260303,20260602,하이브리드증권,KRW,,5000000000,5000000000,41,A1,A1,,,오시리아테마파크피에프브이 주식회사,외부 신용보강,금융기관,신한은행
70208,오시리아파크제삼차,KRZFA79923G3,오시리아파크제삼차 20260303-91-3,N,20260303,20260602,하이브리드증권,KRW,,5000000000,5000000000,41,A1,A1,,,오시리아테마파크피에프브이 주식회사,외부 신용보강,금융기관,신한은행
70208,오시리아파크제삼차,KRZFA79924G3,오시리아파크제삼차 20260303-91-4,N,20260303,20260602,하이브리드증권,KRW,,5000000000,5000000000,41,A1,A1,,,오시리아테마파크피에프브이 주식회사,외부 신용보강,금융기관,신한은행
70208,오시리아파크제삼차,KRZFA79925G3,오시리아파크제삼차 20260303-91-5,N,20260303,20260602,하이브리드증권,KRW,,5000000000,5000000000,41,A1,A1,,,오시리아테마파크피에프브이 주식회사,외부 신용보강,금융기관,신한은행
70208,오시리아파크제삼차,KRZFA79926G3,오시리아파크제삼차 20260303-91-6,N,20260303,20260602,하이브리드증권,KRW,,5000000000,5000000000,41,A1,A1,,,오시리아테마파크피에프브이 주식회사,외부 신용보강,금융기관,신한은행
70208,오시리아파크제삼차,KRZFA79927G3,오시리아파크제삼차 20260303-91-7,N,20260303,20260602,하이브리드증권,KRW,,2800000000,2800000000,41,A1,A1,,,오시리아테마파크피에프브이 주식회사,외부 신용보강,금융기관,신한은행
70279,오시리아파크제일차,KRZF327411G3,오시리아파크제일차 20260303-91-1,N,20260303,20260602,하이브리드증권,KRW,,10000000000,10000000000,41,A1,A1,,,오시리아테마파크피에프브이 주식회사,외부 신용보강,금융기관,국민은행
70279,오시리아파크제일차,KRZF327411G3,오시리아파크제일차 20260303-91-1,N,20260303,20260602,하이브리드증권,KRW,,10000000000,10000000000,41,A1,A1,,,오시리아테마파크피에프브이 주식회사,외부 신용보강,금융기관,농협은행
70279,오시리아파크제일차,KRZF32741AG3,오시리아파크제일차 20260303-91-10,N,20260303,20260602,하이브리드증권,KRW,,5000000000,5000000000,41,A1,A1,,,오시리아테마파크피에프브이 주식회사,외부 신용보강,금융기관,국민은행
70279,오시리아파크제일차,KRZF32741AG3,오시리아파크제일차 20260303-91-10,N,20260303,20260602,하이브리드증권,KRW,,5000000000,5000000000,41,A1,A1,,,오시리아테마파크피에프브이 주식회사,외부 신용보강,금융기관,농협은행
70279,오시리아파크제일차,KRZF32741BG3,오시리아파크제일차 20260303-91-11,N,20260303,20260602,하이브리드증권,KRW,,5000000000,5000000000,41,A1,A1,,,오시리아테마파크피에프브이 주식회사,외부 신용보강,금융기관,국민은행
70279,오시리아파크제일차,KRZF32741BG3,오시리아파크제일차 20260303-91-11,N,20260303,20260602,하이브리드증권,KRW,,5000000000,5000000000,41,A1,A1,,,오시리아테마파크피에프브이 주식회사,외부 신용보강,금융기관,농협은행
70279,오시리아파크제일차,KRZF32741CG3,오시리아파크제일차 20260303-91-12,N,20260303,20260602,하이브리드증권,KRW,,5000000000,5000000000,41,A1,A1,,,오시리아테마파크피에프브이 주식회사,외부 신용보강,금융기관,국민은행
70279,오시리아파크제일차,KRZF32741CG3,오시리아파크제일차 20260303-91-12,N,20260303,20260602,하이브리드증권,KRW,,5000000000,5000000000,41,A1,A1,,,오시리아테마파크피에프브이 주식회사,외부 신용보강,금융기관,농협은행
70279,오시리아파크제일차,KRZF32741DG3,오시리아파크제일차 20260303-91-13,N,20260303,20260602,하이브리드증권,KRW,,5000000000,5000000000,41,A1,A1,,,오시리아테마파크피에프브이 주식회사,외부 신용보강,금융기관,국민은행
70279,오시리아파크제일차,KRZF32741DG3,오시리아파크제일차 20260303-91-13,N,20260303,20260602,하이브리드증권,KRW,,5000000000,5000000000,41,A1,A1,,,오시리아테마파크피에프브이 주식회사,외부 신용보강,금융기관,농협은행
70279,오시리아파크제일차,KRZF32741EG3,오시리아파크제일차 20260303-91-14,N,20260303,20260602,하이브리드증권,KRW,,5000000000,5000000000,41,A1,A1,,,오시리아테마파크피에프브이 주식회사,외부 신용보강,금융기관,국민은행
70279,오시리아파크제일차,KRZF32741EG3,오시리아파크제일차 20260303-91-14,N,20260303,20260602,하이브리드증권,KRW,,5000000000,5000000000,41,A1,A1,,,오시리아테마파크피에프브이 주식회사,외부 신용보강,금융기관,농협은행
70279,오시리아파크제일차,KRZF32741FG3,오시리아파크제일차 20260303-91-15,N,20260303,20260602,하이브리드증권,KRW,,5000000000,5000000000,41,A1,A1,,,오시리아테마파크피에프브이 주식회사,외부 신용보강,금융기관,국민은행
70279,오시리아파크제일차,KRZF32741FG3,오시리아파크제일차 20260303-91-15,N,20260303,20260602,하이브리드증권,KRW,,5000000000,5000000000,41,A1,A1,,,오시리아테마파크피에프브이 주식회사,외부 신용보강,금융기관,농협은행
70279,오시리아파크제일차,KRZF32741GG3,오시리아파크제일차 20260303-91-16,N,20260303,20260602,하이브리드증권,KRW,,5000000000,5000000000,41,A1,A1,,,오시리아테마파크피에프브이 주식회사,외부 신용보강,금융기관,국민은행
70279,오시리아파크제일차,KRZF32741GG3,오시리아파크제일차 20260303-91-16,N,20260303,20260602,하이브리드증권,KRW,,5000000000,5000000000,41,A1,A1,,,오시리아테마파크피에프브이 주식회사,외부 신용보강,금융기관,농협은행
70279,오시리아파크제일차,KRZF32741HG3,오시리아파크제일차 20260303-91-17,N,20260303,20260602,하이브리드증권,KRW,,5000000000,5000000000,41,A1,A1,,,오시리아테마파크피에프브이 주식회사,외부 신용보강,금융기관,국민은행
70279,오시리아파크제일차,KRZF32741HG3,오시리아파크제일차 20260303-91-17,N,20260303,20260602,하이브리드증권,KRW,,5000000000,5000000000,41,A1,A1,,,오시리아테마파크피에프브이 주식회사,외부 신용보강,금융기관,농협은행
70279,오시리아파크제일차,KRZF32741JG3,오시리아파크제일차 20260303-91-18,N,20260303,20260602,하이브리드증권,KRW,,2900000000,2900000000,41,A1,A1,,,오시리아테마파크피에프브이 주식회사,외부 신용보강,금융기관,국민은행
70279,오시리아파크제일차,KRZF32741JG3,오시리아파크제일차 20260303-91-18,N,20260303,20260602,하이브리드증권,KRW,,2900000000,2900000000,41,A1,A1,,,오시리아테마파크피에프브이 주식회사,외부 신용보강,금융기관,농협은행
70279,오시리아파크제일차,KRZF32741KG3,오시리아파크제일차 20260303-91-19,N,20260303,20260602,하이브리드증권,KRW,,5000000000,5000000000,41,A1,A1,,,오시리아테마파크피에프브이 주식회사,외부 신용보강,금융기관,국민은행
70279,오시리아파크제일차,KRZF32741KG3,오시리아파크제일차 20260303-91-19,N,20260303,20260602,하이브리드증권,KRW,,5000000000,5000000000,41,A1,A1,,,오시리아테마파크피에프브이 주식회사,외부 신용보강,금융기관,농협은행
70279,오시리아파크제일차,KRZF327412G3,오시리아파크제일차 20260303-91-2,N,20260303,20260602,하이브리드증권,KRW,,5000000000,5000000000,41,A1,A1,,,오시리아테마파크피에프브이 주식회사,외부 신용보강,금융기관,국민은행
70279,오시리아파크제일차,KRZF327412G3,오시리아파크제일차 20260303-91-2,N,20260303,20260602,하이브리드증권,KRW,,5000000000,5000000000,41,A1,A1,,,오시리아테마파크피에프브이 주식회사,외부 신용보강,금융기관,농협은행
70279,오시리아파크제일차,KRZF32741LG3,오시리아파크제일차 20260303-91-20,N,20260303,20260602,하이브리드증권,KRW,,5000000000,5000000000,41,A1,A1,,,오시리아테마파크피에프브이 주식회사,외부 신용보강,금융기관,국민은행
70279,오시리아파크제일차,KRZF32741LG3,오시리아파크제일차 20260303-91-20,N,20260303,20260602,하이브리드증권,KRW,,5000000000,5000000000,41,A1,A1,,,오시리아테마파크피에프브이 주식회사,외부 신용보강,금융기관,농협은행
70279,오시리아파크제일차,KRZF32741MG3,오시리아파크제일차 20260303-91-21,N,20260303,20260602,하이브리드증권,KRW,,5000000000,5000000000,41,A1,A1,,,오시리아테마파크피에프브이 주식회사,외부 신용보강,금융기관,국민은행
70279,오시리아파크제일차,KRZF32741MG3,오시리아파크제일차 20260303-91-21,N,20260303,20260602,하이브리드증권,KRW,,5000000000,5000000000,41,A1,A1,,,오시리아테마파크피에프브이 주식회사,외부 신용보강,금융기관,농협은행
70279,오시리아파크제일차,KRZF32741NG3,오시리아파크제일차 20260303-91-22,N,20260303,20260602,하이브리드증권,KRW,,5000000000,5000000000,41,A1,A1,,,오시리아테마파크피에프브이 주식회사,외부 신용보강,금융기관,국민은행
70279,오시리아파크제일차,KRZF32741NG3,오시리아파크제일차 20260303-91-22,N,20260303,20260602,하이브리드증권,KRW,,5000000000,5000000000,41,A1,A1,,,오시리아테마파크피에프브이 주식회사,외부 신용보강,금융기관,농협은행
70279,오시리아파크제일차,KRZF32741PG3,오시리아파크제일차 20260303-91-23,N,20260303,20260602,하이브리드증권,KRW,,5000000000,5000000000,41,A1,A1,,,오시리아테마파크피에프브이 주식회사,외부 신용보강,금융기관,국민은행
70279,오시리아파크제일차,KRZF32741PG3,오시리아파크제일차 20260303-91-23,N,20260303,20260602,하이브리드증권,KRW,,5000000000,5000000000,41,A1,A1,,,오시리아테마파크피에프브이 주식회사,외부 신용보강,금융기관,농협은행
70279,오시리아파크제일차,KRZF32741QG3,오시리아파크제일차 20260303-91-24,N,20260303,20260602,하이브리드증권,KRW,,5000000000,5000000000,41,A1,A1,,,오시리아테마파크피에프브이 주식회사,외부 신용보강,금융기관,국민은행
70279,오시리아파크제일차,KRZF32741QG3,오시리아파크제일차 20260303-91-24,N,20260303,20260602,하이브리드증권,KRW,,5000000000,5000000000,41,A1,A1,,,오시리아테마파크피에프브이 주식회사,외부 신용보강,금융기관,농협은행
70279,오시리아파크제일차,KRZF32741RG3,오시리아파크제일차 20260303-91-25,N,20260303,20260602,하이브리드증권,KRW,,5000000000,5000000000,41,A1,A1,,,오시리아테마파크피에프브이 주식회사,외부 신용보강,금융기관,국민은행
70279,오시리아파크제일차,KRZF32741RG3,오시리아파크제일차 20260303-91-25,N,20260303,20260602,하이브리드증권,KRW,,5000000000,5000000000,41,A1,A1,,,오시리아테마파크피에프브이 주식회사,외부 신용보강,금융기관,농협은행
70279,오시리아파크제일차,KRZF32741SG3,오시리아파크제일차 20260303-91-26,N,20260303,20260602,하이브리드증권,KRW,,5000000000,5000000000,41,A1,A1,,,오시리아테마파크피에프브이 주식회사,외부 신용보강,금융기관,국민은행
70279,오시리아파크제일차,KRZF32741SG3,오시리아파크제일차 20260303-91-26,N,20260303,20260602,하이브리드증권,KRW,,5000000000,5000000000,41,A1,A1,,,오시리아테마파크피에프브이 주식회사,외부 신용보강,금융기관,농협은행
70279,오시리아파크제일차,KRZF32741TG3,오시리아파크제일차 20260303-91-27,N,20260303,20260602,하이브리드증권,KRW,,5000000000,5000000000,41,A1,A1,,,오시리아테마파크피에프브이 주식회사,외부 신용보강,금융기관,국민은행
70279,오시리아파크제일차,KRZF32741TG3,오시리아파크제일차 20260303-91-27,N,20260303,20260602,하이브리드증권,KRW,,5000000000,5000000000,41,A1,A1,,,오시리아테마파크피에프브이 주식회사,외부 신용보강,금융기관,농협은행
70279,오시리아파크제일차,KRZF32741VG3,오시리아파크제일차 20260303-91-28,N,20260303,20260602,하이브리드증권,KRW,,5000000000,5000000000,41,A1,A1,,,오시리아테마파크피에프브이 주식회사,외부 신용보강,금융기관,국민은행
70279,오시리아파크제일차,KRZF32741VG3,오시리아파크제일차 20260303-91-28,N,20260303,20260602,하이브리드증권,KRW,,5000000000,5000000000,41,A1,A1,,,오시리아테마파크피에프브이 주식회사,외부 신용보강,금융기관,농협은행
70279,오시리아파크제일차,KRZF32741WG3,오시리아파크제일차 20260303-91-29,N,20260303,20260602,하이브리드증권,KRW,,10000000000,10000000000,41,A1,A1,,,오시리아테마파크피에프브이 주식회사,외부 신용보강,금융기관,국민은행
70279,오시리아파크제일차,KRZF32741WG3,오시리아파크제일차 20260303-91-29,N,20260303,20260602,하이브리드증권,KRW,,10000000000,10000000000,41,A1,A1,,,오시리아테마파크피에프브이 주식회사,외부 신용보강,금융기관,농협은행
70279,오시리아파크제일차,KRZF327413G3,오시리아파크제일차 20260303-91-3,N,20260303,20260602,하이브리드증권,KRW,,5000000000,5000000000,41,A1,A1,,,오시리아테마파크피에프브이 주식회사,외부 신용보강,금융기관,국민은행
70279,오시리아파크제일차,KRZF327413G3,오시리아파크제일차 20260303-91-3,N,20260303,20260602,하이브리드증권,KRW,,5000000000,5000000000,41,A1,A1,,,오시리아테마파크피에프브이 주식회사,외부 신용보강,금융기관,농협은행
70279,오시리아파크제일차,KRZF32741XG3,오시리아파크제일차 20260303-91-30,N,20260303,20260602,하이브리드증권,KRW,,10000000000,10000000000,41,A1,A1,,,오시리아테마파크피에프브이 주식회사,외부 신용보강,금융기관,국민은행
70279,오시리아파크제일차,KRZF32741XG3,오시리아파크제일차 20260303-91-30,N,20260303,20260602,하이브리드증권,KRW,,10000000000,10000000000,41,A1,A1,,,오시리아테마파크피에프브이 주식회사,외부 신용보강,금융기관,농협은행
70279,오시리아파크제일차,KRZF32741YG3,오시리아파크제일차 20260303-91-31,N,20260303,20260602,하이브리드증권,KRW,,10000000000,10000000000,41,A1,A1,,,오시리아테마파크피에프브이 주식회사,외부 신용보강,금융기관,국민은행
70279,오시리아파크제일차,KRZF32741YG3,오시리아파크제일차 20260303-91-31,N,20260303,20260602,하이브리드증권,KRW,,10000000000,10000000000,41,A1,A1,,,오시리아테마파크피에프브이 주식회사,외부 신용보강,금융기관,농협은행
70279,오시리아파크제일차,KRZF32741ZG3,오시리아파크제일차 20260303-91-32,N,20260303,20260602,하이브리드증권,KRW,,10000000000,10000000000,41,A1,A1,,,오시리아테마파크피에프브이 주식회사,외부 신용보강,금융기관,국민은행
70279,오시리아파크제일차,KRZF32741ZG3,오시리아파크제일차 20260303-91-32,N,20260303,20260602,하이브리드증권,KRW,,10000000000,10000000000,41,A1,A1,,,오시리아테마파크피에프브이 주식회사,외부 신용보강,금융기관,농협은행
70279,오시리아파크제일차,KRZF327410GF,오시리아파크제일차 20260303-91-33,N,20260303,20260602,하이브리드증권,KRW,,2950000000,2950000000,41,A1,A1,,,오시리아테마파크피에프브이 주식회사,외부 신용보강,금융기관,국민은행
70279,오시리아파크제일차,KRZF327410GF,오시리아파크제일차 20260303-91-33,N,20260303,20260602,하이브리드증권,KRW,,2950000000,2950000000,41,A1,A1,,,오시리아테마파크피에프브이 주식회사,외부 신용보강,금융기관,농협은행
70279,오시리아파크제일차,KRZF327414G3,오시리아파크제일차 20260303-91-4,N,20260303,20260602,하이브리드증권,KRW,,5000000000,5000000000,41,A1,A1,,,오시리아테마파크피에프브이 주식회사,외부 신용보강,금융기관,국민은행
70279,오시리아파크제일차,KRZF327414G3,오시리아파크제일차 20260303-91-4,N,20260303,20260602,하이브리드증권,KRW,,5000000000,5000000000,41,A1,A1,,,오시리아테마파크피에프브이 주식회사,외부 신용보강,금융기관,농협은행
70279,오시리아파크제일차,KRZF327415G3,오시리아파크제일차 20260303-91-5,N,20260303,20260602,하이브리드증권,KRW,,5000000000,5000000000,41,A1,A1,,,오시리아테마파크피에프브이 주식회사,외부 신용보강,금융기관,국민은행
70279,오시리아파크제일차,KRZF327415G3,오시리아파크제일차 20260303-91-5,N,20260303,20260602,하이브리드증권,KRW,,5000000000,5000000000,41,A1,A1,,,오시리아테마파크피에프브이 주식회사,외부 신용보강,금융기관,농협은행
70279,오시리아파크제일차,KRZF327416G3,오시리아파크제일차 20260303-91-6,N,20260303,20260602,하이브리드증권,KRW,,5000000000,5000000000,41,A1,A1,,,오시리아테마파크피에프브이 주식회사,외부 신용보강,금융기관,국민은행
70279,오시리아파크제일차,KRZF327416G3,오시리아파크제일차 20260303-91-6,N,20260303,20260602,하이브리드증권,KRW,,5000000000,5000000000,41,A1,A1,,,오시리아테마파크피에프브이 주식회사,외부 신용보강,금융기관,농협은행
70279,오시리아파크제일차,KRZF327417G3,오시리아파크제일차 20260303-91-7,N,20260303,20260602,하이브리드증권,KRW,,5000000000,5000000000,41,A1,A1,,,오시리아테마파크피에프브이 주식회사,외부 신용보강,금융기관,국민은행
70279,오시리아파크제일차,KRZF327417G3,오시리아파크제일차 20260303-91-7,N,20260303,20260602,하이브리드증권,KRW,,5000000000,5000000000,41,A1,A1,,,오시리아테마파크피에프브이 주식회사,외부 신용보강,금융기관,농협은행
70279,오시리아파크제일차,KRZF327418G3,오시리아파크제일차 20260303-91-8,N,20260303,20260602,하이브리드증권,KRW,,5000000000,5000000000,41,A1,A1,,,오시리아테마파크피에프브이 주식회사,외부 신용보강,금융기관,국민은행
70279,오시리아파크제일차,KRZF327418G3,오시리아파크제일차 20260303-91-8,N,20260303,20260602,하이브리드증권,KRW,,5000000000,5000000000,41,A1,A1,,,오시리아테마파크피에프브이 주식회사,외부 신용보강,금융기관,농협은행
70279,오시리아파크제일차,KRZF327419G3,오시리아파크제일차 20260303-91-9,N,20260303,20260602,하이브리드증권,KRW,,5000000000,5000000000,41,A1,A1,,,오시리아테마파크피에프브이 주식회사,외부 신용보강,금융기관,국민은행
70279,오시리아파크제일차,KRZF327419G3,오시리아파크제일차 20260303-91-9,N,20260303,20260602,하이브리드증권,KRW,,5000000000,5000000000,41,A1,A1,,,오시리아테마파크피에프브이 주식회사,외부 신용보강,금융기관,농협은행
71512,우리디케이제일차,KRZF0099E1G3,우리디케이제일차 20260303-86-1,N,20260303,20260528,대출채권,KRW,,5000000000,5000000000,36,,A1,A1,,동국제강,차환발행위험(유동성 공여형 매입약정),금융기관,우리은행
71512,우리디케이제일차,KRZF0099E1G3,우리디케이제일차 20260303-86-1,N,20260303,20260528,대출채권,KRW,,5000000000,5000000000,36,,A1,A1,,동국제강,금리변동/환율변동,금융기관,우리은행
71512,우리디케이제일차,KRZF0099EAG3,우리디케이제일차 20260303-86-10,N,20260303,20260528,대출채권,KRW,,5000000000,5000000000,36,,A1,A1,,동국제강,차환발행위험(유동성 공여형 매입약정),금융기관,우리은행
71512,우리디케이제일차,KRZF0099EAG3,우리디케이제일차 20260303-86-10,N,20260303,20260528,대출채권,KRW,,5000000000,5000000000,36,,A1,A1,,동국제강,금리변동/환율변동,금융기관,우리은행
71512,우리디케이제일차,KRZF0099EBG3,우리디케이제일차 20260303-86-11,N,20260303,20260528,대출채권,KRW,,5000000000,5000000000,36,,A1,A1,,동국제강,차환발행위험(유동성 공여형 매입약정),금융기관,우리은행
71512,우리디케이제일차,KRZF0099EBG3,우리디케이제일차 20260303-86-11,N,20260303,20260528,대출채권,KRW,,5000000000,5000000000,36,,A1,A1,,동국제강,금리변동/환율변동,금융기관,우리은행
71512,우리디케이제일차,KRZF0099ECG3,우리디케이제일차 20260303-86-12,N,20260303,20260528,대출채권,KRW,,5000000000,5000000000,36,,A1,A1,,동국제강,차환발행위험(유동성 공여형 매입약정),금융기관,우리은행
71512,우리디케이제일차,KRZF0099ECG3,우리디케이제일차 20260303-86-12,N,20260303,20260528,대출채권,KRW,,5000000000,5000000000,36,,A1,A1,,동국제강,금리변동/환율변동,금융기관,우리은행
71512,우리디케이제일차,KRZF0099EDG3,우리디케이제일차 20260303-86-13,N,20260303,20260528,대출채권,KRW,,5000000000,5000000000,36,,A1,A1,,동국제강,차환발행위험(유동성 공여형 매입약정),금융기관,우리은행
71512,우리디케이제일차,KRZF0099EDG3,우리디케이제일차 20260303-86-13,N,20260303,20260528,대출채권,KRW,,5000000000,5000000000,36,,A1,A1,,동국제강,금리변동/환율변동,금융기관,우리은행
71512,우리디케이제일차,KRZF0099EEG3,우리디케이제일차 20260303-86-14,N,20260303,20260528,대출채권,KRW,,5000000000,5000000000,36,,A1,A1,,동국제강,차환발행위험(유동성 공여형 매입약정),금융기관,우리은행
71512,우리디케이제일차,KRZF0099EEG3,우리디케이제일차 20260303-86-14,N,20260303,20260528,대출채권,KRW,,5000000000,5000000000,36,,A1,A1,,동국제강,금리변동/환율변동,금융기관,우리은행
71512,우리디케이제일차,KRZF0099EFG3,우리디케이제일차 20260303-86-15,N,20260303,20260528,대출채권,KRW,,5000000000,5000000000,36,,A1,A1,,동국제강,차환발행위험(유동성 공여형 매입약정),금융기관,우리은행
71512,우리디케이제일차,KRZF0099EFG3,우리디케이제일차 20260303-86-15,N,20260303,20260528,대출채권,KRW,,5000000000,5000000000,36,,A1,A1,,동국제강,금리변동/환율변동,금융기관,우리은행
71512,우리디케이제일차,KRZF0099EGG3,우리디케이제일차 20260303-86-16,N,20260303,20260528,대출채권,KRW,,5000000000,5000000000,36,,A1,A1,,동국제강,차환발행위험(유동성 공여형 매입약정),금융기관,우리은행
71512,우리디케이제일차,KRZF0099EGG3,우리디케이제일차 20260303-86-16,N,20260303,20260528,대출채권,KRW,,5000000000,5000000000,36,,A1,A1,,동국제강,금리변동/환율변동,금융기관,우리은행
71512,우리디케이제일차,KRZF0099E2G3,우리디케이제일차 20260303-86-2,N,20260303,20260528,대출채권,KRW,,5000000000,5000000000,36,,A1,A1,,동국제강,차환발행위험(유동성 공여형 매입약정),금융기관,우리은행
71512,우리디케이제일차,KRZF0099E2G3,우리디케이제일차 20260303-86-2,N,20260303,20260528,대출채권,KRW,,5000000000,5000000000,36,,A1,A1,,동국제강,금리변동/환율변동,금융기관,우리은행
71512,우리디케이제일차,KRZF0099E3G3,우리디케이제일차 20260303-86-3,N,20260303,20260528,대출채권,KRW,,5000000000,5000000000,36,,A1,A1,,동국제강,차환발행위험(유동성 공여형 매입약정),금융기관,우리은행
71512,우리디케이제일차,KRZF0099E3G3,우리디케이제일차 20260303-86-3,N,20260303,20260528,대출채권,KRW,,5000000000,5000000000,36,,A1,A1,,동국제강,금리변동/환율변동,금융기관,우리은행
71512,우리디케이제일차,KRZF0099E4G3,우리디케이제일차 20260303-86-4,N,20260303,20260528,대출채권,KRW,,5000000000,5000000000,36,,A1,A1,,동국제강,차환발행위험(유동성 공여형 매입약정),금융기관,우리은행
71512,우리디케이제일차,KRZF0099E4G3,우리디케이제일차 20260303-86-4,N,20260303,20260528,대출채권,KRW,,5000000000,5000000000,36,,A1,A1,,동국제강,금리변동/환율변동,금융기관,우리은행
71512,우리디케이제일차,KRZF0099E5G3,우리디케이제일차 20260303-86-5,N,20260303,20260528,대출채권,KRW,,5000000000,5000000000,36,,A1,A1,,동국제강,차환발행위험(유동성 공여형 매입약정),금융기관,우리은행
71512,우리디케이제일차,KRZF0099E5G3,우리디케이제일차 20260303-86-5,N,20260303,20260528,대출채권,KRW,,5000000000,5000000000,36,,A1,A1,,동국제강,금리변동/환율변동,금융기관,우리은행
71512,우리디케이제일차,KRZF0099E6G3,우리디케이제일차 20260303-86-6,N,20260303,20260528,대출채권,KRW,,5000000000,5000000000,36,,A1,A1,,동국제강,차환발행위험(유동성 공여형 매입약정),금융기관,우리은행
71512,우리디케이제일차,KRZF0099E6G3,우리디케이제일차 20260303-86-6,N,20260303,20260528,대출채권,KRW,,5000000000,5000000000,36,,A1,A1,,동국제강,금리변동/환율변동,금융기관,우리은행
71512,우리디케이제일차,KRZF0099E7G3,우리디케이제일차 20260303-86-7,N,20260303,20260528,대출채권,KRW,,5000000000,5000000000,36,,A1,A1,,동국제강,차환발행위험(유동성 공여형 매입약정),금융기관,우리은행
71512,우리디케이제일차,KRZF0099E7G3,우리디케이제일차 20260303-86-7,N,20260303,20260528,대출채권,KRW,,5000000000,5000000000,36,,A1,A1,,동국제강,금리변동/환율변동,금융기관,우리은행
71512,우리디케이제일차,KRZF0099E8G3,우리디케이제일차 20260303-86-8,N,20260303,20260528,대출채권,KRW,,5000000000,5000000000,36,,A1,A1,,동국제강,차환발행위험(유동성 공여형 매입약정),금융기관,우리은행
71512,우리디케이제일차,KRZF0099E8G3,우리디케이제일차 20260303-86-8,N,20260303,20260528,대출채권,KRW,,5000000000,5000000000,36,,A1,A1,,동국제강,금리변동/환율변동,금융기관,우리은행
71512,우리디케이제일차,KRZF0099E9G3,우리디케이제일차 20260303-86-9,N,20260303,20260528,대출채권,KRW,,5000000000,5000000000,36,,A1,A1,,동국제강,차환발행위험(유동성 공여형 매입약정),금융기관,우리은행
71512,우리디케이제일차,KRZF0099E9G3,우리디케이제일차 20260303-86-9,N,20260303,20260528,대출채권,KRW,,5000000000,5000000000,36,,A1,A1,,동국제강,금리변동/환율변동,금융기관,우리은행
64040,우리에스케이알제일차,KRZF373031G3,우리에스케이알제일차 20260303-90-1,N,20260303,20260601,대출채권,KRW,,5000000000,5000000000,40,A1,,A1,,에스케이렌터카,외부 신용보강,금융기관,우리은행
64040,우리에스케이알제일차,KRZF373032G3,우리에스케이알제일차 20260303-90-2,N,20260303,20260601,대출채권,KRW,,5000000000,5000000000,40,A1,,A1,,에스케이렌터카,외부 신용보강,금융기관,우리은행
64040,우리에스케이알제일차,KRZF373033G3,우리에스케이알제일차 20260303-90-3,N,20260303,20260601,대출채권,KRW,,5000000000,5000000000,40,A1,,A1,,에스케이렌터카,외부 신용보강,금융기관,우리은행
64040,우리에스케이알제일차,KRZF373034G3,우리에스케이알제일차 20260303-90-4,N,20260303,20260601,대출채권,KRW,,5000000000,5000000000,40,A1,,A1,,에스케이렌터카,외부 신용보강,금융기관,우리은행
64040,우리에스케이알제일차,KRZF373035G3,우리에스케이알제일차 20260303-90-5,N,20260303,20260601,대출채권,KRW,,5000000000,5000000000,40,A1,,A1,,에스케이렌터카,외부 신용보강,금융기관,우리은행
64040,우리에스케이알제일차,KRZF373036G3,우리에스케이알제일차 20260303-90-6,N,20260303,20260601,대출채권,KRW,,5000000000,5000000000,40,A1,,A1,,에스케이렌터카,외부 신용보강,금융기관,우리은행
64040,우리에스케이알제일차,KRZF373037G3,우리에스케이알제일차 20260303-90-7,N,20260303,20260601,대출채권,KRW,,5000000000,5000000000,40,A1,,A1,,에스케이렌터카,외부 신용보강,금융기관,우리은행
64040,우리에스케이알제일차,KRZF373038G3,우리에스케이알제일차 20260303-90-8,N,20260303,20260601,대출채권,KRW,,5000000000,5000000000,40,A1,,A1,,에스케이렌터카,외부 신용보강,금융기관,우리은행
64881,우리큐에스제이차,KRZFA77711G3,우리큐에스제이차 20260303-87-1,N,20260303,20260529,대출채권,KRW,,5000000000,5000000000,37,A1,,A1,,한화솔루션,차환발행위험(유동성 공여형 매입약정),금융기관,우리은행
64881,우리큐에스제이차,KRZFA7771AG3,우리큐에스제이차 20260303-87-10,N,20260303,20260529,대출채권,KRW,,5000000000,5000000000,37,A1,,A1,,한화솔루션,차환발행위험(유동성 공여형 매입약정),금융기관,우리은행
64881,우리큐에스제이차,KRZFA7771BG3,우리큐에스제이차 20260303-87-11,N,20260303,20260529,대출채권,KRW,,5000000000,5000000000,37,A1,,A1,,한화솔루션,차환발행위험(유동성 공여형 매입약정),금융기관,우리은행
64881,우리큐에스제이차,KRZFA7771CG3,우리큐에스제이차 20260303-87-12,N,20260303,20260529,대출채권,KRW,,5000000000,5000000000,37,A1,,A1,,한화솔루션,차환발행위험(유동성 공여형 매입약정),금융기관,우리은행
64881,우리큐에스제이차,KRZFA7771DG3,우리큐에스제이차 20260303-87-13,N,20260303,20260529,대출채권,KRW,,5000000000,5000000000,37,A1,,A1,,한화솔루션,차환발행위험(유동성 공여형 매입약정),금융기관,우리은행
64881,우리큐에스제이차,KRZFA7771EG3,우리큐에스제이차 20260303-87-14,N,20260303,20260529,대출채권,KRW,,5000000000,5000000000,37,A1,,A1,,한화솔루션,차환발행위험(유동성 공여형 매입약정),금융기관,우리은행
64881,우리큐에스제이차,KRZFA7771FG3,우리큐에스제이차 20260303-87-15,N,20260303,20260529,대출채권,KRW,,5000000000,5000000000,37,A1,,A1,,한화솔루션,차환발행위험(유동성 공여형 매입약정),금융기관,우리은행
64881,우리큐에스제이차,KRZFA7771GG3,우리큐에스제이차 20260303-87-16,N,20260303,20260529,대출채권,KRW,,5000000000,5000000000,37,A1,,A1,,한화솔루션,차환발행위험(유동성 공여형 매입약정),금융기관,우리은행
64881,우리큐에스제이차,KRZFA7771HG3,우리큐에스제이차 20260303-87-17,N,20260303,20260529,대출채권,KRW,,5000000000,5000000000,37,A1,,A1,,한화솔루션,차환발행위험(유동성 공여형 매입약정),금융기관,우리은행
64881,우리큐에스제이차,KRZFA7771JG3,우리큐에스제이차 20260303-87-18,N,20260303,20260529,대출채권,KRW,,5000000000,5000000000,37,A1,,A1,,한화솔루션,차환발행위험(유동성 공여형 매입약정),금융기관,우리은행
64881,우리큐에스제이차,KRZFA7771KG3,우리큐에스제이차 20260303-87-19,N,20260303,20260529,대출채권,KRW,,5000000000,5000000000,37,A1,,A1,,한화솔루션,차환발행위험(유동성 공여형 매입약정),금융기관,우리은행
64881,우리큐에스제이차,KRZFA77712G3,우리큐에스제이차 20260303-87-2,N,20260303,20260529,대출채권,KRW,,5000000000,5000000000,37,A1,,A1,,한화솔루션,차환발행위험(유동성 공여형 매입약정),금융기관,우리은행
64881,우리큐에스제이차,KRZFA7771LG3,우리큐에스제이차 20260303-87-20,N,20260303,20260529,대출채권,KRW,,5000000000,5000000000,37,A1,,A1,,한화솔루션,차환발행위험(유동성 공여형 매입약정),금융기관,우리은행
64881,우리큐에스제이차,KRZFA77713G3,우리큐에스제이차 20260303-87-3,N,20260303,20260529,대출채권,KRW,,5000000000,5000000000,37,A1,,A1,,한화솔루션,차환발행위험(유동성 공여형 매입약정),금융기관,우리은행
64881,우리큐에스제이차,KRZFA77714G3,우리큐에스제이차 20260303-87-4,N,20260303,20260529,대출채권,KRW,,5000000000,5000000000,37,A1,,A1,,한화솔루션,차환발행위험(유동성 공여형 매입약정),금융기관,우리은행
64881,우리큐에스제이차,KRZFA77715G3,우리큐에스제이차 20260303-87-5,N,20260303,20260529,대출채권,KRW,,5000000000,5000000000,37,A1,,A1,,한화솔루션,차환발행위험(유동성 공여형 매입약정),금융기관,우리은행
64881,우리큐에스제이차,KRZFA77716G3,우리큐에스제이차 20260303-87-6,N,20260303,20260529,대출채권,KRW,,5000000000,5000000000,37,A1,,A1,,한화솔루션,차환발행위험(유동성 공여형 매입약정),금융기관,우리은행
64881,우리큐에스제이차,KRZFA77717G3,우리큐에스제이차 20260303-87-7,N,20260303,20260529,대출채권,KRW,,5000000000,5000000000,37,A1,,A1,,한화솔루션,차환발행위험(유동성 공여형 매입약정),금융기관,우리은행
64881,우리큐에스제이차,KRZFA77718G3,우리큐에스제이차 20260303-87-8,N,20260303,20260529,대출채권,KRW,,5000000000,5000000000,37,A1,,A1,,한화솔루션,차환발행위험(유동성 공여형 매입약정),금융기관,우리은행
64881,우리큐에스제이차,KRZFA77719G3,우리큐에스제이차 20260303-87-9,N,20260303,20260529,대출채권,KRW,,5000000000,5000000000,37,A1,,A1,,한화솔루션,차환발행위험(유동성 공여형 매입약정),금융기관,우리은행
71509,위비세아제일차,KRZF0099D1G3,위비세아제일차 20260303-86-1,N,20260303,20260528,대출채권,KRW,,5000000000,5000000000,36,A1,A1,,,세아상역,외부 신용보강,금융기관,(주)우리투자증권
71509,위비세아제일차,KRZF0099D2G3,위비세아제일차 20260303-86-2,N,20260303,20260528,대출채권,KRW,,5000000000,5000000000,36,A1,A1,,,세아상역,외부 신용보강,금융기관,(주)우리투자증권
71509,위비세아제일차,KRZF0099D3G3,위비세아제일차 20260303-86-3,N,20260303,20260528,대출채권,KRW,,5000000000,5000000000,36,A1,A1,,,세아상역,외부 신용보강,금융기관,(주)우리투자증권
71509,위비세아제일차,KRZF0099D4G3,위비세아제일차 20260303-86-4,N,20260303,20260528,대출채권,KRW,,5000000000,5000000000,36,A1,A1,,,세아상역,외부 신용보강,금융기관,(주)우리투자증권
71509,위비세아제일차,KRZF0099D5G3,위비세아제일차 20260303-86-5,N,20260303,20260528,대출채권,KRW,,300000000,300000000,36,A1,A1,,,세아상역,외부 신용보강,금융기관,(주)우리투자증권
70711,지아이비서리풀제일차,KRZF0080W1G3,지아이비서리풀제일차 20260303-27-1,Y,20260303,20260330,PF대출채권,KRW,,1500000000,1500000000,0,A1,,A1,,에스비씨피에프브이(주),차환발행위험(유동성 공여형 매입약정),금융기관,신한은행
69040,지에스하나제오차,KRZF0023P1G3,지에스하나제오차 20260303-86-1,N,20260303,20260528,대출채권,KRW,,5000000000,5000000000,36,A1,,A1,,지에스건설,외부 신용보강,금융기관,하나은행
69040,지에스하나제오차,KRZF0023P1G3,지에스하나제오차 20260303-86-1,N,20260303,20260528,대출채권,KRW,,5000000000,5000000000,36,A1,,A1,,지에스건설,차환발행위험(유동성 공여형 매입약정),금융기관,하나은행
69040,지에스하나제오차,KRZF0023P1G3,지에스하나제오차 20260303-86-1,N,20260303,20260528,대출채권,KRW,,5000000000,5000000000,36,A1,,A1,,지에스건설,금리변동/환율변동,금융기관,하나은행
69040,지에스하나제오차,KRZF0023PAG3,지에스하나제오차 20260303-86-10,N,20260303,20260528,대출채권,KRW,,5000000000,5000000000,36,A1,,A1,,지에스건설,외부 신용보강,금융기관,하나은행
69040,지에스하나제오차,KRZF0023PAG3,지에스하나제오차 20260303-86-10,N,20260303,20260528,대출채권,KRW,,5000000000,5000000000,36,A1,,A1,,지에스건설,차환발행위험(유동성 공여형 매입약정),금융기관,하나은행
69040,지에스하나제오차,KRZF0023PAG3,지에스하나제오차 20260303-86-10,N,20260303,20260528,대출채권,KRW,,5000000000,5000000000,36,A1,,A1,,지에스건설,금리변동/환율변동,금융기관,하나은행
69040,지에스하나제오차,KRZF0023P2G3,지에스하나제오차 20260303-86-2,N,20260303,20260528,대출채권,KRW,,5000000000,5000000000,36,A1,,A1,,지에스건설,외부 신용보강,금융기관,하나은행
69040,지에스하나제오차,KRZF0023P2G3,지에스하나제오차 20260303-86-2,N,20260303,20260528,대출채권,KRW,,5000000000,5000000000,36,A1,,A1,,지에스건설,차환발행위험(유동성 공여형 매입약정),금융기관,하나은행
69040,지에스하나제오차,KRZF0023P2G3,지에스하나제오차 20260303-86-2,N,20260303,20260528,대출채권,KRW,,5000000000,5000000000,36,A1,,A1,,지에스건설,금리변동/환율변동,금융기관,하나은행
69040,지에스하나제오차,KRZF0023P3G3,지에스하나제오차 20260303-86-3,N,20260303,20260528,대출채권,KRW,,5000000000,5000000000,36,A1,,A1,,지에스건설,외부 신용보강,금융기관,하나은행
69040,지에스하나제오차,KRZF0023P3G3,지에스하나제오차 20260303-86-3,N,20260303,20260528,대출채권,KRW,,5000000000,5000000000,36,A1,,A1,,지에스건설,차환발행위험(유동성 공여형 매입약정),금융기관,하나은행
69040,지에스하나제오차,KRZF0023P3G3,지에스하나제오차 20260303-86-3,N,20260303,20260528,대출채권,KRW,,5000000000,5000000000,36,A1,,A1,,지에스건설,금리변동/환율변동,금융기관,하나은행
69040,지에스하나제오차,KRZF0023P4G3,지에스하나제오차 20260303-86-4,N,20260303,20260528,대출채권,KRW,,5000000000,5000000000,36,A1,,A1,,지에스건설,외부 신용보강,금융기관,하나은행
69040,지에스하나제오차,KRZF0023P4G3,지에스하나제오차 20260303-86-4,N,20260303,20260528,대출채권,KRW,,5000000000,5000000000,36,A1,,A1,,지에스건설,차환발행위험(유동성 공여형 매입약정),금융기관,하나은행
69040,지에스하나제오차,KRZF0023P4G3,지에스하나제오차 20260303-86-4,N,20260303,20260528,대출채권,KRW,,5000000000,5000000000,36,A1,,A1,,지에스건설,금리변동/환율변동,금융기관,하나은행
69040,지에스하나제오차,KRZF0023P5G3,지에스하나제오차 20260303-86-5,N,20260303,20260528,대출채권,KRW,,5000000000,5000000000,36,A1,,A1,,지에스건설,외부 신용보강,금융기관,하나은행
69040,지에스하나제오차,KRZF0023P5G3,지에스하나제오차 20260303-86-5,N,20260303,20260528,대출채권,KRW,,5000000000,5000000000,36,A1,,A1,,지에스건설,차환발행위험(유동성 공여형 매입약정),금융기관,하나은행
69040,지에스하나제오차,KRZF0023P5G3,지에스하나제오차 20260303-86-5,N,20260303,20260528,대출채권,KRW,,5000000000,5000000000,36,A1,,A1,,지에스건설,금리변동/환율변동,금융기관,하나은행
69040,지에스하나제오차,KRZF0023P6G3,지에스하나제오차 20260303-86-6,N,20260303,20260528,대출채권,KRW,,5000000000,5000000000,36,A1,,A1,,지에스건설,외부 신용보강,금융기관,하나은행
69040,지에스하나제오차,KRZF0023P6G3,지에스하나제오차 20260303-86-6,N,20260303,20260528,대출채권,KRW,,5000000000,5000000000,36,A1,,A1,,지에스건설,차환발행위험(유동성 공여형 매입약정),금융기관,하나은행
69040,지에스하나제오차,KRZF0023P6G3,지에스하나제오차 20260303-86-6,N,20260303,20260528,대출채권,KRW,,5000000000,5000000000,36,A1,,A1,,지에스건설,금리변동/환율변동,금융기관,하나은행
69040,지에스하나제오차,KRZF0023P7G3,지에스하나제오차 20260303-86-7,N,20260303,20260528,대출채권,KRW,,5000000000,5000000000,36,A1,,A1,,지에스건설,외부 신용보강,금융기관,하나은행
69040,지에스하나제오차,KRZF0023P7G3,지에스하나제오차 20260303-86-7,N,20260303,20260528,대출채권,KRW,,5000000000,5000000000,36,A1,,A1,,지에스건설,차환발행위험(유동성 공여형 매입약정),금융기관,하나은행
69040,지에스하나제오차,KRZF0023P7G3,지에스하나제오차 20260303-86-7,N,20260303,20260528,대출채권,KRW,,5000000000,5000000000,36,A1,,A1,,지에스건설,금리변동/환율변동,금융기관,하나은행
69040,지에스하나제오차,KRZF0023P8G3,지에스하나제오차 20260303-86-8,N,20260303,20260528,대출채권,KRW,,5000000000,5000000000,36,A1,,A1,,지에스건설,외부 신용보강,금융기관,하나은행
69040,지에스하나제오차,KRZF0023P8G3,지에스하나제오차 20260303-86-8,N,20260303,20260528,대출채권,KRW,,5000000000,5000000000,36,A1,,A1,,지에스건설,차환발행위험(유동성 공여형 매입약정),금융기관,하나은행
69040,지에스하나제오차,KRZF0023P8G3,지에스하나제오차 20260303-86-8,N,20260303,20260528,대출채권,KRW,,5000000000,5000000000,36,A1,,A1,,지에스건설,금리변동/환율변동,금융기관,하나은행
69040,지에스하나제오차,KRZF0023P9G3,지에스하나제오차 20260303-86-9,N,20260303,20260528,대출채권,KRW,,5000000000,5000000000,36,A1,,A1,,지에스건설,외부 신용보강,금융기관,하나은행
69040,지에스하나제오차,KRZF0023P9G3,지에스하나제오차 20260303-86-9,N,20260303,20260528,대출채권,KRW,,5000000000,5000000000,36,A1,,A1,,지에스건설,차환발행위험(유동성 공여형 매입약정),금융기관,하나은행
69040,지에스하나제오차,KRZF0023P9G3,지에스하나제오차 20260303-86-9,N,20260303,20260528,대출채권,KRW,,5000000000,5000000000,36,A1,,A1,,지에스건설,금리변동/환율변동,금융기관,하나은행
70167,케이비에스아이제일차,KRZF0061A1G3,케이비에스아이제일차 20260303-86-1,N,20260303,20260528,대출채권,KRW,,5000000000,5000000000,36,A1,A1,,,신세계인터내셔날,차환발행위험(유동성 공여형 매입약정),금융기관,국민은행
70167,케이비에스아이제일차,KRZF0061A1G3,케이비에스아이제일차 20260303-86-1,N,20260303,20260528,대출채권,KRW,,5000000000,5000000000,36,A1,A1,,,신세계인터내셔날,금리변동/환율변동,금융기관,국민은행
70167,케이비에스아이제일차,KRZF0061A2G3,케이비에스아이제일차 20260303-86-2,N,20260303,20260528,대출채권,KRW,,5000000000,5000000000,36,A1,A1,,,신세계인터내셔날,차환발행위험(유동성 공여형 매입약정),금융기관,국민은행
70167,케이비에스아이제일차,KRZF0061A2G3,케이비에스아이제일차 20260303-86-2,N,20260303,20260528,대출채권,KRW,,5000000000,5000000000,36,A1,A1,,,신세계인터내셔날,금리변동/환율변동,금융기관,국민은행
70167,케이비에스아이제일차,KRZF0061A3G3,케이비에스아이제일차 20260303-86-3,N,20260303,20260528,대출채권,KRW,,5000000000,5000000000,36,A1,A1,,,신세계인터내셔날,차환발행위험(유동성 공여형 매입약정),금융기관,국민은행
70167,케이비에스아이제일차,KRZF0061A3G3,케이비에스아이제일차 20260303-86-3,N,20260303,20260528,대출채권,KRW,,5000000000,5000000000,36,A1,A1,,,신세계인터내셔날,금리변동/환율변동,금융기관,국민은행
70167,케이비에스아이제일차,KRZF0061A4G3,케이비에스아이제일차 20260303-86-4,N,20260303,20260528,대출채권,KRW,,5000000000,5000000000,36,A1,A1,,,신세계인터내셔날,차환발행위험(유동성 공여형 매입약정),금융기관,국민은행
70167,케이비에스아이제일차,KRZF0061A4G3,케이비에스아이제일차 20260303-86-4,N,20260303,20260528,대출채권,KRW,,5000000000,5000000000,36,A1,A1,,,신세계인터내셔날,금리변동/환율변동,금융기관,국민은행
70167,케이비에스아이제일차,KRZF0061A5G3,케이비에스아이제일차 20260303-86-5,N,20260303,20260528,대출채권,KRW,,5000000000,5000000000,36,A1,A1,,,신세계인터내셔날,차환발행위험(유동성 공여형 매입약정),금융기관,국민은행
70167,케이비에스아이제일차,KRZF0061A5G3,케이비에스아이제일차 20260303-86-5,N,20260303,20260528,대출채권,KRW,,5000000000,5000000000,36,A1,A1,,,신세계인터내셔날,금리변동/환율변동,금융기관,국민은행
70167,케이비에스아이제일차,KRZF0061A6G3,케이비에스아이제일차 20260303-86-6,N,20260303,20260528,대출채권,KRW,,5000000000,5000000000,36,A1,A1,,,신세계인터내셔날,차환발행위험(유동성 공여형 매입약정),금융기관,국민은행
70167,케이비에스아이제일차,KRZF0061A6G3,케이비에스아이제일차 20260303-86-6,N,20260303,20260528,대출채권,KRW,,5000000000,5000000000,36,A1,A1,,,신세계인터내셔날,금리변동/환율변동,금융기관,국민은행
73983,케이아이에스카이트제삼차,KRZF0065E1G3,케이아이에스카이트제삼차 20260303-87-1,,20260303,20260529,,KRW,,10000000000,10000000000,37,,A2,A2,,,,,
73983,케이아이에스카이트제삼차,KRZF0065EAG3,케이아이에스카이트제삼차 20260303-87-10,,20260303,20260529,,KRW,,10000000000,10000000000,37,,A2,A2,,,,,
73983,케이아이에스카이트제삼차,KRZF0065E2G3,케이아이에스카이트제삼차 20260303-87-2,,20260303,20260529,,KRW,,10000000000,10000000000,37,,A2,A2,,,,,
73983,케이아이에스카이트제삼차,KRZF0065E3G3,케이아이에스카이트제삼차 20260303-87-3,,20260303,20260529,,KRW,,10000000000,10000000000,37,,A2,A2,,,,,
73983,케이아이에스카이트제삼차,KRZF0065E4G3,케이아이에스카이트제삼차 20260303-87-4,,20260303,20260529,,KRW,,10000000000,10000000000,37,,A2,A2,,,,,
73983,케이아이에스카이트제삼차,KRZF0065E5G3,케이아이에스카이트제삼차 20260303-87-5,,20260303,20260529,,KRW,,10000000000,10000000000,37,,A2,A2,,,,,
73983,케이아이에스카이트제삼차,KRZF0065E6G3,케이아이에스카이트제삼차 20260303-87-6,,20260303,20260529,,KRW,,10000000000,10000000000,37,,A2,A2,,,,,
73983,케이아이에스카이트제삼차,KRZF0065E7G3,케이아이에스카이트제삼차 20260303-87-7,,20260303,20260529,,KRW,,10000000000,10000000000,37,,A2,A2,,,,,
73983,케이아이에스카이트제삼차,KRZF0065E8G3,케이아이에스카이트제삼차 20260303-87-8,,20260303,20260529,,KRW,,10000000000,10000000000,37,,A2,A2,,,,,
73983,케이아이에스카이트제삼차,KRZF0065E9G3,케이아이에스카이트제삼차 20260303-87-9,,20260303,20260529,,KRW,,10000000000,10000000000,37,,A2,A2,,,,,
73964,케이에이치엘제십구차,KRZF0149T1G3,케이에이치엘제십구차 20260303-360-1,Y,20260303,20270226,PF대출채권,KRW,,300000000,300000000,310,A2+,A2+,,,(주)호메오박스,외부 신용보강,일반기업,한화
73964,케이에이치엘제십구차,KRZF0149TAG3,케이에이치엘제십구차 20260303-360-10,Y,20260303,20270226,PF대출채권,KRW,,200000000,200000000,310,A2+,A2+,,,(주)호메오박스,외부 신용보강,일반기업,한화
73964,케이에이치엘제십구차,KRZF0149TBG3,케이에이치엘제십구차 20260303-360-11,Y,20260303,20270226,PF대출채권,KRW,,200000000,200000000,310,A2+,A2+,,,(주)호메오박스,외부 신용보강,일반기업,한화
73964,케이에이치엘제십구차,KRZF0149TCG3,케이에이치엘제십구차 20260303-360-12,Y,20260303,20270226,PF대출채권,KRW,,200000000,200000000,310,A2+,A2+,,,(주)호메오박스,외부 신용보강,일반기업,한화
73964,케이에이치엘제십구차,KRZF0149TDG3,케이에이치엘제십구차 20260303-360-13,Y,20260303,20270226,PF대출채권,KRW,,200000000,200000000,310,A2+,A2+,,,(주)호메오박스,외부 신용보강,일반기업,한화
73964,케이에이치엘제십구차,KRZF0149TEG3,케이에이치엘제십구차 20260303-360-14,Y,20260303,20270226,PF대출채권,KRW,,200000000,200000000,310,A2+,A2+,,,(주)호메오박스,외부 신용보강,일반기업,한화
73964,케이에이치엘제십구차,KRZF0149TFG3,케이에이치엘제십구차 20260303-360-15,Y,20260303,20270226,PF대출채권,KRW,,200000000,200000000,310,A2+,A2+,,,(주)호메오박스,외부 신용보강,일반기업,한화
73964,케이에이치엘제십구차,KRZF0149TGG3,케이에이치엘제십구차 20260303-360-16,Y,20260303,20270226,PF대출채권,KRW,,200000000,200000000,310,A2+,A2+,,,(주)호메오박스,외부 신용보강,일반기업,한화
73964,케이에이치엘제십구차,KRZF0149THG3,케이에이치엘제십구차 20260303-360-17,Y,20260303,20270226,PF대출채권,KRW,,200000000,200000000,310,A2+,A2+,,,(주)호메오박스,외부 신용보강,일반기업,한화
73964,케이에이치엘제십구차,KRZF0149TJG3,케이에이치엘제십구차 20260303-360-18,Y,20260303,20270226,PF대출채권,KRW,,200000000,200000000,310,A2+,A2+,,,(주)호메오박스,외부 신용보강,일반기업,한화
73964,케이에이치엘제십구차,KRZF0149TKG3,케이에이치엘제십구차 20260303-360-19,Y,20260303,20270226,PF대출채권,KRW,,200000000,200000000,310,A2+,A2+,,,(주)호메오박스,외부 신용보강,일반기업,한화
73964,케이에이치엘제십구차,KRZF0149T2G3,케이에이치엘제십구차 20260303-360-2,Y,20260303,20270226,PF대출채권,KRW,,300000000,300000000,310,A2+,A2+,,,(주)호메오박스,외부 신용보강,일반기업,한화
73964,케이에이치엘제십구차,KRZF0149TLG3,케이에이치엘제십구차 20260303-360-20,Y,20260303,20270226,PF대출채권,KRW,,200000000,200000000,310,A2+,A2+,,,(주)호메오박스,외부 신용보강,일반기업,한화
73964,케이에이치엘제십구차,KRZF0149TMG3,케이에이치엘제십구차 20260303-360-21,Y,20260303,20270226,PF대출채권,KRW,,200000000,200000000,310,A2+,A2+,,,(주)호메오박스,외부 신용보강,일반기업,한화
73964,케이에이치엘제십구차,KRZF0149TNG3,케이에이치엘제십구차 20260303-360-22,Y,20260303,20270226,PF대출채권,KRW,,200000000,200000000,310,A2+,A2+,,,(주)호메오박스,외부 신용보강,일반기업,한화
73964,케이에이치엘제십구차,KRZF0149TPG3,케이에이치엘제십구차 20260303-360-23,Y,20260303,20270226,PF대출채권,KRW,,200000000,200000000,310,A2+,A2+,,,(주)호메오박스,외부 신용보강,일반기업,한화
73964,케이에이치엘제십구차,KRZF0149TQG3,케이에이치엘제십구차 20260303-360-24,Y,20260303,20270226,PF대출채권,KRW,,200000000,200000000,310,A2+,A2+,,,(주)호메오박스,외부 신용보강,일반기업,한화
73964,케이에이치엘제십구차,KRZF0149TRG3,케이에이치엘제십구차 20260303-360-25,Y,20260303,20270226,PF대출채권,KRW,,200000000,200000000,310,A2+,A2+,,,(주)호메오박스,외부 신용보강,일반기업,한화
73964,케이에이치엘제십구차,KRZF0149TSG3,케이에이치엘제십구차 20260303-360-26,Y,20260303,20270226,PF대출채권,KRW,,200000000,200000000,310,A2+,A2+,,,(주)호메오박스,외부 신용보강,일반기업,한화
73964,케이에이치엘제십구차,KRZF0149TTG3,케이에이치엘제십구차 20260303-360-27,Y,20260303,20270226,PF대출채권,KRW,,200000000,200000000,310,A2+,A2+,,,(주)호메오박스,외부 신용보강,일반기업,한화
73964,케이에이치엘제십구차,KRZF0149TVG3,케이에이치엘제십구차 20260303-360-28,Y,20260303,20270226,PF대출채권,KRW,,200000000,200000000,310,A2+,A2+,,,(주)호메오박스,외부 신용보강,일반기업,한화
73964,케이에이치엘제십구차,KRZF0149TWG3,케이에이치엘제십구차 20260303-360-29,Y,20260303,20270226,PF대출채권,KRW,,200000000,200000000,310,A2+,A2+,,,(주)호메오박스,외부 신용보강,일반기업,한화
73964,케이에이치엘제십구차,KRZF0149T3G3,케이에이치엘제십구차 20260303-360-3,Y,20260303,20270226,PF대출채권,KRW,,300000000,300000000,310,A2+,A2+,,,(주)호메오박스,외부 신용보강,일반기업,한화
73964,케이에이치엘제십구차,KRZF0149TXG3,케이에이치엘제십구차 20260303-360-30,Y,20260303,20270226,PF대출채권,KRW,,200000000,200000000,310,A2+,A2+,,,(주)호메오박스,외부 신용보강,일반기업,한화
73964,케이에이치엘제십구차,KRZF0149TYG3,케이에이치엘제십구차 20260303-360-31,Y,20260303,20270226,PF대출채권,KRW,,200000000,200000000,310,A2+,A2+,,,(주)호메오박스,외부 신용보강,일반기업,한화
73964,케이에이치엘제십구차,KRZF0149TZG3,케이에이치엘제십구차 20260303-360-32,Y,20260303,20270226,PF대출채권,KRW,,200000000,200000000,310,A2+,A2+,,,(주)호메오박스,외부 신용보강,일반기업,한화
73964,케이에이치엘제십구차,KRZF0149T0GF,케이에이치엘제십구차 20260303-360-33,Y,20260303,20270226,PF대출채권,KRW,,200000000,200000000,310,A2+,A2+,,,(주)호메오박스,외부 신용보강,일반기업,한화
73964,케이에이치엘제십구차,KRZF0149T1GF,케이에이치엘제십구차 20260303-360-34,Y,20260303,20270226,PF대출채권,KRW,,200000000,200000000,310,A2+,A2+,,,(주)호메오박스,외부 신용보강,일반기업,한화
73964,케이에이치엘제십구차,KRZF0149T2GF,케이에이치엘제십구차 20260303-360-35,Y,20260303,20270226,PF대출채권,KRW,,200000000,200000000,310,A2+,A2+,,,(주)호메오박스,외부 신용보강,일반기업,한화
73964,케이에이치엘제십구차,KRZF0149T3GF,케이에이치엘제십구차 20260303-360-36,Y,20260303,20270226,PF대출채권,KRW,,200000000,200000000,310,A2+,A2+,,,(주)호메오박스,외부 신용보강,일반기업,한화
73964,케이에이치엘제십구차,KRZF0149T4GF,케이에이치엘제십구차 20260303-360-37,Y,20260303,20270226,PF대출채권,KRW,,200000000,200000000,310,A2+,A2+,,,(주)호메오박스,외부 신용보강,일반기업,한화
73964,케이에이치엘제십구차,KRZF0149T5GF,케이에이치엘제십구차 20260303-360-38,Y,20260303,20270226,PF대출채권,KRW,,200000000,200000000,310,A2+,A2+,,,(주)호메오박스,외부 신용보강,일반기업,한화
73964,케이에이치엘제십구차,KRZF0149T6GF,케이에이치엘제십구차 20260303-360-39,Y,20260303,20270226,PF대출채권,KRW,,200000000,200000000,310,A2+,A2+,,,(주)호메오박스,외부 신용보강,일반기업,한화
73964,케이에이치엘제십구차,KRZF0149T4G3,케이에이치엘제십구차 20260303-360-4,Y,20260303,20270226,PF대출채권,KRW,,300000000,300000000,310,A2+,A2+,,,(주)호메오박스,외부 신용보강,일반기업,한화
73964,케이에이치엘제십구차,KRZF0149T7GF,케이에이치엘제십구차 20260303-360-40,Y,20260303,20270226,PF대출채권,KRW,,200000000,200000000,310,A2+,A2+,,,(주)호메오박스,외부 신용보강,일반기업,한화
73964,케이에이치엘제십구차,KRZF0149T8GF,케이에이치엘제십구차 20260303-360-41,Y,20260303,20270226,PF대출채권,KRW,,200000000,200000000,310,A2+,A2+,,,(주)호메오박스,외부 신용보강,일반기업,한화
73964,케이에이치엘제십구차,KRZF0149T9GF,케이에이치엘제십구차 20260303-360-42,Y,20260303,20270226,PF대출채권,KRW,,200000000,200000000,310,A2+,A2+,,,(주)호메오박스,외부 신용보강,일반기업,한화
73964,케이에이치엘제십구차,KRZF0149TAGF,케이에이치엘제십구차 20260303-360-43,Y,20260303,20270226,PF대출채권,KRW,,200000000,200000000,310,A2+,A2+,,,(주)호메오박스,외부 신용보강,일반기업,한화
73964,케이에이치엘제십구차,KRZF0149TBGF,케이에이치엘제십구차 20260303-360-44,Y,20260303,20270226,PF대출채권,KRW,,200000000,200000000,310,A2+,A2+,,,(주)호메오박스,외부 신용보강,일반기업,한화
73964,케이에이치엘제십구차,KRZF0149TCGF,케이에이치엘제십구차 20260303-360-45,Y,20260303,20270226,PF대출채권,KRW,,200000000,200000000,310,A2+,A2+,,,(주)호메오박스,외부 신용보강,일반기업,한화
73964,케이에이치엘제십구차,KRZF0149T5G3,케이에이치엘제십구차 20260303-360-5,Y,20260303,20270226,PF대출채권,KRW,,300000000,300000000,310,A2+,A2+,,,(주)호메오박스,외부 신용보강,일반기업,한화
73964,케이에이치엘제십구차,KRZF0149T6G3,케이에이치엘제십구차 20260303-360-6,Y,20260303,20270226,PF대출채권,KRW,,200000000,200000000,310,A2+,A2+,,,(주)호메오박스,외부 신용보강,일반기업,한화
73964,케이에이치엘제십구차,KRZF0149T7G3,케이에이치엘제십구차 20260303-360-7,Y,20260303,20270226,PF대출채권,KRW,,200000000,200000000,310,A2+,A2+,,,(주)호메오박스,외부 신용보강,일반기업,한화
73964,케이에이치엘제십구차,KRZF0149T8G3,케이에이치엘제십구차 20260303-360-8,Y,20260303,20270226,PF대출채권,KRW,,200000000,200000000,310,A2+,A2+,,,(주)호메오박스,외부 신용보강,일반기업,한화
73964,케이에이치엘제십구차,KRZF0149T9G3,케이에이치엘제십구차 20260303-360-9,Y,20260303,20270226,PF대출채권,KRW,,200000000,200000000,310,A2+,A2+,,,(주)호메오박스,외부 신용보강,일반기업,한화
71499,트리플에스엘피디,KRZF0101H1G3,트리플에스엘피디 20260303-86-1,N,20260303,20260528,대출채권,KRW,,10000000000,10000000000,36,,A1,A1,,롯데물산,외부 신용보강,금융기관,신한은행
71499,트리플에스엘피디,KRZF0101HAG3,트리플에스엘피디 20260303-86-10,N,20260303,20260528,대출채권,KRW,,5000000000,5000000000,36,,A1,A1,,롯데물산,외부 신용보강,금융기관,신한은행
71499,트리플에스엘피디,KRZF0101HBG3,트리플에스엘피디 20260303-86-11,N,20260303,20260528,대출채권,KRW,,5000000000,5000000000,36,,A1,A1,,롯데물산,외부 신용보강,금융기관,신한은행
71499,트리플에스엘피디,KRZF0101HCG3,트리플에스엘피디 20260303-86-12,N,20260303,20260528,대출채권,KRW,,5000000000,5000000000,36,,A1,A1,,롯데물산,외부 신용보강,금융기관,신한은행
71499,트리플에스엘피디,KRZF0101HDG3,트리플에스엘피디 20260303-86-13,N,20260303,20260528,대출채권,KRW,,5000000000,5000000000,36,,A1,A1,,롯데물산,외부 신용보강,금융기관,신한은행
71499,트리플에스엘피디,KRZF0101H2G3,트리플에스엘피디 20260303-86-2,N,20260303,20260528,대출채권,KRW,,5000000000,5000000000,36,,A1,A1,,롯데물산,외부 신용보강,금융기관,신한은행
71499,트리플에스엘피디,KRZF0101H3G3,트리플에스엘피디 20260303-86-3,N,20260303,20260528,대출채권,KRW,,5000000000,5000000000,36,,A1,A1,,롯데물산,외부 신용보강,금융기관,신한은행
71499,트리플에스엘피디,KRZF0101H4G3,트리플에스엘피디 20260303-86-4,N,20260303,20260528,대출채권,KRW,,1000000000,1000000000,36,,A1,A1,,롯데물산,외부 신용보강,금융기관,신한은행
71499,트리플에스엘피디,KRZF0101H5G3,트리플에스엘피디 20260303-86-5,N,20260303,20260528,대출채권,KRW,,1000000000,1000000000,36,,A1,A1,,롯데물산,외부 신용보강,금융기관,신한은행
71499,트리플에스엘피디,KRZF0101H6G3,트리플에스엘피디 20260303-86-6,N,20260303,20260528,대출채권,KRW,,1000000000,1000000000,36,,A1,A1,,롯데물산,외부 신용보강,금융기관,신한은행
71499,트리플에스엘피디,KRZF0101H7G3,트리플에스엘피디 20260303-86-7,N,20260303,20260528,대출채권,KRW,,1000000000,1000000000,36,,A1,A1,,롯데물산,외부 신용보강,금융기관,신한은행
71499,트리플에스엘피디,KRZF0101H8G3,트리플에스엘피디 20260303-86-8,N,20260303,20260528,대출채권,KRW,,1000000000,1000000000,36,,A1,A1,,롯데물산,외부 신용보강,금융기관,신한은행
71499,트리플에스엘피디,KRZF0101H9G3,트리플에스엘피디 20260303-86-9,N,20260303,20260528,대출채권,KRW,,5000000000,5000000000,36,,A1,A1,,롯데물산,외부 신용보강,금융기관,신한은행
71513,하나스틸제일차,KRZF0098B1G3,하나스틸제일차 20260303-86-1,N,20260303,20260528,대출채권,KRW,,5000000000,5000000000,36,,A1,A1,,동국제강,차환발행위험(유동성 공여형 매입약정),금융기관,하나은행
71513,하나스틸제일차,KRZF0098B1G3,하나스틸제일차 20260303-86-1,N,20260303,20260528,대출채권,KRW,,5000000000,5000000000,36,,A1,A1,,동국제강,금리변동/환율변동,금융기관,하나은행
71513,하나스틸제일차,KRZF0098BAG3,하나스틸제일차 20260303-86-10,N,20260303,20260528,대출채권,KRW,,5000000000,5000000000,36,,A1,A1,,동국제강,차환발행위험(유동성 공여형 매입약정),금융기관,하나은행
71513,하나스틸제일차,KRZF0098BAG3,하나스틸제일차 20260303-86-10,N,20260303,20260528,대출채권,KRW,,5000000000,5000000000,36,,A1,A1,,동국제강,금리변동/환율변동,금융기관,하나은행
71513,하나스틸제일차,KRZF0098BBG3,하나스틸제일차 20260303-86-11,N,20260303,20260528,대출채권,KRW,,5000000000,5000000000,36,,A1,A1,,동국제강,차환발행위험(유동성 공여형 매입약정),금융기관,하나은행
71513,하나스틸제일차,KRZF0098BBG3,하나스틸제일차 20260303-86-11,N,20260303,20260528,대출채권,KRW,,5000000000,5000000000,36,,A1,A1,,동국제강,금리변동/환율변동,금융기관,하나은행
71513,하나스틸제일차,KRZF0098BCG3,하나스틸제일차 20260303-86-12,N,20260303,20260528,대출채권,KRW,,5000000000,5000000000,36,,A1,A1,,동국제강,차환발행위험(유동성 공여형 매입약정),금융기관,하나은행
71513,하나스틸제일차,KRZF0098BCG3,하나스틸제일차 20260303-86-12,N,20260303,20260528,대출채권,KRW,,5000000000,5000000000,36,,A1,A1,,동국제강,금리변동/환율변동,금융기관,하나은행
71513,하나스틸제일차,KRZF0098B2G3,하나스틸제일차 20260303-86-2,N,20260303,20260528,대출채권,KRW,,5000000000,5000000000,36,,A1,A1,,동국제강,차환발행위험(유동성 공여형 매입약정),금융기관,하나은행
71513,하나스틸제일차,KRZF0098B2G3,하나스틸제일차 20260303-86-2,N,20260303,20260528,대출채권,KRW,,5000000000,5000000000,36,,A1,A1,,동국제강,금리변동/환율변동,금융기관,하나은행
71513,하나스틸제일차,KRZF0098B3G3,하나스틸제일차 20260303-86-3,N,20260303,20260528,대출채권,KRW,,5000000000,5000000000,36,,A1,A1,,동국제강,차환발행위험(유동성 공여형 매입약정),금융기관,하나은행
71513,하나스틸제일차,KRZF0098B3G3,하나스틸제일차 20260303-86-3,N,20260303,20260528,대출채권,KRW,,5000000000,5000000000,36,,A1,A1,,동국제강,금리변동/환율변동,금융기관,하나은행
71513,하나스틸제일차,KRZF0098B4G3,하나스틸제일차 20260303-86-4,N,20260303,20260528,대출채권,KRW,,5000000000,5000000000,36,,A1,A1,,동국제강,차환발행위험(유동성 공여형 매입약정),금융기관,하나은행
71513,하나스틸제일차,KRZF0098B4G3,하나스틸제일차 20260303-86-4,N,20260303,20260528,대출채권,KRW,,5000000000,5000000000,36,,A1,A1,,동국제강,금리변동/환율변동,금융기관,하나은행
71513,하나스틸제일차,KRZF0098B5G3,하나스틸제일차 20260303-86-5,N,20260303,20260528,대출채권,KRW,,5000000000,5000000000,36,,A1,A1,,동국제강,차환발행위험(유동성 공여형 매입약정),금융기관,하나은행
71513,하나스틸제일차,KRZF0098B5G3,하나스틸제일차 20260303-86-5,N,20260303,20260528,대출채권,KRW,,5000000000,5000000000,36,,A1,A1,,동국제강,금리변동/환율변동,금융기관,하나은행
71513,하나스틸제일차,KRZF0098B6G3,하나스틸제일차 20260303-86-6,N,20260303,20260528,대출채권,KRW,,5000000000,5000000000,36,,A1,A1,,동국제강,차환발행위험(유동성 공여형 매입약정),금융기관,하나은행
71513,하나스틸제일차,KRZF0098B6G3,하나스틸제일차 20260303-86-6,N,20260303,20260528,대출채권,KRW,,5000000000,5000000000,36,,A1,A1,,동국제강,금리변동/환율변동,금융기관,하나은행
71513,하나스틸제일차,KRZF0098B7G3,하나스틸제일차 20260303-86-7,N,20260303,20260528,대출채권,KRW,,5000000000,5000000000,36,,A1,A1,,동국제강,차환발행위험(유동성 공여형 매입약정),금융기관,하나은행
71513,하나스틸제일차,KRZF0098B7G3,하나스틸제일차 20260303-86-7,N,20260303,20260528,대출채권,KRW,,5000000000,5000000000,36,,A1,A1,,동국제강,금리변동/환율변동,금융기관,하나은행
71513,하나스틸제일차,KRZF0098B8G3,하나스틸제일차 20260303-86-8,N,20260303,20260528,대출채권,KRW,,5000000000,5000000000,36,,A1,A1,,동국제강,차환발행위험(유동성 공여형 매입약정),금융기관,하나은행
71513,하나스틸제일차,KRZF0098B8G3,하나스틸제일차 20260303-86-8,N,20260303,20260528,대출채권,KRW,,5000000000,5000000000,36,,A1,A1,,동국제강,금리변동/환율변동,금융기관,하나은행
71513,하나스틸제일차,KRZF0098B9G3,하나스틸제일차 20260303-86-9,N,20260303,20260528,대출채권,KRW,,5000000000,5000000000,36,,A1,A1,,동국제강,차환발행위험(유동성 공여형 매입약정),금융기관,하나은행
71513,하나스틸제일차,KRZF0098B9G3,하나스틸제일차 20260303-86-9,N,20260303,20260528,대출채권,KRW,,5000000000,5000000000,36,,A1,A1,,동국제강,금리변동/환율변동,금융기관,하나은행
63004,하나스파크제일차,KRZFA66271G3,하나스파크제일차 20260303-90-1,N,20260303,20260601,대출채권,KRW,,5000000000,5000000000,40,A1,A1,,,한화,차환발행위험(유동성 공여형 매입약정),금융기관,하나은행
63004,하나스파크제일차,KRZFA6627AG3,하나스파크제일차 20260303-90-10,N,20260303,20260601,대출채권,KRW,,5000000000,5000000000,40,A1,A1,,,한화,차환발행위험(유동성 공여형 매입약정),금융기관,하나은행
63004,하나스파크제일차,KRZFA6627BG3,하나스파크제일차 20260303-90-11,N,20260303,20260601,대출채권,KRW,,5000000000,5000000000,40,A1,A1,,,한화,차환발행위험(유동성 공여형 매입약정),금융기관,하나은행
63004,하나스파크제일차,KRZFA6627CG3,하나스파크제일차 20260303-90-12,N,20260303,20260601,대출채권,KRW,,5000000000,5000000000,40,A1,A1,,,한화,차환발행위험(유동성 공여형 매입약정),금융기관,하나은행
63004,하나스파크제일차,KRZFA6627DG3,하나스파크제일차 20260303-90-13,N,20260303,20260601,대출채권,KRW,,5000000000,5000000000,40,A1,A1,,,한화,차환발행위험(유동성 공여형 매입약정),금융기관,하나은행
63004,하나스파크제일차,KRZFA6627EG3,하나스파크제일차 20260303-90-14,N,20260303,20260601,대출채권,KRW,,5000000000,5000000000,40,A1,A1,,,한화,차환발행위험(유동성 공여형 매입약정),금융기관,하나은행
63004,하나스파크제일차,KRZFA6627FG3,하나스파크제일차 20260303-90-15,N,20260303,20260601,대출채권,KRW,,5000000000,5000000000,40,A1,A1,,,한화,차환발행위험(유동성 공여형 매입약정),금융기관,하나은행
63004,하나스파크제일차,KRZFA6627GG3,하나스파크제일차 20260303-90-16,N,20260303,20260601,대출채권,KRW,,5000000000,5000000000,40,A1,A1,,,한화,차환발행위험(유동성 공여형 매입약정),금융기관,하나은행
63004,하나스파크제일차,KRZFA6627HG3,하나스파크제일차 20260303-90-17,N,20260303,20260601,대출채권,KRW,,5000000000,5000000000,40,A1,A1,,,한화,차환발행위험(유동성 공여형 매입약정),금융기관,하나은행
63004,하나스파크제일차,KRZFA6627JG3,하나스파크제일차 20260303-90-18,N,20260303,20260601,대출채권,KRW,,2000000000,2000000000,40,A1,A1,,,한화,차환발행위험(유동성 공여형 매입약정),금융기관,하나은행
63004,하나스파크제일차,KRZFA6627KG3,하나스파크제일차 20260303-90-19,N,20260303,20260601,대출채권,KRW,,3000000000,3000000000,40,A1,A1,,,한화,차환발행위험(유동성 공여형 매입약정),금융기관,하나은행
63004,하나스파크제일차,KRZFA66272G3,하나스파크제일차 20260303-90-2,N,20260303,20260601,대출채권,KRW,,5000000000,5000000000,40,A1,A1,,,한화,차환발행위험(유동성 공여형 매입약정),금융기관,하나은행
63004,하나스파크제일차,KRZFA6627LG3,하나스파크제일차 20260303-90-20,N,20260303,20260601,대출채권,KRW,,10000000000,10000000000,40,A1,A1,,,한화,차환발행위험(유동성 공여형 매입약정),금융기관,하나은행
63004,하나스파크제일차,KRZFA66273G3,하나스파크제일차 20260303-90-3,N,20260303,20260601,대출채권,KRW,,5000000000,5000000000,40,A1,A1,,,한화,차환발행위험(유동성 공여형 매입약정),금융기관,하나은행
63004,하나스파크제일차,KRZFA66274G3,하나스파크제일차 20260303-90-4,N,20260303,20260601,대출채권,KRW,,5000000000,5000000000,40,A1,A1,,,한화,차환발행위험(유동성 공여형 매입약정),금융기관,하나은행
63004,하나스파크제일차,KRZFA66275G3,하나스파크제일차 20260303-90-5,N,20260303,20260601,대출채권,KRW,,5000000000,5000000000,40,A1,A1,,,한화,차환발행위험(유동성 공여형 매입약정),금융기관,하나은행
63004,하나스파크제일차,KRZFA66276G3,하나스파크제일차 20260303-90-6,N,20260303,20260601,대출채권,KRW,,5000000000,5000000000,40,A1,A1,,,한화,차환발행위험(유동성 공여형 매입약정),금융기관,하나은행
63004,하나스파크제일차,KRZFA66277G3,하나스파크제일차 20260303-90-7,N,20260303,20260601,대출채권,KRW,,5000000000,5000000000,40,A1,A1,,,한화,차환발행위험(유동성 공여형 매입약정),금융기관,하나은행
63004,하나스파크제일차,KRZFA66278G3,하나스파크제일차 20260303-90-8,N,20260303,20260601,대출채권,KRW,,5000000000,5000000000,40,A1,A1,,,한화,차환발행위험(유동성 공여형 매입약정),금융기관,하나은행
63004,하나스파크제일차,KRZFA66279G3,하나스파크제일차 20260303-90-9,N,20260303,20260601,대출채권,KRW,,5000000000,5000000000,40,A1,A1,,,한화,차환발행위험(유동성 공여형 매입약정),금융기관,하나은행
68059,하나아이지제이차,KRZFA99901G3,하나아이지제이차 20260303-91-1,N,20260303,20260602,대출채권,KRW,,5000000000,5000000000,41,A1,,A1,,(주)아이언그레이,차환발행위험(유동성 공여형 매입약정),금융기관,하나은행
68059,하나아이지제이차,KRZFA99902G3,하나아이지제이차 20260303-91-2,N,20260303,20260602,대출채권,KRW,,5000000000,5000000000,41,A1,,A1,,(주)아이언그레이,차환발행위험(유동성 공여형 매입약정),금융기관,하나은행
68059,하나아이지제이차,KRZFA99903G3,하나아이지제이차 20260303-91-3,N,20260303,20260602,대출채권,KRW,,5000000000,5000000000,41,A1,,A1,,(주)아이언그레이,차환발행위험(유동성 공여형 매입약정),금융기관,하나은행
68059,하나아이지제이차,KRZFA99904G3,하나아이지제이차 20260303-91-4,N,20260303,20260602,대출채권,KRW,,5000000000,5000000000,41,A1,,A1,,(주)아이언그레이,차환발행위험(유동성 공여형 매입약정),금융기관,하나은행
62066,하나에이치인더홀딩스제삼차,KRZFA60701G3,하나에이치인더홀딩스제삼차 20260303-90-1,N,20260303,20260601,대출채권,KRW,,5000000000,5000000000,40,A1,A1,,,에이치디현대(주),차환발행위험(유동성 공여형 매입약정),금융기관,하나은행
62066,하나에이치인더홀딩스제삼차,KRZFA6070AG3,하나에이치인더홀딩스제삼차 20260303-90-10,N,20260303,20260601,대출채권,KRW,,5000000000,5000000000,40,A1,A1,,,에이치디현대(주),차환발행위험(유동성 공여형 매입약정),금융기관,하나은행
62066,하나에이치인더홀딩스제삼차,KRZFA6070BG3,하나에이치인더홀딩스제삼차 20260303-90-11,N,20260303,20260601,대출채권,KRW,,5000000000,5000000000,40,A1,A1,,,에이치디현대(주),차환발행위험(유동성 공여형 매입약정),금융기관,하나은행
62066,하나에이치인더홀딩스제삼차,KRZFA6070CG3,하나에이치인더홀딩스제삼차 20260303-90-12,N,20260303,20260601,대출채권,KRW,,5000000000,5000000000,40,A1,A1,,,에이치디현대(주),차환발행위험(유동성 공여형 매입약정),금융기관,하나은행
62066,하나에이치인더홀딩스제삼차,KRZFA6070DG3,하나에이치인더홀딩스제삼차 20260303-90-13,N,20260303,20260601,대출채권,KRW,,5000000000,5000000000,40,A1,A1,,,에이치디현대(주),차환발행위험(유동성 공여형 매입약정),금융기관,하나은행
62066,하나에이치인더홀딩스제삼차,KRZFA6070EG3,하나에이치인더홀딩스제삼차 20260303-90-14,N,20260303,20260601,대출채권,KRW,,5000000000,5000000000,40,A1,A1,,,에이치디현대(주),차환발행위험(유동성 공여형 매입약정),금융기관,하나은행
62066,하나에이치인더홀딩스제삼차,KRZFA6070FG3,하나에이치인더홀딩스제삼차 20260303-90-15,N,20260303,20260601,대출채권,KRW,,5000000000,5000000000,40,A1,A1,,,에이치디현대(주),차환발행위험(유동성 공여형 매입약정),금융기관,하나은행
62066,하나에이치인더홀딩스제삼차,KRZFA6070GG3,하나에이치인더홀딩스제삼차 20260303-90-16,N,20260303,20260601,대출채권,KRW,,5000000000,5000000000,40,A1,A1,,,에이치디현대(주),차환발행위험(유동성 공여형 매입약정),금융기관,하나은행
62066,하나에이치인더홀딩스제삼차,KRZFA6070HG3,하나에이치인더홀딩스제삼차 20260303-90-17,N,20260303,20260601,대출채권,KRW,,5000000000,5000000000,40,A1,A1,,,에이치디현대(주),차환발행위험(유동성 공여형 매입약정),금융기관,하나은행
62066,하나에이치인더홀딩스제삼차,KRZFA6070JG3,하나에이치인더홀딩스제삼차 20260303-90-18,N,20260303,20260601,대출채권,KRW,,5000000000,5000000000,40,A1,A1,,,에이치디현대(주),차환발행위험(유동성 공여형 매입약정),금융기관,하나은행
62066,하나에이치인더홀딩스제삼차,KRZFA6070KG3,하나에이치인더홀딩스제삼차 20260303-90-19,N,20260303,20260601,대출채권,KRW,,5000000000,5000000000,40,A1,A1,,,에이치디현대(주),차환발행위험(유동성 공여형 매입약정),금융기관,하나은행
62066,하나에이치인더홀딩스제삼차,KRZFA60702G3,하나에이치인더홀딩스제삼차 20260303-90-2,N,20260303,20260601,대출채권,KRW,,5000000000,5000000000,40,A1,A1,,,에이치디현대(주),차환발행위험(유동성 공여형 매입약정),금융기관,하나은행
62066,하나에이치인더홀딩스제삼차,KRZFA6070LG3,하나에이치인더홀딩스제삼차 20260303-90-20,N,20260303,20260601,대출채권,KRW,,5000000000,5000000000,40,A1,A1,,,에이치디현대(주),차환발행위험(유동성 공여형 매입약정),금융기관,하나은행
62066,하나에이치인더홀딩스제삼차,KRZFA60703G3,하나에이치인더홀딩스제삼차 20260303-90-3,N,20260303,20260601,대출채권,KRW,,5000000000,5000000000,40,A1,A1,,,에이치디현대(주),차환발행위험(유동성 공여형 매입약정),금융기관,하나은행
62066,하나에이치인더홀딩스제삼차,KRZFA60704G3,하나에이치인더홀딩스제삼차 20260303-90-4,N,20260303,20260601,대출채권,KRW,,5000000000,5000000000,40,A1,A1,,,에이치디현대(주),차환발행위험(유동성 공여형 매입약정),금융기관,하나은행
62066,하나에이치인더홀딩스제삼차,KRZFA60705G3,하나에이치인더홀딩스제삼차 20260303-90-5,N,20260303,20260601,대출채권,KRW,,5000000000,5000000000,40,A1,A1,,,에이치디현대(주),차환발행위험(유동성 공여형 매입약정),금융기관,하나은행
62066,하나에이치인더홀딩스제삼차,KRZFA60706G3,하나에이치인더홀딩스제삼차 20260303-90-6,N,20260303,20260601,대출채권,KRW,,5000000000,5000000000,40,A1,A1,,,에이치디현대(주),차환발행위험(유동성 공여형 매입약정),금융기관,하나은행
62066,하나에이치인더홀딩스제삼차,KRZFA60707G3,하나에이치인더홀딩스제삼차 20260303-90-7,N,20260303,20260601,대출채권,KRW,,5000000000,5000000000,40,A1,A1,,,에이치디현대(주),차환발행위험(유동성 공여형 매입약정),금융기관,하나은행
62066,하나에이치인더홀딩스제삼차,KRZFA60708G3,하나에이치인더홀딩스제삼차 20260303-90-8,N,20260303,20260601,대출채권,KRW,,5000000000,5000000000,40,A1,A1,,,에이치디현대(주),차환발행위험(유동성 공여형 매입약정),금융기관,하나은행
62066,하나에이치인더홀딩스제삼차,KRZFA60709G3,하나에이치인더홀딩스제삼차 20260303-90-9,N,20260303,20260601,대출채권,KRW,,5000000000,5000000000,40,A1,A1,,,에이치디현대(주),차환발행위험(유동성 공여형 매입약정),금융기관,하나은행
70228,한라하나제일차,KRZF0064B1G3,한라하나제일차 20260303-90-1,N,20260303,20260601,대출채권,KRW,,5000000000,5000000000,40,A1,A1,,,한라시멘트주식회사,차환발행위험(유동성 공여형 매입약정),금융기관,하나은행
70228,한라하나제일차,KRZF0064B2G3,한라하나제일차 20260303-90-2,N,20260303,20260601,대출채권,KRW,,5000000000,5000000000,40,A1,A1,,,한라시멘트주식회사,차환발행위험(유동성 공여형 매입약정),금융기관,하나은행
70228,한라하나제일차,KRZF0064B3G3,한라하나제일차 20260303-90-3,N,20260303,20260601,대출채권,KRW,,5000000000,5000000000,40,A1,A1,,,한라시멘트주식회사,차환발행위험(유동성 공여형 매입약정),금융기관,하나은행
70228,한라하나제일차,KRZF0064B4G3,한라하나제일차 20260303-90-4,N,20260303,20260601,대출채권,KRW,,5000000000,5000000000,40,A1,A1,,,한라시멘트주식회사,차환발행위험(유동성 공여형 매입약정),금융기관,하나은행
70228,한라하나제일차,KRZF0064B5G3,한라하나제일차 20260303-90-5,N,20260303,20260601,대출채권,KRW,,5000000000,5000000000,40,A1,A1,,,한라시멘트주식회사,차환발행위험(유동성 공여형 매입약정),금융기관,하나은행
70228,한라하나제일차,KRZF0064B6G3,한라하나제일차 20260303-90-6,N,20260303,20260601,대출채권,KRW,,5000000000,5000000000,40,A1,A1,,,한라시멘트주식회사,차환발행위험(유동성 공여형 매입약정),금융기관,하나은행
