플랜번호,발행인,종목코드,종목명,PF여부,발행일,만기일,기초자산,통화,환율,발행금액,원화환산발행금액,잔존일물,한국신용평가,한국기업평가,NICE신용평가,서울신용평가,실질자금조달자,신용보강 유형,신용보강기관 유형,신용보강기관
70406,나이스을지로제일차,KRZF0014Z1G3,나이스을지로제일차 20260313-185-1,Y,20260313,20260914,PF대출채권,KRW,,5000000000,5000000000,145,,A1,,,아이비투자을지로(주),외부 신용보강,일반기업,메리츠증권
70406,나이스을지로제일차,KRZF0014Z2G3,나이스을지로제일차 20260313-185-2,Y,20260313,20260914,PF대출채권,KRW,,5000000000,5000000000,145,,A1,,,아이비투자을지로(주),외부 신용보강,일반기업,메리츠증권
70406,나이스을지로제일차,KRZF0014Z3G3,나이스을지로제일차 20260313-185-3,Y,20260313,20260914,PF대출채권,KRW,,5000000000,5000000000,145,,A1,,,아이비투자을지로(주),외부 신용보강,일반기업,메리츠증권
70406,나이스을지로제일차,KRZF0014Z4G3,나이스을지로제일차 20260313-185-4,Y,20260313,20260914,PF대출채권,KRW,,5000000000,5000000000,145,,A1,,,아이비투자을지로(주),외부 신용보강,일반기업,메리츠증권
70406,나이스을지로제일차,KRZF0014Z5G3,나이스을지로제일차 20260313-185-5,Y,20260313,20260914,PF대출채권,KRW,,5000000000,5000000000,145,,A1,,,아이비투자을지로(주),외부 신용보강,일반기업,메리츠증권
70406,나이스을지로제일차,KRZF0014Z6G3,나이스을지로제일차 20260313-185-6,Y,20260313,20260914,PF대출채권,KRW,,5000000000,5000000000,145,,A1,,,아이비투자을지로(주),외부 신용보강,일반기업,메리츠증권
70406,나이스을지로제일차,KRZF0014Z7G3,나이스을지로제일차 20260313-185-7,Y,20260313,20260914,PF대출채권,KRW,,5000000000,5000000000,145,,A1,,,아이비투자을지로(주),외부 신용보강,일반기업,메리츠증권
70406,나이스을지로제일차,KRZF0014Z8G3,나이스을지로제일차 20260313-185-8,Y,20260313,20260914,PF대출채권,KRW,,5000000000,5000000000,145,,A1,,,아이비투자을지로(주),외부 신용보강,일반기업,메리츠증권
67125,드림플랜트제일차,KRZFA91861G3,드림플랜트제일차 20260313-94-1,Y,20260313,20260615,PF대출채권,KRW,,5000000000,5000000000,54,,A1,A1,,충주드림파크개발(주),외부 신용보강,금융기관,교보증권
67125,드림플랜트제일차,KRZFA91862G3,드림플랜트제일차 20260313-94-2,Y,20260313,20260615,PF대출채권,KRW,,5000000000,5000000000,54,,A1,A1,,충주드림파크개발(주),외부 신용보강,금융기관,교보증권
67125,드림플랜트제일차,KRZFA91863G3,드림플랜트제일차 20260313-94-3,Y,20260313,20260615,PF대출채권,KRW,,5000000000,5000000000,54,,A1,A1,,충주드림파크개발(주),외부 신용보강,금융기관,교보증권
67125,드림플랜트제일차,KRZFA91864G3,드림플랜트제일차 20260313-94-4,Y,20260313,20260615,PF대출채권,KRW,,1500000000,1500000000,54,,A1,A1,,충주드림파크개발(주),외부 신용보강,금융기관,교보증권
67125,드림플랜트제일차,KRZFA91865G3,드림플랜트제일차 20260313-94-5,Y,20260313,20260615,PF대출채권,KRW,,1000000000,1000000000,54,,A1,A1,,충주드림파크개발(주),외부 신용보강,금융기관,교보증권
74116,마이다스제일차,KRZF0162H1G3,마이다스제일차 20260313-132-1,,20260313,20260723,,KRW,,5000000000,5000000000,92,A1,,A1,,,,,
74116,마이다스제일차,KRZF0162HAG3,마이다스제일차 20260313-132-10,,20260313,20260723,,KRW,,5000000000,5000000000,92,A1,,A1,,,,,
74116,마이다스제일차,KRZF0162HBG3,마이다스제일차 20260313-132-11,,20260313,20260723,,KRW,,5000000000,5000000000,92,A1,,A1,,,,,
74116,마이다스제일차,KRZF0162HCG3,마이다스제일차 20260313-132-12,,20260313,20260723,,KRW,,5000000000,5000000000,92,A1,,A1,,,,,
74116,마이다스제일차,KRZF0162HDG3,마이다스제일차 20260313-132-13,,20260313,20260723,,KRW,,5000000000,5000000000,92,A1,,A1,,,,,
74116,마이다스제일차,KRZF0162HEG3,마이다스제일차 20260313-132-14,,20260313,20260723,,KRW,,5000000000,5000000000,92,A1,,A1,,,,,
74116,마이다스제일차,KRZF0162HFG3,마이다스제일차 20260313-132-15,,20260313,20260723,,KRW,,5000000000,5000000000,92,A1,,A1,,,,,
74116,마이다스제일차,KRZF0162HGG3,마이다스제일차 20260313-132-16,,20260313,20260723,,KRW,,5000000000,5000000000,92,A1,,A1,,,,,
74116,마이다스제일차,KRZF0162HHG3,마이다스제일차 20260313-132-17,,20260313,20260723,,KRW,,5000000000,5000000000,92,A1,,A1,,,,,
74116,마이다스제일차,KRZF0162HJG3,마이다스제일차 20260313-132-18,,20260313,20260723,,KRW,,5000000000,5000000000,92,A1,,A1,,,,,
74116,마이다스제일차,KRZF0162HKG3,마이다스제일차 20260313-132-19,,20260313,20260723,,KRW,,5000000000,5000000000,92,A1,,A1,,,,,
74116,마이다스제일차,KRZF0162H2G3,마이다스제일차 20260313-132-2,,20260313,20260723,,KRW,,5000000000,5000000000,92,A1,,A1,,,,,
74116,마이다스제일차,KRZF0162HLG3,마이다스제일차 20260313-132-20,,20260313,20260723,,KRW,,5000000000,5000000000,92,A1,,A1,,,,,
74116,마이다스제일차,KRZF0162HMG3,마이다스제일차 20260313-132-21,,20260313,20260723,,KRW,,5000000000,5000000000,92,A1,,A1,,,,,
74116,마이다스제일차,KRZF0162HNG3,마이다스제일차 20260313-132-22,,20260313,20260723,,KRW,,5000000000,5000000000,92,A1,,A1,,,,,
74116,마이다스제일차,KRZF0162HPG3,마이다스제일차 20260313-132-23,,20260313,20260723,,KRW,,5000000000,5000000000,92,A1,,A1,,,,,
74116,마이다스제일차,KRZF0162HQG3,마이다스제일차 20260313-132-24,,20260313,20260723,,KRW,,5000000000,5000000000,92,A1,,A1,,,,,
74116,마이다스제일차,KRZF0162HRG3,마이다스제일차 20260313-132-25,,20260313,20260723,,KRW,,5000000000,5000000000,92,A1,,A1,,,,,
74116,마이다스제일차,KRZF0162HSG3,마이다스제일차 20260313-132-26,,20260313,20260723,,KRW,,5000000000,5000000000,92,A1,,A1,,,,,
74116,마이다스제일차,KRZF0162HTG3,마이다스제일차 20260313-132-27,,20260313,20260723,,KRW,,5000000000,5000000000,92,A1,,A1,,,,,
74116,마이다스제일차,KRZF0162HVG3,마이다스제일차 20260313-132-28,,20260313,20260723,,KRW,,5000000000,5000000000,92,A1,,A1,,,,,
74116,마이다스제일차,KRZF0162HWG3,마이다스제일차 20260313-132-29,,20260313,20260723,,KRW,,5000000000,5000000000,92,A1,,A1,,,,,
74116,마이다스제일차,KRZF0162H3G3,마이다스제일차 20260313-132-3,,20260313,20260723,,KRW,,5000000000,5000000000,92,A1,,A1,,,,,
74116,마이다스제일차,KRZF0162HXG3,마이다스제일차 20260313-132-30,,20260313,20260723,,KRW,,5000000000,5000000000,92,A1,,A1,,,,,
74116,마이다스제일차,KRZF0162HYG3,마이다스제일차 20260313-132-31,,20260313,20260723,,KRW,,5000000000,5000000000,92,A1,,A1,,,,,
74116,마이다스제일차,KRZF0162HZG3,마이다스제일차 20260313-132-32,,20260313,20260723,,KRW,,5000000000,5000000000,92,A1,,A1,,,,,
74116,마이다스제일차,KRZF0162H0GF,마이다스제일차 20260313-132-33,,20260313,20260723,,KRW,,5000000000,5000000000,92,A1,,A1,,,,,
74116,마이다스제일차,KRZF0162H1GF,마이다스제일차 20260313-132-34,,20260313,20260723,,KRW,,5000000000,5000000000,92,A1,,A1,,,,,
74116,마이다스제일차,KRZF0162H2GF,마이다스제일차 20260313-132-35,,20260313,20260723,,KRW,,5000000000,5000000000,92,A1,,A1,,,,,
74116,마이다스제일차,KRZF0162H3GF,마이다스제일차 20260313-132-36,,20260313,20260723,,KRW,,5000000000,5000000000,92,A1,,A1,,,,,
74116,마이다스제일차,KRZF0162H4GF,마이다스제일차 20260313-132-37,,20260313,20260723,,KRW,,5000000000,5000000000,92,A1,,A1,,,,,
74116,마이다스제일차,KRZF0162H5GF,마이다스제일차 20260313-132-38,,20260313,20260723,,KRW,,5000000000,5000000000,92,A1,,A1,,,,,
74116,마이다스제일차,KRZF0162H6GF,마이다스제일차 20260313-132-39,,20260313,20260723,,KRW,,5000000000,5000000000,92,A1,,A1,,,,,
74116,마이다스제일차,KRZF0162H4G3,마이다스제일차 20260313-132-4,,20260313,20260723,,KRW,,5000000000,5000000000,92,A1,,A1,,,,,
74116,마이다스제일차,KRZF0162H7GF,마이다스제일차 20260313-132-40,,20260313,20260723,,KRW,,5000000000,5000000000,92,A1,,A1,,,,,
74116,마이다스제일차,KRZF0162H8GF,마이다스제일차 20260313-132-41,,20260313,20260723,,KRW,,5000000000,5000000000,92,A1,,A1,,,,,
74116,마이다스제일차,KRZF0162H9GF,마이다스제일차 20260313-132-42,,20260313,20260723,,KRW,,5000000000,5000000000,92,A1,,A1,,,,,
74116,마이다스제일차,KRZF0162HAGF,마이다스제일차 20260313-132-43,,20260313,20260723,,KRW,,5000000000,5000000000,92,A1,,A1,,,,,
74116,마이다스제일차,KRZF0162HBGF,마이다스제일차 20260313-132-44,,20260313,20260723,,KRW,,5000000000,5000000000,92,A1,,A1,,,,,
74116,마이다스제일차,KRZF0162HCGF,마이다스제일차 20260313-132-45,,20260313,20260723,,KRW,,5000000000,5000000000,92,A1,,A1,,,,,
74116,마이다스제일차,KRZF0162HDGF,마이다스제일차 20260313-132-46,,20260313,20260723,,KRW,,5000000000,5000000000,92,A1,,A1,,,,,
74116,마이다스제일차,KRZF0162HEGF,마이다스제일차 20260313-132-47,,20260313,20260723,,KRW,,5000000000,5000000000,92,A1,,A1,,,,,
74116,마이다스제일차,KRZF0162HFGF,마이다스제일차 20260313-132-48,,20260313,20260723,,KRW,,5000000000,5000000000,92,A1,,A1,,,,,
74116,마이다스제일차,KRZF0162H5G3,마이다스제일차 20260313-132-5,,20260313,20260723,,KRW,,5000000000,5000000000,92,A1,,A1,,,,,
74116,마이다스제일차,KRZF0162H6G3,마이다스제일차 20260313-132-6,,20260313,20260723,,KRW,,5000000000,5000000000,92,A1,,A1,,,,,
74116,마이다스제일차,KRZF0162H7G3,마이다스제일차 20260313-132-7,,20260313,20260723,,KRW,,5000000000,5000000000,92,A1,,A1,,,,,
74116,마이다스제일차,KRZF0162H8G3,마이다스제일차 20260313-132-8,,20260313,20260723,,KRW,,5000000000,5000000000,92,A1,,A1,,,,,
74116,마이다스제일차,KRZF0162H9G3,마이다스제일차 20260313-132-9,,20260313,20260723,,KRW,,5000000000,5000000000,92,A1,,A1,,,,,
74116,마이다스제일차,KRZF0162HGGF,마이다스제일차 20260313-298-49,,20260313,20270105,,KRW,,386000000,386000000,258,A1,,A1,,,,,
74120,비나리제사차,KRZF0145X1G3,비나리제사차 20260313-201-1,Y,20260313,20260930,PF대출채권,KRW,,42000000,42000000,161,A1,A1,,,하율디앤씨 주식회사,외부 신용보강,일반기업,현대건설
74120,비나리제사차,KRZF0145X1G3,비나리제사차 20260313-201-1,Y,20260313,20260930,PF대출채권,KRW,,42000000,42000000,161,A1,A1,,,하율디앤씨 주식회사,자체 신용보강,자체 신용보강,세금환급(국세및지방세등)
74135,에스포성포,KRZF0051T1G3,에스포성포 20260313-124-1,Y,20260313,20260715,PF대출채권,KRW,,10000000000,10000000000,84,A2,,A2,,화이트코리아(주),외부 신용보강,일반기업,지에스건설
74135,에스포성포,KRZF0051TAG3,에스포성포 20260313-124-10,Y,20260313,20260715,PF대출채권,KRW,,5000000000,5000000000,84,A2,,A2,,화이트코리아(주),외부 신용보강,일반기업,지에스건설
74135,에스포성포,KRZF0051TBG3,에스포성포 20260313-124-11,Y,20260313,20260715,PF대출채권,KRW,,5000000000,5000000000,84,A2,,A2,,화이트코리아(주),외부 신용보강,일반기업,지에스건설
74135,에스포성포,KRZF0051TCG3,에스포성포 20260313-124-12,Y,20260313,20260715,PF대출채권,KRW,,5000000000,5000000000,84,A2,,A2,,화이트코리아(주),외부 신용보강,일반기업,지에스건설
74135,에스포성포,KRZF0051TDG3,에스포성포 20260313-124-13,Y,20260313,20260715,PF대출채권,KRW,,5000000000,5000000000,84,A2,,A2,,화이트코리아(주),외부 신용보강,일반기업,지에스건설
74135,에스포성포,KRZF0051TEG3,에스포성포 20260313-124-14,Y,20260313,20260715,PF대출채권,KRW,,5000000000,5000000000,84,A2,,A2,,화이트코리아(주),외부 신용보강,일반기업,지에스건설
74135,에스포성포,KRZF0051TFG3,에스포성포 20260313-124-15,Y,20260313,20260715,PF대출채권,KRW,,5000000000,5000000000,84,A2,,A2,,화이트코리아(주),외부 신용보강,일반기업,지에스건설
74135,에스포성포,KRZF0051TGG3,에스포성포 20260313-124-16,Y,20260313,20260715,PF대출채권,KRW,,5000000000,5000000000,84,A2,,A2,,화이트코리아(주),외부 신용보강,일반기업,지에스건설
74135,에스포성포,KRZF0051THG3,에스포성포 20260313-124-17,Y,20260313,20260715,PF대출채권,KRW,,5000000000,5000000000,84,A2,,A2,,화이트코리아(주),외부 신용보강,일반기업,지에스건설
74135,에스포성포,KRZF0051TJG3,에스포성포 20260313-124-18,Y,20260313,20260715,PF대출채권,KRW,,5000000000,5000000000,84,A2,,A2,,화이트코리아(주),외부 신용보강,일반기업,지에스건설
74135,에스포성포,KRZF0051TKG3,에스포성포 20260313-124-19,Y,20260313,20260715,PF대출채권,KRW,,5000000000,5000000000,84,A2,,A2,,화이트코리아(주),외부 신용보강,일반기업,지에스건설
74135,에스포성포,KRZF0051T2G3,에스포성포 20260313-124-2,Y,20260313,20260715,PF대출채권,KRW,,5000000000,5000000000,84,A2,,A2,,화이트코리아(주),외부 신용보강,일반기업,지에스건설
74135,에스포성포,KRZF0051TLG3,에스포성포 20260313-124-20,Y,20260313,20260715,PF대출채권,KRW,,5000000000,5000000000,84,A2,,A2,,화이트코리아(주),외부 신용보강,일반기업,지에스건설
74135,에스포성포,KRZF0051TMG3,에스포성포 20260313-124-21,Y,20260313,20260715,PF대출채권,KRW,,5000000000,5000000000,84,A2,,A2,,화이트코리아(주),외부 신용보강,일반기업,지에스건설
74135,에스포성포,KRZF0051TNG3,에스포성포 20260313-124-22,Y,20260313,20260715,PF대출채권,KRW,,5000000000,5000000000,84,A2,,A2,,화이트코리아(주),외부 신용보강,일반기업,지에스건설
74135,에스포성포,KRZF0051TPG3,에스포성포 20260313-124-23,Y,20260313,20260715,PF대출채권,KRW,,5000000000,5000000000,84,A2,,A2,,화이트코리아(주),외부 신용보강,일반기업,지에스건설
74135,에스포성포,KRZF0051TQG3,에스포성포 20260313-124-24,Y,20260313,20260715,PF대출채권,KRW,,5000000000,5000000000,84,A2,,A2,,화이트코리아(주),외부 신용보강,일반기업,지에스건설
74135,에스포성포,KRZF0051TRG3,에스포성포 20260313-124-25,Y,20260313,20260715,PF대출채권,KRW,,5000000000,5000000000,84,A2,,A2,,화이트코리아(주),외부 신용보강,일반기업,지에스건설
74135,에스포성포,KRZF0051T3G3,에스포성포 20260313-124-3,Y,20260313,20260715,PF대출채권,KRW,,5000000000,5000000000,84,A2,,A2,,화이트코리아(주),외부 신용보강,일반기업,지에스건설
74135,에스포성포,KRZF0051T4G3,에스포성포 20260313-124-4,Y,20260313,20260715,PF대출채권,KRW,,5000000000,5000000000,84,A2,,A2,,화이트코리아(주),외부 신용보강,일반기업,지에스건설
74135,에스포성포,KRZF0051T5G3,에스포성포 20260313-124-5,Y,20260313,20260715,PF대출채권,KRW,,5000000000,5000000000,84,A2,,A2,,화이트코리아(주),외부 신용보강,일반기업,지에스건설
74135,에스포성포,KRZF0051T6G3,에스포성포 20260313-124-6,Y,20260313,20260715,PF대출채권,KRW,,5000000000,5000000000,84,A2,,A2,,화이트코리아(주),외부 신용보강,일반기업,지에스건설
74135,에스포성포,KRZF0051T7G3,에스포성포 20260313-124-7,Y,20260313,20260715,PF대출채권,KRW,,5000000000,5000000000,84,A2,,A2,,화이트코리아(주),외부 신용보강,일반기업,지에스건설
74135,에스포성포,KRZF0051T8G3,에스포성포 20260313-124-8,Y,20260313,20260715,PF대출채권,KRW,,5000000000,5000000000,84,A2,,A2,,화이트코리아(주),외부 신용보강,일반기업,지에스건설
74135,에스포성포,KRZF0051T9G3,에스포성포 20260313-124-9,Y,20260313,20260715,PF대출채권,KRW,,5000000000,5000000000,84,A2,,A2,,화이트코리아(주),외부 신용보강,일반기업,지에스건설
70394,에이치에코제이차,KRZF0067L1G3,에이치에코제이차 20260313-94-1,N,20260313,20260615,대출채권,KRW,,5000000000,5000000000,54,,A1,A1,,(주)에코비트,차환발행위험(유동성 공여형 매입약정),금융기관,하나은행
70394,에이치에코제이차,KRZF0067LAG3,에이치에코제이차 20260313-94-10,N,20260313,20260615,대출채권,KRW,,5000000000,5000000000,54,,A1,A1,,(주)에코비트,차환발행위험(유동성 공여형 매입약정),금융기관,하나은행
70394,에이치에코제이차,KRZF0067LBG3,에이치에코제이차 20260313-94-11,N,20260313,20260615,대출채권,KRW,,5000000000,5000000000,54,,A1,A1,,(주)에코비트,차환발행위험(유동성 공여형 매입약정),금융기관,하나은행
70394,에이치에코제이차,KRZF0067LCG3,에이치에코제이차 20260313-94-12,N,20260313,20260615,대출채권,KRW,,5000000000,5000000000,54,,A1,A1,,(주)에코비트,차환발행위험(유동성 공여형 매입약정),금융기관,하나은행
70394,에이치에코제이차,KRZF0067L2G3,에이치에코제이차 20260313-94-2,N,20260313,20260615,대출채권,KRW,,5000000000,5000000000,54,,A1,A1,,(주)에코비트,차환발행위험(유동성 공여형 매입약정),금융기관,하나은행
70394,에이치에코제이차,KRZF0067L3G3,에이치에코제이차 20260313-94-3,N,20260313,20260615,대출채권,KRW,,5000000000,5000000000,54,,A1,A1,,(주)에코비트,차환발행위험(유동성 공여형 매입약정),금융기관,하나은행
70394,에이치에코제이차,KRZF0067L4G3,에이치에코제이차 20260313-94-4,N,20260313,20260615,대출채권,KRW,,5000000000,5000000000,54,,A1,A1,,(주)에코비트,차환발행위험(유동성 공여형 매입약정),금융기관,하나은행
70394,에이치에코제이차,KRZF0067L5G3,에이치에코제이차 20260313-94-5,N,20260313,20260615,대출채권,KRW,,5000000000,5000000000,54,,A1,A1,,(주)에코비트,차환발행위험(유동성 공여형 매입약정),금융기관,하나은행
70394,에이치에코제이차,KRZF0067L6G3,에이치에코제이차 20260313-94-6,N,20260313,20260615,대출채권,KRW,,5000000000,5000000000,54,,A1,A1,,(주)에코비트,차환발행위험(유동성 공여형 매입약정),금융기관,하나은행
70394,에이치에코제이차,KRZF0067L7G3,에이치에코제이차 20260313-94-7,N,20260313,20260615,대출채권,KRW,,5000000000,5000000000,54,,A1,A1,,(주)에코비트,차환발행위험(유동성 공여형 매입약정),금융기관,하나은행
70394,에이치에코제이차,KRZF0067L8G3,에이치에코제이차 20260313-94-8,N,20260313,20260615,대출채권,KRW,,5000000000,5000000000,54,,A1,A1,,(주)에코비트,차환발행위험(유동성 공여형 매입약정),금융기관,하나은행
70394,에이치에코제이차,KRZF0067L9G3,에이치에코제이차 20260313-94-9,N,20260313,20260615,대출채권,KRW,,5000000000,5000000000,54,,A1,A1,,(주)에코비트,차환발행위험(유동성 공여형 매입약정),금융기관,하나은행
66691,키스이제이제팔차,KRZFA89781G3,키스이제이제팔차 20260313-66-1,N,20260313,20260518,하이브리드증권,KRW,,5000000000,5000000000,26,,A1,A1,,한화솔루션,외부 신용보강,금융기관,한국투자증권
66691,키스이제이제팔차,KRZFA89782G3,키스이제이제팔차 20260313-66-2,N,20260313,20260518,하이브리드증권,KRW,,5000000000,5000000000,26,,A1,A1,,한화솔루션,외부 신용보강,금융기관,한국투자증권
66691,키스이제이제팔차,KRZFA89783G3,키스이제이제팔차 20260313-66-3,N,20260313,20260518,하이브리드증권,KRW,,5000000000,5000000000,26,,A1,A1,,한화솔루션,외부 신용보강,금융기관,한국투자증권
66691,키스이제이제팔차,KRZFA89784G3,키스이제이제팔차 20260313-66-4,N,20260313,20260518,하이브리드증권,KRW,,5000000000,5000000000,26,,A1,A1,,한화솔루션,외부 신용보강,금융기관,한국투자증권
66691,키스이제이제팔차,KRZFA89785G3,키스이제이제팔차 20260313-66-5,N,20260313,20260518,하이브리드증권,KRW,,5000000000,5000000000,26,,A1,A1,,한화솔루션,외부 신용보강,금융기관,한국투자증권
66691,키스이제이제팔차,KRZFA89786G3,키스이제이제팔차 20260313-66-6,N,20260313,20260518,하이브리드증권,KRW,,5000000000,5000000000,26,,A1,A1,,한화솔루션,외부 신용보강,금융기관,한국투자증권
67034,프라임리드원,KRZFA92371G3,프라임리드원 20260313-185-1,Y,20260313,20260914,PF대출채권,KRW,,5000000000,5000000000,145,A1,,A1,,충주드림파크개발(주),외부 신용보강,금융기관,메리츠증권
67034,프라임리드원,KRZFA92372G3,프라임리드원 20260313-185-2,Y,20260313,20260914,PF대출채권,KRW,,5000000000,5000000000,145,A1,,A1,,충주드림파크개발(주),외부 신용보강,금융기관,메리츠증권
67034,프라임리드원,KRZFA92373G3,프라임리드원 20260313-185-3,Y,20260313,20260914,PF대출채권,KRW,,5000000000,5000000000,145,A1,,A1,,충주드림파크개발(주),외부 신용보강,금융기관,메리츠증권
67034,프라임리드원,KRZFA92374G3,프라임리드원 20260313-185-4,Y,20260313,20260914,PF대출채권,KRW,,5000000000,5000000000,145,A1,,A1,,충주드림파크개발(주),외부 신용보강,금융기관,메리츠증권
67034,프라임리드원,KRZFA92375G3,프라임리드원 20260313-185-5,Y,20260313,20260914,PF대출채권,KRW,,5000000000,5000000000,145,A1,,A1,,충주드림파크개발(주),외부 신용보강,금융기관,메리츠증권
67034,프라임리드원,KRZFA92376G3,프라임리드원 20260313-185-6,Y,20260313,20260914,PF대출채권,KRW,,3000000000,3000000000,145,A1,,A1,,충주드림파크개발(주),외부 신용보강,금융기관,메리츠증권
74109,하나플라제일차,KRZF0170F1G3,하나플라제일차 20260313-94-1,N,20260313,20260615,대출채권,KRW,,5000000000,5000000000,54,A1,,A1,,에스케이플라즈마,차환발행위험(유동성 공여형 매입약정),금융기관,하나은행
74109,하나플라제일차,KRZF0170F2G3,하나플라제일차 20260313-94-2,N,20260313,20260615,대출채권,KRW,,5000000000,5000000000,54,A1,,A1,,에스케이플라즈마,차환발행위험(유동성 공여형 매입약정),금융기관,하나은행
74089,그린파인제일차,KRZFA78021G3,그린파인제일차 20260312-183-1,N,20260312,20260911,회사채,KRW,,55000000,55000000,142,,A2-,A2-,,키움캐피탈,자체 신용보강,자체 신용보강,키움캐피탈
74099,농협챔피온제삼차,KRZFA48801G3,농협챔피온제삼차 20260312-285-1,N,20260312,20261222,정기예금,KRW,,5000000000,5000000000,244,A1,,A1,,농협은행,자체 신용보강,자체 신용보강,농협은행
74099,농협챔피온제삼차,KRZFA4880AG3,농협챔피온제삼차 20260312-285-10,N,20260312,20261222,정기예금,KRW,,5000000000,5000000000,244,A1,,A1,,농협은행,자체 신용보강,자체 신용보강,농협은행
74099,농협챔피온제삼차,KRZFA4880BG3,농협챔피온제삼차 20260312-285-11,N,20260312,20261222,정기예금,KRW,,5000000000,5000000000,244,A1,,A1,,농협은행,자체 신용보강,자체 신용보강,농협은행
74099,농협챔피온제삼차,KRZFA4880CG3,농협챔피온제삼차 20260312-285-12,N,20260312,20261222,정기예금,KRW,,5000000000,5000000000,244,A1,,A1,,농협은행,자체 신용보강,자체 신용보강,농협은행
74099,농협챔피온제삼차,KRZFA4880DG3,농협챔피온제삼차 20260312-285-13,N,20260312,20261222,정기예금,KRW,,5000000000,5000000000,244,A1,,A1,,농협은행,자체 신용보강,자체 신용보강,농협은행
74099,농협챔피온제삼차,KRZFA4880EG3,농협챔피온제삼차 20260312-285-14,N,20260312,20261222,정기예금,KRW,,5000000000,5000000000,244,A1,,A1,,농협은행,자체 신용보강,자체 신용보강,농협은행
74099,농협챔피온제삼차,KRZFA4880FG3,농협챔피온제삼차 20260312-285-15,N,20260312,20261222,정기예금,KRW,,5000000000,5000000000,244,A1,,A1,,농협은행,자체 신용보강,자체 신용보강,농협은행
74099,농협챔피온제삼차,KRZFA4880GG3,농협챔피온제삼차 20260312-285-16,N,20260312,20261222,정기예금,KRW,,5000000000,5000000000,244,A1,,A1,,농협은행,자체 신용보강,자체 신용보강,농협은행
74099,농협챔피온제삼차,KRZFA4880HG3,농협챔피온제삼차 20260312-285-17,N,20260312,20261222,정기예금,KRW,,5000000000,5000000000,244,A1,,A1,,농협은행,자체 신용보강,자체 신용보강,농협은행
74099,농협챔피온제삼차,KRZFA4880JG3,농협챔피온제삼차 20260312-285-18,N,20260312,20261222,정기예금,KRW,,5000000000,5000000000,244,A1,,A1,,농협은행,자체 신용보강,자체 신용보강,농협은행
74099,농협챔피온제삼차,KRZFA4880KG3,농협챔피온제삼차 20260312-285-19,N,20260312,20261222,정기예금,KRW,,5000000000,5000000000,244,A1,,A1,,농협은행,자체 신용보강,자체 신용보강,농협은행
74099,농협챔피온제삼차,KRZFA48802G3,농협챔피온제삼차 20260312-285-2,N,20260312,20261222,정기예금,KRW,,5000000000,5000000000,244,A1,,A1,,농협은행,자체 신용보강,자체 신용보강,농협은행
74099,농협챔피온제삼차,KRZFA4880LG3,농협챔피온제삼차 20260312-285-20,N,20260312,20261222,정기예금,KRW,,5000000000,5000000000,244,A1,,A1,,농협은행,자체 신용보강,자체 신용보강,농협은행
74099,농협챔피온제삼차,KRZFA4880MG3,농협챔피온제삼차 20260312-285-21,N,20260312,20261222,정기예금,KRW,,5000000000,5000000000,244,A1,,A1,,농협은행,자체 신용보강,자체 신용보강,농협은행
74099,농협챔피온제삼차,KRZFA4880NG3,농협챔피온제삼차 20260312-285-22,N,20260312,20261222,정기예금,KRW,,5000000000,5000000000,244,A1,,A1,,농협은행,자체 신용보강,자체 신용보강,농협은행
74099,농협챔피온제삼차,KRZFA4880PG3,농협챔피온제삼차 20260312-285-23,N,20260312,20261222,정기예금,KRW,,5000000000,5000000000,244,A1,,A1,,농협은행,자체 신용보강,자체 신용보강,농협은행
74099,농협챔피온제삼차,KRZFA4880QG3,농협챔피온제삼차 20260312-285-24,N,20260312,20261222,정기예금,KRW,,5000000000,5000000000,244,A1,,A1,,농협은행,자체 신용보강,자체 신용보강,농협은행
74099,농협챔피온제삼차,KRZFA4880RG3,농협챔피온제삼차 20260312-285-25,N,20260312,20261222,정기예금,KRW,,5000000000,5000000000,244,A1,,A1,,농협은행,자체 신용보강,자체 신용보강,농협은행
74099,농협챔피온제삼차,KRZFA4880SG3,농협챔피온제삼차 20260312-285-26,N,20260312,20261222,정기예금,KRW,,5000000000,5000000000,244,A1,,A1,,농협은행,자체 신용보강,자체 신용보강,농협은행
74099,농협챔피온제삼차,KRZFA4880TG3,농협챔피온제삼차 20260312-285-27,N,20260312,20261222,정기예금,KRW,,5000000000,5000000000,244,A1,,A1,,농협은행,자체 신용보강,자체 신용보강,농협은행
74099,농협챔피온제삼차,KRZFA4880VG3,농협챔피온제삼차 20260312-285-28,N,20260312,20261222,정기예금,KRW,,5000000000,5000000000,244,A1,,A1,,농협은행,자체 신용보강,자체 신용보강,농협은행
74099,농협챔피온제삼차,KRZFA4880WG3,농협챔피온제삼차 20260312-285-29,N,20260312,20261222,정기예금,KRW,,5000000000,5000000000,244,A1,,A1,,농협은행,자체 신용보강,자체 신용보강,농협은행
74099,농협챔피온제삼차,KRZFA48803G3,농협챔피온제삼차 20260312-285-3,N,20260312,20261222,정기예금,KRW,,5000000000,5000000000,244,A1,,A1,,농협은행,자체 신용보강,자체 신용보강,농협은행
74099,농협챔피온제삼차,KRZFA4880XG3,농협챔피온제삼차 20260312-285-30,N,20260312,20261222,정기예금,KRW,,5000000000,5000000000,244,A1,,A1,,농협은행,자체 신용보강,자체 신용보강,농협은행
74099,농협챔피온제삼차,KRZFA4880YG3,농협챔피온제삼차 20260312-285-31,N,20260312,20261222,정기예금,KRW,,5000000000,5000000000,244,A1,,A1,,농협은행,자체 신용보강,자체 신용보강,농협은행
74099,농협챔피온제삼차,KRZFA4880ZG3,농협챔피온제삼차 20260312-285-32,N,20260312,20261222,정기예금,KRW,,5000000000,5000000000,244,A1,,A1,,농협은행,자체 신용보강,자체 신용보강,농협은행
74099,농협챔피온제삼차,KRZFA48800GF,농협챔피온제삼차 20260312-285-33,N,20260312,20261222,정기예금,KRW,,5000000000,5000000000,244,A1,,A1,,농협은행,자체 신용보강,자체 신용보강,농협은행
74099,농협챔피온제삼차,KRZFA48801GF,농협챔피온제삼차 20260312-285-34,N,20260312,20261222,정기예금,KRW,,5000000000,5000000000,244,A1,,A1,,농협은행,자체 신용보강,자체 신용보강,농협은행
74099,농협챔피온제삼차,KRZFA48802GF,농협챔피온제삼차 20260312-285-35,N,20260312,20261222,정기예금,KRW,,5000000000,5000000000,244,A1,,A1,,농협은행,자체 신용보강,자체 신용보강,농협은행
74099,농협챔피온제삼차,KRZFA48803GF,농협챔피온제삼차 20260312-285-36,N,20260312,20261222,정기예금,KRW,,5000000000,5000000000,244,A1,,A1,,농협은행,자체 신용보강,자체 신용보강,농협은행
74099,농협챔피온제삼차,KRZFA48804GF,농협챔피온제삼차 20260312-285-37,N,20260312,20261222,정기예금,KRW,,5000000000,5000000000,244,A1,,A1,,농협은행,자체 신용보강,자체 신용보강,농협은행
74099,농협챔피온제삼차,KRZFA48805GF,농협챔피온제삼차 20260312-285-38,N,20260312,20261222,정기예금,KRW,,5000000000,5000000000,244,A1,,A1,,농협은행,자체 신용보강,자체 신용보강,농협은행
74099,농협챔피온제삼차,KRZFA48806GF,농협챔피온제삼차 20260312-285-39,N,20260312,20261222,정기예금,KRW,,5000000000,5000000000,244,A1,,A1,,농협은행,자체 신용보강,자체 신용보강,농협은행
74099,농협챔피온제삼차,KRZFA48804G3,농협챔피온제삼차 20260312-285-4,N,20260312,20261222,정기예금,KRW,,5000000000,5000000000,244,A1,,A1,,농협은행,자체 신용보강,자체 신용보강,농협은행
74099,농협챔피온제삼차,KRZFA48807GF,농협챔피온제삼차 20260312-285-40,N,20260312,20261222,정기예금,KRW,,5000000000,5000000000,244,A1,,A1,,농협은행,자체 신용보강,자체 신용보강,농협은행
74099,농협챔피온제삼차,KRZFA48808GF,농협챔피온제삼차 20260312-285-41,N,20260312,20261222,정기예금,KRW,,5000000000,5000000000,244,A1,,A1,,농협은행,자체 신용보강,자체 신용보강,농협은행
74099,농협챔피온제삼차,KRZFA48809GF,농협챔피온제삼차 20260312-285-42,N,20260312,20261222,정기예금,KRW,,5000000000,5000000000,244,A1,,A1,,농협은행,자체 신용보강,자체 신용보강,농협은행
74099,농협챔피온제삼차,KRZFA4880AGF,농협챔피온제삼차 20260312-285-43,N,20260312,20261222,정기예금,KRW,,5000000000,5000000000,244,A1,,A1,,농협은행,자체 신용보강,자체 신용보강,농협은행
74099,농협챔피온제삼차,KRZFA4880BGF,농협챔피온제삼차 20260312-285-44,N,20260312,20261222,정기예금,KRW,,5000000000,5000000000,244,A1,,A1,,농협은행,자체 신용보강,자체 신용보강,농협은행
74099,농협챔피온제삼차,KRZFA4880CGF,농협챔피온제삼차 20260312-285-45,N,20260312,20261222,정기예금,KRW,,5000000000,5000000000,244,A1,,A1,,농협은행,자체 신용보강,자체 신용보강,농협은행
74099,농협챔피온제삼차,KRZFA4880DGF,농협챔피온제삼차 20260312-285-46,N,20260312,20261222,정기예금,KRW,,5000000000,5000000000,244,A1,,A1,,농협은행,자체 신용보강,자체 신용보강,농협은행
74099,농협챔피온제삼차,KRZFA4880EGF,농협챔피온제삼차 20260312-285-47,N,20260312,20261222,정기예금,KRW,,5000000000,5000000000,244,A1,,A1,,농협은행,자체 신용보강,자체 신용보강,농협은행
74099,농협챔피온제삼차,KRZFA4880FGF,농협챔피온제삼차 20260312-285-48,N,20260312,20261222,정기예금,KRW,,5000000000,5000000000,244,A1,,A1,,농협은행,자체 신용보강,자체 신용보강,농협은행
74099,농협챔피온제삼차,KRZFA4880GGF,농협챔피온제삼차 20260312-285-49,N,20260312,20261222,정기예금,KRW,,5000000000,5000000000,244,A1,,A1,,농협은행,자체 신용보강,자체 신용보강,농협은행
74099,농협챔피온제삼차,KRZFA48805G3,농협챔피온제삼차 20260312-285-5,N,20260312,20261222,정기예금,KRW,,5000000000,5000000000,244,A1,,A1,,농협은행,자체 신용보강,자체 신용보강,농협은행
74099,농협챔피온제삼차,KRZFA48806G3,농협챔피온제삼차 20260312-285-6,N,20260312,20261222,정기예금,KRW,,5000000000,5000000000,244,A1,,A1,,농협은행,자체 신용보강,자체 신용보강,농협은행
74099,농협챔피온제삼차,KRZFA48807G3,농협챔피온제삼차 20260312-285-7,N,20260312,20261222,정기예금,KRW,,5000000000,5000000000,244,A1,,A1,,농협은행,자체 신용보강,자체 신용보강,농협은행
74099,농협챔피온제삼차,KRZFA48808G3,농협챔피온제삼차 20260312-285-8,N,20260312,20261222,정기예금,KRW,,5000000000,5000000000,244,A1,,A1,,농협은행,자체 신용보강,자체 신용보강,농협은행
74099,농협챔피온제삼차,KRZFA48809G3,농협챔피온제삼차 20260312-285-9,N,20260312,20261222,정기예금,KRW,,5000000000,5000000000,244,A1,,A1,,농협은행,자체 신용보강,자체 신용보강,농협은행
74100,비나리제오차,KRZF0165T1G3,비나리제오차 20260312-187-1,Y,20260312,20260915,PF대출채권,KRW,,5000000000,5000000000,146,A2-,A2-,,,케이피오룡(주),외부 신용보강,일반기업,케이씨씨건설
74100,비나리제오차,KRZF0165T2G3,비나리제오차 20260312-187-2,Y,20260312,20260915,PF대출채권,KRW,,5000000000,5000000000,146,A2-,A2-,,,케이피오룡(주),외부 신용보강,일반기업,케이씨씨건설
74100,비나리제오차,KRZF0165T3G3,비나리제오차 20260312-187-3,Y,20260312,20260915,PF대출채권,KRW,,5000000000,5000000000,146,A2-,A2-,,,케이피오룡(주),외부 신용보강,일반기업,케이씨씨건설
74100,비나리제오차,KRZF0165T4G3,비나리제오차 20260312-187-4,Y,20260312,20260915,PF대출채권,KRW,,5000000000,5000000000,146,A2-,A2-,,,케이피오룡(주),외부 신용보강,일반기업,케이씨씨건설
74100,비나리제오차,KRZF0165T5G3,비나리제오차 20260312-187-5,Y,20260312,20260915,PF대출채권,KRW,,5000000000,5000000000,146,A2-,A2-,,,케이피오룡(주),외부 신용보강,일반기업,케이씨씨건설
74100,비나리제오차,KRZF0165T6G3,비나리제오차 20260312-187-6,Y,20260312,20260915,PF대출채권,KRW,,5000000000,5000000000,146,A2-,A2-,,,케이피오룡(주),외부 신용보강,일반기업,케이씨씨건설
74100,비나리제오차,KRZF0165T7G3,비나리제오차 20260312-187-7,Y,20260312,20260915,PF대출채권,KRW,,5000000000,5000000000,146,A2-,A2-,,,케이피오룡(주),외부 신용보강,일반기업,케이씨씨건설
74100,비나리제오차,KRZF0165T8G3,비나리제오차 20260312-187-8,Y,20260312,20260915,PF대출채권,KRW,,5000000000,5000000000,146,A2-,A2-,,,케이피오룡(주),외부 신용보강,일반기업,케이씨씨건설
74100,비나리제오차,KRZF0165T9G3,비나리제오차 20260312-187-9,Y,20260312,20260915,PF대출채권,KRW,,700000000,700000000,146,A2-,A2-,,,케이피오룡(주),외부 신용보강,일반기업,케이씨씨건설
71706,프로젝트마곡이,KRZF0107N1G3,프로젝트마곡이 20260312-92-1,N,20260312,20260612,대출채권,KRW,,5000000000,5000000000,51,,A1,A1,,이랜드리테일,금리변동/환율변동,금융기관,신한은행
71706,프로젝트마곡이,KRZF0107N1G3,프로젝트마곡이 20260312-92-1,N,20260312,20260612,대출채권,KRW,,5000000000,5000000000,51,,A1,A1,,이랜드리테일,차환발행위험(유동성 공여형 매입약정),금융기관,하나은행
71706,프로젝트마곡이,KRZF0107N1G3,프로젝트마곡이 20260312-92-1,N,20260312,20260612,대출채권,KRW,,5000000000,5000000000,51,,A1,A1,,이랜드리테일,차환발행위험(유동성 공여형 매입약정),금융기관,중소기업은행
71706,프로젝트마곡이,KRZF0107N1G3,프로젝트마곡이 20260312-92-1,N,20260312,20260612,대출채권,KRW,,5000000000,5000000000,51,,A1,A1,,이랜드리테일,차환발행위험(유동성 공여형 매입약정),금융기관,국민은행
71706,프로젝트마곡이,KRZF0107N1G3,프로젝트마곡이 20260312-92-1,N,20260312,20260612,대출채권,KRW,,5000000000,5000000000,51,,A1,A1,,이랜드월드,금리변동/환율변동,금융기관,신한은행
71706,프로젝트마곡이,KRZF0107N1G3,프로젝트마곡이 20260312-92-1,N,20260312,20260612,대출채권,KRW,,5000000000,5000000000,51,,A1,A1,,이랜드월드,차환발행위험(유동성 공여형 매입약정),금융기관,하나은행
71706,프로젝트마곡이,KRZF0107N1G3,프로젝트마곡이 20260312-92-1,N,20260312,20260612,대출채권,KRW,,5000000000,5000000000,51,,A1,A1,,이랜드월드,차환발행위험(유동성 공여형 매입약정),금융기관,중소기업은행
71706,프로젝트마곡이,KRZF0107N1G3,프로젝트마곡이 20260312-92-1,N,20260312,20260612,대출채권,KRW,,5000000000,5000000000,51,,A1,A1,,이랜드월드,차환발행위험(유동성 공여형 매입약정),금융기관,국민은행
71706,프로젝트마곡이,KRZF0107NAG3,프로젝트마곡이 20260312-92-10,N,20260312,20260612,대출채권,KRW,,5000000000,5000000000,51,,A1,A1,,이랜드리테일,금리변동/환율변동,금융기관,신한은행
71706,프로젝트마곡이,KRZF0107NAG3,프로젝트마곡이 20260312-92-10,N,20260312,20260612,대출채권,KRW,,5000000000,5000000000,51,,A1,A1,,이랜드리테일,차환발행위험(유동성 공여형 매입약정),금융기관,하나은행
71706,프로젝트마곡이,KRZF0107NAG3,프로젝트마곡이 20260312-92-10,N,20260312,20260612,대출채권,KRW,,5000000000,5000000000,51,,A1,A1,,이랜드리테일,차환발행위험(유동성 공여형 매입약정),금융기관,중소기업은행
71706,프로젝트마곡이,KRZF0107NAG3,프로젝트마곡이 20260312-92-10,N,20260312,20260612,대출채권,KRW,,5000000000,5000000000,51,,A1,A1,,이랜드리테일,차환발행위험(유동성 공여형 매입약정),금융기관,국민은행
71706,프로젝트마곡이,KRZF0107NAG3,프로젝트마곡이 20260312-92-10,N,20260312,20260612,대출채권,KRW,,5000000000,5000000000,51,,A1,A1,,이랜드월드,금리변동/환율변동,금융기관,신한은행
71706,프로젝트마곡이,KRZF0107NAG3,프로젝트마곡이 20260312-92-10,N,20260312,20260612,대출채권,KRW,,5000000000,5000000000,51,,A1,A1,,이랜드월드,차환발행위험(유동성 공여형 매입약정),금융기관,하나은행
71706,프로젝트마곡이,KRZF0107NAG3,프로젝트마곡이 20260312-92-10,N,20260312,20260612,대출채권,KRW,,5000000000,5000000000,51,,A1,A1,,이랜드월드,차환발행위험(유동성 공여형 매입약정),금융기관,중소기업은행
71706,프로젝트마곡이,KRZF0107NAG3,프로젝트마곡이 20260312-92-10,N,20260312,20260612,대출채권,KRW,,5000000000,5000000000,51,,A1,A1,,이랜드월드,차환발행위험(유동성 공여형 매입약정),금융기관,국민은행
71706,프로젝트마곡이,KRZF0107NBG3,프로젝트마곡이 20260312-92-11,N,20260312,20260612,대출채권,KRW,,5000000000,5000000000,51,,A1,A1,,이랜드리테일,금리변동/환율변동,금융기관,신한은행
71706,프로젝트마곡이,KRZF0107NBG3,프로젝트마곡이 20260312-92-11,N,20260312,20260612,대출채권,KRW,,5000000000,5000000000,51,,A1,A1,,이랜드리테일,차환발행위험(유동성 공여형 매입약정),금융기관,하나은행
71706,프로젝트마곡이,KRZF0107NBG3,프로젝트마곡이 20260312-92-11,N,20260312,20260612,대출채권,KRW,,5000000000,5000000000,51,,A1,A1,,이랜드리테일,차환발행위험(유동성 공여형 매입약정),금융기관,중소기업은행
71706,프로젝트마곡이,KRZF0107NBG3,프로젝트마곡이 20260312-92-11,N,20260312,20260612,대출채권,KRW,,5000000000,5000000000,51,,A1,A1,,이랜드리테일,차환발행위험(유동성 공여형 매입약정),금융기관,국민은행
71706,프로젝트마곡이,KRZF0107NBG3,프로젝트마곡이 20260312-92-11,N,20260312,20260612,대출채권,KRW,,5000000000,5000000000,51,,A1,A1,,이랜드월드,금리변동/환율변동,금융기관,신한은행
71706,프로젝트마곡이,KRZF0107NBG3,프로젝트마곡이 20260312-92-11,N,20260312,20260612,대출채권,KRW,,5000000000,5000000000,51,,A1,A1,,이랜드월드,차환발행위험(유동성 공여형 매입약정),금융기관,하나은행
71706,프로젝트마곡이,KRZF0107NBG3,프로젝트마곡이 20260312-92-11,N,20260312,20260612,대출채권,KRW,,5000000000,5000000000,51,,A1,A1,,이랜드월드,차환발행위험(유동성 공여형 매입약정),금융기관,중소기업은행
71706,프로젝트마곡이,KRZF0107NBG3,프로젝트마곡이 20260312-92-11,N,20260312,20260612,대출채권,KRW,,5000000000,5000000000,51,,A1,A1,,이랜드월드,차환발행위험(유동성 공여형 매입약정),금융기관,국민은행
71706,프로젝트마곡이,KRZF0107NCG3,프로젝트마곡이 20260312-92-12,N,20260312,20260612,대출채권,KRW,,5000000000,5000000000,51,,A1,A1,,이랜드리테일,금리변동/환율변동,금융기관,신한은행
71706,프로젝트마곡이,KRZF0107NCG3,프로젝트마곡이 20260312-92-12,N,20260312,20260612,대출채권,KRW,,5000000000,5000000000,51,,A1,A1,,이랜드리테일,차환발행위험(유동성 공여형 매입약정),금융기관,하나은행
71706,프로젝트마곡이,KRZF0107NCG3,프로젝트마곡이 20260312-92-12,N,20260312,20260612,대출채권,KRW,,5000000000,5000000000,51,,A1,A1,,이랜드리테일,차환발행위험(유동성 공여형 매입약정),금융기관,중소기업은행
71706,프로젝트마곡이,KRZF0107NCG3,프로젝트마곡이 20260312-92-12,N,20260312,20260612,대출채권,KRW,,5000000000,5000000000,51,,A1,A1,,이랜드리테일,차환발행위험(유동성 공여형 매입약정),금융기관,국민은행
71706,프로젝트마곡이,KRZF0107NCG3,프로젝트마곡이 20260312-92-12,N,20260312,20260612,대출채권,KRW,,5000000000,5000000000,51,,A1,A1,,이랜드월드,금리변동/환율변동,금융기관,신한은행
71706,프로젝트마곡이,KRZF0107NCG3,프로젝트마곡이 20260312-92-12,N,20260312,20260612,대출채권,KRW,,5000000000,5000000000,51,,A1,A1,,이랜드월드,차환발행위험(유동성 공여형 매입약정),금융기관,하나은행
71706,프로젝트마곡이,KRZF0107NCG3,프로젝트마곡이 20260312-92-12,N,20260312,20260612,대출채권,KRW,,5000000000,5000000000,51,,A1,A1,,이랜드월드,차환발행위험(유동성 공여형 매입약정),금융기관,중소기업은행
71706,프로젝트마곡이,KRZF0107NCG3,프로젝트마곡이 20260312-92-12,N,20260312,20260612,대출채권,KRW,,5000000000,5000000000,51,,A1,A1,,이랜드월드,차환발행위험(유동성 공여형 매입약정),금융기관,국민은행
71706,프로젝트마곡이,KRZF0107NDG3,프로젝트마곡이 20260312-92-13,N,20260312,20260612,대출채권,KRW,,5000000000,5000000000,51,,A1,A1,,이랜드리테일,금리변동/환율변동,금융기관,신한은행
71706,프로젝트마곡이,KRZF0107NDG3,프로젝트마곡이 20260312-92-13,N,20260312,20260612,대출채권,KRW,,5000000000,5000000000,51,,A1,A1,,이랜드리테일,차환발행위험(유동성 공여형 매입약정),금융기관,하나은행
71706,프로젝트마곡이,KRZF0107NDG3,프로젝트마곡이 20260312-92-13,N,20260312,20260612,대출채권,KRW,,5000000000,5000000000,51,,A1,A1,,이랜드리테일,차환발행위험(유동성 공여형 매입약정),금융기관,중소기업은행
71706,프로젝트마곡이,KRZF0107NDG3,프로젝트마곡이 20260312-92-13,N,20260312,20260612,대출채권,KRW,,5000000000,5000000000,51,,A1,A1,,이랜드리테일,차환발행위험(유동성 공여형 매입약정),금융기관,국민은행
71706,프로젝트마곡이,KRZF0107NDG3,프로젝트마곡이 20260312-92-13,N,20260312,20260612,대출채권,KRW,,5000000000,5000000000,51,,A1,A1,,이랜드월드,금리변동/환율변동,금융기관,신한은행
71706,프로젝트마곡이,KRZF0107NDG3,프로젝트마곡이 20260312-92-13,N,20260312,20260612,대출채권,KRW,,5000000000,5000000000,51,,A1,A1,,이랜드월드,차환발행위험(유동성 공여형 매입약정),금융기관,하나은행
71706,프로젝트마곡이,KRZF0107NDG3,프로젝트마곡이 20260312-92-13,N,20260312,20260612,대출채권,KRW,,5000000000,5000000000,51,,A1,A1,,이랜드월드,차환발행위험(유동성 공여형 매입약정),금융기관,중소기업은행
71706,프로젝트마곡이,KRZF0107NDG3,프로젝트마곡이 20260312-92-13,N,20260312,20260612,대출채권,KRW,,5000000000,5000000000,51,,A1,A1,,이랜드월드,차환발행위험(유동성 공여형 매입약정),금융기관,국민은행
71706,프로젝트마곡이,KRZF0107NEG3,프로젝트마곡이 20260312-92-14,N,20260312,20260612,대출채권,KRW,,5000000000,5000000000,51,,A1,A1,,이랜드리테일,금리변동/환율변동,금융기관,신한은행
71706,프로젝트마곡이,KRZF0107NEG3,프로젝트마곡이 20260312-92-14,N,20260312,20260612,대출채권,KRW,,5000000000,5000000000,51,,A1,A1,,이랜드리테일,차환발행위험(유동성 공여형 매입약정),금융기관,하나은행
71706,프로젝트마곡이,KRZF0107NEG3,프로젝트마곡이 20260312-92-14,N,20260312,20260612,대출채권,KRW,,5000000000,5000000000,51,,A1,A1,,이랜드리테일,차환발행위험(유동성 공여형 매입약정),금융기관,중소기업은행
71706,프로젝트마곡이,KRZF0107NEG3,프로젝트마곡이 20260312-92-14,N,20260312,20260612,대출채권,KRW,,5000000000,5000000000,51,,A1,A1,,이랜드리테일,차환발행위험(유동성 공여형 매입약정),금융기관,국민은행
71706,프로젝트마곡이,KRZF0107NEG3,프로젝트마곡이 20260312-92-14,N,20260312,20260612,대출채권,KRW,,5000000000,5000000000,51,,A1,A1,,이랜드월드,금리변동/환율변동,금융기관,신한은행
71706,프로젝트마곡이,KRZF0107NEG3,프로젝트마곡이 20260312-92-14,N,20260312,20260612,대출채권,KRW,,5000000000,5000000000,51,,A1,A1,,이랜드월드,차환발행위험(유동성 공여형 매입약정),금융기관,하나은행
71706,프로젝트마곡이,KRZF0107NEG3,프로젝트마곡이 20260312-92-14,N,20260312,20260612,대출채권,KRW,,5000000000,5000000000,51,,A1,A1,,이랜드월드,차환발행위험(유동성 공여형 매입약정),금융기관,중소기업은행
71706,프로젝트마곡이,KRZF0107NEG3,프로젝트마곡이 20260312-92-14,N,20260312,20260612,대출채권,KRW,,5000000000,5000000000,51,,A1,A1,,이랜드월드,차환발행위험(유동성 공여형 매입약정),금융기관,국민은행
71706,프로젝트마곡이,KRZF0107NFG3,프로젝트마곡이 20260312-92-15,N,20260312,20260612,대출채권,KRW,,5000000000,5000000000,51,,A1,A1,,이랜드리테일,금리변동/환율변동,금융기관,신한은행
71706,프로젝트마곡이,KRZF0107NFG3,프로젝트마곡이 20260312-92-15,N,20260312,20260612,대출채권,KRW,,5000000000,5000000000,51,,A1,A1,,이랜드리테일,차환발행위험(유동성 공여형 매입약정),금융기관,하나은행
71706,프로젝트마곡이,KRZF0107NFG3,프로젝트마곡이 20260312-92-15,N,20260312,20260612,대출채권,KRW,,5000000000,5000000000,51,,A1,A1,,이랜드리테일,차환발행위험(유동성 공여형 매입약정),금융기관,중소기업은행
71706,프로젝트마곡이,KRZF0107NFG3,프로젝트마곡이 20260312-92-15,N,20260312,20260612,대출채권,KRW,,5000000000,5000000000,51,,A1,A1,,이랜드리테일,차환발행위험(유동성 공여형 매입약정),금융기관,국민은행
71706,프로젝트마곡이,KRZF0107NFG3,프로젝트마곡이 20260312-92-15,N,20260312,20260612,대출채권,KRW,,5000000000,5000000000,51,,A1,A1,,이랜드월드,금리변동/환율변동,금융기관,신한은행
71706,프로젝트마곡이,KRZF0107NFG3,프로젝트마곡이 20260312-92-15,N,20260312,20260612,대출채권,KRW,,5000000000,5000000000,51,,A1,A1,,이랜드월드,차환발행위험(유동성 공여형 매입약정),금융기관,하나은행
71706,프로젝트마곡이,KRZF0107NFG3,프로젝트마곡이 20260312-92-15,N,20260312,20260612,대출채권,KRW,,5000000000,5000000000,51,,A1,A1,,이랜드월드,차환발행위험(유동성 공여형 매입약정),금융기관,중소기업은행
71706,프로젝트마곡이,KRZF0107NFG3,프로젝트마곡이 20260312-92-15,N,20260312,20260612,대출채권,KRW,,5000000000,5000000000,51,,A1,A1,,이랜드월드,차환발행위험(유동성 공여형 매입약정),금융기관,국민은행
71706,프로젝트마곡이,KRZF0107NGG3,프로젝트마곡이 20260312-92-16,N,20260312,20260612,대출채권,KRW,,5000000000,5000000000,51,,A1,A1,,이랜드리테일,금리변동/환율변동,금융기관,신한은행
71706,프로젝트마곡이,KRZF0107NGG3,프로젝트마곡이 20260312-92-16,N,20260312,20260612,대출채권,KRW,,5000000000,5000000000,51,,A1,A1,,이랜드리테일,차환발행위험(유동성 공여형 매입약정),금융기관,하나은행
71706,프로젝트마곡이,KRZF0107NGG3,프로젝트마곡이 20260312-92-16,N,20260312,20260612,대출채권,KRW,,5000000000,5000000000,51,,A1,A1,,이랜드리테일,차환발행위험(유동성 공여형 매입약정),금융기관,중소기업은행
71706,프로젝트마곡이,KRZF0107NGG3,프로젝트마곡이 20260312-92-16,N,20260312,20260612,대출채권,KRW,,5000000000,5000000000,51,,A1,A1,,이랜드리테일,차환발행위험(유동성 공여형 매입약정),금융기관,국민은행
71706,프로젝트마곡이,KRZF0107NGG3,프로젝트마곡이 20260312-92-16,N,20260312,20260612,대출채권,KRW,,5000000000,5000000000,51,,A1,A1,,이랜드월드,금리변동/환율변동,금융기관,신한은행
71706,프로젝트마곡이,KRZF0107NGG3,프로젝트마곡이 20260312-92-16,N,20260312,20260612,대출채권,KRW,,5000000000,5000000000,51,,A1,A1,,이랜드월드,차환발행위험(유동성 공여형 매입약정),금융기관,하나은행
71706,프로젝트마곡이,KRZF0107NGG3,프로젝트마곡이 20260312-92-16,N,20260312,20260612,대출채권,KRW,,5000000000,5000000000,51,,A1,A1,,이랜드월드,차환발행위험(유동성 공여형 매입약정),금융기관,중소기업은행
71706,프로젝트마곡이,KRZF0107NGG3,프로젝트마곡이 20260312-92-16,N,20260312,20260612,대출채권,KRW,,5000000000,5000000000,51,,A1,A1,,이랜드월드,차환발행위험(유동성 공여형 매입약정),금융기관,국민은행
71706,프로젝트마곡이,KRZF0107NHG3,프로젝트마곡이 20260312-92-17,N,20260312,20260612,대출채권,KRW,,5000000000,5000000000,51,,A1,A1,,이랜드리테일,금리변동/환율변동,금융기관,신한은행
71706,프로젝트마곡이,KRZF0107NHG3,프로젝트마곡이 20260312-92-17,N,20260312,20260612,대출채권,KRW,,5000000000,5000000000,51,,A1,A1,,이랜드리테일,차환발행위험(유동성 공여형 매입약정),금융기관,하나은행
71706,프로젝트마곡이,KRZF0107NHG3,프로젝트마곡이 20260312-92-17,N,20260312,20260612,대출채권,KRW,,5000000000,5000000000,51,,A1,A1,,이랜드리테일,차환발행위험(유동성 공여형 매입약정),금융기관,중소기업은행
71706,프로젝트마곡이,KRZF0107NHG3,프로젝트마곡이 20260312-92-17,N,20260312,20260612,대출채권,KRW,,5000000000,5000000000,51,,A1,A1,,이랜드리테일,차환발행위험(유동성 공여형 매입약정),금융기관,국민은행
71706,프로젝트마곡이,KRZF0107NHG3,프로젝트마곡이 20260312-92-17,N,20260312,20260612,대출채권,KRW,,5000000000,5000000000,51,,A1,A1,,이랜드월드,금리변동/환율변동,금융기관,신한은행
71706,프로젝트마곡이,KRZF0107NHG3,프로젝트마곡이 20260312-92-17,N,20260312,20260612,대출채권,KRW,,5000000000,5000000000,51,,A1,A1,,이랜드월드,차환발행위험(유동성 공여형 매입약정),금융기관,하나은행
71706,프로젝트마곡이,KRZF0107NHG3,프로젝트마곡이 20260312-92-17,N,20260312,20260612,대출채권,KRW,,5000000000,5000000000,51,,A1,A1,,이랜드월드,차환발행위험(유동성 공여형 매입약정),금융기관,중소기업은행
71706,프로젝트마곡이,KRZF0107NHG3,프로젝트마곡이 20260312-92-17,N,20260312,20260612,대출채권,KRW,,5000000000,5000000000,51,,A1,A1,,이랜드월드,차환발행위험(유동성 공여형 매입약정),금융기관,국민은행
71706,프로젝트마곡이,KRZF0107NJG3,프로젝트마곡이 20260312-92-18,N,20260312,20260612,대출채권,KRW,,5000000000,5000000000,51,,A1,A1,,이랜드리테일,금리변동/환율변동,금융기관,신한은행
71706,프로젝트마곡이,KRZF0107NJG3,프로젝트마곡이 20260312-92-18,N,20260312,20260612,대출채권,KRW,,5000000000,5000000000,51,,A1,A1,,이랜드리테일,차환발행위험(유동성 공여형 매입약정),금융기관,하나은행
71706,프로젝트마곡이,KRZF0107NJG3,프로젝트마곡이 20260312-92-18,N,20260312,20260612,대출채권,KRW,,5000000000,5000000000,51,,A1,A1,,이랜드리테일,차환발행위험(유동성 공여형 매입약정),금융기관,중소기업은행
71706,프로젝트마곡이,KRZF0107NJG3,프로젝트마곡이 20260312-92-18,N,20260312,20260612,대출채권,KRW,,5000000000,5000000000,51,,A1,A1,,이랜드리테일,차환발행위험(유동성 공여형 매입약정),금융기관,국민은행
71706,프로젝트마곡이,KRZF0107NJG3,프로젝트마곡이 20260312-92-18,N,20260312,20260612,대출채권,KRW,,5000000000,5000000000,51,,A1,A1,,이랜드월드,금리변동/환율변동,금융기관,신한은행
71706,프로젝트마곡이,KRZF0107NJG3,프로젝트마곡이 20260312-92-18,N,20260312,20260612,대출채권,KRW,,5000000000,5000000000,51,,A1,A1,,이랜드월드,차환발행위험(유동성 공여형 매입약정),금융기관,하나은행
71706,프로젝트마곡이,KRZF0107NJG3,프로젝트마곡이 20260312-92-18,N,20260312,20260612,대출채권,KRW,,5000000000,5000000000,51,,A1,A1,,이랜드월드,차환발행위험(유동성 공여형 매입약정),금융기관,중소기업은행
71706,프로젝트마곡이,KRZF0107NJG3,프로젝트마곡이 20260312-92-18,N,20260312,20260612,대출채권,KRW,,5000000000,5000000000,51,,A1,A1,,이랜드월드,차환발행위험(유동성 공여형 매입약정),금융기관,국민은행
71706,프로젝트마곡이,KRZF0107NKG3,프로젝트마곡이 20260312-92-19,N,20260312,20260612,대출채권,KRW,,5000000000,5000000000,51,,A1,A1,,이랜드리테일,금리변동/환율변동,금융기관,신한은행
71706,프로젝트마곡이,KRZF0107NKG3,프로젝트마곡이 20260312-92-19,N,20260312,20260612,대출채권,KRW,,5000000000,5000000000,51,,A1,A1,,이랜드리테일,차환발행위험(유동성 공여형 매입약정),금융기관,하나은행
71706,프로젝트마곡이,KRZF0107NKG3,프로젝트마곡이 20260312-92-19,N,20260312,20260612,대출채권,KRW,,5000000000,5000000000,51,,A1,A1,,이랜드리테일,차환발행위험(유동성 공여형 매입약정),금융기관,중소기업은행
71706,프로젝트마곡이,KRZF0107NKG3,프로젝트마곡이 20260312-92-19,N,20260312,20260612,대출채권,KRW,,5000000000,5000000000,51,,A1,A1,,이랜드리테일,차환발행위험(유동성 공여형 매입약정),금융기관,국민은행
71706,프로젝트마곡이,KRZF0107NKG3,프로젝트마곡이 20260312-92-19,N,20260312,20260612,대출채권,KRW,,5000000000,5000000000,51,,A1,A1,,이랜드월드,금리변동/환율변동,금융기관,신한은행
71706,프로젝트마곡이,KRZF0107NKG3,프로젝트마곡이 20260312-92-19,N,20260312,20260612,대출채권,KRW,,5000000000,5000000000,51,,A1,A1,,이랜드월드,차환발행위험(유동성 공여형 매입약정),금융기관,하나은행
71706,프로젝트마곡이,KRZF0107NKG3,프로젝트마곡이 20260312-92-19,N,20260312,20260612,대출채권,KRW,,5000000000,5000000000,51,,A1,A1,,이랜드월드,차환발행위험(유동성 공여형 매입약정),금융기관,중소기업은행
71706,프로젝트마곡이,KRZF0107NKG3,프로젝트마곡이 20260312-92-19,N,20260312,20260612,대출채권,KRW,,5000000000,5000000000,51,,A1,A1,,이랜드월드,차환발행위험(유동성 공여형 매입약정),금융기관,국민은행
71706,프로젝트마곡이,KRZF0107N2G3,프로젝트마곡이 20260312-92-2,N,20260312,20260612,대출채권,KRW,,5000000000,5000000000,51,,A1,A1,,이랜드리테일,금리변동/환율변동,금융기관,신한은행
71706,프로젝트마곡이,KRZF0107N2G3,프로젝트마곡이 20260312-92-2,N,20260312,20260612,대출채권,KRW,,5000000000,5000000000,51,,A1,A1,,이랜드리테일,차환발행위험(유동성 공여형 매입약정),금융기관,하나은행
71706,프로젝트마곡이,KRZF0107N2G3,프로젝트마곡이 20260312-92-2,N,20260312,20260612,대출채권,KRW,,5000000000,5000000000,51,,A1,A1,,이랜드리테일,차환발행위험(유동성 공여형 매입약정),금융기관,중소기업은행
71706,프로젝트마곡이,KRZF0107N2G3,프로젝트마곡이 20260312-92-2,N,20260312,20260612,대출채권,KRW,,5000000000,5000000000,51,,A1,A1,,이랜드리테일,차환발행위험(유동성 공여형 매입약정),금융기관,국민은행
71706,프로젝트마곡이,KRZF0107N2G3,프로젝트마곡이 20260312-92-2,N,20260312,20260612,대출채권,KRW,,5000000000,5000000000,51,,A1,A1,,이랜드월드,금리변동/환율변동,금융기관,신한은행
71706,프로젝트마곡이,KRZF0107N2G3,프로젝트마곡이 20260312-92-2,N,20260312,20260612,대출채권,KRW,,5000000000,5000000000,51,,A1,A1,,이랜드월드,차환발행위험(유동성 공여형 매입약정),금융기관,하나은행
71706,프로젝트마곡이,KRZF0107N2G3,프로젝트마곡이 20260312-92-2,N,20260312,20260612,대출채권,KRW,,5000000000,5000000000,51,,A1,A1,,이랜드월드,차환발행위험(유동성 공여형 매입약정),금융기관,중소기업은행
71706,프로젝트마곡이,KRZF0107N2G3,프로젝트마곡이 20260312-92-2,N,20260312,20260612,대출채권,KRW,,5000000000,5000000000,51,,A1,A1,,이랜드월드,차환발행위험(유동성 공여형 매입약정),금융기관,국민은행
71706,프로젝트마곡이,KRZF0107NLG3,프로젝트마곡이 20260312-92-20,N,20260312,20260612,대출채권,KRW,,5000000000,5000000000,51,,A1,A1,,이랜드리테일,금리변동/환율변동,금융기관,신한은행
71706,프로젝트마곡이,KRZF0107NLG3,프로젝트마곡이 20260312-92-20,N,20260312,20260612,대출채권,KRW,,5000000000,5000000000,51,,A1,A1,,이랜드리테일,차환발행위험(유동성 공여형 매입약정),금융기관,하나은행
71706,프로젝트마곡이,KRZF0107NLG3,프로젝트마곡이 20260312-92-20,N,20260312,20260612,대출채권,KRW,,5000000000,5000000000,51,,A1,A1,,이랜드리테일,차환발행위험(유동성 공여형 매입약정),금융기관,중소기업은행
71706,프로젝트마곡이,KRZF0107NLG3,프로젝트마곡이 20260312-92-20,N,20260312,20260612,대출채권,KRW,,5000000000,5000000000,51,,A1,A1,,이랜드리테일,차환발행위험(유동성 공여형 매입약정),금융기관,국민은행
71706,프로젝트마곡이,KRZF0107NLG3,프로젝트마곡이 20260312-92-20,N,20260312,20260612,대출채권,KRW,,5000000000,5000000000,51,,A1,A1,,이랜드월드,금리변동/환율변동,금융기관,신한은행
71706,프로젝트마곡이,KRZF0107NLG3,프로젝트마곡이 20260312-92-20,N,20260312,20260612,대출채권,KRW,,5000000000,5000000000,51,,A1,A1,,이랜드월드,차환발행위험(유동성 공여형 매입약정),금융기관,하나은행
71706,프로젝트마곡이,KRZF0107NLG3,프로젝트마곡이 20260312-92-20,N,20260312,20260612,대출채권,KRW,,5000000000,5000000000,51,,A1,A1,,이랜드월드,차환발행위험(유동성 공여형 매입약정),금융기관,중소기업은행
71706,프로젝트마곡이,KRZF0107NLG3,프로젝트마곡이 20260312-92-20,N,20260312,20260612,대출채권,KRW,,5000000000,5000000000,51,,A1,A1,,이랜드월드,차환발행위험(유동성 공여형 매입약정),금융기관,국민은행
71706,프로젝트마곡이,KRZF0107NMG3,프로젝트마곡이 20260312-92-21,N,20260312,20260612,대출채권,KRW,,5000000000,5000000000,51,,A1,A1,,이랜드리테일,금리변동/환율변동,금융기관,신한은행
71706,프로젝트마곡이,KRZF0107NMG3,프로젝트마곡이 20260312-92-21,N,20260312,20260612,대출채권,KRW,,5000000000,5000000000,51,,A1,A1,,이랜드리테일,차환발행위험(유동성 공여형 매입약정),금융기관,하나은행
71706,프로젝트마곡이,KRZF0107NMG3,프로젝트마곡이 20260312-92-21,N,20260312,20260612,대출채권,KRW,,5000000000,5000000000,51,,A1,A1,,이랜드리테일,차환발행위험(유동성 공여형 매입약정),금융기관,중소기업은행
71706,프로젝트마곡이,KRZF0107NMG3,프로젝트마곡이 20260312-92-21,N,20260312,20260612,대출채권,KRW,,5000000000,5000000000,51,,A1,A1,,이랜드리테일,차환발행위험(유동성 공여형 매입약정),금융기관,국민은행
71706,프로젝트마곡이,KRZF0107NMG3,프로젝트마곡이 20260312-92-21,N,20260312,20260612,대출채권,KRW,,5000000000,5000000000,51,,A1,A1,,이랜드월드,금리변동/환율변동,금융기관,신한은행
71706,프로젝트마곡이,KRZF0107NMG3,프로젝트마곡이 20260312-92-21,N,20260312,20260612,대출채권,KRW,,5000000000,5000000000,51,,A1,A1,,이랜드월드,차환발행위험(유동성 공여형 매입약정),금융기관,하나은행
71706,프로젝트마곡이,KRZF0107NMG3,프로젝트마곡이 20260312-92-21,N,20260312,20260612,대출채권,KRW,,5000000000,5000000000,51,,A1,A1,,이랜드월드,차환발행위험(유동성 공여형 매입약정),금융기관,중소기업은행
71706,프로젝트마곡이,KRZF0107NMG3,프로젝트마곡이 20260312-92-21,N,20260312,20260612,대출채권,KRW,,5000000000,5000000000,51,,A1,A1,,이랜드월드,차환발행위험(유동성 공여형 매입약정),금융기관,국민은행
71706,프로젝트마곡이,KRZF0107NNG3,프로젝트마곡이 20260312-92-22,N,20260312,20260612,대출채권,KRW,,5000000000,5000000000,51,,A1,A1,,이랜드리테일,금리변동/환율변동,금융기관,신한은행
71706,프로젝트마곡이,KRZF0107NNG3,프로젝트마곡이 20260312-92-22,N,20260312,20260612,대출채권,KRW,,5000000000,5000000000,51,,A1,A1,,이랜드리테일,차환발행위험(유동성 공여형 매입약정),금융기관,하나은행
71706,프로젝트마곡이,KRZF0107NNG3,프로젝트마곡이 20260312-92-22,N,20260312,20260612,대출채권,KRW,,5000000000,5000000000,51,,A1,A1,,이랜드리테일,차환발행위험(유동성 공여형 매입약정),금융기관,중소기업은행
71706,프로젝트마곡이,KRZF0107NNG3,프로젝트마곡이 20260312-92-22,N,20260312,20260612,대출채권,KRW,,5000000000,5000000000,51,,A1,A1,,이랜드리테일,차환발행위험(유동성 공여형 매입약정),금융기관,국민은행
71706,프로젝트마곡이,KRZF0107NNG3,프로젝트마곡이 20260312-92-22,N,20260312,20260612,대출채권,KRW,,5000000000,5000000000,51,,A1,A1,,이랜드월드,금리변동/환율변동,금융기관,신한은행
71706,프로젝트마곡이,KRZF0107NNG3,프로젝트마곡이 20260312-92-22,N,20260312,20260612,대출채권,KRW,,5000000000,5000000000,51,,A1,A1,,이랜드월드,차환발행위험(유동성 공여형 매입약정),금융기관,하나은행
71706,프로젝트마곡이,KRZF0107NNG3,프로젝트마곡이 20260312-92-22,N,20260312,20260612,대출채권,KRW,,5000000000,5000000000,51,,A1,A1,,이랜드월드,차환발행위험(유동성 공여형 매입약정),금융기관,중소기업은행
71706,프로젝트마곡이,KRZF0107NNG3,프로젝트마곡이 20260312-92-22,N,20260312,20260612,대출채권,KRW,,5000000000,5000000000,51,,A1,A1,,이랜드월드,차환발행위험(유동성 공여형 매입약정),금융기관,국민은행
71706,프로젝트마곡이,KRZF0107NPG3,프로젝트마곡이 20260312-92-23,N,20260312,20260612,대출채권,KRW,,5000000000,5000000000,51,,A1,A1,,이랜드리테일,금리변동/환율변동,금융기관,신한은행
71706,프로젝트마곡이,KRZF0107NPG3,프로젝트마곡이 20260312-92-23,N,20260312,20260612,대출채권,KRW,,5000000000,5000000000,51,,A1,A1,,이랜드리테일,차환발행위험(유동성 공여형 매입약정),금융기관,하나은행
71706,프로젝트마곡이,KRZF0107NPG3,프로젝트마곡이 20260312-92-23,N,20260312,20260612,대출채권,KRW,,5000000000,5000000000,51,,A1,A1,,이랜드리테일,차환발행위험(유동성 공여형 매입약정),금융기관,중소기업은행
71706,프로젝트마곡이,KRZF0107NPG3,프로젝트마곡이 20260312-92-23,N,20260312,20260612,대출채권,KRW,,5000000000,5000000000,51,,A1,A1,,이랜드리테일,차환발행위험(유동성 공여형 매입약정),금융기관,국민은행
71706,프로젝트마곡이,KRZF0107NPG3,프로젝트마곡이 20260312-92-23,N,20260312,20260612,대출채권,KRW,,5000000000,5000000000,51,,A1,A1,,이랜드월드,금리변동/환율변동,금융기관,신한은행
71706,프로젝트마곡이,KRZF0107NPG3,프로젝트마곡이 20260312-92-23,N,20260312,20260612,대출채권,KRW,,5000000000,5000000000,51,,A1,A1,,이랜드월드,차환발행위험(유동성 공여형 매입약정),금융기관,하나은행
71706,프로젝트마곡이,KRZF0107NPG3,프로젝트마곡이 20260312-92-23,N,20260312,20260612,대출채권,KRW,,5000000000,5000000000,51,,A1,A1,,이랜드월드,차환발행위험(유동성 공여형 매입약정),금융기관,중소기업은행
71706,프로젝트마곡이,KRZF0107NPG3,프로젝트마곡이 20260312-92-23,N,20260312,20260612,대출채권,KRW,,5000000000,5000000000,51,,A1,A1,,이랜드월드,차환발행위험(유동성 공여형 매입약정),금융기관,국민은행
71706,프로젝트마곡이,KRZF0107NQG3,프로젝트마곡이 20260312-92-24,N,20260312,20260612,대출채권,KRW,,5000000000,5000000000,51,,A1,A1,,이랜드리테일,금리변동/환율변동,금융기관,신한은행
71706,프로젝트마곡이,KRZF0107NQG3,프로젝트마곡이 20260312-92-24,N,20260312,20260612,대출채권,KRW,,5000000000,5000000000,51,,A1,A1,,이랜드리테일,차환발행위험(유동성 공여형 매입약정),금융기관,하나은행
71706,프로젝트마곡이,KRZF0107NQG3,프로젝트마곡이 20260312-92-24,N,20260312,20260612,대출채권,KRW,,5000000000,5000000000,51,,A1,A1,,이랜드리테일,차환발행위험(유동성 공여형 매입약정),금융기관,중소기업은행
71706,프로젝트마곡이,KRZF0107NQG3,프로젝트마곡이 20260312-92-24,N,20260312,20260612,대출채권,KRW,,5000000000,5000000000,51,,A1,A1,,이랜드리테일,차환발행위험(유동성 공여형 매입약정),금융기관,국민은행
71706,프로젝트마곡이,KRZF0107NQG3,프로젝트마곡이 20260312-92-24,N,20260312,20260612,대출채권,KRW,,5000000000,5000000000,51,,A1,A1,,이랜드월드,금리변동/환율변동,금융기관,신한은행
71706,프로젝트마곡이,KRZF0107NQG3,프로젝트마곡이 20260312-92-24,N,20260312,20260612,대출채권,KRW,,5000000000,5000000000,51,,A1,A1,,이랜드월드,차환발행위험(유동성 공여형 매입약정),금융기관,하나은행
71706,프로젝트마곡이,KRZF0107NQG3,프로젝트마곡이 20260312-92-24,N,20260312,20260612,대출채권,KRW,,5000000000,5000000000,51,,A1,A1,,이랜드월드,차환발행위험(유동성 공여형 매입약정),금융기관,중소기업은행
71706,프로젝트마곡이,KRZF0107NQG3,프로젝트마곡이 20260312-92-24,N,20260312,20260612,대출채권,KRW,,5000000000,5000000000,51,,A1,A1,,이랜드월드,차환발행위험(유동성 공여형 매입약정),금융기관,국민은행
71706,프로젝트마곡이,KRZF0107NRG3,프로젝트마곡이 20260312-92-25,N,20260312,20260612,대출채권,KRW,,5000000000,5000000000,51,,A1,A1,,이랜드리테일,금리변동/환율변동,금융기관,신한은행
71706,프로젝트마곡이,KRZF0107NRG3,프로젝트마곡이 20260312-92-25,N,20260312,20260612,대출채권,KRW,,5000000000,5000000000,51,,A1,A1,,이랜드리테일,차환발행위험(유동성 공여형 매입약정),금융기관,하나은행
71706,프로젝트마곡이,KRZF0107NRG3,프로젝트마곡이 20260312-92-25,N,20260312,20260612,대출채권,KRW,,5000000000,5000000000,51,,A1,A1,,이랜드리테일,차환발행위험(유동성 공여형 매입약정),금융기관,중소기업은행
71706,프로젝트마곡이,KRZF0107NRG3,프로젝트마곡이 20260312-92-25,N,20260312,20260612,대출채권,KRW,,5000000000,5000000000,51,,A1,A1,,이랜드리테일,차환발행위험(유동성 공여형 매입약정),금융기관,국민은행
71706,프로젝트마곡이,KRZF0107NRG3,프로젝트마곡이 20260312-92-25,N,20260312,20260612,대출채권,KRW,,5000000000,5000000000,51,,A1,A1,,이랜드월드,금리변동/환율변동,금융기관,신한은행
71706,프로젝트마곡이,KRZF0107NRG3,프로젝트마곡이 20260312-92-25,N,20260312,20260612,대출채권,KRW,,5000000000,5000000000,51,,A1,A1,,이랜드월드,차환발행위험(유동성 공여형 매입약정),금융기관,하나은행
71706,프로젝트마곡이,KRZF0107NRG3,프로젝트마곡이 20260312-92-25,N,20260312,20260612,대출채권,KRW,,5000000000,5000000000,51,,A1,A1,,이랜드월드,차환발행위험(유동성 공여형 매입약정),금융기관,중소기업은행
71706,프로젝트마곡이,KRZF0107NRG3,프로젝트마곡이 20260312-92-25,N,20260312,20260612,대출채권,KRW,,5000000000,5000000000,51,,A1,A1,,이랜드월드,차환발행위험(유동성 공여형 매입약정),금융기관,국민은행
71706,프로젝트마곡이,KRZF0107NSG3,프로젝트마곡이 20260312-92-26,N,20260312,20260612,대출채권,KRW,,5000000000,5000000000,51,,A1,A1,,이랜드리테일,금리변동/환율변동,금융기관,신한은행
71706,프로젝트마곡이,KRZF0107NSG3,프로젝트마곡이 20260312-92-26,N,20260312,20260612,대출채권,KRW,,5000000000,5000000000,51,,A1,A1,,이랜드리테일,차환발행위험(유동성 공여형 매입약정),금융기관,하나은행
71706,프로젝트마곡이,KRZF0107NSG3,프로젝트마곡이 20260312-92-26,N,20260312,20260612,대출채권,KRW,,5000000000,5000000000,51,,A1,A1,,이랜드리테일,차환발행위험(유동성 공여형 매입약정),금융기관,중소기업은행
71706,프로젝트마곡이,KRZF0107NSG3,프로젝트마곡이 20260312-92-26,N,20260312,20260612,대출채권,KRW,,5000000000,5000000000,51,,A1,A1,,이랜드리테일,차환발행위험(유동성 공여형 매입약정),금융기관,국민은행
71706,프로젝트마곡이,KRZF0107NSG3,프로젝트마곡이 20260312-92-26,N,20260312,20260612,대출채권,KRW,,5000000000,5000000000,51,,A1,A1,,이랜드월드,금리변동/환율변동,금융기관,신한은행
71706,프로젝트마곡이,KRZF0107NSG3,프로젝트마곡이 20260312-92-26,N,20260312,20260612,대출채권,KRW,,5000000000,5000000000,51,,A1,A1,,이랜드월드,차환발행위험(유동성 공여형 매입약정),금융기관,하나은행
71706,프로젝트마곡이,KRZF0107NSG3,프로젝트마곡이 20260312-92-26,N,20260312,20260612,대출채권,KRW,,5000000000,5000000000,51,,A1,A1,,이랜드월드,차환발행위험(유동성 공여형 매입약정),금융기관,중소기업은행
71706,프로젝트마곡이,KRZF0107NSG3,프로젝트마곡이 20260312-92-26,N,20260312,20260612,대출채권,KRW,,5000000000,5000000000,51,,A1,A1,,이랜드월드,차환발행위험(유동성 공여형 매입약정),금융기관,국민은행
71706,프로젝트마곡이,KRZF0107NTG3,프로젝트마곡이 20260312-92-27,N,20260312,20260612,대출채권,KRW,,5000000000,5000000000,51,,A1,A1,,이랜드리테일,금리변동/환율변동,금융기관,신한은행
71706,프로젝트마곡이,KRZF0107NTG3,프로젝트마곡이 20260312-92-27,N,20260312,20260612,대출채권,KRW,,5000000000,5000000000,51,,A1,A1,,이랜드리테일,차환발행위험(유동성 공여형 매입약정),금융기관,하나은행
71706,프로젝트마곡이,KRZF0107NTG3,프로젝트마곡이 20260312-92-27,N,20260312,20260612,대출채권,KRW,,5000000000,5000000000,51,,A1,A1,,이랜드리테일,차환발행위험(유동성 공여형 매입약정),금융기관,중소기업은행
71706,프로젝트마곡이,KRZF0107NTG3,프로젝트마곡이 20260312-92-27,N,20260312,20260612,대출채권,KRW,,5000000000,5000000000,51,,A1,A1,,이랜드리테일,차환발행위험(유동성 공여형 매입약정),금융기관,국민은행
71706,프로젝트마곡이,KRZF0107NTG3,프로젝트마곡이 20260312-92-27,N,20260312,20260612,대출채권,KRW,,5000000000,5000000000,51,,A1,A1,,이랜드월드,금리변동/환율변동,금융기관,신한은행
71706,프로젝트마곡이,KRZF0107NTG3,프로젝트마곡이 20260312-92-27,N,20260312,20260612,대출채권,KRW,,5000000000,5000000000,51,,A1,A1,,이랜드월드,차환발행위험(유동성 공여형 매입약정),금융기관,하나은행
71706,프로젝트마곡이,KRZF0107NTG3,프로젝트마곡이 20260312-92-27,N,20260312,20260612,대출채권,KRW,,5000000000,5000000000,51,,A1,A1,,이랜드월드,차환발행위험(유동성 공여형 매입약정),금융기관,중소기업은행
71706,프로젝트마곡이,KRZF0107NTG3,프로젝트마곡이 20260312-92-27,N,20260312,20260612,대출채권,KRW,,5000000000,5000000000,51,,A1,A1,,이랜드월드,차환발행위험(유동성 공여형 매입약정),금융기관,국민은행
71706,프로젝트마곡이,KRZF0107NVG3,프로젝트마곡이 20260312-92-28,N,20260312,20260612,대출채권,KRW,,5000000000,5000000000,51,,A1,A1,,이랜드리테일,금리변동/환율변동,금융기관,신한은행
71706,프로젝트마곡이,KRZF0107NVG3,프로젝트마곡이 20260312-92-28,N,20260312,20260612,대출채권,KRW,,5000000000,5000000000,51,,A1,A1,,이랜드리테일,차환발행위험(유동성 공여형 매입약정),금융기관,하나은행
71706,프로젝트마곡이,KRZF0107NVG3,프로젝트마곡이 20260312-92-28,N,20260312,20260612,대출채권,KRW,,5000000000,5000000000,51,,A1,A1,,이랜드리테일,차환발행위험(유동성 공여형 매입약정),금융기관,중소기업은행
71706,프로젝트마곡이,KRZF0107NVG3,프로젝트마곡이 20260312-92-28,N,20260312,20260612,대출채권,KRW,,5000000000,5000000000,51,,A1,A1,,이랜드리테일,차환발행위험(유동성 공여형 매입약정),금융기관,국민은행
71706,프로젝트마곡이,KRZF0107NVG3,프로젝트마곡이 20260312-92-28,N,20260312,20260612,대출채권,KRW,,5000000000,5000000000,51,,A1,A1,,이랜드월드,금리변동/환율변동,금융기관,신한은행
71706,프로젝트마곡이,KRZF0107NVG3,프로젝트마곡이 20260312-92-28,N,20260312,20260612,대출채권,KRW,,5000000000,5000000000,51,,A1,A1,,이랜드월드,차환발행위험(유동성 공여형 매입약정),금융기관,하나은행
71706,프로젝트마곡이,KRZF0107NVG3,프로젝트마곡이 20260312-92-28,N,20260312,20260612,대출채권,KRW,,5000000000,5000000000,51,,A1,A1,,이랜드월드,차환발행위험(유동성 공여형 매입약정),금융기관,중소기업은행
71706,프로젝트마곡이,KRZF0107NVG3,프로젝트마곡이 20260312-92-28,N,20260312,20260612,대출채권,KRW,,5000000000,5000000000,51,,A1,A1,,이랜드월드,차환발행위험(유동성 공여형 매입약정),금융기관,국민은행
71706,프로젝트마곡이,KRZF0107NWG3,프로젝트마곡이 20260312-92-29,N,20260312,20260612,대출채권,KRW,,5000000000,5000000000,51,,A1,A1,,이랜드리테일,금리변동/환율변동,금융기관,신한은행
71706,프로젝트마곡이,KRZF0107NWG3,프로젝트마곡이 20260312-92-29,N,20260312,20260612,대출채권,KRW,,5000000000,5000000000,51,,A1,A1,,이랜드리테일,차환발행위험(유동성 공여형 매입약정),금융기관,하나은행
71706,프로젝트마곡이,KRZF0107NWG3,프로젝트마곡이 20260312-92-29,N,20260312,20260612,대출채권,KRW,,5000000000,5000000000,51,,A1,A1,,이랜드리테일,차환발행위험(유동성 공여형 매입약정),금융기관,중소기업은행
71706,프로젝트마곡이,KRZF0107NWG3,프로젝트마곡이 20260312-92-29,N,20260312,20260612,대출채권,KRW,,5000000000,5000000000,51,,A1,A1,,이랜드리테일,차환발행위험(유동성 공여형 매입약정),금융기관,국민은행
71706,프로젝트마곡이,KRZF0107NWG3,프로젝트마곡이 20260312-92-29,N,20260312,20260612,대출채권,KRW,,5000000000,5000000000,51,,A1,A1,,이랜드월드,금리변동/환율변동,금융기관,신한은행
71706,프로젝트마곡이,KRZF0107NWG3,프로젝트마곡이 20260312-92-29,N,20260312,20260612,대출채권,KRW,,5000000000,5000000000,51,,A1,A1,,이랜드월드,차환발행위험(유동성 공여형 매입약정),금융기관,하나은행
71706,프로젝트마곡이,KRZF0107NWG3,프로젝트마곡이 20260312-92-29,N,20260312,20260612,대출채권,KRW,,5000000000,5000000000,51,,A1,A1,,이랜드월드,차환발행위험(유동성 공여형 매입약정),금융기관,중소기업은행
71706,프로젝트마곡이,KRZF0107NWG3,프로젝트마곡이 20260312-92-29,N,20260312,20260612,대출채권,KRW,,5000000000,5000000000,51,,A1,A1,,이랜드월드,차환발행위험(유동성 공여형 매입약정),금융기관,국민은행
71706,프로젝트마곡이,KRZF0107N3G3,프로젝트마곡이 20260312-92-3,N,20260312,20260612,대출채권,KRW,,5000000000,5000000000,51,,A1,A1,,이랜드리테일,금리변동/환율변동,금융기관,신한은행
71706,프로젝트마곡이,KRZF0107N3G3,프로젝트마곡이 20260312-92-3,N,20260312,20260612,대출채권,KRW,,5000000000,5000000000,51,,A1,A1,,이랜드리테일,차환발행위험(유동성 공여형 매입약정),금융기관,하나은행
71706,프로젝트마곡이,KRZF0107N3G3,프로젝트마곡이 20260312-92-3,N,20260312,20260612,대출채권,KRW,,5000000000,5000000000,51,,A1,A1,,이랜드리테일,차환발행위험(유동성 공여형 매입약정),금융기관,중소기업은행
71706,프로젝트마곡이,KRZF0107N3G3,프로젝트마곡이 20260312-92-3,N,20260312,20260612,대출채권,KRW,,5000000000,5000000000,51,,A1,A1,,이랜드리테일,차환발행위험(유동성 공여형 매입약정),금융기관,국민은행
71706,프로젝트마곡이,KRZF0107N3G3,프로젝트마곡이 20260312-92-3,N,20260312,20260612,대출채권,KRW,,5000000000,5000000000,51,,A1,A1,,이랜드월드,금리변동/환율변동,금융기관,신한은행
71706,프로젝트마곡이,KRZF0107N3G3,프로젝트마곡이 20260312-92-3,N,20260312,20260612,대출채권,KRW,,5000000000,5000000000,51,,A1,A1,,이랜드월드,차환발행위험(유동성 공여형 매입약정),금융기관,하나은행
71706,프로젝트마곡이,KRZF0107N3G3,프로젝트마곡이 20260312-92-3,N,20260312,20260612,대출채권,KRW,,5000000000,5000000000,51,,A1,A1,,이랜드월드,차환발행위험(유동성 공여형 매입약정),금융기관,중소기업은행
71706,프로젝트마곡이,KRZF0107N3G3,프로젝트마곡이 20260312-92-3,N,20260312,20260612,대출채권,KRW,,5000000000,5000000000,51,,A1,A1,,이랜드월드,차환발행위험(유동성 공여형 매입약정),금융기관,국민은행
71706,프로젝트마곡이,KRZF0107NXG3,프로젝트마곡이 20260312-92-30,N,20260312,20260612,대출채권,KRW,,5000000000,5000000000,51,,A1,A1,,이랜드리테일,금리변동/환율변동,금융기관,신한은행
71706,프로젝트마곡이,KRZF0107NXG3,프로젝트마곡이 20260312-92-30,N,20260312,20260612,대출채권,KRW,,5000000000,5000000000,51,,A1,A1,,이랜드리테일,차환발행위험(유동성 공여형 매입약정),금융기관,하나은행
71706,프로젝트마곡이,KRZF0107NXG3,프로젝트마곡이 20260312-92-30,N,20260312,20260612,대출채권,KRW,,5000000000,5000000000,51,,A1,A1,,이랜드리테일,차환발행위험(유동성 공여형 매입약정),금융기관,중소기업은행
71706,프로젝트마곡이,KRZF0107NXG3,프로젝트마곡이 20260312-92-30,N,20260312,20260612,대출채권,KRW,,5000000000,5000000000,51,,A1,A1,,이랜드리테일,차환발행위험(유동성 공여형 매입약정),금융기관,국민은행
71706,프로젝트마곡이,KRZF0107NXG3,프로젝트마곡이 20260312-92-30,N,20260312,20260612,대출채권,KRW,,5000000000,5000000000,51,,A1,A1,,이랜드월드,금리변동/환율변동,금융기관,신한은행
71706,프로젝트마곡이,KRZF0107NXG3,프로젝트마곡이 20260312-92-30,N,20260312,20260612,대출채권,KRW,,5000000000,5000000000,51,,A1,A1,,이랜드월드,차환발행위험(유동성 공여형 매입약정),금융기관,하나은행
71706,프로젝트마곡이,KRZF0107NXG3,프로젝트마곡이 20260312-92-30,N,20260312,20260612,대출채권,KRW,,5000000000,5000000000,51,,A1,A1,,이랜드월드,차환발행위험(유동성 공여형 매입약정),금융기관,중소기업은행
71706,프로젝트마곡이,KRZF0107NXG3,프로젝트마곡이 20260312-92-30,N,20260312,20260612,대출채권,KRW,,5000000000,5000000000,51,,A1,A1,,이랜드월드,차환발행위험(유동성 공여형 매입약정),금융기관,국민은행
71706,프로젝트마곡이,KRZF0107NYG3,프로젝트마곡이 20260312-92-31,N,20260312,20260612,대출채권,KRW,,5000000000,5000000000,51,,A1,A1,,이랜드리테일,금리변동/환율변동,금융기관,신한은행
71706,프로젝트마곡이,KRZF0107NYG3,프로젝트마곡이 20260312-92-31,N,20260312,20260612,대출채권,KRW,,5000000000,5000000000,51,,A1,A1,,이랜드리테일,차환발행위험(유동성 공여형 매입약정),금융기관,하나은행
71706,프로젝트마곡이,KRZF0107NYG3,프로젝트마곡이 20260312-92-31,N,20260312,20260612,대출채권,KRW,,5000000000,5000000000,51,,A1,A1,,이랜드리테일,차환발행위험(유동성 공여형 매입약정),금융기관,중소기업은행
71706,프로젝트마곡이,KRZF0107NYG3,프로젝트마곡이 20260312-92-31,N,20260312,20260612,대출채권,KRW,,5000000000,5000000000,51,,A1,A1,,이랜드리테일,차환발행위험(유동성 공여형 매입약정),금융기관,국민은행
71706,프로젝트마곡이,KRZF0107NYG3,프로젝트마곡이 20260312-92-31,N,20260312,20260612,대출채권,KRW,,5000000000,5000000000,51,,A1,A1,,이랜드월드,금리변동/환율변동,금융기관,신한은행
71706,프로젝트마곡이,KRZF0107NYG3,프로젝트마곡이 20260312-92-31,N,20260312,20260612,대출채권,KRW,,5000000000,5000000000,51,,A1,A1,,이랜드월드,차환발행위험(유동성 공여형 매입약정),금융기관,하나은행
71706,프로젝트마곡이,KRZF0107NYG3,프로젝트마곡이 20260312-92-31,N,20260312,20260612,대출채권,KRW,,5000000000,5000000000,51,,A1,A1,,이랜드월드,차환발행위험(유동성 공여형 매입약정),금융기관,중소기업은행
71706,프로젝트마곡이,KRZF0107NYG3,프로젝트마곡이 20260312-92-31,N,20260312,20260612,대출채권,KRW,,5000000000,5000000000,51,,A1,A1,,이랜드월드,차환발행위험(유동성 공여형 매입약정),금융기관,국민은행
71706,프로젝트마곡이,KRZF0107NZG3,프로젝트마곡이 20260312-92-32,N,20260312,20260612,대출채권,KRW,,5000000000,5000000000,51,,A1,A1,,이랜드리테일,금리변동/환율변동,금융기관,신한은행
71706,프로젝트마곡이,KRZF0107NZG3,프로젝트마곡이 20260312-92-32,N,20260312,20260612,대출채권,KRW,,5000000000,5000000000,51,,A1,A1,,이랜드리테일,차환발행위험(유동성 공여형 매입약정),금융기관,하나은행
71706,프로젝트마곡이,KRZF0107NZG3,프로젝트마곡이 20260312-92-32,N,20260312,20260612,대출채권,KRW,,5000000000,5000000000,51,,A1,A1,,이랜드리테일,차환발행위험(유동성 공여형 매입약정),금융기관,중소기업은행
71706,프로젝트마곡이,KRZF0107NZG3,프로젝트마곡이 20260312-92-32,N,20260312,20260612,대출채권,KRW,,5000000000,5000000000,51,,A1,A1,,이랜드리테일,차환발행위험(유동성 공여형 매입약정),금융기관,국민은행
71706,프로젝트마곡이,KRZF0107NZG3,프로젝트마곡이 20260312-92-32,N,20260312,20260612,대출채권,KRW,,5000000000,5000000000,51,,A1,A1,,이랜드월드,금리변동/환율변동,금융기관,신한은행
71706,프로젝트마곡이,KRZF0107NZG3,프로젝트마곡이 20260312-92-32,N,20260312,20260612,대출채권,KRW,,5000000000,5000000000,51,,A1,A1,,이랜드월드,차환발행위험(유동성 공여형 매입약정),금융기관,하나은행
71706,프로젝트마곡이,KRZF0107NZG3,프로젝트마곡이 20260312-92-32,N,20260312,20260612,대출채권,KRW,,5000000000,5000000000,51,,A1,A1,,이랜드월드,차환발행위험(유동성 공여형 매입약정),금융기관,중소기업은행
71706,프로젝트마곡이,KRZF0107NZG3,프로젝트마곡이 20260312-92-32,N,20260312,20260612,대출채권,KRW,,5000000000,5000000000,51,,A1,A1,,이랜드월드,차환발행위험(유동성 공여형 매입약정),금융기관,국민은행
71706,프로젝트마곡이,KRZF0107N0GF,프로젝트마곡이 20260312-92-33,N,20260312,20260612,대출채권,KRW,,5000000000,5000000000,51,,A1,A1,,이랜드리테일,금리변동/환율변동,금융기관,신한은행
71706,프로젝트마곡이,KRZF0107N0GF,프로젝트마곡이 20260312-92-33,N,20260312,20260612,대출채권,KRW,,5000000000,5000000000,51,,A1,A1,,이랜드리테일,차환발행위험(유동성 공여형 매입약정),금융기관,하나은행
71706,프로젝트마곡이,KRZF0107N0GF,프로젝트마곡이 20260312-92-33,N,20260312,20260612,대출채권,KRW,,5000000000,5000000000,51,,A1,A1,,이랜드리테일,차환발행위험(유동성 공여형 매입약정),금융기관,중소기업은행
71706,프로젝트마곡이,KRZF0107N0GF,프로젝트마곡이 20260312-92-33,N,20260312,20260612,대출채권,KRW,,5000000000,5000000000,51,,A1,A1,,이랜드리테일,차환발행위험(유동성 공여형 매입약정),금융기관,국민은행
71706,프로젝트마곡이,KRZF0107N0GF,프로젝트마곡이 20260312-92-33,N,20260312,20260612,대출채권,KRW,,5000000000,5000000000,51,,A1,A1,,이랜드월드,금리변동/환율변동,금융기관,신한은행
71706,프로젝트마곡이,KRZF0107N0GF,프로젝트마곡이 20260312-92-33,N,20260312,20260612,대출채권,KRW,,5000000000,5000000000,51,,A1,A1,,이랜드월드,차환발행위험(유동성 공여형 매입약정),금융기관,하나은행
71706,프로젝트마곡이,KRZF0107N0GF,프로젝트마곡이 20260312-92-33,N,20260312,20260612,대출채권,KRW,,5000000000,5000000000,51,,A1,A1,,이랜드월드,차환발행위험(유동성 공여형 매입약정),금융기관,중소기업은행
71706,프로젝트마곡이,KRZF0107N0GF,프로젝트마곡이 20260312-92-33,N,20260312,20260612,대출채권,KRW,,5000000000,5000000000,51,,A1,A1,,이랜드월드,차환발행위험(유동성 공여형 매입약정),금융기관,국민은행
71706,프로젝트마곡이,KRZF0107N1GF,프로젝트마곡이 20260312-92-34,N,20260312,20260612,대출채권,KRW,,5000000000,5000000000,51,,A1,A1,,이랜드리테일,금리변동/환율변동,금융기관,신한은행
71706,프로젝트마곡이,KRZF0107N1GF,프로젝트마곡이 20260312-92-34,N,20260312,20260612,대출채권,KRW,,5000000000,5000000000,51,,A1,A1,,이랜드리테일,차환발행위험(유동성 공여형 매입약정),금융기관,하나은행
71706,프로젝트마곡이,KRZF0107N1GF,프로젝트마곡이 20260312-92-34,N,20260312,20260612,대출채권,KRW,,5000000000,5000000000,51,,A1,A1,,이랜드리테일,차환발행위험(유동성 공여형 매입약정),금융기관,중소기업은행
71706,프로젝트마곡이,KRZF0107N1GF,프로젝트마곡이 20260312-92-34,N,20260312,20260612,대출채권,KRW,,5000000000,5000000000,51,,A1,A1,,이랜드리테일,차환발행위험(유동성 공여형 매입약정),금융기관,국민은행
71706,프로젝트마곡이,KRZF0107N1GF,프로젝트마곡이 20260312-92-34,N,20260312,20260612,대출채권,KRW,,5000000000,5000000000,51,,A1,A1,,이랜드월드,금리변동/환율변동,금융기관,신한은행
71706,프로젝트마곡이,KRZF0107N1GF,프로젝트마곡이 20260312-92-34,N,20260312,20260612,대출채권,KRW,,5000000000,5000000000,51,,A1,A1,,이랜드월드,차환발행위험(유동성 공여형 매입약정),금융기관,하나은행
71706,프로젝트마곡이,KRZF0107N1GF,프로젝트마곡이 20260312-92-34,N,20260312,20260612,대출채권,KRW,,5000000000,5000000000,51,,A1,A1,,이랜드월드,차환발행위험(유동성 공여형 매입약정),금융기관,중소기업은행
71706,프로젝트마곡이,KRZF0107N1GF,프로젝트마곡이 20260312-92-34,N,20260312,20260612,대출채권,KRW,,5000000000,5000000000,51,,A1,A1,,이랜드월드,차환발행위험(유동성 공여형 매입약정),금융기관,국민은행
71706,프로젝트마곡이,KRZF0107N2GF,프로젝트마곡이 20260312-92-35,N,20260312,20260612,대출채권,KRW,,5000000000,5000000000,51,,A1,A1,,이랜드리테일,금리변동/환율변동,금융기관,신한은행
71706,프로젝트마곡이,KRZF0107N2GF,프로젝트마곡이 20260312-92-35,N,20260312,20260612,대출채권,KRW,,5000000000,5000000000,51,,A1,A1,,이랜드리테일,차환발행위험(유동성 공여형 매입약정),금융기관,하나은행
71706,프로젝트마곡이,KRZF0107N2GF,프로젝트마곡이 20260312-92-35,N,20260312,20260612,대출채권,KRW,,5000000000,5000000000,51,,A1,A1,,이랜드리테일,차환발행위험(유동성 공여형 매입약정),금융기관,중소기업은행
71706,프로젝트마곡이,KRZF0107N2GF,프로젝트마곡이 20260312-92-35,N,20260312,20260612,대출채권,KRW,,5000000000,5000000000,51,,A1,A1,,이랜드리테일,차환발행위험(유동성 공여형 매입약정),금융기관,국민은행
71706,프로젝트마곡이,KRZF0107N2GF,프로젝트마곡이 20260312-92-35,N,20260312,20260612,대출채권,KRW,,5000000000,5000000000,51,,A1,A1,,이랜드월드,금리변동/환율변동,금융기관,신한은행
71706,프로젝트마곡이,KRZF0107N2GF,프로젝트마곡이 20260312-92-35,N,20260312,20260612,대출채권,KRW,,5000000000,5000000000,51,,A1,A1,,이랜드월드,차환발행위험(유동성 공여형 매입약정),금융기관,하나은행
71706,프로젝트마곡이,KRZF0107N2GF,프로젝트마곡이 20260312-92-35,N,20260312,20260612,대출채권,KRW,,5000000000,5000000000,51,,A1,A1,,이랜드월드,차환발행위험(유동성 공여형 매입약정),금융기관,중소기업은행
71706,프로젝트마곡이,KRZF0107N2GF,프로젝트마곡이 20260312-92-35,N,20260312,20260612,대출채권,KRW,,5000000000,5000000000,51,,A1,A1,,이랜드월드,차환발행위험(유동성 공여형 매입약정),금융기관,국민은행
71706,프로젝트마곡이,KRZF0107N4G3,프로젝트마곡이 20260312-92-4,N,20260312,20260612,대출채권,KRW,,5000000000,5000000000,51,,A1,A1,,이랜드리테일,금리변동/환율변동,금융기관,신한은행
71706,프로젝트마곡이,KRZF0107N4G3,프로젝트마곡이 20260312-92-4,N,20260312,20260612,대출채권,KRW,,5000000000,5000000000,51,,A1,A1,,이랜드리테일,차환발행위험(유동성 공여형 매입약정),금융기관,하나은행
71706,프로젝트마곡이,KRZF0107N4G3,프로젝트마곡이 20260312-92-4,N,20260312,20260612,대출채권,KRW,,5000000000,5000000000,51,,A1,A1,,이랜드리테일,차환발행위험(유동성 공여형 매입약정),금융기관,중소기업은행
71706,프로젝트마곡이,KRZF0107N4G3,프로젝트마곡이 20260312-92-4,N,20260312,20260612,대출채권,KRW,,5000000000,5000000000,51,,A1,A1,,이랜드리테일,차환발행위험(유동성 공여형 매입약정),금융기관,국민은행
71706,프로젝트마곡이,KRZF0107N4G3,프로젝트마곡이 20260312-92-4,N,20260312,20260612,대출채권,KRW,,5000000000,5000000000,51,,A1,A1,,이랜드월드,금리변동/환율변동,금융기관,신한은행
71706,프로젝트마곡이,KRZF0107N4G3,프로젝트마곡이 20260312-92-4,N,20260312,20260612,대출채권,KRW,,5000000000,5000000000,51,,A1,A1,,이랜드월드,차환발행위험(유동성 공여형 매입약정),금융기관,하나은행
71706,프로젝트마곡이,KRZF0107N4G3,프로젝트마곡이 20260312-92-4,N,20260312,20260612,대출채권,KRW,,5000000000,5000000000,51,,A1,A1,,이랜드월드,차환발행위험(유동성 공여형 매입약정),금융기관,중소기업은행
71706,프로젝트마곡이,KRZF0107N4G3,프로젝트마곡이 20260312-92-4,N,20260312,20260612,대출채권,KRW,,5000000000,5000000000,51,,A1,A1,,이랜드월드,차환발행위험(유동성 공여형 매입약정),금융기관,국민은행
71706,프로젝트마곡이,KRZF0107N5G3,프로젝트마곡이 20260312-92-5,N,20260312,20260612,대출채권,KRW,,5000000000,5000000000,51,,A1,A1,,이랜드리테일,금리변동/환율변동,금융기관,신한은행
71706,프로젝트마곡이,KRZF0107N5G3,프로젝트마곡이 20260312-92-5,N,20260312,20260612,대출채권,KRW,,5000000000,5000000000,51,,A1,A1,,이랜드리테일,차환발행위험(유동성 공여형 매입약정),금융기관,하나은행
71706,프로젝트마곡이,KRZF0107N5G3,프로젝트마곡이 20260312-92-5,N,20260312,20260612,대출채권,KRW,,5000000000,5000000000,51,,A1,A1,,이랜드리테일,차환발행위험(유동성 공여형 매입약정),금융기관,중소기업은행
71706,프로젝트마곡이,KRZF0107N5G3,프로젝트마곡이 20260312-92-5,N,20260312,20260612,대출채권,KRW,,5000000000,5000000000,51,,A1,A1,,이랜드리테일,차환발행위험(유동성 공여형 매입약정),금융기관,국민은행
71706,프로젝트마곡이,KRZF0107N5G3,프로젝트마곡이 20260312-92-5,N,20260312,20260612,대출채권,KRW,,5000000000,5000000000,51,,A1,A1,,이랜드월드,금리변동/환율변동,금융기관,신한은행
71706,프로젝트마곡이,KRZF0107N5G3,프로젝트마곡이 20260312-92-5,N,20260312,20260612,대출채권,KRW,,5000000000,5000000000,51,,A1,A1,,이랜드월드,차환발행위험(유동성 공여형 매입약정),금융기관,하나은행
71706,프로젝트마곡이,KRZF0107N5G3,프로젝트마곡이 20260312-92-5,N,20260312,20260612,대출채권,KRW,,5000000000,5000000000,51,,A1,A1,,이랜드월드,차환발행위험(유동성 공여형 매입약정),금융기관,중소기업은행
71706,프로젝트마곡이,KRZF0107N5G3,프로젝트마곡이 20260312-92-5,N,20260312,20260612,대출채권,KRW,,5000000000,5000000000,51,,A1,A1,,이랜드월드,차환발행위험(유동성 공여형 매입약정),금융기관,국민은행
71706,프로젝트마곡이,KRZF0107N6G3,프로젝트마곡이 20260312-92-6,N,20260312,20260612,대출채권,KRW,,5000000000,5000000000,51,,A1,A1,,이랜드리테일,금리변동/환율변동,금융기관,신한은행
71706,프로젝트마곡이,KRZF0107N6G3,프로젝트마곡이 20260312-92-6,N,20260312,20260612,대출채권,KRW,,5000000000,5000000000,51,,A1,A1,,이랜드리테일,차환발행위험(유동성 공여형 매입약정),금융기관,하나은행
71706,프로젝트마곡이,KRZF0107N6G3,프로젝트마곡이 20260312-92-6,N,20260312,20260612,대출채권,KRW,,5000000000,5000000000,51,,A1,A1,,이랜드리테일,차환발행위험(유동성 공여형 매입약정),금융기관,중소기업은행
71706,프로젝트마곡이,KRZF0107N6G3,프로젝트마곡이 20260312-92-6,N,20260312,20260612,대출채권,KRW,,5000000000,5000000000,51,,A1,A1,,이랜드리테일,차환발행위험(유동성 공여형 매입약정),금융기관,국민은행
71706,프로젝트마곡이,KRZF0107N6G3,프로젝트마곡이 20260312-92-6,N,20260312,20260612,대출채권,KRW,,5000000000,5000000000,51,,A1,A1,,이랜드월드,금리변동/환율변동,금융기관,신한은행
71706,프로젝트마곡이,KRZF0107N6G3,프로젝트마곡이 20260312-92-6,N,20260312,20260612,대출채권,KRW,,5000000000,5000000000,51,,A1,A1,,이랜드월드,차환발행위험(유동성 공여형 매입약정),금융기관,하나은행
71706,프로젝트마곡이,KRZF0107N6G3,프로젝트마곡이 20260312-92-6,N,20260312,20260612,대출채권,KRW,,5000000000,5000000000,51,,A1,A1,,이랜드월드,차환발행위험(유동성 공여형 매입약정),금융기관,중소기업은행
71706,프로젝트마곡이,KRZF0107N6G3,프로젝트마곡이 20260312-92-6,N,20260312,20260612,대출채권,KRW,,5000000000,5000000000,51,,A1,A1,,이랜드월드,차환발행위험(유동성 공여형 매입약정),금융기관,국민은행
71706,프로젝트마곡이,KRZF0107N7G3,프로젝트마곡이 20260312-92-7,N,20260312,20260612,대출채권,KRW,,5000000000,5000000000,51,,A1,A1,,이랜드리테일,금리변동/환율변동,금융기관,신한은행
71706,프로젝트마곡이,KRZF0107N7G3,프로젝트마곡이 20260312-92-7,N,20260312,20260612,대출채권,KRW,,5000000000,5000000000,51,,A1,A1,,이랜드리테일,차환발행위험(유동성 공여형 매입약정),금융기관,하나은행
71706,프로젝트마곡이,KRZF0107N7G3,프로젝트마곡이 20260312-92-7,N,20260312,20260612,대출채권,KRW,,5000000000,5000000000,51,,A1,A1,,이랜드리테일,차환발행위험(유동성 공여형 매입약정),금융기관,중소기업은행
71706,프로젝트마곡이,KRZF0107N7G3,프로젝트마곡이 20260312-92-7,N,20260312,20260612,대출채권,KRW,,5000000000,5000000000,51,,A1,A1,,이랜드리테일,차환발행위험(유동성 공여형 매입약정),금융기관,국민은행
71706,프로젝트마곡이,KRZF0107N7G3,프로젝트마곡이 20260312-92-7,N,20260312,20260612,대출채권,KRW,,5000000000,5000000000,51,,A1,A1,,이랜드월드,금리변동/환율변동,금융기관,신한은행
71706,프로젝트마곡이,KRZF0107N7G3,프로젝트마곡이 20260312-92-7,N,20260312,20260612,대출채권,KRW,,5000000000,5000000000,51,,A1,A1,,이랜드월드,차환발행위험(유동성 공여형 매입약정),금융기관,하나은행
71706,프로젝트마곡이,KRZF0107N7G3,프로젝트마곡이 20260312-92-7,N,20260312,20260612,대출채권,KRW,,5000000000,5000000000,51,,A1,A1,,이랜드월드,차환발행위험(유동성 공여형 매입약정),금융기관,중소기업은행
71706,프로젝트마곡이,KRZF0107N7G3,프로젝트마곡이 20260312-92-7,N,20260312,20260612,대출채권,KRW,,5000000000,5000000000,51,,A1,A1,,이랜드월드,차환발행위험(유동성 공여형 매입약정),금융기관,국민은행
71706,프로젝트마곡이,KRZF0107N8G3,프로젝트마곡이 20260312-92-8,N,20260312,20260612,대출채권,KRW,,5000000000,5000000000,51,,A1,A1,,이랜드리테일,금리변동/환율변동,금융기관,신한은행
71706,프로젝트마곡이,KRZF0107N8G3,프로젝트마곡이 20260312-92-8,N,20260312,20260612,대출채권,KRW,,5000000000,5000000000,51,,A1,A1,,이랜드리테일,차환발행위험(유동성 공여형 매입약정),금융기관,하나은행
71706,프로젝트마곡이,KRZF0107N8G3,프로젝트마곡이 20260312-92-8,N,20260312,20260612,대출채권,KRW,,5000000000,5000000000,51,,A1,A1,,이랜드리테일,차환발행위험(유동성 공여형 매입약정),금융기관,중소기업은행
71706,프로젝트마곡이,KRZF0107N8G3,프로젝트마곡이 20260312-92-8,N,20260312,20260612,대출채권,KRW,,5000000000,5000000000,51,,A1,A1,,이랜드리테일,차환발행위험(유동성 공여형 매입약정),금융기관,국민은행
71706,프로젝트마곡이,KRZF0107N8G3,프로젝트마곡이 20260312-92-8,N,20260312,20260612,대출채권,KRW,,5000000000,5000000000,51,,A1,A1,,이랜드월드,금리변동/환율변동,금융기관,신한은행
71706,프로젝트마곡이,KRZF0107N8G3,프로젝트마곡이 20260312-92-8,N,20260312,20260612,대출채권,KRW,,5000000000,5000000000,51,,A1,A1,,이랜드월드,차환발행위험(유동성 공여형 매입약정),금융기관,하나은행
71706,프로젝트마곡이,KRZF0107N8G3,프로젝트마곡이 20260312-92-8,N,20260312,20260612,대출채권,KRW,,5000000000,5000000000,51,,A1,A1,,이랜드월드,차환발행위험(유동성 공여형 매입약정),금융기관,중소기업은행
71706,프로젝트마곡이,KRZF0107N8G3,프로젝트마곡이 20260312-92-8,N,20260312,20260612,대출채권,KRW,,5000000000,5000000000,51,,A1,A1,,이랜드월드,차환발행위험(유동성 공여형 매입약정),금융기관,국민은행
71706,프로젝트마곡이,KRZF0107N9G3,프로젝트마곡이 20260312-92-9,N,20260312,20260612,대출채권,KRW,,5000000000,5000000000,51,,A1,A1,,이랜드리테일,금리변동/환율변동,금융기관,신한은행
71706,프로젝트마곡이,KRZF0107N9G3,프로젝트마곡이 20260312-92-9,N,20260312,20260612,대출채권,KRW,,5000000000,5000000000,51,,A1,A1,,이랜드리테일,차환발행위험(유동성 공여형 매입약정),금융기관,하나은행
71706,프로젝트마곡이,KRZF0107N9G3,프로젝트마곡이 20260312-92-9,N,20260312,20260612,대출채권,KRW,,5000000000,5000000000,51,,A1,A1,,이랜드리테일,차환발행위험(유동성 공여형 매입약정),금융기관,중소기업은행
71706,프로젝트마곡이,KRZF0107N9G3,프로젝트마곡이 20260312-92-9,N,20260312,20260612,대출채권,KRW,,5000000000,5000000000,51,,A1,A1,,이랜드리테일,차환발행위험(유동성 공여형 매입약정),금융기관,국민은행
71706,프로젝트마곡이,KRZF0107N9G3,프로젝트마곡이 20260312-92-9,N,20260312,20260612,대출채권,KRW,,5000000000,5000000000,51,,A1,A1,,이랜드월드,금리변동/환율변동,금융기관,신한은행
71706,프로젝트마곡이,KRZF0107N9G3,프로젝트마곡이 20260312-92-9,N,20260312,20260612,대출채권,KRW,,5000000000,5000000000,51,,A1,A1,,이랜드월드,차환발행위험(유동성 공여형 매입약정),금융기관,하나은행
71706,프로젝트마곡이,KRZF0107N9G3,프로젝트마곡이 20260312-92-9,N,20260312,20260612,대출채권,KRW,,5000000000,5000000000,51,,A1,A1,,이랜드월드,차환발행위험(유동성 공여형 매입약정),금융기관,중소기업은행
71706,프로젝트마곡이,KRZF0107N9G3,프로젝트마곡이 20260312-92-9,N,20260312,20260612,대출채권,KRW,,5000000000,5000000000,51,,A1,A1,,이랜드월드,차환발행위험(유동성 공여형 매입약정),금융기관,국민은행
74092,하이골든래빗제구차,KRZFA66831G3,하이골든래빗제구차 20260312-364-1,N,20260312,20270311,하이브리드증권,KRW,,5000000000,5000000000,323,A1,A1,,,교보증권,금리변동/환율변동,금융기관,교보증권
74092,하이골든래빗제구차,KRZFA66832G3,하이골든래빗제구차 20260312-364-2,N,20260312,20270311,하이브리드증권,KRW,,5000000000,5000000000,323,A1,A1,,,교보증권,금리변동/환율변동,금융기관,교보증권
74092,하이골든래빗제구차,KRZFA66833G3,하이골든래빗제구차 20260312-364-3,N,20260312,20270311,하이브리드증권,KRW,,5000000000,5000000000,323,A1,A1,,,교보증권,금리변동/환율변동,금융기관,교보증권
74092,하이골든래빗제구차,KRZFA66834G3,하이골든래빗제구차 20260312-364-4,N,20260312,20270311,하이브리드증권,KRW,,5000000000,5000000000,323,A1,A1,,,교보증권,금리변동/환율변동,금융기관,교보증권
74103,한솔제사십팔차,KRZF0048X1G3,한솔제사십팔차 20260312-286-1,N,20260312,20261223,정기예금,KRW,,5000000000,5000000000,245,A1,A1,,,농협은행,자체 신용보강,자체 신용보강,농협은행
74103,한솔제사십팔차,KRZF0048XAG3,한솔제사십팔차 20260312-286-10,N,20260312,20261223,정기예금,KRW,,5000000000,5000000000,245,A1,A1,,,농협은행,자체 신용보강,자체 신용보강,농협은행
74103,한솔제사십팔차,KRZF0048XBG3,한솔제사십팔차 20260312-286-11,N,20260312,20261223,정기예금,KRW,,5000000000,5000000000,245,A1,A1,,,농협은행,자체 신용보강,자체 신용보강,농협은행
74103,한솔제사십팔차,KRZF0048XCG3,한솔제사십팔차 20260312-286-12,N,20260312,20261223,정기예금,KRW,,5000000000,5000000000,245,A1,A1,,,농협은행,자체 신용보강,자체 신용보강,농협은행
74103,한솔제사십팔차,KRZF0048XDG3,한솔제사십팔차 20260312-286-13,N,20260312,20261223,정기예금,KRW,,5000000000,5000000000,245,A1,A1,,,농협은행,자체 신용보강,자체 신용보강,농협은행
74103,한솔제사십팔차,KRZF0048XEG3,한솔제사십팔차 20260312-286-14,N,20260312,20261223,정기예금,KRW,,5000000000,5000000000,245,A1,A1,,,농협은행,자체 신용보강,자체 신용보강,농협은행
74103,한솔제사십팔차,KRZF0048XFG3,한솔제사십팔차 20260312-286-15,N,20260312,20261223,정기예금,KRW,,5000000000,5000000000,245,A1,A1,,,농협은행,자체 신용보강,자체 신용보강,농협은행
74103,한솔제사십팔차,KRZF0048XGG3,한솔제사십팔차 20260312-286-16,N,20260312,20261223,정기예금,KRW,,5000000000,5000000000,245,A1,A1,,,농협은행,자체 신용보강,자체 신용보강,농협은행
74103,한솔제사십팔차,KRZF0048XHG3,한솔제사십팔차 20260312-286-17,N,20260312,20261223,정기예금,KRW,,5000000000,5000000000,245,A1,A1,,,농협은행,자체 신용보강,자체 신용보강,농협은행
74103,한솔제사십팔차,KRZF0048XJG3,한솔제사십팔차 20260312-286-18,N,20260312,20261223,정기예금,KRW,,5000000000,5000000000,245,A1,A1,,,농협은행,자체 신용보강,자체 신용보강,농협은행
74103,한솔제사십팔차,KRZF0048XKG3,한솔제사십팔차 20260312-286-19,N,20260312,20261223,정기예금,KRW,,5000000000,5000000000,245,A1,A1,,,농협은행,자체 신용보강,자체 신용보강,농협은행
74103,한솔제사십팔차,KRZF0048X2G3,한솔제사십팔차 20260312-286-2,N,20260312,20261223,정기예금,KRW,,5000000000,5000000000,245,A1,A1,,,농협은행,자체 신용보강,자체 신용보강,농협은행
74103,한솔제사십팔차,KRZF0048XLG3,한솔제사십팔차 20260312-286-20,N,20260312,20261223,정기예금,KRW,,5000000000,5000000000,245,A1,A1,,,농협은행,자체 신용보강,자체 신용보강,농협은행
74103,한솔제사십팔차,KRZF0048XMG3,한솔제사십팔차 20260312-286-21,N,20260312,20261223,정기예금,KRW,,5000000000,5000000000,245,A1,A1,,,농협은행,자체 신용보강,자체 신용보강,농협은행
74103,한솔제사십팔차,KRZF0048XNG3,한솔제사십팔차 20260312-286-22,N,20260312,20261223,정기예금,KRW,,5000000000,5000000000,245,A1,A1,,,농협은행,자체 신용보강,자체 신용보강,농협은행
74103,한솔제사십팔차,KRZF0048XPG3,한솔제사십팔차 20260312-286-23,N,20260312,20261223,정기예금,KRW,,5000000000,5000000000,245,A1,A1,,,농협은행,자체 신용보강,자체 신용보강,농협은행
74103,한솔제사십팔차,KRZF0048XQG3,한솔제사십팔차 20260312-286-24,N,20260312,20261223,정기예금,KRW,,5000000000,5000000000,245,A1,A1,,,농협은행,자체 신용보강,자체 신용보강,농협은행
74103,한솔제사십팔차,KRZF0048XRG3,한솔제사십팔차 20260312-286-25,N,20260312,20261223,정기예금,KRW,,5000000000,5000000000,245,A1,A1,,,농협은행,자체 신용보강,자체 신용보강,농협은행
74103,한솔제사십팔차,KRZF0048XSG3,한솔제사십팔차 20260312-286-26,N,20260312,20261223,정기예금,KRW,,5000000000,5000000000,245,A1,A1,,,농협은행,자체 신용보강,자체 신용보강,농협은행
74103,한솔제사십팔차,KRZF0048XTG3,한솔제사십팔차 20260312-286-27,N,20260312,20261223,정기예금,KRW,,5000000000,5000000000,245,A1,A1,,,농협은행,자체 신용보강,자체 신용보강,농협은행
74103,한솔제사십팔차,KRZF0048XVG3,한솔제사십팔차 20260312-286-28,N,20260312,20261223,정기예금,KRW,,5000000000,5000000000,245,A1,A1,,,농협은행,자체 신용보강,자체 신용보강,농협은행
74103,한솔제사십팔차,KRZF0048XWG3,한솔제사십팔차 20260312-286-29,N,20260312,20261223,정기예금,KRW,,5000000000,5000000000,245,A1,A1,,,농협은행,자체 신용보강,자체 신용보강,농협은행
74103,한솔제사십팔차,KRZF0048X3G3,한솔제사십팔차 20260312-286-3,N,20260312,20261223,정기예금,KRW,,5000000000,5000000000,245,A1,A1,,,농협은행,자체 신용보강,자체 신용보강,농협은행
74103,한솔제사십팔차,KRZF0048XXG3,한솔제사십팔차 20260312-286-30,N,20260312,20261223,정기예금,KRW,,5000000000,5000000000,245,A1,A1,,,농협은행,자체 신용보강,자체 신용보강,농협은행
74103,한솔제사십팔차,KRZF0048XYG3,한솔제사십팔차 20260312-286-31,N,20260312,20261223,정기예금,KRW,,5000000000,5000000000,245,A1,A1,,,농협은행,자체 신용보강,자체 신용보강,농협은행
74103,한솔제사십팔차,KRZF0048XZG3,한솔제사십팔차 20260312-286-32,N,20260312,20261223,정기예금,KRW,,5000000000,5000000000,245,A1,A1,,,농협은행,자체 신용보강,자체 신용보강,농협은행
74103,한솔제사십팔차,KRZF0048X0GF,한솔제사십팔차 20260312-286-33,N,20260312,20261223,정기예금,KRW,,5000000000,5000000000,245,A1,A1,,,농협은행,자체 신용보강,자체 신용보강,농협은행
74103,한솔제사십팔차,KRZF0048X1GF,한솔제사십팔차 20260312-286-34,N,20260312,20261223,정기예금,KRW,,5000000000,5000000000,245,A1,A1,,,농협은행,자체 신용보강,자체 신용보강,농협은행
74103,한솔제사십팔차,KRZF0048X2GF,한솔제사십팔차 20260312-286-35,N,20260312,20261223,정기예금,KRW,,5000000000,5000000000,245,A1,A1,,,농협은행,자체 신용보강,자체 신용보강,농협은행
74103,한솔제사십팔차,KRZF0048X3GF,한솔제사십팔차 20260312-286-36,N,20260312,20261223,정기예금,KRW,,5000000000,5000000000,245,A1,A1,,,농협은행,자체 신용보강,자체 신용보강,농협은행
74103,한솔제사십팔차,KRZF0048X4GF,한솔제사십팔차 20260312-286-37,N,20260312,20261223,정기예금,KRW,,5000000000,5000000000,245,A1,A1,,,농협은행,자체 신용보강,자체 신용보강,농협은행
74103,한솔제사십팔차,KRZF0048X5GF,한솔제사십팔차 20260312-286-38,N,20260312,20261223,정기예금,KRW,,5000000000,5000000000,245,A1,A1,,,농협은행,자체 신용보강,자체 신용보강,농협은행
74103,한솔제사십팔차,KRZF0048X6GF,한솔제사십팔차 20260312-286-39,N,20260312,20261223,정기예금,KRW,,5000000000,5000000000,245,A1,A1,,,농협은행,자체 신용보강,자체 신용보강,농협은행
74103,한솔제사십팔차,KRZF0048X4G3,한솔제사십팔차 20260312-286-4,N,20260312,20261223,정기예금,KRW,,5000000000,5000000000,245,A1,A1,,,농협은행,자체 신용보강,자체 신용보강,농협은행
74103,한솔제사십팔차,KRZF0048X7GF,한솔제사십팔차 20260312-286-40,N,20260312,20261223,정기예금,KRW,,5000000000,5000000000,245,A1,A1,,,농협은행,자체 신용보강,자체 신용보강,농협은행
74103,한솔제사십팔차,KRZF0048X8GF,한솔제사십팔차 20260312-286-41,N,20260312,20261223,정기예금,KRW,,5000000000,5000000000,245,A1,A1,,,농협은행,자체 신용보강,자체 신용보강,농협은행
74103,한솔제사십팔차,KRZF0048X9GF,한솔제사십팔차 20260312-286-42,N,20260312,20261223,정기예금,KRW,,5000000000,5000000000,245,A1,A1,,,농협은행,자체 신용보강,자체 신용보강,농협은행
74103,한솔제사십팔차,KRZF0048XAGF,한솔제사십팔차 20260312-286-43,N,20260312,20261223,정기예금,KRW,,5000000000,5000000000,245,A1,A1,,,농협은행,자체 신용보강,자체 신용보강,농협은행
74103,한솔제사십팔차,KRZF0048XBGF,한솔제사십팔차 20260312-286-44,N,20260312,20261223,정기예금,KRW,,5000000000,5000000000,245,A1,A1,,,농협은행,자체 신용보강,자체 신용보강,농협은행
74103,한솔제사십팔차,KRZF0048XCGF,한솔제사십팔차 20260312-286-45,N,20260312,20261223,정기예금,KRW,,5000000000,5000000000,245,A1,A1,,,농협은행,자체 신용보강,자체 신용보강,농협은행
74103,한솔제사십팔차,KRZF0048XDGF,한솔제사십팔차 20260312-286-46,N,20260312,20261223,정기예금,KRW,,5000000000,5000000000,245,A1,A1,,,농협은행,자체 신용보강,자체 신용보강,농협은행
74103,한솔제사십팔차,KRZF0048XEGF,한솔제사십팔차 20260312-286-47,N,20260312,20261223,정기예금,KRW,,5000000000,5000000000,245,A1,A1,,,농협은행,자체 신용보강,자체 신용보강,농협은행
74103,한솔제사십팔차,KRZF0048XFGF,한솔제사십팔차 20260312-286-48,N,20260312,20261223,정기예금,KRW,,5000000000,5000000000,245,A1,A1,,,농협은행,자체 신용보강,자체 신용보강,농협은행
74103,한솔제사십팔차,KRZF0048XGGF,한솔제사십팔차 20260312-286-49,N,20260312,20261223,정기예금,KRW,,5000000000,5000000000,245,A1,A1,,,농협은행,자체 신용보강,자체 신용보강,농협은행
74103,한솔제사십팔차,KRZF0048X5G3,한솔제사십팔차 20260312-286-5,N,20260312,20261223,정기예금,KRW,,5000000000,5000000000,245,A1,A1,,,농협은행,자체 신용보강,자체 신용보강,농협은행
74103,한솔제사십팔차,KRZF0048X6G3,한솔제사십팔차 20260312-286-6,N,20260312,20261223,정기예금,KRW,,5000000000,5000000000,245,A1,A1,,,농협은행,자체 신용보강,자체 신용보강,농협은행
74103,한솔제사십팔차,KRZF0048X7G3,한솔제사십팔차 20260312-286-7,N,20260312,20261223,정기예금,KRW,,5000000000,5000000000,245,A1,A1,,,농협은행,자체 신용보강,자체 신용보강,농협은행
74103,한솔제사십팔차,KRZF0048X8G3,한솔제사십팔차 20260312-286-8,N,20260312,20261223,정기예금,KRW,,5000000000,5000000000,245,A1,A1,,,농협은행,자체 신용보강,자체 신용보강,농협은행
74103,한솔제사십팔차,KRZF0048X9G3,한솔제사십팔차 20260312-286-9,N,20260312,20261223,정기예금,KRW,,5000000000,5000000000,245,A1,A1,,,농협은행,자체 신용보강,자체 신용보강,농협은행
74091,엠에스선릉제일차,KRZF0039VGG3,엠에스선릉제일차 20260311-203-16,N,20260311,20260930,대출채권,KRW,,400000000,400000000,161,A1,A1,,,선릉역마에스트로역세권청년주택프로젝트금융투자(주),외부 신용보강,공공기관,주택도시보증공사
74091,엠에스선릉제일차,KRZF0039V1G3,엠에스선릉제일차 20260311-364-1,N,20260311,20270310,대출채권,KRW,,5000000000,5000000000,322,A1,A1,,,선릉역마에스트로역세권청년주택프로젝트금융투자(주),외부 신용보강,공공기관,주택도시보증공사
74091,엠에스선릉제일차,KRZF0039VAG3,엠에스선릉제일차 20260311-364-10,N,20260311,20270310,대출채권,KRW,,5000000000,5000000000,322,A1,A1,,,선릉역마에스트로역세권청년주택프로젝트금융투자(주),외부 신용보강,공공기관,주택도시보증공사
74091,엠에스선릉제일차,KRZF0039VBG3,엠에스선릉제일차 20260311-364-11,N,20260311,20270310,대출채권,KRW,,500000000,500000000,322,A1,A1,,,선릉역마에스트로역세권청년주택프로젝트금융투자(주),외부 신용보강,공공기관,주택도시보증공사
74091,엠에스선릉제일차,KRZF0039VCG3,엠에스선릉제일차 20260311-364-12,N,20260311,20270310,대출채권,KRW,,500000000,500000000,322,A1,A1,,,선릉역마에스트로역세권청년주택프로젝트금융투자(주),외부 신용보강,공공기관,주택도시보증공사
74091,엠에스선릉제일차,KRZF0039VDG3,엠에스선릉제일차 20260311-364-13,N,20260311,20270310,대출채권,KRW,,500000000,500000000,322,A1,A1,,,선릉역마에스트로역세권청년주택프로젝트금융투자(주),외부 신용보강,공공기관,주택도시보증공사
74091,엠에스선릉제일차,KRZF0039VEG3,엠에스선릉제일차 20260311-364-14,N,20260311,20270310,대출채권,KRW,,500000000,500000000,322,A1,A1,,,선릉역마에스트로역세권청년주택프로젝트금융투자(주),외부 신용보강,공공기관,주택도시보증공사
74091,엠에스선릉제일차,KRZF0039VFG3,엠에스선릉제일차 20260311-364-15,N,20260311,20270310,대출채권,KRW,,500000000,500000000,322,A1,A1,,,선릉역마에스트로역세권청년주택프로젝트금융투자(주),외부 신용보강,공공기관,주택도시보증공사
74091,엠에스선릉제일차,KRZF0039V2G3,엠에스선릉제일차 20260311-364-2,N,20260311,20270310,대출채권,KRW,,5000000000,5000000000,322,A1,A1,,,선릉역마에스트로역세권청년주택프로젝트금융투자(주),외부 신용보강,공공기관,주택도시보증공사
74091,엠에스선릉제일차,KRZF0039V3G3,엠에스선릉제일차 20260311-364-3,N,20260311,20270310,대출채권,KRW,,5000000000,5000000000,322,A1,A1,,,선릉역마에스트로역세권청년주택프로젝트금융투자(주),외부 신용보강,공공기관,주택도시보증공사
74091,엠에스선릉제일차,KRZF0039V4G3,엠에스선릉제일차 20260311-364-4,N,20260311,20270310,대출채권,KRW,,5000000000,5000000000,322,A1,A1,,,선릉역마에스트로역세권청년주택프로젝트금융투자(주),외부 신용보강,공공기관,주택도시보증공사
74091,엠에스선릉제일차,KRZF0039V5G3,엠에스선릉제일차 20260311-364-5,N,20260311,20270310,대출채권,KRW,,5000000000,5000000000,322,A1,A1,,,선릉역마에스트로역세권청년주택프로젝트금융투자(주),외부 신용보강,공공기관,주택도시보증공사
74091,엠에스선릉제일차,KRZF0039V6G3,엠에스선릉제일차 20260311-364-6,N,20260311,20270310,대출채권,KRW,,5000000000,5000000000,322,A1,A1,,,선릉역마에스트로역세권청년주택프로젝트금융투자(주),외부 신용보강,공공기관,주택도시보증공사
74091,엠에스선릉제일차,KRZF0039V7G3,엠에스선릉제일차 20260311-364-7,N,20260311,20270310,대출채권,KRW,,5000000000,5000000000,322,A1,A1,,,선릉역마에스트로역세권청년주택프로젝트금융투자(주),외부 신용보강,공공기관,주택도시보증공사
74091,엠에스선릉제일차,KRZF0039V8G3,엠에스선릉제일차 20260311-364-8,N,20260311,20270310,대출채권,KRW,,5000000000,5000000000,322,A1,A1,,,선릉역마에스트로역세권청년주택프로젝트금융투자(주),외부 신용보강,공공기관,주택도시보증공사
74091,엠에스선릉제일차,KRZF0039V9G3,엠에스선릉제일차 20260311-364-9,N,20260311,20270310,대출채권,KRW,,5000000000,5000000000,322,A1,A1,,,선릉역마에스트로역세권청년주택프로젝트금융투자(주),외부 신용보강,공공기관,주택도시보증공사
73736,우리허브제일차,KRZF385121G3,우리허브제일차 20260311-33-1,N,20260311,20260413,대출채권,KRW,,5000000000,5000000000,0,A1,,A1,,더콜로니운정 주식회사,차환발행위험(유동성 공여형 매입약정),금융기관,우리은행
73736,우리허브제일차,KRZF385122G3,우리허브제일차 20260311-33-2,N,20260311,20260413,대출채권,KRW,,5000000000,5000000000,0,A1,,A1,,더콜로니운정 주식회사,차환발행위험(유동성 공여형 매입약정),금융기관,우리은행
73736,우리허브제일차,KRZF385123G3,우리허브제일차 20260311-33-3,N,20260311,20260413,대출채권,KRW,,5000000000,5000000000,0,A1,,A1,,더콜로니운정 주식회사,차환발행위험(유동성 공여형 매입약정),금융기관,우리은행
73736,우리허브제일차,KRZF385124G3,우리허브제일차 20260311-33-4,N,20260311,20260413,대출채권,KRW,,3000000000,3000000000,0,A1,,A1,,더콜로니운정 주식회사,차환발행위험(유동성 공여형 매입약정),금융기관,우리은행
74086,케이비엠브이,KRZF0171A1G3,케이비엠브이 20260311-33-1,Y,20260311,20260413,PF대출채권,KRW,,5100000000,5100000000,0,A1,A1,,,반포동엠브이아파트리모델링주택조합,차환발행위험(유동성 공여형 매입약정),금융기관,국민은행
74086,케이비엠브이,KRZF0171A2G3,케이비엠브이 20260311-33-2,Y,20260311,20260413,PF대출채권,KRW,,824000000,824000000,0,A1,A1,,,반포동엠브이아파트리모델링주택조합,차환발행위험(유동성 공여형 매입약정),금융기관,국민은행
74079,농협사랑제3차,KRZFA4908HGF,농협사랑제3차 20260310-280-50,N,20260310,20261215,정기예금,KRW,,5000000000,5000000000,237,A1,A1,,,농협은행,자체 신용보강,자체 신용보강,농협은행
74079,농협사랑제3차,KRZFA4908JGF,농협사랑제3차 20260310-280-51,N,20260310,20261215,정기예금,KRW,,5000000000,5000000000,237,A1,A1,,,농협은행,자체 신용보강,자체 신용보강,농협은행
74079,농협사랑제3차,KRZFA4908KGF,농협사랑제3차 20260310-280-52,N,20260310,20261215,정기예금,KRW,,5000000000,5000000000,237,A1,A1,,,농협은행,자체 신용보강,자체 신용보강,농협은행
74079,농협사랑제3차,KRZFA4908LGF,농협사랑제3차 20260310-280-53,N,20260310,20261215,정기예금,KRW,,5000000000,5000000000,237,A1,A1,,,농협은행,자체 신용보강,자체 신용보강,농협은행
74079,농협사랑제3차,KRZFA4908MGF,농협사랑제3차 20260310-280-54,N,20260310,20261215,정기예금,KRW,,5000000000,5000000000,237,A1,A1,,,농협은행,자체 신용보강,자체 신용보강,농협은행
74079,농협사랑제3차,KRZFA4908NGF,농협사랑제3차 20260310-280-55,N,20260310,20261215,정기예금,KRW,,5000000000,5000000000,237,A1,A1,,,농협은행,자체 신용보강,자체 신용보강,농협은행
74079,농협사랑제3차,KRZFA4908PGF,농협사랑제3차 20260310-280-56,N,20260310,20261215,정기예금,KRW,,5000000000,5000000000,237,A1,A1,,,농협은행,자체 신용보강,자체 신용보강,농협은행
74079,농협사랑제3차,KRZFA4908QGF,농협사랑제3차 20260310-280-57,N,20260310,20261215,정기예금,KRW,,5000000000,5000000000,237,A1,A1,,,농협은행,자체 신용보강,자체 신용보강,농협은행
74079,농협사랑제3차,KRZFA4908RGF,농협사랑제3차 20260310-280-58,N,20260310,20261215,정기예금,KRW,,5000000000,5000000000,237,A1,A1,,,농협은행,자체 신용보강,자체 신용보강,농협은행
74079,농협사랑제3차,KRZFA4908SGF,농협사랑제3차 20260310-280-59,N,20260310,20261215,정기예금,KRW,,5000000000,5000000000,237,A1,A1,,,농협은행,자체 신용보강,자체 신용보강,농협은행
70351,리브에이치제삼차,KRZFA34881G3,리브에이치제삼차 20260310-92-1,N,20260310,20260610,대출채권,KRW,,5000000000,5000000000,49,A1,A1,,,에이치디현대(주),차환발행위험(유동성 공여형 매입약정),금융기관,국민은행
70351,리브에이치제삼차,KRZFA34882G3,리브에이치제삼차 20260310-92-2,N,20260310,20260610,대출채권,KRW,,5000000000,5000000000,49,A1,A1,,,에이치디현대(주),차환발행위험(유동성 공여형 매입약정),금융기관,국민은행
70351,리브에이치제삼차,KRZFA34883G3,리브에이치제삼차 20260310-92-3,N,20260310,20260610,대출채권,KRW,,5000000000,5000000000,49,A1,A1,,,에이치디현대(주),차환발행위험(유동성 공여형 매입약정),금융기관,국민은행
70351,리브에이치제삼차,KRZFA34884G3,리브에이치제삼차 20260310-92-4,N,20260310,20260610,대출채권,KRW,,5000000000,5000000000,49,A1,A1,,,에이치디현대(주),차환발행위험(유동성 공여형 매입약정),금융기관,국민은행
70351,리브에이치제삼차,KRZFA34885G3,리브에이치제삼차 20260310-92-5,N,20260310,20260610,대출채권,KRW,,5000000000,5000000000,49,A1,A1,,,에이치디현대(주),차환발행위험(유동성 공여형 매입약정),금융기관,국민은행
70351,리브에이치제삼차,KRZFA34886G3,리브에이치제삼차 20260310-92-6,N,20260310,20260610,대출채권,KRW,,5000000000,5000000000,49,A1,A1,,,에이치디현대(주),차환발행위험(유동성 공여형 매입약정),금융기관,국민은행
70351,리브에이치제삼차,KRZFA34887G3,리브에이치제삼차 20260310-92-7,N,20260310,20260610,대출채권,KRW,,5000000000,5000000000,49,A1,A1,,,에이치디현대(주),차환발행위험(유동성 공여형 매입약정),금융기관,국민은행
70351,리브에이치제삼차,KRZFA34888G3,리브에이치제삼차 20260310-92-8,N,20260310,20260610,대출채권,KRW,,5000000000,5000000000,49,A1,A1,,,에이치디현대(주),차환발행위험(유동성 공여형 매입약정),금융기관,국민은행
74060,아이언신봉제이차,KRZFA78281G3,아이언신봉제이차 20260310-364-1,Y,20260310,20270309,PF대출채권,KRW,,5000000000,5000000000,321,A2,,A2,,디에스디삼호,외부 신용보강,일반기업,지에스건설
74060,아이언신봉제이차,KRZFA7828AG3,아이언신봉제이차 20260310-364-10,Y,20260310,20270309,PF대출채권,KRW,,10000000000,10000000000,321,A2,,A2,,디에스디삼호,외부 신용보강,일반기업,지에스건설
74060,아이언신봉제이차,KRZFA7828BG3,아이언신봉제이차 20260310-364-11,Y,20260310,20270309,PF대출채권,KRW,,10000000000,10000000000,321,A2,,A2,,디에스디삼호,외부 신용보강,일반기업,지에스건설
74060,아이언신봉제이차,KRZFA7828CG3,아이언신봉제이차 20260310-364-12,Y,20260310,20270309,PF대출채권,KRW,,10000000000,10000000000,321,A2,,A2,,디에스디삼호,외부 신용보강,일반기업,지에스건설
74060,아이언신봉제이차,KRZFA7828DG3,아이언신봉제이차 20260310-364-13,Y,20260310,20270309,PF대출채권,KRW,,10000000000,10000000000,321,A2,,A2,,디에스디삼호,외부 신용보강,일반기업,지에스건설
74060,아이언신봉제이차,KRZFA7828EG3,아이언신봉제이차 20260310-364-14,Y,20260310,20270309,PF대출채권,KRW,,10000000000,10000000000,321,A2,,A2,,디에스디삼호,외부 신용보강,일반기업,지에스건설
74060,아이언신봉제이차,KRZFA7828FG3,아이언신봉제이차 20260310-364-15,Y,20260310,20270309,PF대출채권,KRW,,1000000000,1000000000,321,A2,,A2,,디에스디삼호,외부 신용보강,일반기업,지에스건설
74060,아이언신봉제이차,KRZFA7828GG3,아이언신봉제이차 20260310-364-16,Y,20260310,20270309,PF대출채권,KRW,,1000000000,1000000000,321,A2,,A2,,디에스디삼호,외부 신용보강,일반기업,지에스건설
74060,아이언신봉제이차,KRZFA7828HG3,아이언신봉제이차 20260310-364-17,Y,20260310,20270309,PF대출채권,KRW,,1000000000,1000000000,321,A2,,A2,,디에스디삼호,외부 신용보강,일반기업,지에스건설
74060,아이언신봉제이차,KRZFA7828JG3,아이언신봉제이차 20260310-364-18,Y,20260310,20270309,PF대출채권,KRW,,1000000000,1000000000,321,A2,,A2,,디에스디삼호,외부 신용보강,일반기업,지에스건설
74060,아이언신봉제이차,KRZFA7828KG3,아이언신봉제이차 20260310-364-19,Y,20260310,20270309,PF대출채권,KRW,,1000000000,1000000000,321,A2,,A2,,디에스디삼호,외부 신용보강,일반기업,지에스건설
74060,아이언신봉제이차,KRZFA78282G3,아이언신봉제이차 20260310-364-2,Y,20260310,20270309,PF대출채권,KRW,,5000000000,5000000000,321,A2,,A2,,디에스디삼호,외부 신용보강,일반기업,지에스건설
74060,아이언신봉제이차,KRZFA7828LG3,아이언신봉제이차 20260310-364-20,Y,20260310,20270309,PF대출채권,KRW,,1000000000,1000000000,321,A2,,A2,,디에스디삼호,외부 신용보강,일반기업,지에스건설
74060,아이언신봉제이차,KRZFA78283G3,아이언신봉제이차 20260310-364-3,Y,20260310,20270309,PF대출채권,KRW,,5000000000,5000000000,321,A2,,A2,,디에스디삼호,외부 신용보강,일반기업,지에스건설
74060,아이언신봉제이차,KRZFA78284G3,아이언신봉제이차 20260310-364-4,Y,20260310,20270309,PF대출채권,KRW,,5000000000,5000000000,321,A2,,A2,,디에스디삼호,외부 신용보강,일반기업,지에스건설
74060,아이언신봉제이차,KRZFA78285G3,아이언신봉제이차 20260310-364-5,Y,20260310,20270309,PF대출채권,KRW,,5000000000,5000000000,321,A2,,A2,,디에스디삼호,외부 신용보강,일반기업,지에스건설
74060,아이언신봉제이차,KRZFA78286G3,아이언신봉제이차 20260310-364-6,Y,20260310,20270309,PF대출채권,KRW,,5000000000,5000000000,321,A2,,A2,,디에스디삼호,외부 신용보강,일반기업,지에스건설
74060,아이언신봉제이차,KRZFA78287G3,아이언신봉제이차 20260310-364-7,Y,20260310,20270309,PF대출채권,KRW,,10000000000,10000000000,321,A2,,A2,,디에스디삼호,외부 신용보강,일반기업,지에스건설
74060,아이언신봉제이차,KRZFA78288G3,아이언신봉제이차 20260310-364-8,Y,20260310,20270309,PF대출채권,KRW,,10000000000,10000000000,321,A2,,A2,,디에스디삼호,외부 신용보강,일반기업,지에스건설
74060,아이언신봉제이차,KRZFA78289G3,아이언신봉제이차 20260310-364-9,Y,20260310,20270309,PF대출채권,KRW,,10000000000,10000000000,321,A2,,A2,,디에스디삼호,외부 신용보강,일반기업,지에스건설
74084,아이에이치검단제일차,KRZFA87281G3,아이에이치검단제일차 20260310-232-1,N,20260310,20261028,기타,KRW,,450000000,450000000,189,A1,A1,,,인천도시공사,외부 신용보강,공공기관,인천도시공사
74062,에스프로젝트갤러리아,KRZF0171J1G3,에스프로젝트갤러리아 20260310-92-1,N,20260310,20260610,대출채권,KRW,,5000000000,5000000000,49,,A1,A1,,한화갤러리아,차환발행위험(유동성 공여형 매입약정),금융기관,신한은행
74062,에스프로젝트갤러리아,KRZF0171J2G3,에스프로젝트갤러리아 20260310-92-2,N,20260310,20260610,대출채권,KRW,,5000000000,5000000000,49,,A1,A1,,한화갤러리아,차환발행위험(유동성 공여형 매입약정),금융기관,신한은행
74062,에스프로젝트갤러리아,KRZF0171J3G3,에스프로젝트갤러리아 20260310-92-3,N,20260310,20260610,대출채권,KRW,,5000000000,5000000000,49,,A1,A1,,한화갤러리아,차환발행위험(유동성 공여형 매입약정),금융기관,신한은행
74062,에스프로젝트갤러리아,KRZF0171J4G3,에스프로젝트갤러리아 20260310-92-4,N,20260310,20260610,대출채권,KRW,,5000000000,5000000000,49,,A1,A1,,한화갤러리아,차환발행위험(유동성 공여형 매입약정),금융기관,신한은행
74076,엔에이치에이치지제일차,KRZF0171H1G3,엔에이치에이치지제일차 20260310-92-1,N,20260310,20260610,대출채권,KRW,,5000000000,5000000000,49,,A1,A1,,한화갤러리아,차환발행위험(유동성 공여형 매입약정),금융기관,농협은행
74076,엔에이치에이치지제일차,KRZF0171H2G3,엔에이치에이치지제일차 20260310-92-2,N,20260310,20260610,대출채권,KRW,,5000000000,5000000000,49,,A1,A1,,한화갤러리아,차환발행위험(유동성 공여형 매입약정),금융기관,농협은행
74076,엔에이치에이치지제일차,KRZF0171H3G3,엔에이치에이치지제일차 20260310-92-3,N,20260310,20260610,대출채권,KRW,,5000000000,5000000000,49,,A1,A1,,한화갤러리아,차환발행위험(유동성 공여형 매입약정),금융기관,농협은행
74076,엔에이치에이치지제일차,KRZF0171H4G3,엔에이치에이치지제일차 20260310-92-4,N,20260310,20260610,대출채권,KRW,,5000000000,5000000000,49,,A1,A1,,한화갤러리아,차환발행위험(유동성 공여형 매입약정),금융기관,농협은행
74076,엔에이치에이치지제일차,KRZF0171H5G3,엔에이치에이치지제일차 20260310-92-5,N,20260310,20260610,대출채권,KRW,,100000000,100000000,49,,A1,A1,,한화갤러리아,차환발행위험(유동성 공여형 매입약정),금융기관,농협은행
65908,우리케이에프제일차,KRZF390841G3,우리케이에프제일차 20260310-92-1,N,20260310,20260610,대출채권,KRW,,5000000000,5000000000,49,,A1,A1,,키움에프앤아이 주식회사,외부 신용보강,금융기관,우리은행
65908,우리케이에프제일차,KRZF390842G3,우리케이에프제일차 20260310-92-2,N,20260310,20260610,대출채권,KRW,,5000000000,5000000000,49,,A1,A1,,키움에프앤아이 주식회사,외부 신용보강,금융기관,우리은행
65908,우리케이에프제일차,KRZF390843G3,우리케이에프제일차 20260310-92-3,N,20260310,20260610,대출채권,KRW,,5000000000,5000000000,49,,A1,A1,,키움에프앤아이 주식회사,외부 신용보강,금융기관,우리은행
65908,우리케이에프제일차,KRZF390844G3,우리케이에프제일차 20260310-92-4,N,20260310,20260610,대출채권,KRW,,5000000000,5000000000,49,,A1,A1,,키움에프앤아이 주식회사,외부 신용보강,금융기관,우리은행
65908,우리케이에프제일차,KRZF390845G3,우리케이에프제일차 20260310-92-5,N,20260310,20260610,대출채권,KRW,,5000000000,5000000000,49,,A1,A1,,키움에프앤아이 주식회사,외부 신용보강,금융기관,우리은행
65908,우리케이에프제일차,KRZF390846G3,우리케이에프제일차 20260310-92-6,N,20260310,20260610,대출채권,KRW,,5000000000,5000000000,49,,A1,A1,,키움에프앤아이 주식회사,외부 신용보강,금융기관,우리은행
74052,제이온몬스터,KRZF0083V1G3,제이온몬스터 20260310-31-1,N,20260310,20260410,대출채권,KRW,,5000000000,5000000000,0,A1,A1,,,에스케이에코플랜트(주),차환발행위험(유동성 공여형 매입약정),금융기관,농협은행
74052,제이온몬스터,KRZF0083VAG3,제이온몬스터 20260310-31-10,N,20260310,20260410,대출채권,KRW,,5000000000,5000000000,0,A1,A1,,,에스케이에코플랜트(주),차환발행위험(유동성 공여형 매입약정),금융기관,농협은행
74052,제이온몬스터,KRZF0083V2G3,제이온몬스터 20260310-31-2,N,20260310,20260410,대출채권,KRW,,5000000000,5000000000,0,A1,A1,,,에스케이에코플랜트(주),차환발행위험(유동성 공여형 매입약정),금융기관,농협은행
74052,제이온몬스터,KRZF0083V3G3,제이온몬스터 20260310-31-3,N,20260310,20260410,대출채권,KRW,,5000000000,5000000000,0,A1,A1,,,에스케이에코플랜트(주),차환발행위험(유동성 공여형 매입약정),금융기관,농협은행
74052,제이온몬스터,KRZF0083V4G3,제이온몬스터 20260310-31-4,N,20260310,20260410,대출채권,KRW,,5000000000,5000000000,0,A1,A1,,,에스케이에코플랜트(주),차환발행위험(유동성 공여형 매입약정),금융기관,농협은행
74052,제이온몬스터,KRZF0083V5G3,제이온몬스터 20260310-31-5,N,20260310,20260410,대출채권,KRW,,5000000000,5000000000,0,A1,A1,,,에스케이에코플랜트(주),차환발행위험(유동성 공여형 매입약정),금융기관,농협은행
74052,제이온몬스터,KRZF0083V6G3,제이온몬스터 20260310-31-6,N,20260310,20260410,대출채권,KRW,,5000000000,5000000000,0,A1,A1,,,에스케이에코플랜트(주),차환발행위험(유동성 공여형 매입약정),금융기관,농협은행
74052,제이온몬스터,KRZF0083V7G3,제이온몬스터 20260310-31-7,N,20260310,20260410,대출채권,KRW,,5000000000,5000000000,0,A1,A1,,,에스케이에코플랜트(주),차환발행위험(유동성 공여형 매입약정),금융기관,농협은행
74052,제이온몬스터,KRZF0083V8G3,제이온몬스터 20260310-31-8,N,20260310,20260410,대출채권,KRW,,5000000000,5000000000,0,A1,A1,,,에스케이에코플랜트(주),차환발행위험(유동성 공여형 매입약정),금융기관,농협은행
74052,제이온몬스터,KRZF0083V9G3,제이온몬스터 20260310-31-9,N,20260310,20260410,대출채권,KRW,,5000000000,5000000000,0,A1,A1,,,에스케이에코플랜트(주),차환발행위험(유동성 공여형 매입약정),금융기관,농협은행
69138,케이비에이치하우징제일차,KRZF350621G3,케이비에이치하우징제일차 20260310-92-1,N,20260310,20260610,대출채권,KRW,,5000000000,5000000000,49,A1,A1,,,(주)에이치디씨민간임대주택제1호위탁관리부동산투자회사,차환발행위험(유동성 공여형 매입약정),금융기관,국민은행
69138,케이비에이치하우징제일차,KRZF350622G3,케이비에이치하우징제일차 20260310-92-2,N,20260310,20260610,대출채권,KRW,,5000000000,5000000000,49,A1,A1,,,(주)에이치디씨민간임대주택제1호위탁관리부동산투자회사,차환발행위험(유동성 공여형 매입약정),금융기관,국민은행
69138,케이비에이치하우징제일차,KRZF350623G3,케이비에이치하우징제일차 20260310-92-3,N,20260310,20260610,대출채권,KRW,,5000000000,5000000000,49,A1,A1,,,(주)에이치디씨민간임대주택제1호위탁관리부동산투자회사,차환발행위험(유동성 공여형 매입약정),금융기관,국민은행
69138,케이비에이치하우징제일차,KRZF350624G3,케이비에이치하우징제일차 20260310-92-4,N,20260310,20260610,대출채권,KRW,,5000000000,5000000000,49,A1,A1,,,(주)에이치디씨민간임대주택제1호위탁관리부동산투자회사,차환발행위험(유동성 공여형 매입약정),금융기관,국민은행
69138,케이비에이치하우징제일차,KRZF350625G3,케이비에이치하우징제일차 20260310-92-5,N,20260310,20260610,대출채권,KRW,,5000000000,5000000000,49,A1,A1,,,(주)에이치디씨민간임대주택제1호위탁관리부동산투자회사,차환발행위험(유동성 공여형 매입약정),금융기관,국민은행
69138,케이비에이치하우징제일차,KRZF350626G3,케이비에이치하우징제일차 20260310-92-6,N,20260310,20260610,대출채권,KRW,,5000000000,5000000000,49,A1,A1,,,(주)에이치디씨민간임대주택제1호위탁관리부동산투자회사,차환발행위험(유동성 공여형 매입약정),금융기관,국민은행
74045,디알제십팔차,KRZF0016F1G3,디알제십팔차 20260309-93-1,N,20260309,20260610,매출채권,KRW,,3000000000,3000000000,49,,A2+,A2+,,SK인천석유화학,자체 신용보강,자체 신용보강,SK인천석유화학
74045,디알제십팔차,KRZF0016F2G3,디알제십팔차 20260309-93-2,N,20260309,20260610,매출채권,KRW,,1000000000,1000000000,49,,A2+,A2+,,SK인천석유화학,자체 신용보강,자체 신용보강,SK인천석유화학
74045,디알제십팔차,KRZF0016F3G3,디알제십팔차 20260309-93-3,N,20260309,20260610,매출채권,KRW,,1000000000,1000000000,49,,A2+,A2+,,SK인천석유화학,자체 신용보강,자체 신용보강,SK인천석유화학
74045,디알제십팔차,KRZF0016F4G3,디알제십팔차 20260309-93-4,N,20260309,20260610,매출채권,KRW,,1000000000,1000000000,49,,A2+,A2+,,SK인천석유화학,자체 신용보강,자체 신용보강,SK인천석유화학
74045,디알제십팔차,KRZF0016F5G3,디알제십팔차 20260309-93-5,N,20260309,20260610,매출채권,KRW,,300000000,300000000,49,,A2+,A2+,,SK인천석유화학,자체 신용보강,자체 신용보강,SK인천석유화학
74046,디피에스제삼차,KRZF381151G3,디피에스제삼차 20260309-359-1,N,20260309,20270303,매출채권,KRW,,1000000000,1000000000,315,,,A1,A1,블루월넛(주),자체 신용보강,자체 신용보강,현대카드
74046,디피에스제삼차,KRZF381151G3,디피에스제삼차 20260309-359-1,N,20260309,20270303,매출채권,KRW,,1000000000,1000000000,315,,,A1,A1,블루월넛(주),자체 신용보강,자체 신용보강,현대홈쇼핑
74046,디피에스제삼차,KRZF381152G3,디피에스제삼차 20260309-359-2,N,20260309,20270303,매출채권,KRW,,1000000000,1000000000,315,,,A1,A1,블루월넛(주),자체 신용보강,자체 신용보강,현대카드
74046,디피에스제삼차,KRZF381152G3,디피에스제삼차 20260309-359-2,N,20260309,20270303,매출채권,KRW,,1000000000,1000000000,315,,,A1,A1,블루월넛(주),자체 신용보강,자체 신용보강,현대홈쇼핑
74046,디피에스제삼차,KRZF381153G3,디피에스제삼차 20260309-359-3,N,20260309,20270303,매출채권,KRW,,1000000000,1000000000,315,,,A1,A1,블루월넛(주),자체 신용보강,자체 신용보강,현대카드
74046,디피에스제삼차,KRZF381153G3,디피에스제삼차 20260309-359-3,N,20260309,20270303,매출채권,KRW,,1000000000,1000000000,315,,,A1,A1,블루월넛(주),자체 신용보강,자체 신용보강,현대홈쇼핑
74046,디피에스제삼차,KRZF381154G3,디피에스제삼차 20260309-359-4,N,20260309,20270303,매출채권,KRW,,1000000000,1000000000,315,,,A1,A1,블루월넛(주),자체 신용보강,자체 신용보강,현대카드
74046,디피에스제삼차,KRZF381154G3,디피에스제삼차 20260309-359-4,N,20260309,20270303,매출채권,KRW,,1000000000,1000000000,315,,,A1,A1,블루월넛(주),자체 신용보강,자체 신용보강,현대홈쇼핑
74046,디피에스제삼차,KRZF381155G3,디피에스제삼차 20260309-359-5,N,20260309,20270303,매출채권,KRW,,1000000000,1000000000,315,,,A1,A1,블루월넛(주),자체 신용보강,자체 신용보강,현대카드
74046,디피에스제삼차,KRZF381155G3,디피에스제삼차 20260309-359-5,N,20260309,20270303,매출채권,KRW,,1000000000,1000000000,315,,,A1,A1,블루월넛(주),자체 신용보강,자체 신용보강,현대홈쇼핑
74046,디피에스제삼차,KRZF381156G3,디피에스제삼차 20260309-359-6,N,20260309,20270303,매출채권,KRW,,100000000,100000000,315,,,A1,A1,블루월넛(주),자체 신용보강,자체 신용보강,현대카드
74046,디피에스제삼차,KRZF381156G3,디피에스제삼차 20260309-359-6,N,20260309,20270303,매출채권,KRW,,100000000,100000000,315,,,A1,A1,블루월넛(주),자체 신용보강,자체 신용보강,현대홈쇼핑
74046,디피에스제삼차,KRZF381157G3,디피에스제삼차 20260309-359-7,N,20260309,20270303,매출채권,KRW,,269000000,269000000,315,,,A1,A1,블루월넛(주),자체 신용보강,자체 신용보강,현대카드
74046,디피에스제삼차,KRZF381157G3,디피에스제삼차 20260309-359-7,N,20260309,20270303,매출채권,KRW,,269000000,269000000,315,,,A1,A1,블루월넛(주),자체 신용보강,자체 신용보강,현대홈쇼핑
45590,베스트디지비제일차,KRZF253301G3,베스트디지비제일차 20260309-91-1,N,20260309,20260608,대출채권,KRW,,5000000000,5000000000,47,A1,A1,,,경북대학교병원,차환발행위험(유동성 공여형 매입약정),금융기관,(주)아이엠뱅크
45590,베스트디지비제일차,KRZF253302G3,베스트디지비제일차 20260309-91-2,N,20260309,20260608,대출채권,KRW,,5000000000,5000000000,47,A1,A1,,,경북대학교병원,차환발행위험(유동성 공여형 매입약정),금융기관,(주)아이엠뱅크
45590,베스트디지비제일차,KRZF253303G3,베스트디지비제일차 20260309-91-3,N,20260309,20260608,대출채권,KRW,,5000000000,5000000000,47,A1,A1,,,경북대학교병원,차환발행위험(유동성 공여형 매입약정),금융기관,(주)아이엠뱅크
45590,베스트디지비제일차,KRZF253304G3,베스트디지비제일차 20260309-91-4,N,20260309,20260608,대출채권,KRW,,5000000000,5000000000,47,A1,A1,,,경북대학교병원,차환발행위험(유동성 공여형 매입약정),금융기관,(주)아이엠뱅크
45590,베스트디지비제일차,KRZF253305G3,베스트디지비제일차 20260309-91-5,N,20260309,20260608,대출채권,KRW,,1450000000,1450000000,47,A1,A1,,,경북대학교병원,차환발행위험(유동성 공여형 매입약정),금융기관,(주)아이엠뱅크
74051,비엔케이에스성성제일차,KRZF0169W1G3,비엔케이에스성성제일차 20260309-364-1,Y,20260309,20270308,PF대출채권,KRW,,5000000000,5000000000,320,,A2,A2,,(주)제이비스,외부 신용보강,일반기업,지에스건설
74051,비엔케이에스성성제일차,KRZF0169WAG3,비엔케이에스성성제일차 20260309-364-10,Y,20260309,20270308,PF대출채권,KRW,,1000000000,1000000000,320,,A2,A2,,(주)제이비스,외부 신용보강,일반기업,지에스건설
74051,비엔케이에스성성제일차,KRZF0169WBG3,비엔케이에스성성제일차 20260309-364-11,Y,20260309,20270308,PF대출채권,KRW,,1000000000,1000000000,320,,A2,A2,,(주)제이비스,외부 신용보강,일반기업,지에스건설
74051,비엔케이에스성성제일차,KRZF0169WCG3,비엔케이에스성성제일차 20260309-364-12,Y,20260309,20270308,PF대출채권,KRW,,1000000000,1000000000,320,,A2,A2,,(주)제이비스,외부 신용보강,일반기업,지에스건설
74051,비엔케이에스성성제일차,KRZF0169WDG3,비엔케이에스성성제일차 20260309-364-13,Y,20260309,20270308,PF대출채권,KRW,,1000000000,1000000000,320,,A2,A2,,(주)제이비스,외부 신용보강,일반기업,지에스건설
74051,비엔케이에스성성제일차,KRZF0169WEG3,비엔케이에스성성제일차 20260309-364-14,Y,20260309,20270308,PF대출채권,KRW,,1000000000,1000000000,320,,A2,A2,,(주)제이비스,외부 신용보강,일반기업,지에스건설
74051,비엔케이에스성성제일차,KRZF0169WFG3,비엔케이에스성성제일차 20260309-364-15,Y,20260309,20270308,PF대출채권,KRW,,1000000000,1000000000,320,,A2,A2,,(주)제이비스,외부 신용보강,일반기업,지에스건설
74051,비엔케이에스성성제일차,KRZF0169WGG3,비엔케이에스성성제일차 20260309-364-16,Y,20260309,20270308,PF대출채권,KRW,,1000000000,1000000000,320,,A2,A2,,(주)제이비스,외부 신용보강,일반기업,지에스건설
74051,비엔케이에스성성제일차,KRZF0169WHG3,비엔케이에스성성제일차 20260309-364-17,Y,20260309,20270308,PF대출채권,KRW,,500000000,500000000,320,,A2,A2,,(주)제이비스,외부 신용보강,일반기업,지에스건설
74051,비엔케이에스성성제일차,KRZF0169WJG3,비엔케이에스성성제일차 20260309-364-18,Y,20260309,20270308,PF대출채권,KRW,,500000000,500000000,320,,A2,A2,,(주)제이비스,외부 신용보강,일반기업,지에스건설
74051,비엔케이에스성성제일차,KRZF0169WKG3,비엔케이에스성성제일차 20260309-364-19,Y,20260309,20270308,PF대출채권,KRW,,500000000,500000000,320,,A2,A2,,(주)제이비스,외부 신용보강,일반기업,지에스건설
74051,비엔케이에스성성제일차,KRZF0169W2G3,비엔케이에스성성제일차 20260309-364-2,Y,20260309,20270308,PF대출채권,KRW,,5000000000,5000000000,320,,A2,A2,,(주)제이비스,외부 신용보강,일반기업,지에스건설
74051,비엔케이에스성성제일차,KRZF0169WLG3,비엔케이에스성성제일차 20260309-364-20,Y,20260309,20270308,PF대출채권,KRW,,500000000,500000000,320,,A2,A2,,(주)제이비스,외부 신용보강,일반기업,지에스건설
74051,비엔케이에스성성제일차,KRZF0169WMG3,비엔케이에스성성제일차 20260309-364-21,Y,20260309,20270308,PF대출채권,KRW,,500000000,500000000,320,,A2,A2,,(주)제이비스,외부 신용보강,일반기업,지에스건설
74051,비엔케이에스성성제일차,KRZF0169WNG3,비엔케이에스성성제일차 20260309-364-22,Y,20260309,20270308,PF대출채권,KRW,,500000000,500000000,320,,A2,A2,,(주)제이비스,외부 신용보강,일반기업,지에스건설
74051,비엔케이에스성성제일차,KRZF0169WPG3,비엔케이에스성성제일차 20260309-364-23,Y,20260309,20270308,PF대출채권,KRW,,500000000,500000000,320,,A2,A2,,(주)제이비스,외부 신용보강,일반기업,지에스건설
74051,비엔케이에스성성제일차,KRZF0169WQG3,비엔케이에스성성제일차 20260309-364-24,Y,20260309,20270308,PF대출채권,KRW,,500000000,500000000,320,,A2,A2,,(주)제이비스,외부 신용보강,일반기업,지에스건설
74051,비엔케이에스성성제일차,KRZF0169WRG3,비엔케이에스성성제일차 20260309-364-25,Y,20260309,20270308,PF대출채권,KRW,,500000000,500000000,320,,A2,A2,,(주)제이비스,외부 신용보강,일반기업,지에스건설
74051,비엔케이에스성성제일차,KRZF0169WSG3,비엔케이에스성성제일차 20260309-364-26,Y,20260309,20270308,PF대출채권,KRW,,500000000,500000000,320,,A2,A2,,(주)제이비스,외부 신용보강,일반기업,지에스건설
74051,비엔케이에스성성제일차,KRZF0169WTG3,비엔케이에스성성제일차 20260309-364-27,Y,20260309,20270308,PF대출채권,KRW,,500000000,500000000,320,,A2,A2,,(주)제이비스,외부 신용보강,일반기업,지에스건설
74051,비엔케이에스성성제일차,KRZF0169WVG3,비엔케이에스성성제일차 20260309-364-28,Y,20260309,20270308,PF대출채권,KRW,,500000000,500000000,320,,A2,A2,,(주)제이비스,외부 신용보강,일반기업,지에스건설
74051,비엔케이에스성성제일차,KRZF0169WWG3,비엔케이에스성성제일차 20260309-364-29,Y,20260309,20270308,PF대출채권,KRW,,500000000,500000000,320,,A2,A2,,(주)제이비스,외부 신용보강,일반기업,지에스건설
74051,비엔케이에스성성제일차,KRZF0169W3G3,비엔케이에스성성제일차 20260309-364-3,Y,20260309,20270308,PF대출채권,KRW,,1000000000,1000000000,320,,A2,A2,,(주)제이비스,외부 신용보강,일반기업,지에스건설
74051,비엔케이에스성성제일차,KRZF0169WXG3,비엔케이에스성성제일차 20260309-364-30,Y,20260309,20270308,PF대출채권,KRW,,500000000,500000000,320,,A2,A2,,(주)제이비스,외부 신용보강,일반기업,지에스건설
74051,비엔케이에스성성제일차,KRZF0169WYG3,비엔케이에스성성제일차 20260309-364-31,Y,20260309,20270308,PF대출채권,KRW,,500000000,500000000,320,,A2,A2,,(주)제이비스,외부 신용보강,일반기업,지에스건설
74051,비엔케이에스성성제일차,KRZF0169WZG3,비엔케이에스성성제일차 20260309-364-32,Y,20260309,20270308,PF대출채권,KRW,,500000000,500000000,320,,A2,A2,,(주)제이비스,외부 신용보강,일반기업,지에스건설
74051,비엔케이에스성성제일차,KRZF0169W0GF,비엔케이에스성성제일차 20260309-364-33,Y,20260309,20270308,PF대출채권,KRW,,500000000,500000000,320,,A2,A2,,(주)제이비스,외부 신용보강,일반기업,지에스건설
74051,비엔케이에스성성제일차,KRZF0169W1GF,비엔케이에스성성제일차 20260309-364-34,Y,20260309,20270308,PF대출채권,KRW,,500000000,500000000,320,,A2,A2,,(주)제이비스,외부 신용보강,일반기업,지에스건설
74051,비엔케이에스성성제일차,KRZF0169W2GF,비엔케이에스성성제일차 20260309-364-35,Y,20260309,20270308,PF대출채권,KRW,,500000000,500000000,320,,A2,A2,,(주)제이비스,외부 신용보강,일반기업,지에스건설
74051,비엔케이에스성성제일차,KRZF0169W3GF,비엔케이에스성성제일차 20260309-364-36,Y,20260309,20270308,PF대출채권,KRW,,500000000,500000000,320,,A2,A2,,(주)제이비스,외부 신용보강,일반기업,지에스건설
74051,비엔케이에스성성제일차,KRZF0169W4GF,비엔케이에스성성제일차 20260309-364-37,Y,20260309,20270308,PF대출채권,KRW,,500000000,500000000,320,,A2,A2,,(주)제이비스,외부 신용보강,일반기업,지에스건설
74051,비엔케이에스성성제일차,KRZF0169W5GF,비엔케이에스성성제일차 20260309-364-38,Y,20260309,20270308,PF대출채권,KRW,,500000000,500000000,320,,A2,A2,,(주)제이비스,외부 신용보강,일반기업,지에스건설
74051,비엔케이에스성성제일차,KRZF0169W6GF,비엔케이에스성성제일차 20260309-364-39,Y,20260309,20270308,PF대출채권,KRW,,500000000,500000000,320,,A2,A2,,(주)제이비스,외부 신용보강,일반기업,지에스건설
74051,비엔케이에스성성제일차,KRZF0169W4G3,비엔케이에스성성제일차 20260309-364-4,Y,20260309,20270308,PF대출채권,KRW,,1000000000,1000000000,320,,A2,A2,,(주)제이비스,외부 신용보강,일반기업,지에스건설
74051,비엔케이에스성성제일차,KRZF0169W7GF,비엔케이에스성성제일차 20260309-364-40,Y,20260309,20270308,PF대출채권,KRW,,500000000,500000000,320,,A2,A2,,(주)제이비스,외부 신용보강,일반기업,지에스건설
74051,비엔케이에스성성제일차,KRZF0169W8GF,비엔케이에스성성제일차 20260309-364-41,Y,20260309,20270308,PF대출채권,KRW,,500000000,500000000,320,,A2,A2,,(주)제이비스,외부 신용보강,일반기업,지에스건설
74051,비엔케이에스성성제일차,KRZF0169W9GF,비엔케이에스성성제일차 20260309-364-42,Y,20260309,20270308,PF대출채권,KRW,,500000000,500000000,320,,A2,A2,,(주)제이비스,외부 신용보강,일반기업,지에스건설
74051,비엔케이에스성성제일차,KRZF0169WAGF,비엔케이에스성성제일차 20260309-364-43,Y,20260309,20270308,PF대출채권,KRW,,500000000,500000000,320,,A2,A2,,(주)제이비스,외부 신용보강,일반기업,지에스건설
74051,비엔케이에스성성제일차,KRZF0169WBGF,비엔케이에스성성제일차 20260309-364-44,Y,20260309,20270308,PF대출채권,KRW,,500000000,500000000,320,,A2,A2,,(주)제이비스,외부 신용보강,일반기업,지에스건설
74051,비엔케이에스성성제일차,KRZF0169WCGF,비엔케이에스성성제일차 20260309-364-45,Y,20260309,20270308,PF대출채권,KRW,,500000000,500000000,320,,A2,A2,,(주)제이비스,외부 신용보강,일반기업,지에스건설
74051,비엔케이에스성성제일차,KRZF0169WDGF,비엔케이에스성성제일차 20260309-364-46,Y,20260309,20270308,PF대출채권,KRW,,500000000,500000000,320,,A2,A2,,(주)제이비스,외부 신용보강,일반기업,지에스건설
74051,비엔케이에스성성제일차,KRZF0169WEGF,비엔케이에스성성제일차 20260309-364-47,Y,20260309,20270308,PF대출채권,KRW,,500000000,500000000,320,,A2,A2,,(주)제이비스,외부 신용보강,일반기업,지에스건설
74051,비엔케이에스성성제일차,KRZF0169WFGF,비엔케이에스성성제일차 20260309-364-48,Y,20260309,20270308,PF대출채권,KRW,,500000000,500000000,320,,A2,A2,,(주)제이비스,외부 신용보강,일반기업,지에스건설
74051,비엔케이에스성성제일차,KRZF0169W5G3,비엔케이에스성성제일차 20260309-364-5,Y,20260309,20270308,PF대출채권,KRW,,1000000000,1000000000,320,,A2,A2,,(주)제이비스,외부 신용보강,일반기업,지에스건설
74051,비엔케이에스성성제일차,KRZF0169W6G3,비엔케이에스성성제일차 20260309-364-6,Y,20260309,20270308,PF대출채권,KRW,,1000000000,1000000000,320,,A2,A2,,(주)제이비스,외부 신용보강,일반기업,지에스건설
74051,비엔케이에스성성제일차,KRZF0169W7G3,비엔케이에스성성제일차 20260309-364-7,Y,20260309,20270308,PF대출채권,KRW,,1000000000,1000000000,320,,A2,A2,,(주)제이비스,외부 신용보강,일반기업,지에스건설
74051,비엔케이에스성성제일차,KRZF0169W8G3,비엔케이에스성성제일차 20260309-364-8,Y,20260309,20270308,PF대출채권,KRW,,1000000000,1000000000,320,,A2,A2,,(주)제이비스,외부 신용보강,일반기업,지에스건설
74051,비엔케이에스성성제일차,KRZF0169W9G3,비엔케이에스성성제일차 20260309-364-9,Y,20260309,20270308,PF대출채권,KRW,,1000000000,1000000000,320,,A2,A2,,(주)제이비스,외부 신용보강,일반기업,지에스건설
69111,에스프로젝트에이치씨,KRZF0027N1G3,에스프로젝트에이치씨 20260309-91-1,N,20260309,20260608,대출채권,KRW,,5000000000,5000000000,47,A1,,A1,,에이치디현대케미칼(주),외부 신용보강,금융기관,신한은행
69111,에스프로젝트에이치씨,KRZF0027N2G3,에스프로젝트에이치씨 20260309-91-2,N,20260309,20260608,대출채권,KRW,,5000000000,5000000000,47,A1,,A1,,에이치디현대케미칼(주),외부 신용보강,금융기관,신한은행
69111,에스프로젝트에이치씨,KRZF0027N3G3,에스프로젝트에이치씨 20260309-91-3,N,20260309,20260608,대출채권,KRW,,5000000000,5000000000,47,A1,,A1,,에이치디현대케미칼(주),외부 신용보강,금융기관,신한은행
69111,에스프로젝트에이치씨,KRZF0027N4G3,에스프로젝트에이치씨 20260309-91-4,N,20260309,20260608,대출채권,KRW,,5000000000,5000000000,47,A1,,A1,,에이치디현대케미칼(주),외부 신용보강,금융기관,신한은행
69111,에스프로젝트에이치씨,KRZF0027N5G3,에스프로젝트에이치씨 20260309-91-5,N,20260309,20260608,대출채권,KRW,,5000000000,5000000000,47,A1,,A1,,에이치디현대케미칼(주),외부 신용보강,금융기관,신한은행
69111,에스프로젝트에이치씨,KRZF0027N6G3,에스프로젝트에이치씨 20260309-91-6,N,20260309,20260608,대출채권,KRW,,5000000000,5000000000,47,A1,,A1,,에이치디현대케미칼(주),외부 신용보강,금융기관,신한은행
74033,에이치씨원큐제이차,KRZFA53421G3,에이치씨원큐제이차 20260309-29-1,N,20260309,20260407,대출채권,KRW,,5000000000,5000000000,0,A1,A1,,,에이치디현대케미칼(주),차환발행위험(유동성 공여형 매입약정),금융기관,하나은행
74033,에이치씨원큐제이차,KRZFA5342AG3,에이치씨원큐제이차 20260309-29-10,N,20260309,20260407,대출채권,KRW,,5000000000,5000000000,0,A1,A1,,,에이치디현대케미칼(주),차환발행위험(유동성 공여형 매입약정),금융기관,하나은행
74033,에이치씨원큐제이차,KRZFA5342BG3,에이치씨원큐제이차 20260309-29-11,N,20260309,20260407,대출채권,KRW,,5000000000,5000000000,0,A1,A1,,,에이치디현대케미칼(주),차환발행위험(유동성 공여형 매입약정),금융기관,하나은행
74033,에이치씨원큐제이차,KRZFA5342CG3,에이치씨원큐제이차 20260309-29-12,N,20260309,20260407,대출채권,KRW,,5000000000,5000000000,0,A1,A1,,,에이치디현대케미칼(주),차환발행위험(유동성 공여형 매입약정),금융기관,하나은행
74033,에이치씨원큐제이차,KRZFA5342DG3,에이치씨원큐제이차 20260309-29-13,N,20260309,20260407,대출채권,KRW,,5000000000,5000000000,0,A1,A1,,,에이치디현대케미칼(주),차환발행위험(유동성 공여형 매입약정),금융기관,하나은행
74033,에이치씨원큐제이차,KRZFA5342EG3,에이치씨원큐제이차 20260309-29-14,N,20260309,20260407,대출채권,KRW,,5000000000,5000000000,0,A1,A1,,,에이치디현대케미칼(주),차환발행위험(유동성 공여형 매입약정),금융기관,하나은행
74033,에이치씨원큐제이차,KRZFA5342FG3,에이치씨원큐제이차 20260309-29-15,N,20260309,20260407,대출채권,KRW,,5000000000,5000000000,0,A1,A1,,,에이치디현대케미칼(주),차환발행위험(유동성 공여형 매입약정),금융기관,하나은행
74033,에이치씨원큐제이차,KRZFA5342GG3,에이치씨원큐제이차 20260309-29-16,N,20260309,20260407,대출채권,KRW,,5000000000,5000000000,0,A1,A1,,,에이치디현대케미칼(주),차환발행위험(유동성 공여형 매입약정),금융기관,하나은행
74033,에이치씨원큐제이차,KRZFA5342HG3,에이치씨원큐제이차 20260309-29-17,N,20260309,20260407,대출채권,KRW,,5000000000,5000000000,0,A1,A1,,,에이치디현대케미칼(주),차환발행위험(유동성 공여형 매입약정),금융기관,하나은행
74033,에이치씨원큐제이차,KRZFA5342JG3,에이치씨원큐제이차 20260309-29-18,N,20260309,20260407,대출채권,KRW,,5000000000,5000000000,0,A1,A1,,,에이치디현대케미칼(주),차환발행위험(유동성 공여형 매입약정),금융기관,하나은행
74033,에이치씨원큐제이차,KRZFA5342KG3,에이치씨원큐제이차 20260309-29-19,N,20260309,20260407,대출채권,KRW,,5000000000,5000000000,0,A1,A1,,,에이치디현대케미칼(주),차환발행위험(유동성 공여형 매입약정),금융기관,하나은행
74033,에이치씨원큐제이차,KRZFA53422G3,에이치씨원큐제이차 20260309-29-2,N,20260309,20260407,대출채권,KRW,,5000000000,5000000000,0,A1,A1,,,에이치디현대케미칼(주),차환발행위험(유동성 공여형 매입약정),금융기관,하나은행
74033,에이치씨원큐제이차,KRZFA5342LG3,에이치씨원큐제이차 20260309-29-20,N,20260309,20260407,대출채권,KRW,,5000000000,5000000000,0,A1,A1,,,에이치디현대케미칼(주),차환발행위험(유동성 공여형 매입약정),금융기관,하나은행
74033,에이치씨원큐제이차,KRZFA53423G3,에이치씨원큐제이차 20260309-29-3,N,20260309,20260407,대출채권,KRW,,5000000000,5000000000,0,A1,A1,,,에이치디현대케미칼(주),차환발행위험(유동성 공여형 매입약정),금융기관,하나은행
74033,에이치씨원큐제이차,KRZFA53424G3,에이치씨원큐제이차 20260309-29-4,N,20260309,20260407,대출채권,KRW,,5000000000,5000000000,0,A1,A1,,,에이치디현대케미칼(주),차환발행위험(유동성 공여형 매입약정),금융기관,하나은행
74033,에이치씨원큐제이차,KRZFA53425G3,에이치씨원큐제이차 20260309-29-5,N,20260309,20260407,대출채권,KRW,,5000000000,5000000000,0,A1,A1,,,에이치디현대케미칼(주),차환발행위험(유동성 공여형 매입약정),금융기관,하나은행
74033,에이치씨원큐제이차,KRZFA53426G3,에이치씨원큐제이차 20260309-29-6,N,20260309,20260407,대출채권,KRW,,5000000000,5000000000,0,A1,A1,,,에이치디현대케미칼(주),차환발행위험(유동성 공여형 매입약정),금융기관,하나은행
74033,에이치씨원큐제이차,KRZFA53427G3,에이치씨원큐제이차 20260309-29-7,N,20260309,20260407,대출채권,KRW,,5000000000,5000000000,0,A1,A1,,,에이치디현대케미칼(주),차환발행위험(유동성 공여형 매입약정),금융기관,하나은행
74033,에이치씨원큐제이차,KRZFA53428G3,에이치씨원큐제이차 20260309-29-8,N,20260309,20260407,대출채권,KRW,,5000000000,5000000000,0,A1,A1,,,에이치디현대케미칼(주),차환발행위험(유동성 공여형 매입약정),금융기관,하나은행
74033,에이치씨원큐제이차,KRZFA53429G3,에이치씨원큐제이차 20260309-29-9,N,20260309,20260407,대출채권,KRW,,5000000000,5000000000,0,A1,A1,,,에이치디현대케미칼(주),차환발행위험(유동성 공여형 매입약정),금융기관,하나은행
74050,에이치아이베타제일차,KRZF0012A1G3,에이치아이베타제일차 20260309-108-1,N,20260309,20260625,매출채권,KRW,,5000000000,5000000000,64,,A2,A2,,LG디스플레이,자체 신용보강,자체 신용보강,LG디스플레이
74050,에이치아이베타제일차,KRZF0012AAG3,에이치아이베타제일차 20260309-108-10,N,20260309,20260625,매출채권,KRW,,5000000000,5000000000,64,,A2,A2,,LG디스플레이,자체 신용보강,자체 신용보강,LG디스플레이
74050,에이치아이베타제일차,KRZF0012ABG3,에이치아이베타제일차 20260309-108-11,N,20260309,20260625,매출채권,KRW,,5000000000,5000000000,64,,A2,A2,,LG디스플레이,자체 신용보강,자체 신용보강,LG디스플레이
74050,에이치아이베타제일차,KRZF0012ACG3,에이치아이베타제일차 20260309-108-12,N,20260309,20260625,매출채권,KRW,,5000000000,5000000000,64,,A2,A2,,LG디스플레이,자체 신용보강,자체 신용보강,LG디스플레이
74050,에이치아이베타제일차,KRZF0012ADG3,에이치아이베타제일차 20260309-108-13,N,20260309,20260625,매출채권,KRW,,5000000000,5000000000,64,,A2,A2,,LG디스플레이,자체 신용보강,자체 신용보강,LG디스플레이
74050,에이치아이베타제일차,KRZF0012AEG3,에이치아이베타제일차 20260309-108-14,N,20260309,20260625,매출채권,KRW,,5000000000,5000000000,64,,A2,A2,,LG디스플레이,자체 신용보강,자체 신용보강,LG디스플레이
74050,에이치아이베타제일차,KRZF0012AFG3,에이치아이베타제일차 20260309-108-15,N,20260309,20260625,매출채권,KRW,,5000000000,5000000000,64,,A2,A2,,LG디스플레이,자체 신용보강,자체 신용보강,LG디스플레이
74050,에이치아이베타제일차,KRZF0012AGG3,에이치아이베타제일차 20260309-108-16,N,20260309,20260625,매출채권,KRW,,5000000000,5000000000,64,,A2,A2,,LG디스플레이,자체 신용보강,자체 신용보강,LG디스플레이
74050,에이치아이베타제일차,KRZF0012AHG3,에이치아이베타제일차 20260309-108-17,N,20260309,20260625,매출채권,KRW,,5000000000,5000000000,64,,A2,A2,,LG디스플레이,자체 신용보강,자체 신용보강,LG디스플레이
74050,에이치아이베타제일차,KRZF0012AJG3,에이치아이베타제일차 20260309-108-18,N,20260309,20260625,매출채권,KRW,,5000000000,5000000000,64,,A2,A2,,LG디스플레이,자체 신용보강,자체 신용보강,LG디스플레이
74050,에이치아이베타제일차,KRZF0012AKG3,에이치아이베타제일차 20260309-108-19,N,20260309,20260625,매출채권,KRW,,5000000000,5000000000,64,,A2,A2,,LG디스플레이,자체 신용보강,자체 신용보강,LG디스플레이
74050,에이치아이베타제일차,KRZF0012A2G3,에이치아이베타제일차 20260309-108-2,N,20260309,20260625,매출채권,KRW,,5000000000,5000000000,64,,A2,A2,,LG디스플레이,자체 신용보강,자체 신용보강,LG디스플레이
74050,에이치아이베타제일차,KRZF0012ALG3,에이치아이베타제일차 20260309-108-20,N,20260309,20260625,매출채권,KRW,,5000000000,5000000000,64,,A2,A2,,LG디스플레이,자체 신용보강,자체 신용보강,LG디스플레이
74050,에이치아이베타제일차,KRZF0012AMG3,에이치아이베타제일차 20260309-108-21,N,20260309,20260625,매출채권,KRW,,5000000000,5000000000,64,,A2,A2,,LG디스플레이,자체 신용보강,자체 신용보강,LG디스플레이
74050,에이치아이베타제일차,KRZF0012ANG3,에이치아이베타제일차 20260309-108-22,N,20260309,20260625,매출채권,KRW,,5000000000,5000000000,64,,A2,A2,,LG디스플레이,자체 신용보강,자체 신용보강,LG디스플레이
74050,에이치아이베타제일차,KRZF0012APG3,에이치아이베타제일차 20260309-108-23,N,20260309,20260625,매출채권,KRW,,5000000000,5000000000,64,,A2,A2,,LG디스플레이,자체 신용보강,자체 신용보강,LG디스플레이
74050,에이치아이베타제일차,KRZF0012AQG3,에이치아이베타제일차 20260309-108-24,N,20260309,20260625,매출채권,KRW,,1000000000,1000000000,64,,A2,A2,,LG디스플레이,자체 신용보강,자체 신용보강,LG디스플레이
74050,에이치아이베타제일차,KRZF0012ARG3,에이치아이베타제일차 20260309-108-25,N,20260309,20260625,매출채권,KRW,,5000000000,5000000000,64,,A2,A2,,LG디스플레이,자체 신용보강,자체 신용보강,LG디스플레이
74050,에이치아이베타제일차,KRZF0012ASG3,에이치아이베타제일차 20260309-108-26,N,20260309,20260625,매출채권,KRW,,5000000000,5000000000,64,,A2,A2,,LG디스플레이,자체 신용보강,자체 신용보강,LG디스플레이
74050,에이치아이베타제일차,KRZF0012ATG3,에이치아이베타제일차 20260309-108-27,N,20260309,20260625,매출채권,KRW,,5000000000,5000000000,64,,A2,A2,,LG디스플레이,자체 신용보강,자체 신용보강,LG디스플레이
74050,에이치아이베타제일차,KRZF0012AVG3,에이치아이베타제일차 20260309-108-28,N,20260309,20260625,매출채권,KRW,,5000000000,5000000000,64,,A2,A2,,LG디스플레이,자체 신용보강,자체 신용보강,LG디스플레이
74050,에이치아이베타제일차,KRZF0012AWG3,에이치아이베타제일차 20260309-108-29,N,20260309,20260625,매출채권,KRW,,5000000000,5000000000,64,,A2,A2,,LG디스플레이,자체 신용보강,자체 신용보강,LG디스플레이
74050,에이치아이베타제일차,KRZF0012A3G3,에이치아이베타제일차 20260309-108-3,N,20260309,20260625,매출채권,KRW,,5000000000,5000000000,64,,A2,A2,,LG디스플레이,자체 신용보강,자체 신용보강,LG디스플레이
74050,에이치아이베타제일차,KRZF0012AXG3,에이치아이베타제일차 20260309-108-30,N,20260309,20260625,매출채권,KRW,,5000000000,5000000000,64,,A2,A2,,LG디스플레이,자체 신용보강,자체 신용보강,LG디스플레이
74050,에이치아이베타제일차,KRZF0012AYG3,에이치아이베타제일차 20260309-108-31,N,20260309,20260625,매출채권,KRW,,5000000000,5000000000,64,,A2,A2,,LG디스플레이,자체 신용보강,자체 신용보강,LG디스플레이
74050,에이치아이베타제일차,KRZF0012AZG3,에이치아이베타제일차 20260309-108-32,N,20260309,20260625,매출채권,KRW,,4000000000,4000000000,64,,A2,A2,,LG디스플레이,자체 신용보강,자체 신용보강,LG디스플레이
74050,에이치아이베타제일차,KRZF0012A0GF,에이치아이베타제일차 20260309-108-33,N,20260309,20260625,매출채권,KRW,,3000000000,3000000000,64,,A2,A2,,LG디스플레이,자체 신용보강,자체 신용보강,LG디스플레이
74050,에이치아이베타제일차,KRZF0012A1GF,에이치아이베타제일차 20260309-108-34,N,20260309,20260625,매출채권,KRW,,3000000000,3000000000,64,,A2,A2,,LG디스플레이,자체 신용보강,자체 신용보강,LG디스플레이
74050,에이치아이베타제일차,KRZF0012A2GF,에이치아이베타제일차 20260309-108-35,N,20260309,20260625,매출채권,KRW,,3000000000,3000000000,64,,A2,A2,,LG디스플레이,자체 신용보강,자체 신용보강,LG디스플레이
74050,에이치아이베타제일차,KRZF0012A3GF,에이치아이베타제일차 20260309-108-36,N,20260309,20260625,매출채권,KRW,,3000000000,3000000000,64,,A2,A2,,LG디스플레이,자체 신용보강,자체 신용보강,LG디스플레이
74050,에이치아이베타제일차,KRZF0012A4GF,에이치아이베타제일차 20260309-108-37,N,20260309,20260625,매출채권,KRW,,1000000000,1000000000,64,,A2,A2,,LG디스플레이,자체 신용보강,자체 신용보강,LG디스플레이
74050,에이치아이베타제일차,KRZF0012A5GF,에이치아이베타제일차 20260309-108-38,N,20260309,20260625,매출채권,KRW,,2000000000,2000000000,64,,A2,A2,,LG디스플레이,자체 신용보강,자체 신용보강,LG디스플레이
74050,에이치아이베타제일차,KRZF0012A6GF,에이치아이베타제일차 20260309-108-39,N,20260309,20260625,매출채권,KRW,,1000000000,1000000000,64,,A2,A2,,LG디스플레이,자체 신용보강,자체 신용보강,LG디스플레이
74050,에이치아이베타제일차,KRZF0012A4G3,에이치아이베타제일차 20260309-108-4,N,20260309,20260625,매출채권,KRW,,5000000000,5000000000,64,,A2,A2,,LG디스플레이,자체 신용보강,자체 신용보강,LG디스플레이
74050,에이치아이베타제일차,KRZF0012A7GF,에이치아이베타제일차 20260309-108-40,N,20260309,20260625,매출채권,KRW,,2000000000,2000000000,64,,A2,A2,,LG디스플레이,자체 신용보강,자체 신용보강,LG디스플레이
74050,에이치아이베타제일차,KRZF0012A8GF,에이치아이베타제일차 20260309-108-41,N,20260309,20260625,매출채권,KRW,,2000000000,2000000000,64,,A2,A2,,LG디스플레이,자체 신용보강,자체 신용보강,LG디스플레이
74050,에이치아이베타제일차,KRZF0012A9GF,에이치아이베타제일차 20260309-108-42,N,20260309,20260625,매출채권,KRW,,2000000000,2000000000,64,,A2,A2,,LG디스플레이,자체 신용보강,자체 신용보강,LG디스플레이
74050,에이치아이베타제일차,KRZF0012AAGF,에이치아이베타제일차 20260309-108-43,N,20260309,20260625,매출채권,KRW,,400000000,400000000,64,,A2,A2,,LG디스플레이,자체 신용보강,자체 신용보강,LG디스플레이
74050,에이치아이베타제일차,KRZF0012ABGF,에이치아이베타제일차 20260309-108-44,N,20260309,20260625,매출채권,KRW,,1000000000,1000000000,64,,A2,A2,,LG디스플레이,자체 신용보강,자체 신용보강,LG디스플레이
74050,에이치아이베타제일차,KRZF0012A5G3,에이치아이베타제일차 20260309-108-5,N,20260309,20260625,매출채권,KRW,,5000000000,5000000000,64,,A2,A2,,LG디스플레이,자체 신용보강,자체 신용보강,LG디스플레이
74050,에이치아이베타제일차,KRZF0012A6G3,에이치아이베타제일차 20260309-108-6,N,20260309,20260625,매출채권,KRW,,5000000000,5000000000,64,,A2,A2,,LG디스플레이,자체 신용보강,자체 신용보강,LG디스플레이
74050,에이치아이베타제일차,KRZF0012A7G3,에이치아이베타제일차 20260309-108-7,N,20260309,20260625,매출채권,KRW,,5000000000,5000000000,64,,A2,A2,,LG디스플레이,자체 신용보강,자체 신용보강,LG디스플레이
74050,에이치아이베타제일차,KRZF0012A8G3,에이치아이베타제일차 20260309-108-8,N,20260309,20260625,매출채권,KRW,,5000000000,5000000000,64,,A2,A2,,LG디스플레이,자체 신용보강,자체 신용보강,LG디스플레이
74050,에이치아이베타제일차,KRZF0012A9G3,에이치아이베타제일차 20260309-108-9,N,20260309,20260625,매출채권,KRW,,5000000000,5000000000,64,,A2,A2,,LG디스플레이,자체 신용보강,자체 신용보강,LG디스플레이
74054,워터베스트제일차,KRZFA55991G3,워터베스트제일차 20260309-297-1,Y,20260309,20261231,PF대출채권,KRW,,100000000,100000000,253,A1,,A1,,스타레이크(주),외부 신용보강,일반기업,현대건설
71618,케이디비첨단전략이에스지제십일차,KRZF0104D1G3,케이디비첨단전략이에스지제십일차 20260309-91-1,N,20260309,20260608,회사채,KRW,,5000000000,5000000000,47,,A1,,,금강공업,외부 신용보강,금융기관,한국산업은행
71618,케이디비첨단전략이에스지제십일차,KRZF0104D1G3,케이디비첨단전략이에스지제십일차 20260309-91-1,N,20260309,20260608,회사채,KRW,,5000000000,5000000000,47,,A1,,,엔브이에이치코리아,외부 신용보강,금융기관,한국산업은행
71618,케이디비첨단전략이에스지제십일차,KRZF0104D1G3,케이디비첨단전략이에스지제십일차 20260309-91-1,N,20260309,20260608,회사채,KRW,,5000000000,5000000000,47,,A1,,,에이제이네트웍스,외부 신용보강,금융기관,한국산업은행
71618,케이디비첨단전략이에스지제십일차,KRZF0104D1G3,케이디비첨단전략이에스지제십일차 20260309-91-1,N,20260309,20260608,회사채,KRW,,5000000000,5000000000,47,,A1,,,하이호금속,외부 신용보강,금융기관,한국산업은행
71618,케이디비첨단전략이에스지제십일차,KRZF0104D1G3,케이디비첨단전략이에스지제십일차 20260309-91-1,N,20260309,20260608,회사채,KRW,,5000000000,5000000000,47,,A1,,,동희산업,외부 신용보강,금융기관,한국산업은행
71618,케이디비첨단전략이에스지제십일차,KRZF0104D1G3,케이디비첨단전략이에스지제십일차 20260309-91-1,N,20260309,20260608,회사채,KRW,,5000000000,5000000000,47,,A1,,,광메탈,외부 신용보강,금융기관,한국산업은행
71618,케이디비첨단전략이에스지제십일차,KRZF0104D1G3,케이디비첨단전략이에스지제십일차 20260309-91-1,N,20260309,20260608,회사채,KRW,,5000000000,5000000000,47,,A1,,,인텔리안테크놀로지스,외부 신용보강,금융기관,한국산업은행
71618,케이디비첨단전략이에스지제십일차,KRZF0104D1G3,케이디비첨단전략이에스지제십일차 20260309-91-1,N,20260309,20260608,회사채,KRW,,5000000000,5000000000,47,,A1,,,태우,외부 신용보강,금융기관,한국산업은행
71618,케이디비첨단전략이에스지제십일차,KRZF0104D1G3,케이디비첨단전략이에스지제십일차 20260309-91-1,N,20260309,20260608,회사채,KRW,,5000000000,5000000000,47,,A1,,,이지바이오(분할신설),외부 신용보강,금융기관,한국산업은행
71618,케이디비첨단전략이에스지제십일차,KRZF0104D1G3,케이디비첨단전략이에스지제십일차 20260309-91-1,N,20260309,20260608,회사채,KRW,,5000000000,5000000000,47,,A1,,,탑솔라(주),외부 신용보강,금융기관,한국산업은행
71618,케이디비첨단전략이에스지제십일차,KRZF0104DAG3,케이디비첨단전략이에스지제십일차 20260309-91-10,N,20260309,20260608,회사채,KRW,,5000000000,5000000000,47,,A1,,,금강공업,외부 신용보강,금융기관,한국산업은행
71618,케이디비첨단전략이에스지제십일차,KRZF0104DAG3,케이디비첨단전략이에스지제십일차 20260309-91-10,N,20260309,20260608,회사채,KRW,,5000000000,5000000000,47,,A1,,,엔브이에이치코리아,외부 신용보강,금융기관,한국산업은행
71618,케이디비첨단전략이에스지제십일차,KRZF0104DAG3,케이디비첨단전략이에스지제십일차 20260309-91-10,N,20260309,20260608,회사채,KRW,,5000000000,5000000000,47,,A1,,,에이제이네트웍스,외부 신용보강,금융기관,한국산업은행
71618,케이디비첨단전략이에스지제십일차,KRZF0104DAG3,케이디비첨단전략이에스지제십일차 20260309-91-10,N,20260309,20260608,회사채,KRW,,5000000000,5000000000,47,,A1,,,하이호금속,외부 신용보강,금융기관,한국산업은행
71618,케이디비첨단전략이에스지제십일차,KRZF0104DAG3,케이디비첨단전략이에스지제십일차 20260309-91-10,N,20260309,20260608,회사채,KRW,,5000000000,5000000000,47,,A1,,,동희산업,외부 신용보강,금융기관,한국산업은행
71618,케이디비첨단전략이에스지제십일차,KRZF0104DAG3,케이디비첨단전략이에스지제십일차 20260309-91-10,N,20260309,20260608,회사채,KRW,,5000000000,5000000000,47,,A1,,,광메탈,외부 신용보강,금융기관,한국산업은행
71618,케이디비첨단전략이에스지제십일차,KRZF0104DAG3,케이디비첨단전략이에스지제십일차 20260309-91-10,N,20260309,20260608,회사채,KRW,,5000000000,5000000000,47,,A1,,,인텔리안테크놀로지스,외부 신용보강,금융기관,한국산업은행
71618,케이디비첨단전략이에스지제십일차,KRZF0104DAG3,케이디비첨단전략이에스지제십일차 20260309-91-10,N,20260309,20260608,회사채,KRW,,5000000000,5000000000,47,,A1,,,태우,외부 신용보강,금융기관,한국산업은행
71618,케이디비첨단전략이에스지제십일차,KRZF0104DAG3,케이디비첨단전략이에스지제십일차 20260309-91-10,N,20260309,20260608,회사채,KRW,,5000000000,5000000000,47,,A1,,,이지바이오(분할신설),외부 신용보강,금융기관,한국산업은행
71618,케이디비첨단전략이에스지제십일차,KRZF0104DAG3,케이디비첨단전략이에스지제십일차 20260309-91-10,N,20260309,20260608,회사채,KRW,,5000000000,5000000000,47,,A1,,,탑솔라(주),외부 신용보강,금융기관,한국산업은행
71618,케이디비첨단전략이에스지제십일차,KRZF0104DBG3,케이디비첨단전략이에스지제십일차 20260309-91-11,N,20260309,20260608,회사채,KRW,,5000000000,5000000000,47,,A1,,,금강공업,외부 신용보강,금융기관,한국산업은행
71618,케이디비첨단전략이에스지제십일차,KRZF0104DBG3,케이디비첨단전략이에스지제십일차 20260309-91-11,N,20260309,20260608,회사채,KRW,,5000000000,5000000000,47,,A1,,,엔브이에이치코리아,외부 신용보강,금융기관,한국산업은행
71618,케이디비첨단전략이에스지제십일차,KRZF0104DBG3,케이디비첨단전략이에스지제십일차 20260309-91-11,N,20260309,20260608,회사채,KRW,,5000000000,5000000000,47,,A1,,,에이제이네트웍스,외부 신용보강,금융기관,한국산업은행
71618,케이디비첨단전략이에스지제십일차,KRZF0104DBG3,케이디비첨단전략이에스지제십일차 20260309-91-11,N,20260309,20260608,회사채,KRW,,5000000000,5000000000,47,,A1,,,하이호금속,외부 신용보강,금융기관,한국산업은행
71618,케이디비첨단전략이에스지제십일차,KRZF0104DBG3,케이디비첨단전략이에스지제십일차 20260309-91-11,N,20260309,20260608,회사채,KRW,,5000000000,5000000000,47,,A1,,,동희산업,외부 신용보강,금융기관,한국산업은행
71618,케이디비첨단전략이에스지제십일차,KRZF0104DBG3,케이디비첨단전략이에스지제십일차 20260309-91-11,N,20260309,20260608,회사채,KRW,,5000000000,5000000000,47,,A1,,,광메탈,외부 신용보강,금융기관,한국산업은행
71618,케이디비첨단전략이에스지제십일차,KRZF0104DBG3,케이디비첨단전략이에스지제십일차 20260309-91-11,N,20260309,20260608,회사채,KRW,,5000000000,5000000000,47,,A1,,,인텔리안테크놀로지스,외부 신용보강,금융기관,한국산업은행
71618,케이디비첨단전략이에스지제십일차,KRZF0104DBG3,케이디비첨단전략이에스지제십일차 20260309-91-11,N,20260309,20260608,회사채,KRW,,5000000000,5000000000,47,,A1,,,태우,외부 신용보강,금융기관,한국산업은행
71618,케이디비첨단전략이에스지제십일차,KRZF0104DBG3,케이디비첨단전략이에스지제십일차 20260309-91-11,N,20260309,20260608,회사채,KRW,,5000000000,5000000000,47,,A1,,,이지바이오(분할신설),외부 신용보강,금융기관,한국산업은행
71618,케이디비첨단전략이에스지제십일차,KRZF0104DBG3,케이디비첨단전략이에스지제십일차 20260309-91-11,N,20260309,20260608,회사채,KRW,,5000000000,5000000000,47,,A1,,,탑솔라(주),외부 신용보강,금융기관,한국산업은행
71618,케이디비첨단전략이에스지제십일차,KRZF0104DCG3,케이디비첨단전략이에스지제십일차 20260309-91-12,N,20260309,20260608,회사채,KRW,,5000000000,5000000000,47,,A1,,,금강공업,외부 신용보강,금융기관,한국산업은행
71618,케이디비첨단전략이에스지제십일차,KRZF0104DCG3,케이디비첨단전략이에스지제십일차 20260309-91-12,N,20260309,20260608,회사채,KRW,,5000000000,5000000000,47,,A1,,,엔브이에이치코리아,외부 신용보강,금융기관,한국산업은행
71618,케이디비첨단전략이에스지제십일차,KRZF0104DCG3,케이디비첨단전략이에스지제십일차 20260309-91-12,N,20260309,20260608,회사채,KRW,,5000000000,5000000000,47,,A1,,,에이제이네트웍스,외부 신용보강,금융기관,한국산업은행
71618,케이디비첨단전략이에스지제십일차,KRZF0104DCG3,케이디비첨단전략이에스지제십일차 20260309-91-12,N,20260309,20260608,회사채,KRW,,5000000000,5000000000,47,,A1,,,하이호금속,외부 신용보강,금융기관,한국산업은행
71618,케이디비첨단전략이에스지제십일차,KRZF0104DCG3,케이디비첨단전략이에스지제십일차 20260309-91-12,N,20260309,20260608,회사채,KRW,,5000000000,5000000000,47,,A1,,,동희산업,외부 신용보강,금융기관,한국산업은행
71618,케이디비첨단전략이에스지제십일차,KRZF0104DCG3,케이디비첨단전략이에스지제십일차 20260309-91-12,N,20260309,20260608,회사채,KRW,,5000000000,5000000000,47,,A1,,,광메탈,외부 신용보강,금융기관,한국산업은행
71618,케이디비첨단전략이에스지제십일차,KRZF0104DCG3,케이디비첨단전략이에스지제십일차 20260309-91-12,N,20260309,20260608,회사채,KRW,,5000000000,5000000000,47,,A1,,,인텔리안테크놀로지스,외부 신용보강,금융기관,한국산업은행
71618,케이디비첨단전략이에스지제십일차,KRZF0104DCG3,케이디비첨단전략이에스지제십일차 20260309-91-12,N,20260309,20260608,회사채,KRW,,5000000000,5000000000,47,,A1,,,태우,외부 신용보강,금융기관,한국산업은행
71618,케이디비첨단전략이에스지제십일차,KRZF0104DCG3,케이디비첨단전략이에스지제십일차 20260309-91-12,N,20260309,20260608,회사채,KRW,,5000000000,5000000000,47,,A1,,,이지바이오(분할신설),외부 신용보강,금융기관,한국산업은행
71618,케이디비첨단전략이에스지제십일차,KRZF0104DCG3,케이디비첨단전략이에스지제십일차 20260309-91-12,N,20260309,20260608,회사채,KRW,,5000000000,5000000000,47,,A1,,,탑솔라(주),외부 신용보강,금융기관,한국산업은행
71618,케이디비첨단전략이에스지제십일차,KRZF0104DDG3,케이디비첨단전략이에스지제십일차 20260309-91-13,N,20260309,20260608,회사채,KRW,,5000000000,5000000000,47,,A1,,,금강공업,외부 신용보강,금융기관,한국산업은행
71618,케이디비첨단전략이에스지제십일차,KRZF0104DDG3,케이디비첨단전략이에스지제십일차 20260309-91-13,N,20260309,20260608,회사채,KRW,,5000000000,5000000000,47,,A1,,,엔브이에이치코리아,외부 신용보강,금융기관,한국산업은행
71618,케이디비첨단전략이에스지제십일차,KRZF0104DDG3,케이디비첨단전략이에스지제십일차 20260309-91-13,N,20260309,20260608,회사채,KRW,,5000000000,5000000000,47,,A1,,,에이제이네트웍스,외부 신용보강,금융기관,한국산업은행
71618,케이디비첨단전략이에스지제십일차,KRZF0104DDG3,케이디비첨단전략이에스지제십일차 20260309-91-13,N,20260309,20260608,회사채,KRW,,5000000000,5000000000,47,,A1,,,하이호금속,외부 신용보강,금융기관,한국산업은행
71618,케이디비첨단전략이에스지제십일차,KRZF0104DDG3,케이디비첨단전략이에스지제십일차 20260309-91-13,N,20260309,20260608,회사채,KRW,,5000000000,5000000000,47,,A1,,,동희산업,외부 신용보강,금융기관,한국산업은행
71618,케이디비첨단전략이에스지제십일차,KRZF0104DDG3,케이디비첨단전략이에스지제십일차 20260309-91-13,N,20260309,20260608,회사채,KRW,,5000000000,5000000000,47,,A1,,,광메탈,외부 신용보강,금융기관,한국산업은행
71618,케이디비첨단전략이에스지제십일차,KRZF0104DDG3,케이디비첨단전략이에스지제십일차 20260309-91-13,N,20260309,20260608,회사채,KRW,,5000000000,5000000000,47,,A1,,,인텔리안테크놀로지스,외부 신용보강,금융기관,한국산업은행
71618,케이디비첨단전략이에스지제십일차,KRZF0104DDG3,케이디비첨단전략이에스지제십일차 20260309-91-13,N,20260309,20260608,회사채,KRW,,5000000000,5000000000,47,,A1,,,태우,외부 신용보강,금융기관,한국산업은행
71618,케이디비첨단전략이에스지제십일차,KRZF0104DDG3,케이디비첨단전략이에스지제십일차 20260309-91-13,N,20260309,20260608,회사채,KRW,,5000000000,5000000000,47,,A1,,,이지바이오(분할신설),외부 신용보강,금융기관,한국산업은행
71618,케이디비첨단전략이에스지제십일차,KRZF0104DDG3,케이디비첨단전략이에스지제십일차 20260309-91-13,N,20260309,20260608,회사채,KRW,,5000000000,5000000000,47,,A1,,,탑솔라(주),외부 신용보강,금융기관,한국산업은행
71618,케이디비첨단전략이에스지제십일차,KRZF0104DEG3,케이디비첨단전략이에스지제십일차 20260309-91-14,N,20260309,20260608,회사채,KRW,,5000000000,5000000000,47,,A1,,,금강공업,외부 신용보강,금융기관,한국산업은행
71618,케이디비첨단전략이에스지제십일차,KRZF0104DEG3,케이디비첨단전략이에스지제십일차 20260309-91-14,N,20260309,20260608,회사채,KRW,,5000000000,5000000000,47,,A1,,,엔브이에이치코리아,외부 신용보강,금융기관,한국산업은행
71618,케이디비첨단전략이에스지제십일차,KRZF0104DEG3,케이디비첨단전략이에스지제십일차 20260309-91-14,N,20260309,20260608,회사채,KRW,,5000000000,5000000000,47,,A1,,,에이제이네트웍스,외부 신용보강,금융기관,한국산업은행
71618,케이디비첨단전략이에스지제십일차,KRZF0104DEG3,케이디비첨단전략이에스지제십일차 20260309-91-14,N,20260309,20260608,회사채,KRW,,5000000000,5000000000,47,,A1,,,하이호금속,외부 신용보강,금융기관,한국산업은행
71618,케이디비첨단전략이에스지제십일차,KRZF0104DEG3,케이디비첨단전략이에스지제십일차 20260309-91-14,N,20260309,20260608,회사채,KRW,,5000000000,5000000000,47,,A1,,,동희산업,외부 신용보강,금융기관,한국산업은행
71618,케이디비첨단전략이에스지제십일차,KRZF0104DEG3,케이디비첨단전략이에스지제십일차 20260309-91-14,N,20260309,20260608,회사채,KRW,,5000000000,5000000000,47,,A1,,,광메탈,외부 신용보강,금융기관,한국산업은행
71618,케이디비첨단전략이에스지제십일차,KRZF0104DEG3,케이디비첨단전략이에스지제십일차 20260309-91-14,N,20260309,20260608,회사채,KRW,,5000000000,5000000000,47,,A1,,,인텔리안테크놀로지스,외부 신용보강,금융기관,한국산업은행
71618,케이디비첨단전략이에스지제십일차,KRZF0104DEG3,케이디비첨단전략이에스지제십일차 20260309-91-14,N,20260309,20260608,회사채,KRW,,5000000000,5000000000,47,,A1,,,태우,외부 신용보강,금융기관,한국산업은행
71618,케이디비첨단전략이에스지제십일차,KRZF0104DEG3,케이디비첨단전략이에스지제십일차 20260309-91-14,N,20260309,20260608,회사채,KRW,,5000000000,5000000000,47,,A1,,,이지바이오(분할신설),외부 신용보강,금융기관,한국산업은행
71618,케이디비첨단전략이에스지제십일차,KRZF0104DEG3,케이디비첨단전략이에스지제십일차 20260309-91-14,N,20260309,20260608,회사채,KRW,,5000000000,5000000000,47,,A1,,,탑솔라(주),외부 신용보강,금융기관,한국산업은행
71618,케이디비첨단전략이에스지제십일차,KRZF0104DFG3,케이디비첨단전략이에스지제십일차 20260309-91-15,N,20260309,20260608,회사채,KRW,,5000000000,5000000000,47,,A1,,,금강공업,외부 신용보강,금융기관,한국산업은행
71618,케이디비첨단전략이에스지제십일차,KRZF0104DFG3,케이디비첨단전략이에스지제십일차 20260309-91-15,N,20260309,20260608,회사채,KRW,,5000000000,5000000000,47,,A1,,,엔브이에이치코리아,외부 신용보강,금융기관,한국산업은행
71618,케이디비첨단전략이에스지제십일차,KRZF0104DFG3,케이디비첨단전략이에스지제십일차 20260309-91-15,N,20260309,20260608,회사채,KRW,,5000000000,5000000000,47,,A1,,,에이제이네트웍스,외부 신용보강,금융기관,한국산업은행
71618,케이디비첨단전략이에스지제십일차,KRZF0104DFG3,케이디비첨단전략이에스지제십일차 20260309-91-15,N,20260309,20260608,회사채,KRW,,5000000000,5000000000,47,,A1,,,하이호금속,외부 신용보강,금융기관,한국산업은행
71618,케이디비첨단전략이에스지제십일차,KRZF0104DFG3,케이디비첨단전략이에스지제십일차 20260309-91-15,N,20260309,20260608,회사채,KRW,,5000000000,5000000000,47,,A1,,,동희산업,외부 신용보강,금융기관,한국산업은행
71618,케이디비첨단전략이에스지제십일차,KRZF0104DFG3,케이디비첨단전략이에스지제십일차 20260309-91-15,N,20260309,20260608,회사채,KRW,,5000000000,5000000000,47,,A1,,,광메탈,외부 신용보강,금융기관,한국산업은행
71618,케이디비첨단전략이에스지제십일차,KRZF0104DFG3,케이디비첨단전략이에스지제십일차 20260309-91-15,N,20260309,20260608,회사채,KRW,,5000000000,5000000000,47,,A1,,,인텔리안테크놀로지스,외부 신용보강,금융기관,한국산업은행
71618,케이디비첨단전략이에스지제십일차,KRZF0104DFG3,케이디비첨단전략이에스지제십일차 20260309-91-15,N,20260309,20260608,회사채,KRW,,5000000000,5000000000,47,,A1,,,태우,외부 신용보강,금융기관,한국산업은행
71618,케이디비첨단전략이에스지제십일차,KRZF0104DFG3,케이디비첨단전략이에스지제십일차 20260309-91-15,N,20260309,20260608,회사채,KRW,,5000000000,5000000000,47,,A1,,,이지바이오(분할신설),외부 신용보강,금융기관,한국산업은행
71618,케이디비첨단전략이에스지제십일차,KRZF0104DFG3,케이디비첨단전략이에스지제십일차 20260309-91-15,N,20260309,20260608,회사채,KRW,,5000000000,5000000000,47,,A1,,,탑솔라(주),외부 신용보강,금융기관,한국산업은행
71618,케이디비첨단전략이에스지제십일차,KRZF0104DGG3,케이디비첨단전략이에스지제십일차 20260309-91-16,N,20260309,20260608,회사채,KRW,,5000000000,5000000000,47,,A1,,,금강공업,외부 신용보강,금융기관,한국산업은행
71618,케이디비첨단전략이에스지제십일차,KRZF0104DGG3,케이디비첨단전략이에스지제십일차 20260309-91-16,N,20260309,20260608,회사채,KRW,,5000000000,5000000000,47,,A1,,,엔브이에이치코리아,외부 신용보강,금융기관,한국산업은행
71618,케이디비첨단전략이에스지제십일차,KRZF0104DGG3,케이디비첨단전략이에스지제십일차 20260309-91-16,N,20260309,20260608,회사채,KRW,,5000000000,5000000000,47,,A1,,,에이제이네트웍스,외부 신용보강,금융기관,한국산업은행
71618,케이디비첨단전략이에스지제십일차,KRZF0104DGG3,케이디비첨단전략이에스지제십일차 20260309-91-16,N,20260309,20260608,회사채,KRW,,5000000000,5000000000,47,,A1,,,하이호금속,외부 신용보강,금융기관,한국산업은행
71618,케이디비첨단전략이에스지제십일차,KRZF0104DGG3,케이디비첨단전략이에스지제십일차 20260309-91-16,N,20260309,20260608,회사채,KRW,,5000000000,5000000000,47,,A1,,,동희산업,외부 신용보강,금융기관,한국산업은행
71618,케이디비첨단전략이에스지제십일차,KRZF0104DGG3,케이디비첨단전략이에스지제십일차 20260309-91-16,N,20260309,20260608,회사채,KRW,,5000000000,5000000000,47,,A1,,,광메탈,외부 신용보강,금융기관,한국산업은행
71618,케이디비첨단전략이에스지제십일차,KRZF0104DGG3,케이디비첨단전략이에스지제십일차 20260309-91-16,N,20260309,20260608,회사채,KRW,,5000000000,5000000000,47,,A1,,,인텔리안테크놀로지스,외부 신용보강,금융기관,한국산업은행
71618,케이디비첨단전략이에스지제십일차,KRZF0104DGG3,케이디비첨단전략이에스지제십일차 20260309-91-16,N,20260309,20260608,회사채,KRW,,5000000000,5000000000,47,,A1,,,태우,외부 신용보강,금융기관,한국산업은행
71618,케이디비첨단전략이에스지제십일차,KRZF0104DGG3,케이디비첨단전략이에스지제십일차 20260309-91-16,N,20260309,20260608,회사채,KRW,,5000000000,5000000000,47,,A1,,,이지바이오(분할신설),외부 신용보강,금융기관,한국산업은행
71618,케이디비첨단전략이에스지제십일차,KRZF0104DGG3,케이디비첨단전략이에스지제십일차 20260309-91-16,N,20260309,20260608,회사채,KRW,,5000000000,5000000000,47,,A1,,,탑솔라(주),외부 신용보강,금융기관,한국산업은행
71618,케이디비첨단전략이에스지제십일차,KRZF0104DHG3,케이디비첨단전략이에스지제십일차 20260309-91-17,N,20260309,20260608,회사채,KRW,,5000000000,5000000000,47,,A1,,,금강공업,외부 신용보강,금융기관,한국산업은행
71618,케이디비첨단전략이에스지제십일차,KRZF0104DHG3,케이디비첨단전략이에스지제십일차 20260309-91-17,N,20260309,20260608,회사채,KRW,,5000000000,5000000000,47,,A1,,,엔브이에이치코리아,외부 신용보강,금융기관,한국산업은행
71618,케이디비첨단전략이에스지제십일차,KRZF0104DHG3,케이디비첨단전략이에스지제십일차 20260309-91-17,N,20260309,20260608,회사채,KRW,,5000000000,5000000000,47,,A1,,,에이제이네트웍스,외부 신용보강,금융기관,한국산업은행
71618,케이디비첨단전략이에스지제십일차,KRZF0104DHG3,케이디비첨단전략이에스지제십일차 20260309-91-17,N,20260309,20260608,회사채,KRW,,5000000000,5000000000,47,,A1,,,하이호금속,외부 신용보강,금융기관,한국산업은행
71618,케이디비첨단전략이에스지제십일차,KRZF0104DHG3,케이디비첨단전략이에스지제십일차 20260309-91-17,N,20260309,20260608,회사채,KRW,,5000000000,5000000000,47,,A1,,,동희산업,외부 신용보강,금융기관,한국산업은행
71618,케이디비첨단전략이에스지제십일차,KRZF0104DHG3,케이디비첨단전략이에스지제십일차 20260309-91-17,N,20260309,20260608,회사채,KRW,,5000000000,5000000000,47,,A1,,,광메탈,외부 신용보강,금융기관,한국산업은행
71618,케이디비첨단전략이에스지제십일차,KRZF0104DHG3,케이디비첨단전략이에스지제십일차 20260309-91-17,N,20260309,20260608,회사채,KRW,,5000000000,5000000000,47,,A1,,,인텔리안테크놀로지스,외부 신용보강,금융기관,한국산업은행
71618,케이디비첨단전략이에스지제십일차,KRZF0104DHG3,케이디비첨단전략이에스지제십일차 20260309-91-17,N,20260309,20260608,회사채,KRW,,5000000000,5000000000,47,,A1,,,태우,외부 신용보강,금융기관,한국산업은행
71618,케이디비첨단전략이에스지제십일차,KRZF0104DHG3,케이디비첨단전략이에스지제십일차 20260309-91-17,N,20260309,20260608,회사채,KRW,,5000000000,5000000000,47,,A1,,,이지바이오(분할신설),외부 신용보강,금융기관,한국산업은행
71618,케이디비첨단전략이에스지제십일차,KRZF0104DHG3,케이디비첨단전략이에스지제십일차 20260309-91-17,N,20260309,20260608,회사채,KRW,,5000000000,5000000000,47,,A1,,,탑솔라(주),외부 신용보강,금융기관,한국산업은행
71618,케이디비첨단전략이에스지제십일차,KRZF0104DJG3,케이디비첨단전략이에스지제십일차 20260309-91-18,N,20260309,20260608,회사채,KRW,,5000000000,5000000000,47,,A1,,,금강공업,외부 신용보강,금융기관,한국산업은행
71618,케이디비첨단전략이에스지제십일차,KRZF0104DJG3,케이디비첨단전략이에스지제십일차 20260309-91-18,N,20260309,20260608,회사채,KRW,,5000000000,5000000000,47,,A1,,,엔브이에이치코리아,외부 신용보강,금융기관,한국산업은행
71618,케이디비첨단전략이에스지제십일차,KRZF0104DJG3,케이디비첨단전략이에스지제십일차 20260309-91-18,N,20260309,20260608,회사채,KRW,,5000000000,5000000000,47,,A1,,,에이제이네트웍스,외부 신용보강,금융기관,한국산업은행
71618,케이디비첨단전략이에스지제십일차,KRZF0104DJG3,케이디비첨단전략이에스지제십일차 20260309-91-18,N,20260309,20260608,회사채,KRW,,5000000000,5000000000,47,,A1,,,하이호금속,외부 신용보강,금융기관,한국산업은행
71618,케이디비첨단전략이에스지제십일차,KRZF0104DJG3,케이디비첨단전략이에스지제십일차 20260309-91-18,N,20260309,20260608,회사채,KRW,,5000000000,5000000000,47,,A1,,,동희산업,외부 신용보강,금융기관,한국산업은행
71618,케이디비첨단전략이에스지제십일차,KRZF0104DJG3,케이디비첨단전략이에스지제십일차 20260309-91-18,N,20260309,20260608,회사채,KRW,,5000000000,5000000000,47,,A1,,,광메탈,외부 신용보강,금융기관,한국산업은행
71618,케이디비첨단전략이에스지제십일차,KRZF0104DJG3,케이디비첨단전략이에스지제십일차 20260309-91-18,N,20260309,20260608,회사채,KRW,,5000000000,5000000000,47,,A1,,,인텔리안테크놀로지스,외부 신용보강,금융기관,한국산업은행
71618,케이디비첨단전략이에스지제십일차,KRZF0104DJG3,케이디비첨단전략이에스지제십일차 20260309-91-18,N,20260309,20260608,회사채,KRW,,5000000000,5000000000,47,,A1,,,태우,외부 신용보강,금융기관,한국산업은행
71618,케이디비첨단전략이에스지제십일차,KRZF0104DJG3,케이디비첨단전략이에스지제십일차 20260309-91-18,N,20260309,20260608,회사채,KRW,,5000000000,5000000000,47,,A1,,,이지바이오(분할신설),외부 신용보강,금융기관,한국산업은행
71618,케이디비첨단전략이에스지제십일차,KRZF0104DJG3,케이디비첨단전략이에스지제십일차 20260309-91-18,N,20260309,20260608,회사채,KRW,,5000000000,5000000000,47,,A1,,,탑솔라(주),외부 신용보강,금융기관,한국산업은행
71618,케이디비첨단전략이에스지제십일차,KRZF0104DKG3,케이디비첨단전략이에스지제십일차 20260309-91-19,N,20260309,20260608,회사채,KRW,,5000000000,5000000000,47,,A1,,,금강공업,외부 신용보강,금융기관,한국산업은행
71618,케이디비첨단전략이에스지제십일차,KRZF0104DKG3,케이디비첨단전략이에스지제십일차 20260309-91-19,N,20260309,20260608,회사채,KRW,,5000000000,5000000000,47,,A1,,,엔브이에이치코리아,외부 신용보강,금융기관,한국산업은행
71618,케이디비첨단전략이에스지제십일차,KRZF0104DKG3,케이디비첨단전략이에스지제십일차 20260309-91-19,N,20260309,20260608,회사채,KRW,,5000000000,5000000000,47,,A1,,,에이제이네트웍스,외부 신용보강,금융기관,한국산업은행
71618,케이디비첨단전략이에스지제십일차,KRZF0104DKG3,케이디비첨단전략이에스지제십일차 20260309-91-19,N,20260309,20260608,회사채,KRW,,5000000000,5000000000,47,,A1,,,하이호금속,외부 신용보강,금융기관,한국산업은행
71618,케이디비첨단전략이에스지제십일차,KRZF0104DKG3,케이디비첨단전략이에스지제십일차 20260309-91-19,N,20260309,20260608,회사채,KRW,,5000000000,5000000000,47,,A1,,,동희산업,외부 신용보강,금융기관,한국산업은행
71618,케이디비첨단전략이에스지제십일차,KRZF0104DKG3,케이디비첨단전략이에스지제십일차 20260309-91-19,N,20260309,20260608,회사채,KRW,,5000000000,5000000000,47,,A1,,,광메탈,외부 신용보강,금융기관,한국산업은행
71618,케이디비첨단전략이에스지제십일차,KRZF0104DKG3,케이디비첨단전략이에스지제십일차 20260309-91-19,N,20260309,20260608,회사채,KRW,,5000000000,5000000000,47,,A1,,,인텔리안테크놀로지스,외부 신용보강,금융기관,한국산업은행
71618,케이디비첨단전략이에스지제십일차,KRZF0104DKG3,케이디비첨단전략이에스지제십일차 20260309-91-19,N,20260309,20260608,회사채,KRW,,5000000000,5000000000,47,,A1,,,태우,외부 신용보강,금융기관,한국산업은행
71618,케이디비첨단전략이에스지제십일차,KRZF0104DKG3,케이디비첨단전략이에스지제십일차 20260309-91-19,N,20260309,20260608,회사채,KRW,,5000000000,5000000000,47,,A1,,,이지바이오(분할신설),외부 신용보강,금융기관,한국산업은행
71618,케이디비첨단전략이에스지제십일차,KRZF0104DKG3,케이디비첨단전략이에스지제십일차 20260309-91-19,N,20260309,20260608,회사채,KRW,,5000000000,5000000000,47,,A1,,,탑솔라(주),외부 신용보강,금융기관,한국산업은행
71618,케이디비첨단전략이에스지제십일차,KRZF0104D2G3,케이디비첨단전략이에스지제십일차 20260309-91-2,N,20260309,20260608,회사채,KRW,,5000000000,5000000000,47,,A1,,,금강공업,외부 신용보강,금융기관,한국산업은행
71618,케이디비첨단전략이에스지제십일차,KRZF0104D2G3,케이디비첨단전략이에스지제십일차 20260309-91-2,N,20260309,20260608,회사채,KRW,,5000000000,5000000000,47,,A1,,,엔브이에이치코리아,외부 신용보강,금융기관,한국산업은행
71618,케이디비첨단전략이에스지제십일차,KRZF0104D2G3,케이디비첨단전략이에스지제십일차 20260309-91-2,N,20260309,20260608,회사채,KRW,,5000000000,5000000000,47,,A1,,,에이제이네트웍스,외부 신용보강,금융기관,한국산업은행
71618,케이디비첨단전략이에스지제십일차,KRZF0104D2G3,케이디비첨단전략이에스지제십일차 20260309-91-2,N,20260309,20260608,회사채,KRW,,5000000000,5000000000,47,,A1,,,하이호금속,외부 신용보강,금융기관,한국산업은행
71618,케이디비첨단전략이에스지제십일차,KRZF0104D2G3,케이디비첨단전략이에스지제십일차 20260309-91-2,N,20260309,20260608,회사채,KRW,,5000000000,5000000000,47,,A1,,,동희산업,외부 신용보강,금융기관,한국산업은행
71618,케이디비첨단전략이에스지제십일차,KRZF0104D2G3,케이디비첨단전략이에스지제십일차 20260309-91-2,N,20260309,20260608,회사채,KRW,,5000000000,5000000000,47,,A1,,,광메탈,외부 신용보강,금융기관,한국산업은행
71618,케이디비첨단전략이에스지제십일차,KRZF0104D2G3,케이디비첨단전략이에스지제십일차 20260309-91-2,N,20260309,20260608,회사채,KRW,,5000000000,5000000000,47,,A1,,,인텔리안테크놀로지스,외부 신용보강,금융기관,한국산업은행
71618,케이디비첨단전략이에스지제십일차,KRZF0104D2G3,케이디비첨단전략이에스지제십일차 20260309-91-2,N,20260309,20260608,회사채,KRW,,5000000000,5000000000,47,,A1,,,태우,외부 신용보강,금융기관,한국산업은행
71618,케이디비첨단전략이에스지제십일차,KRZF0104D2G3,케이디비첨단전략이에스지제십일차 20260309-91-2,N,20260309,20260608,회사채,KRW,,5000000000,5000000000,47,,A1,,,이지바이오(분할신설),외부 신용보강,금융기관,한국산업은행
71618,케이디비첨단전략이에스지제십일차,KRZF0104D2G3,케이디비첨단전략이에스지제십일차 20260309-91-2,N,20260309,20260608,회사채,KRW,,5000000000,5000000000,47,,A1,,,탑솔라(주),외부 신용보강,금융기관,한국산업은행
71618,케이디비첨단전략이에스지제십일차,KRZF0104DLG3,케이디비첨단전략이에스지제십일차 20260309-91-20,N,20260309,20260608,회사채,KRW,,5000000000,5000000000,47,,A1,,,금강공업,외부 신용보강,금융기관,한국산업은행
71618,케이디비첨단전략이에스지제십일차,KRZF0104DLG3,케이디비첨단전략이에스지제십일차 20260309-91-20,N,20260309,20260608,회사채,KRW,,5000000000,5000000000,47,,A1,,,엔브이에이치코리아,외부 신용보강,금융기관,한국산업은행
71618,케이디비첨단전략이에스지제십일차,KRZF0104DLG3,케이디비첨단전략이에스지제십일차 20260309-91-20,N,20260309,20260608,회사채,KRW,,5000000000,5000000000,47,,A1,,,에이제이네트웍스,외부 신용보강,금융기관,한국산업은행
71618,케이디비첨단전략이에스지제십일차,KRZF0104DLG3,케이디비첨단전략이에스지제십일차 20260309-91-20,N,20260309,20260608,회사채,KRW,,5000000000,5000000000,47,,A1,,,하이호금속,외부 신용보강,금융기관,한국산업은행
71618,케이디비첨단전략이에스지제십일차,KRZF0104DLG3,케이디비첨단전략이에스지제십일차 20260309-91-20,N,20260309,20260608,회사채,KRW,,5000000000,5000000000,47,,A1,,,동희산업,외부 신용보강,금융기관,한국산업은행
71618,케이디비첨단전략이에스지제십일차,KRZF0104DLG3,케이디비첨단전략이에스지제십일차 20260309-91-20,N,20260309,20260608,회사채,KRW,,5000000000,5000000000,47,,A1,,,광메탈,외부 신용보강,금융기관,한국산업은행
71618,케이디비첨단전략이에스지제십일차,KRZF0104DLG3,케이디비첨단전략이에스지제십일차 20260309-91-20,N,20260309,20260608,회사채,KRW,,5000000000,5000000000,47,,A1,,,인텔리안테크놀로지스,외부 신용보강,금융기관,한국산업은행
71618,케이디비첨단전략이에스지제십일차,KRZF0104DLG3,케이디비첨단전략이에스지제십일차 20260309-91-20,N,20260309,20260608,회사채,KRW,,5000000000,5000000000,47,,A1,,,태우,외부 신용보강,금융기관,한국산업은행
71618,케이디비첨단전략이에스지제십일차,KRZF0104DLG3,케이디비첨단전략이에스지제십일차 20260309-91-20,N,20260309,20260608,회사채,KRW,,5000000000,5000000000,47,,A1,,,이지바이오(분할신설),외부 신용보강,금융기관,한국산업은행
71618,케이디비첨단전략이에스지제십일차,KRZF0104DLG3,케이디비첨단전략이에스지제십일차 20260309-91-20,N,20260309,20260608,회사채,KRW,,5000000000,5000000000,47,,A1,,,탑솔라(주),외부 신용보강,금융기관,한국산업은행
71618,케이디비첨단전략이에스지제십일차,KRZF0104DMG3,케이디비첨단전략이에스지제십일차 20260309-91-21,N,20260309,20260608,회사채,KRW,,5000000000,5000000000,47,,A1,,,금강공업,외부 신용보강,금융기관,한국산업은행
71618,케이디비첨단전략이에스지제십일차,KRZF0104DMG3,케이디비첨단전략이에스지제십일차 20260309-91-21,N,20260309,20260608,회사채,KRW,,5000000000,5000000000,47,,A1,,,엔브이에이치코리아,외부 신용보강,금융기관,한국산업은행
71618,케이디비첨단전략이에스지제십일차,KRZF0104DMG3,케이디비첨단전략이에스지제십일차 20260309-91-21,N,20260309,20260608,회사채,KRW,,5000000000,5000000000,47,,A1,,,에이제이네트웍스,외부 신용보강,금융기관,한국산업은행
71618,케이디비첨단전략이에스지제십일차,KRZF0104DMG3,케이디비첨단전략이에스지제십일차 20260309-91-21,N,20260309,20260608,회사채,KRW,,5000000000,5000000000,47,,A1,,,하이호금속,외부 신용보강,금융기관,한국산업은행
71618,케이디비첨단전략이에스지제십일차,KRZF0104DMG3,케이디비첨단전략이에스지제십일차 20260309-91-21,N,20260309,20260608,회사채,KRW,,5000000000,5000000000,47,,A1,,,동희산업,외부 신용보강,금융기관,한국산업은행
71618,케이디비첨단전략이에스지제십일차,KRZF0104DMG3,케이디비첨단전략이에스지제십일차 20260309-91-21,N,20260309,20260608,회사채,KRW,,5000000000,5000000000,47,,A1,,,광메탈,외부 신용보강,금융기관,한국산업은행
71618,케이디비첨단전략이에스지제십일차,KRZF0104DMG3,케이디비첨단전략이에스지제십일차 20260309-91-21,N,20260309,20260608,회사채,KRW,,5000000000,5000000000,47,,A1,,,인텔리안테크놀로지스,외부 신용보강,금융기관,한국산업은행
71618,케이디비첨단전략이에스지제십일차,KRZF0104DMG3,케이디비첨단전략이에스지제십일차 20260309-91-21,N,20260309,20260608,회사채,KRW,,5000000000,5000000000,47,,A1,,,태우,외부 신용보강,금융기관,한국산업은행
71618,케이디비첨단전략이에스지제십일차,KRZF0104DMG3,케이디비첨단전략이에스지제십일차 20260309-91-21,N,20260309,20260608,회사채,KRW,,5000000000,5000000000,47,,A1,,,이지바이오(분할신설),외부 신용보강,금융기관,한국산업은행
71618,케이디비첨단전략이에스지제십일차,KRZF0104DMG3,케이디비첨단전략이에스지제십일차 20260309-91-21,N,20260309,20260608,회사채,KRW,,5000000000,5000000000,47,,A1,,,탑솔라(주),외부 신용보강,금융기관,한국산업은행
71618,케이디비첨단전략이에스지제십일차,KRZF0104DNG3,케이디비첨단전략이에스지제십일차 20260309-91-22,N,20260309,20260608,회사채,KRW,,5000000000,5000000000,47,,A1,,,금강공업,외부 신용보강,금융기관,한국산업은행
71618,케이디비첨단전략이에스지제십일차,KRZF0104DNG3,케이디비첨단전략이에스지제십일차 20260309-91-22,N,20260309,20260608,회사채,KRW,,5000000000,5000000000,47,,A1,,,엔브이에이치코리아,외부 신용보강,금융기관,한국산업은행
71618,케이디비첨단전략이에스지제십일차,KRZF0104DNG3,케이디비첨단전략이에스지제십일차 20260309-91-22,N,20260309,20260608,회사채,KRW,,5000000000,5000000000,47,,A1,,,에이제이네트웍스,외부 신용보강,금융기관,한국산업은행
71618,케이디비첨단전략이에스지제십일차,KRZF0104DNG3,케이디비첨단전략이에스지제십일차 20260309-91-22,N,20260309,20260608,회사채,KRW,,5000000000,5000000000,47,,A1,,,하이호금속,외부 신용보강,금융기관,한국산업은행
71618,케이디비첨단전략이에스지제십일차,KRZF0104DNG3,케이디비첨단전략이에스지제십일차 20260309-91-22,N,20260309,20260608,회사채,KRW,,5000000000,5000000000,47,,A1,,,동희산업,외부 신용보강,금융기관,한국산업은행
71618,케이디비첨단전략이에스지제십일차,KRZF0104DNG3,케이디비첨단전략이에스지제십일차 20260309-91-22,N,20260309,20260608,회사채,KRW,,5000000000,5000000000,47,,A1,,,광메탈,외부 신용보강,금융기관,한국산업은행
71618,케이디비첨단전략이에스지제십일차,KRZF0104DNG3,케이디비첨단전략이에스지제십일차 20260309-91-22,N,20260309,20260608,회사채,KRW,,5000000000,5000000000,47,,A1,,,인텔리안테크놀로지스,외부 신용보강,금융기관,한국산업은행
71618,케이디비첨단전략이에스지제십일차,KRZF0104DNG3,케이디비첨단전략이에스지제십일차 20260309-91-22,N,20260309,20260608,회사채,KRW,,5000000000,5000000000,47,,A1,,,태우,외부 신용보강,금융기관,한국산업은행
71618,케이디비첨단전략이에스지제십일차,KRZF0104DNG3,케이디비첨단전략이에스지제십일차 20260309-91-22,N,20260309,20260608,회사채,KRW,,5000000000,5000000000,47,,A1,,,이지바이오(분할신설),외부 신용보강,금융기관,한국산업은행
71618,케이디비첨단전략이에스지제십일차,KRZF0104DNG3,케이디비첨단전략이에스지제십일차 20260309-91-22,N,20260309,20260608,회사채,KRW,,5000000000,5000000000,47,,A1,,,탑솔라(주),외부 신용보강,금융기관,한국산업은행
71618,케이디비첨단전략이에스지제십일차,KRZF0104DPG3,케이디비첨단전략이에스지제십일차 20260309-91-23,N,20260309,20260608,회사채,KRW,,5000000000,5000000000,47,,A1,,,금강공업,외부 신용보강,금융기관,한국산업은행
71618,케이디비첨단전략이에스지제십일차,KRZF0104DPG3,케이디비첨단전략이에스지제십일차 20260309-91-23,N,20260309,20260608,회사채,KRW,,5000000000,5000000000,47,,A1,,,엔브이에이치코리아,외부 신용보강,금융기관,한국산업은행
71618,케이디비첨단전략이에스지제십일차,KRZF0104DPG3,케이디비첨단전략이에스지제십일차 20260309-91-23,N,20260309,20260608,회사채,KRW,,5000000000,5000000000,47,,A1,,,에이제이네트웍스,외부 신용보강,금융기관,한국산업은행
71618,케이디비첨단전략이에스지제십일차,KRZF0104DPG3,케이디비첨단전략이에스지제십일차 20260309-91-23,N,20260309,20260608,회사채,KRW,,5000000000,5000000000,47,,A1,,,하이호금속,외부 신용보강,금융기관,한국산업은행
71618,케이디비첨단전략이에스지제십일차,KRZF0104DPG3,케이디비첨단전략이에스지제십일차 20260309-91-23,N,20260309,20260608,회사채,KRW,,5000000000,5000000000,47,,A1,,,동희산업,외부 신용보강,금융기관,한국산업은행
71618,케이디비첨단전략이에스지제십일차,KRZF0104DPG3,케이디비첨단전략이에스지제십일차 20260309-91-23,N,20260309,20260608,회사채,KRW,,5000000000,5000000000,47,,A1,,,광메탈,외부 신용보강,금융기관,한국산업은행
71618,케이디비첨단전략이에스지제십일차,KRZF0104DPG3,케이디비첨단전략이에스지제십일차 20260309-91-23,N,20260309,20260608,회사채,KRW,,5000000000,5000000000,47,,A1,,,인텔리안테크놀로지스,외부 신용보강,금융기관,한국산업은행
71618,케이디비첨단전략이에스지제십일차,KRZF0104DPG3,케이디비첨단전략이에스지제십일차 20260309-91-23,N,20260309,20260608,회사채,KRW,,5000000000,5000000000,47,,A1,,,태우,외부 신용보강,금융기관,한국산업은행
71618,케이디비첨단전략이에스지제십일차,KRZF0104DPG3,케이디비첨단전략이에스지제십일차 20260309-91-23,N,20260309,20260608,회사채,KRW,,5000000000,5000000000,47,,A1,,,이지바이오(분할신설),외부 신용보강,금융기관,한국산업은행
71618,케이디비첨단전략이에스지제십일차,KRZF0104DPG3,케이디비첨단전략이에스지제십일차 20260309-91-23,N,20260309,20260608,회사채,KRW,,5000000000,5000000000,47,,A1,,,탑솔라(주),외부 신용보강,금융기관,한국산업은행
71618,케이디비첨단전략이에스지제십일차,KRZF0104DQG3,케이디비첨단전략이에스지제십일차 20260309-91-24,N,20260309,20260608,회사채,KRW,,5000000000,5000000000,47,,A1,,,금강공업,외부 신용보강,금융기관,한국산업은행
71618,케이디비첨단전략이에스지제십일차,KRZF0104DQG3,케이디비첨단전략이에스지제십일차 20260309-91-24,N,20260309,20260608,회사채,KRW,,5000000000,5000000000,47,,A1,,,엔브이에이치코리아,외부 신용보강,금융기관,한국산업은행
71618,케이디비첨단전략이에스지제십일차,KRZF0104DQG3,케이디비첨단전략이에스지제십일차 20260309-91-24,N,20260309,20260608,회사채,KRW,,5000000000,5000000000,47,,A1,,,에이제이네트웍스,외부 신용보강,금융기관,한국산업은행
71618,케이디비첨단전략이에스지제십일차,KRZF0104DQG3,케이디비첨단전략이에스지제십일차 20260309-91-24,N,20260309,20260608,회사채,KRW,,5000000000,5000000000,47,,A1,,,하이호금속,외부 신용보강,금융기관,한국산업은행
71618,케이디비첨단전략이에스지제십일차,KRZF0104DQG3,케이디비첨단전략이에스지제십일차 20260309-91-24,N,20260309,20260608,회사채,KRW,,5000000000,5000000000,47,,A1,,,동희산업,외부 신용보강,금융기관,한국산업은행
71618,케이디비첨단전략이에스지제십일차,KRZF0104DQG3,케이디비첨단전략이에스지제십일차 20260309-91-24,N,20260309,20260608,회사채,KRW,,5000000000,5000000000,47,,A1,,,광메탈,외부 신용보강,금융기관,한국산업은행
71618,케이디비첨단전략이에스지제십일차,KRZF0104DQG3,케이디비첨단전략이에스지제십일차 20260309-91-24,N,20260309,20260608,회사채,KRW,,5000000000,5000000000,47,,A1,,,인텔리안테크놀로지스,외부 신용보강,금융기관,한국산업은행
71618,케이디비첨단전략이에스지제십일차,KRZF0104DQG3,케이디비첨단전략이에스지제십일차 20260309-91-24,N,20260309,20260608,회사채,KRW,,5000000000,5000000000,47,,A1,,,태우,외부 신용보강,금융기관,한국산업은행
71618,케이디비첨단전략이에스지제십일차,KRZF0104DQG3,케이디비첨단전략이에스지제십일차 20260309-91-24,N,20260309,20260608,회사채,KRW,,5000000000,5000000000,47,,A1,,,이지바이오(분할신설),외부 신용보강,금융기관,한국산업은행
71618,케이디비첨단전략이에스지제십일차,KRZF0104DQG3,케이디비첨단전략이에스지제십일차 20260309-91-24,N,20260309,20260608,회사채,KRW,,5000000000,5000000000,47,,A1,,,탑솔라(주),외부 신용보강,금융기관,한국산업은행
71618,케이디비첨단전략이에스지제십일차,KRZF0104DRG3,케이디비첨단전략이에스지제십일차 20260309-91-25,N,20260309,20260608,회사채,KRW,,5000000000,5000000000,47,,A1,,,금강공업,외부 신용보강,금융기관,한국산업은행
71618,케이디비첨단전략이에스지제십일차,KRZF0104DRG3,케이디비첨단전략이에스지제십일차 20260309-91-25,N,20260309,20260608,회사채,KRW,,5000000000,5000000000,47,,A1,,,엔브이에이치코리아,외부 신용보강,금융기관,한국산업은행
71618,케이디비첨단전략이에스지제십일차,KRZF0104DRG3,케이디비첨단전략이에스지제십일차 20260309-91-25,N,20260309,20260608,회사채,KRW,,5000000000,5000000000,47,,A1,,,에이제이네트웍스,외부 신용보강,금융기관,한국산업은행
71618,케이디비첨단전략이에스지제십일차,KRZF0104DRG3,케이디비첨단전략이에스지제십일차 20260309-91-25,N,20260309,20260608,회사채,KRW,,5000000000,5000000000,47,,A1,,,하이호금속,외부 신용보강,금융기관,한국산업은행
71618,케이디비첨단전략이에스지제십일차,KRZF0104DRG3,케이디비첨단전략이에스지제십일차 20260309-91-25,N,20260309,20260608,회사채,KRW,,5000000000,5000000000,47,,A1,,,동희산업,외부 신용보강,금융기관,한국산업은행
71618,케이디비첨단전략이에스지제십일차,KRZF0104DRG3,케이디비첨단전략이에스지제십일차 20260309-91-25,N,20260309,20260608,회사채,KRW,,5000000000,5000000000,47,,A1,,,광메탈,외부 신용보강,금융기관,한국산업은행
71618,케이디비첨단전략이에스지제십일차,KRZF0104DRG3,케이디비첨단전략이에스지제십일차 20260309-91-25,N,20260309,20260608,회사채,KRW,,5000000000,5000000000,47,,A1,,,인텔리안테크놀로지스,외부 신용보강,금융기관,한국산업은행
71618,케이디비첨단전략이에스지제십일차,KRZF0104DRG3,케이디비첨단전략이에스지제십일차 20260309-91-25,N,20260309,20260608,회사채,KRW,,5000000000,5000000000,47,,A1,,,태우,외부 신용보강,금융기관,한국산업은행
71618,케이디비첨단전략이에스지제십일차,KRZF0104DRG3,케이디비첨단전략이에스지제십일차 20260309-91-25,N,20260309,20260608,회사채,KRW,,5000000000,5000000000,47,,A1,,,이지바이오(분할신설),외부 신용보강,금융기관,한국산업은행
71618,케이디비첨단전략이에스지제십일차,KRZF0104DRG3,케이디비첨단전략이에스지제십일차 20260309-91-25,N,20260309,20260608,회사채,KRW,,5000000000,5000000000,47,,A1,,,탑솔라(주),외부 신용보강,금융기관,한국산업은행
71618,케이디비첨단전략이에스지제십일차,KRZF0104DSG3,케이디비첨단전략이에스지제십일차 20260309-91-26,N,20260309,20260608,회사채,KRW,,5000000000,5000000000,47,,A1,,,금강공업,외부 신용보강,금융기관,한국산업은행
71618,케이디비첨단전략이에스지제십일차,KRZF0104DSG3,케이디비첨단전략이에스지제십일차 20260309-91-26,N,20260309,20260608,회사채,KRW,,5000000000,5000000000,47,,A1,,,엔브이에이치코리아,외부 신용보강,금융기관,한국산업은행
71618,케이디비첨단전략이에스지제십일차,KRZF0104DSG3,케이디비첨단전략이에스지제십일차 20260309-91-26,N,20260309,20260608,회사채,KRW,,5000000000,5000000000,47,,A1,,,에이제이네트웍스,외부 신용보강,금융기관,한국산업은행
71618,케이디비첨단전략이에스지제십일차,KRZF0104DSG3,케이디비첨단전략이에스지제십일차 20260309-91-26,N,20260309,20260608,회사채,KRW,,5000000000,5000000000,47,,A1,,,하이호금속,외부 신용보강,금융기관,한국산업은행
71618,케이디비첨단전략이에스지제십일차,KRZF0104DSG3,케이디비첨단전략이에스지제십일차 20260309-91-26,N,20260309,20260608,회사채,KRW,,5000000000,5000000000,47,,A1,,,동희산업,외부 신용보강,금융기관,한국산업은행
71618,케이디비첨단전략이에스지제십일차,KRZF0104DSG3,케이디비첨단전략이에스지제십일차 20260309-91-26,N,20260309,20260608,회사채,KRW,,5000000000,5000000000,47,,A1,,,광메탈,외부 신용보강,금융기관,한국산업은행
71618,케이디비첨단전략이에스지제십일차,KRZF0104DSG3,케이디비첨단전략이에스지제십일차 20260309-91-26,N,20260309,20260608,회사채,KRW,,5000000000,5000000000,47,,A1,,,인텔리안테크놀로지스,외부 신용보강,금융기관,한국산업은행
71618,케이디비첨단전략이에스지제십일차,KRZF0104DSG3,케이디비첨단전략이에스지제십일차 20260309-91-26,N,20260309,20260608,회사채,KRW,,5000000000,5000000000,47,,A1,,,태우,외부 신용보강,금융기관,한국산업은행
71618,케이디비첨단전략이에스지제십일차,KRZF0104DSG3,케이디비첨단전략이에스지제십일차 20260309-91-26,N,20260309,20260608,회사채,KRW,,5000000000,5000000000,47,,A1,,,이지바이오(분할신설),외부 신용보강,금융기관,한국산업은행
71618,케이디비첨단전략이에스지제십일차,KRZF0104DSG3,케이디비첨단전략이에스지제십일차 20260309-91-26,N,20260309,20260608,회사채,KRW,,5000000000,5000000000,47,,A1,,,탑솔라(주),외부 신용보강,금융기관,한국산업은행
71618,케이디비첨단전략이에스지제십일차,KRZF0104DTG3,케이디비첨단전략이에스지제십일차 20260309-91-27,N,20260309,20260608,회사채,KRW,,5000000000,5000000000,47,,A1,,,금강공업,외부 신용보강,금융기관,한국산업은행
71618,케이디비첨단전략이에스지제십일차,KRZF0104DTG3,케이디비첨단전략이에스지제십일차 20260309-91-27,N,20260309,20260608,회사채,KRW,,5000000000,5000000000,47,,A1,,,엔브이에이치코리아,외부 신용보강,금융기관,한국산업은행
71618,케이디비첨단전략이에스지제십일차,KRZF0104DTG3,케이디비첨단전략이에스지제십일차 20260309-91-27,N,20260309,20260608,회사채,KRW,,5000000000,5000000000,47,,A1,,,에이제이네트웍스,외부 신용보강,금융기관,한국산업은행
71618,케이디비첨단전략이에스지제십일차,KRZF0104DTG3,케이디비첨단전략이에스지제십일차 20260309-91-27,N,20260309,20260608,회사채,KRW,,5000000000,5000000000,47,,A1,,,하이호금속,외부 신용보강,금융기관,한국산업은행
71618,케이디비첨단전략이에스지제십일차,KRZF0104DTG3,케이디비첨단전략이에스지제십일차 20260309-91-27,N,20260309,20260608,회사채,KRW,,5000000000,5000000000,47,,A1,,,동희산업,외부 신용보강,금융기관,한국산업은행
71618,케이디비첨단전략이에스지제십일차,KRZF0104DTG3,케이디비첨단전략이에스지제십일차 20260309-91-27,N,20260309,20260608,회사채,KRW,,5000000000,5000000000,47,,A1,,,광메탈,외부 신용보강,금융기관,한국산업은행
71618,케이디비첨단전략이에스지제십일차,KRZF0104DTG3,케이디비첨단전략이에스지제십일차 20260309-91-27,N,20260309,20260608,회사채,KRW,,5000000000,5000000000,47,,A1,,,인텔리안테크놀로지스,외부 신용보강,금융기관,한국산업은행
71618,케이디비첨단전략이에스지제십일차,KRZF0104DTG3,케이디비첨단전략이에스지제십일차 20260309-91-27,N,20260309,20260608,회사채,KRW,,5000000000,5000000000,47,,A1,,,태우,외부 신용보강,금융기관,한국산업은행
71618,케이디비첨단전략이에스지제십일차,KRZF0104DTG3,케이디비첨단전략이에스지제십일차 20260309-91-27,N,20260309,20260608,회사채,KRW,,5000000000,5000000000,47,,A1,,,이지바이오(분할신설),외부 신용보강,금융기관,한국산업은행
71618,케이디비첨단전략이에스지제십일차,KRZF0104DTG3,케이디비첨단전략이에스지제십일차 20260309-91-27,N,20260309,20260608,회사채,KRW,,5000000000,5000000000,47,,A1,,,탑솔라(주),외부 신용보강,금융기관,한국산업은행
71618,케이디비첨단전략이에스지제십일차,KRZF0104DVG3,케이디비첨단전략이에스지제십일차 20260309-91-28,N,20260309,20260608,회사채,KRW,,5000000000,5000000000,47,,A1,,,금강공업,외부 신용보강,금융기관,한국산업은행
71618,케이디비첨단전략이에스지제십일차,KRZF0104DVG3,케이디비첨단전략이에스지제십일차 20260309-91-28,N,20260309,20260608,회사채,KRW,,5000000000,5000000000,47,,A1,,,엔브이에이치코리아,외부 신용보강,금융기관,한국산업은행
71618,케이디비첨단전략이에스지제십일차,KRZF0104DVG3,케이디비첨단전략이에스지제십일차 20260309-91-28,N,20260309,20260608,회사채,KRW,,5000000000,5000000000,47,,A1,,,에이제이네트웍스,외부 신용보강,금융기관,한국산업은행
71618,케이디비첨단전략이에스지제십일차,KRZF0104DVG3,케이디비첨단전략이에스지제십일차 20260309-91-28,N,20260309,20260608,회사채,KRW,,5000000000,5000000000,47,,A1,,,하이호금속,외부 신용보강,금융기관,한국산업은행
71618,케이디비첨단전략이에스지제십일차,KRZF0104DVG3,케이디비첨단전략이에스지제십일차 20260309-91-28,N,20260309,20260608,회사채,KRW,,5000000000,5000000000,47,,A1,,,동희산업,외부 신용보강,금융기관,한국산업은행
71618,케이디비첨단전략이에스지제십일차,KRZF0104DVG3,케이디비첨단전략이에스지제십일차 20260309-91-28,N,20260309,20260608,회사채,KRW,,5000000000,5000000000,47,,A1,,,광메탈,외부 신용보강,금융기관,한국산업은행
71618,케이디비첨단전략이에스지제십일차,KRZF0104DVG3,케이디비첨단전략이에스지제십일차 20260309-91-28,N,20260309,20260608,회사채,KRW,,5000000000,5000000000,47,,A1,,,인텔리안테크놀로지스,외부 신용보강,금융기관,한국산업은행
71618,케이디비첨단전략이에스지제십일차,KRZF0104DVG3,케이디비첨단전략이에스지제십일차 20260309-91-28,N,20260309,20260608,회사채,KRW,,5000000000,5000000000,47,,A1,,,태우,외부 신용보강,금융기관,한국산업은행
71618,케이디비첨단전략이에스지제십일차,KRZF0104DVG3,케이디비첨단전략이에스지제십일차 20260309-91-28,N,20260309,20260608,회사채,KRW,,5000000000,5000000000,47,,A1,,,이지바이오(분할신설),외부 신용보강,금융기관,한국산업은행
71618,케이디비첨단전략이에스지제십일차,KRZF0104DVG3,케이디비첨단전략이에스지제십일차 20260309-91-28,N,20260309,20260608,회사채,KRW,,5000000000,5000000000,47,,A1,,,탑솔라(주),외부 신용보강,금융기관,한국산업은행
71618,케이디비첨단전략이에스지제십일차,KRZF0104DWG3,케이디비첨단전략이에스지제십일차 20260309-91-29,N,20260309,20260608,회사채,KRW,,5000000000,5000000000,47,,A1,,,금강공업,외부 신용보강,금융기관,한국산업은행
71618,케이디비첨단전략이에스지제십일차,KRZF0104DWG3,케이디비첨단전략이에스지제십일차 20260309-91-29,N,20260309,20260608,회사채,KRW,,5000000000,5000000000,47,,A1,,,엔브이에이치코리아,외부 신용보강,금융기관,한국산업은행
71618,케이디비첨단전략이에스지제십일차,KRZF0104DWG3,케이디비첨단전략이에스지제십일차 20260309-91-29,N,20260309,20260608,회사채,KRW,,5000000000,5000000000,47,,A1,,,에이제이네트웍스,외부 신용보강,금융기관,한국산업은행
71618,케이디비첨단전략이에스지제십일차,KRZF0104DWG3,케이디비첨단전략이에스지제십일차 20260309-91-29,N,20260309,20260608,회사채,KRW,,5000000000,5000000000,47,,A1,,,하이호금속,외부 신용보강,금융기관,한국산업은행
71618,케이디비첨단전략이에스지제십일차,KRZF0104DWG3,케이디비첨단전략이에스지제십일차 20260309-91-29,N,20260309,20260608,회사채,KRW,,5000000000,5000000000,47,,A1,,,동희산업,외부 신용보강,금융기관,한국산업은행
71618,케이디비첨단전략이에스지제십일차,KRZF0104DWG3,케이디비첨단전략이에스지제십일차 20260309-91-29,N,20260309,20260608,회사채,KRW,,5000000000,5000000000,47,,A1,,,광메탈,외부 신용보강,금융기관,한국산업은행
71618,케이디비첨단전략이에스지제십일차,KRZF0104DWG3,케이디비첨단전략이에스지제십일차 20260309-91-29,N,20260309,20260608,회사채,KRW,,5000000000,5000000000,47,,A1,,,인텔리안테크놀로지스,외부 신용보강,금융기관,한국산업은행
71618,케이디비첨단전략이에스지제십일차,KRZF0104DWG3,케이디비첨단전략이에스지제십일차 20260309-91-29,N,20260309,20260608,회사채,KRW,,5000000000,5000000000,47,,A1,,,태우,외부 신용보강,금융기관,한국산업은행
71618,케이디비첨단전략이에스지제십일차,KRZF0104DWG3,케이디비첨단전략이에스지제십일차 20260309-91-29,N,20260309,20260608,회사채,KRW,,5000000000,5000000000,47,,A1,,,이지바이오(분할신설),외부 신용보강,금융기관,한국산업은행
71618,케이디비첨단전략이에스지제십일차,KRZF0104DWG3,케이디비첨단전략이에스지제십일차 20260309-91-29,N,20260309,20260608,회사채,KRW,,5000000000,5000000000,47,,A1,,,탑솔라(주),외부 신용보강,금융기관,한국산업은행
71618,케이디비첨단전략이에스지제십일차,KRZF0104D3G3,케이디비첨단전략이에스지제십일차 20260309-91-3,N,20260309,20260608,회사채,KRW,,5000000000,5000000000,47,,A1,,,금강공업,외부 신용보강,금융기관,한국산업은행
71618,케이디비첨단전략이에스지제십일차,KRZF0104D3G3,케이디비첨단전략이에스지제십일차 20260309-91-3,N,20260309,20260608,회사채,KRW,,5000000000,5000000000,47,,A1,,,엔브이에이치코리아,외부 신용보강,금융기관,한국산업은행
71618,케이디비첨단전략이에스지제십일차,KRZF0104D3G3,케이디비첨단전략이에스지제십일차 20260309-91-3,N,20260309,20260608,회사채,KRW,,5000000000,5000000000,47,,A1,,,에이제이네트웍스,외부 신용보강,금융기관,한국산업은행
71618,케이디비첨단전략이에스지제십일차,KRZF0104D3G3,케이디비첨단전략이에스지제십일차 20260309-91-3,N,20260309,20260608,회사채,KRW,,5000000000,5000000000,47,,A1,,,하이호금속,외부 신용보강,금융기관,한국산업은행
71618,케이디비첨단전략이에스지제십일차,KRZF0104D3G3,케이디비첨단전략이에스지제십일차 20260309-91-3,N,20260309,20260608,회사채,KRW,,5000000000,5000000000,47,,A1,,,동희산업,외부 신용보강,금융기관,한국산업은행
71618,케이디비첨단전략이에스지제십일차,KRZF0104D3G3,케이디비첨단전략이에스지제십일차 20260309-91-3,N,20260309,20260608,회사채,KRW,,5000000000,5000000000,47,,A1,,,광메탈,외부 신용보강,금융기관,한국산업은행
71618,케이디비첨단전략이에스지제십일차,KRZF0104D3G3,케이디비첨단전략이에스지제십일차 20260309-91-3,N,20260309,20260608,회사채,KRW,,5000000000,5000000000,47,,A1,,,인텔리안테크놀로지스,외부 신용보강,금융기관,한국산업은행
71618,케이디비첨단전략이에스지제십일차,KRZF0104D3G3,케이디비첨단전략이에스지제십일차 20260309-91-3,N,20260309,20260608,회사채,KRW,,5000000000,5000000000,47,,A1,,,태우,외부 신용보강,금융기관,한국산업은행
71618,케이디비첨단전략이에스지제십일차,KRZF0104D3G3,케이디비첨단전략이에스지제십일차 20260309-91-3,N,20260309,20260608,회사채,KRW,,5000000000,5000000000,47,,A1,,,이지바이오(분할신설),외부 신용보강,금융기관,한국산업은행
71618,케이디비첨단전략이에스지제십일차,KRZF0104D3G3,케이디비첨단전략이에스지제십일차 20260309-91-3,N,20260309,20260608,회사채,KRW,,5000000000,5000000000,47,,A1,,,탑솔라(주),외부 신용보강,금융기관,한국산업은행
71618,케이디비첨단전략이에스지제십일차,KRZF0104DXG3,케이디비첨단전략이에스지제십일차 20260309-91-30,N,20260309,20260608,회사채,KRW,,5000000000,5000000000,47,,A1,,,금강공업,외부 신용보강,금융기관,한국산업은행
71618,케이디비첨단전략이에스지제십일차,KRZF0104DXG3,케이디비첨단전략이에스지제십일차 20260309-91-30,N,20260309,20260608,회사채,KRW,,5000000000,5000000000,47,,A1,,,엔브이에이치코리아,외부 신용보강,금융기관,한국산업은행
71618,케이디비첨단전략이에스지제십일차,KRZF0104DXG3,케이디비첨단전략이에스지제십일차 20260309-91-30,N,20260309,20260608,회사채,KRW,,5000000000,5000000000,47,,A1,,,에이제이네트웍스,외부 신용보강,금융기관,한국산업은행
71618,케이디비첨단전략이에스지제십일차,KRZF0104DXG3,케이디비첨단전략이에스지제십일차 20260309-91-30,N,20260309,20260608,회사채,KRW,,5000000000,5000000000,47,,A1,,,하이호금속,외부 신용보강,금융기관,한국산업은행
71618,케이디비첨단전략이에스지제십일차,KRZF0104DXG3,케이디비첨단전략이에스지제십일차 20260309-91-30,N,20260309,20260608,회사채,KRW,,5000000000,5000000000,47,,A1,,,동희산업,외부 신용보강,금융기관,한국산업은행
71618,케이디비첨단전략이에스지제십일차,KRZF0104DXG3,케이디비첨단전략이에스지제십일차 20260309-91-30,N,20260309,20260608,회사채,KRW,,5000000000,5000000000,47,,A1,,,광메탈,외부 신용보강,금융기관,한국산업은행
71618,케이디비첨단전략이에스지제십일차,KRZF0104DXG3,케이디비첨단전략이에스지제십일차 20260309-91-30,N,20260309,20260608,회사채,KRW,,5000000000,5000000000,47,,A1,,,인텔리안테크놀로지스,외부 신용보강,금융기관,한국산업은행
71618,케이디비첨단전략이에스지제십일차,KRZF0104DXG3,케이디비첨단전략이에스지제십일차 20260309-91-30,N,20260309,20260608,회사채,KRW,,5000000000,5000000000,47,,A1,,,태우,외부 신용보강,금융기관,한국산업은행
71618,케이디비첨단전략이에스지제십일차,KRZF0104DXG3,케이디비첨단전략이에스지제십일차 20260309-91-30,N,20260309,20260608,회사채,KRW,,5000000000,5000000000,47,,A1,,,이지바이오(분할신설),외부 신용보강,금융기관,한국산업은행
71618,케이디비첨단전략이에스지제십일차,KRZF0104DXG3,케이디비첨단전략이에스지제십일차 20260309-91-30,N,20260309,20260608,회사채,KRW,,5000000000,5000000000,47,,A1,,,탑솔라(주),외부 신용보강,금융기관,한국산업은행
71618,케이디비첨단전략이에스지제십일차,KRZF0104DYG3,케이디비첨단전략이에스지제십일차 20260309-91-31,N,20260309,20260608,회사채,KRW,,5000000000,5000000000,47,,A1,,,금강공업,외부 신용보강,금융기관,한국산업은행
71618,케이디비첨단전략이에스지제십일차,KRZF0104DYG3,케이디비첨단전략이에스지제십일차 20260309-91-31,N,20260309,20260608,회사채,KRW,,5000000000,5000000000,47,,A1,,,엔브이에이치코리아,외부 신용보강,금융기관,한국산업은행
71618,케이디비첨단전략이에스지제십일차,KRZF0104DYG3,케이디비첨단전략이에스지제십일차 20260309-91-31,N,20260309,20260608,회사채,KRW,,5000000000,5000000000,47,,A1,,,에이제이네트웍스,외부 신용보강,금융기관,한국산업은행
71618,케이디비첨단전략이에스지제십일차,KRZF0104DYG3,케이디비첨단전략이에스지제십일차 20260309-91-31,N,20260309,20260608,회사채,KRW,,5000000000,5000000000,47,,A1,,,하이호금속,외부 신용보강,금융기관,한국산업은행
71618,케이디비첨단전략이에스지제십일차,KRZF0104DYG3,케이디비첨단전략이에스지제십일차 20260309-91-31,N,20260309,20260608,회사채,KRW,,5000000000,5000000000,47,,A1,,,동희산업,외부 신용보강,금융기관,한국산업은행
71618,케이디비첨단전략이에스지제십일차,KRZF0104DYG3,케이디비첨단전략이에스지제십일차 20260309-91-31,N,20260309,20260608,회사채,KRW,,5000000000,5000000000,47,,A1,,,광메탈,외부 신용보강,금융기관,한국산업은행
71618,케이디비첨단전략이에스지제십일차,KRZF0104DYG3,케이디비첨단전략이에스지제십일차 20260309-91-31,N,20260309,20260608,회사채,KRW,,5000000000,5000000000,47,,A1,,,인텔리안테크놀로지스,외부 신용보강,금융기관,한국산업은행
71618,케이디비첨단전략이에스지제십일차,KRZF0104DYG3,케이디비첨단전략이에스지제십일차 20260309-91-31,N,20260309,20260608,회사채,KRW,,5000000000,5000000000,47,,A1,,,태우,외부 신용보강,금융기관,한국산업은행
71618,케이디비첨단전략이에스지제십일차,KRZF0104DYG3,케이디비첨단전략이에스지제십일차 20260309-91-31,N,20260309,20260608,회사채,KRW,,5000000000,5000000000,47,,A1,,,이지바이오(분할신설),외부 신용보강,금융기관,한국산업은행
71618,케이디비첨단전략이에스지제십일차,KRZF0104DYG3,케이디비첨단전략이에스지제십일차 20260309-91-31,N,20260309,20260608,회사채,KRW,,5000000000,5000000000,47,,A1,,,탑솔라(주),외부 신용보강,금융기관,한국산업은행
71618,케이디비첨단전략이에스지제십일차,KRZF0104DZG3,케이디비첨단전략이에스지제십일차 20260309-91-32,N,20260309,20260608,회사채,KRW,,5000000000,5000000000,47,,A1,,,금강공업,외부 신용보강,금융기관,한국산업은행
71618,케이디비첨단전략이에스지제십일차,KRZF0104DZG3,케이디비첨단전략이에스지제십일차 20260309-91-32,N,20260309,20260608,회사채,KRW,,5000000000,5000000000,47,,A1,,,엔브이에이치코리아,외부 신용보강,금융기관,한국산업은행
71618,케이디비첨단전략이에스지제십일차,KRZF0104DZG3,케이디비첨단전략이에스지제십일차 20260309-91-32,N,20260309,20260608,회사채,KRW,,5000000000,5000000000,47,,A1,,,에이제이네트웍스,외부 신용보강,금융기관,한국산업은행
71618,케이디비첨단전략이에스지제십일차,KRZF0104DZG3,케이디비첨단전략이에스지제십일차 20260309-91-32,N,20260309,20260608,회사채,KRW,,5000000000,5000000000,47,,A1,,,하이호금속,외부 신용보강,금융기관,한국산업은행
71618,케이디비첨단전략이에스지제십일차,KRZF0104DZG3,케이디비첨단전략이에스지제십일차 20260309-91-32,N,20260309,20260608,회사채,KRW,,5000000000,5000000000,47,,A1,,,동희산업,외부 신용보강,금융기관,한국산업은행
71618,케이디비첨단전략이에스지제십일차,KRZF0104DZG3,케이디비첨단전략이에스지제십일차 20260309-91-32,N,20260309,20260608,회사채,KRW,,5000000000,5000000000,47,,A1,,,광메탈,외부 신용보강,금융기관,한국산업은행
71618,케이디비첨단전략이에스지제십일차,KRZF0104DZG3,케이디비첨단전략이에스지제십일차 20260309-91-32,N,20260309,20260608,회사채,KRW,,5000000000,5000000000,47,,A1,,,인텔리안테크놀로지스,외부 신용보강,금융기관,한국산업은행
71618,케이디비첨단전략이에스지제십일차,KRZF0104DZG3,케이디비첨단전략이에스지제십일차 20260309-91-32,N,20260309,20260608,회사채,KRW,,5000000000,5000000000,47,,A1,,,태우,외부 신용보강,금융기관,한국산업은행
71618,케이디비첨단전략이에스지제십일차,KRZF0104DZG3,케이디비첨단전략이에스지제십일차 20260309-91-32,N,20260309,20260608,회사채,KRW,,5000000000,5000000000,47,,A1,,,이지바이오(분할신설),외부 신용보강,금융기관,한국산업은행
71618,케이디비첨단전략이에스지제십일차,KRZF0104DZG3,케이디비첨단전략이에스지제십일차 20260309-91-32,N,20260309,20260608,회사채,KRW,,5000000000,5000000000,47,,A1,,,탑솔라(주),외부 신용보강,금융기관,한국산업은행
71618,케이디비첨단전략이에스지제십일차,KRZF0104D0GF,케이디비첨단전략이에스지제십일차 20260309-91-33,N,20260309,20260608,회사채,KRW,,5000000000,5000000000,47,,A1,,,금강공업,외부 신용보강,금융기관,한국산업은행
71618,케이디비첨단전략이에스지제십일차,KRZF0104D0GF,케이디비첨단전략이에스지제십일차 20260309-91-33,N,20260309,20260608,회사채,KRW,,5000000000,5000000000,47,,A1,,,엔브이에이치코리아,외부 신용보강,금융기관,한국산업은행
71618,케이디비첨단전략이에스지제십일차,KRZF0104D0GF,케이디비첨단전략이에스지제십일차 20260309-91-33,N,20260309,20260608,회사채,KRW,,5000000000,5000000000,47,,A1,,,에이제이네트웍스,외부 신용보강,금융기관,한국산업은행
71618,케이디비첨단전략이에스지제십일차,KRZF0104D0GF,케이디비첨단전략이에스지제십일차 20260309-91-33,N,20260309,20260608,회사채,KRW,,5000000000,5000000000,47,,A1,,,하이호금속,외부 신용보강,금융기관,한국산업은행
71618,케이디비첨단전략이에스지제십일차,KRZF0104D0GF,케이디비첨단전략이에스지제십일차 20260309-91-33,N,20260309,20260608,회사채,KRW,,5000000000,5000000000,47,,A1,,,동희산업,외부 신용보강,금융기관,한국산업은행
71618,케이디비첨단전략이에스지제십일차,KRZF0104D0GF,케이디비첨단전략이에스지제십일차 20260309-91-33,N,20260309,20260608,회사채,KRW,,5000000000,5000000000,47,,A1,,,광메탈,외부 신용보강,금융기관,한국산업은행
71618,케이디비첨단전략이에스지제십일차,KRZF0104D0GF,케이디비첨단전략이에스지제십일차 20260309-91-33,N,20260309,20260608,회사채,KRW,,5000000000,5000000000,47,,A1,,,인텔리안테크놀로지스,외부 신용보강,금융기관,한국산업은행
71618,케이디비첨단전략이에스지제십일차,KRZF0104D0GF,케이디비첨단전략이에스지제십일차 20260309-91-33,N,20260309,20260608,회사채,KRW,,5000000000,5000000000,47,,A1,,,태우,외부 신용보강,금융기관,한국산업은행
71618,케이디비첨단전략이에스지제십일차,KRZF0104D0GF,케이디비첨단전략이에스지제십일차 20260309-91-33,N,20260309,20260608,회사채,KRW,,5000000000,5000000000,47,,A1,,,이지바이오(분할신설),외부 신용보강,금융기관,한국산업은행
71618,케이디비첨단전략이에스지제십일차,KRZF0104D0GF,케이디비첨단전략이에스지제십일차 20260309-91-33,N,20260309,20260608,회사채,KRW,,5000000000,5000000000,47,,A1,,,탑솔라(주),외부 신용보강,금융기관,한국산업은행
71618,케이디비첨단전략이에스지제십일차,KRZF0104D1GF,케이디비첨단전략이에스지제십일차 20260309-91-34,N,20260309,20260608,회사채,KRW,,5000000000,5000000000,47,,A1,,,금강공업,외부 신용보강,금융기관,한국산업은행
71618,케이디비첨단전략이에스지제십일차,KRZF0104D1GF,케이디비첨단전략이에스지제십일차 20260309-91-34,N,20260309,20260608,회사채,KRW,,5000000000,5000000000,47,,A1,,,엔브이에이치코리아,외부 신용보강,금융기관,한국산업은행
71618,케이디비첨단전략이에스지제십일차,KRZF0104D1GF,케이디비첨단전략이에스지제십일차 20260309-91-34,N,20260309,20260608,회사채,KRW,,5000000000,5000000000,47,,A1,,,에이제이네트웍스,외부 신용보강,금융기관,한국산업은행
71618,케이디비첨단전략이에스지제십일차,KRZF0104D1GF,케이디비첨단전략이에스지제십일차 20260309-91-34,N,20260309,20260608,회사채,KRW,,5000000000,5000000000,47,,A1,,,하이호금속,외부 신용보강,금융기관,한국산업은행
71618,케이디비첨단전략이에스지제십일차,KRZF0104D1GF,케이디비첨단전략이에스지제십일차 20260309-91-34,N,20260309,20260608,회사채,KRW,,5000000000,5000000000,47,,A1,,,동희산업,외부 신용보강,금융기관,한국산업은행
71618,케이디비첨단전략이에스지제십일차,KRZF0104D1GF,케이디비첨단전략이에스지제십일차 20260309-91-34,N,20260309,20260608,회사채,KRW,,5000000000,5000000000,47,,A1,,,광메탈,외부 신용보강,금융기관,한국산업은행
71618,케이디비첨단전략이에스지제십일차,KRZF0104D1GF,케이디비첨단전략이에스지제십일차 20260309-91-34,N,20260309,20260608,회사채,KRW,,5000000000,5000000000,47,,A1,,,인텔리안테크놀로지스,외부 신용보강,금융기관,한국산업은행
71618,케이디비첨단전략이에스지제십일차,KRZF0104D1GF,케이디비첨단전략이에스지제십일차 20260309-91-34,N,20260309,20260608,회사채,KRW,,5000000000,5000000000,47,,A1,,,태우,외부 신용보강,금융기관,한국산업은행
71618,케이디비첨단전략이에스지제십일차,KRZF0104D1GF,케이디비첨단전략이에스지제십일차 20260309-91-34,N,20260309,20260608,회사채,KRW,,5000000000,5000000000,47,,A1,,,이지바이오(분할신설),외부 신용보강,금융기관,한국산업은행
71618,케이디비첨단전략이에스지제십일차,KRZF0104D1GF,케이디비첨단전략이에스지제십일차 20260309-91-34,N,20260309,20260608,회사채,KRW,,5000000000,5000000000,47,,A1,,,탑솔라(주),외부 신용보강,금융기관,한국산업은행
71618,케이디비첨단전략이에스지제십일차,KRZF0104D2GF,케이디비첨단전략이에스지제십일차 20260309-91-35,N,20260309,20260608,회사채,KRW,,5000000000,5000000000,47,,A1,,,금강공업,외부 신용보강,금융기관,한국산업은행
71618,케이디비첨단전략이에스지제십일차,KRZF0104D2GF,케이디비첨단전략이에스지제십일차 20260309-91-35,N,20260309,20260608,회사채,KRW,,5000000000,5000000000,47,,A1,,,엔브이에이치코리아,외부 신용보강,금융기관,한국산업은행
71618,케이디비첨단전략이에스지제십일차,KRZF0104D2GF,케이디비첨단전략이에스지제십일차 20260309-91-35,N,20260309,20260608,회사채,KRW,,5000000000,5000000000,47,,A1,,,에이제이네트웍스,외부 신용보강,금융기관,한국산업은행
71618,케이디비첨단전략이에스지제십일차,KRZF0104D2GF,케이디비첨단전략이에스지제십일차 20260309-91-35,N,20260309,20260608,회사채,KRW,,5000000000,5000000000,47,,A1,,,하이호금속,외부 신용보강,금융기관,한국산업은행
71618,케이디비첨단전략이에스지제십일차,KRZF0104D2GF,케이디비첨단전략이에스지제십일차 20260309-91-35,N,20260309,20260608,회사채,KRW,,5000000000,5000000000,47,,A1,,,동희산업,외부 신용보강,금융기관,한국산업은행
71618,케이디비첨단전략이에스지제십일차,KRZF0104D2GF,케이디비첨단전략이에스지제십일차 20260309-91-35,N,20260309,20260608,회사채,KRW,,5000000000,5000000000,47,,A1,,,광메탈,외부 신용보강,금융기관,한국산업은행
71618,케이디비첨단전략이에스지제십일차,KRZF0104D2GF,케이디비첨단전략이에스지제십일차 20260309-91-35,N,20260309,20260608,회사채,KRW,,5000000000,5000000000,47,,A1,,,인텔리안테크놀로지스,외부 신용보강,금융기관,한국산업은행
71618,케이디비첨단전략이에스지제십일차,KRZF0104D2GF,케이디비첨단전략이에스지제십일차 20260309-91-35,N,20260309,20260608,회사채,KRW,,5000000000,5000000000,47,,A1,,,태우,외부 신용보강,금융기관,한국산업은행
71618,케이디비첨단전략이에스지제십일차,KRZF0104D2GF,케이디비첨단전략이에스지제십일차 20260309-91-35,N,20260309,20260608,회사채,KRW,,5000000000,5000000000,47,,A1,,,이지바이오(분할신설),외부 신용보강,금융기관,한국산업은행
71618,케이디비첨단전략이에스지제십일차,KRZF0104D2GF,케이디비첨단전략이에스지제십일차 20260309-91-35,N,20260309,20260608,회사채,KRW,,5000000000,5000000000,47,,A1,,,탑솔라(주),외부 신용보강,금융기관,한국산업은행
71618,케이디비첨단전략이에스지제십일차,KRZF0104D3GF,케이디비첨단전략이에스지제십일차 20260309-91-36,N,20260309,20260608,회사채,KRW,,5000000000,5000000000,47,,A1,,,금강공업,외부 신용보강,금융기관,한국산업은행
71618,케이디비첨단전략이에스지제십일차,KRZF0104D3GF,케이디비첨단전략이에스지제십일차 20260309-91-36,N,20260309,20260608,회사채,KRW,,5000000000,5000000000,47,,A1,,,엔브이에이치코리아,외부 신용보강,금융기관,한국산업은행
71618,케이디비첨단전략이에스지제십일차,KRZF0104D3GF,케이디비첨단전략이에스지제십일차 20260309-91-36,N,20260309,20260608,회사채,KRW,,5000000000,5000000000,47,,A1,,,에이제이네트웍스,외부 신용보강,금융기관,한국산업은행
71618,케이디비첨단전략이에스지제십일차,KRZF0104D3GF,케이디비첨단전략이에스지제십일차 20260309-91-36,N,20260309,20260608,회사채,KRW,,5000000000,5000000000,47,,A1,,,하이호금속,외부 신용보강,금융기관,한국산업은행
71618,케이디비첨단전략이에스지제십일차,KRZF0104D3GF,케이디비첨단전략이에스지제십일차 20260309-91-36,N,20260309,20260608,회사채,KRW,,5000000000,5000000000,47,,A1,,,동희산업,외부 신용보강,금융기관,한국산업은행
71618,케이디비첨단전략이에스지제십일차,KRZF0104D3GF,케이디비첨단전략이에스지제십일차 20260309-91-36,N,20260309,20260608,회사채,KRW,,5000000000,5000000000,47,,A1,,,광메탈,외부 신용보강,금융기관,한국산업은행
71618,케이디비첨단전략이에스지제십일차,KRZF0104D3GF,케이디비첨단전략이에스지제십일차 20260309-91-36,N,20260309,20260608,회사채,KRW,,5000000000,5000000000,47,,A1,,,인텔리안테크놀로지스,외부 신용보강,금융기관,한국산업은행
71618,케이디비첨단전략이에스지제십일차,KRZF0104D3GF,케이디비첨단전략이에스지제십일차 20260309-91-36,N,20260309,20260608,회사채,KRW,,5000000000,5000000000,47,,A1,,,태우,외부 신용보강,금융기관,한국산업은행
71618,케이디비첨단전략이에스지제십일차,KRZF0104D3GF,케이디비첨단전략이에스지제십일차 20260309-91-36,N,20260309,20260608,회사채,KRW,,5000000000,5000000000,47,,A1,,,이지바이오(분할신설),외부 신용보강,금융기관,한국산업은행
71618,케이디비첨단전략이에스지제십일차,KRZF0104D3GF,케이디비첨단전략이에스지제십일차 20260309-91-36,N,20260309,20260608,회사채,KRW,,5000000000,5000000000,47,,A1,,,탑솔라(주),외부 신용보강,금융기관,한국산업은행
71618,케이디비첨단전략이에스지제십일차,KRZF0104D4GF,케이디비첨단전략이에스지제십일차 20260309-91-37,N,20260309,20260608,회사채,KRW,,5000000000,5000000000,47,,A1,,,금강공업,외부 신용보강,금융기관,한국산업은행
71618,케이디비첨단전략이에스지제십일차,KRZF0104D4GF,케이디비첨단전략이에스지제십일차 20260309-91-37,N,20260309,20260608,회사채,KRW,,5000000000,5000000000,47,,A1,,,엔브이에이치코리아,외부 신용보강,금융기관,한국산업은행
71618,케이디비첨단전략이에스지제십일차,KRZF0104D4GF,케이디비첨단전략이에스지제십일차 20260309-91-37,N,20260309,20260608,회사채,KRW,,5000000000,5000000000,47,,A1,,,에이제이네트웍스,외부 신용보강,금융기관,한국산업은행
71618,케이디비첨단전략이에스지제십일차,KRZF0104D4GF,케이디비첨단전략이에스지제십일차 20260309-91-37,N,20260309,20260608,회사채,KRW,,5000000000,5000000000,47,,A1,,,하이호금속,외부 신용보강,금융기관,한국산업은행
71618,케이디비첨단전략이에스지제십일차,KRZF0104D4GF,케이디비첨단전략이에스지제십일차 20260309-91-37,N,20260309,20260608,회사채,KRW,,5000000000,5000000000,47,,A1,,,동희산업,외부 신용보강,금융기관,한국산업은행
71618,케이디비첨단전략이에스지제십일차,KRZF0104D4GF,케이디비첨단전략이에스지제십일차 20260309-91-37,N,20260309,20260608,회사채,KRW,,5000000000,5000000000,47,,A1,,,광메탈,외부 신용보강,금융기관,한국산업은행
71618,케이디비첨단전략이에스지제십일차,KRZF0104D4GF,케이디비첨단전략이에스지제십일차 20260309-91-37,N,20260309,20260608,회사채,KRW,,5000000000,5000000000,47,,A1,,,인텔리안테크놀로지스,외부 신용보강,금융기관,한국산업은행
71618,케이디비첨단전략이에스지제십일차,KRZF0104D4GF,케이디비첨단전략이에스지제십일차 20260309-91-37,N,20260309,20260608,회사채,KRW,,5000000000,5000000000,47,,A1,,,태우,외부 신용보강,금융기관,한국산업은행
71618,케이디비첨단전략이에스지제십일차,KRZF0104D4GF,케이디비첨단전략이에스지제십일차 20260309-91-37,N,20260309,20260608,회사채,KRW,,5000000000,5000000000,47,,A1,,,이지바이오(분할신설),외부 신용보강,금융기관,한국산업은행
71618,케이디비첨단전략이에스지제십일차,KRZF0104D4GF,케이디비첨단전략이에스지제십일차 20260309-91-37,N,20260309,20260608,회사채,KRW,,5000000000,5000000000,47,,A1,,,탑솔라(주),외부 신용보강,금융기관,한국산업은행
71618,케이디비첨단전략이에스지제십일차,KRZF0104D5GF,케이디비첨단전략이에스지제십일차 20260309-91-38,N,20260309,20260608,회사채,KRW,,5000000000,5000000000,47,,A1,,,금강공업,외부 신용보강,금융기관,한국산업은행
71618,케이디비첨단전략이에스지제십일차,KRZF0104D5GF,케이디비첨단전략이에스지제십일차 20260309-91-38,N,20260309,20260608,회사채,KRW,,5000000000,5000000000,47,,A1,,,엔브이에이치코리아,외부 신용보강,금융기관,한국산업은행
71618,케이디비첨단전략이에스지제십일차,KRZF0104D5GF,케이디비첨단전략이에스지제십일차 20260309-91-38,N,20260309,20260608,회사채,KRW,,5000000000,5000000000,47,,A1,,,에이제이네트웍스,외부 신용보강,금융기관,한국산업은행
71618,케이디비첨단전략이에스지제십일차,KRZF0104D5GF,케이디비첨단전략이에스지제십일차 20260309-91-38,N,20260309,20260608,회사채,KRW,,5000000000,5000000000,47,,A1,,,하이호금속,외부 신용보강,금융기관,한국산업은행
71618,케이디비첨단전략이에스지제십일차,KRZF0104D5GF,케이디비첨단전략이에스지제십일차 20260309-91-38,N,20260309,20260608,회사채,KRW,,5000000000,5000000000,47,,A1,,,동희산업,외부 신용보강,금융기관,한국산업은행
71618,케이디비첨단전략이에스지제십일차,KRZF0104D5GF,케이디비첨단전략이에스지제십일차 20260309-91-38,N,20260309,20260608,회사채,KRW,,5000000000,5000000000,47,,A1,,,광메탈,외부 신용보강,금융기관,한국산업은행
71618,케이디비첨단전략이에스지제십일차,KRZF0104D5GF,케이디비첨단전략이에스지제십일차 20260309-91-38,N,20260309,20260608,회사채,KRW,,5000000000,5000000000,47,,A1,,,인텔리안테크놀로지스,외부 신용보강,금융기관,한국산업은행
71618,케이디비첨단전략이에스지제십일차,KRZF0104D5GF,케이디비첨단전략이에스지제십일차 20260309-91-38,N,20260309,20260608,회사채,KRW,,5000000000,5000000000,47,,A1,,,태우,외부 신용보강,금융기관,한국산업은행
71618,케이디비첨단전략이에스지제십일차,KRZF0104D5GF,케이디비첨단전략이에스지제십일차 20260309-91-38,N,20260309,20260608,회사채,KRW,,5000000000,5000000000,47,,A1,,,이지바이오(분할신설),외부 신용보강,금융기관,한국산업은행
71618,케이디비첨단전략이에스지제십일차,KRZF0104D5GF,케이디비첨단전략이에스지제십일차 20260309-91-38,N,20260309,20260608,회사채,KRW,,5000000000,5000000000,47,,A1,,,탑솔라(주),외부 신용보강,금융기관,한국산업은행
71618,케이디비첨단전략이에스지제십일차,KRZF0104D6GF,케이디비첨단전략이에스지제십일차 20260309-91-39,N,20260309,20260608,회사채,KRW,,200000000,200000000,47,,A1,,,금강공업,외부 신용보강,금융기관,한국산업은행
71618,케이디비첨단전략이에스지제십일차,KRZF0104D6GF,케이디비첨단전략이에스지제십일차 20260309-91-39,N,20260309,20260608,회사채,KRW,,200000000,200000000,47,,A1,,,엔브이에이치코리아,외부 신용보강,금융기관,한국산업은행
71618,케이디비첨단전략이에스지제십일차,KRZF0104D6GF,케이디비첨단전략이에스지제십일차 20260309-91-39,N,20260309,20260608,회사채,KRW,,200000000,200000000,47,,A1,,,에이제이네트웍스,외부 신용보강,금융기관,한국산업은행
71618,케이디비첨단전략이에스지제십일차,KRZF0104D6GF,케이디비첨단전략이에스지제십일차 20260309-91-39,N,20260309,20260608,회사채,KRW,,200000000,200000000,47,,A1,,,하이호금속,외부 신용보강,금융기관,한국산업은행
71618,케이디비첨단전략이에스지제십일차,KRZF0104D6GF,케이디비첨단전략이에스지제십일차 20260309-91-39,N,20260309,20260608,회사채,KRW,,200000000,200000000,47,,A1,,,동희산업,외부 신용보강,금융기관,한국산업은행
71618,케이디비첨단전략이에스지제십일차,KRZF0104D6GF,케이디비첨단전략이에스지제십일차 20260309-91-39,N,20260309,20260608,회사채,KRW,,200000000,200000000,47,,A1,,,광메탈,외부 신용보강,금융기관,한국산업은행
71618,케이디비첨단전략이에스지제십일차,KRZF0104D6GF,케이디비첨단전략이에스지제십일차 20260309-91-39,N,20260309,20260608,회사채,KRW,,200000000,200000000,47,,A1,,,인텔리안테크놀로지스,외부 신용보강,금융기관,한국산업은행
71618,케이디비첨단전략이에스지제십일차,KRZF0104D6GF,케이디비첨단전략이에스지제십일차 20260309-91-39,N,20260309,20260608,회사채,KRW,,200000000,200000000,47,,A1,,,태우,외부 신용보강,금융기관,한국산업은행
71618,케이디비첨단전략이에스지제십일차,KRZF0104D6GF,케이디비첨단전략이에스지제십일차 20260309-91-39,N,20260309,20260608,회사채,KRW,,200000000,200000000,47,,A1,,,이지바이오(분할신설),외부 신용보강,금융기관,한국산업은행
71618,케이디비첨단전략이에스지제십일차,KRZF0104D6GF,케이디비첨단전략이에스지제십일차 20260309-91-39,N,20260309,20260608,회사채,KRW,,200000000,200000000,47,,A1,,,탑솔라(주),외부 신용보강,금융기관,한국산업은행
71618,케이디비첨단전략이에스지제십일차,KRZF0104D4G3,케이디비첨단전략이에스지제십일차 20260309-91-4,N,20260309,20260608,회사채,KRW,,5000000000,5000000000,47,,A1,,,금강공업,외부 신용보강,금융기관,한국산업은행
71618,케이디비첨단전략이에스지제십일차,KRZF0104D4G3,케이디비첨단전략이에스지제십일차 20260309-91-4,N,20260309,20260608,회사채,KRW,,5000000000,5000000000,47,,A1,,,엔브이에이치코리아,외부 신용보강,금융기관,한국산업은행
71618,케이디비첨단전략이에스지제십일차,KRZF0104D4G3,케이디비첨단전략이에스지제십일차 20260309-91-4,N,20260309,20260608,회사채,KRW,,5000000000,5000000000,47,,A1,,,에이제이네트웍스,외부 신용보강,금융기관,한국산업은행
71618,케이디비첨단전략이에스지제십일차,KRZF0104D4G3,케이디비첨단전략이에스지제십일차 20260309-91-4,N,20260309,20260608,회사채,KRW,,5000000000,5000000000,47,,A1,,,하이호금속,외부 신용보강,금융기관,한국산업은행
71618,케이디비첨단전략이에스지제십일차,KRZF0104D4G3,케이디비첨단전략이에스지제십일차 20260309-91-4,N,20260309,20260608,회사채,KRW,,5000000000,5000000000,47,,A1,,,동희산업,외부 신용보강,금융기관,한국산업은행
71618,케이디비첨단전략이에스지제십일차,KRZF0104D4G3,케이디비첨단전략이에스지제십일차 20260309-91-4,N,20260309,20260608,회사채,KRW,,5000000000,5000000000,47,,A1,,,광메탈,외부 신용보강,금융기관,한국산업은행
71618,케이디비첨단전략이에스지제십일차,KRZF0104D4G3,케이디비첨단전략이에스지제십일차 20260309-91-4,N,20260309,20260608,회사채,KRW,,5000000000,5000000000,47,,A1,,,인텔리안테크놀로지스,외부 신용보강,금융기관,한국산업은행
71618,케이디비첨단전략이에스지제십일차,KRZF0104D4G3,케이디비첨단전략이에스지제십일차 20260309-91-4,N,20260309,20260608,회사채,KRW,,5000000000,5000000000,47,,A1,,,태우,외부 신용보강,금융기관,한국산업은행
71618,케이디비첨단전략이에스지제십일차,KRZF0104D4G3,케이디비첨단전략이에스지제십일차 20260309-91-4,N,20260309,20260608,회사채,KRW,,5000000000,5000000000,47,,A1,,,이지바이오(분할신설),외부 신용보강,금융기관,한국산업은행
71618,케이디비첨단전략이에스지제십일차,KRZF0104D4G3,케이디비첨단전략이에스지제십일차 20260309-91-4,N,20260309,20260608,회사채,KRW,,5000000000,5000000000,47,,A1,,,탑솔라(주),외부 신용보강,금융기관,한국산업은행
71618,케이디비첨단전략이에스지제십일차,KRZF0104D7GF,케이디비첨단전략이에스지제십일차 20260309-91-40,N,20260309,20260608,회사채,KRW,,5000000000,5000000000,47,,A1,,,금강공업,외부 신용보강,금융기관,한국산업은행
71618,케이디비첨단전략이에스지제십일차,KRZF0104D7GF,케이디비첨단전략이에스지제십일차 20260309-91-40,N,20260309,20260608,회사채,KRW,,5000000000,5000000000,47,,A1,,,엔브이에이치코리아,외부 신용보강,금융기관,한국산업은행
71618,케이디비첨단전략이에스지제십일차,KRZF0104D7GF,케이디비첨단전략이에스지제십일차 20260309-91-40,N,20260309,20260608,회사채,KRW,,5000000000,5000000000,47,,A1,,,에이제이네트웍스,외부 신용보강,금융기관,한국산업은행
71618,케이디비첨단전략이에스지제십일차,KRZF0104D7GF,케이디비첨단전략이에스지제십일차 20260309-91-40,N,20260309,20260608,회사채,KRW,,5000000000,5000000000,47,,A1,,,하이호금속,외부 신용보강,금융기관,한국산업은행
71618,케이디비첨단전략이에스지제십일차,KRZF0104D7GF,케이디비첨단전략이에스지제십일차 20260309-91-40,N,20260309,20260608,회사채,KRW,,5000000000,5000000000,47,,A1,,,동희산업,외부 신용보강,금융기관,한국산업은행
71618,케이디비첨단전략이에스지제십일차,KRZF0104D7GF,케이디비첨단전략이에스지제십일차 20260309-91-40,N,20260309,20260608,회사채,KRW,,5000000000,5000000000,47,,A1,,,광메탈,외부 신용보강,금융기관,한국산업은행
71618,케이디비첨단전략이에스지제십일차,KRZF0104D7GF,케이디비첨단전략이에스지제십일차 20260309-91-40,N,20260309,20260608,회사채,KRW,,5000000000,5000000000,47,,A1,,,인텔리안테크놀로지스,외부 신용보강,금융기관,한국산업은행
71618,케이디비첨단전략이에스지제십일차,KRZF0104D7GF,케이디비첨단전략이에스지제십일차 20260309-91-40,N,20260309,20260608,회사채,KRW,,5000000000,5000000000,47,,A1,,,태우,외부 신용보강,금융기관,한국산업은행
71618,케이디비첨단전략이에스지제십일차,KRZF0104D7GF,케이디비첨단전략이에스지제십일차 20260309-91-40,N,20260309,20260608,회사채,KRW,,5000000000,5000000000,47,,A1,,,이지바이오(분할신설),외부 신용보강,금융기관,한국산업은행
71618,케이디비첨단전략이에스지제십일차,KRZF0104D7GF,케이디비첨단전략이에스지제십일차 20260309-91-40,N,20260309,20260608,회사채,KRW,,5000000000,5000000000,47,,A1,,,탑솔라(주),외부 신용보강,금융기관,한국산업은행
71618,케이디비첨단전략이에스지제십일차,KRZF0104D5G3,케이디비첨단전략이에스지제십일차 20260309-91-5,N,20260309,20260608,회사채,KRW,,5000000000,5000000000,47,,A1,,,금강공업,외부 신용보강,금융기관,한국산업은행
71618,케이디비첨단전략이에스지제십일차,KRZF0104D5G3,케이디비첨단전략이에스지제십일차 20260309-91-5,N,20260309,20260608,회사채,KRW,,5000000000,5000000000,47,,A1,,,엔브이에이치코리아,외부 신용보강,금융기관,한국산업은행
71618,케이디비첨단전략이에스지제십일차,KRZF0104D5G3,케이디비첨단전략이에스지제십일차 20260309-91-5,N,20260309,20260608,회사채,KRW,,5000000000,5000000000,47,,A1,,,에이제이네트웍스,외부 신용보강,금융기관,한국산업은행
71618,케이디비첨단전략이에스지제십일차,KRZF0104D5G3,케이디비첨단전략이에스지제십일차 20260309-91-5,N,20260309,20260608,회사채,KRW,,5000000000,5000000000,47,,A1,,,하이호금속,외부 신용보강,금융기관,한국산업은행
71618,케이디비첨단전략이에스지제십일차,KRZF0104D5G3,케이디비첨단전략이에스지제십일차 20260309-91-5,N,20260309,20260608,회사채,KRW,,5000000000,5000000000,47,,A1,,,동희산업,외부 신용보강,금융기관,한국산업은행
71618,케이디비첨단전략이에스지제십일차,KRZF0104D5G3,케이디비첨단전략이에스지제십일차 20260309-91-5,N,20260309,20260608,회사채,KRW,,5000000000,5000000000,47,,A1,,,광메탈,외부 신용보강,금융기관,한국산업은행
71618,케이디비첨단전략이에스지제십일차,KRZF0104D5G3,케이디비첨단전략이에스지제십일차 20260309-91-5,N,20260309,20260608,회사채,KRW,,5000000000,5000000000,47,,A1,,,인텔리안테크놀로지스,외부 신용보강,금융기관,한국산업은행
71618,케이디비첨단전략이에스지제십일차,KRZF0104D5G3,케이디비첨단전략이에스지제십일차 20260309-91-5,N,20260309,20260608,회사채,KRW,,5000000000,5000000000,47,,A1,,,태우,외부 신용보강,금융기관,한국산업은행
71618,케이디비첨단전략이에스지제십일차,KRZF0104D5G3,케이디비첨단전략이에스지제십일차 20260309-91-5,N,20260309,20260608,회사채,KRW,,5000000000,5000000000,47,,A1,,,이지바이오(분할신설),외부 신용보강,금융기관,한국산업은행
71618,케이디비첨단전략이에스지제십일차,KRZF0104D5G3,케이디비첨단전략이에스지제십일차 20260309-91-5,N,20260309,20260608,회사채,KRW,,5000000000,5000000000,47,,A1,,,탑솔라(주),외부 신용보강,금융기관,한국산업은행
71618,케이디비첨단전략이에스지제십일차,KRZF0104D6G3,케이디비첨단전략이에스지제십일차 20260309-91-6,N,20260309,20260608,회사채,KRW,,5000000000,5000000000,47,,A1,,,금강공업,외부 신용보강,금융기관,한국산업은행
71618,케이디비첨단전략이에스지제십일차,KRZF0104D6G3,케이디비첨단전략이에스지제십일차 20260309-91-6,N,20260309,20260608,회사채,KRW,,5000000000,5000000000,47,,A1,,,엔브이에이치코리아,외부 신용보강,금융기관,한국산업은행
71618,케이디비첨단전략이에스지제십일차,KRZF0104D6G3,케이디비첨단전략이에스지제십일차 20260309-91-6,N,20260309,20260608,회사채,KRW,,5000000000,5000000000,47,,A1,,,에이제이네트웍스,외부 신용보강,금융기관,한국산업은행
71618,케이디비첨단전략이에스지제십일차,KRZF0104D6G3,케이디비첨단전략이에스지제십일차 20260309-91-6,N,20260309,20260608,회사채,KRW,,5000000000,5000000000,47,,A1,,,하이호금속,외부 신용보강,금융기관,한국산업은행
71618,케이디비첨단전략이에스지제십일차,KRZF0104D6G3,케이디비첨단전략이에스지제십일차 20260309-91-6,N,20260309,20260608,회사채,KRW,,5000000000,5000000000,47,,A1,,,동희산업,외부 신용보강,금융기관,한국산업은행
71618,케이디비첨단전략이에스지제십일차,KRZF0104D6G3,케이디비첨단전략이에스지제십일차 20260309-91-6,N,20260309,20260608,회사채,KRW,,5000000000,5000000000,47,,A1,,,광메탈,외부 신용보강,금융기관,한국산업은행
71618,케이디비첨단전략이에스지제십일차,KRZF0104D6G3,케이디비첨단전략이에스지제십일차 20260309-91-6,N,20260309,20260608,회사채,KRW,,5000000000,5000000000,47,,A1,,,인텔리안테크놀로지스,외부 신용보강,금융기관,한국산업은행
71618,케이디비첨단전략이에스지제십일차,KRZF0104D6G3,케이디비첨단전략이에스지제십일차 20260309-91-6,N,20260309,20260608,회사채,KRW,,5000000000,5000000000,47,,A1,,,태우,외부 신용보강,금융기관,한국산업은행
71618,케이디비첨단전략이에스지제십일차,KRZF0104D6G3,케이디비첨단전략이에스지제십일차 20260309-91-6,N,20260309,20260608,회사채,KRW,,5000000000,5000000000,47,,A1,,,이지바이오(분할신설),외부 신용보강,금융기관,한국산업은행
71618,케이디비첨단전략이에스지제십일차,KRZF0104D6G3,케이디비첨단전략이에스지제십일차 20260309-91-6,N,20260309,20260608,회사채,KRW,,5000000000,5000000000,47,,A1,,,탑솔라(주),외부 신용보강,금융기관,한국산업은행
71618,케이디비첨단전략이에스지제십일차,KRZF0104D7G3,케이디비첨단전략이에스지제십일차 20260309-91-7,N,20260309,20260608,회사채,KRW,,5000000000,5000000000,47,,A1,,,금강공업,외부 신용보강,금융기관,한국산업은행
71618,케이디비첨단전략이에스지제십일차,KRZF0104D7G3,케이디비첨단전략이에스지제십일차 20260309-91-7,N,20260309,20260608,회사채,KRW,,5000000000,5000000000,47,,A1,,,엔브이에이치코리아,외부 신용보강,금융기관,한국산업은행
71618,케이디비첨단전략이에스지제십일차,KRZF0104D7G3,케이디비첨단전략이에스지제십일차 20260309-91-7,N,20260309,20260608,회사채,KRW,,5000000000,5000000000,47,,A1,,,에이제이네트웍스,외부 신용보강,금융기관,한국산업은행
71618,케이디비첨단전략이에스지제십일차,KRZF0104D7G3,케이디비첨단전략이에스지제십일차 20260309-91-7,N,20260309,20260608,회사채,KRW,,5000000000,5000000000,47,,A1,,,하이호금속,외부 신용보강,금융기관,한국산업은행
71618,케이디비첨단전략이에스지제십일차,KRZF0104D7G3,케이디비첨단전략이에스지제십일차 20260309-91-7,N,20260309,20260608,회사채,KRW,,5000000000,5000000000,47,,A1,,,동희산업,외부 신용보강,금융기관,한국산업은행
71618,케이디비첨단전략이에스지제십일차,KRZF0104D7G3,케이디비첨단전략이에스지제십일차 20260309-91-7,N,20260309,20260608,회사채,KRW,,5000000000,5000000000,47,,A1,,,광메탈,외부 신용보강,금융기관,한국산업은행
71618,케이디비첨단전략이에스지제십일차,KRZF0104D7G3,케이디비첨단전략이에스지제십일차 20260309-91-7,N,20260309,20260608,회사채,KRW,,5000000000,5000000000,47,,A1,,,인텔리안테크놀로지스,외부 신용보강,금융기관,한국산업은행
71618,케이디비첨단전략이에스지제십일차,KRZF0104D7G3,케이디비첨단전략이에스지제십일차 20260309-91-7,N,20260309,20260608,회사채,KRW,,5000000000,5000000000,47,,A1,,,태우,외부 신용보강,금융기관,한국산업은행
71618,케이디비첨단전략이에스지제십일차,KRZF0104D7G3,케이디비첨단전략이에스지제십일차 20260309-91-7,N,20260309,20260608,회사채,KRW,,5000000000,5000000000,47,,A1,,,이지바이오(분할신설),외부 신용보강,금융기관,한국산업은행
71618,케이디비첨단전략이에스지제십일차,KRZF0104D7G3,케이디비첨단전략이에스지제십일차 20260309-91-7,N,20260309,20260608,회사채,KRW,,5000000000,5000000000,47,,A1,,,탑솔라(주),외부 신용보강,금융기관,한국산업은행
71618,케이디비첨단전략이에스지제십일차,KRZF0104D8G3,케이디비첨단전략이에스지제십일차 20260309-91-8,N,20260309,20260608,회사채,KRW,,5000000000,5000000000,47,,A1,,,금강공업,외부 신용보강,금융기관,한국산업은행
71618,케이디비첨단전략이에스지제십일차,KRZF0104D8G3,케이디비첨단전략이에스지제십일차 20260309-91-8,N,20260309,20260608,회사채,KRW,,5000000000,5000000000,47,,A1,,,엔브이에이치코리아,외부 신용보강,금융기관,한국산업은행
71618,케이디비첨단전략이에스지제십일차,KRZF0104D8G3,케이디비첨단전략이에스지제십일차 20260309-91-8,N,20260309,20260608,회사채,KRW,,5000000000,5000000000,47,,A1,,,에이제이네트웍스,외부 신용보강,금융기관,한국산업은행
71618,케이디비첨단전략이에스지제십일차,KRZF0104D8G3,케이디비첨단전략이에스지제십일차 20260309-91-8,N,20260309,20260608,회사채,KRW,,5000000000,5000000000,47,,A1,,,하이호금속,외부 신용보강,금융기관,한국산업은행
71618,케이디비첨단전략이에스지제십일차,KRZF0104D8G3,케이디비첨단전략이에스지제십일차 20260309-91-8,N,20260309,20260608,회사채,KRW,,5000000000,5000000000,47,,A1,,,동희산업,외부 신용보강,금융기관,한국산업은행
71618,케이디비첨단전략이에스지제십일차,KRZF0104D8G3,케이디비첨단전략이에스지제십일차 20260309-91-8,N,20260309,20260608,회사채,KRW,,5000000000,5000000000,47,,A1,,,광메탈,외부 신용보강,금융기관,한국산업은행
71618,케이디비첨단전략이에스지제십일차,KRZF0104D8G3,케이디비첨단전략이에스지제십일차 20260309-91-8,N,20260309,20260608,회사채,KRW,,5000000000,5000000000,47,,A1,,,인텔리안테크놀로지스,외부 신용보강,금융기관,한국산업은행
71618,케이디비첨단전략이에스지제십일차,KRZF0104D8G3,케이디비첨단전략이에스지제십일차 20260309-91-8,N,20260309,20260608,회사채,KRW,,5000000000,5000000000,47,,A1,,,태우,외부 신용보강,금융기관,한국산업은행
71618,케이디비첨단전략이에스지제십일차,KRZF0104D8G3,케이디비첨단전략이에스지제십일차 20260309-91-8,N,20260309,20260608,회사채,KRW,,5000000000,5000000000,47,,A1,,,이지바이오(분할신설),외부 신용보강,금융기관,한국산업은행
71618,케이디비첨단전략이에스지제십일차,KRZF0104D8G3,케이디비첨단전략이에스지제십일차 20260309-91-8,N,20260309,20260608,회사채,KRW,,5000000000,5000000000,47,,A1,,,탑솔라(주),외부 신용보강,금융기관,한국산업은행
71618,케이디비첨단전략이에스지제십일차,KRZF0104D9G3,케이디비첨단전략이에스지제십일차 20260309-91-9,N,20260309,20260608,회사채,KRW,,5000000000,5000000000,47,,A1,,,금강공업,외부 신용보강,금융기관,한국산업은행
71618,케이디비첨단전략이에스지제십일차,KRZF0104D9G3,케이디비첨단전략이에스지제십일차 20260309-91-9,N,20260309,20260608,회사채,KRW,,5000000000,5000000000,47,,A1,,,엔브이에이치코리아,외부 신용보강,금융기관,한국산업은행
71618,케이디비첨단전략이에스지제십일차,KRZF0104D9G3,케이디비첨단전략이에스지제십일차 20260309-91-9,N,20260309,20260608,회사채,KRW,,5000000000,5000000000,47,,A1,,,에이제이네트웍스,외부 신용보강,금융기관,한국산업은행
71618,케이디비첨단전략이에스지제십일차,KRZF0104D9G3,케이디비첨단전략이에스지제십일차 20260309-91-9,N,20260309,20260608,회사채,KRW,,5000000000,5000000000,47,,A1,,,하이호금속,외부 신용보강,금융기관,한국산업은행
71618,케이디비첨단전략이에스지제십일차,KRZF0104D9G3,케이디비첨단전략이에스지제십일차 20260309-91-9,N,20260309,20260608,회사채,KRW,,5000000000,5000000000,47,,A1,,,동희산업,외부 신용보강,금융기관,한국산업은행
71618,케이디비첨단전략이에스지제십일차,KRZF0104D9G3,케이디비첨단전략이에스지제십일차 20260309-91-9,N,20260309,20260608,회사채,KRW,,5000000000,5000000000,47,,A1,,,광메탈,외부 신용보강,금융기관,한국산업은행
71618,케이디비첨단전략이에스지제십일차,KRZF0104D9G3,케이디비첨단전략이에스지제십일차 20260309-91-9,N,20260309,20260608,회사채,KRW,,5000000000,5000000000,47,,A1,,,인텔리안테크놀로지스,외부 신용보강,금융기관,한국산업은행
71618,케이디비첨단전략이에스지제십일차,KRZF0104D9G3,케이디비첨단전략이에스지제십일차 20260309-91-9,N,20260309,20260608,회사채,KRW,,5000000000,5000000000,47,,A1,,,태우,외부 신용보강,금융기관,한국산업은행
71618,케이디비첨단전략이에스지제십일차,KRZF0104D9G3,케이디비첨단전략이에스지제십일차 20260309-91-9,N,20260309,20260608,회사채,KRW,,5000000000,5000000000,47,,A1,,,이지바이오(분할신설),외부 신용보강,금융기관,한국산업은행
71618,케이디비첨단전략이에스지제십일차,KRZF0104D9G3,케이디비첨단전략이에스지제십일차 20260309-91-9,N,20260309,20260608,회사채,KRW,,5000000000,5000000000,47,,A1,,,탑솔라(주),외부 신용보강,금융기관,한국산업은행
69119,케이비에이치엘,KRZF0026P1G3,케이비에이치엘 20260309-91-1,N,20260309,20260608,대출채권,KRW,,8000000000,8000000000,47,A1,A1,,,에이치라인해운,차환발행위험(유동성 공여형 매입약정),금융기관,국민은행
69119,케이비에이치엘,KRZF0026PAG3,케이비에이치엘 20260309-91-10,N,20260309,20260608,대출채권,KRW,,2200000000,2200000000,47,A1,A1,,,에이치라인해운,차환발행위험(유동성 공여형 매입약정),금융기관,국민은행
69119,케이비에이치엘,KRZF0026P2G3,케이비에이치엘 20260309-91-2,N,20260309,20260608,대출채권,KRW,,5000000000,5000000000,47,A1,A1,,,에이치라인해운,차환발행위험(유동성 공여형 매입약정),금융기관,국민은행
69119,케이비에이치엘,KRZF0026P3G3,케이비에이치엘 20260309-91-3,N,20260309,20260608,대출채권,KRW,,5000000000,5000000000,47,A1,A1,,,에이치라인해운,차환발행위험(유동성 공여형 매입약정),금융기관,국민은행
69119,케이비에이치엘,KRZF0026P4G3,케이비에이치엘 20260309-91-4,N,20260309,20260608,대출채권,KRW,,5000000000,5000000000,47,A1,A1,,,에이치라인해운,차환발행위험(유동성 공여형 매입약정),금융기관,국민은행
69119,케이비에이치엘,KRZF0026P5G3,케이비에이치엘 20260309-91-5,N,20260309,20260608,대출채권,KRW,,5000000000,5000000000,47,A1,A1,,,에이치라인해운,차환발행위험(유동성 공여형 매입약정),금융기관,국민은행
69119,케이비에이치엘,KRZF0026P6G3,케이비에이치엘 20260309-91-6,N,20260309,20260608,대출채권,KRW,,4000000000,4000000000,47,A1,A1,,,에이치라인해운,차환발행위험(유동성 공여형 매입약정),금융기관,국민은행
69119,케이비에이치엘,KRZF0026P7G3,케이비에이치엘 20260309-91-7,N,20260309,20260608,대출채권,KRW,,2000000000,2000000000,47,A1,A1,,,에이치라인해운,차환발행위험(유동성 공여형 매입약정),금융기관,국민은행
69119,케이비에이치엘,KRZF0026P8G3,케이비에이치엘 20260309-91-8,N,20260309,20260608,대출채권,KRW,,5000000000,5000000000,47,A1,A1,,,에이치라인해운,차환발행위험(유동성 공여형 매입약정),금융기관,국민은행
69119,케이비에이치엘,KRZF0026P9G3,케이비에이치엘 20260309-91-9,N,20260309,20260608,대출채권,KRW,,5000000000,5000000000,47,A1,A1,,,에이치라인해운,차환발행위험(유동성 공여형 매입약정),금융기관,국민은행
62145,케이비이글스제일차,KRZF357941G3,케이비이글스제일차 20260309-91-1,N,20260309,20260608,대출채권,KRW,,5000000000,5000000000,47,A1,A1,,,한화에어로스페이스,차환발행위험(유동성 공여형 매입약정),금융기관,국민은행
62145,케이비이글스제일차,KRZF357942G3,케이비이글스제일차 20260309-91-2,N,20260309,20260608,대출채권,KRW,,5000000000,5000000000,47,A1,A1,,,한화에어로스페이스,차환발행위험(유동성 공여형 매입약정),금융기관,국민은행
62145,케이비이글스제일차,KRZF357943G3,케이비이글스제일차 20260309-91-3,N,20260309,20260608,대출채권,KRW,,5000000000,5000000000,47,A1,A1,,,한화에어로스페이스,차환발행위험(유동성 공여형 매입약정),금융기관,국민은행
62145,케이비이글스제일차,KRZF357944G3,케이비이글스제일차 20260309-91-4,N,20260309,20260608,대출채권,KRW,,5000000000,5000000000,47,A1,A1,,,한화에어로스페이스,차환발행위험(유동성 공여형 매입약정),금융기관,국민은행
62145,케이비이글스제일차,KRZF357945G3,케이비이글스제일차 20260309-91-5,N,20260309,20260608,대출채권,KRW,,5000000000,5000000000,47,A1,A1,,,한화에어로스페이스,차환발행위험(유동성 공여형 매입약정),금융기관,국민은행
62145,케이비이글스제일차,KRZF357946G3,케이비이글스제일차 20260309-91-6,N,20260309,20260608,대출채권,KRW,,5000000000,5000000000,47,A1,A1,,,한화에어로스페이스,차환발행위험(유동성 공여형 매입약정),금융기관,국민은행
64954,케이비이에스지제일차,KRZFA78101G3,케이비이에스지제일차 20260309-91-1,N,20260309,20260608,대출채권,KRW,,5000000000,5000000000,47,A1,A1,,,아이에스동서,차환발행위험(유동성 공여형 매입약정),금융기관,국민은행
64954,케이비이에스지제일차,KRZFA78102G3,케이비이에스지제일차 20260309-91-2,N,20260309,20260608,대출채권,KRW,,5000000000,5000000000,47,A1,A1,,,아이에스동서,차환발행위험(유동성 공여형 매입약정),금융기관,국민은행
64954,케이비이에스지제일차,KRZFA78103G3,케이비이에스지제일차 20260309-91-3,N,20260309,20260608,대출채권,KRW,,5000000000,5000000000,47,A1,A1,,,아이에스동서,차환발행위험(유동성 공여형 매입약정),금융기관,국민은행
64954,케이비이에스지제일차,KRZFA78104G3,케이비이에스지제일차 20260309-91-4,N,20260309,20260608,대출채권,KRW,,5000000000,5000000000,47,A1,A1,,,아이에스동서,차환발행위험(유동성 공여형 매입약정),금융기관,국민은행
64954,케이비이에스지제일차,KRZFA78105G3,케이비이에스지제일차 20260309-91-5,N,20260309,20260608,대출채권,KRW,,5000000000,5000000000,47,A1,A1,,,아이에스동서,차환발행위험(유동성 공여형 매입약정),금융기관,국민은행
64954,케이비이에스지제일차,KRZFA78106G3,케이비이에스지제일차 20260309-91-6,N,20260309,20260608,대출채권,KRW,,5000000000,5000000000,47,A1,A1,,,아이에스동서,차환발행위험(유동성 공여형 매입약정),금융기관,국민은행
64954,케이비이에스지제일차,KRZFA78107G3,케이비이에스지제일차 20260309-91-7,N,20260309,20260608,대출채권,KRW,,2500000000,2500000000,47,A1,A1,,,아이에스동서,차환발행위험(유동성 공여형 매입약정),금융기관,국민은행
70336,하나에이치인더홀딩스제사차,KRZF0069B1G3,하나에이치인더홀딩스제사차 20260309-92-1,N,20260309,20260609,대출채권,KRW,,5000000000,5000000000,48,A1,A1,,,에이치디현대(주),차환발행위험(유동성 공여형 매입약정),금융기관,하나은행
70336,하나에이치인더홀딩스제사차,KRZF0069B2G3,하나에이치인더홀딩스제사차 20260309-92-2,N,20260309,20260609,대출채권,KRW,,5000000000,5000000000,48,A1,A1,,,에이치디현대(주),차환발행위험(유동성 공여형 매입약정),금융기관,하나은행
70336,하나에이치인더홀딩스제사차,KRZF0069B3G3,하나에이치인더홀딩스제사차 20260309-92-3,N,20260309,20260609,대출채권,KRW,,5000000000,5000000000,48,A1,A1,,,에이치디현대(주),차환발행위험(유동성 공여형 매입약정),금융기관,하나은행
70336,하나에이치인더홀딩스제사차,KRZF0069B4G3,하나에이치인더홀딩스제사차 20260309-92-4,N,20260309,20260609,대출채권,KRW,,5000000000,5000000000,48,A1,A1,,,에이치디현대(주),차환발행위험(유동성 공여형 매입약정),금융기관,하나은행
