플랜번호,발행인,종목코드,종목명,PF여부,발행일,만기일,기초자산,통화,환율,발행금액,원화환산발행금액,잔존일물,한국신용평가,한국기업평가,NICE신용평가,서울신용평가,실질자금조달자,신용보강 유형,신용보강기관 유형,신용보강기관
70655,고메하나제일차,KRZF0078K1G3,고메하나제일차 20260327-91-1,N,20260327,20260626,대출채권,KRW,,5000000000,5000000000,65,A1,,A1,,신한은행,외부 신용보강,금융기관,하나은행
70655,고메하나제일차,KRZF0078KAG3,고메하나제일차 20260327-91-10,N,20260327,20260626,대출채권,KRW,,5000000000,5000000000,65,A1,,A1,,신한은행,외부 신용보강,금융기관,하나은행
70655,고메하나제일차,KRZF0078KBG3,고메하나제일차 20260327-91-11,N,20260327,20260626,대출채권,KRW,,5000000000,5000000000,65,A1,,A1,,신한은행,외부 신용보강,금융기관,하나은행
70655,고메하나제일차,KRZF0078KCG3,고메하나제일차 20260327-91-12,N,20260327,20260626,대출채권,KRW,,5000000000,5000000000,65,A1,,A1,,신한은행,외부 신용보강,금융기관,하나은행
70655,고메하나제일차,KRZF0078KDG3,고메하나제일차 20260327-91-13,N,20260327,20260626,대출채권,KRW,,5000000000,5000000000,65,A1,,A1,,신한은행,외부 신용보강,금융기관,하나은행
70655,고메하나제일차,KRZF0078K2G3,고메하나제일차 20260327-91-2,N,20260327,20260626,대출채권,KRW,,5000000000,5000000000,65,A1,,A1,,신한은행,외부 신용보강,금융기관,하나은행
70655,고메하나제일차,KRZF0078K3G3,고메하나제일차 20260327-91-3,N,20260327,20260626,대출채권,KRW,,5000000000,5000000000,65,A1,,A1,,신한은행,외부 신용보강,금융기관,하나은행
70655,고메하나제일차,KRZF0078K4G3,고메하나제일차 20260327-91-4,N,20260327,20260626,대출채권,KRW,,5000000000,5000000000,65,A1,,A1,,신한은행,외부 신용보강,금융기관,하나은행
70655,고메하나제일차,KRZF0078K5G3,고메하나제일차 20260327-91-5,N,20260327,20260626,대출채권,KRW,,5000000000,5000000000,65,A1,,A1,,신한은행,외부 신용보강,금융기관,하나은행
70655,고메하나제일차,KRZF0078K6G3,고메하나제일차 20260327-91-6,N,20260327,20260626,대출채권,KRW,,5000000000,5000000000,65,A1,,A1,,신한은행,외부 신용보강,금융기관,하나은행
70655,고메하나제일차,KRZF0078K7G3,고메하나제일차 20260327-91-7,N,20260327,20260626,대출채권,KRW,,5000000000,5000000000,65,A1,,A1,,신한은행,외부 신용보강,금융기관,하나은행
70655,고메하나제일차,KRZF0078K8G3,고메하나제일차 20260327-91-8,N,20260327,20260626,대출채권,KRW,,5000000000,5000000000,65,A1,,A1,,신한은행,외부 신용보강,금융기관,하나은행
70655,고메하나제일차,KRZF0078K9G3,고메하나제일차 20260327-91-9,N,20260327,20260626,대출채권,KRW,,5000000000,5000000000,65,A1,,A1,,신한은행,외부 신용보강,금융기관,하나은행
67300,뉴스타하트제일차,KRZFA92121G3,뉴스타하트제일차 20260327-94-1,N,20260327,20260629,매출채권,KRW,,5000000000,5000000000,68,,A1,A1,,심텍,외부 신용보강,일반기업,심텍
67300,뉴스타하트제일차,KRZFA92122G3,뉴스타하트제일차 20260327-94-2,N,20260327,20260629,매출채권,KRW,,5000000000,5000000000,68,,A1,A1,,심텍,외부 신용보강,일반기업,심텍
65751,리치게이트남서울,KRZFA84321G3,리치게이트남서울 20260327-31-1,Y,20260327,20260427,PF대출채권,KRW,,5000000000,5000000000,5,A1,,A1,,남서울종합시장 시장정비사업조합,외부 신용보강,금융기관,신한은행
65751,리치게이트남서울,KRZFA84322G3,리치게이트남서울 20260327-31-2,Y,20260327,20260427,PF대출채권,KRW,,5000000000,5000000000,5,A1,,A1,,남서울종합시장 시장정비사업조합,외부 신용보강,금융기관,신한은행
65751,리치게이트남서울,KRZFA84323G3,리치게이트남서울 20260327-31-3,Y,20260327,20260427,PF대출채권,KRW,,5000000000,5000000000,5,A1,,A1,,남서울종합시장 시장정비사업조합,외부 신용보강,금융기관,신한은행
65751,리치게이트남서울,KRZFA84324G3,리치게이트남서울 20260327-31-4,Y,20260327,20260427,PF대출채권,KRW,,5000000000,5000000000,5,A1,,A1,,남서울종합시장 시장정비사업조합,외부 신용보강,금융기관,신한은행
65751,리치게이트남서울,KRZFA84325G3,리치게이트남서울 20260327-31-5,Y,20260327,20260427,PF대출채권,KRW,,5000000000,5000000000,5,A1,,A1,,남서울종합시장 시장정비사업조합,외부 신용보강,금융기관,신한은행
65751,리치게이트남서울,KRZFA84326G3,리치게이트남서울 20260327-31-6,Y,20260327,20260427,PF대출채권,KRW,,5000000000,5000000000,5,A1,,A1,,남서울종합시장 시장정비사업조합,외부 신용보강,금융기관,신한은행
65751,리치게이트남서울,KRZFA84327G3,리치게이트남서울 20260327-31-7,Y,20260327,20260427,PF대출채권,KRW,,5000000000,5000000000,5,A1,,A1,,남서울종합시장 시장정비사업조합,외부 신용보강,금융기관,신한은행
65751,리치게이트남서울,KRZFA84328G3,리치게이트남서울 20260327-31-8,Y,20260327,20260427,PF대출채권,KRW,,4730954236,4730954236,5,A1,,A1,,남서울종합시장 시장정비사업조합,외부 신용보강,금융기관,신한은행
74349,시그니처제육차,KRZFA39331G3,시그니처제육차 20260327-193-1,N,20260327,20261006,정기예금,KRW,,5000000000,5000000000,167,A1,,A1,,제주은행,자체 신용보강,자체 신용보강,제주은행
74349,시그니처제육차,KRZFA3933AG3,시그니처제육차 20260327-193-10,N,20260327,20261006,정기예금,KRW,,5000000000,5000000000,167,A1,,A1,,제주은행,자체 신용보강,자체 신용보강,제주은행
74349,시그니처제육차,KRZFA3933BG3,시그니처제육차 20260327-193-11,N,20260327,20261006,정기예금,KRW,,5000000000,5000000000,167,A1,,A1,,제주은행,자체 신용보강,자체 신용보강,제주은행
74349,시그니처제육차,KRZFA3933CG3,시그니처제육차 20260327-193-12,N,20260327,20261006,정기예금,KRW,,5000000000,5000000000,167,A1,,A1,,제주은행,자체 신용보강,자체 신용보강,제주은행
74349,시그니처제육차,KRZFA3933DG3,시그니처제육차 20260327-193-13,N,20260327,20261006,정기예금,KRW,,5000000000,5000000000,167,A1,,A1,,제주은행,자체 신용보강,자체 신용보강,제주은행
74349,시그니처제육차,KRZFA3933EG3,시그니처제육차 20260327-193-14,N,20260327,20261006,정기예금,KRW,,5000000000,5000000000,167,A1,,A1,,제주은행,자체 신용보강,자체 신용보강,제주은행
74349,시그니처제육차,KRZFA3933FG3,시그니처제육차 20260327-193-15,N,20260327,20261006,정기예금,KRW,,5000000000,5000000000,167,A1,,A1,,제주은행,자체 신용보강,자체 신용보강,제주은행
74349,시그니처제육차,KRZFA3933GG3,시그니처제육차 20260327-193-16,N,20260327,20261006,정기예금,KRW,,5000000000,5000000000,167,A1,,A1,,제주은행,자체 신용보강,자체 신용보강,제주은행
74349,시그니처제육차,KRZFA3933HG3,시그니처제육차 20260327-193-17,N,20260327,20261006,정기예금,KRW,,5000000000,5000000000,167,A1,,A1,,제주은행,자체 신용보강,자체 신용보강,제주은행
74349,시그니처제육차,KRZFA3933JG3,시그니처제육차 20260327-193-18,N,20260327,20261006,정기예금,KRW,,5000000000,5000000000,167,A1,,A1,,제주은행,자체 신용보강,자체 신용보강,제주은행
74349,시그니처제육차,KRZFA3933KG3,시그니처제육차 20260327-193-19,N,20260327,20261006,정기예금,KRW,,5000000000,5000000000,167,A1,,A1,,제주은행,자체 신용보강,자체 신용보강,제주은행
74349,시그니처제육차,KRZFA39332G3,시그니처제육차 20260327-193-2,N,20260327,20261006,정기예금,KRW,,5000000000,5000000000,167,A1,,A1,,제주은행,자체 신용보강,자체 신용보강,제주은행
74349,시그니처제육차,KRZFA3933LG3,시그니처제육차 20260327-193-20,N,20260327,20261006,정기예금,KRW,,5000000000,5000000000,167,A1,,A1,,제주은행,자체 신용보강,자체 신용보강,제주은행
74349,시그니처제육차,KRZFA39333G3,시그니처제육차 20260327-193-3,N,20260327,20261006,정기예금,KRW,,5000000000,5000000000,167,A1,,A1,,제주은행,자체 신용보강,자체 신용보강,제주은행
74349,시그니처제육차,KRZFA39334G3,시그니처제육차 20260327-193-4,N,20260327,20261006,정기예금,KRW,,5000000000,5000000000,167,A1,,A1,,제주은행,자체 신용보강,자체 신용보강,제주은행
74349,시그니처제육차,KRZFA39335G3,시그니처제육차 20260327-193-5,N,20260327,20261006,정기예금,KRW,,5000000000,5000000000,167,A1,,A1,,제주은행,자체 신용보강,자체 신용보강,제주은행
74349,시그니처제육차,KRZFA39336G3,시그니처제육차 20260327-193-6,N,20260327,20261006,정기예금,KRW,,5000000000,5000000000,167,A1,,A1,,제주은행,자체 신용보강,자체 신용보강,제주은행
74349,시그니처제육차,KRZFA39337G3,시그니처제육차 20260327-193-7,N,20260327,20261006,정기예금,KRW,,5000000000,5000000000,167,A1,,A1,,제주은행,자체 신용보강,자체 신용보강,제주은행
74349,시그니처제육차,KRZFA39338G3,시그니처제육차 20260327-193-8,N,20260327,20261006,정기예금,KRW,,5000000000,5000000000,167,A1,,A1,,제주은행,자체 신용보강,자체 신용보강,제주은행
74349,시그니처제육차,KRZFA39339G3,시그니처제육차 20260327-193-9,N,20260327,20261006,정기예금,KRW,,5000000000,5000000000,167,A1,,A1,,제주은행,자체 신용보강,자체 신용보강,제주은행
70675,에스타이거핑제일차,KRZF0081K1G3,에스타이거핑제일차 20260327-94-1,N,20260327,20260629,대출채권,KRW,,5000000000,5000000000,68,,A1,A1,,롯데쇼핑,외부 신용보강,금융기관,신한은행
70675,에스타이거핑제일차,KRZF0081KAG3,에스타이거핑제일차 20260327-94-10,N,20260327,20260629,대출채권,KRW,,5000000000,5000000000,68,,A1,A1,,롯데쇼핑,외부 신용보강,금융기관,신한은행
70675,에스타이거핑제일차,KRZF0081KBG3,에스타이거핑제일차 20260327-94-11,N,20260327,20260629,대출채권,KRW,,5000000000,5000000000,68,,A1,A1,,롯데쇼핑,외부 신용보강,금융기관,신한은행
70675,에스타이거핑제일차,KRZF0081KCG3,에스타이거핑제일차 20260327-94-12,N,20260327,20260629,대출채권,KRW,,5000000000,5000000000,68,,A1,A1,,롯데쇼핑,외부 신용보강,금융기관,신한은행
70675,에스타이거핑제일차,KRZF0081KDG3,에스타이거핑제일차 20260327-94-13,N,20260327,20260629,대출채권,KRW,,5000000000,5000000000,68,,A1,A1,,롯데쇼핑,외부 신용보강,금융기관,신한은행
70675,에스타이거핑제일차,KRZF0081KEG3,에스타이거핑제일차 20260327-94-14,N,20260327,20260629,대출채권,KRW,,5000000000,5000000000,68,,A1,A1,,롯데쇼핑,외부 신용보강,금융기관,신한은행
70675,에스타이거핑제일차,KRZF0081KFG3,에스타이거핑제일차 20260327-94-15,N,20260327,20260629,대출채권,KRW,,5000000000,5000000000,68,,A1,A1,,롯데쇼핑,외부 신용보강,금융기관,신한은행
70675,에스타이거핑제일차,KRZF0081KGG3,에스타이거핑제일차 20260327-94-16,N,20260327,20260629,대출채권,KRW,,5000000000,5000000000,68,,A1,A1,,롯데쇼핑,외부 신용보강,금융기관,신한은행
70675,에스타이거핑제일차,KRZF0081KHG3,에스타이거핑제일차 20260327-94-17,N,20260327,20260629,대출채권,KRW,,5000000000,5000000000,68,,A1,A1,,롯데쇼핑,외부 신용보강,금융기관,신한은행
70675,에스타이거핑제일차,KRZF0081KJG3,에스타이거핑제일차 20260327-94-18,N,20260327,20260629,대출채권,KRW,,5000000000,5000000000,68,,A1,A1,,롯데쇼핑,외부 신용보강,금융기관,신한은행
70675,에스타이거핑제일차,KRZF0081KKG3,에스타이거핑제일차 20260327-94-19,N,20260327,20260629,대출채권,KRW,,5000000000,5000000000,68,,A1,A1,,롯데쇼핑,외부 신용보강,금융기관,신한은행
70675,에스타이거핑제일차,KRZF0081K2G3,에스타이거핑제일차 20260327-94-2,N,20260327,20260629,대출채권,KRW,,5000000000,5000000000,68,,A1,A1,,롯데쇼핑,외부 신용보강,금융기관,신한은행
70675,에스타이거핑제일차,KRZF0081KLG3,에스타이거핑제일차 20260327-94-20,N,20260327,20260629,대출채권,KRW,,5000000000,5000000000,68,,A1,A1,,롯데쇼핑,외부 신용보강,금융기관,신한은행
70675,에스타이거핑제일차,KRZF0081KMG3,에스타이거핑제일차 20260327-94-21,N,20260327,20260629,대출채권,KRW,,5000000000,5000000000,68,,A1,A1,,롯데쇼핑,외부 신용보강,금융기관,신한은행
70675,에스타이거핑제일차,KRZF0081KNG3,에스타이거핑제일차 20260327-94-22,N,20260327,20260629,대출채권,KRW,,5000000000,5000000000,68,,A1,A1,,롯데쇼핑,외부 신용보강,금융기관,신한은행
70675,에스타이거핑제일차,KRZF0081KPG3,에스타이거핑제일차 20260327-94-23,N,20260327,20260629,대출채권,KRW,,5000000000,5000000000,68,,A1,A1,,롯데쇼핑,외부 신용보강,금융기관,신한은행
70675,에스타이거핑제일차,KRZF0081KQG3,에스타이거핑제일차 20260327-94-24,N,20260327,20260629,대출채권,KRW,,5000000000,5000000000,68,,A1,A1,,롯데쇼핑,외부 신용보강,금융기관,신한은행
70675,에스타이거핑제일차,KRZF0081KRG3,에스타이거핑제일차 20260327-94-25,N,20260327,20260629,대출채권,KRW,,5000000000,5000000000,68,,A1,A1,,롯데쇼핑,외부 신용보강,금융기관,신한은행
70675,에스타이거핑제일차,KRZF0081KSG3,에스타이거핑제일차 20260327-94-26,N,20260327,20260629,대출채권,KRW,,5000000000,5000000000,68,,A1,A1,,롯데쇼핑,외부 신용보강,금융기관,신한은행
70675,에스타이거핑제일차,KRZF0081KTG3,에스타이거핑제일차 20260327-94-27,N,20260327,20260629,대출채권,KRW,,5000000000,5000000000,68,,A1,A1,,롯데쇼핑,외부 신용보강,금융기관,신한은행
70675,에스타이거핑제일차,KRZF0081KVG3,에스타이거핑제일차 20260327-94-28,N,20260327,20260629,대출채권,KRW,,5000000000,5000000000,68,,A1,A1,,롯데쇼핑,외부 신용보강,금융기관,신한은행
70675,에스타이거핑제일차,KRZF0081KWG3,에스타이거핑제일차 20260327-94-29,N,20260327,20260629,대출채권,KRW,,5000000000,5000000000,68,,A1,A1,,롯데쇼핑,외부 신용보강,금융기관,신한은행
70675,에스타이거핑제일차,KRZF0081K3G3,에스타이거핑제일차 20260327-94-3,N,20260327,20260629,대출채권,KRW,,5000000000,5000000000,68,,A1,A1,,롯데쇼핑,외부 신용보강,금융기관,신한은행
70675,에스타이거핑제일차,KRZF0081KXG3,에스타이거핑제일차 20260327-94-30,N,20260327,20260629,대출채권,KRW,,5000000000,5000000000,68,,A1,A1,,롯데쇼핑,외부 신용보강,금융기관,신한은행
70675,에스타이거핑제일차,KRZF0081KYG3,에스타이거핑제일차 20260327-94-31,N,20260327,20260629,대출채권,KRW,,5000000000,5000000000,68,,A1,A1,,롯데쇼핑,외부 신용보강,금융기관,신한은행
70675,에스타이거핑제일차,KRZF0081KZG3,에스타이거핑제일차 20260327-94-32,N,20260327,20260629,대출채권,KRW,,5000000000,5000000000,68,,A1,A1,,롯데쇼핑,외부 신용보강,금융기관,신한은행
70675,에스타이거핑제일차,KRZF0081K0GF,에스타이거핑제일차 20260327-94-33,N,20260327,20260629,대출채권,KRW,,5000000000,5000000000,68,,A1,A1,,롯데쇼핑,외부 신용보강,금융기관,신한은행
70675,에스타이거핑제일차,KRZF0081K1GF,에스타이거핑제일차 20260327-94-34,N,20260327,20260629,대출채권,KRW,,5000000000,5000000000,68,,A1,A1,,롯데쇼핑,외부 신용보강,금융기관,신한은행
70675,에스타이거핑제일차,KRZF0081K2GF,에스타이거핑제일차 20260327-94-35,N,20260327,20260629,대출채권,KRW,,5000000000,5000000000,68,,A1,A1,,롯데쇼핑,외부 신용보강,금융기관,신한은행
70675,에스타이거핑제일차,KRZF0081K3GF,에스타이거핑제일차 20260327-94-36,N,20260327,20260629,대출채권,KRW,,5000000000,5000000000,68,,A1,A1,,롯데쇼핑,외부 신용보강,금융기관,신한은행
70675,에스타이거핑제일차,KRZF0081K4GF,에스타이거핑제일차 20260327-94-37,N,20260327,20260629,대출채권,KRW,,5000000000,5000000000,68,,A1,A1,,롯데쇼핑,외부 신용보강,금융기관,신한은행
70675,에스타이거핑제일차,KRZF0081K5GF,에스타이거핑제일차 20260327-94-38,N,20260327,20260629,대출채권,KRW,,5000000000,5000000000,68,,A1,A1,,롯데쇼핑,외부 신용보강,금융기관,신한은행
70675,에스타이거핑제일차,KRZF0081K6GF,에스타이거핑제일차 20260327-94-39,N,20260327,20260629,대출채권,KRW,,5000000000,5000000000,68,,A1,A1,,롯데쇼핑,외부 신용보강,금융기관,신한은행
70675,에스타이거핑제일차,KRZF0081K4G3,에스타이거핑제일차 20260327-94-4,N,20260327,20260629,대출채권,KRW,,5000000000,5000000000,68,,A1,A1,,롯데쇼핑,외부 신용보강,금융기관,신한은행
70675,에스타이거핑제일차,KRZF0081K7GF,에스타이거핑제일차 20260327-94-40,N,20260327,20260629,대출채권,KRW,,5000000000,5000000000,68,,A1,A1,,롯데쇼핑,외부 신용보강,금융기관,신한은행
70675,에스타이거핑제일차,KRZF0081K5G3,에스타이거핑제일차 20260327-94-5,N,20260327,20260629,대출채권,KRW,,5000000000,5000000000,68,,A1,A1,,롯데쇼핑,외부 신용보강,금융기관,신한은행
70675,에스타이거핑제일차,KRZF0081K6G3,에스타이거핑제일차 20260327-94-6,N,20260327,20260629,대출채권,KRW,,5000000000,5000000000,68,,A1,A1,,롯데쇼핑,외부 신용보강,금융기관,신한은행
70675,에스타이거핑제일차,KRZF0081K7G3,에스타이거핑제일차 20260327-94-7,N,20260327,20260629,대출채권,KRW,,5000000000,5000000000,68,,A1,A1,,롯데쇼핑,외부 신용보강,금융기관,신한은행
70675,에스타이거핑제일차,KRZF0081K8G3,에스타이거핑제일차 20260327-94-8,N,20260327,20260629,대출채권,KRW,,5000000000,5000000000,68,,A1,A1,,롯데쇼핑,외부 신용보강,금융기관,신한은행
70675,에스타이거핑제일차,KRZF0081K9G3,에스타이거핑제일차 20260327-94-9,N,20260327,20260629,대출채권,KRW,,5000000000,5000000000,68,,A1,A1,,롯데쇼핑,외부 신용보강,금융기관,신한은행
69402,에스프로젝트가산,KRZF0025J1G3,에스프로젝트가산 20260327-91-1,N,20260327,20260626,대출채권,KRW,,5000000000,5000000000,65,A1,,A1,,에스케이브로드밴드,외부 신용보강,금융기관,신한은행
69402,에스프로젝트가산,KRZF0025JAG3,에스프로젝트가산 20260327-91-10,N,20260327,20260626,대출채권,KRW,,5000000000,5000000000,65,A1,,A1,,에스케이브로드밴드,외부 신용보강,금융기관,신한은행
69402,에스프로젝트가산,KRZF0025JBG3,에스프로젝트가산 20260327-91-11,N,20260327,20260626,대출채권,KRW,,5000000000,5000000000,65,A1,,A1,,에스케이브로드밴드,외부 신용보강,금융기관,신한은행
69402,에스프로젝트가산,KRZF0025JCG3,에스프로젝트가산 20260327-91-12,N,20260327,20260626,대출채권,KRW,,5000000000,5000000000,65,A1,,A1,,에스케이브로드밴드,외부 신용보강,금융기관,신한은행
69402,에스프로젝트가산,KRZF0025JDG3,에스프로젝트가산 20260327-91-13,N,20260327,20260626,대출채권,KRW,,5000000000,5000000000,65,A1,,A1,,에스케이브로드밴드,외부 신용보강,금융기관,신한은행
69402,에스프로젝트가산,KRZF0025JEG3,에스프로젝트가산 20260327-91-14,N,20260327,20260626,대출채권,KRW,,5000000000,5000000000,65,A1,,A1,,에스케이브로드밴드,외부 신용보강,금융기관,신한은행
69402,에스프로젝트가산,KRZF0025J2G3,에스프로젝트가산 20260327-91-2,N,20260327,20260626,대출채권,KRW,,5000000000,5000000000,65,A1,,A1,,에스케이브로드밴드,외부 신용보강,금융기관,신한은행
69402,에스프로젝트가산,KRZF0025J3G3,에스프로젝트가산 20260327-91-3,N,20260327,20260626,대출채권,KRW,,5000000000,5000000000,65,A1,,A1,,에스케이브로드밴드,외부 신용보강,금융기관,신한은행
69402,에스프로젝트가산,KRZF0025J4G3,에스프로젝트가산 20260327-91-4,N,20260327,20260626,대출채권,KRW,,5000000000,5000000000,65,A1,,A1,,에스케이브로드밴드,외부 신용보강,금융기관,신한은행
69402,에스프로젝트가산,KRZF0025J5G3,에스프로젝트가산 20260327-91-5,N,20260327,20260626,대출채권,KRW,,5000000000,5000000000,65,A1,,A1,,에스케이브로드밴드,외부 신용보강,금융기관,신한은행
69402,에스프로젝트가산,KRZF0025J6G3,에스프로젝트가산 20260327-91-6,N,20260327,20260626,대출채권,KRW,,5000000000,5000000000,65,A1,,A1,,에스케이브로드밴드,외부 신용보강,금융기관,신한은행
69402,에스프로젝트가산,KRZF0025J7G3,에스프로젝트가산 20260327-91-7,N,20260327,20260626,대출채권,KRW,,5000000000,5000000000,65,A1,,A1,,에스케이브로드밴드,외부 신용보강,금융기관,신한은행
69402,에스프로젝트가산,KRZF0025J8G3,에스프로젝트가산 20260327-91-8,N,20260327,20260626,대출채권,KRW,,5000000000,5000000000,65,A1,,A1,,에스케이브로드밴드,외부 신용보강,금융기관,신한은행
69402,에스프로젝트가산,KRZF0025J9G3,에스프로젝트가산 20260327-91-9,N,20260327,20260626,대출채권,KRW,,5000000000,5000000000,65,A1,,A1,,에스케이브로드밴드,외부 신용보강,금융기관,신한은행
70673,에스프로젝트올영,KRZF0081P1G3,에스프로젝트올영 20260327-31-1,N,20260327,20260427,기타,KRW,,5000000000,5000000000,5,,A1,A1,,씨제이올리브영,차환발행위험(유동성 공여형 매입약정),금융기관,신한은행
70673,에스프로젝트올영,KRZF0081PAG3,에스프로젝트올영 20260327-31-10,N,20260327,20260427,기타,KRW,,5000000000,5000000000,5,,A1,A1,,씨제이올리브영,차환발행위험(유동성 공여형 매입약정),금융기관,신한은행
70673,에스프로젝트올영,KRZF0081PBG3,에스프로젝트올영 20260327-31-11,N,20260327,20260427,기타,KRW,,5000000000,5000000000,5,,A1,A1,,씨제이올리브영,차환발행위험(유동성 공여형 매입약정),금융기관,신한은행
70673,에스프로젝트올영,KRZF0081PCG3,에스프로젝트올영 20260327-31-12,N,20260327,20260427,기타,KRW,,5000000000,5000000000,5,,A1,A1,,씨제이올리브영,차환발행위험(유동성 공여형 매입약정),금융기관,신한은행
70673,에스프로젝트올영,KRZF0081PDG3,에스프로젝트올영 20260327-31-13,N,20260327,20260427,기타,KRW,,5000000000,5000000000,5,,A1,A1,,씨제이올리브영,차환발행위험(유동성 공여형 매입약정),금융기관,신한은행
70673,에스프로젝트올영,KRZF0081PEG3,에스프로젝트올영 20260327-31-14,N,20260327,20260427,기타,KRW,,5000000000,5000000000,5,,A1,A1,,씨제이올리브영,차환발행위험(유동성 공여형 매입약정),금융기관,신한은행
70673,에스프로젝트올영,KRZF0081PFG3,에스프로젝트올영 20260327-31-15,N,20260327,20260427,기타,KRW,,5000000000,5000000000,5,,A1,A1,,씨제이올리브영,차환발행위험(유동성 공여형 매입약정),금융기관,신한은행
70673,에스프로젝트올영,KRZF0081PGG3,에스프로젝트올영 20260327-31-16,N,20260327,20260427,기타,KRW,,1300000000,1300000000,5,,A1,A1,,씨제이올리브영,차환발행위험(유동성 공여형 매입약정),금융기관,신한은행
70673,에스프로젝트올영,KRZF0081PHG3,에스프로젝트올영 20260327-31-17,N,20260327,20260427,기타,KRW,,5000000000,5000000000,5,,A1,A1,,씨제이올리브영,차환발행위험(유동성 공여형 매입약정),금융기관,신한은행
70673,에스프로젝트올영,KRZF0081PJG3,에스프로젝트올영 20260327-31-18,N,20260327,20260427,기타,KRW,,5000000000,5000000000,5,,A1,A1,,씨제이올리브영,차환발행위험(유동성 공여형 매입약정),금융기관,신한은행
70673,에스프로젝트올영,KRZF0081PKG3,에스프로젝트올영 20260327-31-19,N,20260327,20260427,기타,KRW,,5000000000,5000000000,5,,A1,A1,,씨제이올리브영,차환발행위험(유동성 공여형 매입약정),금융기관,신한은행
70673,에스프로젝트올영,KRZF0081P2G3,에스프로젝트올영 20260327-31-2,N,20260327,20260427,기타,KRW,,5000000000,5000000000,5,,A1,A1,,씨제이올리브영,차환발행위험(유동성 공여형 매입약정),금융기관,신한은행
70673,에스프로젝트올영,KRZF0081PLG3,에스프로젝트올영 20260327-31-20,N,20260327,20260427,기타,KRW,,5000000000,5000000000,5,,A1,A1,,씨제이올리브영,차환발행위험(유동성 공여형 매입약정),금융기관,신한은행
70673,에스프로젝트올영,KRZF0081PMG3,에스프로젝트올영 20260327-31-21,N,20260327,20260427,기타,KRW,,5000000000,5000000000,5,,A1,A1,,씨제이올리브영,차환발행위험(유동성 공여형 매입약정),금융기관,신한은행
70673,에스프로젝트올영,KRZF0081PNG3,에스프로젝트올영 20260327-31-22,N,20260327,20260427,기타,KRW,,5000000000,5000000000,5,,A1,A1,,씨제이올리브영,차환발행위험(유동성 공여형 매입약정),금융기관,신한은행
70673,에스프로젝트올영,KRZF0081PPG3,에스프로젝트올영 20260327-31-23,N,20260327,20260427,기타,KRW,,5000000000,5000000000,5,,A1,A1,,씨제이올리브영,차환발행위험(유동성 공여형 매입약정),금융기관,신한은행
70673,에스프로젝트올영,KRZF0081PQG3,에스프로젝트올영 20260327-31-24,N,20260327,20260427,기타,KRW,,5000000000,5000000000,5,,A1,A1,,씨제이올리브영,차환발행위험(유동성 공여형 매입약정),금융기관,신한은행
70673,에스프로젝트올영,KRZF0081PRG3,에스프로젝트올영 20260327-31-25,N,20260327,20260427,기타,KRW,,5000000000,5000000000,5,,A1,A1,,씨제이올리브영,차환발행위험(유동성 공여형 매입약정),금융기관,신한은행
70673,에스프로젝트올영,KRZF0081PSG3,에스프로젝트올영 20260327-31-26,N,20260327,20260427,기타,KRW,,5000000000,5000000000,5,,A1,A1,,씨제이올리브영,차환발행위험(유동성 공여형 매입약정),금융기관,신한은행
70673,에스프로젝트올영,KRZF0081PTG3,에스프로젝트올영 20260327-31-27,N,20260327,20260427,기타,KRW,,5000000000,5000000000,5,,A1,A1,,씨제이올리브영,차환발행위험(유동성 공여형 매입약정),금융기관,신한은행
70673,에스프로젝트올영,KRZF0081PVG3,에스프로젝트올영 20260327-31-28,N,20260327,20260427,기타,KRW,,5000000000,5000000000,5,,A1,A1,,씨제이올리브영,차환발행위험(유동성 공여형 매입약정),금융기관,신한은행
70673,에스프로젝트올영,KRZF0081PWG3,에스프로젝트올영 20260327-31-29,N,20260327,20260427,기타,KRW,,5000000000,5000000000,5,,A1,A1,,씨제이올리브영,차환발행위험(유동성 공여형 매입약정),금융기관,신한은행
70673,에스프로젝트올영,KRZF0081P3G3,에스프로젝트올영 20260327-31-3,N,20260327,20260427,기타,KRW,,5000000000,5000000000,5,,A1,A1,,씨제이올리브영,차환발행위험(유동성 공여형 매입약정),금융기관,신한은행
70673,에스프로젝트올영,KRZF0081PXG3,에스프로젝트올영 20260327-31-30,N,20260327,20260427,기타,KRW,,5000000000,5000000000,5,,A1,A1,,씨제이올리브영,차환발행위험(유동성 공여형 매입약정),금융기관,신한은행
70673,에스프로젝트올영,KRZF0081PYG3,에스프로젝트올영 20260327-31-31,N,20260327,20260427,기타,KRW,,5000000000,5000000000,5,,A1,A1,,씨제이올리브영,차환발행위험(유동성 공여형 매입약정),금융기관,신한은행
70673,에스프로젝트올영,KRZF0081PZG3,에스프로젝트올영 20260327-31-32,N,20260327,20260427,기타,KRW,,5000000000,5000000000,5,,A1,A1,,씨제이올리브영,차환발행위험(유동성 공여형 매입약정),금융기관,신한은행
70673,에스프로젝트올영,KRZF0081P0GF,에스프로젝트올영 20260327-31-33,N,20260327,20260427,기타,KRW,,5000000000,5000000000,5,,A1,A1,,씨제이올리브영,차환발행위험(유동성 공여형 매입약정),금융기관,신한은행
70673,에스프로젝트올영,KRZF0081P1GF,에스프로젝트올영 20260327-31-34,N,20260327,20260427,기타,KRW,,5000000000,5000000000,5,,A1,A1,,씨제이올리브영,차환발행위험(유동성 공여형 매입약정),금융기관,신한은행
70673,에스프로젝트올영,KRZF0081P2GF,에스프로젝트올영 20260327-31-35,N,20260327,20260427,기타,KRW,,5000000000,5000000000,5,,A1,A1,,씨제이올리브영,차환발행위험(유동성 공여형 매입약정),금융기관,신한은행
70673,에스프로젝트올영,KRZF0081P3GF,에스프로젝트올영 20260327-31-36,N,20260327,20260427,기타,KRW,,5000000000,5000000000,5,,A1,A1,,씨제이올리브영,차환발행위험(유동성 공여형 매입약정),금융기관,신한은행
70673,에스프로젝트올영,KRZF0081P4GF,에스프로젝트올영 20260327-31-37,N,20260327,20260427,기타,KRW,,3540890890,3540890890,5,,A1,A1,,씨제이올리브영,차환발행위험(유동성 공여형 매입약정),금융기관,신한은행
70673,에스프로젝트올영,KRZF0081P4G3,에스프로젝트올영 20260327-31-4,N,20260327,20260427,기타,KRW,,5000000000,5000000000,5,,A1,A1,,씨제이올리브영,차환발행위험(유동성 공여형 매입약정),금융기관,신한은행
70673,에스프로젝트올영,KRZF0081P5G3,에스프로젝트올영 20260327-31-5,N,20260327,20260427,기타,KRW,,5000000000,5000000000,5,,A1,A1,,씨제이올리브영,차환발행위험(유동성 공여형 매입약정),금융기관,신한은행
70673,에스프로젝트올영,KRZF0081P6G3,에스프로젝트올영 20260327-31-6,N,20260327,20260427,기타,KRW,,5000000000,5000000000,5,,A1,A1,,씨제이올리브영,차환발행위험(유동성 공여형 매입약정),금융기관,신한은행
70673,에스프로젝트올영,KRZF0081P7G3,에스프로젝트올영 20260327-31-7,N,20260327,20260427,기타,KRW,,5000000000,5000000000,5,,A1,A1,,씨제이올리브영,차환발행위험(유동성 공여형 매입약정),금융기관,신한은행
70673,에스프로젝트올영,KRZF0081P8G3,에스프로젝트올영 20260327-31-8,N,20260327,20260427,기타,KRW,,5000000000,5000000000,5,,A1,A1,,씨제이올리브영,차환발행위험(유동성 공여형 매입약정),금융기관,신한은행
70673,에스프로젝트올영,KRZF0081P9G3,에스프로젝트올영 20260327-31-9,N,20260327,20260427,기타,KRW,,5000000000,5000000000,5,,A1,A1,,씨제이올리브영,차환발행위험(유동성 공여형 매입약정),금융기관,신한은행
70650,엔에이치디디피,KRZF0077M1G3,엔에이치디디피 20260327-91-1,N,20260327,20260626,대출채권,KRW,,5000000000,5000000000,65,A1,,A1,,신한은행,차환발행위험(유동성 공여형 매입약정),금융기관,농협은행
70650,엔에이치디디피,KRZF0077M1G3,엔에이치디디피 20260327-91-1,N,20260327,20260626,대출채권,KRW,,5000000000,5000000000,65,A1,,A1,,신한은행,금리변동/환율변동,금융기관,농협은행
70650,엔에이치디디피,KRZF0077MAG3,엔에이치디디피 20260327-91-10,N,20260327,20260626,대출채권,KRW,,5000000000,5000000000,65,A1,,A1,,신한은행,차환발행위험(유동성 공여형 매입약정),금융기관,농협은행
70650,엔에이치디디피,KRZF0077MAG3,엔에이치디디피 20260327-91-10,N,20260327,20260626,대출채권,KRW,,5000000000,5000000000,65,A1,,A1,,신한은행,금리변동/환율변동,금융기관,농협은행
70650,엔에이치디디피,KRZF0077MBG3,엔에이치디디피 20260327-91-11,N,20260327,20260626,대출채권,KRW,,5000000000,5000000000,65,A1,,A1,,신한은행,차환발행위험(유동성 공여형 매입약정),금융기관,농협은행
70650,엔에이치디디피,KRZF0077MBG3,엔에이치디디피 20260327-91-11,N,20260327,20260626,대출채권,KRW,,5000000000,5000000000,65,A1,,A1,,신한은행,금리변동/환율변동,금융기관,농협은행
70650,엔에이치디디피,KRZF0077MCG3,엔에이치디디피 20260327-91-12,N,20260327,20260626,대출채권,KRW,,5000000000,5000000000,65,A1,,A1,,신한은행,차환발행위험(유동성 공여형 매입약정),금융기관,농협은행
70650,엔에이치디디피,KRZF0077MCG3,엔에이치디디피 20260327-91-12,N,20260327,20260626,대출채권,KRW,,5000000000,5000000000,65,A1,,A1,,신한은행,금리변동/환율변동,금융기관,농협은행
70650,엔에이치디디피,KRZF0077MDG3,엔에이치디디피 20260327-91-13,N,20260327,20260626,대출채권,KRW,,5000000000,5000000000,65,A1,,A1,,신한은행,차환발행위험(유동성 공여형 매입약정),금융기관,농협은행
70650,엔에이치디디피,KRZF0077MDG3,엔에이치디디피 20260327-91-13,N,20260327,20260626,대출채권,KRW,,5000000000,5000000000,65,A1,,A1,,신한은행,금리변동/환율변동,금융기관,농협은행
70650,엔에이치디디피,KRZF0077MEG3,엔에이치디디피 20260327-91-14,N,20260327,20260626,대출채권,KRW,,5000000000,5000000000,65,A1,,A1,,신한은행,차환발행위험(유동성 공여형 매입약정),금융기관,농협은행
70650,엔에이치디디피,KRZF0077MEG3,엔에이치디디피 20260327-91-14,N,20260327,20260626,대출채권,KRW,,5000000000,5000000000,65,A1,,A1,,신한은행,금리변동/환율변동,금융기관,농협은행
70650,엔에이치디디피,KRZF0077MFG3,엔에이치디디피 20260327-91-15,N,20260327,20260626,대출채권,KRW,,5000000000,5000000000,65,A1,,A1,,신한은행,차환발행위험(유동성 공여형 매입약정),금융기관,농협은행
70650,엔에이치디디피,KRZF0077MFG3,엔에이치디디피 20260327-91-15,N,20260327,20260626,대출채권,KRW,,5000000000,5000000000,65,A1,,A1,,신한은행,금리변동/환율변동,금융기관,농협은행
70650,엔에이치디디피,KRZF0077MGG3,엔에이치디디피 20260327-91-16,N,20260327,20260626,대출채권,KRW,,5000000000,5000000000,65,A1,,A1,,신한은행,차환발행위험(유동성 공여형 매입약정),금융기관,농협은행
70650,엔에이치디디피,KRZF0077MGG3,엔에이치디디피 20260327-91-16,N,20260327,20260626,대출채권,KRW,,5000000000,5000000000,65,A1,,A1,,신한은행,금리변동/환율변동,금융기관,농협은행
70650,엔에이치디디피,KRZF0077MHG3,엔에이치디디피 20260327-91-17,N,20260327,20260626,대출채권,KRW,,5000000000,5000000000,65,A1,,A1,,신한은행,차환발행위험(유동성 공여형 매입약정),금융기관,농협은행
70650,엔에이치디디피,KRZF0077MHG3,엔에이치디디피 20260327-91-17,N,20260327,20260626,대출채권,KRW,,5000000000,5000000000,65,A1,,A1,,신한은행,금리변동/환율변동,금융기관,농협은행
70650,엔에이치디디피,KRZF0077MJG3,엔에이치디디피 20260327-91-18,N,20260327,20260626,대출채권,KRW,,5000000000,5000000000,65,A1,,A1,,신한은행,차환발행위험(유동성 공여형 매입약정),금융기관,농협은행
70650,엔에이치디디피,KRZF0077MJG3,엔에이치디디피 20260327-91-18,N,20260327,20260626,대출채권,KRW,,5000000000,5000000000,65,A1,,A1,,신한은행,금리변동/환율변동,금융기관,농협은행
70650,엔에이치디디피,KRZF0077MKG3,엔에이치디디피 20260327-91-19,N,20260327,20260626,대출채권,KRW,,5000000000,5000000000,65,A1,,A1,,신한은행,차환발행위험(유동성 공여형 매입약정),금융기관,농협은행
70650,엔에이치디디피,KRZF0077MKG3,엔에이치디디피 20260327-91-19,N,20260327,20260626,대출채권,KRW,,5000000000,5000000000,65,A1,,A1,,신한은행,금리변동/환율변동,금융기관,농협은행
70650,엔에이치디디피,KRZF0077M2G3,엔에이치디디피 20260327-91-2,N,20260327,20260626,대출채권,KRW,,5000000000,5000000000,65,A1,,A1,,신한은행,차환발행위험(유동성 공여형 매입약정),금융기관,농협은행
70650,엔에이치디디피,KRZF0077M2G3,엔에이치디디피 20260327-91-2,N,20260327,20260626,대출채권,KRW,,5000000000,5000000000,65,A1,,A1,,신한은행,금리변동/환율변동,금융기관,농협은행
70650,엔에이치디디피,KRZF0077MLG3,엔에이치디디피 20260327-91-20,N,20260327,20260626,대출채권,KRW,,5000000000,5000000000,65,A1,,A1,,신한은행,차환발행위험(유동성 공여형 매입약정),금융기관,농협은행
70650,엔에이치디디피,KRZF0077MLG3,엔에이치디디피 20260327-91-20,N,20260327,20260626,대출채권,KRW,,5000000000,5000000000,65,A1,,A1,,신한은행,금리변동/환율변동,금융기관,농협은행
70650,엔에이치디디피,KRZF0077MMG3,엔에이치디디피 20260327-91-21,N,20260327,20260626,대출채권,KRW,,5000000000,5000000000,65,A1,,A1,,신한은행,차환발행위험(유동성 공여형 매입약정),금융기관,농협은행
70650,엔에이치디디피,KRZF0077MMG3,엔에이치디디피 20260327-91-21,N,20260327,20260626,대출채권,KRW,,5000000000,5000000000,65,A1,,A1,,신한은행,금리변동/환율변동,금융기관,농협은행
70650,엔에이치디디피,KRZF0077MNG3,엔에이치디디피 20260327-91-22,N,20260327,20260626,대출채권,KRW,,5000000000,5000000000,65,A1,,A1,,신한은행,차환발행위험(유동성 공여형 매입약정),금융기관,농협은행
70650,엔에이치디디피,KRZF0077MNG3,엔에이치디디피 20260327-91-22,N,20260327,20260626,대출채권,KRW,,5000000000,5000000000,65,A1,,A1,,신한은행,금리변동/환율변동,금융기관,농협은행
70650,엔에이치디디피,KRZF0077MPG3,엔에이치디디피 20260327-91-23,N,20260327,20260626,대출채권,KRW,,5000000000,5000000000,65,A1,,A1,,신한은행,차환발행위험(유동성 공여형 매입약정),금융기관,농협은행
70650,엔에이치디디피,KRZF0077MPG3,엔에이치디디피 20260327-91-23,N,20260327,20260626,대출채권,KRW,,5000000000,5000000000,65,A1,,A1,,신한은행,금리변동/환율변동,금융기관,농협은행
70650,엔에이치디디피,KRZF0077MQG3,엔에이치디디피 20260327-91-24,N,20260327,20260626,대출채권,KRW,,5000000000,5000000000,65,A1,,A1,,신한은행,차환발행위험(유동성 공여형 매입약정),금융기관,농협은행
70650,엔에이치디디피,KRZF0077MQG3,엔에이치디디피 20260327-91-24,N,20260327,20260626,대출채권,KRW,,5000000000,5000000000,65,A1,,A1,,신한은행,금리변동/환율변동,금융기관,농협은행
70650,엔에이치디디피,KRZF0077MRG3,엔에이치디디피 20260327-91-25,N,20260327,20260626,대출채권,KRW,,5000000000,5000000000,65,A1,,A1,,신한은행,차환발행위험(유동성 공여형 매입약정),금융기관,농협은행
70650,엔에이치디디피,KRZF0077MRG3,엔에이치디디피 20260327-91-25,N,20260327,20260626,대출채권,KRW,,5000000000,5000000000,65,A1,,A1,,신한은행,금리변동/환율변동,금융기관,농협은행
70650,엔에이치디디피,KRZF0077MSG3,엔에이치디디피 20260327-91-26,N,20260327,20260626,대출채권,KRW,,5000000000,5000000000,65,A1,,A1,,신한은행,차환발행위험(유동성 공여형 매입약정),금융기관,농협은행
70650,엔에이치디디피,KRZF0077MSG3,엔에이치디디피 20260327-91-26,N,20260327,20260626,대출채권,KRW,,5000000000,5000000000,65,A1,,A1,,신한은행,금리변동/환율변동,금융기관,농협은행
70650,엔에이치디디피,KRZF0077M3G3,엔에이치디디피 20260327-91-3,N,20260327,20260626,대출채권,KRW,,5000000000,5000000000,65,A1,,A1,,신한은행,차환발행위험(유동성 공여형 매입약정),금융기관,농협은행
70650,엔에이치디디피,KRZF0077M3G3,엔에이치디디피 20260327-91-3,N,20260327,20260626,대출채권,KRW,,5000000000,5000000000,65,A1,,A1,,신한은행,금리변동/환율변동,금융기관,농협은행
70650,엔에이치디디피,KRZF0077M4G3,엔에이치디디피 20260327-91-4,N,20260327,20260626,대출채권,KRW,,5000000000,5000000000,65,A1,,A1,,신한은행,차환발행위험(유동성 공여형 매입약정),금융기관,농협은행
70650,엔에이치디디피,KRZF0077M4G3,엔에이치디디피 20260327-91-4,N,20260327,20260626,대출채권,KRW,,5000000000,5000000000,65,A1,,A1,,신한은행,금리변동/환율변동,금융기관,농협은행
70650,엔에이치디디피,KRZF0077M5G3,엔에이치디디피 20260327-91-5,N,20260327,20260626,대출채권,KRW,,5000000000,5000000000,65,A1,,A1,,신한은행,차환발행위험(유동성 공여형 매입약정),금융기관,농협은행
70650,엔에이치디디피,KRZF0077M5G3,엔에이치디디피 20260327-91-5,N,20260327,20260626,대출채권,KRW,,5000000000,5000000000,65,A1,,A1,,신한은행,금리변동/환율변동,금융기관,농협은행
70650,엔에이치디디피,KRZF0077M6G3,엔에이치디디피 20260327-91-6,N,20260327,20260626,대출채권,KRW,,5000000000,5000000000,65,A1,,A1,,신한은행,차환발행위험(유동성 공여형 매입약정),금융기관,농협은행
70650,엔에이치디디피,KRZF0077M6G3,엔에이치디디피 20260327-91-6,N,20260327,20260626,대출채권,KRW,,5000000000,5000000000,65,A1,,A1,,신한은행,금리변동/환율변동,금융기관,농협은행
70650,엔에이치디디피,KRZF0077M7G3,엔에이치디디피 20260327-91-7,N,20260327,20260626,대출채권,KRW,,5000000000,5000000000,65,A1,,A1,,신한은행,차환발행위험(유동성 공여형 매입약정),금융기관,농협은행
70650,엔에이치디디피,KRZF0077M7G3,엔에이치디디피 20260327-91-7,N,20260327,20260626,대출채권,KRW,,5000000000,5000000000,65,A1,,A1,,신한은행,금리변동/환율변동,금융기관,농협은행
70650,엔에이치디디피,KRZF0077M8G3,엔에이치디디피 20260327-91-8,N,20260327,20260626,대출채권,KRW,,5000000000,5000000000,65,A1,,A1,,신한은행,차환발행위험(유동성 공여형 매입약정),금융기관,농협은행
70650,엔에이치디디피,KRZF0077M8G3,엔에이치디디피 20260327-91-8,N,20260327,20260626,대출채권,KRW,,5000000000,5000000000,65,A1,,A1,,신한은행,금리변동/환율변동,금융기관,농협은행
70650,엔에이치디디피,KRZF0077M9G3,엔에이치디디피 20260327-91-9,N,20260327,20260626,대출채권,KRW,,5000000000,5000000000,65,A1,,A1,,신한은행,차환발행위험(유동성 공여형 매입약정),금융기관,농협은행
70650,엔에이치디디피,KRZF0077M9G3,엔에이치디디피 20260327-91-9,N,20260327,20260626,대출채권,KRW,,5000000000,5000000000,65,A1,,A1,,신한은행,금리변동/환율변동,금융기관,농협은행
70667,올리브원큐제일차,KRZF0062D1G3,올리브원큐제일차 20260327-31-1,N,20260327,20260427,대출채권,KRW,,5000000000,5000000000,5,A1,A1,,,씨제이올리브영,외부 신용보강,금융기관,하나은행
70667,올리브원큐제일차,KRZF0062DAG3,올리브원큐제일차 20260327-31-10,N,20260327,20260427,대출채권,KRW,,5000000000,5000000000,5,A1,A1,,,씨제이올리브영,외부 신용보강,금융기관,하나은행
70667,올리브원큐제일차,KRZF0062DBG3,올리브원큐제일차 20260327-31-11,N,20260327,20260427,대출채권,KRW,,5000000000,5000000000,5,A1,A1,,,씨제이올리브영,외부 신용보강,금융기관,하나은행
70667,올리브원큐제일차,KRZF0062DCG3,올리브원큐제일차 20260327-31-12,N,20260327,20260427,대출채권,KRW,,5000000000,5000000000,5,A1,A1,,,씨제이올리브영,외부 신용보강,금융기관,하나은행
70667,올리브원큐제일차,KRZF0062DDG3,올리브원큐제일차 20260327-31-13,N,20260327,20260427,대출채권,KRW,,5000000000,5000000000,5,A1,A1,,,씨제이올리브영,외부 신용보강,금융기관,하나은행
70667,올리브원큐제일차,KRZF0062DEG3,올리브원큐제일차 20260327-31-14,N,20260327,20260427,대출채권,KRW,,5000000000,5000000000,5,A1,A1,,,씨제이올리브영,외부 신용보강,금융기관,하나은행
70667,올리브원큐제일차,KRZF0062DFG3,올리브원큐제일차 20260327-31-15,N,20260327,20260427,대출채권,KRW,,5000000000,5000000000,5,A1,A1,,,씨제이올리브영,외부 신용보강,금융기관,하나은행
70667,올리브원큐제일차,KRZF0062DGG3,올리브원큐제일차 20260327-31-16,N,20260327,20260427,대출채권,KRW,,2230000000,2230000000,5,A1,A1,,,씨제이올리브영,외부 신용보강,금융기관,하나은행
70667,올리브원큐제일차,KRZF0062D2G3,올리브원큐제일차 20260327-31-2,N,20260327,20260427,대출채권,KRW,,5000000000,5000000000,5,A1,A1,,,씨제이올리브영,외부 신용보강,금융기관,하나은행
70667,올리브원큐제일차,KRZF0062D3G3,올리브원큐제일차 20260327-31-3,N,20260327,20260427,대출채권,KRW,,5000000000,5000000000,5,A1,A1,,,씨제이올리브영,외부 신용보강,금융기관,하나은행
70667,올리브원큐제일차,KRZF0062D4G3,올리브원큐제일차 20260327-31-4,N,20260327,20260427,대출채권,KRW,,5000000000,5000000000,5,A1,A1,,,씨제이올리브영,외부 신용보강,금융기관,하나은행
70667,올리브원큐제일차,KRZF0062D5G3,올리브원큐제일차 20260327-31-5,N,20260327,20260427,대출채권,KRW,,5000000000,5000000000,5,A1,A1,,,씨제이올리브영,외부 신용보강,금융기관,하나은행
70667,올리브원큐제일차,KRZF0062D6G3,올리브원큐제일차 20260327-31-6,N,20260327,20260427,대출채권,KRW,,5000000000,5000000000,5,A1,A1,,,씨제이올리브영,외부 신용보강,금융기관,하나은행
70667,올리브원큐제일차,KRZF0062D7G3,올리브원큐제일차 20260327-31-7,N,20260327,20260427,대출채권,KRW,,5000000000,5000000000,5,A1,A1,,,씨제이올리브영,외부 신용보강,금융기관,하나은행
70667,올리브원큐제일차,KRZF0062D8G3,올리브원큐제일차 20260327-31-8,N,20260327,20260427,대출채권,KRW,,5000000000,5000000000,5,A1,A1,,,씨제이올리브영,외부 신용보강,금융기관,하나은행
70667,올리브원큐제일차,KRZF0062D9G3,올리브원큐제일차 20260327-31-9,N,20260327,20260427,대출채권,KRW,,5000000000,5000000000,5,A1,A1,,,씨제이올리브영,외부 신용보강,금융기관,하나은행
70648,우리블라썸제일차,KRZF0080F1G3,우리블라썸제일차 20260327-91-1,N,20260327,20260626,대출채권,KRW,,5000000000,5000000000,65,A1,,A1,,신한은행,차환발행위험(유동성 공여형 매입약정),금융기관,우리은행
70648,우리블라썸제일차,KRZF0080F1G3,우리블라썸제일차 20260327-91-1,N,20260327,20260626,대출채권,KRW,,5000000000,5000000000,65,A1,,A1,,신한은행,금리변동/환율변동,금융기관,우리은행
70648,우리블라썸제일차,KRZF0080FAG3,우리블라썸제일차 20260327-91-10,N,20260327,20260626,대출채권,KRW,,5000000000,5000000000,65,A1,,A1,,신한은행,차환발행위험(유동성 공여형 매입약정),금융기관,우리은행
70648,우리블라썸제일차,KRZF0080FAG3,우리블라썸제일차 20260327-91-10,N,20260327,20260626,대출채권,KRW,,5000000000,5000000000,65,A1,,A1,,신한은행,금리변동/환율변동,금융기관,우리은행
70648,우리블라썸제일차,KRZF0080FBG3,우리블라썸제일차 20260327-91-11,N,20260327,20260626,대출채권,KRW,,5000000000,5000000000,65,A1,,A1,,신한은행,차환발행위험(유동성 공여형 매입약정),금융기관,우리은행
70648,우리블라썸제일차,KRZF0080FBG3,우리블라썸제일차 20260327-91-11,N,20260327,20260626,대출채권,KRW,,5000000000,5000000000,65,A1,,A1,,신한은행,금리변동/환율변동,금융기관,우리은행
70648,우리블라썸제일차,KRZF0080FCG3,우리블라썸제일차 20260327-91-12,N,20260327,20260626,대출채권,KRW,,5000000000,5000000000,65,A1,,A1,,신한은행,차환발행위험(유동성 공여형 매입약정),금융기관,우리은행
70648,우리블라썸제일차,KRZF0080FCG3,우리블라썸제일차 20260327-91-12,N,20260327,20260626,대출채권,KRW,,5000000000,5000000000,65,A1,,A1,,신한은행,금리변동/환율변동,금융기관,우리은행
70648,우리블라썸제일차,KRZF0080FDG3,우리블라썸제일차 20260327-91-13,N,20260327,20260626,대출채권,KRW,,5000000000,5000000000,65,A1,,A1,,신한은행,차환발행위험(유동성 공여형 매입약정),금융기관,우리은행
70648,우리블라썸제일차,KRZF0080FDG3,우리블라썸제일차 20260327-91-13,N,20260327,20260626,대출채권,KRW,,5000000000,5000000000,65,A1,,A1,,신한은행,금리변동/환율변동,금융기관,우리은행
70648,우리블라썸제일차,KRZF0080FEG3,우리블라썸제일차 20260327-91-14,N,20260327,20260626,대출채권,KRW,,5000000000,5000000000,65,A1,,A1,,신한은행,차환발행위험(유동성 공여형 매입약정),금융기관,우리은행
70648,우리블라썸제일차,KRZF0080FEG3,우리블라썸제일차 20260327-91-14,N,20260327,20260626,대출채권,KRW,,5000000000,5000000000,65,A1,,A1,,신한은행,금리변동/환율변동,금융기관,우리은행
70648,우리블라썸제일차,KRZF0080FFG3,우리블라썸제일차 20260327-91-15,N,20260327,20260626,대출채권,KRW,,5000000000,5000000000,65,A1,,A1,,신한은행,차환발행위험(유동성 공여형 매입약정),금융기관,우리은행
70648,우리블라썸제일차,KRZF0080FFG3,우리블라썸제일차 20260327-91-15,N,20260327,20260626,대출채권,KRW,,5000000000,5000000000,65,A1,,A1,,신한은행,금리변동/환율변동,금융기관,우리은행
70648,우리블라썸제일차,KRZF0080FGG3,우리블라썸제일차 20260327-91-16,N,20260327,20260626,대출채권,KRW,,5000000000,5000000000,65,A1,,A1,,신한은행,차환발행위험(유동성 공여형 매입약정),금융기관,우리은행
70648,우리블라썸제일차,KRZF0080FGG3,우리블라썸제일차 20260327-91-16,N,20260327,20260626,대출채권,KRW,,5000000000,5000000000,65,A1,,A1,,신한은행,금리변동/환율변동,금융기관,우리은행
70648,우리블라썸제일차,KRZF0080FHG3,우리블라썸제일차 20260327-91-17,N,20260327,20260626,대출채권,KRW,,5000000000,5000000000,65,A1,,A1,,신한은행,차환발행위험(유동성 공여형 매입약정),금융기관,우리은행
70648,우리블라썸제일차,KRZF0080FHG3,우리블라썸제일차 20260327-91-17,N,20260327,20260626,대출채권,KRW,,5000000000,5000000000,65,A1,,A1,,신한은행,금리변동/환율변동,금융기관,우리은행
70648,우리블라썸제일차,KRZF0080FJG3,우리블라썸제일차 20260327-91-18,N,20260327,20260626,대출채권,KRW,,5000000000,5000000000,65,A1,,A1,,신한은행,차환발행위험(유동성 공여형 매입약정),금융기관,우리은행
70648,우리블라썸제일차,KRZF0080FJG3,우리블라썸제일차 20260327-91-18,N,20260327,20260626,대출채권,KRW,,5000000000,5000000000,65,A1,,A1,,신한은행,금리변동/환율변동,금융기관,우리은행
70648,우리블라썸제일차,KRZF0080FKG3,우리블라썸제일차 20260327-91-19,N,20260327,20260626,대출채권,KRW,,5000000000,5000000000,65,A1,,A1,,신한은행,차환발행위험(유동성 공여형 매입약정),금융기관,우리은행
70648,우리블라썸제일차,KRZF0080FKG3,우리블라썸제일차 20260327-91-19,N,20260327,20260626,대출채권,KRW,,5000000000,5000000000,65,A1,,A1,,신한은행,금리변동/환율변동,금융기관,우리은행
70648,우리블라썸제일차,KRZF0080F2G3,우리블라썸제일차 20260327-91-2,N,20260327,20260626,대출채권,KRW,,5000000000,5000000000,65,A1,,A1,,신한은행,차환발행위험(유동성 공여형 매입약정),금융기관,우리은행
70648,우리블라썸제일차,KRZF0080F2G3,우리블라썸제일차 20260327-91-2,N,20260327,20260626,대출채권,KRW,,5000000000,5000000000,65,A1,,A1,,신한은행,금리변동/환율변동,금융기관,우리은행
70648,우리블라썸제일차,KRZF0080FLG3,우리블라썸제일차 20260327-91-20,N,20260327,20260626,대출채권,KRW,,5000000000,5000000000,65,A1,,A1,,신한은행,차환발행위험(유동성 공여형 매입약정),금융기관,우리은행
70648,우리블라썸제일차,KRZF0080FLG3,우리블라썸제일차 20260327-91-20,N,20260327,20260626,대출채권,KRW,,5000000000,5000000000,65,A1,,A1,,신한은행,금리변동/환율변동,금융기관,우리은행
70648,우리블라썸제일차,KRZF0080F3G3,우리블라썸제일차 20260327-91-3,N,20260327,20260626,대출채권,KRW,,5000000000,5000000000,65,A1,,A1,,신한은행,차환발행위험(유동성 공여형 매입약정),금융기관,우리은행
70648,우리블라썸제일차,KRZF0080F3G3,우리블라썸제일차 20260327-91-3,N,20260327,20260626,대출채권,KRW,,5000000000,5000000000,65,A1,,A1,,신한은행,금리변동/환율변동,금융기관,우리은행
70648,우리블라썸제일차,KRZF0080F4G3,우리블라썸제일차 20260327-91-4,N,20260327,20260626,대출채권,KRW,,5000000000,5000000000,65,A1,,A1,,신한은행,차환발행위험(유동성 공여형 매입약정),금융기관,우리은행
70648,우리블라썸제일차,KRZF0080F4G3,우리블라썸제일차 20260327-91-4,N,20260327,20260626,대출채권,KRW,,5000000000,5000000000,65,A1,,A1,,신한은행,금리변동/환율변동,금융기관,우리은행
70648,우리블라썸제일차,KRZF0080F5G3,우리블라썸제일차 20260327-91-5,N,20260327,20260626,대출채권,KRW,,5000000000,5000000000,65,A1,,A1,,신한은행,차환발행위험(유동성 공여형 매입약정),금융기관,우리은행
70648,우리블라썸제일차,KRZF0080F5G3,우리블라썸제일차 20260327-91-5,N,20260327,20260626,대출채권,KRW,,5000000000,5000000000,65,A1,,A1,,신한은행,금리변동/환율변동,금융기관,우리은행
70648,우리블라썸제일차,KRZF0080F6G3,우리블라썸제일차 20260327-91-6,N,20260327,20260626,대출채권,KRW,,5000000000,5000000000,65,A1,,A1,,신한은행,차환발행위험(유동성 공여형 매입약정),금융기관,우리은행
70648,우리블라썸제일차,KRZF0080F6G3,우리블라썸제일차 20260327-91-6,N,20260327,20260626,대출채권,KRW,,5000000000,5000000000,65,A1,,A1,,신한은행,금리변동/환율변동,금융기관,우리은행
70648,우리블라썸제일차,KRZF0080F7G3,우리블라썸제일차 20260327-91-7,N,20260327,20260626,대출채권,KRW,,5000000000,5000000000,65,A1,,A1,,신한은행,차환발행위험(유동성 공여형 매입약정),금융기관,우리은행
70648,우리블라썸제일차,KRZF0080F7G3,우리블라썸제일차 20260327-91-7,N,20260327,20260626,대출채권,KRW,,5000000000,5000000000,65,A1,,A1,,신한은행,금리변동/환율변동,금융기관,우리은행
70648,우리블라썸제일차,KRZF0080F8G3,우리블라썸제일차 20260327-91-8,N,20260327,20260626,대출채권,KRW,,5000000000,5000000000,65,A1,,A1,,신한은행,차환발행위험(유동성 공여형 매입약정),금융기관,우리은행
70648,우리블라썸제일차,KRZF0080F8G3,우리블라썸제일차 20260327-91-8,N,20260327,20260626,대출채권,KRW,,5000000000,5000000000,65,A1,,A1,,신한은행,금리변동/환율변동,금융기관,우리은행
70648,우리블라썸제일차,KRZF0080F9G3,우리블라썸제일차 20260327-91-9,N,20260327,20260626,대출채권,KRW,,5000000000,5000000000,65,A1,,A1,,신한은행,차환발행위험(유동성 공여형 매입약정),금융기관,우리은행
70648,우리블라썸제일차,KRZF0080F9G3,우리블라썸제일차 20260327-91-9,N,20260327,20260626,대출채권,KRW,,5000000000,5000000000,65,A1,,A1,,신한은행,금리변동/환율변동,금융기관,우리은행
70644,자이언트평거제일차,KRZF0008P1G3,자이언트평거제일차 20260327-180-1,Y,20260327,20260923,PF대출채권,KRW,,10000000000,10000000000,154,,A1,A1,,(주)피앤씨개발,외부 신용보강,금융기관,메리츠증권
70644,자이언트평거제일차,KRZF0008P2G3,자이언트평거제일차 20260327-180-2,Y,20260327,20260923,PF대출채권,KRW,,5000000000,5000000000,154,,A1,A1,,(주)피앤씨개발,외부 신용보강,금융기관,메리츠증권
70644,자이언트평거제일차,KRZF0008P3G3,자이언트평거제일차 20260327-180-3,Y,20260327,20260923,PF대출채권,KRW,,5000000000,5000000000,154,,A1,A1,,(주)피앤씨개발,외부 신용보강,금융기관,메리츠증권
70644,자이언트평거제일차,KRZF0008P4G3,자이언트평거제일차 20260327-180-4,Y,20260327,20260923,PF대출채권,KRW,,1000000000,1000000000,154,,A1,A1,,(주)피앤씨개발,외부 신용보강,금융기관,메리츠증권
70657,케이비더퍼스트제일차,KRZF0077N1G3,케이비더퍼스트제일차 20260327-91-1,N,20260327,20260626,대출채권,KRW,,5000000000,5000000000,65,A1,,A1,,신한은행,차환발행위험(유동성 공여형 매입약정),금융기관,국민은행
70657,케이비더퍼스트제일차,KRZF0077N1G3,케이비더퍼스트제일차 20260327-91-1,N,20260327,20260626,대출채권,KRW,,5000000000,5000000000,65,A1,,A1,,신한은행,금리변동/환율변동,금융기관,국민은행
70657,케이비더퍼스트제일차,KRZF0077NAG3,케이비더퍼스트제일차 20260327-91-10,N,20260327,20260626,대출채권,KRW,,5000000000,5000000000,65,A1,,A1,,신한은행,차환발행위험(유동성 공여형 매입약정),금융기관,국민은행
70657,케이비더퍼스트제일차,KRZF0077NAG3,케이비더퍼스트제일차 20260327-91-10,N,20260327,20260626,대출채권,KRW,,5000000000,5000000000,65,A1,,A1,,신한은행,금리변동/환율변동,금융기관,국민은행
70657,케이비더퍼스트제일차,KRZF0077NBG3,케이비더퍼스트제일차 20260327-91-11,N,20260327,20260626,대출채권,KRW,,5000000000,5000000000,65,A1,,A1,,신한은행,차환발행위험(유동성 공여형 매입약정),금융기관,국민은행
70657,케이비더퍼스트제일차,KRZF0077NBG3,케이비더퍼스트제일차 20260327-91-11,N,20260327,20260626,대출채권,KRW,,5000000000,5000000000,65,A1,,A1,,신한은행,금리변동/환율변동,금융기관,국민은행
70657,케이비더퍼스트제일차,KRZF0077NCG3,케이비더퍼스트제일차 20260327-91-12,N,20260327,20260626,대출채권,KRW,,5000000000,5000000000,65,A1,,A1,,신한은행,차환발행위험(유동성 공여형 매입약정),금융기관,국민은행
70657,케이비더퍼스트제일차,KRZF0077NCG3,케이비더퍼스트제일차 20260327-91-12,N,20260327,20260626,대출채권,KRW,,5000000000,5000000000,65,A1,,A1,,신한은행,금리변동/환율변동,금융기관,국민은행
70657,케이비더퍼스트제일차,KRZF0077NDG3,케이비더퍼스트제일차 20260327-91-13,N,20260327,20260626,대출채권,KRW,,5000000000,5000000000,65,A1,,A1,,신한은행,차환발행위험(유동성 공여형 매입약정),금융기관,국민은행
70657,케이비더퍼스트제일차,KRZF0077NDG3,케이비더퍼스트제일차 20260327-91-13,N,20260327,20260626,대출채권,KRW,,5000000000,5000000000,65,A1,,A1,,신한은행,금리변동/환율변동,금융기관,국민은행
70657,케이비더퍼스트제일차,KRZF0077N2G3,케이비더퍼스트제일차 20260327-91-2,N,20260327,20260626,대출채권,KRW,,5000000000,5000000000,65,A1,,A1,,신한은행,차환발행위험(유동성 공여형 매입약정),금융기관,국민은행
70657,케이비더퍼스트제일차,KRZF0077N2G3,케이비더퍼스트제일차 20260327-91-2,N,20260327,20260626,대출채권,KRW,,5000000000,5000000000,65,A1,,A1,,신한은행,금리변동/환율변동,금융기관,국민은행
70657,케이비더퍼스트제일차,KRZF0077N3G3,케이비더퍼스트제일차 20260327-91-3,N,20260327,20260626,대출채권,KRW,,5000000000,5000000000,65,A1,,A1,,신한은행,차환발행위험(유동성 공여형 매입약정),금융기관,국민은행
70657,케이비더퍼스트제일차,KRZF0077N3G3,케이비더퍼스트제일차 20260327-91-3,N,20260327,20260626,대출채권,KRW,,5000000000,5000000000,65,A1,,A1,,신한은행,금리변동/환율변동,금융기관,국민은행
70657,케이비더퍼스트제일차,KRZF0077N4G3,케이비더퍼스트제일차 20260327-91-4,N,20260327,20260626,대출채권,KRW,,5000000000,5000000000,65,A1,,A1,,신한은행,차환발행위험(유동성 공여형 매입약정),금융기관,국민은행
70657,케이비더퍼스트제일차,KRZF0077N4G3,케이비더퍼스트제일차 20260327-91-4,N,20260327,20260626,대출채권,KRW,,5000000000,5000000000,65,A1,,A1,,신한은행,금리변동/환율변동,금융기관,국민은행
70657,케이비더퍼스트제일차,KRZF0077N5G3,케이비더퍼스트제일차 20260327-91-5,N,20260327,20260626,대출채권,KRW,,5000000000,5000000000,65,A1,,A1,,신한은행,차환발행위험(유동성 공여형 매입약정),금융기관,국민은행
70657,케이비더퍼스트제일차,KRZF0077N5G3,케이비더퍼스트제일차 20260327-91-5,N,20260327,20260626,대출채권,KRW,,5000000000,5000000000,65,A1,,A1,,신한은행,금리변동/환율변동,금융기관,국민은행
70657,케이비더퍼스트제일차,KRZF0077N6G3,케이비더퍼스트제일차 20260327-91-6,N,20260327,20260626,대출채권,KRW,,5000000000,5000000000,65,A1,,A1,,신한은행,차환발행위험(유동성 공여형 매입약정),금융기관,국민은행
70657,케이비더퍼스트제일차,KRZF0077N6G3,케이비더퍼스트제일차 20260327-91-6,N,20260327,20260626,대출채권,KRW,,5000000000,5000000000,65,A1,,A1,,신한은행,금리변동/환율변동,금융기관,국민은행
70657,케이비더퍼스트제일차,KRZF0077N7G3,케이비더퍼스트제일차 20260327-91-7,N,20260327,20260626,대출채권,KRW,,5000000000,5000000000,65,A1,,A1,,신한은행,차환발행위험(유동성 공여형 매입약정),금융기관,국민은행
70657,케이비더퍼스트제일차,KRZF0077N7G3,케이비더퍼스트제일차 20260327-91-7,N,20260327,20260626,대출채권,KRW,,5000000000,5000000000,65,A1,,A1,,신한은행,금리변동/환율변동,금융기관,국민은행
70657,케이비더퍼스트제일차,KRZF0077N8G3,케이비더퍼스트제일차 20260327-91-8,N,20260327,20260626,대출채권,KRW,,5000000000,5000000000,65,A1,,A1,,신한은행,차환발행위험(유동성 공여형 매입약정),금융기관,국민은행
70657,케이비더퍼스트제일차,KRZF0077N8G3,케이비더퍼스트제일차 20260327-91-8,N,20260327,20260626,대출채권,KRW,,5000000000,5000000000,65,A1,,A1,,신한은행,금리변동/환율변동,금융기관,국민은행
70657,케이비더퍼스트제일차,KRZF0077N9G3,케이비더퍼스트제일차 20260327-91-9,N,20260327,20260626,대출채권,KRW,,5000000000,5000000000,65,A1,,A1,,신한은행,차환발행위험(유동성 공여형 매입약정),금융기관,국민은행
70657,케이비더퍼스트제일차,KRZF0077N9G3,케이비더퍼스트제일차 20260327-91-9,N,20260327,20260626,대출채권,KRW,,5000000000,5000000000,65,A1,,A1,,신한은행,금리변동/환율변동,금융기관,국민은행
69385,케이비밸류제일차,KRZF0036B1G3,케이비밸류제일차 20260327-94-1,N,20260327,20260629,대출채권,KRW,,6600000000,6600000000,68,,A1,,,(주)대신밸류리츠사모제1호위탁관리부동산투자회사,차환발행위험(유동성 공여형 매입약정),금융기관,국민은행
69385,케이비밸류제일차,KRZF0036BAG3,케이비밸류제일차 20260327-94-10,N,20260327,20260629,대출채권,KRW,,5000000000,5000000000,68,,A1,,,(주)대신밸류리츠사모제1호위탁관리부동산투자회사,차환발행위험(유동성 공여형 매입약정),금융기관,국민은행
69385,케이비밸류제일차,KRZF0036BBG3,케이비밸류제일차 20260327-94-11,N,20260327,20260629,대출채권,KRW,,5000000000,5000000000,68,,A1,,,(주)대신밸류리츠사모제1호위탁관리부동산투자회사,차환발행위험(유동성 공여형 매입약정),금융기관,국민은행
69385,케이비밸류제일차,KRZF0036BCG3,케이비밸류제일차 20260327-94-12,N,20260327,20260629,대출채권,KRW,,5000000000,5000000000,68,,A1,,,(주)대신밸류리츠사모제1호위탁관리부동산투자회사,차환발행위험(유동성 공여형 매입약정),금융기관,국민은행
69385,케이비밸류제일차,KRZF0036BDG3,케이비밸류제일차 20260327-94-13,N,20260327,20260629,대출채권,KRW,,5000000000,5000000000,68,,A1,,,(주)대신밸류리츠사모제1호위탁관리부동산투자회사,차환발행위험(유동성 공여형 매입약정),금융기관,국민은행
69385,케이비밸류제일차,KRZF0036BEG3,케이비밸류제일차 20260327-94-14,N,20260327,20260629,대출채권,KRW,,5000000000,5000000000,68,,A1,,,(주)대신밸류리츠사모제1호위탁관리부동산투자회사,차환발행위험(유동성 공여형 매입약정),금융기관,국민은행
69385,케이비밸류제일차,KRZF0036BFG3,케이비밸류제일차 20260327-94-15,N,20260327,20260629,대출채권,KRW,,5000000000,5000000000,68,,A1,,,(주)대신밸류리츠사모제1호위탁관리부동산투자회사,차환발행위험(유동성 공여형 매입약정),금융기관,국민은행
69385,케이비밸류제일차,KRZF0036BGG3,케이비밸류제일차 20260327-94-16,N,20260327,20260629,대출채권,KRW,,5000000000,5000000000,68,,A1,,,(주)대신밸류리츠사모제1호위탁관리부동산투자회사,차환발행위험(유동성 공여형 매입약정),금융기관,국민은행
69385,케이비밸류제일차,KRZF0036BHG3,케이비밸류제일차 20260327-94-17,N,20260327,20260629,대출채권,KRW,,5000000000,5000000000,68,,A1,,,(주)대신밸류리츠사모제1호위탁관리부동산투자회사,차환발행위험(유동성 공여형 매입약정),금융기관,국민은행
69385,케이비밸류제일차,KRZF0036BJG3,케이비밸류제일차 20260327-94-18,N,20260327,20260629,대출채권,KRW,,5000000000,5000000000,68,,A1,,,(주)대신밸류리츠사모제1호위탁관리부동산투자회사,차환발행위험(유동성 공여형 매입약정),금융기관,국민은행
69385,케이비밸류제일차,KRZF0036BKG3,케이비밸류제일차 20260327-94-19,N,20260327,20260629,대출채권,KRW,,5000000000,5000000000,68,,A1,,,(주)대신밸류리츠사모제1호위탁관리부동산투자회사,차환발행위험(유동성 공여형 매입약정),금융기관,국민은행
69385,케이비밸류제일차,KRZF0036B2G3,케이비밸류제일차 20260327-94-2,N,20260327,20260629,대출채권,KRW,,5000000000,5000000000,68,,A1,,,(주)대신밸류리츠사모제1호위탁관리부동산투자회사,차환발행위험(유동성 공여형 매입약정),금융기관,국민은행
69385,케이비밸류제일차,KRZF0036B3G3,케이비밸류제일차 20260327-94-3,N,20260327,20260629,대출채권,KRW,,5000000000,5000000000,68,,A1,,,(주)대신밸류리츠사모제1호위탁관리부동산투자회사,차환발행위험(유동성 공여형 매입약정),금융기관,국민은행
69385,케이비밸류제일차,KRZF0036B4G3,케이비밸류제일차 20260327-94-4,N,20260327,20260629,대출채권,KRW,,5000000000,5000000000,68,,A1,,,(주)대신밸류리츠사모제1호위탁관리부동산투자회사,차환발행위험(유동성 공여형 매입약정),금융기관,국민은행
69385,케이비밸류제일차,KRZF0036B5G3,케이비밸류제일차 20260327-94-5,N,20260327,20260629,대출채권,KRW,,5000000000,5000000000,68,,A1,,,(주)대신밸류리츠사모제1호위탁관리부동산투자회사,차환발행위험(유동성 공여형 매입약정),금융기관,국민은행
69385,케이비밸류제일차,KRZF0036B6G3,케이비밸류제일차 20260327-94-6,N,20260327,20260629,대출채권,KRW,,5000000000,5000000000,68,,A1,,,(주)대신밸류리츠사모제1호위탁관리부동산투자회사,차환발행위험(유동성 공여형 매입약정),금융기관,국민은행
69385,케이비밸류제일차,KRZF0036B7G3,케이비밸류제일차 20260327-94-7,N,20260327,20260629,대출채권,KRW,,5000000000,5000000000,68,,A1,,,(주)대신밸류리츠사모제1호위탁관리부동산투자회사,차환발행위험(유동성 공여형 매입약정),금융기관,국민은행
69385,케이비밸류제일차,KRZF0036B8G3,케이비밸류제일차 20260327-94-8,N,20260327,20260629,대출채권,KRW,,5000000000,5000000000,68,,A1,,,(주)대신밸류리츠사모제1호위탁관리부동산투자회사,차환발행위험(유동성 공여형 매입약정),금융기관,국민은행
69385,케이비밸류제일차,KRZF0036B9G3,케이비밸류제일차 20260327-94-9,N,20260327,20260629,대출채권,KRW,,5000000000,5000000000,68,,A1,,,(주)대신밸류리츠사모제1호위탁관리부동산투자회사,차환발행위험(유동성 공여형 매입약정),금융기관,국민은행
69377,케이비에이앤티제일차,KRZF0036W1G3,케이비에이앤티제일차 20260327-94-1,N,20260327,20260629,대출채권,KRW,,5000000000,5000000000,68,A1,A1,,,(주)아난티코브,차환발행위험(유동성 공여형 매입약정),금융기관,국민은행
69377,케이비에이앤티제일차,KRZF0036W2G3,케이비에이앤티제일차 20260327-94-2,N,20260327,20260629,대출채권,KRW,,5000000000,5000000000,68,A1,A1,,,(주)아난티코브,차환발행위험(유동성 공여형 매입약정),금융기관,국민은행
69377,케이비에이앤티제일차,KRZF0036W3G3,케이비에이앤티제일차 20260327-94-3,N,20260327,20260629,대출채권,KRW,,5000000000,5000000000,68,A1,A1,,,(주)아난티코브,차환발행위험(유동성 공여형 매입약정),금융기관,국민은행
69377,케이비에이앤티제일차,KRZF0036W4G3,케이비에이앤티제일차 20260327-94-4,N,20260327,20260629,대출채권,KRW,,5000000000,5000000000,68,A1,A1,,,(주)아난티코브,차환발행위험(유동성 공여형 매입약정),금융기관,국민은행
74361,키스아이비제십육차,KRZF279081G3,키스아이비제십육차 20260327-27-1,,20260327,20260423,,KRW,,5000000000,5000000000,1,,A1,A1,,,,,
74361,키스아이비제십육차,KRZF279082G3,키스아이비제십육차 20260327-27-2,,20260327,20260423,,KRW,,5000000000,5000000000,1,,A1,A1,,,,,
74361,키스아이비제십육차,KRZF279083G3,키스아이비제십육차 20260327-27-3,,20260327,20260423,,KRW,,5000000000,5000000000,1,,A1,A1,,,,,
74361,키스아이비제십육차,KRZF279084G3,키스아이비제십육차 20260327-27-4,,20260327,20260423,,KRW,,5000000000,5000000000,1,,A1,A1,,,,,
74361,키스아이비제십육차,KRZF279085G3,키스아이비제십육차 20260327-27-5,,20260327,20260423,,KRW,,5000000000,5000000000,1,,A1,A1,,,,,
74361,키스아이비제십육차,KRZF279086G3,키스아이비제십육차 20260327-27-6,,20260327,20260423,,KRW,,5000000000,5000000000,1,,A1,A1,,,,,
73240,프로젝트엘에이치씨,KRZF0149V1G3,프로젝트엘에이치씨 20260327-94-1,N,20260327,20260629,회사채,KRW,,5000000000,5000000000,68,,A1,A1,,롯데지주,외부 신용보강,금융기관,신한은행
73240,프로젝트엘에이치씨,KRZF0149VAG3,프로젝트엘에이치씨 20260327-94-10,N,20260327,20260629,회사채,KRW,,5000000000,5000000000,68,,A1,A1,,롯데지주,외부 신용보강,금융기관,신한은행
73240,프로젝트엘에이치씨,KRZF0149VBG3,프로젝트엘에이치씨 20260327-94-11,N,20260327,20260629,회사채,KRW,,5000000000,5000000000,68,,A1,A1,,롯데지주,외부 신용보강,금융기관,신한은행
73240,프로젝트엘에이치씨,KRZF0149VCG3,프로젝트엘에이치씨 20260327-94-12,N,20260327,20260629,회사채,KRW,,5000000000,5000000000,68,,A1,A1,,롯데지주,외부 신용보강,금융기관,신한은행
73240,프로젝트엘에이치씨,KRZF0149VDG3,프로젝트엘에이치씨 20260327-94-13,N,20260327,20260629,회사채,KRW,,5000000000,5000000000,68,,A1,A1,,롯데지주,외부 신용보강,금융기관,신한은행
73240,프로젝트엘에이치씨,KRZF0149VEG3,프로젝트엘에이치씨 20260327-94-14,N,20260327,20260629,회사채,KRW,,5000000000,5000000000,68,,A1,A1,,롯데지주,외부 신용보강,금융기관,신한은행
73240,프로젝트엘에이치씨,KRZF0149VFG3,프로젝트엘에이치씨 20260327-94-15,N,20260327,20260629,회사채,KRW,,5000000000,5000000000,68,,A1,A1,,롯데지주,외부 신용보강,금융기관,신한은행
73240,프로젝트엘에이치씨,KRZF0149VGG3,프로젝트엘에이치씨 20260327-94-16,N,20260327,20260629,회사채,KRW,,5000000000,5000000000,68,,A1,A1,,롯데지주,외부 신용보강,금융기관,신한은행
73240,프로젝트엘에이치씨,KRZF0149VHG3,프로젝트엘에이치씨 20260327-94-17,N,20260327,20260629,회사채,KRW,,5000000000,5000000000,68,,A1,A1,,롯데지주,외부 신용보강,금융기관,신한은행
73240,프로젝트엘에이치씨,KRZF0149VJG3,프로젝트엘에이치씨 20260327-94-18,N,20260327,20260629,회사채,KRW,,5000000000,5000000000,68,,A1,A1,,롯데지주,외부 신용보강,금융기관,신한은행
73240,프로젝트엘에이치씨,KRZF0149VKG3,프로젝트엘에이치씨 20260327-94-19,N,20260327,20260629,회사채,KRW,,5000000000,5000000000,68,,A1,A1,,롯데지주,외부 신용보강,금융기관,신한은행
73240,프로젝트엘에이치씨,KRZF0149V2G3,프로젝트엘에이치씨 20260327-94-2,N,20260327,20260629,회사채,KRW,,5000000000,5000000000,68,,A1,A1,,롯데지주,외부 신용보강,금융기관,신한은행
73240,프로젝트엘에이치씨,KRZF0149VLG3,프로젝트엘에이치씨 20260327-94-20,N,20260327,20260629,회사채,KRW,,5000000000,5000000000,68,,A1,A1,,롯데지주,외부 신용보강,금융기관,신한은행
73240,프로젝트엘에이치씨,KRZF0149VMG3,프로젝트엘에이치씨 20260327-94-21,N,20260327,20260629,회사채,KRW,,5000000000,5000000000,68,,A1,A1,,롯데지주,외부 신용보강,금융기관,신한은행
73240,프로젝트엘에이치씨,KRZF0149VNG3,프로젝트엘에이치씨 20260327-94-22,N,20260327,20260629,회사채,KRW,,5000000000,5000000000,68,,A1,A1,,롯데지주,외부 신용보강,금융기관,신한은행
73240,프로젝트엘에이치씨,KRZF0149VPG3,프로젝트엘에이치씨 20260327-94-23,N,20260327,20260629,회사채,KRW,,5000000000,5000000000,68,,A1,A1,,롯데지주,외부 신용보강,금융기관,신한은행
73240,프로젝트엘에이치씨,KRZF0149VQG3,프로젝트엘에이치씨 20260327-94-24,N,20260327,20260629,회사채,KRW,,5000000000,5000000000,68,,A1,A1,,롯데지주,외부 신용보강,금융기관,신한은행
73240,프로젝트엘에이치씨,KRZF0149VRG3,프로젝트엘에이치씨 20260327-94-25,N,20260327,20260629,회사채,KRW,,5000000000,5000000000,68,,A1,A1,,롯데지주,외부 신용보강,금융기관,신한은행
73240,프로젝트엘에이치씨,KRZF0149VSG3,프로젝트엘에이치씨 20260327-94-26,N,20260327,20260629,회사채,KRW,,5000000000,5000000000,68,,A1,A1,,롯데지주,외부 신용보강,금융기관,신한은행
73240,프로젝트엘에이치씨,KRZF0149VTG3,프로젝트엘에이치씨 20260327-94-27,N,20260327,20260629,회사채,KRW,,5000000000,5000000000,68,,A1,A1,,롯데지주,외부 신용보강,금융기관,신한은행
73240,프로젝트엘에이치씨,KRZF0149VVG3,프로젝트엘에이치씨 20260327-94-28,N,20260327,20260629,회사채,KRW,,5000000000,5000000000,68,,A1,A1,,롯데지주,외부 신용보강,금융기관,신한은행
73240,프로젝트엘에이치씨,KRZF0149VWG3,프로젝트엘에이치씨 20260327-94-29,N,20260327,20260629,회사채,KRW,,5000000000,5000000000,68,,A1,A1,,롯데지주,외부 신용보강,금융기관,신한은행
73240,프로젝트엘에이치씨,KRZF0149V3G3,프로젝트엘에이치씨 20260327-94-3,N,20260327,20260629,회사채,KRW,,5000000000,5000000000,68,,A1,A1,,롯데지주,외부 신용보강,금융기관,신한은행
73240,프로젝트엘에이치씨,KRZF0149VXG3,프로젝트엘에이치씨 20260327-94-30,N,20260327,20260629,회사채,KRW,,5000000000,5000000000,68,,A1,A1,,롯데지주,외부 신용보강,금융기관,신한은행
73240,프로젝트엘에이치씨,KRZF0149VYG3,프로젝트엘에이치씨 20260327-94-31,N,20260327,20260629,회사채,KRW,,15000000000,15000000000,68,,A1,A1,,롯데지주,외부 신용보강,금융기관,신한은행
73240,프로젝트엘에이치씨,KRZF0149VZG3,프로젝트엘에이치씨 20260327-94-32,N,20260327,20260629,회사채,KRW,,10000000000,10000000000,68,,A1,A1,,롯데지주,외부 신용보강,금융기관,신한은행
73240,프로젝트엘에이치씨,KRZF0149V0GF,프로젝트엘에이치씨 20260327-94-33,N,20260327,20260629,회사채,KRW,,10000000000,10000000000,68,,A1,A1,,롯데지주,외부 신용보강,금융기관,신한은행
73240,프로젝트엘에이치씨,KRZF0149V1GF,프로젝트엘에이치씨 20260327-94-34,N,20260327,20260629,회사채,KRW,,10000000000,10000000000,68,,A1,A1,,롯데지주,외부 신용보강,금융기관,신한은행
73240,프로젝트엘에이치씨,KRZF0149V2GF,프로젝트엘에이치씨 20260327-94-35,N,20260327,20260629,회사채,KRW,,4000000000,4000000000,68,,A1,A1,,롯데지주,외부 신용보강,금융기관,신한은행
73240,프로젝트엘에이치씨,KRZF0149V3GF,프로젝트엘에이치씨 20260327-94-36,N,20260327,20260629,회사채,KRW,,1000000000,1000000000,68,,A1,A1,,롯데지주,외부 신용보강,금융기관,신한은행
73240,프로젝트엘에이치씨,KRZF0149V4G3,프로젝트엘에이치씨 20260327-94-4,N,20260327,20260629,회사채,KRW,,5000000000,5000000000,68,,A1,A1,,롯데지주,외부 신용보강,금융기관,신한은행
73240,프로젝트엘에이치씨,KRZF0149V5G3,프로젝트엘에이치씨 20260327-94-5,N,20260327,20260629,회사채,KRW,,5000000000,5000000000,68,,A1,A1,,롯데지주,외부 신용보강,금융기관,신한은행
73240,프로젝트엘에이치씨,KRZF0149V6G3,프로젝트엘에이치씨 20260327-94-6,N,20260327,20260629,회사채,KRW,,5000000000,5000000000,68,,A1,A1,,롯데지주,외부 신용보강,금융기관,신한은행
73240,프로젝트엘에이치씨,KRZF0149V7G3,프로젝트엘에이치씨 20260327-94-7,N,20260327,20260629,회사채,KRW,,5000000000,5000000000,68,,A1,A1,,롯데지주,외부 신용보강,금융기관,신한은행
73240,프로젝트엘에이치씨,KRZF0149V8G3,프로젝트엘에이치씨 20260327-94-8,N,20260327,20260629,회사채,KRW,,5000000000,5000000000,68,,A1,A1,,롯데지주,외부 신용보강,금융기관,신한은행
73240,프로젝트엘에이치씨,KRZF0149V9G3,프로젝트엘에이치씨 20260327-94-9,N,20260327,20260629,회사채,KRW,,5000000000,5000000000,68,,A1,A1,,롯데지주,외부 신용보강,금융기관,신한은행
74364,하나디스플레이제삼차,KRZF0178M1G3,하나디스플레이제삼차 20260327-94-1,N,20260327,20260629,대출채권,KRW,,5000000000,5000000000,68,A1,,A1,,LG디스플레이,차환발행위험(유동성 공여형 매입약정),금융기관,하나은행
74364,하나디스플레이제삼차,KRZF0178MAG3,하나디스플레이제삼차 20260327-94-10,N,20260327,20260629,대출채권,KRW,,5000000000,5000000000,68,A1,,A1,,LG디스플레이,차환발행위험(유동성 공여형 매입약정),금융기관,하나은행
74364,하나디스플레이제삼차,KRZF0178MBG3,하나디스플레이제삼차 20260327-94-11,N,20260327,20260629,대출채권,KRW,,5000000000,5000000000,68,A1,,A1,,LG디스플레이,차환발행위험(유동성 공여형 매입약정),금융기관,하나은행
74364,하나디스플레이제삼차,KRZF0178MCG3,하나디스플레이제삼차 20260327-94-12,N,20260327,20260629,대출채권,KRW,,5000000000,5000000000,68,A1,,A1,,LG디스플레이,차환발행위험(유동성 공여형 매입약정),금융기관,하나은행
74364,하나디스플레이제삼차,KRZF0178MDG3,하나디스플레이제삼차 20260327-94-13,N,20260327,20260629,대출채권,KRW,,5000000000,5000000000,68,A1,,A1,,LG디스플레이,차환발행위험(유동성 공여형 매입약정),금융기관,하나은행
74364,하나디스플레이제삼차,KRZF0178MEG3,하나디스플레이제삼차 20260327-94-14,N,20260327,20260629,대출채권,KRW,,5000000000,5000000000,68,A1,,A1,,LG디스플레이,차환발행위험(유동성 공여형 매입약정),금융기관,하나은행
74364,하나디스플레이제삼차,KRZF0178MFG3,하나디스플레이제삼차 20260327-94-15,N,20260327,20260629,대출채권,KRW,,5000000000,5000000000,68,A1,,A1,,LG디스플레이,차환발행위험(유동성 공여형 매입약정),금융기관,하나은행
74364,하나디스플레이제삼차,KRZF0178MGG3,하나디스플레이제삼차 20260327-94-16,N,20260327,20260629,대출채권,KRW,,5000000000,5000000000,68,A1,,A1,,LG디스플레이,차환발행위험(유동성 공여형 매입약정),금융기관,하나은행
74364,하나디스플레이제삼차,KRZF0178MHG3,하나디스플레이제삼차 20260327-94-17,N,20260327,20260629,대출채권,KRW,,5000000000,5000000000,68,A1,,A1,,LG디스플레이,차환발행위험(유동성 공여형 매입약정),금융기관,하나은행
74364,하나디스플레이제삼차,KRZF0178MJG3,하나디스플레이제삼차 20260327-94-18,N,20260327,20260629,대출채권,KRW,,5000000000,5000000000,68,A1,,A1,,LG디스플레이,차환발행위험(유동성 공여형 매입약정),금융기관,하나은행
74364,하나디스플레이제삼차,KRZF0178MKG3,하나디스플레이제삼차 20260327-94-19,N,20260327,20260629,대출채권,KRW,,5000000000,5000000000,68,A1,,A1,,LG디스플레이,차환발행위험(유동성 공여형 매입약정),금융기관,하나은행
74364,하나디스플레이제삼차,KRZF0178M2G3,하나디스플레이제삼차 20260327-94-2,N,20260327,20260629,대출채권,KRW,,5000000000,5000000000,68,A1,,A1,,LG디스플레이,차환발행위험(유동성 공여형 매입약정),금융기관,하나은행
74364,하나디스플레이제삼차,KRZF0178MLG3,하나디스플레이제삼차 20260327-94-20,N,20260327,20260629,대출채권,KRW,,5000000000,5000000000,68,A1,,A1,,LG디스플레이,차환발행위험(유동성 공여형 매입약정),금융기관,하나은행
74364,하나디스플레이제삼차,KRZF0178MMG3,하나디스플레이제삼차 20260327-94-21,N,20260327,20260629,대출채권,KRW,,5000000000,5000000000,68,A1,,A1,,LG디스플레이,차환발행위험(유동성 공여형 매입약정),금융기관,하나은행
74364,하나디스플레이제삼차,KRZF0178MNG3,하나디스플레이제삼차 20260327-94-22,N,20260327,20260629,대출채권,KRW,,5000000000,5000000000,68,A1,,A1,,LG디스플레이,차환발행위험(유동성 공여형 매입약정),금융기관,하나은행
74364,하나디스플레이제삼차,KRZF0178MPG3,하나디스플레이제삼차 20260327-94-23,N,20260327,20260629,대출채권,KRW,,5000000000,5000000000,68,A1,,A1,,LG디스플레이,차환발행위험(유동성 공여형 매입약정),금융기관,하나은행
74364,하나디스플레이제삼차,KRZF0178MQG3,하나디스플레이제삼차 20260327-94-24,N,20260327,20260629,대출채권,KRW,,5000000000,5000000000,68,A1,,A1,,LG디스플레이,차환발행위험(유동성 공여형 매입약정),금융기관,하나은행
74364,하나디스플레이제삼차,KRZF0178MRG3,하나디스플레이제삼차 20260327-94-25,N,20260327,20260629,대출채권,KRW,,5000000000,5000000000,68,A1,,A1,,LG디스플레이,차환발행위험(유동성 공여형 매입약정),금융기관,하나은행
74364,하나디스플레이제삼차,KRZF0178MSG3,하나디스플레이제삼차 20260327-94-26,N,20260327,20260629,대출채권,KRW,,5000000000,5000000000,68,A1,,A1,,LG디스플레이,차환발행위험(유동성 공여형 매입약정),금융기관,하나은행
74364,하나디스플레이제삼차,KRZF0178MTG3,하나디스플레이제삼차 20260327-94-27,N,20260327,20260629,대출채권,KRW,,5000000000,5000000000,68,A1,,A1,,LG디스플레이,차환발행위험(유동성 공여형 매입약정),금융기관,하나은행
74364,하나디스플레이제삼차,KRZF0178MVG3,하나디스플레이제삼차 20260327-94-28,N,20260327,20260629,대출채권,KRW,,5000000000,5000000000,68,A1,,A1,,LG디스플레이,차환발행위험(유동성 공여형 매입약정),금융기관,하나은행
74364,하나디스플레이제삼차,KRZF0178MWG3,하나디스플레이제삼차 20260327-94-29,N,20260327,20260629,대출채권,KRW,,5000000000,5000000000,68,A1,,A1,,LG디스플레이,차환발행위험(유동성 공여형 매입약정),금융기관,하나은행
74364,하나디스플레이제삼차,KRZF0178M3G3,하나디스플레이제삼차 20260327-94-3,N,20260327,20260629,대출채권,KRW,,5000000000,5000000000,68,A1,,A1,,LG디스플레이,차환발행위험(유동성 공여형 매입약정),금융기관,하나은행
74364,하나디스플레이제삼차,KRZF0178MXG3,하나디스플레이제삼차 20260327-94-30,N,20260327,20260629,대출채권,KRW,,5000000000,5000000000,68,A1,,A1,,LG디스플레이,차환발행위험(유동성 공여형 매입약정),금융기관,하나은행
74364,하나디스플레이제삼차,KRZF0178M4G3,하나디스플레이제삼차 20260327-94-4,N,20260327,20260629,대출채권,KRW,,5000000000,5000000000,68,A1,,A1,,LG디스플레이,차환발행위험(유동성 공여형 매입약정),금융기관,하나은행
74364,하나디스플레이제삼차,KRZF0178M5G3,하나디스플레이제삼차 20260327-94-5,N,20260327,20260629,대출채권,KRW,,5000000000,5000000000,68,A1,,A1,,LG디스플레이,차환발행위험(유동성 공여형 매입약정),금융기관,하나은행
74364,하나디스플레이제삼차,KRZF0178M6G3,하나디스플레이제삼차 20260327-94-6,N,20260327,20260629,대출채권,KRW,,5000000000,5000000000,68,A1,,A1,,LG디스플레이,차환발행위험(유동성 공여형 매입약정),금융기관,하나은행
74364,하나디스플레이제삼차,KRZF0178M7G3,하나디스플레이제삼차 20260327-94-7,N,20260327,20260629,대출채권,KRW,,5000000000,5000000000,68,A1,,A1,,LG디스플레이,차환발행위험(유동성 공여형 매입약정),금융기관,하나은행
74364,하나디스플레이제삼차,KRZF0178M8G3,하나디스플레이제삼차 20260327-94-8,N,20260327,20260629,대출채권,KRW,,5000000000,5000000000,68,A1,,A1,,LG디스플레이,차환발행위험(유동성 공여형 매입약정),금융기관,하나은행
74364,하나디스플레이제삼차,KRZF0178M9G3,하나디스플레이제삼차 20260327-94-9,N,20260327,20260629,대출채권,KRW,,5000000000,5000000000,68,A1,,A1,,LG디스플레이,차환발행위험(유동성 공여형 매입약정),금융기관,하나은행
74334,국민넘버원제일차,KRZFA5070GGF,국민넘버원제일차 20260326-267-49,N,20260326,20261218,정기예금,KRW,,250000000,250000000,240,A1,A1,A1,,국민은행,자체 신용보강,자체 신용보강,국민은행
74334,국민넘버원제일차,KRZFA50701G3,국민넘버원제일차 20260326-85-1,N,20260326,20260619,정기예금,KRW,,5000000000,5000000000,58,A1,A1,A1,,국민은행,자체 신용보강,자체 신용보강,국민은행
74334,국민넘버원제일차,KRZFA5070AG3,국민넘버원제일차 20260326-85-10,N,20260326,20260619,정기예금,KRW,,5000000000,5000000000,58,A1,A1,A1,,국민은행,자체 신용보강,자체 신용보강,국민은행
74334,국민넘버원제일차,KRZFA5070BG3,국민넘버원제일차 20260326-85-11,N,20260326,20260619,정기예금,KRW,,5000000000,5000000000,58,A1,A1,A1,,국민은행,자체 신용보강,자체 신용보강,국민은행
74334,국민넘버원제일차,KRZFA5070CG3,국민넘버원제일차 20260326-85-12,N,20260326,20260619,정기예금,KRW,,5000000000,5000000000,58,A1,A1,A1,,국민은행,자체 신용보강,자체 신용보강,국민은행
74334,국민넘버원제일차,KRZFA5070DG3,국민넘버원제일차 20260326-85-13,N,20260326,20260619,정기예금,KRW,,5000000000,5000000000,58,A1,A1,A1,,국민은행,자체 신용보강,자체 신용보강,국민은행
74334,국민넘버원제일차,KRZFA5070EG3,국민넘버원제일차 20260326-85-14,N,20260326,20260619,정기예금,KRW,,5000000000,5000000000,58,A1,A1,A1,,국민은행,자체 신용보강,자체 신용보강,국민은행
74334,국민넘버원제일차,KRZFA5070FG3,국민넘버원제일차 20260326-85-15,N,20260326,20260619,정기예금,KRW,,5000000000,5000000000,58,A1,A1,A1,,국민은행,자체 신용보강,자체 신용보강,국민은행
74334,국민넘버원제일차,KRZFA5070GG3,국민넘버원제일차 20260326-85-16,N,20260326,20260619,정기예금,KRW,,5000000000,5000000000,58,A1,A1,A1,,국민은행,자체 신용보강,자체 신용보강,국민은행
74334,국민넘버원제일차,KRZFA5070HG3,국민넘버원제일차 20260326-85-17,N,20260326,20260619,정기예금,KRW,,5000000000,5000000000,58,A1,A1,A1,,국민은행,자체 신용보강,자체 신용보강,국민은행
74334,국민넘버원제일차,KRZFA5070JG3,국민넘버원제일차 20260326-85-18,N,20260326,20260619,정기예금,KRW,,5000000000,5000000000,58,A1,A1,A1,,국민은행,자체 신용보강,자체 신용보강,국민은행
74334,국민넘버원제일차,KRZFA5070KG3,국민넘버원제일차 20260326-85-19,N,20260326,20260619,정기예금,KRW,,5000000000,5000000000,58,A1,A1,A1,,국민은행,자체 신용보강,자체 신용보강,국민은행
74334,국민넘버원제일차,KRZFA50702G3,국민넘버원제일차 20260326-85-2,N,20260326,20260619,정기예금,KRW,,5000000000,5000000000,58,A1,A1,A1,,국민은행,자체 신용보강,자체 신용보강,국민은행
74334,국민넘버원제일차,KRZFA5070LG3,국민넘버원제일차 20260326-85-20,N,20260326,20260619,정기예금,KRW,,5000000000,5000000000,58,A1,A1,A1,,국민은행,자체 신용보강,자체 신용보강,국민은행
74334,국민넘버원제일차,KRZFA5070MG3,국민넘버원제일차 20260326-85-21,N,20260326,20260619,정기예금,KRW,,5000000000,5000000000,58,A1,A1,A1,,국민은행,자체 신용보강,자체 신용보강,국민은행
74334,국민넘버원제일차,KRZFA5070NG3,국민넘버원제일차 20260326-85-22,N,20260326,20260619,정기예금,KRW,,5000000000,5000000000,58,A1,A1,A1,,국민은행,자체 신용보강,자체 신용보강,국민은행
74334,국민넘버원제일차,KRZFA5070PG3,국민넘버원제일차 20260326-85-23,N,20260326,20260619,정기예금,KRW,,5000000000,5000000000,58,A1,A1,A1,,국민은행,자체 신용보강,자체 신용보강,국민은행
74334,국민넘버원제일차,KRZFA5070QG3,국민넘버원제일차 20260326-85-24,N,20260326,20260619,정기예금,KRW,,5000000000,5000000000,58,A1,A1,A1,,국민은행,자체 신용보강,자체 신용보강,국민은행
74334,국민넘버원제일차,KRZFA5070RG3,국민넘버원제일차 20260326-85-25,N,20260326,20260619,정기예금,KRW,,5000000000,5000000000,58,A1,A1,A1,,국민은행,자체 신용보강,자체 신용보강,국민은행
74334,국민넘버원제일차,KRZFA5070SG3,국민넘버원제일차 20260326-85-26,N,20260326,20260619,정기예금,KRW,,5000000000,5000000000,58,A1,A1,A1,,국민은행,자체 신용보강,자체 신용보강,국민은행
74334,국민넘버원제일차,KRZFA5070TG3,국민넘버원제일차 20260326-85-27,N,20260326,20260619,정기예금,KRW,,5000000000,5000000000,58,A1,A1,A1,,국민은행,자체 신용보강,자체 신용보강,국민은행
74334,국민넘버원제일차,KRZFA5070VG3,국민넘버원제일차 20260326-85-28,N,20260326,20260619,정기예금,KRW,,5000000000,5000000000,58,A1,A1,A1,,국민은행,자체 신용보강,자체 신용보강,국민은행
74334,국민넘버원제일차,KRZFA5070WG3,국민넘버원제일차 20260326-85-29,N,20260326,20260619,정기예금,KRW,,5000000000,5000000000,58,A1,A1,A1,,국민은행,자체 신용보강,자체 신용보강,국민은행
74334,국민넘버원제일차,KRZFA50703G3,국민넘버원제일차 20260326-85-3,N,20260326,20260619,정기예금,KRW,,5000000000,5000000000,58,A1,A1,A1,,국민은행,자체 신용보강,자체 신용보강,국민은행
74334,국민넘버원제일차,KRZFA5070XG3,국민넘버원제일차 20260326-85-30,N,20260326,20260619,정기예금,KRW,,5000000000,5000000000,58,A1,A1,A1,,국민은행,자체 신용보강,자체 신용보강,국민은행
74334,국민넘버원제일차,KRZFA5070YG3,국민넘버원제일차 20260326-85-31,N,20260326,20260619,정기예금,KRW,,5000000000,5000000000,58,A1,A1,A1,,국민은행,자체 신용보강,자체 신용보강,국민은행
74334,국민넘버원제일차,KRZFA5070ZG3,국민넘버원제일차 20260326-85-32,N,20260326,20260619,정기예금,KRW,,5000000000,5000000000,58,A1,A1,A1,,국민은행,자체 신용보강,자체 신용보강,국민은행
74334,국민넘버원제일차,KRZFA50700GF,국민넘버원제일차 20260326-85-33,N,20260326,20260619,정기예금,KRW,,5000000000,5000000000,58,A1,A1,A1,,국민은행,자체 신용보강,자체 신용보강,국민은행
74334,국민넘버원제일차,KRZFA50701GF,국민넘버원제일차 20260326-85-34,N,20260326,20260619,정기예금,KRW,,5000000000,5000000000,58,A1,A1,A1,,국민은행,자체 신용보강,자체 신용보강,국민은행
74334,국민넘버원제일차,KRZFA50702GF,국민넘버원제일차 20260326-85-35,N,20260326,20260619,정기예금,KRW,,5000000000,5000000000,58,A1,A1,A1,,국민은행,자체 신용보강,자체 신용보강,국민은행
74334,국민넘버원제일차,KRZFA50703GF,국민넘버원제일차 20260326-85-36,N,20260326,20260619,정기예금,KRW,,5000000000,5000000000,58,A1,A1,A1,,국민은행,자체 신용보강,자체 신용보강,국민은행
74334,국민넘버원제일차,KRZFA50704GF,국민넘버원제일차 20260326-85-37,N,20260326,20260619,정기예금,KRW,,5000000000,5000000000,58,A1,A1,A1,,국민은행,자체 신용보강,자체 신용보강,국민은행
74334,국민넘버원제일차,KRZFA50705GF,국민넘버원제일차 20260326-85-38,N,20260326,20260619,정기예금,KRW,,5000000000,5000000000,58,A1,A1,A1,,국민은행,자체 신용보강,자체 신용보강,국민은행
74334,국민넘버원제일차,KRZFA50706GF,국민넘버원제일차 20260326-85-39,N,20260326,20260619,정기예금,KRW,,5000000000,5000000000,58,A1,A1,A1,,국민은행,자체 신용보강,자체 신용보강,국민은행
74334,국민넘버원제일차,KRZFA50704G3,국민넘버원제일차 20260326-85-4,N,20260326,20260619,정기예금,KRW,,5000000000,5000000000,58,A1,A1,A1,,국민은행,자체 신용보강,자체 신용보강,국민은행
74334,국민넘버원제일차,KRZFA50707GF,국민넘버원제일차 20260326-85-40,N,20260326,20260619,정기예금,KRW,,5000000000,5000000000,58,A1,A1,A1,,국민은행,자체 신용보강,자체 신용보강,국민은행
74334,국민넘버원제일차,KRZFA50708GF,국민넘버원제일차 20260326-85-41,N,20260326,20260619,정기예금,KRW,,5000000000,5000000000,58,A1,A1,A1,,국민은행,자체 신용보강,자체 신용보강,국민은행
74334,국민넘버원제일차,KRZFA50709GF,국민넘버원제일차 20260326-85-42,N,20260326,20260619,정기예금,KRW,,5000000000,5000000000,58,A1,A1,A1,,국민은행,자체 신용보강,자체 신용보강,국민은행
74334,국민넘버원제일차,KRZFA5070AGF,국민넘버원제일차 20260326-85-43,N,20260326,20260619,정기예금,KRW,,5000000000,5000000000,58,A1,A1,A1,,국민은행,자체 신용보강,자체 신용보강,국민은행
74334,국민넘버원제일차,KRZFA5070BGF,국민넘버원제일차 20260326-85-44,N,20260326,20260619,정기예금,KRW,,5000000000,5000000000,58,A1,A1,A1,,국민은행,자체 신용보강,자체 신용보강,국민은행
74334,국민넘버원제일차,KRZFA5070CGF,국민넘버원제일차 20260326-85-45,N,20260326,20260619,정기예금,KRW,,5000000000,5000000000,58,A1,A1,A1,,국민은행,자체 신용보강,자체 신용보강,국민은행
74334,국민넘버원제일차,KRZFA5070DGF,국민넘버원제일차 20260326-85-46,N,20260326,20260619,정기예금,KRW,,5000000000,5000000000,58,A1,A1,A1,,국민은행,자체 신용보강,자체 신용보강,국민은행
74334,국민넘버원제일차,KRZFA5070EGF,국민넘버원제일차 20260326-85-47,N,20260326,20260619,정기예금,KRW,,5000000000,5000000000,58,A1,A1,A1,,국민은행,자체 신용보강,자체 신용보강,국민은행
74334,국민넘버원제일차,KRZFA5070FGF,국민넘버원제일차 20260326-85-48,N,20260326,20260619,정기예금,KRW,,5000000000,5000000000,58,A1,A1,A1,,국민은행,자체 신용보강,자체 신용보강,국민은행
74334,국민넘버원제일차,KRZFA50705G3,국민넘버원제일차 20260326-85-5,N,20260326,20260619,정기예금,KRW,,5000000000,5000000000,58,A1,A1,A1,,국민은행,자체 신용보강,자체 신용보강,국민은행
74334,국민넘버원제일차,KRZFA50706G3,국민넘버원제일차 20260326-85-6,N,20260326,20260619,정기예금,KRW,,5000000000,5000000000,58,A1,A1,A1,,국민은행,자체 신용보강,자체 신용보강,국민은행
74334,국민넘버원제일차,KRZFA50707G3,국민넘버원제일차 20260326-85-7,N,20260326,20260619,정기예금,KRW,,5000000000,5000000000,58,A1,A1,A1,,국민은행,자체 신용보강,자체 신용보강,국민은행
74334,국민넘버원제일차,KRZFA50708G3,국민넘버원제일차 20260326-85-8,N,20260326,20260619,정기예금,KRW,,5000000000,5000000000,58,A1,A1,A1,,국민은행,자체 신용보강,자체 신용보강,국민은행
74334,국민넘버원제일차,KRZFA50709G3,국민넘버원제일차 20260326-85-9,N,20260326,20260619,정기예금,KRW,,5000000000,5000000000,58,A1,A1,A1,,국민은행,자체 신용보강,자체 신용보강,국민은행
73526,디에스에어식스제이차,KRZF0158X1G3,디에스에어식스제이차 20260326-32-1,N,20260326,20260427,대출채권,KRW,,5000000000,5000000000,5,A1,A1,,,다산네트웍스,외부 신용보강,금융기관,한국산업은행
73526,디에스에어식스제이차,KRZF0158X2G3,디에스에어식스제이차 20260326-32-2,N,20260326,20260427,대출채권,KRW,,5000000000,5000000000,5,A1,A1,,,다산네트웍스,외부 신용보강,금융기관,한국산업은행
73526,디에스에어식스제이차,KRZF0158X3G3,디에스에어식스제이차 20260326-32-3,N,20260326,20260427,대출채권,KRW,,5000000000,5000000000,5,A1,A1,,,다산네트웍스,외부 신용보강,금융기관,한국산업은행
73526,디에스에어식스제이차,KRZF0158X4G3,디에스에어식스제이차 20260326-32-4,N,20260326,20260427,대출채권,KRW,,5000000000,5000000000,5,A1,A1,,,다산네트웍스,외부 신용보강,금융기관,한국산업은행
73526,디에스에어식스제이차,KRZF0158X5G3,디에스에어식스제이차 20260326-32-5,N,20260326,20260427,대출채권,KRW,,5000000000,5000000000,5,A1,A1,,,다산네트웍스,외부 신용보강,금융기관,한국산업은행
70438,스마트연동제일차,KRZF0065J1G3,스마트연동제일차 20260326-186-1,Y,20260326,20260928,PF대출채권,KRW,,5000000000,5000000000,159,A1,,A1,,(주)아일랜드원,외부 신용보강,금융기관,메리츠증권
70438,스마트연동제일차,KRZF0065J2G3,스마트연동제일차 20260326-186-2,Y,20260326,20260928,PF대출채권,KRW,,5000000000,5000000000,159,A1,,A1,,(주)아일랜드원,외부 신용보강,금융기관,메리츠증권
70438,스마트연동제일차,KRZF0065J3G3,스마트연동제일차 20260326-186-3,Y,20260326,20260928,PF대출채권,KRW,,5000000000,5000000000,159,A1,,A1,,(주)아일랜드원,외부 신용보강,금융기관,메리츠증권
70438,스마트연동제일차,KRZF0065J4G3,스마트연동제일차 20260326-186-4,Y,20260326,20260928,PF대출채권,KRW,,5000000000,5000000000,159,A1,,A1,,(주)아일랜드원,외부 신용보강,금융기관,메리츠증권
70438,스마트연동제일차,KRZF0065J5G3,스마트연동제일차 20260326-186-5,Y,20260326,20260928,PF대출채권,KRW,,4000000000,4000000000,159,A1,,A1,,(주)아일랜드원,외부 신용보강,금융기관,메리츠증권
70438,스마트연동제일차,KRZF0065J6G3,스마트연동제일차 20260326-186-6,Y,20260326,20260928,PF대출채권,KRW,,1460000000,1460000000,159,A1,,A1,,(주)아일랜드원,외부 신용보강,금융기관,메리츠증권
71945,에이치세븐제오차,KRZF0106F1G3,에이치세븐제오차 20260326-92-1,N,20260326,20260626,대출채권,KRW,,5000000000,5000000000,65,A1,,A1,,코리아세븐,차환발행위험(유동성 공여형 매입약정),금융기관,하나은행
71945,에이치세븐제오차,KRZF0106F1G3,에이치세븐제오차 20260326-92-1,N,20260326,20260626,대출채권,KRW,,5000000000,5000000000,65,A1,,A1,,코리아세븐,금리변동/환율변동,금융기관,하나은행
71945,에이치세븐제오차,KRZF0106F2G3,에이치세븐제오차 20260326-92-2,N,20260326,20260626,대출채권,KRW,,5000000000,5000000000,65,A1,,A1,,코리아세븐,차환발행위험(유동성 공여형 매입약정),금융기관,하나은행
71945,에이치세븐제오차,KRZF0106F2G3,에이치세븐제오차 20260326-92-2,N,20260326,20260626,대출채권,KRW,,5000000000,5000000000,65,A1,,A1,,코리아세븐,금리변동/환율변동,금융기관,하나은행
71945,에이치세븐제오차,KRZF0106F3G3,에이치세븐제오차 20260326-92-3,N,20260326,20260626,대출채권,KRW,,5000000000,5000000000,65,A1,,A1,,코리아세븐,차환발행위험(유동성 공여형 매입약정),금융기관,하나은행
71945,에이치세븐제오차,KRZF0106F3G3,에이치세븐제오차 20260326-92-3,N,20260326,20260626,대출채권,KRW,,5000000000,5000000000,65,A1,,A1,,코리아세븐,금리변동/환율변동,금융기관,하나은행
71945,에이치세븐제오차,KRZF0106F4G3,에이치세븐제오차 20260326-92-4,N,20260326,20260626,대출채권,KRW,,5000000000,5000000000,65,A1,,A1,,코리아세븐,차환발행위험(유동성 공여형 매입약정),금융기관,하나은행
71945,에이치세븐제오차,KRZF0106F4G3,에이치세븐제오차 20260326-92-4,N,20260326,20260626,대출채권,KRW,,5000000000,5000000000,65,A1,,A1,,코리아세븐,금리변동/환율변동,금융기관,하나은행
69348,엠아이엘제육차,KRZFA07321G3,엠아이엘제육차 20260326-186-1,Y,20260326,20260928,PF대출채권,KRW,,5000000000,5000000000,159,A1,A1,,,한강자양지역주택조합,외부 신용보강,금융기관,메리츠증권
69348,엠아이엘제육차,KRZFA0732AG3,엠아이엘제육차 20260326-186-10,Y,20260326,20260928,PF대출채권,KRW,,1000000000,1000000000,159,A1,A1,,,한강자양지역주택조합,외부 신용보강,금융기관,메리츠증권
69348,엠아이엘제육차,KRZFA0732BG3,엠아이엘제육차 20260326-186-11,Y,20260326,20260928,PF대출채권,KRW,,500000000,500000000,159,A1,A1,,,한강자양지역주택조합,외부 신용보강,금융기관,메리츠증권
69348,엠아이엘제육차,KRZFA0732CG3,엠아이엘제육차 20260326-186-12,Y,20260326,20260928,PF대출채권,KRW,,500000000,500000000,159,A1,A1,,,한강자양지역주택조합,외부 신용보강,금융기관,메리츠증권
69348,엠아이엘제육차,KRZFA0732DG3,엠아이엘제육차 20260326-186-13,Y,20260326,20260928,PF대출채권,KRW,,500000000,500000000,159,A1,A1,,,한강자양지역주택조합,외부 신용보강,금융기관,메리츠증권
69348,엠아이엘제육차,KRZFA0732EG3,엠아이엘제육차 20260326-186-14,Y,20260326,20260928,PF대출채권,KRW,,500000000,500000000,159,A1,A1,,,한강자양지역주택조합,외부 신용보강,금융기관,메리츠증권
69348,엠아이엘제육차,KRZFA07322G3,엠아이엘제육차 20260326-186-2,Y,20260326,20260928,PF대출채권,KRW,,5000000000,5000000000,159,A1,A1,,,한강자양지역주택조합,외부 신용보강,금융기관,메리츠증권
69348,엠아이엘제육차,KRZFA07323G3,엠아이엘제육차 20260326-186-3,Y,20260326,20260928,PF대출채권,KRW,,5000000000,5000000000,159,A1,A1,,,한강자양지역주택조합,외부 신용보강,금융기관,메리츠증권
69348,엠아이엘제육차,KRZFA07324G3,엠아이엘제육차 20260326-186-4,Y,20260326,20260928,PF대출채권,KRW,,5000000000,5000000000,159,A1,A1,,,한강자양지역주택조합,외부 신용보강,금융기관,메리츠증권
69348,엠아이엘제육차,KRZFA07325G3,엠아이엘제육차 20260326-186-5,Y,20260326,20260928,PF대출채권,KRW,,5000000000,5000000000,159,A1,A1,,,한강자양지역주택조합,외부 신용보강,금융기관,메리츠증권
69348,엠아이엘제육차,KRZFA07326G3,엠아이엘제육차 20260326-186-6,Y,20260326,20260928,PF대출채권,KRW,,3000000000,3000000000,159,A1,A1,,,한강자양지역주택조합,외부 신용보강,금융기관,메리츠증권
69348,엠아이엘제육차,KRZFA07327G3,엠아이엘제육차 20260326-186-7,Y,20260326,20260928,PF대출채권,KRW,,2000000000,2000000000,159,A1,A1,,,한강자양지역주택조합,외부 신용보강,금융기관,메리츠증권
69348,엠아이엘제육차,KRZFA07328G3,엠아이엘제육차 20260326-186-8,Y,20260326,20260928,PF대출채권,KRW,,2000000000,2000000000,159,A1,A1,,,한강자양지역주택조합,외부 신용보강,금융기관,메리츠증권
69348,엠아이엘제육차,KRZFA07329G3,엠아이엘제육차 20260326-186-9,Y,20260326,20260928,PF대출채권,KRW,,1000000000,1000000000,159,A1,A1,,,한강자양지역주택조합,외부 신용보강,금융기관,메리츠증권
71916,위비센트럴제일차,KRZF0100S1G3,위비센트럴제일차 20260326-92-1,N,20260326,20260626,대출채권,KRW,,5000000000,5000000000,65,A1,A1,,,에스케이디앤디,외부 신용보강,금융기관,(주)우리투자증권
71916,위비센트럴제일차,KRZF0100S2G3,위비센트럴제일차 20260326-92-2,N,20260326,20260626,대출채권,KRW,,5000000000,5000000000,65,A1,A1,,,에스케이디앤디,외부 신용보강,금융기관,(주)우리투자증권
71916,위비센트럴제일차,KRZF0100S3G3,위비센트럴제일차 20260326-92-3,N,20260326,20260626,대출채권,KRW,,5000000000,5000000000,65,A1,A1,,,에스케이디앤디,외부 신용보강,금융기관,(주)우리투자증권
71916,위비센트럴제일차,KRZF0100S4G3,위비센트럴제일차 20260326-92-4,N,20260326,20260626,대출채권,KRW,,5000000000,5000000000,65,A1,A1,,,에스케이디앤디,외부 신용보강,금융기관,(주)우리투자증권
71916,위비센트럴제일차,KRZF0100S5G3,위비센트럴제일차 20260326-92-5,N,20260326,20260626,대출채권,KRW,,5000000000,5000000000,65,A1,A1,,,에스케이디앤디,외부 신용보강,금융기관,(주)우리투자증권
71916,위비센트럴제일차,KRZF0100S6G3,위비센트럴제일차 20260326-92-6,N,20260326,20260626,대출채권,KRW,,2600000000,2600000000,65,A1,A1,,,에스케이디앤디,외부 신용보강,금융기관,(주)우리투자증권
70586,위비에이케이제일차,KRZF0079M1G3,위비에이케이제일차 20260326-92-1,N,20260326,20260626,대출채권,KRW,,5000000000,5000000000,65,A1,A1,,,에이케이홀딩스,차환발행위험(유동성 공여형 매입약정),금융기관,(주)우리투자증권
70586,위비에이케이제일차,KRZF0079M2G3,위비에이케이제일차 20260326-92-2,N,20260326,20260626,대출채권,KRW,,5000000000,5000000000,65,A1,A1,,,에이케이홀딩스,차환발행위험(유동성 공여형 매입약정),금융기관,(주)우리투자증권
70586,위비에이케이제일차,KRZF0079M3G3,위비에이케이제일차 20260326-92-3,N,20260326,20260626,대출채권,KRW,,5000000000,5000000000,65,A1,A1,,,에이케이홀딩스,차환발행위험(유동성 공여형 매입약정),금융기관,(주)우리투자증권
70586,위비에이케이제일차,KRZF0079M4G3,위비에이케이제일차 20260326-92-4,N,20260326,20260626,대출채권,KRW,,5000000000,5000000000,65,A1,A1,,,에이케이홀딩스,차환발행위험(유동성 공여형 매입약정),금융기관,(주)우리투자증권
70586,위비에이케이제일차,KRZF0079M5G3,위비에이케이제일차 20260326-92-5,N,20260326,20260626,대출채권,KRW,,5000000000,5000000000,65,A1,A1,,,에이케이홀딩스,차환발행위험(유동성 공여형 매입약정),금융기관,(주)우리투자증권
70586,위비에이케이제일차,KRZF0079M6G3,위비에이케이제일차 20260326-92-6,N,20260326,20260626,대출채권,KRW,,5000000000,5000000000,65,A1,A1,,,에이케이홀딩스,차환발행위험(유동성 공여형 매입약정),금융기관,(주)우리투자증권
71950,케이비아이콘제일차,KRZF0115K1G3,케이비아이콘제일차 20260326-92-1,N,20260326,20260626,대출채권,KRW,,5000000000,5000000000,65,A1,,A1,,캐피탈랜드코리아제18호일반사모부동산모투자회사,차환발행위험(유동성 공여형 매입약정),금융기관,국민은행
71950,케이비아이콘제일차,KRZF0115KAG3,케이비아이콘제일차 20260326-92-10,N,20260326,20260626,대출채권,KRW,,4500000000,4500000000,65,A1,,A1,,캐피탈랜드코리아제18호일반사모부동산모투자회사,차환발행위험(유동성 공여형 매입약정),금융기관,국민은행
71950,케이비아이콘제일차,KRZF0115K2G3,케이비아이콘제일차 20260326-92-2,N,20260326,20260626,대출채권,KRW,,5000000000,5000000000,65,A1,,A1,,캐피탈랜드코리아제18호일반사모부동산모투자회사,차환발행위험(유동성 공여형 매입약정),금융기관,국민은행
71950,케이비아이콘제일차,KRZF0115K3G3,케이비아이콘제일차 20260326-92-3,N,20260326,20260626,대출채권,KRW,,5000000000,5000000000,65,A1,,A1,,캐피탈랜드코리아제18호일반사모부동산모투자회사,차환발행위험(유동성 공여형 매입약정),금융기관,국민은행
71950,케이비아이콘제일차,KRZF0115K4G3,케이비아이콘제일차 20260326-92-4,N,20260326,20260626,대출채권,KRW,,5000000000,5000000000,65,A1,,A1,,캐피탈랜드코리아제18호일반사모부동산모투자회사,차환발행위험(유동성 공여형 매입약정),금융기관,국민은행
71950,케이비아이콘제일차,KRZF0115K5G3,케이비아이콘제일차 20260326-92-5,N,20260326,20260626,대출채권,KRW,,5000000000,5000000000,65,A1,,A1,,캐피탈랜드코리아제18호일반사모부동산모투자회사,차환발행위험(유동성 공여형 매입약정),금융기관,국민은행
71950,케이비아이콘제일차,KRZF0115K6G3,케이비아이콘제일차 20260326-92-6,N,20260326,20260626,대출채권,KRW,,5000000000,5000000000,65,A1,,A1,,캐피탈랜드코리아제18호일반사모부동산모투자회사,차환발행위험(유동성 공여형 매입약정),금융기관,국민은행
71950,케이비아이콘제일차,KRZF0115K7G3,케이비아이콘제일차 20260326-92-7,N,20260326,20260626,대출채권,KRW,,5000000000,5000000000,65,A1,,A1,,캐피탈랜드코리아제18호일반사모부동산모투자회사,차환발행위험(유동성 공여형 매입약정),금융기관,국민은행
71950,케이비아이콘제일차,KRZF0115K8G3,케이비아이콘제일차 20260326-92-8,N,20260326,20260626,대출채권,KRW,,5000000000,5000000000,65,A1,,A1,,캐피탈랜드코리아제18호일반사모부동산모투자회사,차환발행위험(유동성 공여형 매입약정),금융기관,국민은행
71950,케이비아이콘제일차,KRZF0115K9G3,케이비아이콘제일차 20260326-92-9,N,20260326,20260626,대출채권,KRW,,5000000000,5000000000,65,A1,,A1,,캐피탈랜드코리아제18호일반사모부동산모투자회사,차환발행위험(유동성 공여형 매입약정),금융기관,국민은행
69346,하나플랜트제사차,KRZF0034K1G3,하나플랜트제사차 20260326-92-1,N,20260326,20260626,대출채권,KRW,,5000000000,5000000000,65,A1,,A1,,에스케이에코플랜트(주),차환발행위험(유동성 공여형 매입약정),금융기관,하나은행
69346,하나플랜트제사차,KRZF0034K2G3,하나플랜트제사차 20260326-92-2,N,20260326,20260626,대출채권,KRW,,5000000000,5000000000,65,A1,,A1,,에스케이에코플랜트(주),차환발행위험(유동성 공여형 매입약정),금융기관,하나은행
69346,하나플랜트제사차,KRZF0034K3G3,하나플랜트제사차 20260326-92-3,N,20260326,20260626,대출채권,KRW,,5000000000,5000000000,65,A1,,A1,,에스케이에코플랜트(주),차환발행위험(유동성 공여형 매입약정),금융기관,하나은행
69346,하나플랜트제사차,KRZF0034K4G3,하나플랜트제사차 20260326-92-4,N,20260326,20260626,대출채권,KRW,,5000000000,5000000000,65,A1,,A1,,에스케이에코플랜트(주),차환발행위험(유동성 공여형 매입약정),금융기관,하나은행
69346,하나플랜트제사차,KRZF0034K5G3,하나플랜트제사차 20260326-92-5,N,20260326,20260626,대출채권,KRW,,5000000000,5000000000,65,A1,,A1,,에스케이에코플랜트(주),차환발행위험(유동성 공여형 매입약정),금융기관,하나은행
69346,하나플랜트제사차,KRZF0034K6G3,하나플랜트제사차 20260326-92-6,N,20260326,20260626,대출채권,KRW,,5000000000,5000000000,65,A1,,A1,,에스케이에코플랜트(주),차환발행위험(유동성 공여형 매입약정),금융기관,하나은행
69346,하나플랜트제사차,KRZF0034K7G3,하나플랜트제사차 20260326-92-7,N,20260326,20260626,대출채권,KRW,,3200000000,3200000000,65,A1,,A1,,에스케이에코플랜트(주),차환발행위험(유동성 공여형 매입약정),금융기관,하나은행
71886,한투케이디비제일차,KRZF0115G1G3,한투케이디비제일차 20260326-92-1,N,20260326,20260626,하이브리드증권,KRW,,5000000000,5000000000,65,A1,,A1,,한국투자금융지주,외부 신용보강,금융기관,한국산업은행
71886,한투케이디비제일차,KRZF0115G2G3,한투케이디비제일차 20260326-92-2,N,20260326,20260626,하이브리드증권,KRW,,5000000000,5000000000,65,A1,,A1,,한국투자금융지주,외부 신용보강,금융기관,한국산업은행
71886,한투케이디비제일차,KRZF0115G3G3,한투케이디비제일차 20260326-92-3,N,20260326,20260626,하이브리드증권,KRW,,5000000000,5000000000,65,A1,,A1,,한국투자금융지주,외부 신용보강,금융기관,한국산업은행
71886,한투케이디비제일차,KRZF0115G4G3,한투케이디비제일차 20260326-92-4,N,20260326,20260626,하이브리드증권,KRW,,5000000000,5000000000,65,A1,,A1,,한국투자금융지주,외부 신용보강,금융기관,한국산업은행
71886,한투케이디비제일차,KRZF0115G5G3,한투케이디비제일차 20260326-92-5,N,20260326,20260626,하이브리드증권,KRW,,5000000000,5000000000,65,A1,,A1,,한국투자금융지주,외부 신용보강,금융기관,한국산업은행
74320,농협글로리제1차,KRZF0114N1G3,농협글로리제1차 20260325-197-1,N,20260325,20261008,정기예금,KRW,,5000000000,5000000000,169,A1,,A1,,농협은행,자체 신용보강,자체 신용보강,농협은행
74320,농협글로리제1차,KRZF0114NAG3,농협글로리제1차 20260325-197-10,N,20260325,20261008,정기예금,KRW,,5000000000,5000000000,169,A1,,A1,,농협은행,자체 신용보강,자체 신용보강,농협은행
74320,농협글로리제1차,KRZF0114NBG3,농협글로리제1차 20260325-197-11,N,20260325,20261008,정기예금,KRW,,5000000000,5000000000,169,A1,,A1,,농협은행,자체 신용보강,자체 신용보강,농협은행
74320,농협글로리제1차,KRZF0114NCG3,농협글로리제1차 20260325-197-12,N,20260325,20261008,정기예금,KRW,,5000000000,5000000000,169,A1,,A1,,농협은행,자체 신용보강,자체 신용보강,농협은행
74320,농협글로리제1차,KRZF0114NDG3,농협글로리제1차 20260325-197-13,N,20260325,20261008,정기예금,KRW,,5000000000,5000000000,169,A1,,A1,,농협은행,자체 신용보강,자체 신용보강,농협은행
74320,농협글로리제1차,KRZF0114NEG3,농협글로리제1차 20260325-197-14,N,20260325,20261008,정기예금,KRW,,5000000000,5000000000,169,A1,,A1,,농협은행,자체 신용보강,자체 신용보강,농협은행
74320,농협글로리제1차,KRZF0114NFG3,농협글로리제1차 20260325-197-15,N,20260325,20261008,정기예금,KRW,,5000000000,5000000000,169,A1,,A1,,농협은행,자체 신용보강,자체 신용보강,농협은행
74320,농협글로리제1차,KRZF0114NGG3,농협글로리제1차 20260325-197-16,N,20260325,20261008,정기예금,KRW,,5000000000,5000000000,169,A1,,A1,,농협은행,자체 신용보강,자체 신용보강,농협은행
74320,농협글로리제1차,KRZF0114NHG3,농협글로리제1차 20260325-197-17,N,20260325,20261008,정기예금,KRW,,5000000000,5000000000,169,A1,,A1,,농협은행,자체 신용보강,자체 신용보강,농협은행
74320,농협글로리제1차,KRZF0114NJG3,농협글로리제1차 20260325-197-18,N,20260325,20261008,정기예금,KRW,,5000000000,5000000000,169,A1,,A1,,농협은행,자체 신용보강,자체 신용보강,농협은행
74320,농협글로리제1차,KRZF0114NKG3,농협글로리제1차 20260325-197-19,N,20260325,20261008,정기예금,KRW,,5000000000,5000000000,169,A1,,A1,,농협은행,자체 신용보강,자체 신용보강,농협은행
74320,농협글로리제1차,KRZF0114N2G3,농협글로리제1차 20260325-197-2,N,20260325,20261008,정기예금,KRW,,5000000000,5000000000,169,A1,,A1,,농협은행,자체 신용보강,자체 신용보강,농협은행
74320,농협글로리제1차,KRZF0114NLG3,농협글로리제1차 20260325-197-20,N,20260325,20261008,정기예금,KRW,,5000000000,5000000000,169,A1,,A1,,농협은행,자체 신용보강,자체 신용보강,농협은행
74320,농협글로리제1차,KRZF0114NMG3,농협글로리제1차 20260325-197-21,N,20260325,20261008,정기예금,KRW,,5000000000,5000000000,169,A1,,A1,,농협은행,자체 신용보강,자체 신용보강,농협은행
74320,농협글로리제1차,KRZF0114NNG3,농협글로리제1차 20260325-197-22,N,20260325,20261008,정기예금,KRW,,5000000000,5000000000,169,A1,,A1,,농협은행,자체 신용보강,자체 신용보강,농협은행
74320,농협글로리제1차,KRZF0114NPG3,농협글로리제1차 20260325-197-23,N,20260325,20261008,정기예금,KRW,,5000000000,5000000000,169,A1,,A1,,농협은행,자체 신용보강,자체 신용보강,농협은행
74320,농협글로리제1차,KRZF0114NQG3,농협글로리제1차 20260325-197-24,N,20260325,20261008,정기예금,KRW,,5000000000,5000000000,169,A1,,A1,,농협은행,자체 신용보강,자체 신용보강,농협은행
74320,농협글로리제1차,KRZF0114NRG3,농협글로리제1차 20260325-197-25,N,20260325,20261008,정기예금,KRW,,5000000000,5000000000,169,A1,,A1,,농협은행,자체 신용보강,자체 신용보강,농협은행
74320,농협글로리제1차,KRZF0114NSG3,농협글로리제1차 20260325-197-26,N,20260325,20261008,정기예금,KRW,,5000000000,5000000000,169,A1,,A1,,농협은행,자체 신용보강,자체 신용보강,농협은행
74320,농협글로리제1차,KRZF0114NTG3,농협글로리제1차 20260325-197-27,N,20260325,20261008,정기예금,KRW,,5000000000,5000000000,169,A1,,A1,,농협은행,자체 신용보강,자체 신용보강,농협은행
74320,농협글로리제1차,KRZF0114NVG3,농협글로리제1차 20260325-197-28,N,20260325,20261008,정기예금,KRW,,5000000000,5000000000,169,A1,,A1,,농협은행,자체 신용보강,자체 신용보강,농협은행
74320,농협글로리제1차,KRZF0114NWG3,농협글로리제1차 20260325-197-29,N,20260325,20261008,정기예금,KRW,,5000000000,5000000000,169,A1,,A1,,농협은행,자체 신용보강,자체 신용보강,농협은행
74320,농협글로리제1차,KRZF0114N3G3,농협글로리제1차 20260325-197-3,N,20260325,20261008,정기예금,KRW,,5000000000,5000000000,169,A1,,A1,,농협은행,자체 신용보강,자체 신용보강,농협은행
74320,농협글로리제1차,KRZF0114NXG3,농협글로리제1차 20260325-197-30,N,20260325,20261008,정기예금,KRW,,5000000000,5000000000,169,A1,,A1,,농협은행,자체 신용보강,자체 신용보강,농협은행
74320,농협글로리제1차,KRZF0114NYG3,농협글로리제1차 20260325-197-31,N,20260325,20261008,정기예금,KRW,,5000000000,5000000000,169,A1,,A1,,농협은행,자체 신용보강,자체 신용보강,농협은행
74320,농협글로리제1차,KRZF0114NZG3,농협글로리제1차 20260325-197-32,N,20260325,20261008,정기예금,KRW,,5000000000,5000000000,169,A1,,A1,,농협은행,자체 신용보강,자체 신용보강,농협은행
74320,농협글로리제1차,KRZF0114N0GF,농협글로리제1차 20260325-197-33,N,20260325,20261008,정기예금,KRW,,5000000000,5000000000,169,A1,,A1,,농협은행,자체 신용보강,자체 신용보강,농협은행
74320,농협글로리제1차,KRZF0114N1GF,농협글로리제1차 20260325-197-34,N,20260325,20261008,정기예금,KRW,,5000000000,5000000000,169,A1,,A1,,농협은행,자체 신용보강,자체 신용보강,농협은행
74320,농협글로리제1차,KRZF0114N2GF,농협글로리제1차 20260325-197-35,N,20260325,20261008,정기예금,KRW,,5000000000,5000000000,169,A1,,A1,,농협은행,자체 신용보강,자체 신용보강,농협은행
74320,농협글로리제1차,KRZF0114N3GF,농협글로리제1차 20260325-197-36,N,20260325,20261008,정기예금,KRW,,5000000000,5000000000,169,A1,,A1,,농협은행,자체 신용보강,자체 신용보강,농협은행
74320,농협글로리제1차,KRZF0114N4GF,농협글로리제1차 20260325-197-37,N,20260325,20261008,정기예금,KRW,,5000000000,5000000000,169,A1,,A1,,농협은행,자체 신용보강,자체 신용보강,농협은행
74320,농협글로리제1차,KRZF0114N5GF,농협글로리제1차 20260325-197-38,N,20260325,20261008,정기예금,KRW,,5000000000,5000000000,169,A1,,A1,,농협은행,자체 신용보강,자체 신용보강,농협은행
74320,농협글로리제1차,KRZF0114N6GF,농협글로리제1차 20260325-197-39,N,20260325,20261008,정기예금,KRW,,5000000000,5000000000,169,A1,,A1,,농협은행,자체 신용보강,자체 신용보강,농협은행
74320,농협글로리제1차,KRZF0114N4G3,농협글로리제1차 20260325-197-4,N,20260325,20261008,정기예금,KRW,,5000000000,5000000000,169,A1,,A1,,농협은행,자체 신용보강,자체 신용보강,농협은행
74320,농협글로리제1차,KRZF0114N7GF,농협글로리제1차 20260325-197-40,N,20260325,20261008,정기예금,KRW,,5000000000,5000000000,169,A1,,A1,,농협은행,자체 신용보강,자체 신용보강,농협은행
74320,농협글로리제1차,KRZF0114N8GF,농협글로리제1차 20260325-197-41,N,20260325,20261008,정기예금,KRW,,5000000000,5000000000,169,A1,,A1,,농협은행,자체 신용보강,자체 신용보강,농협은행
74320,농협글로리제1차,KRZF0114N9GF,농협글로리제1차 20260325-197-42,N,20260325,20261008,정기예금,KRW,,5000000000,5000000000,169,A1,,A1,,농협은행,자체 신용보강,자체 신용보강,농협은행
74320,농협글로리제1차,KRZF0114NAGF,농협글로리제1차 20260325-197-43,N,20260325,20261008,정기예금,KRW,,5000000000,5000000000,169,A1,,A1,,농협은행,자체 신용보강,자체 신용보강,농협은행
74320,농협글로리제1차,KRZF0114NBGF,농협글로리제1차 20260325-197-44,N,20260325,20261008,정기예금,KRW,,5000000000,5000000000,169,A1,,A1,,농협은행,자체 신용보강,자체 신용보강,농협은행
74320,농협글로리제1차,KRZF0114NCGF,농협글로리제1차 20260325-197-45,N,20260325,20261008,정기예금,KRW,,5000000000,5000000000,169,A1,,A1,,농협은행,자체 신용보강,자체 신용보강,농협은행
74320,농협글로리제1차,KRZF0114NDGF,농협글로리제1차 20260325-197-46,N,20260325,20261008,정기예금,KRW,,5000000000,5000000000,169,A1,,A1,,농협은행,자체 신용보강,자체 신용보강,농협은행
74320,농협글로리제1차,KRZF0114NEGF,농협글로리제1차 20260325-197-47,N,20260325,20261008,정기예금,KRW,,5000000000,5000000000,169,A1,,A1,,농협은행,자체 신용보강,자체 신용보강,농협은행
74320,농협글로리제1차,KRZF0114NFGF,농협글로리제1차 20260325-197-48,N,20260325,20261008,정기예금,KRW,,5000000000,5000000000,169,A1,,A1,,농협은행,자체 신용보강,자체 신용보강,농협은행
74320,농협글로리제1차,KRZF0114NGGF,농협글로리제1차 20260325-197-49,N,20260325,20261008,정기예금,KRW,,5000000000,5000000000,169,A1,,A1,,농협은행,자체 신용보강,자체 신용보강,농협은행
74320,농협글로리제1차,KRZF0114N5G3,농협글로리제1차 20260325-197-5,N,20260325,20261008,정기예금,KRW,,5000000000,5000000000,169,A1,,A1,,농협은행,자체 신용보강,자체 신용보강,농협은행
74320,농협글로리제1차,KRZF0114N6G3,농협글로리제1차 20260325-197-6,N,20260325,20261008,정기예금,KRW,,5000000000,5000000000,169,A1,,A1,,농협은행,자체 신용보강,자체 신용보강,농협은행
74320,농협글로리제1차,KRZF0114N7G3,농협글로리제1차 20260325-197-7,N,20260325,20261008,정기예금,KRW,,5000000000,5000000000,169,A1,,A1,,농협은행,자체 신용보강,자체 신용보강,농협은행
74320,농협글로리제1차,KRZF0114N8G3,농협글로리제1차 20260325-197-8,N,20260325,20261008,정기예금,KRW,,5000000000,5000000000,169,A1,,A1,,농협은행,자체 신용보강,자체 신용보강,농협은행
74320,농협글로리제1차,KRZF0114N9G3,농협글로리제1차 20260325-197-9,N,20260325,20261008,정기예금,KRW,,5000000000,5000000000,169,A1,,A1,,농협은행,자체 신용보강,자체 신용보강,농협은행
71897,디비케이디비제일차,KRZF0114S1G3,디비케이디비제일차 20260325-92-1,N,20260325,20260625,대출채권,KRW,,5000000000,5000000000,64,A1,A1,,,디비손해보험,차환발행위험(유동성 공여형 매입약정),공공기관,한국산업은행
71897,디비케이디비제일차,KRZF0114SAG3,디비케이디비제일차 20260325-92-10,N,20260325,20260625,대출채권,KRW,,5000000000,5000000000,64,A1,A1,,,디비손해보험,차환발행위험(유동성 공여형 매입약정),공공기관,한국산업은행
71897,디비케이디비제일차,KRZF0114S2G3,디비케이디비제일차 20260325-92-2,N,20260325,20260625,대출채권,KRW,,5000000000,5000000000,64,A1,A1,,,디비손해보험,차환발행위험(유동성 공여형 매입약정),공공기관,한국산업은행
71897,디비케이디비제일차,KRZF0114S3G3,디비케이디비제일차 20260325-92-3,N,20260325,20260625,대출채권,KRW,,5000000000,5000000000,64,A1,A1,,,디비손해보험,차환발행위험(유동성 공여형 매입약정),공공기관,한국산업은행
71897,디비케이디비제일차,KRZF0114S4G3,디비케이디비제일차 20260325-92-4,N,20260325,20260625,대출채권,KRW,,5000000000,5000000000,64,A1,A1,,,디비손해보험,차환발행위험(유동성 공여형 매입약정),공공기관,한국산업은행
71897,디비케이디비제일차,KRZF0114S5G3,디비케이디비제일차 20260325-92-5,N,20260325,20260625,대출채권,KRW,,5000000000,5000000000,64,A1,A1,,,디비손해보험,차환발행위험(유동성 공여형 매입약정),공공기관,한국산업은행
71897,디비케이디비제일차,KRZF0114S6G3,디비케이디비제일차 20260325-92-6,N,20260325,20260625,대출채권,KRW,,5000000000,5000000000,64,A1,A1,,,디비손해보험,차환발행위험(유동성 공여형 매입약정),공공기관,한국산업은행
71897,디비케이디비제일차,KRZF0114S7G3,디비케이디비제일차 20260325-92-7,N,20260325,20260625,대출채권,KRW,,5000000000,5000000000,64,A1,A1,,,디비손해보험,차환발행위험(유동성 공여형 매입약정),공공기관,한국산업은행
71897,디비케이디비제일차,KRZF0114S8G3,디비케이디비제일차 20260325-92-8,N,20260325,20260625,대출채권,KRW,,5000000000,5000000000,64,A1,A1,,,디비손해보험,차환발행위험(유동성 공여형 매입약정),공공기관,한국산업은행
71897,디비케이디비제일차,KRZF0114S9G3,디비케이디비제일차 20260325-92-9,N,20260325,20260625,대출채권,KRW,,5000000000,5000000000,64,A1,A1,,,디비손해보험,차환발행위험(유동성 공여형 매입약정),공공기관,한국산업은행
65120,디아스랜드마크,KRZF216321G3,디아스랜드마크 20260325-92-1,N,20260325,20260625,하이브리드증권,KRW,,5000000000,5000000000,64,,A1,A1,,청진이삼프로젝트 주식회사,차환발행위험(유동성 공여형 매입약정),금융기관,우리은행
65120,디아스랜드마크,KRZF216321G3,디아스랜드마크 20260325-92-1,N,20260325,20260625,하이브리드증권,KRW,,5000000000,5000000000,64,,A1,A1,,청진이삼프로젝트 주식회사,금리변동/환율변동,금융기관,우리은행
65120,디아스랜드마크,KRZF216322G3,디아스랜드마크 20260325-92-2,N,20260325,20260625,하이브리드증권,KRW,,5000000000,5000000000,64,,A1,A1,,청진이삼프로젝트 주식회사,차환발행위험(유동성 공여형 매입약정),금융기관,우리은행
65120,디아스랜드마크,KRZF216322G3,디아스랜드마크 20260325-92-2,N,20260325,20260625,하이브리드증권,KRW,,5000000000,5000000000,64,,A1,A1,,청진이삼프로젝트 주식회사,금리변동/환율변동,금융기관,우리은행
65120,디아스랜드마크,KRZF216323G3,디아스랜드마크 20260325-92-3,N,20260325,20260625,하이브리드증권,KRW,,5000000000,5000000000,64,,A1,A1,,청진이삼프로젝트 주식회사,차환발행위험(유동성 공여형 매입약정),금융기관,우리은행
65120,디아스랜드마크,KRZF216323G3,디아스랜드마크 20260325-92-3,N,20260325,20260625,하이브리드증권,KRW,,5000000000,5000000000,64,,A1,A1,,청진이삼프로젝트 주식회사,금리변동/환율변동,금융기관,우리은행
65120,디아스랜드마크,KRZF216324G3,디아스랜드마크 20260325-92-4,N,20260325,20260625,하이브리드증권,KRW,,4900000000,4900000000,64,,A1,A1,,청진이삼프로젝트 주식회사,차환발행위험(유동성 공여형 매입약정),금융기관,우리은행
65120,디아스랜드마크,KRZF216324G3,디아스랜드마크 20260325-92-4,N,20260325,20260625,하이브리드증권,KRW,,4900000000,4900000000,64,,A1,A1,,청진이삼프로젝트 주식회사,금리변동/환율변동,금융기관,우리은행
74317,디에스엔제일차,KRZF0159Y1G3,디에스엔제일차 20260325-1-1,,20260325,20260326,,KRW,,10000000000,10000000000,0,A1,A1,,,,,,
67222,디에이치원큐제이차,KRZFA94011G3,디에이치원큐제이차 20260325-92-1,N,20260325,20260625,수익증권,KRW,,5000000000,5000000000,64,,A1,A1,,동희산업,외부 신용보강,금융기관,하나은행
67222,디에이치원큐제이차,KRZFA94012G3,디에이치원큐제이차 20260325-92-2,N,20260325,20260625,수익증권,KRW,,200000000,200000000,64,,A1,A1,,동희산업,외부 신용보강,금융기관,하나은행
65123,디엘타워제이차,KRZFA78951G3,디엘타워제이차 20260325-92-1,N,20260325,20260625,대출채권,KRW,,5000000000,5000000000,64,A1,A1,,,디오네랜드마크유한회사,차환발행위험(유동성 공여형 매입약정),금융기관,하나은행
65123,디엘타워제이차,KRZFA78952G3,디엘타워제이차 20260325-92-2,N,20260325,20260625,대출채권,KRW,,5000000000,5000000000,64,A1,A1,,,디오네랜드마크유한회사,차환발행위험(유동성 공여형 매입약정),금융기관,하나은행
65123,디엘타워제이차,KRZFA78953G3,디엘타워제이차 20260325-92-3,N,20260325,20260625,대출채권,KRW,,5000000000,5000000000,64,A1,A1,,,디오네랜드마크유한회사,차환발행위험(유동성 공여형 매입약정),금융기관,하나은행
65123,디엘타워제이차,KRZFA78954G3,디엘타워제이차 20260325-92-4,N,20260325,20260625,대출채권,KRW,,5000000000,5000000000,64,A1,A1,,,디오네랜드마크유한회사,차환발행위험(유동성 공여형 매입약정),금융기관,하나은행
65123,디엘타워제이차,KRZFA78955G3,디엘타워제이차 20260325-92-5,N,20260325,20260625,대출채권,KRW,,5000000000,5000000000,64,A1,A1,,,디오네랜드마크유한회사,차환발행위험(유동성 공여형 매입약정),금융기관,하나은행
66859,리치게이트에이치제이차,KRZFA91571G3,리치게이트에이치제이차 20260325-92-1,N,20260325,20260625,대출채권,KRW,,5000000000,5000000000,64,A1,,A1,,한화위탁관리부동산투자회사(주),외부 신용보강,금융기관,신한은행
66859,리치게이트에이치제이차,KRZFA9157AG3,리치게이트에이치제이차 20260325-92-10,N,20260325,20260625,대출채권,KRW,,5000000000,5000000000,64,A1,,A1,,한화위탁관리부동산투자회사(주),외부 신용보강,금융기관,신한은행
66859,리치게이트에이치제이차,KRZFA91572G3,리치게이트에이치제이차 20260325-92-2,N,20260325,20260625,대출채권,KRW,,5000000000,5000000000,64,A1,,A1,,한화위탁관리부동산투자회사(주),외부 신용보강,금융기관,신한은행
66859,리치게이트에이치제이차,KRZFA91573G3,리치게이트에이치제이차 20260325-92-3,N,20260325,20260625,대출채권,KRW,,5000000000,5000000000,64,A1,,A1,,한화위탁관리부동산투자회사(주),외부 신용보강,금융기관,신한은행
66859,리치게이트에이치제이차,KRZFA91574G3,리치게이트에이치제이차 20260325-92-4,N,20260325,20260625,대출채권,KRW,,5000000000,5000000000,64,A1,,A1,,한화위탁관리부동산투자회사(주),외부 신용보강,금융기관,신한은행
66859,리치게이트에이치제이차,KRZFA91575G3,리치게이트에이치제이차 20260325-92-5,N,20260325,20260625,대출채권,KRW,,5000000000,5000000000,64,A1,,A1,,한화위탁관리부동산투자회사(주),외부 신용보강,금융기관,신한은행
66859,리치게이트에이치제이차,KRZFA91576G3,리치게이트에이치제이차 20260325-92-6,N,20260325,20260625,대출채권,KRW,,5000000000,5000000000,64,A1,,A1,,한화위탁관리부동산투자회사(주),외부 신용보강,금융기관,신한은행
66859,리치게이트에이치제이차,KRZFA91577G3,리치게이트에이치제이차 20260325-92-7,N,20260325,20260625,대출채권,KRW,,5000000000,5000000000,64,A1,,A1,,한화위탁관리부동산투자회사(주),외부 신용보강,금융기관,신한은행
66859,리치게이트에이치제이차,KRZFA91578G3,리치게이트에이치제이차 20260325-92-8,N,20260325,20260625,대출채권,KRW,,5000000000,5000000000,64,A1,,A1,,한화위탁관리부동산투자회사(주),외부 신용보강,금융기관,신한은행
66859,리치게이트에이치제이차,KRZFA91579G3,리치게이트에이치제이차 20260325-92-9,N,20260325,20260625,대출채권,KRW,,5000000000,5000000000,64,A1,,A1,,한화위탁관리부동산투자회사(주),외부 신용보강,금융기관,신한은행
74319,베스트에프제오차,KRZF0115J1G3,베스트에프제오차 20260325-33-1,N,20260325,20260427,대출채권,KRW,,5000000000,5000000000,5,A1,A1,,,한길종합물류센터(주),외부 신용보강,금융기관,메리츠증권
74319,베스트에프제오차,KRZF0115J2G3,베스트에프제오차 20260325-33-2,N,20260325,20260427,대출채권,KRW,,5000000000,5000000000,5,A1,A1,,,한길종합물류센터(주),외부 신용보강,금융기관,메리츠증권
74319,베스트에프제오차,KRZF0115J3G3,베스트에프제오차 20260325-33-3,N,20260325,20260427,대출채권,KRW,,2800000000,2800000000,5,A1,A1,,,한길종합물류센터(주),외부 신용보강,금융기관,메리츠증권
74279,스프링에너지제일차,KRZF0030E1G3,스프링에너지제일차 20260325-364-1,N,20260325,20270324,대출채권,KRW,,1500000000,1500000000,336,A2,A2,,,에스지씨이앤씨 주식회사,외부 신용보강,일반기업,에스지씨에너지
74279,스프링에너지제일차,KRZF0030EAG3,스프링에너지제일차 20260325-364-10,N,20260325,20270324,대출채권,KRW,,300000000,300000000,336,A2,A2,,,에스지씨이앤씨 주식회사,외부 신용보강,일반기업,에스지씨에너지
74279,스프링에너지제일차,KRZF0030EBG3,스프링에너지제일차 20260325-364-11,N,20260325,20270324,대출채권,KRW,,300000000,300000000,336,A2,A2,,,에스지씨이앤씨 주식회사,외부 신용보강,일반기업,에스지씨에너지
74279,스프링에너지제일차,KRZF0030ECG3,스프링에너지제일차 20260325-364-12,N,20260325,20270324,대출채권,KRW,,300000000,300000000,336,A2,A2,,,에스지씨이앤씨 주식회사,외부 신용보강,일반기업,에스지씨에너지
74279,스프링에너지제일차,KRZF0030EDG3,스프링에너지제일차 20260325-364-13,N,20260325,20270324,대출채권,KRW,,300000000,300000000,336,A2,A2,,,에스지씨이앤씨 주식회사,외부 신용보강,일반기업,에스지씨에너지
74279,스프링에너지제일차,KRZF0030EEG3,스프링에너지제일차 20260325-364-14,N,20260325,20270324,대출채권,KRW,,200000000,200000000,336,A2,A2,,,에스지씨이앤씨 주식회사,외부 신용보강,일반기업,에스지씨에너지
74279,스프링에너지제일차,KRZF0030EFG3,스프링에너지제일차 20260325-364-15,N,20260325,20270324,대출채권,KRW,,200000000,200000000,336,A2,A2,,,에스지씨이앤씨 주식회사,외부 신용보강,일반기업,에스지씨에너지
74279,스프링에너지제일차,KRZF0030EGG3,스프링에너지제일차 20260325-364-16,N,20260325,20270324,대출채권,KRW,,100000000,100000000,336,A2,A2,,,에스지씨이앤씨 주식회사,외부 신용보강,일반기업,에스지씨에너지
74279,스프링에너지제일차,KRZF0030EHG3,스프링에너지제일차 20260325-364-17,N,20260325,20270324,대출채권,KRW,,100000000,100000000,336,A2,A2,,,에스지씨이앤씨 주식회사,외부 신용보강,일반기업,에스지씨에너지
74279,스프링에너지제일차,KRZF0030EJG3,스프링에너지제일차 20260325-364-18,N,20260325,20270324,대출채권,KRW,,100000000,100000000,336,A2,A2,,,에스지씨이앤씨 주식회사,외부 신용보강,일반기업,에스지씨에너지
74279,스프링에너지제일차,KRZF0030EKG3,스프링에너지제일차 20260325-364-19,N,20260325,20270324,대출채권,KRW,,100000000,100000000,336,A2,A2,,,에스지씨이앤씨 주식회사,외부 신용보강,일반기업,에스지씨에너지
74279,스프링에너지제일차,KRZF0030E2G3,스프링에너지제일차 20260325-364-2,N,20260325,20270324,대출채권,KRW,,1000000000,1000000000,336,A2,A2,,,에스지씨이앤씨 주식회사,외부 신용보강,일반기업,에스지씨에너지
74279,스프링에너지제일차,KRZF0030ELG3,스프링에너지제일차 20260325-364-20,N,20260325,20270324,대출채권,KRW,,100000000,100000000,336,A2,A2,,,에스지씨이앤씨 주식회사,외부 신용보강,일반기업,에스지씨에너지
74279,스프링에너지제일차,KRZF0030EMG3,스프링에너지제일차 20260325-364-21,N,20260325,20270324,대출채권,KRW,,100000000,100000000,336,A2,A2,,,에스지씨이앤씨 주식회사,외부 신용보강,일반기업,에스지씨에너지
74279,스프링에너지제일차,KRZF0030ENG3,스프링에너지제일차 20260325-364-22,N,20260325,20270324,대출채권,KRW,,100000000,100000000,336,A2,A2,,,에스지씨이앤씨 주식회사,외부 신용보강,일반기업,에스지씨에너지
74279,스프링에너지제일차,KRZF0030EPG3,스프링에너지제일차 20260325-364-23,N,20260325,20270324,대출채권,KRW,,100000000,100000000,336,A2,A2,,,에스지씨이앤씨 주식회사,외부 신용보강,일반기업,에스지씨에너지
74279,스프링에너지제일차,KRZF0030EQG3,스프링에너지제일차 20260325-364-24,N,20260325,20270324,대출채권,KRW,,100000000,100000000,336,A2,A2,,,에스지씨이앤씨 주식회사,외부 신용보강,일반기업,에스지씨에너지
74279,스프링에너지제일차,KRZF0030ERG3,스프링에너지제일차 20260325-364-25,N,20260325,20270324,대출채권,KRW,,100000000,100000000,336,A2,A2,,,에스지씨이앤씨 주식회사,외부 신용보강,일반기업,에스지씨에너지
74279,스프링에너지제일차,KRZF0030ESG3,스프링에너지제일차 20260325-364-26,N,20260325,20270324,대출채권,KRW,,5000000000,5000000000,336,A2,A2,,,에스지씨이앤씨 주식회사,외부 신용보강,일반기업,에스지씨에너지
74279,스프링에너지제일차,KRZF0030ETG3,스프링에너지제일차 20260325-364-27,N,20260325,20270324,대출채권,KRW,,5000000000,5000000000,336,A2,A2,,,에스지씨이앤씨 주식회사,외부 신용보강,일반기업,에스지씨에너지
74279,스프링에너지제일차,KRZF0030EVG3,스프링에너지제일차 20260325-364-28,N,20260325,20270324,대출채권,KRW,,5000000000,5000000000,336,A2,A2,,,에스지씨이앤씨 주식회사,외부 신용보강,일반기업,에스지씨에너지
74279,스프링에너지제일차,KRZF0030EWG3,스프링에너지제일차 20260325-364-29,N,20260325,20270324,대출채권,KRW,,5000000000,5000000000,336,A2,A2,,,에스지씨이앤씨 주식회사,외부 신용보강,일반기업,에스지씨에너지
74279,스프링에너지제일차,KRZF0030E3G3,스프링에너지제일차 20260325-364-3,N,20260325,20270324,대출채권,KRW,,1000000000,1000000000,336,A2,A2,,,에스지씨이앤씨 주식회사,외부 신용보강,일반기업,에스지씨에너지
74279,스프링에너지제일차,KRZF0030EXG3,스프링에너지제일차 20260325-364-30,N,20260325,20270324,대출채권,KRW,,500000000,500000000,336,A2,A2,,,에스지씨이앤씨 주식회사,외부 신용보강,일반기업,에스지씨에너지
74279,스프링에너지제일차,KRZF0030EYG3,스프링에너지제일차 20260325-364-31,N,20260325,20270324,대출채권,KRW,,500000000,500000000,336,A2,A2,,,에스지씨이앤씨 주식회사,외부 신용보강,일반기업,에스지씨에너지
74279,스프링에너지제일차,KRZF0030EZG3,스프링에너지제일차 20260325-364-32,N,20260325,20270324,대출채권,KRW,,500000000,500000000,336,A2,A2,,,에스지씨이앤씨 주식회사,외부 신용보강,일반기업,에스지씨에너지
74279,스프링에너지제일차,KRZF0030E0GF,스프링에너지제일차 20260325-364-33,N,20260325,20270324,대출채권,KRW,,500000000,500000000,336,A2,A2,,,에스지씨이앤씨 주식회사,외부 신용보강,일반기업,에스지씨에너지
74279,스프링에너지제일차,KRZF0030E1GF,스프링에너지제일차 20260325-364-34,N,20260325,20270324,대출채권,KRW,,500000000,500000000,336,A2,A2,,,에스지씨이앤씨 주식회사,외부 신용보강,일반기업,에스지씨에너지
74279,스프링에너지제일차,KRZF0030E2GF,스프링에너지제일차 20260325-364-35,N,20260325,20270324,대출채권,KRW,,500000000,500000000,336,A2,A2,,,에스지씨이앤씨 주식회사,외부 신용보강,일반기업,에스지씨에너지
74279,스프링에너지제일차,KRZF0030E3GF,스프링에너지제일차 20260325-364-36,N,20260325,20270324,대출채권,KRW,,500000000,500000000,336,A2,A2,,,에스지씨이앤씨 주식회사,외부 신용보강,일반기업,에스지씨에너지
74279,스프링에너지제일차,KRZF0030E4GF,스프링에너지제일차 20260325-364-37,N,20260325,20270324,대출채권,KRW,,500000000,500000000,336,A2,A2,,,에스지씨이앤씨 주식회사,외부 신용보강,일반기업,에스지씨에너지
74279,스프링에너지제일차,KRZF0030E5GF,스프링에너지제일차 20260325-364-38,N,20260325,20270324,대출채권,KRW,,500000000,500000000,336,A2,A2,,,에스지씨이앤씨 주식회사,외부 신용보강,일반기업,에스지씨에너지
74279,스프링에너지제일차,KRZF0030E6GF,스프링에너지제일차 20260325-364-39,N,20260325,20270324,대출채권,KRW,,500000000,500000000,336,A2,A2,,,에스지씨이앤씨 주식회사,외부 신용보강,일반기업,에스지씨에너지
74279,스프링에너지제일차,KRZF0030E4G3,스프링에너지제일차 20260325-364-4,N,20260325,20270324,대출채권,KRW,,1000000000,1000000000,336,A2,A2,,,에스지씨이앤씨 주식회사,외부 신용보강,일반기업,에스지씨에너지
74279,스프링에너지제일차,KRZF0030E7GF,스프링에너지제일차 20260325-364-40,N,20260325,20270324,대출채권,KRW,,500000000,500000000,336,A2,A2,,,에스지씨이앤씨 주식회사,외부 신용보강,일반기업,에스지씨에너지
74279,스프링에너지제일차,KRZF0030E8GF,스프링에너지제일차 20260325-364-41,N,20260325,20270324,대출채권,KRW,,500000000,500000000,336,A2,A2,,,에스지씨이앤씨 주식회사,외부 신용보강,일반기업,에스지씨에너지
74279,스프링에너지제일차,KRZF0030E9GF,스프링에너지제일차 20260325-364-42,N,20260325,20270324,대출채권,KRW,,500000000,500000000,336,A2,A2,,,에스지씨이앤씨 주식회사,외부 신용보강,일반기업,에스지씨에너지
74279,스프링에너지제일차,KRZF0030EAGF,스프링에너지제일차 20260325-364-43,N,20260325,20270324,대출채권,KRW,,500000000,500000000,336,A2,A2,,,에스지씨이앤씨 주식회사,외부 신용보강,일반기업,에스지씨에너지
74279,스프링에너지제일차,KRZF0030EBGF,스프링에너지제일차 20260325-364-44,N,20260325,20270324,대출채권,KRW,,500000000,500000000,336,A2,A2,,,에스지씨이앤씨 주식회사,외부 신용보강,일반기업,에스지씨에너지
74279,스프링에너지제일차,KRZF0030ECGF,스프링에너지제일차 20260325-364-45,N,20260325,20270324,대출채권,KRW,,500000000,500000000,336,A2,A2,,,에스지씨이앤씨 주식회사,외부 신용보강,일반기업,에스지씨에너지
74279,스프링에너지제일차,KRZF0030EDGF,스프링에너지제일차 20260325-364-46,N,20260325,20270324,대출채권,KRW,,500000000,500000000,336,A2,A2,,,에스지씨이앤씨 주식회사,외부 신용보강,일반기업,에스지씨에너지
74279,스프링에너지제일차,KRZF0030EEGF,스프링에너지제일차 20260325-364-47,N,20260325,20270324,대출채권,KRW,,500000000,500000000,336,A2,A2,,,에스지씨이앤씨 주식회사,외부 신용보강,일반기업,에스지씨에너지
74279,스프링에너지제일차,KRZF0030EFGF,스프링에너지제일차 20260325-364-48,N,20260325,20270324,대출채권,KRW,,500000000,500000000,336,A2,A2,,,에스지씨이앤씨 주식회사,외부 신용보강,일반기업,에스지씨에너지
74279,스프링에너지제일차,KRZF0030EGGF,스프링에너지제일차 20260325-364-49,N,20260325,20270324,대출채권,KRW,,500000000,500000000,336,A2,A2,,,에스지씨이앤씨 주식회사,외부 신용보강,일반기업,에스지씨에너지
74279,스프링에너지제일차,KRZF0030E5G3,스프링에너지제일차 20260325-364-5,N,20260325,20270324,대출채권,KRW,,1000000000,1000000000,336,A2,A2,,,에스지씨이앤씨 주식회사,외부 신용보강,일반기업,에스지씨에너지
74279,스프링에너지제일차,KRZF0030E6G3,스프링에너지제일차 20260325-364-6,N,20260325,20270324,대출채권,KRW,,500000000,500000000,336,A2,A2,,,에스지씨이앤씨 주식회사,외부 신용보강,일반기업,에스지씨에너지
74279,스프링에너지제일차,KRZF0030E7G3,스프링에너지제일차 20260325-364-7,N,20260325,20270324,대출채권,KRW,,500000000,500000000,336,A2,A2,,,에스지씨이앤씨 주식회사,외부 신용보강,일반기업,에스지씨에너지
74279,스프링에너지제일차,KRZF0030E8G3,스프링에너지제일차 20260325-364-8,N,20260325,20270324,대출채권,KRW,,500000000,500000000,336,A2,A2,,,에스지씨이앤씨 주식회사,외부 신용보강,일반기업,에스지씨에너지
74279,스프링에너지제일차,KRZF0030E9G3,스프링에너지제일차 20260325-364-9,N,20260325,20270324,대출채권,KRW,,400000000,400000000,336,A2,A2,,,에스지씨이앤씨 주식회사,외부 신용보강,일반기업,에스지씨에너지
66099,에스타이거에이치제이차,KRZFA87471G3,에스타이거에이치제이차 20260325-92-1,N,20260325,20260625,대출채권,KRW,,5000000000,5000000000,64,,A1,A1,,한화,차환발행위험(유동성 공여형 매입약정),금융기관,신한은행
66099,에스타이거에이치제이차,KRZFA8747AG3,에스타이거에이치제이차 20260325-92-10,N,20260325,20260625,대출채권,KRW,,10000000000,10000000000,64,,A1,A1,,한화,차환발행위험(유동성 공여형 매입약정),금융기관,신한은행
66099,에스타이거에이치제이차,KRZFA8747BG3,에스타이거에이치제이차 20260325-92-11,N,20260325,20260625,대출채권,KRW,,5000000000,5000000000,64,,A1,A1,,한화,차환발행위험(유동성 공여형 매입약정),금융기관,신한은행
66099,에스타이거에이치제이차,KRZFA8747CG3,에스타이거에이치제이차 20260325-92-12,N,20260325,20260625,대출채권,KRW,,5000000000,5000000000,64,,A1,A1,,한화,차환발행위험(유동성 공여형 매입약정),금융기관,신한은행
66099,에스타이거에이치제이차,KRZFA8747DG3,에스타이거에이치제이차 20260325-92-13,N,20260325,20260625,대출채권,KRW,,3000000000,3000000000,64,,A1,A1,,한화,차환발행위험(유동성 공여형 매입약정),금융기관,신한은행
66099,에스타이거에이치제이차,KRZFA8747EG3,에스타이거에이치제이차 20260325-92-14,N,20260325,20260625,대출채권,KRW,,1000000000,1000000000,64,,A1,A1,,한화,차환발행위험(유동성 공여형 매입약정),금융기관,신한은행
66099,에스타이거에이치제이차,KRZFA8747FG3,에스타이거에이치제이차 20260325-92-15,N,20260325,20260625,대출채권,KRW,,1000000000,1000000000,64,,A1,A1,,한화,차환발행위험(유동성 공여형 매입약정),금융기관,신한은행
66099,에스타이거에이치제이차,KRZFA8747GG3,에스타이거에이치제이차 20260325-92-16,N,20260325,20260625,대출채권,KRW,,1000000000,1000000000,64,,A1,A1,,한화,차환발행위험(유동성 공여형 매입약정),금융기관,신한은행
66099,에스타이거에이치제이차,KRZFA8747HG3,에스타이거에이치제이차 20260325-92-17,N,20260325,20260625,대출채권,KRW,,1000000000,1000000000,64,,A1,A1,,한화,차환발행위험(유동성 공여형 매입약정),금융기관,신한은행
66099,에스타이거에이치제이차,KRZFA8747JG3,에스타이거에이치제이차 20260325-92-18,N,20260325,20260625,대출채권,KRW,,1000000000,1000000000,64,,A1,A1,,한화,차환발행위험(유동성 공여형 매입약정),금융기관,신한은행
66099,에스타이거에이치제이차,KRZFA8747KG3,에스타이거에이치제이차 20260325-92-19,N,20260325,20260625,대출채권,KRW,,1000000000,1000000000,64,,A1,A1,,한화,차환발행위험(유동성 공여형 매입약정),금융기관,신한은행
66099,에스타이거에이치제이차,KRZFA87472G3,에스타이거에이치제이차 20260325-92-2,N,20260325,20260625,대출채권,KRW,,5000000000,5000000000,64,,A1,A1,,한화,차환발행위험(유동성 공여형 매입약정),금융기관,신한은행
66099,에스타이거에이치제이차,KRZFA8747LG3,에스타이거에이치제이차 20260325-92-20,N,20260325,20260625,대출채권,KRW,,1000000000,1000000000,64,,A1,A1,,한화,차환발행위험(유동성 공여형 매입약정),금융기관,신한은행
66099,에스타이거에이치제이차,KRZFA8747MG3,에스타이거에이치제이차 20260325-92-21,N,20260325,20260625,대출채권,KRW,,1000000000,1000000000,64,,A1,A1,,한화,차환발행위험(유동성 공여형 매입약정),금융기관,신한은행
66099,에스타이거에이치제이차,KRZFA8747NG3,에스타이거에이치제이차 20260325-92-22,N,20260325,20260625,대출채권,KRW,,1000000000,1000000000,64,,A1,A1,,한화,차환발행위험(유동성 공여형 매입약정),금융기관,신한은행
66099,에스타이거에이치제이차,KRZFA8747PG3,에스타이거에이치제이차 20260325-92-23,N,20260325,20260625,대출채권,KRW,,500000000,500000000,64,,A1,A1,,한화,차환발행위험(유동성 공여형 매입약정),금융기관,신한은행
66099,에스타이거에이치제이차,KRZFA8747QG3,에스타이거에이치제이차 20260325-92-24,N,20260325,20260625,대출채권,KRW,,300000000,300000000,64,,A1,A1,,한화,차환발행위험(유동성 공여형 매입약정),금융기관,신한은행
66099,에스타이거에이치제이차,KRZFA8747RG3,에스타이거에이치제이차 20260325-92-25,N,20260325,20260625,대출채권,KRW,,300000000,300000000,64,,A1,A1,,한화,차환발행위험(유동성 공여형 매입약정),금융기관,신한은행
66099,에스타이거에이치제이차,KRZFA8747SG3,에스타이거에이치제이차 20260325-92-26,N,20260325,20260625,대출채권,KRW,,300000000,300000000,64,,A1,A1,,한화,차환발행위험(유동성 공여형 매입약정),금융기관,신한은행
66099,에스타이거에이치제이차,KRZFA8747TG3,에스타이거에이치제이차 20260325-92-27,N,20260325,20260625,대출채권,KRW,,300000000,300000000,64,,A1,A1,,한화,차환발행위험(유동성 공여형 매입약정),금융기관,신한은행
66099,에스타이거에이치제이차,KRZFA8747VG3,에스타이거에이치제이차 20260325-92-28,N,20260325,20260625,대출채권,KRW,,300000000,300000000,64,,A1,A1,,한화,차환발행위험(유동성 공여형 매입약정),금융기관,신한은행
66099,에스타이거에이치제이차,KRZFA8747WG3,에스타이거에이치제이차 20260325-92-29,N,20260325,20260625,대출채권,KRW,,300000000,300000000,64,,A1,A1,,한화,차환발행위험(유동성 공여형 매입약정),금융기관,신한은행
66099,에스타이거에이치제이차,KRZFA87473G3,에스타이거에이치제이차 20260325-92-3,N,20260325,20260625,대출채권,KRW,,5000000000,5000000000,64,,A1,A1,,한화,차환발행위험(유동성 공여형 매입약정),금융기관,신한은행
66099,에스타이거에이치제이차,KRZFA8747XG3,에스타이거에이치제이차 20260325-92-30,N,20260325,20260625,대출채권,KRW,,300000000,300000000,64,,A1,A1,,한화,차환발행위험(유동성 공여형 매입약정),금융기관,신한은행
66099,에스타이거에이치제이차,KRZFA8747YG3,에스타이거에이치제이차 20260325-92-31,N,20260325,20260625,대출채권,KRW,,100000000,100000000,64,,A1,A1,,한화,차환발행위험(유동성 공여형 매입약정),금융기관,신한은행
66099,에스타이거에이치제이차,KRZFA8747ZG3,에스타이거에이치제이차 20260325-92-32,N,20260325,20260625,대출채권,KRW,,100000000,100000000,64,,A1,A1,,한화,차환발행위험(유동성 공여형 매입약정),금융기관,신한은행
66099,에스타이거에이치제이차,KRZFA87470GF,에스타이거에이치제이차 20260325-92-33,N,20260325,20260625,대출채권,KRW,,100000000,100000000,64,,A1,A1,,한화,차환발행위험(유동성 공여형 매입약정),금융기관,신한은행
66099,에스타이거에이치제이차,KRZFA87471GF,에스타이거에이치제이차 20260325-92-34,N,20260325,20260625,대출채권,KRW,,100000000,100000000,64,,A1,A1,,한화,차환발행위험(유동성 공여형 매입약정),금융기관,신한은행
66099,에스타이거에이치제이차,KRZFA87474G3,에스타이거에이치제이차 20260325-92-4,N,20260325,20260625,대출채권,KRW,,5000000000,5000000000,64,,A1,A1,,한화,차환발행위험(유동성 공여형 매입약정),금융기관,신한은행
66099,에스타이거에이치제이차,KRZFA87475G3,에스타이거에이치제이차 20260325-92-5,N,20260325,20260625,대출채권,KRW,,5000000000,5000000000,64,,A1,A1,,한화,차환발행위험(유동성 공여형 매입약정),금융기관,신한은행
66099,에스타이거에이치제이차,KRZFA87476G3,에스타이거에이치제이차 20260325-92-6,N,20260325,20260625,대출채권,KRW,,5000000000,5000000000,64,,A1,A1,,한화,차환발행위험(유동성 공여형 매입약정),금융기관,신한은행
66099,에스타이거에이치제이차,KRZFA87477G3,에스타이거에이치제이차 20260325-92-7,N,20260325,20260625,대출채권,KRW,,5000000000,5000000000,64,,A1,A1,,한화,차환발행위험(유동성 공여형 매입약정),금융기관,신한은행
66099,에스타이거에이치제이차,KRZFA87478G3,에스타이거에이치제이차 20260325-92-8,N,20260325,20260625,대출채권,KRW,,5000000000,5000000000,64,,A1,A1,,한화,차환발행위험(유동성 공여형 매입약정),금융기관,신한은행
66099,에스타이거에이치제이차,KRZFA87479G3,에스타이거에이치제이차 20260325-92-9,N,20260325,20260625,대출채권,KRW,,5000000000,5000000000,64,,A1,A1,,한화,차환발행위험(유동성 공여형 매입약정),금융기관,신한은행
63312,에스타이거클린,KRZFA68501G3,에스타이거클린 20260325-92-1,N,20260325,20260625,대출채권,KRW,,4000000000,4000000000,64,,A1,A1,,클린인더스트리얼위탁관리부동산투자회사(주),외부 신용보강,금융기관,신한은행
63312,에스타이거클린,KRZFA68502G3,에스타이거클린 20260325-92-2,N,20260325,20260625,대출채권,KRW,,10000000000,10000000000,64,,A1,A1,,클린인더스트리얼위탁관리부동산투자회사(주),외부 신용보강,금융기관,신한은행
63312,에스타이거클린,KRZFA68503G3,에스타이거클린 20260325-92-3,N,20260325,20260625,대출채권,KRW,,10000000000,10000000000,64,,A1,A1,,클린인더스트리얼위탁관리부동산투자회사(주),외부 신용보강,금융기관,신한은행
63312,에스타이거클린,KRZFA68504G3,에스타이거클린 20260325-92-4,N,20260325,20260625,대출채권,KRW,,10000000000,10000000000,64,,A1,A1,,클린인더스트리얼위탁관리부동산투자회사(주),외부 신용보강,금융기관,신한은행
63312,에스타이거클린,KRZFA68505G3,에스타이거클린 20260325-92-5,N,20260325,20260625,대출채권,KRW,,5000000000,5000000000,64,,A1,A1,,클린인더스트리얼위탁관리부동산투자회사(주),외부 신용보강,금융기관,신한은행
63312,에스타이거클린,KRZFA68506G3,에스타이거클린 20260325-92-6,N,20260325,20260625,대출채권,KRW,,2000000000,2000000000,64,,A1,A1,,클린인더스트리얼위탁관리부동산투자회사(주),외부 신용보강,금융기관,신한은행
63312,에스타이거클린,KRZFA68507G3,에스타이거클린 20260325-92-7,N,20260325,20260625,대출채권,KRW,,2000000000,2000000000,64,,A1,A1,,클린인더스트리얼위탁관리부동산투자회사(주),외부 신용보강,금융기관,신한은행
63312,에스타이거클린,KRZFA68508G3,에스타이거클린 20260325-92-8,N,20260325,20260625,대출채권,KRW,,1000000000,1000000000,64,,A1,A1,,클린인더스트리얼위탁관리부동산투자회사(주),외부 신용보강,금융기관,신한은행
63312,에스타이거클린,KRZFA68509G3,에스타이거클린 20260325-92-9,N,20260325,20260625,대출채권,KRW,,1000000000,1000000000,64,,A1,A1,,클린인더스트리얼위탁관리부동산투자회사(주),외부 신용보강,금융기관,신한은행
71899,에스프로젝트테크원,KRZF0115T1G3,에스프로젝트테크원 20260325-92-1,N,20260325,20260625,대출채권,KRW,,5000000000,5000000000,64,,A1,A1,,(주)더퍼스트제1호위탁관리부동산투자회사,차환발행위험(유동성 공여형 매입약정),금융기관,신한은행
71899,에스프로젝트테크원,KRZF0115TAG3,에스프로젝트테크원 20260325-92-10,N,20260325,20260625,대출채권,KRW,,5000000000,5000000000,64,,A1,A1,,(주)더퍼스트제1호위탁관리부동산투자회사,차환발행위험(유동성 공여형 매입약정),금융기관,신한은행
71899,에스프로젝트테크원,KRZF0115TBG3,에스프로젝트테크원 20260325-92-11,N,20260325,20260625,대출채권,KRW,,5000000000,5000000000,64,,A1,A1,,(주)더퍼스트제1호위탁관리부동산투자회사,차환발행위험(유동성 공여형 매입약정),금융기관,신한은행
71899,에스프로젝트테크원,KRZF0115TCG3,에스프로젝트테크원 20260325-92-12,N,20260325,20260625,대출채권,KRW,,5000000000,5000000000,64,,A1,A1,,(주)더퍼스트제1호위탁관리부동산투자회사,차환발행위험(유동성 공여형 매입약정),금융기관,신한은행
71899,에스프로젝트테크원,KRZF0115TDG3,에스프로젝트테크원 20260325-92-13,N,20260325,20260625,대출채권,KRW,,5000000000,5000000000,64,,A1,A1,,(주)더퍼스트제1호위탁관리부동산투자회사,차환발행위험(유동성 공여형 매입약정),금융기관,신한은행
71899,에스프로젝트테크원,KRZF0115TEG3,에스프로젝트테크원 20260325-92-14,N,20260325,20260625,대출채권,KRW,,5000000000,5000000000,64,,A1,A1,,(주)더퍼스트제1호위탁관리부동산투자회사,차환발행위험(유동성 공여형 매입약정),금융기관,신한은행
71899,에스프로젝트테크원,KRZF0115TFG3,에스프로젝트테크원 20260325-92-15,N,20260325,20260625,대출채권,KRW,,5000000000,5000000000,64,,A1,A1,,(주)더퍼스트제1호위탁관리부동산투자회사,차환발행위험(유동성 공여형 매입약정),금융기관,신한은행
71899,에스프로젝트테크원,KRZF0115TGG3,에스프로젝트테크원 20260325-92-16,N,20260325,20260625,대출채권,KRW,,5000000000,5000000000,64,,A1,A1,,(주)더퍼스트제1호위탁관리부동산투자회사,차환발행위험(유동성 공여형 매입약정),금융기관,신한은행
71899,에스프로젝트테크원,KRZF0115T2G3,에스프로젝트테크원 20260325-92-2,N,20260325,20260625,대출채권,KRW,,5000000000,5000000000,64,,A1,A1,,(주)더퍼스트제1호위탁관리부동산투자회사,차환발행위험(유동성 공여형 매입약정),금융기관,신한은행
71899,에스프로젝트테크원,KRZF0115T3G3,에스프로젝트테크원 20260325-92-3,N,20260325,20260625,대출채권,KRW,,5000000000,5000000000,64,,A1,A1,,(주)더퍼스트제1호위탁관리부동산투자회사,차환발행위험(유동성 공여형 매입약정),금융기관,신한은행
71899,에스프로젝트테크원,KRZF0115T4G3,에스프로젝트테크원 20260325-92-4,N,20260325,20260625,대출채권,KRW,,5000000000,5000000000,64,,A1,A1,,(주)더퍼스트제1호위탁관리부동산투자회사,차환발행위험(유동성 공여형 매입약정),금융기관,신한은행
71899,에스프로젝트테크원,KRZF0115T5G3,에스프로젝트테크원 20260325-92-5,N,20260325,20260625,대출채권,KRW,,5000000000,5000000000,64,,A1,A1,,(주)더퍼스트제1호위탁관리부동산투자회사,차환발행위험(유동성 공여형 매입약정),금융기관,신한은행
71899,에스프로젝트테크원,KRZF0115T6G3,에스프로젝트테크원 20260325-92-6,N,20260325,20260625,대출채권,KRW,,5000000000,5000000000,64,,A1,A1,,(주)더퍼스트제1호위탁관리부동산투자회사,차환발행위험(유동성 공여형 매입약정),금융기관,신한은행
71899,에스프로젝트테크원,KRZF0115T7G3,에스프로젝트테크원 20260325-92-7,N,20260325,20260625,대출채권,KRW,,5000000000,5000000000,64,,A1,A1,,(주)더퍼스트제1호위탁관리부동산투자회사,차환발행위험(유동성 공여형 매입약정),금융기관,신한은행
71899,에스프로젝트테크원,KRZF0115T8G3,에스프로젝트테크원 20260325-92-8,N,20260325,20260625,대출채권,KRW,,5000000000,5000000000,64,,A1,A1,,(주)더퍼스트제1호위탁관리부동산투자회사,차환발행위험(유동성 공여형 매입약정),금융기관,신한은행
71899,에스프로젝트테크원,KRZF0115T9G3,에스프로젝트테크원 20260325-92-9,N,20260325,20260625,대출채권,KRW,,5000000000,5000000000,64,,A1,A1,,(주)더퍼스트제1호위탁관리부동산투자회사,차환발행위험(유동성 공여형 매입약정),금융기관,신한은행
70605,우리강남알파제일차,KRZF0080D1G3,우리강남알파제일차 20260325-92-1,N,20260325,20260625,대출채권,KRW,,5000000000,5000000000,64,A1,A1,,,신한알파강남위탁관리부동산투자회사,차환발행위험(유동성 공여형 매입약정),금융기관,우리은행
70605,우리강남알파제일차,KRZF0080DAG3,우리강남알파제일차 20260325-92-10,N,20260325,20260625,대출채권,KRW,,5000000000,5000000000,64,A1,A1,,,신한알파강남위탁관리부동산투자회사,차환발행위험(유동성 공여형 매입약정),금융기관,우리은행
70605,우리강남알파제일차,KRZF0080D2G3,우리강남알파제일차 20260325-92-2,N,20260325,20260625,대출채권,KRW,,5000000000,5000000000,64,A1,A1,,,신한알파강남위탁관리부동산투자회사,차환발행위험(유동성 공여형 매입약정),금융기관,우리은행
70605,우리강남알파제일차,KRZF0080D3G3,우리강남알파제일차 20260325-92-3,N,20260325,20260625,대출채권,KRW,,5000000000,5000000000,64,A1,A1,,,신한알파강남위탁관리부동산투자회사,차환발행위험(유동성 공여형 매입약정),금융기관,우리은행
70605,우리강남알파제일차,KRZF0080D4G3,우리강남알파제일차 20260325-92-4,N,20260325,20260625,대출채권,KRW,,5000000000,5000000000,64,A1,A1,,,신한알파강남위탁관리부동산투자회사,차환발행위험(유동성 공여형 매입약정),금융기관,우리은행
70605,우리강남알파제일차,KRZF0080D5G3,우리강남알파제일차 20260325-92-5,N,20260325,20260625,대출채권,KRW,,5000000000,5000000000,64,A1,A1,,,신한알파강남위탁관리부동산투자회사,차환발행위험(유동성 공여형 매입약정),금융기관,우리은행
70605,우리강남알파제일차,KRZF0080D6G3,우리강남알파제일차 20260325-92-6,N,20260325,20260625,대출채권,KRW,,5000000000,5000000000,64,A1,A1,,,신한알파강남위탁관리부동산투자회사,차환발행위험(유동성 공여형 매입약정),금융기관,우리은행
70605,우리강남알파제일차,KRZF0080D7G3,우리강남알파제일차 20260325-92-7,N,20260325,20260625,대출채권,KRW,,5000000000,5000000000,64,A1,A1,,,신한알파강남위탁관리부동산투자회사,차환발행위험(유동성 공여형 매입약정),금융기관,우리은행
70605,우리강남알파제일차,KRZF0080D8G3,우리강남알파제일차 20260325-92-8,N,20260325,20260625,대출채권,KRW,,5000000000,5000000000,64,A1,A1,,,신한알파강남위탁관리부동산투자회사,차환발행위험(유동성 공여형 매입약정),금융기관,우리은행
70605,우리강남알파제일차,KRZF0080D9G3,우리강남알파제일차 20260325-92-9,N,20260325,20260625,대출채권,KRW,,5000000000,5000000000,64,A1,A1,,,신한알파강남위탁관리부동산투자회사,차환발행위험(유동성 공여형 매입약정),금융기관,우리은행
71872,우리테크원제일차,KRZF0113Y1G3,우리테크원제일차 20260325-92-1,N,20260325,20260625,대출채권,KRW,,5000000000,5000000000,64,,A1,A1,,(주)더퍼스트제1호위탁관리부동산투자회사,차환발행위험(유동성 공여형 매입약정),금융기관,우리은행
71872,우리테크원제일차,KRZF0113Y1G3,우리테크원제일차 20260325-92-1,N,20260325,20260625,대출채권,KRW,,5000000000,5000000000,64,,A1,A1,,(주)더퍼스트제1호위탁관리부동산투자회사,금리변동/환율변동,금융기관,우리은행
71872,우리테크원제일차,KRZF0113YAG3,우리테크원제일차 20260325-92-10,N,20260325,20260625,대출채권,KRW,,3000000000,3000000000,64,,A1,A1,,(주)더퍼스트제1호위탁관리부동산투자회사,차환발행위험(유동성 공여형 매입약정),금융기관,우리은행
71872,우리테크원제일차,KRZF0113YAG3,우리테크원제일차 20260325-92-10,N,20260325,20260625,대출채권,KRW,,3000000000,3000000000,64,,A1,A1,,(주)더퍼스트제1호위탁관리부동산투자회사,금리변동/환율변동,금융기관,우리은행
71872,우리테크원제일차,KRZF0113YBG3,우리테크원제일차 20260325-92-11,N,20260325,20260625,대출채권,KRW,,2000000000,2000000000,64,,A1,A1,,(주)더퍼스트제1호위탁관리부동산투자회사,차환발행위험(유동성 공여형 매입약정),금융기관,우리은행
71872,우리테크원제일차,KRZF0113YBG3,우리테크원제일차 20260325-92-11,N,20260325,20260625,대출채권,KRW,,2000000000,2000000000,64,,A1,A1,,(주)더퍼스트제1호위탁관리부동산투자회사,금리변동/환율변동,금융기관,우리은행
71872,우리테크원제일차,KRZF0113YCG3,우리테크원제일차 20260325-92-12,N,20260325,20260625,대출채권,KRW,,2000000000,2000000000,64,,A1,A1,,(주)더퍼스트제1호위탁관리부동산투자회사,차환발행위험(유동성 공여형 매입약정),금융기관,우리은행
71872,우리테크원제일차,KRZF0113YCG3,우리테크원제일차 20260325-92-12,N,20260325,20260625,대출채권,KRW,,2000000000,2000000000,64,,A1,A1,,(주)더퍼스트제1호위탁관리부동산투자회사,금리변동/환율변동,금융기관,우리은행
71872,우리테크원제일차,KRZF0113YDG3,우리테크원제일차 20260325-92-13,N,20260325,20260625,대출채권,KRW,,5000000000,5000000000,64,,A1,A1,,(주)더퍼스트제1호위탁관리부동산투자회사,차환발행위험(유동성 공여형 매입약정),금융기관,우리은행
71872,우리테크원제일차,KRZF0113YDG3,우리테크원제일차 20260325-92-13,N,20260325,20260625,대출채권,KRW,,5000000000,5000000000,64,,A1,A1,,(주)더퍼스트제1호위탁관리부동산투자회사,금리변동/환율변동,금융기관,우리은행
71872,우리테크원제일차,KRZF0113YEG3,우리테크원제일차 20260325-92-14,N,20260325,20260625,대출채권,KRW,,5000000000,5000000000,64,,A1,A1,,(주)더퍼스트제1호위탁관리부동산투자회사,차환발행위험(유동성 공여형 매입약정),금융기관,우리은행
71872,우리테크원제일차,KRZF0113YEG3,우리테크원제일차 20260325-92-14,N,20260325,20260625,대출채권,KRW,,5000000000,5000000000,64,,A1,A1,,(주)더퍼스트제1호위탁관리부동산투자회사,금리변동/환율변동,금융기관,우리은행
71872,우리테크원제일차,KRZF0113YFG3,우리테크원제일차 20260325-92-15,N,20260325,20260625,대출채권,KRW,,5000000000,5000000000,64,,A1,A1,,(주)더퍼스트제1호위탁관리부동산투자회사,차환발행위험(유동성 공여형 매입약정),금융기관,우리은행
71872,우리테크원제일차,KRZF0113YFG3,우리테크원제일차 20260325-92-15,N,20260325,20260625,대출채권,KRW,,5000000000,5000000000,64,,A1,A1,,(주)더퍼스트제1호위탁관리부동산투자회사,금리변동/환율변동,금융기관,우리은행
71872,우리테크원제일차,KRZF0113YGG3,우리테크원제일차 20260325-92-16,N,20260325,20260625,대출채권,KRW,,5000000000,5000000000,64,,A1,A1,,(주)더퍼스트제1호위탁관리부동산투자회사,차환발행위험(유동성 공여형 매입약정),금융기관,우리은행
71872,우리테크원제일차,KRZF0113YGG3,우리테크원제일차 20260325-92-16,N,20260325,20260625,대출채권,KRW,,5000000000,5000000000,64,,A1,A1,,(주)더퍼스트제1호위탁관리부동산투자회사,금리변동/환율변동,금융기관,우리은행
71872,우리테크원제일차,KRZF0113YHG3,우리테크원제일차 20260325-92-17,N,20260325,20260625,대출채권,KRW,,5000000000,5000000000,64,,A1,A1,,(주)더퍼스트제1호위탁관리부동산투자회사,차환발행위험(유동성 공여형 매입약정),금융기관,우리은행
71872,우리테크원제일차,KRZF0113YHG3,우리테크원제일차 20260325-92-17,N,20260325,20260625,대출채권,KRW,,5000000000,5000000000,64,,A1,A1,,(주)더퍼스트제1호위탁관리부동산투자회사,금리변동/환율변동,금융기관,우리은행
71872,우리테크원제일차,KRZF0113YJG3,우리테크원제일차 20260325-92-18,N,20260325,20260625,대출채권,KRW,,5000000000,5000000000,64,,A1,A1,,(주)더퍼스트제1호위탁관리부동산투자회사,차환발행위험(유동성 공여형 매입약정),금융기관,우리은행
71872,우리테크원제일차,KRZF0113YJG3,우리테크원제일차 20260325-92-18,N,20260325,20260625,대출채권,KRW,,5000000000,5000000000,64,,A1,A1,,(주)더퍼스트제1호위탁관리부동산투자회사,금리변동/환율변동,금융기관,우리은행
71872,우리테크원제일차,KRZF0113YKG3,우리테크원제일차 20260325-92-19,N,20260325,20260625,대출채권,KRW,,5000000000,5000000000,64,,A1,A1,,(주)더퍼스트제1호위탁관리부동산투자회사,차환발행위험(유동성 공여형 매입약정),금융기관,우리은행
71872,우리테크원제일차,KRZF0113YKG3,우리테크원제일차 20260325-92-19,N,20260325,20260625,대출채권,KRW,,5000000000,5000000000,64,,A1,A1,,(주)더퍼스트제1호위탁관리부동산투자회사,금리변동/환율변동,금융기관,우리은행
71872,우리테크원제일차,KRZF0113Y2G3,우리테크원제일차 20260325-92-2,N,20260325,20260625,대출채권,KRW,,5000000000,5000000000,64,,A1,A1,,(주)더퍼스트제1호위탁관리부동산투자회사,차환발행위험(유동성 공여형 매입약정),금융기관,우리은행
71872,우리테크원제일차,KRZF0113Y2G3,우리테크원제일차 20260325-92-2,N,20260325,20260625,대출채권,KRW,,5000000000,5000000000,64,,A1,A1,,(주)더퍼스트제1호위탁관리부동산투자회사,금리변동/환율변동,금융기관,우리은행
71872,우리테크원제일차,KRZF0113YLG3,우리테크원제일차 20260325-92-20,N,20260325,20260625,대출채권,KRW,,5000000000,5000000000,64,,A1,A1,,(주)더퍼스트제1호위탁관리부동산투자회사,차환발행위험(유동성 공여형 매입약정),금융기관,우리은행
71872,우리테크원제일차,KRZF0113YLG3,우리테크원제일차 20260325-92-20,N,20260325,20260625,대출채권,KRW,,5000000000,5000000000,64,,A1,A1,,(주)더퍼스트제1호위탁관리부동산투자회사,금리변동/환율변동,금융기관,우리은행
71872,우리테크원제일차,KRZF0113YMG3,우리테크원제일차 20260325-92-21,N,20260325,20260625,대출채권,KRW,,5000000000,5000000000,64,,A1,A1,,(주)더퍼스트제1호위탁관리부동산투자회사,차환발행위험(유동성 공여형 매입약정),금융기관,우리은행
71872,우리테크원제일차,KRZF0113YMG3,우리테크원제일차 20260325-92-21,N,20260325,20260625,대출채권,KRW,,5000000000,5000000000,64,,A1,A1,,(주)더퍼스트제1호위탁관리부동산투자회사,금리변동/환율변동,금융기관,우리은행
71872,우리테크원제일차,KRZF0113YNG3,우리테크원제일차 20260325-92-22,N,20260325,20260625,대출채권,KRW,,5000000000,5000000000,64,,A1,A1,,(주)더퍼스트제1호위탁관리부동산투자회사,차환발행위험(유동성 공여형 매입약정),금융기관,우리은행
71872,우리테크원제일차,KRZF0113YNG3,우리테크원제일차 20260325-92-22,N,20260325,20260625,대출채권,KRW,,5000000000,5000000000,64,,A1,A1,,(주)더퍼스트제1호위탁관리부동산투자회사,금리변동/환율변동,금융기관,우리은행
71872,우리테크원제일차,KRZF0113YPG3,우리테크원제일차 20260325-92-23,N,20260325,20260625,대출채권,KRW,,5000000000,5000000000,64,,A1,A1,,(주)더퍼스트제1호위탁관리부동산투자회사,차환발행위험(유동성 공여형 매입약정),금융기관,우리은행
71872,우리테크원제일차,KRZF0113YPG3,우리테크원제일차 20260325-92-23,N,20260325,20260625,대출채권,KRW,,5000000000,5000000000,64,,A1,A1,,(주)더퍼스트제1호위탁관리부동산투자회사,금리변동/환율변동,금융기관,우리은행
71872,우리테크원제일차,KRZF0113YQG3,우리테크원제일차 20260325-92-24,N,20260325,20260625,대출채권,KRW,,5000000000,5000000000,64,,A1,A1,,(주)더퍼스트제1호위탁관리부동산투자회사,차환발행위험(유동성 공여형 매입약정),금융기관,우리은행
71872,우리테크원제일차,KRZF0113YQG3,우리테크원제일차 20260325-92-24,N,20260325,20260625,대출채권,KRW,,5000000000,5000000000,64,,A1,A1,,(주)더퍼스트제1호위탁관리부동산투자회사,금리변동/환율변동,금융기관,우리은행
71872,우리테크원제일차,KRZF0113YRG3,우리테크원제일차 20260325-92-25,N,20260325,20260625,대출채권,KRW,,5000000000,5000000000,64,,A1,A1,,(주)더퍼스트제1호위탁관리부동산투자회사,차환발행위험(유동성 공여형 매입약정),금융기관,우리은행
71872,우리테크원제일차,KRZF0113YRG3,우리테크원제일차 20260325-92-25,N,20260325,20260625,대출채권,KRW,,5000000000,5000000000,64,,A1,A1,,(주)더퍼스트제1호위탁관리부동산투자회사,금리변동/환율변동,금융기관,우리은행
71872,우리테크원제일차,KRZF0113YSG3,우리테크원제일차 20260325-92-26,N,20260325,20260625,대출채권,KRW,,5000000000,5000000000,64,,A1,A1,,(주)더퍼스트제1호위탁관리부동산투자회사,차환발행위험(유동성 공여형 매입약정),금융기관,우리은행
71872,우리테크원제일차,KRZF0113YSG3,우리테크원제일차 20260325-92-26,N,20260325,20260625,대출채권,KRW,,5000000000,5000000000,64,,A1,A1,,(주)더퍼스트제1호위탁관리부동산투자회사,금리변동/환율변동,금융기관,우리은행
71872,우리테크원제일차,KRZF0113YTG3,우리테크원제일차 20260325-92-27,N,20260325,20260625,대출채권,KRW,,5000000000,5000000000,64,,A1,A1,,(주)더퍼스트제1호위탁관리부동산투자회사,차환발행위험(유동성 공여형 매입약정),금융기관,우리은행
71872,우리테크원제일차,KRZF0113YTG3,우리테크원제일차 20260325-92-27,N,20260325,20260625,대출채권,KRW,,5000000000,5000000000,64,,A1,A1,,(주)더퍼스트제1호위탁관리부동산투자회사,금리변동/환율변동,금융기관,우리은행
71872,우리테크원제일차,KRZF0113YVG3,우리테크원제일차 20260325-92-28,N,20260325,20260625,대출채권,KRW,,5000000000,5000000000,64,,A1,A1,,(주)더퍼스트제1호위탁관리부동산투자회사,차환발행위험(유동성 공여형 매입약정),금융기관,우리은행
71872,우리테크원제일차,KRZF0113YVG3,우리테크원제일차 20260325-92-28,N,20260325,20260625,대출채권,KRW,,5000000000,5000000000,64,,A1,A1,,(주)더퍼스트제1호위탁관리부동산투자회사,금리변동/환율변동,금융기관,우리은행
71872,우리테크원제일차,KRZF0113Y3G3,우리테크원제일차 20260325-92-3,N,20260325,20260625,대출채권,KRW,,5000000000,5000000000,64,,A1,A1,,(주)더퍼스트제1호위탁관리부동산투자회사,차환발행위험(유동성 공여형 매입약정),금융기관,우리은행
71872,우리테크원제일차,KRZF0113Y3G3,우리테크원제일차 20260325-92-3,N,20260325,20260625,대출채권,KRW,,5000000000,5000000000,64,,A1,A1,,(주)더퍼스트제1호위탁관리부동산투자회사,금리변동/환율변동,금융기관,우리은행
71872,우리테크원제일차,KRZF0113Y4G3,우리테크원제일차 20260325-92-4,N,20260325,20260625,대출채권,KRW,,5000000000,5000000000,64,,A1,A1,,(주)더퍼스트제1호위탁관리부동산투자회사,차환발행위험(유동성 공여형 매입약정),금융기관,우리은행
71872,우리테크원제일차,KRZF0113Y4G3,우리테크원제일차 20260325-92-4,N,20260325,20260625,대출채권,KRW,,5000000000,5000000000,64,,A1,A1,,(주)더퍼스트제1호위탁관리부동산투자회사,금리변동/환율변동,금융기관,우리은행
71872,우리테크원제일차,KRZF0113Y5G3,우리테크원제일차 20260325-92-5,N,20260325,20260625,대출채권,KRW,,5000000000,5000000000,64,,A1,A1,,(주)더퍼스트제1호위탁관리부동산투자회사,차환발행위험(유동성 공여형 매입약정),금융기관,우리은행
71872,우리테크원제일차,KRZF0113Y5G3,우리테크원제일차 20260325-92-5,N,20260325,20260625,대출채권,KRW,,5000000000,5000000000,64,,A1,A1,,(주)더퍼스트제1호위탁관리부동산투자회사,금리변동/환율변동,금융기관,우리은행
71872,우리테크원제일차,KRZF0113Y6G3,우리테크원제일차 20260325-92-6,N,20260325,20260625,대출채권,KRW,,5000000000,5000000000,64,,A1,A1,,(주)더퍼스트제1호위탁관리부동산투자회사,차환발행위험(유동성 공여형 매입약정),금융기관,우리은행
71872,우리테크원제일차,KRZF0113Y6G3,우리테크원제일차 20260325-92-6,N,20260325,20260625,대출채권,KRW,,5000000000,5000000000,64,,A1,A1,,(주)더퍼스트제1호위탁관리부동산투자회사,금리변동/환율변동,금융기관,우리은행
71872,우리테크원제일차,KRZF0113Y7G3,우리테크원제일차 20260325-92-7,N,20260325,20260625,대출채권,KRW,,5000000000,5000000000,64,,A1,A1,,(주)더퍼스트제1호위탁관리부동산투자회사,차환발행위험(유동성 공여형 매입약정),금융기관,우리은행
71872,우리테크원제일차,KRZF0113Y7G3,우리테크원제일차 20260325-92-7,N,20260325,20260625,대출채권,KRW,,5000000000,5000000000,64,,A1,A1,,(주)더퍼스트제1호위탁관리부동산투자회사,금리변동/환율변동,금융기관,우리은행
71872,우리테크원제일차,KRZF0113Y8G3,우리테크원제일차 20260325-92-8,N,20260325,20260625,대출채권,KRW,,5000000000,5000000000,64,,A1,A1,,(주)더퍼스트제1호위탁관리부동산투자회사,차환발행위험(유동성 공여형 매입약정),금융기관,우리은행
71872,우리테크원제일차,KRZF0113Y8G3,우리테크원제일차 20260325-92-8,N,20260325,20260625,대출채권,KRW,,5000000000,5000000000,64,,A1,A1,,(주)더퍼스트제1호위탁관리부동산투자회사,금리변동/환율변동,금융기관,우리은행
71872,우리테크원제일차,KRZF0113Y9G3,우리테크원제일차 20260325-92-9,N,20260325,20260625,대출채권,KRW,,3000000000,3000000000,64,,A1,A1,,(주)더퍼스트제1호위탁관리부동산투자회사,차환발행위험(유동성 공여형 매입약정),금융기관,우리은행
71872,우리테크원제일차,KRZF0113Y9G3,우리테크원제일차 20260325-92-9,N,20260325,20260625,대출채권,KRW,,3000000000,3000000000,64,,A1,A1,,(주)더퍼스트제1호위탁관리부동산투자회사,금리변동/환율변동,금융기관,우리은행
71885,위드지엠제사십사차,KRZF0108F1G3,위드지엠제사십사차 20260325-187-1,Y,20260325,20260928,PF대출채권,KRW,,5000000000,5000000000,159,A1,A1,,,(주)엠씨엠코리아,외부 신용보강,금융기관,메리츠증권
71885,위드지엠제사십사차,KRZF0108F2G3,위드지엠제사십사차 20260325-187-2,Y,20260325,20260928,PF대출채권,KRW,,5000000000,5000000000,159,A1,A1,,,(주)엠씨엠코리아,외부 신용보강,금융기관,메리츠증권
71885,위드지엠제사십사차,KRZF0108F3G3,위드지엠제사십사차 20260325-187-3,Y,20260325,20260928,PF대출채권,KRW,,5000000000,5000000000,159,A1,A1,,,(주)엠씨엠코리아,외부 신용보강,금융기관,메리츠증권
71885,위드지엠제사십사차,KRZF0108F4G3,위드지엠제사십사차 20260325-187-4,Y,20260325,20260928,PF대출채권,KRW,,3000000000,3000000000,159,A1,A1,,,(주)엠씨엠코리아,외부 신용보강,금융기관,메리츠증권
74322,지아이비용문,KRZFA29491G3,지아이비용문 20260325-33-1,Y,20260325,20260427,PF대출채권,KRW,,5000000000,5000000000,5,A1,A1,,,(주)마이다스씨엠,외부 신용보강,금융기관,신한은행
74322,지아이비용문,KRZFA29492G3,지아이비용문 20260325-33-2,Y,20260325,20260427,PF대출채권,KRW,,5000000000,5000000000,5,A1,A1,,,(주)마이다스씨엠,외부 신용보강,금융기관,신한은행
74322,지아이비용문,KRZFA29493G3,지아이비용문 20260325-33-3,Y,20260325,20260427,PF대출채권,KRW,,4350000000,4350000000,5,A1,A1,,,(주)마이다스씨엠,외부 신용보강,금융기관,신한은행
63321,지아이비포터제이차,KRZFA68991G3,지아이비포터제이차 20260325-92-1,N,20260325,20260625,대출채권,KRW,,5000000000,5000000000,64,,A1,A1,,현대커머셜,외부 신용보강,금융기관,신한은행
63321,지아이비포터제이차,KRZFA68992G3,지아이비포터제이차 20260325-92-2,N,20260325,20260625,대출채권,KRW,,5000000000,5000000000,64,,A1,A1,,현대커머셜,외부 신용보강,금융기관,신한은행
63321,지아이비포터제이차,KRZFA68993G3,지아이비포터제이차 20260325-92-3,N,20260325,20260625,대출채권,KRW,,5000000000,5000000000,64,,A1,A1,,현대커머셜,외부 신용보강,금융기관,신한은행
63321,지아이비포터제이차,KRZFA68994G3,지아이비포터제이차 20260325-92-4,N,20260325,20260625,대출채권,KRW,,5000000000,5000000000,64,,A1,A1,,현대커머셜,외부 신용보강,금융기관,신한은행
63321,지아이비포터제이차,KRZFA68995G3,지아이비포터제이차 20260325-92-5,N,20260325,20260625,대출채권,KRW,,5000000000,5000000000,64,,A1,A1,,현대커머셜,외부 신용보강,금융기관,신한은행
63321,지아이비포터제이차,KRZFA68996G3,지아이비포터제이차 20260325-92-6,N,20260325,20260625,대출채권,KRW,,5000000000,5000000000,64,,A1,A1,,현대커머셜,외부 신용보강,금융기관,신한은행
65121,케이비디타워제일차,KRZF293401G3,케이비디타워제일차 20260325-92-1,N,20260325,20260625,대출채권,KRW,,5000000000,5000000000,64,,A1,A1,,디오네랜드마크유한회사,차환발행위험(유동성 공여형 매입약정),금융기관,국민은행
65121,케이비디타워제일차,KRZF293401G3,케이비디타워제일차 20260325-92-1,N,20260325,20260625,대출채권,KRW,,5000000000,5000000000,64,,A1,A1,,디오네랜드마크유한회사,금리변동/환율변동,금융기관,국민은행
65121,케이비디타워제일차,KRZF29340AG3,케이비디타워제일차 20260325-92-10,N,20260325,20260625,대출채권,KRW,,5000000000,5000000000,64,,A1,A1,,디오네랜드마크유한회사,차환발행위험(유동성 공여형 매입약정),금융기관,국민은행
65121,케이비디타워제일차,KRZF29340AG3,케이비디타워제일차 20260325-92-10,N,20260325,20260625,대출채권,KRW,,5000000000,5000000000,64,,A1,A1,,디오네랜드마크유한회사,금리변동/환율변동,금융기관,국민은행
65121,케이비디타워제일차,KRZF293402G3,케이비디타워제일차 20260325-92-2,N,20260325,20260625,대출채권,KRW,,5000000000,5000000000,64,,A1,A1,,디오네랜드마크유한회사,차환발행위험(유동성 공여형 매입약정),금융기관,국민은행
65121,케이비디타워제일차,KRZF293402G3,케이비디타워제일차 20260325-92-2,N,20260325,20260625,대출채권,KRW,,5000000000,5000000000,64,,A1,A1,,디오네랜드마크유한회사,금리변동/환율변동,금융기관,국민은행
65121,케이비디타워제일차,KRZF293403G3,케이비디타워제일차 20260325-92-3,N,20260325,20260625,대출채권,KRW,,5000000000,5000000000,64,,A1,A1,,디오네랜드마크유한회사,차환발행위험(유동성 공여형 매입약정),금융기관,국민은행
65121,케이비디타워제일차,KRZF293403G3,케이비디타워제일차 20260325-92-3,N,20260325,20260625,대출채권,KRW,,5000000000,5000000000,64,,A1,A1,,디오네랜드마크유한회사,금리변동/환율변동,금융기관,국민은행
65121,케이비디타워제일차,KRZF293404G3,케이비디타워제일차 20260325-92-4,N,20260325,20260625,대출채권,KRW,,5000000000,5000000000,64,,A1,A1,,디오네랜드마크유한회사,차환발행위험(유동성 공여형 매입약정),금융기관,국민은행
65121,케이비디타워제일차,KRZF293404G3,케이비디타워제일차 20260325-92-4,N,20260325,20260625,대출채권,KRW,,5000000000,5000000000,64,,A1,A1,,디오네랜드마크유한회사,금리변동/환율변동,금융기관,국민은행
65121,케이비디타워제일차,KRZF293405G3,케이비디타워제일차 20260325-92-5,N,20260325,20260625,대출채권,KRW,,5000000000,5000000000,64,,A1,A1,,디오네랜드마크유한회사,차환발행위험(유동성 공여형 매입약정),금융기관,국민은행
65121,케이비디타워제일차,KRZF293405G3,케이비디타워제일차 20260325-92-5,N,20260325,20260625,대출채권,KRW,,5000000000,5000000000,64,,A1,A1,,디오네랜드마크유한회사,금리변동/환율변동,금융기관,국민은행
65121,케이비디타워제일차,KRZF293406G3,케이비디타워제일차 20260325-92-6,N,20260325,20260625,대출채권,KRW,,5000000000,5000000000,64,,A1,A1,,디오네랜드마크유한회사,차환발행위험(유동성 공여형 매입약정),금융기관,국민은행
65121,케이비디타워제일차,KRZF293406G3,케이비디타워제일차 20260325-92-6,N,20260325,20260625,대출채권,KRW,,5000000000,5000000000,64,,A1,A1,,디오네랜드마크유한회사,금리변동/환율변동,금융기관,국민은행
65121,케이비디타워제일차,KRZF293407G3,케이비디타워제일차 20260325-92-7,N,20260325,20260625,대출채권,KRW,,5000000000,5000000000,64,,A1,A1,,디오네랜드마크유한회사,차환발행위험(유동성 공여형 매입약정),금융기관,국민은행
65121,케이비디타워제일차,KRZF293407G3,케이비디타워제일차 20260325-92-7,N,20260325,20260625,대출채권,KRW,,5000000000,5000000000,64,,A1,A1,,디오네랜드마크유한회사,금리변동/환율변동,금융기관,국민은행
65121,케이비디타워제일차,KRZF293408G3,케이비디타워제일차 20260325-92-8,N,20260325,20260625,대출채권,KRW,,5000000000,5000000000,64,,A1,A1,,디오네랜드마크유한회사,차환발행위험(유동성 공여형 매입약정),금융기관,국민은행
65121,케이비디타워제일차,KRZF293408G3,케이비디타워제일차 20260325-92-8,N,20260325,20260625,대출채권,KRW,,5000000000,5000000000,64,,A1,A1,,디오네랜드마크유한회사,금리변동/환율변동,금융기관,국민은행
65121,케이비디타워제일차,KRZF293409G3,케이비디타워제일차 20260325-92-9,N,20260325,20260625,대출채권,KRW,,5000000000,5000000000,64,,A1,A1,,디오네랜드마크유한회사,차환발행위험(유동성 공여형 매입약정),금융기관,국민은행
65121,케이비디타워제일차,KRZF293409G3,케이비디타워제일차 20260325-92-9,N,20260325,20260625,대출채권,KRW,,5000000000,5000000000,64,,A1,A1,,디오네랜드마크유한회사,금리변동/환율변동,금융기관,국민은행
73871,케이비와이제이제이차,KRZF0167E1G3,케이비와이제이제이차 20260325-33-1,Y,20260325,20260427,PF대출채권,KRW,,10000000000,10000000000,5,A1,,A1,,대방건설,차환발행위험(유동성 공여형 매입약정),금융기관,국민은행
73871,케이비와이제이제이차,KRZF0167EAG3,케이비와이제이제이차 20260325-33-10,Y,20260325,20260427,PF대출채권,KRW,,10000000000,10000000000,5,A1,,A1,,대방건설,차환발행위험(유동성 공여형 매입약정),금융기관,국민은행
73871,케이비와이제이제이차,KRZF0167EBG3,케이비와이제이제이차 20260325-33-11,Y,20260325,20260427,PF대출채권,KRW,,10000000000,10000000000,5,A1,,A1,,대방건설,차환발행위험(유동성 공여형 매입약정),금융기관,국민은행
73871,케이비와이제이제이차,KRZF0167ECG3,케이비와이제이제이차 20260325-33-12,Y,20260325,20260427,PF대출채권,KRW,,5000000000,5000000000,5,A1,,A1,,대방건설,차환발행위험(유동성 공여형 매입약정),금융기관,국민은행
73871,케이비와이제이제이차,KRZF0167EDG3,케이비와이제이제이차 20260325-33-13,Y,20260325,20260427,PF대출채권,KRW,,5000000000,5000000000,5,A1,,A1,,대방건설,차환발행위험(유동성 공여형 매입약정),금융기관,국민은행
73871,케이비와이제이제이차,KRZF0167EEG3,케이비와이제이제이차 20260325-33-14,Y,20260325,20260427,PF대출채권,KRW,,5000000000,5000000000,5,A1,,A1,,대방건설,차환발행위험(유동성 공여형 매입약정),금융기관,국민은행
73871,케이비와이제이제이차,KRZF0167EFG3,케이비와이제이제이차 20260325-33-15,Y,20260325,20260427,PF대출채권,KRW,,5000000000,5000000000,5,A1,,A1,,대방건설,차환발행위험(유동성 공여형 매입약정),금융기관,국민은행
73871,케이비와이제이제이차,KRZF0167EGG3,케이비와이제이제이차 20260325-33-16,Y,20260325,20260427,PF대출채권,KRW,,5000000000,5000000000,5,A1,,A1,,대방건설,차환발행위험(유동성 공여형 매입약정),금융기관,국민은행
73871,케이비와이제이제이차,KRZF0167EHG3,케이비와이제이제이차 20260325-33-17,Y,20260325,20260427,PF대출채권,KRW,,5000000000,5000000000,5,A1,,A1,,대방건설,차환발행위험(유동성 공여형 매입약정),금융기관,국민은행
73871,케이비와이제이제이차,KRZF0167EJG3,케이비와이제이제이차 20260325-33-18,Y,20260325,20260427,PF대출채권,KRW,,5000000000,5000000000,5,A1,,A1,,대방건설,차환발행위험(유동성 공여형 매입약정),금융기관,국민은행
73871,케이비와이제이제이차,KRZF0167EKG3,케이비와이제이제이차 20260325-33-19,Y,20260325,20260427,PF대출채권,KRW,,5000000000,5000000000,5,A1,,A1,,대방건설,차환발행위험(유동성 공여형 매입약정),금융기관,국민은행
73871,케이비와이제이제이차,KRZF0167E2G3,케이비와이제이제이차 20260325-33-2,Y,20260325,20260427,PF대출채권,KRW,,10000000000,10000000000,5,A1,,A1,,대방건설,차환발행위험(유동성 공여형 매입약정),금융기관,국민은행
73871,케이비와이제이제이차,KRZF0167ELG3,케이비와이제이제이차 20260325-33-20,Y,20260325,20260427,PF대출채권,KRW,,5000000000,5000000000,5,A1,,A1,,대방건설,차환발행위험(유동성 공여형 매입약정),금융기관,국민은행
73871,케이비와이제이제이차,KRZF0167EMG3,케이비와이제이제이차 20260325-33-21,Y,20260325,20260427,PF대출채권,KRW,,5000000000,5000000000,5,A1,,A1,,대방건설,차환발행위험(유동성 공여형 매입약정),금융기관,국민은행
73871,케이비와이제이제이차,KRZF0167ENG3,케이비와이제이제이차 20260325-33-22,Y,20260325,20260427,PF대출채권,KRW,,5000000000,5000000000,5,A1,,A1,,대방건설,차환발행위험(유동성 공여형 매입약정),금융기관,국민은행
73871,케이비와이제이제이차,KRZF0167E3G3,케이비와이제이제이차 20260325-33-3,Y,20260325,20260427,PF대출채권,KRW,,10000000000,10000000000,5,A1,,A1,,대방건설,차환발행위험(유동성 공여형 매입약정),금융기관,국민은행
73871,케이비와이제이제이차,KRZF0167E4G3,케이비와이제이제이차 20260325-33-4,Y,20260325,20260427,PF대출채권,KRW,,10000000000,10000000000,5,A1,,A1,,대방건설,차환발행위험(유동성 공여형 매입약정),금융기관,국민은행
73871,케이비와이제이제이차,KRZF0167E5G3,케이비와이제이제이차 20260325-33-5,Y,20260325,20260427,PF대출채권,KRW,,10000000000,10000000000,5,A1,,A1,,대방건설,차환발행위험(유동성 공여형 매입약정),금융기관,국민은행
73871,케이비와이제이제이차,KRZF0167E6G3,케이비와이제이제이차 20260325-33-6,Y,20260325,20260427,PF대출채권,KRW,,10000000000,10000000000,5,A1,,A1,,대방건설,차환발행위험(유동성 공여형 매입약정),금융기관,국민은행
73871,케이비와이제이제이차,KRZF0167E7G3,케이비와이제이제이차 20260325-33-7,Y,20260325,20260427,PF대출채권,KRW,,10000000000,10000000000,5,A1,,A1,,대방건설,차환발행위험(유동성 공여형 매입약정),금융기관,국민은행
73871,케이비와이제이제이차,KRZF0167E8G3,케이비와이제이제이차 20260325-33-8,Y,20260325,20260427,PF대출채권,KRW,,10000000000,10000000000,5,A1,,A1,,대방건설,차환발행위험(유동성 공여형 매입약정),금융기관,국민은행
73871,케이비와이제이제이차,KRZF0167E9G3,케이비와이제이제이차 20260325-33-9,Y,20260325,20260427,PF대출채권,KRW,,10000000000,10000000000,5,A1,,A1,,대방건설,차환발행위험(유동성 공여형 매입약정),금융기관,국민은행
73884,케이비와이제이제일차,KRZF0167N1G3,케이비와이제이제일차 20260325-33-1,Y,20260325,20260427,PF대출채권,KRW,,20000000000,20000000000,5,A1,,A1,,대방건설,차환발행위험(유동성 공여형 매입약정),금융기관,국민은행
73884,케이비와이제이제일차,KRZF0167NAG3,케이비와이제이제일차 20260325-33-10,Y,20260325,20260427,PF대출채권,KRW,,10000000000,10000000000,5,A1,,A1,,대방건설,차환발행위험(유동성 공여형 매입약정),금융기관,국민은행
73884,케이비와이제이제일차,KRZF0167NBG3,케이비와이제이제일차 20260325-33-11,Y,20260325,20260427,PF대출채권,KRW,,10000000000,10000000000,5,A1,,A1,,대방건설,차환발행위험(유동성 공여형 매입약정),금융기관,국민은행
73884,케이비와이제이제일차,KRZF0167NCG3,케이비와이제이제일차 20260325-33-12,Y,20260325,20260427,PF대출채권,KRW,,10000000000,10000000000,5,A1,,A1,,대방건설,차환발행위험(유동성 공여형 매입약정),금융기관,국민은행
73884,케이비와이제이제일차,KRZF0167NDG3,케이비와이제이제일차 20260325-33-13,Y,20260325,20260427,PF대출채권,KRW,,10000000000,10000000000,5,A1,,A1,,대방건설,차환발행위험(유동성 공여형 매입약정),금융기관,국민은행
73884,케이비와이제이제일차,KRZF0167NEG3,케이비와이제이제일차 20260325-33-14,Y,20260325,20260427,PF대출채권,KRW,,10000000000,10000000000,5,A1,,A1,,대방건설,차환발행위험(유동성 공여형 매입약정),금융기관,국민은행
73884,케이비와이제이제일차,KRZF0167NFG3,케이비와이제이제일차 20260325-33-15,Y,20260325,20260427,PF대출채권,KRW,,10000000000,10000000000,5,A1,,A1,,대방건설,차환발행위험(유동성 공여형 매입약정),금융기관,국민은행
73884,케이비와이제이제일차,KRZF0167NGG3,케이비와이제이제일차 20260325-33-16,Y,20260325,20260427,PF대출채권,KRW,,5000000000,5000000000,5,A1,,A1,,대방건설,차환발행위험(유동성 공여형 매입약정),금융기관,국민은행
73884,케이비와이제이제일차,KRZF0167N2G3,케이비와이제이제일차 20260325-33-2,Y,20260325,20260427,PF대출채권,KRW,,10000000000,10000000000,5,A1,,A1,,대방건설,차환발행위험(유동성 공여형 매입약정),금융기관,국민은행
73884,케이비와이제이제일차,KRZF0167N3G3,케이비와이제이제일차 20260325-33-3,Y,20260325,20260427,PF대출채권,KRW,,10000000000,10000000000,5,A1,,A1,,대방건설,차환발행위험(유동성 공여형 매입약정),금융기관,국민은행
73884,케이비와이제이제일차,KRZF0167N4G3,케이비와이제이제일차 20260325-33-4,Y,20260325,20260427,PF대출채권,KRW,,10000000000,10000000000,5,A1,,A1,,대방건설,차환발행위험(유동성 공여형 매입약정),금융기관,국민은행
73884,케이비와이제이제일차,KRZF0167N5G3,케이비와이제이제일차 20260325-33-5,Y,20260325,20260427,PF대출채권,KRW,,10000000000,10000000000,5,A1,,A1,,대방건설,차환발행위험(유동성 공여형 매입약정),금융기관,국민은행
73884,케이비와이제이제일차,KRZF0167N6G3,케이비와이제이제일차 20260325-33-6,Y,20260325,20260427,PF대출채권,KRW,,10000000000,10000000000,5,A1,,A1,,대방건설,차환발행위험(유동성 공여형 매입약정),금융기관,국민은행
73884,케이비와이제이제일차,KRZF0167N7G3,케이비와이제이제일차 20260325-33-7,Y,20260325,20260427,PF대출채권,KRW,,10000000000,10000000000,5,A1,,A1,,대방건설,차환발행위험(유동성 공여형 매입약정),금융기관,국민은행
73884,케이비와이제이제일차,KRZF0167N8G3,케이비와이제이제일차 20260325-33-8,Y,20260325,20260427,PF대출채권,KRW,,10000000000,10000000000,5,A1,,A1,,대방건설,차환발행위험(유동성 공여형 매입약정),금융기관,국민은행
73884,케이비와이제이제일차,KRZF0167N9G3,케이비와이제이제일차 20260325-33-9,Y,20260325,20260427,PF대출채권,KRW,,10000000000,10000000000,5,A1,,A1,,대방건설,차환발행위험(유동성 공여형 매입약정),금융기관,국민은행
63313,케이비이글스제이차,KRZF366881G3,케이비이글스제이차 20260325-92-1,N,20260325,20260625,대출채권,KRW,,5000000000,5000000000,64,A1,A1,,,한화,차환발행위험(유동성 공여형 매입약정),금융기관,국민은행
63313,케이비이글스제이차,KRZF36688AG3,케이비이글스제이차 20260325-92-10,N,20260325,20260625,대출채권,KRW,,5000000000,5000000000,64,A1,A1,,,한화,차환발행위험(유동성 공여형 매입약정),금융기관,국민은행
63313,케이비이글스제이차,KRZF366882G3,케이비이글스제이차 20260325-92-2,N,20260325,20260625,대출채권,KRW,,5000000000,5000000000,64,A1,A1,,,한화,차환발행위험(유동성 공여형 매입약정),금융기관,국민은행
63313,케이비이글스제이차,KRZF366883G3,케이비이글스제이차 20260325-92-3,N,20260325,20260625,대출채권,KRW,,5000000000,5000000000,64,A1,A1,,,한화,차환발행위험(유동성 공여형 매입약정),금융기관,국민은행
63313,케이비이글스제이차,KRZF366884G3,케이비이글스제이차 20260325-92-4,N,20260325,20260625,대출채권,KRW,,5000000000,5000000000,64,A1,A1,,,한화,차환발행위험(유동성 공여형 매입약정),금융기관,국민은행
63313,케이비이글스제이차,KRZF366885G3,케이비이글스제이차 20260325-92-5,N,20260325,20260625,대출채권,KRW,,5000000000,5000000000,64,A1,A1,,,한화,차환발행위험(유동성 공여형 매입약정),금융기관,국민은행
63313,케이비이글스제이차,KRZF366886G3,케이비이글스제이차 20260325-92-6,N,20260325,20260625,대출채권,KRW,,5000000000,5000000000,64,A1,A1,,,한화,차환발행위험(유동성 공여형 매입약정),금융기관,국민은행
63313,케이비이글스제이차,KRZF366887G3,케이비이글스제이차 20260325-92-7,N,20260325,20260625,대출채권,KRW,,5000000000,5000000000,64,A1,A1,,,한화,차환발행위험(유동성 공여형 매입약정),금융기관,국민은행
63313,케이비이글스제이차,KRZF366888G3,케이비이글스제이차 20260325-92-8,N,20260325,20260625,대출채권,KRW,,5000000000,5000000000,64,A1,A1,,,한화,차환발행위험(유동성 공여형 매입약정),금융기관,국민은행
63313,케이비이글스제이차,KRZF366889G3,케이비이글스제이차 20260325-92-9,N,20260325,20260625,대출채권,KRW,,5000000000,5000000000,64,A1,A1,,,한화,차환발행위험(유동성 공여형 매입약정),금융기관,국민은행
71894,케이비테크원제일차,KRZF0115S1G3,케이비테크원제일차 20260325-92-1,N,20260325,20260625,대출채권,KRW,,5000000000,5000000000,64,,A1,A1,,(주)더퍼스트제1호위탁관리부동산투자회사,차환발행위험(유동성 공여형 매입약정),금융기관,국민은행
71894,케이비테크원제일차,KRZF0115S1G3,케이비테크원제일차 20260325-92-1,N,20260325,20260625,대출채권,KRW,,5000000000,5000000000,64,,A1,A1,,(주)더퍼스트제1호위탁관리부동산투자회사,금리변동/환율변동,금융기관,국민은행
71894,케이비테크원제일차,KRZF0115SAG3,케이비테크원제일차 20260325-92-10,N,20260325,20260625,대출채권,KRW,,5000000000,5000000000,64,,A1,A1,,(주)더퍼스트제1호위탁관리부동산투자회사,차환발행위험(유동성 공여형 매입약정),금융기관,국민은행
71894,케이비테크원제일차,KRZF0115SAG3,케이비테크원제일차 20260325-92-10,N,20260325,20260625,대출채권,KRW,,5000000000,5000000000,64,,A1,A1,,(주)더퍼스트제1호위탁관리부동산투자회사,금리변동/환율변동,금융기관,국민은행
71894,케이비테크원제일차,KRZF0115SBG3,케이비테크원제일차 20260325-92-11,N,20260325,20260625,대출채권,KRW,,5000000000,5000000000,64,,A1,A1,,(주)더퍼스트제1호위탁관리부동산투자회사,차환발행위험(유동성 공여형 매입약정),금융기관,국민은행
71894,케이비테크원제일차,KRZF0115SBG3,케이비테크원제일차 20260325-92-11,N,20260325,20260625,대출채권,KRW,,5000000000,5000000000,64,,A1,A1,,(주)더퍼스트제1호위탁관리부동산투자회사,금리변동/환율변동,금융기관,국민은행
71894,케이비테크원제일차,KRZF0115SCG3,케이비테크원제일차 20260325-92-12,N,20260325,20260625,대출채권,KRW,,5000000000,5000000000,64,,A1,A1,,(주)더퍼스트제1호위탁관리부동산투자회사,차환발행위험(유동성 공여형 매입약정),금융기관,국민은행
71894,케이비테크원제일차,KRZF0115SCG3,케이비테크원제일차 20260325-92-12,N,20260325,20260625,대출채권,KRW,,5000000000,5000000000,64,,A1,A1,,(주)더퍼스트제1호위탁관리부동산투자회사,금리변동/환율변동,금융기관,국민은행
71894,케이비테크원제일차,KRZF0115S2G3,케이비테크원제일차 20260325-92-2,N,20260325,20260625,대출채권,KRW,,5000000000,5000000000,64,,A1,A1,,(주)더퍼스트제1호위탁관리부동산투자회사,차환발행위험(유동성 공여형 매입약정),금융기관,국민은행
71894,케이비테크원제일차,KRZF0115S2G3,케이비테크원제일차 20260325-92-2,N,20260325,20260625,대출채권,KRW,,5000000000,5000000000,64,,A1,A1,,(주)더퍼스트제1호위탁관리부동산투자회사,금리변동/환율변동,금융기관,국민은행
71894,케이비테크원제일차,KRZF0115S3G3,케이비테크원제일차 20260325-92-3,N,20260325,20260625,대출채권,KRW,,5000000000,5000000000,64,,A1,A1,,(주)더퍼스트제1호위탁관리부동산투자회사,차환발행위험(유동성 공여형 매입약정),금융기관,국민은행
71894,케이비테크원제일차,KRZF0115S3G3,케이비테크원제일차 20260325-92-3,N,20260325,20260625,대출채권,KRW,,5000000000,5000000000,64,,A1,A1,,(주)더퍼스트제1호위탁관리부동산투자회사,금리변동/환율변동,금융기관,국민은행
71894,케이비테크원제일차,KRZF0115S4G3,케이비테크원제일차 20260325-92-4,N,20260325,20260625,대출채권,KRW,,5000000000,5000000000,64,,A1,A1,,(주)더퍼스트제1호위탁관리부동산투자회사,차환발행위험(유동성 공여형 매입약정),금융기관,국민은행
71894,케이비테크원제일차,KRZF0115S4G3,케이비테크원제일차 20260325-92-4,N,20260325,20260625,대출채권,KRW,,5000000000,5000000000,64,,A1,A1,,(주)더퍼스트제1호위탁관리부동산투자회사,금리변동/환율변동,금융기관,국민은행
71894,케이비테크원제일차,KRZF0115S5G3,케이비테크원제일차 20260325-92-5,N,20260325,20260625,대출채권,KRW,,5000000000,5000000000,64,,A1,A1,,(주)더퍼스트제1호위탁관리부동산투자회사,차환발행위험(유동성 공여형 매입약정),금융기관,국민은행
71894,케이비테크원제일차,KRZF0115S5G3,케이비테크원제일차 20260325-92-5,N,20260325,20260625,대출채권,KRW,,5000000000,5000000000,64,,A1,A1,,(주)더퍼스트제1호위탁관리부동산투자회사,금리변동/환율변동,금융기관,국민은행
71894,케이비테크원제일차,KRZF0115S6G3,케이비테크원제일차 20260325-92-6,N,20260325,20260625,대출채권,KRW,,5000000000,5000000000,64,,A1,A1,,(주)더퍼스트제1호위탁관리부동산투자회사,차환발행위험(유동성 공여형 매입약정),금융기관,국민은행
71894,케이비테크원제일차,KRZF0115S6G3,케이비테크원제일차 20260325-92-6,N,20260325,20260625,대출채권,KRW,,5000000000,5000000000,64,,A1,A1,,(주)더퍼스트제1호위탁관리부동산투자회사,금리변동/환율변동,금융기관,국민은행
71894,케이비테크원제일차,KRZF0115S7G3,케이비테크원제일차 20260325-92-7,N,20260325,20260625,대출채권,KRW,,5000000000,5000000000,64,,A1,A1,,(주)더퍼스트제1호위탁관리부동산투자회사,차환발행위험(유동성 공여형 매입약정),금융기관,국민은행
71894,케이비테크원제일차,KRZF0115S7G3,케이비테크원제일차 20260325-92-7,N,20260325,20260625,대출채권,KRW,,5000000000,5000000000,64,,A1,A1,,(주)더퍼스트제1호위탁관리부동산투자회사,금리변동/환율변동,금융기관,국민은행
71894,케이비테크원제일차,KRZF0115S8G3,케이비테크원제일차 20260325-92-8,N,20260325,20260625,대출채권,KRW,,5000000000,5000000000,64,,A1,A1,,(주)더퍼스트제1호위탁관리부동산투자회사,차환발행위험(유동성 공여형 매입약정),금융기관,국민은행
71894,케이비테크원제일차,KRZF0115S8G3,케이비테크원제일차 20260325-92-8,N,20260325,20260625,대출채권,KRW,,5000000000,5000000000,64,,A1,A1,,(주)더퍼스트제1호위탁관리부동산투자회사,금리변동/환율변동,금융기관,국민은행
71894,케이비테크원제일차,KRZF0115S9G3,케이비테크원제일차 20260325-92-9,N,20260325,20260625,대출채권,KRW,,5000000000,5000000000,64,,A1,A1,,(주)더퍼스트제1호위탁관리부동산투자회사,차환발행위험(유동성 공여형 매입약정),금융기관,국민은행
71894,케이비테크원제일차,KRZF0115S9G3,케이비테크원제일차 20260325-92-9,N,20260325,20260625,대출채권,KRW,,5000000000,5000000000,64,,A1,A1,,(주)더퍼스트제1호위탁관리부동산투자회사,금리변동/환율변동,금융기관,국민은행
74313,투에스제십일차,KRZF0178L1G3,투에스제십일차 20260325-189-1,N,20260325,20260930,기타,KRW,,10000000,10000000,161,A1,A1,,,합정주공 835번지 일대 주택재건축 정비사업 조합,외부 신용보강,일반기업,현대건설
74309,트리플에스엘지씨,KRZF0180M1G3,트리플에스엘지씨 20260325-92-1,N,20260325,20260625,대출채권,KRW,,5000000000,5000000000,64,A1,,A1,,롯데지에스화학(주),외부 신용보강,금융기관,신한은행
74309,트리플에스엘지씨,KRZF0180MAG3,트리플에스엘지씨 20260325-92-10,N,20260325,20260625,대출채권,KRW,,5000000000,5000000000,64,A1,,A1,,롯데지에스화학(주),외부 신용보강,금융기관,신한은행
74309,트리플에스엘지씨,KRZF0180M2G3,트리플에스엘지씨 20260325-92-2,N,20260325,20260625,대출채권,KRW,,5000000000,5000000000,64,A1,,A1,,롯데지에스화학(주),외부 신용보강,금융기관,신한은행
74309,트리플에스엘지씨,KRZF0180M3G3,트리플에스엘지씨 20260325-92-3,N,20260325,20260625,대출채권,KRW,,5000000000,5000000000,64,A1,,A1,,롯데지에스화학(주),외부 신용보강,금융기관,신한은행
74309,트리플에스엘지씨,KRZF0180M4G3,트리플에스엘지씨 20260325-92-4,N,20260325,20260625,대출채권,KRW,,5000000000,5000000000,64,A1,,A1,,롯데지에스화학(주),외부 신용보강,금융기관,신한은행
74309,트리플에스엘지씨,KRZF0180M5G3,트리플에스엘지씨 20260325-92-5,N,20260325,20260625,대출채권,KRW,,5000000000,5000000000,64,A1,,A1,,롯데지에스화학(주),외부 신용보강,금융기관,신한은행
74309,트리플에스엘지씨,KRZF0180M6G3,트리플에스엘지씨 20260325-92-6,N,20260325,20260625,대출채권,KRW,,5000000000,5000000000,64,A1,,A1,,롯데지에스화학(주),외부 신용보강,금융기관,신한은행
74309,트리플에스엘지씨,KRZF0180M7G3,트리플에스엘지씨 20260325-92-7,N,20260325,20260625,대출채권,KRW,,5000000000,5000000000,64,A1,,A1,,롯데지에스화학(주),외부 신용보강,금융기관,신한은행
74309,트리플에스엘지씨,KRZF0180M8G3,트리플에스엘지씨 20260325-92-8,N,20260325,20260625,대출채권,KRW,,5000000000,5000000000,64,A1,,A1,,롯데지에스화학(주),외부 신용보강,금융기관,신한은행
74309,트리플에스엘지씨,KRZF0180M9G3,트리플에스엘지씨 20260325-92-9,N,20260325,20260625,대출채권,KRW,,5000000000,5000000000,64,A1,,A1,,롯데지에스화학(주),외부 신용보강,금융기관,신한은행
74303,드림리치제일차,KRZFA35851G3,드림리치제일차 20260324-181-1,Y,20260324,20260921,PF대출채권,KRW,,10000000000,10000000000,152,,A1,A1,,충주드림파크개발(주),외부 신용보강,공공기관,충주시청
74303,드림리치제일차,KRZFA35852G3,드림리치제일차 20260324-181-2,Y,20260324,20260921,PF대출채권,KRW,,10000000000,10000000000,152,,A1,A1,,충주드림파크개발(주),외부 신용보강,공공기관,충주시청
74303,드림리치제일차,KRZFA35853G3,드림리치제일차 20260324-181-3,Y,20260324,20260921,PF대출채권,KRW,,7000000000,7000000000,152,,A1,A1,,충주드림파크개발(주),외부 신용보강,공공기관,충주시청
74303,드림리치제일차,KRZFA35854G3,드림리치제일차 20260324-181-4,Y,20260324,20260921,PF대출채권,KRW,,5000000000,5000000000,152,,A1,A1,,충주드림파크개발(주),외부 신용보강,공공기관,충주시청
74303,드림리치제일차,KRZFA35855G3,드림리치제일차 20260324-181-5,Y,20260324,20260921,PF대출채권,KRW,,5000000000,5000000000,152,,A1,A1,,충주드림파크개발(주),외부 신용보강,공공기관,충주시청
74303,드림리치제일차,KRZFA35856G3,드림리치제일차 20260324-181-6,Y,20260324,20260921,PF대출채권,KRW,,5000000000,5000000000,152,,A1,A1,,충주드림파크개발(주),외부 신용보강,공공기관,충주시청
74303,드림리치제일차,KRZFA35857G3,드림리치제일차 20260324-181-7,Y,20260324,20260921,PF대출채권,KRW,,5000000000,5000000000,152,,A1,A1,,충주드림파크개발(주),외부 신용보강,공공기관,충주시청
74303,드림리치제일차,KRZFA35858G3,드림리치제일차 20260324-181-8,Y,20260324,20260921,PF대출채권,KRW,,5000000000,5000000000,152,,A1,A1,,충주드림파크개발(주),외부 신용보강,공공기관,충주시청
74303,드림리치제일차,KRZFA35859G3,드림리치제일차 20260324-181-9,Y,20260324,20260921,PF대출채권,KRW,,5000000000,5000000000,152,,A1,A1,,충주드림파크개발(주),외부 신용보강,공공기관,충주시청
74154,디비엠비피제십차,KRZF0112V6GF,디비엠비피제십차 20260324-183-39,N,20260324,20260923,매출채권,KRW,,5000000000,5000000000,154,,A1,A1,,한화솔루션,자체 신용보강,자체 신용보강,한화솔루션
74154,디비엠비피제십차,KRZF0112V7GF,디비엠비피제십차 20260324-183-40,N,20260324,20260923,매출채권,KRW,,5000000000,5000000000,154,,A1,A1,,한화솔루션,자체 신용보강,자체 신용보강,한화솔루션
74154,디비엠비피제십차,KRZF0112V8GF,디비엠비피제십차 20260324-183-41,N,20260324,20260923,매출채권,KRW,,5000000000,5000000000,154,,A1,A1,,한화솔루션,자체 신용보강,자체 신용보강,한화솔루션
74154,디비엠비피제십차,KRZF0112V9GF,디비엠비피제십차 20260324-183-42,N,20260324,20260923,매출채권,KRW,,4100000000,4100000000,154,,A1,A1,,한화솔루션,자체 신용보강,자체 신용보강,한화솔루션
70564,디케이하나제일차,KRZF0075A1G3,디케이하나제일차 20260324-31-1,N,20260324,20260424,대출채권,KRW,,5000000000,5000000000,2,,A1,A1,,엠디드래곤제일차(주),외부 신용보강,금융기관,하나은행
70564,디케이하나제일차,KRZF0075A1G3,디케이하나제일차 20260324-31-1,N,20260324,20260424,대출채권,KRW,,5000000000,5000000000,2,,A1,A1,,엠디드래곤제일차(주),차환발행위험(유동성 공여형 매입약정),금융기관,하나은행
70564,디케이하나제일차,KRZF0075A2G3,디케이하나제일차 20260324-31-2,N,20260324,20260424,대출채권,KRW,,5000000000,5000000000,2,,A1,A1,,엠디드래곤제일차(주),외부 신용보강,금융기관,하나은행
70564,디케이하나제일차,KRZF0075A2G3,디케이하나제일차 20260324-31-2,N,20260324,20260424,대출채권,KRW,,5000000000,5000000000,2,,A1,A1,,엠디드래곤제일차(주),차환발행위험(유동성 공여형 매입약정),금융기관,하나은행
70564,디케이하나제일차,KRZF0075A3G3,디케이하나제일차 20260324-31-3,N,20260324,20260424,대출채권,KRW,,5000000000,5000000000,2,,A1,A1,,엠디드래곤제일차(주),외부 신용보강,금융기관,하나은행
70564,디케이하나제일차,KRZF0075A3G3,디케이하나제일차 20260324-31-3,N,20260324,20260424,대출채권,KRW,,5000000000,5000000000,2,,A1,A1,,엠디드래곤제일차(주),차환발행위험(유동성 공여형 매입약정),금융기관,하나은행
70564,디케이하나제일차,KRZF0075A4G3,디케이하나제일차 20260324-31-4,N,20260324,20260424,대출채권,KRW,,5000000000,5000000000,2,,A1,A1,,엠디드래곤제일차(주),외부 신용보강,금융기관,하나은행
70564,디케이하나제일차,KRZF0075A4G3,디케이하나제일차 20260324-31-4,N,20260324,20260424,대출채권,KRW,,5000000000,5000000000,2,,A1,A1,,엠디드래곤제일차(주),차환발행위험(유동성 공여형 매입약정),금융기관,하나은행
70564,디케이하나제일차,KRZF0075A5G3,디케이하나제일차 20260324-31-5,N,20260324,20260424,대출채권,KRW,,5000000000,5000000000,2,,A1,A1,,엠디드래곤제일차(주),외부 신용보강,금융기관,하나은행
70564,디케이하나제일차,KRZF0075A5G3,디케이하나제일차 20260324-31-5,N,20260324,20260424,대출채권,KRW,,5000000000,5000000000,2,,A1,A1,,엠디드래곤제일차(주),차환발행위험(유동성 공여형 매입약정),금융기관,하나은행
70564,디케이하나제일차,KRZF0075A6G3,디케이하나제일차 20260324-31-6,N,20260324,20260424,대출채권,KRW,,5000000000,5000000000,2,,A1,A1,,엠디드래곤제일차(주),외부 신용보강,금융기관,하나은행
70564,디케이하나제일차,KRZF0075A6G3,디케이하나제일차 20260324-31-6,N,20260324,20260424,대출채권,KRW,,5000000000,5000000000,2,,A1,A1,,엠디드래곤제일차(주),차환발행위험(유동성 공여형 매입약정),금융기관,하나은행
74299,제이와이제이제이차,KRZF0008X1G3,제이와이제이제이차 20260324-183-1,Y,20260324,20260923,PF대출채권,KRW,,36600000000,36600000000,154,A2+,A2+,,,(주)하이펙스,외부 신용보강,일반기업,한화
74299,제이와이제이제이차,KRZF0008XAG3,제이와이제이제이차 20260324-183-10,Y,20260324,20260923,PF대출채권,KRW,,5000000000,5000000000,154,A2+,A2+,,,(주)하이펙스,외부 신용보강,일반기업,한화
74299,제이와이제이제이차,KRZF0008XBG3,제이와이제이제이차 20260324-183-11,Y,20260324,20260923,PF대출채권,KRW,,5000000000,5000000000,154,A2+,A2+,,,(주)하이펙스,외부 신용보강,일반기업,한화
74299,제이와이제이제이차,KRZF0008XCG3,제이와이제이제이차 20260324-183-12,Y,20260324,20260923,PF대출채권,KRW,,5000000000,5000000000,154,A2+,A2+,,,(주)하이펙스,외부 신용보강,일반기업,한화
74299,제이와이제이제이차,KRZF0008XDG3,제이와이제이제이차 20260324-183-13,Y,20260324,20260923,PF대출채권,KRW,,5000000000,5000000000,154,A2+,A2+,,,(주)하이펙스,외부 신용보강,일반기업,한화
74299,제이와이제이제이차,KRZF0008XEG3,제이와이제이제이차 20260324-183-14,Y,20260324,20260923,PF대출채권,KRW,,5000000000,5000000000,154,A2+,A2+,,,(주)하이펙스,외부 신용보강,일반기업,한화
74299,제이와이제이제이차,KRZF0008XFG3,제이와이제이제이차 20260324-183-15,Y,20260324,20260923,PF대출채권,KRW,,5000000000,5000000000,154,A2+,A2+,,,(주)하이펙스,외부 신용보강,일반기업,한화
74299,제이와이제이제이차,KRZF0008XGG3,제이와이제이제이차 20260324-183-16,Y,20260324,20260923,PF대출채권,KRW,,5000000000,5000000000,154,A2+,A2+,,,(주)하이펙스,외부 신용보강,일반기업,한화
74299,제이와이제이제이차,KRZF0008XHG3,제이와이제이제이차 20260324-183-17,Y,20260324,20260923,PF대출채권,KRW,,5000000000,5000000000,154,A2+,A2+,,,(주)하이펙스,외부 신용보강,일반기업,한화
74299,제이와이제이제이차,KRZF0008XJG3,제이와이제이제이차 20260324-183-18,Y,20260324,20260923,PF대출채권,KRW,,5000000000,5000000000,154,A2+,A2+,,,(주)하이펙스,외부 신용보강,일반기업,한화
74299,제이와이제이제이차,KRZF0008XKG3,제이와이제이제이차 20260324-183-19,Y,20260324,20260923,PF대출채권,KRW,,5000000000,5000000000,154,A2+,A2+,,,(주)하이펙스,외부 신용보강,일반기업,한화
74299,제이와이제이제이차,KRZF0008X2G3,제이와이제이제이차 20260324-183-2,Y,20260324,20260923,PF대출채권,KRW,,5000000000,5000000000,154,A2+,A2+,,,(주)하이펙스,외부 신용보강,일반기업,한화
74299,제이와이제이제이차,KRZF0008XLG3,제이와이제이제이차 20260324-183-20,Y,20260324,20260923,PF대출채권,KRW,,3000000000,3000000000,154,A2+,A2+,,,(주)하이펙스,외부 신용보강,일반기업,한화
74299,제이와이제이제이차,KRZF0008XMG3,제이와이제이제이차 20260324-183-21,Y,20260324,20260923,PF대출채권,KRW,,3000000000,3000000000,154,A2+,A2+,,,(주)하이펙스,외부 신용보강,일반기업,한화
74299,제이와이제이제이차,KRZF0008XNG3,제이와이제이제이차 20260324-183-22,Y,20260324,20260923,PF대출채권,KRW,,3000000000,3000000000,154,A2+,A2+,,,(주)하이펙스,외부 신용보강,일반기업,한화
74299,제이와이제이제이차,KRZF0008XPG3,제이와이제이제이차 20260324-183-23,Y,20260324,20260923,PF대출채권,KRW,,2000000000,2000000000,154,A2+,A2+,,,(주)하이펙스,외부 신용보강,일반기업,한화
74299,제이와이제이제이차,KRZF0008XQG3,제이와이제이제이차 20260324-183-24,Y,20260324,20260923,PF대출채권,KRW,,2000000000,2000000000,154,A2+,A2+,,,(주)하이펙스,외부 신용보강,일반기업,한화
74299,제이와이제이제이차,KRZF0008X3G3,제이와이제이제이차 20260324-183-3,Y,20260324,20260923,PF대출채권,KRW,,5000000000,5000000000,154,A2+,A2+,,,(주)하이펙스,외부 신용보강,일반기업,한화
74299,제이와이제이제이차,KRZF0008X4G3,제이와이제이제이차 20260324-183-4,Y,20260324,20260923,PF대출채권,KRW,,5000000000,5000000000,154,A2+,A2+,,,(주)하이펙스,외부 신용보강,일반기업,한화
74299,제이와이제이제이차,KRZF0008X5G3,제이와이제이제이차 20260324-183-5,Y,20260324,20260923,PF대출채권,KRW,,5000000000,5000000000,154,A2+,A2+,,,(주)하이펙스,외부 신용보강,일반기업,한화
74299,제이와이제이제이차,KRZF0008X6G3,제이와이제이제이차 20260324-183-6,Y,20260324,20260923,PF대출채권,KRW,,5000000000,5000000000,154,A2+,A2+,,,(주)하이펙스,외부 신용보강,일반기업,한화
74299,제이와이제이제이차,KRZF0008X7G3,제이와이제이제이차 20260324-183-7,Y,20260324,20260923,PF대출채권,KRW,,5000000000,5000000000,154,A2+,A2+,,,(주)하이펙스,외부 신용보강,일반기업,한화
74299,제이와이제이제이차,KRZF0008X8G3,제이와이제이제이차 20260324-183-8,Y,20260324,20260923,PF대출채권,KRW,,5000000000,5000000000,154,A2+,A2+,,,(주)하이펙스,외부 신용보강,일반기업,한화
74299,제이와이제이제이차,KRZF0008X9G3,제이와이제이제이차 20260324-183-9,Y,20260324,20260923,PF대출채권,KRW,,5000000000,5000000000,154,A2+,A2+,,,(주)하이펙스,외부 신용보강,일반기업,한화
74275,컬티베이션제십일차,KRZFA66631G3,컬티베이션제십일차 20260324-178-1,N,20260324,20260918,매출채권,KRW,,5000000000,5000000000,149,A1,A1,,,엘에스전선,자체 신용보강,자체 신용보강,엘에스전선
74275,컬티베이션제십일차,KRZFA6663AG3,컬티베이션제십일차 20260324-178-10,N,20260324,20260918,매출채권,KRW,,5000000000,5000000000,149,A1,A1,,,엘에스전선,자체 신용보강,자체 신용보강,엘에스전선
74275,컬티베이션제십일차,KRZFA6663BG3,컬티베이션제십일차 20260324-178-11,N,20260324,20260918,매출채권,KRW,,5000000000,5000000000,149,A1,A1,,,엘에스전선,자체 신용보강,자체 신용보강,엘에스전선
74275,컬티베이션제십일차,KRZFA6663CG3,컬티베이션제십일차 20260324-178-12,N,20260324,20260918,매출채권,KRW,,5000000000,5000000000,149,A1,A1,,,엘에스전선,자체 신용보강,자체 신용보강,엘에스전선
74275,컬티베이션제십일차,KRZFA6663DG3,컬티베이션제십일차 20260324-178-13,N,20260324,20260918,매출채권,KRW,,5000000000,5000000000,149,A1,A1,,,엘에스전선,자체 신용보강,자체 신용보강,엘에스전선
74275,컬티베이션제십일차,KRZFA6663EG3,컬티베이션제십일차 20260324-178-14,N,20260324,20260918,매출채권,KRW,,5000000000,5000000000,149,A1,A1,,,엘에스전선,자체 신용보강,자체 신용보강,엘에스전선
74275,컬티베이션제십일차,KRZFA6663FG3,컬티베이션제십일차 20260324-178-15,N,20260324,20260918,매출채권,KRW,,5000000000,5000000000,149,A1,A1,,,엘에스전선,자체 신용보강,자체 신용보강,엘에스전선
74275,컬티베이션제십일차,KRZFA6663GG3,컬티베이션제십일차 20260324-178-16,N,20260324,20260918,매출채권,KRW,,5000000000,5000000000,149,A1,A1,,,엘에스전선,자체 신용보강,자체 신용보강,엘에스전선
74275,컬티베이션제십일차,KRZFA6663HG3,컬티베이션제십일차 20260324-178-17,N,20260324,20260918,매출채권,KRW,,5000000000,5000000000,149,A1,A1,,,엘에스전선,자체 신용보강,자체 신용보강,엘에스전선
74275,컬티베이션제십일차,KRZFA6663JG3,컬티베이션제십일차 20260324-178-18,N,20260324,20260918,매출채권,KRW,,5000000000,5000000000,149,A1,A1,,,엘에스전선,자체 신용보강,자체 신용보강,엘에스전선
74275,컬티베이션제십일차,KRZFA6663KG3,컬티베이션제십일차 20260324-178-19,N,20260324,20260918,매출채권,KRW,,5000000000,5000000000,149,A1,A1,,,엘에스전선,자체 신용보강,자체 신용보강,엘에스전선
74275,컬티베이션제십일차,KRZFA66632G3,컬티베이션제십일차 20260324-178-2,N,20260324,20260918,매출채권,KRW,,5000000000,5000000000,149,A1,A1,,,엘에스전선,자체 신용보강,자체 신용보강,엘에스전선
74275,컬티베이션제십일차,KRZFA6663LG3,컬티베이션제십일차 20260324-178-20,N,20260324,20260918,매출채권,KRW,,5000000000,5000000000,149,A1,A1,,,엘에스전선,자체 신용보강,자체 신용보강,엘에스전선
74275,컬티베이션제십일차,KRZFA6663MG3,컬티베이션제십일차 20260324-178-21,N,20260324,20260918,매출채권,KRW,,5000000000,5000000000,149,A1,A1,,,엘에스전선,자체 신용보강,자체 신용보강,엘에스전선
74275,컬티베이션제십일차,KRZFA6663NG3,컬티베이션제십일차 20260324-178-22,N,20260324,20260918,매출채권,KRW,,960000000,960000000,149,A1,A1,,,엘에스전선,자체 신용보강,자체 신용보강,엘에스전선
74275,컬티베이션제십일차,KRZFA66633G3,컬티베이션제십일차 20260324-178-3,N,20260324,20260918,매출채권,KRW,,5000000000,5000000000,149,A1,A1,,,엘에스전선,자체 신용보강,자체 신용보강,엘에스전선
74275,컬티베이션제십일차,KRZFA66634G3,컬티베이션제십일차 20260324-178-4,N,20260324,20260918,매출채권,KRW,,5000000000,5000000000,149,A1,A1,,,엘에스전선,자체 신용보강,자체 신용보강,엘에스전선
74275,컬티베이션제십일차,KRZFA66635G3,컬티베이션제십일차 20260324-178-5,N,20260324,20260918,매출채권,KRW,,5000000000,5000000000,149,A1,A1,,,엘에스전선,자체 신용보강,자체 신용보강,엘에스전선
74275,컬티베이션제십일차,KRZFA66636G3,컬티베이션제십일차 20260324-178-6,N,20260324,20260918,매출채권,KRW,,5000000000,5000000000,149,A1,A1,,,엘에스전선,자체 신용보강,자체 신용보강,엘에스전선
74275,컬티베이션제십일차,KRZFA66637G3,컬티베이션제십일차 20260324-178-7,N,20260324,20260918,매출채권,KRW,,5000000000,5000000000,149,A1,A1,,,엘에스전선,자체 신용보강,자체 신용보강,엘에스전선
74275,컬티베이션제십일차,KRZFA66638G3,컬티베이션제십일차 20260324-178-8,N,20260324,20260918,매출채권,KRW,,5000000000,5000000000,149,A1,A1,,,엘에스전선,자체 신용보강,자체 신용보강,엘에스전선
74275,컬티베이션제십일차,KRZFA66639G3,컬티베이션제십일차 20260324-178-9,N,20260324,20260918,매출채권,KRW,,5000000000,5000000000,149,A1,A1,,,엘에스전선,자체 신용보강,자체 신용보강,엘에스전선
68292,하나헤라크론제일차,KRZF0007H1G3,하나헤라크론제일차 20260324-92-1,N,20260324,20260624,대출채권,KRW,,5000000000,5000000000,63,A1,A1,,,코오롱인더스트리,차환발행위험(유동성 공여형 매입약정),금융기관,하나은행
68292,하나헤라크론제일차,KRZF0007H1G3,하나헤라크론제일차 20260324-92-1,N,20260324,20260624,대출채권,KRW,,5000000000,5000000000,63,A1,A1,,,코오롱인더스트리,금리변동/환율변동,금융기관,하나은행
68292,하나헤라크론제일차,KRZF0007HAG3,하나헤라크론제일차 20260324-92-10,N,20260324,20260624,대출채권,KRW,,5000000000,5000000000,63,A1,A1,,,코오롱인더스트리,차환발행위험(유동성 공여형 매입약정),금융기관,하나은행
68292,하나헤라크론제일차,KRZF0007HAG3,하나헤라크론제일차 20260324-92-10,N,20260324,20260624,대출채권,KRW,,5000000000,5000000000,63,A1,A1,,,코오롱인더스트리,금리변동/환율변동,금융기관,하나은행
68292,하나헤라크론제일차,KRZF0007HBG3,하나헤라크론제일차 20260324-92-11,N,20260324,20260624,대출채권,KRW,,5000000000,5000000000,63,A1,A1,,,코오롱인더스트리,차환발행위험(유동성 공여형 매입약정),금융기관,하나은행
68292,하나헤라크론제일차,KRZF0007HBG3,하나헤라크론제일차 20260324-92-11,N,20260324,20260624,대출채권,KRW,,5000000000,5000000000,63,A1,A1,,,코오롱인더스트리,금리변동/환율변동,금융기관,하나은행
68292,하나헤라크론제일차,KRZF0007HCG3,하나헤라크론제일차 20260324-92-12,N,20260324,20260624,대출채권,KRW,,5000000000,5000000000,63,A1,A1,,,코오롱인더스트리,차환발행위험(유동성 공여형 매입약정),금융기관,하나은행
68292,하나헤라크론제일차,KRZF0007HCG3,하나헤라크론제일차 20260324-92-12,N,20260324,20260624,대출채권,KRW,,5000000000,5000000000,63,A1,A1,,,코오롱인더스트리,금리변동/환율변동,금융기관,하나은행
68292,하나헤라크론제일차,KRZF0007HDG3,하나헤라크론제일차 20260324-92-13,N,20260324,20260624,대출채권,KRW,,5000000000,5000000000,63,A1,A1,,,코오롱인더스트리,차환발행위험(유동성 공여형 매입약정),금융기관,하나은행
68292,하나헤라크론제일차,KRZF0007HDG3,하나헤라크론제일차 20260324-92-13,N,20260324,20260624,대출채권,KRW,,5000000000,5000000000,63,A1,A1,,,코오롱인더스트리,금리변동/환율변동,금융기관,하나은행
68292,하나헤라크론제일차,KRZF0007HEG3,하나헤라크론제일차 20260324-92-14,N,20260324,20260624,대출채권,KRW,,5000000000,5000000000,63,A1,A1,,,코오롱인더스트리,차환발행위험(유동성 공여형 매입약정),금융기관,하나은행
68292,하나헤라크론제일차,KRZF0007HEG3,하나헤라크론제일차 20260324-92-14,N,20260324,20260624,대출채권,KRW,,5000000000,5000000000,63,A1,A1,,,코오롱인더스트리,금리변동/환율변동,금융기관,하나은행
68292,하나헤라크론제일차,KRZF0007HFG3,하나헤라크론제일차 20260324-92-15,N,20260324,20260624,대출채권,KRW,,5000000000,5000000000,63,A1,A1,,,코오롱인더스트리,차환발행위험(유동성 공여형 매입약정),금융기관,하나은행
68292,하나헤라크론제일차,KRZF0007HFG3,하나헤라크론제일차 20260324-92-15,N,20260324,20260624,대출채권,KRW,,5000000000,5000000000,63,A1,A1,,,코오롱인더스트리,금리변동/환율변동,금융기관,하나은행
68292,하나헤라크론제일차,KRZF0007HGG3,하나헤라크론제일차 20260324-92-16,N,20260324,20260624,대출채권,KRW,,5000000000,5000000000,63,A1,A1,,,코오롱인더스트리,차환발행위험(유동성 공여형 매입약정),금융기관,하나은행
68292,하나헤라크론제일차,KRZF0007HGG3,하나헤라크론제일차 20260324-92-16,N,20260324,20260624,대출채권,KRW,,5000000000,5000000000,63,A1,A1,,,코오롱인더스트리,금리변동/환율변동,금융기관,하나은행
68292,하나헤라크론제일차,KRZF0007HHG3,하나헤라크론제일차 20260324-92-17,N,20260324,20260624,대출채권,KRW,,5000000000,5000000000,63,A1,A1,,,코오롱인더스트리,차환발행위험(유동성 공여형 매입약정),금융기관,하나은행
68292,하나헤라크론제일차,KRZF0007HHG3,하나헤라크론제일차 20260324-92-17,N,20260324,20260624,대출채권,KRW,,5000000000,5000000000,63,A1,A1,,,코오롱인더스트리,금리변동/환율변동,금융기관,하나은행
68292,하나헤라크론제일차,KRZF0007HJG3,하나헤라크론제일차 20260324-92-18,N,20260324,20260624,대출채권,KRW,,5000000000,5000000000,63,A1,A1,,,코오롱인더스트리,차환발행위험(유동성 공여형 매입약정),금융기관,하나은행
68292,하나헤라크론제일차,KRZF0007HJG3,하나헤라크론제일차 20260324-92-18,N,20260324,20260624,대출채권,KRW,,5000000000,5000000000,63,A1,A1,,,코오롱인더스트리,금리변동/환율변동,금융기관,하나은행
68292,하나헤라크론제일차,KRZF0007HKG3,하나헤라크론제일차 20260324-92-19,N,20260324,20260624,대출채권,KRW,,5000000000,5000000000,63,A1,A1,,,코오롱인더스트리,차환발행위험(유동성 공여형 매입약정),금융기관,하나은행
68292,하나헤라크론제일차,KRZF0007HKG3,하나헤라크론제일차 20260324-92-19,N,20260324,20260624,대출채권,KRW,,5000000000,5000000000,63,A1,A1,,,코오롱인더스트리,금리변동/환율변동,금융기관,하나은행
68292,하나헤라크론제일차,KRZF0007H2G3,하나헤라크론제일차 20260324-92-2,N,20260324,20260624,대출채권,KRW,,5000000000,5000000000,63,A1,A1,,,코오롱인더스트리,차환발행위험(유동성 공여형 매입약정),금융기관,하나은행
68292,하나헤라크론제일차,KRZF0007H2G3,하나헤라크론제일차 20260324-92-2,N,20260324,20260624,대출채권,KRW,,5000000000,5000000000,63,A1,A1,,,코오롱인더스트리,금리변동/환율변동,금융기관,하나은행
68292,하나헤라크론제일차,KRZF0007HLG3,하나헤라크론제일차 20260324-92-20,N,20260324,20260624,대출채권,KRW,,5000000000,5000000000,63,A1,A1,,,코오롱인더스트리,차환발행위험(유동성 공여형 매입약정),금융기관,하나은행
68292,하나헤라크론제일차,KRZF0007HLG3,하나헤라크론제일차 20260324-92-20,N,20260324,20260624,대출채권,KRW,,5000000000,5000000000,63,A1,A1,,,코오롱인더스트리,금리변동/환율변동,금융기관,하나은행
68292,하나헤라크론제일차,KRZF0007HMG3,하나헤라크론제일차 20260324-92-21,N,20260324,20260624,대출채권,KRW,,5000000000,5000000000,63,A1,A1,,,코오롱인더스트리,차환발행위험(유동성 공여형 매입약정),금융기관,하나은행
68292,하나헤라크론제일차,KRZF0007HMG3,하나헤라크론제일차 20260324-92-21,N,20260324,20260624,대출채권,KRW,,5000000000,5000000000,63,A1,A1,,,코오롱인더스트리,금리변동/환율변동,금융기관,하나은행
68292,하나헤라크론제일차,KRZF0007HNG3,하나헤라크론제일차 20260324-92-22,N,20260324,20260624,대출채권,KRW,,5000000000,5000000000,63,A1,A1,,,코오롱인더스트리,차환발행위험(유동성 공여형 매입약정),금융기관,하나은행
68292,하나헤라크론제일차,KRZF0007HNG3,하나헤라크론제일차 20260324-92-22,N,20260324,20260624,대출채권,KRW,,5000000000,5000000000,63,A1,A1,,,코오롱인더스트리,금리변동/환율변동,금융기관,하나은행
68292,하나헤라크론제일차,KRZF0007HPG3,하나헤라크론제일차 20260324-92-23,N,20260324,20260624,대출채권,KRW,,5000000000,5000000000,63,A1,A1,,,코오롱인더스트리,차환발행위험(유동성 공여형 매입약정),금융기관,하나은행
68292,하나헤라크론제일차,KRZF0007HPG3,하나헤라크론제일차 20260324-92-23,N,20260324,20260624,대출채권,KRW,,5000000000,5000000000,63,A1,A1,,,코오롱인더스트리,금리변동/환율변동,금융기관,하나은행
68292,하나헤라크론제일차,KRZF0007HQG3,하나헤라크론제일차 20260324-92-24,N,20260324,20260624,대출채권,KRW,,5000000000,5000000000,63,A1,A1,,,코오롱인더스트리,차환발행위험(유동성 공여형 매입약정),금융기관,하나은행
68292,하나헤라크론제일차,KRZF0007HQG3,하나헤라크론제일차 20260324-92-24,N,20260324,20260624,대출채권,KRW,,5000000000,5000000000,63,A1,A1,,,코오롱인더스트리,금리변동/환율변동,금융기관,하나은행
68292,하나헤라크론제일차,KRZF0007HRG3,하나헤라크론제일차 20260324-92-25,N,20260324,20260624,대출채권,KRW,,5000000000,5000000000,63,A1,A1,,,코오롱인더스트리,차환발행위험(유동성 공여형 매입약정),금융기관,하나은행
68292,하나헤라크론제일차,KRZF0007HRG3,하나헤라크론제일차 20260324-92-25,N,20260324,20260624,대출채권,KRW,,5000000000,5000000000,63,A1,A1,,,코오롱인더스트리,금리변동/환율변동,금융기관,하나은행
68292,하나헤라크론제일차,KRZF0007HSG3,하나헤라크론제일차 20260324-92-26,N,20260324,20260624,대출채권,KRW,,5000000000,5000000000,63,A1,A1,,,코오롱인더스트리,차환발행위험(유동성 공여형 매입약정),금융기관,하나은행
68292,하나헤라크론제일차,KRZF0007HSG3,하나헤라크론제일차 20260324-92-26,N,20260324,20260624,대출채권,KRW,,5000000000,5000000000,63,A1,A1,,,코오롱인더스트리,금리변동/환율변동,금융기관,하나은행
68292,하나헤라크론제일차,KRZF0007HTG3,하나헤라크론제일차 20260324-92-27,N,20260324,20260624,대출채권,KRW,,5000000000,5000000000,63,A1,A1,,,코오롱인더스트리,차환발행위험(유동성 공여형 매입약정),금융기관,하나은행
68292,하나헤라크론제일차,KRZF0007HTG3,하나헤라크론제일차 20260324-92-27,N,20260324,20260624,대출채권,KRW,,5000000000,5000000000,63,A1,A1,,,코오롱인더스트리,금리변동/환율변동,금융기관,하나은행
68292,하나헤라크론제일차,KRZF0007HVG3,하나헤라크론제일차 20260324-92-28,N,20260324,20260624,대출채권,KRW,,5000000000,5000000000,63,A1,A1,,,코오롱인더스트리,차환발행위험(유동성 공여형 매입약정),금융기관,하나은행
68292,하나헤라크론제일차,KRZF0007HVG3,하나헤라크론제일차 20260324-92-28,N,20260324,20260624,대출채권,KRW,,5000000000,5000000000,63,A1,A1,,,코오롱인더스트리,금리변동/환율변동,금융기관,하나은행
68292,하나헤라크론제일차,KRZF0007HWG3,하나헤라크론제일차 20260324-92-29,N,20260324,20260624,대출채권,KRW,,5000000000,5000000000,63,A1,A1,,,코오롱인더스트리,차환발행위험(유동성 공여형 매입약정),금융기관,하나은행
68292,하나헤라크론제일차,KRZF0007HWG3,하나헤라크론제일차 20260324-92-29,N,20260324,20260624,대출채권,KRW,,5000000000,5000000000,63,A1,A1,,,코오롱인더스트리,금리변동/환율변동,금융기관,하나은행
68292,하나헤라크론제일차,KRZF0007H3G3,하나헤라크론제일차 20260324-92-3,N,20260324,20260624,대출채권,KRW,,5000000000,5000000000,63,A1,A1,,,코오롱인더스트리,차환발행위험(유동성 공여형 매입약정),금융기관,하나은행
68292,하나헤라크론제일차,KRZF0007H3G3,하나헤라크론제일차 20260324-92-3,N,20260324,20260624,대출채권,KRW,,5000000000,5000000000,63,A1,A1,,,코오롱인더스트리,금리변동/환율변동,금융기관,하나은행
68292,하나헤라크론제일차,KRZF0007HXG3,하나헤라크론제일차 20260324-92-30,N,20260324,20260624,대출채권,KRW,,5000000000,5000000000,63,A1,A1,,,코오롱인더스트리,차환발행위험(유동성 공여형 매입약정),금융기관,하나은행
68292,하나헤라크론제일차,KRZF0007HXG3,하나헤라크론제일차 20260324-92-30,N,20260324,20260624,대출채권,KRW,,5000000000,5000000000,63,A1,A1,,,코오롱인더스트리,금리변동/환율변동,금융기관,하나은행
68292,하나헤라크론제일차,KRZF0007HYG3,하나헤라크론제일차 20260324-92-31,N,20260324,20260624,대출채권,KRW,,5000000000,5000000000,63,A1,A1,,,코오롱인더스트리,차환발행위험(유동성 공여형 매입약정),금융기관,하나은행
68292,하나헤라크론제일차,KRZF0007HYG3,하나헤라크론제일차 20260324-92-31,N,20260324,20260624,대출채권,KRW,,5000000000,5000000000,63,A1,A1,,,코오롱인더스트리,금리변동/환율변동,금융기관,하나은행
68292,하나헤라크론제일차,KRZF0007HZG3,하나헤라크론제일차 20260324-92-32,N,20260324,20260624,대출채권,KRW,,5000000000,5000000000,63,A1,A1,,,코오롱인더스트리,차환발행위험(유동성 공여형 매입약정),금융기관,하나은행
68292,하나헤라크론제일차,KRZF0007HZG3,하나헤라크론제일차 20260324-92-32,N,20260324,20260624,대출채권,KRW,,5000000000,5000000000,63,A1,A1,,,코오롱인더스트리,금리변동/환율변동,금융기관,하나은행
68292,하나헤라크론제일차,KRZF0007H0GF,하나헤라크론제일차 20260324-92-33,N,20260324,20260624,대출채권,KRW,,5000000000,5000000000,63,A1,A1,,,코오롱인더스트리,차환발행위험(유동성 공여형 매입약정),금융기관,하나은행
68292,하나헤라크론제일차,KRZF0007H0GF,하나헤라크론제일차 20260324-92-33,N,20260324,20260624,대출채권,KRW,,5000000000,5000000000,63,A1,A1,,,코오롱인더스트리,금리변동/환율변동,금융기관,하나은행
68292,하나헤라크론제일차,KRZF0007H1GF,하나헤라크론제일차 20260324-92-34,N,20260324,20260624,대출채권,KRW,,5000000000,5000000000,63,A1,A1,,,코오롱인더스트리,차환발행위험(유동성 공여형 매입약정),금융기관,하나은행
68292,하나헤라크론제일차,KRZF0007H1GF,하나헤라크론제일차 20260324-92-34,N,20260324,20260624,대출채권,KRW,,5000000000,5000000000,63,A1,A1,,,코오롱인더스트리,금리변동/환율변동,금융기관,하나은행
68292,하나헤라크론제일차,KRZF0007H2GF,하나헤라크론제일차 20260324-92-35,N,20260324,20260624,대출채권,KRW,,5000000000,5000000000,63,A1,A1,,,코오롱인더스트리,차환발행위험(유동성 공여형 매입약정),금융기관,하나은행
68292,하나헤라크론제일차,KRZF0007H2GF,하나헤라크론제일차 20260324-92-35,N,20260324,20260624,대출채권,KRW,,5000000000,5000000000,63,A1,A1,,,코오롱인더스트리,금리변동/환율변동,금융기관,하나은행
68292,하나헤라크론제일차,KRZF0007H3GF,하나헤라크론제일차 20260324-92-36,N,20260324,20260624,대출채권,KRW,,5000000000,5000000000,63,A1,A1,,,코오롱인더스트리,차환발행위험(유동성 공여형 매입약정),금융기관,하나은행
68292,하나헤라크론제일차,KRZF0007H3GF,하나헤라크론제일차 20260324-92-36,N,20260324,20260624,대출채권,KRW,,5000000000,5000000000,63,A1,A1,,,코오롱인더스트리,금리변동/환율변동,금융기관,하나은행
68292,하나헤라크론제일차,KRZF0007H4GF,하나헤라크론제일차 20260324-92-37,N,20260324,20260624,대출채권,KRW,,5000000000,5000000000,63,A1,A1,,,코오롱인더스트리,차환발행위험(유동성 공여형 매입약정),금융기관,하나은행
68292,하나헤라크론제일차,KRZF0007H4GF,하나헤라크론제일차 20260324-92-37,N,20260324,20260624,대출채권,KRW,,5000000000,5000000000,63,A1,A1,,,코오롱인더스트리,금리변동/환율변동,금융기관,하나은행
68292,하나헤라크론제일차,KRZF0007H5GF,하나헤라크론제일차 20260324-92-38,N,20260324,20260624,대출채권,KRW,,5000000000,5000000000,63,A1,A1,,,코오롱인더스트리,차환발행위험(유동성 공여형 매입약정),금융기관,하나은행
68292,하나헤라크론제일차,KRZF0007H5GF,하나헤라크론제일차 20260324-92-38,N,20260324,20260624,대출채권,KRW,,5000000000,5000000000,63,A1,A1,,,코오롱인더스트리,금리변동/환율변동,금융기관,하나은행
68292,하나헤라크론제일차,KRZF0007H6GF,하나헤라크론제일차 20260324-92-39,N,20260324,20260624,대출채권,KRW,,5000000000,5000000000,63,A1,A1,,,코오롱인더스트리,차환발행위험(유동성 공여형 매입약정),금융기관,하나은행
68292,하나헤라크론제일차,KRZF0007H6GF,하나헤라크론제일차 20260324-92-39,N,20260324,20260624,대출채권,KRW,,5000000000,5000000000,63,A1,A1,,,코오롱인더스트리,금리변동/환율변동,금융기관,하나은행
68292,하나헤라크론제일차,KRZF0007H4G3,하나헤라크론제일차 20260324-92-4,N,20260324,20260624,대출채권,KRW,,5000000000,5000000000,63,A1,A1,,,코오롱인더스트리,차환발행위험(유동성 공여형 매입약정),금융기관,하나은행
68292,하나헤라크론제일차,KRZF0007H4G3,하나헤라크론제일차 20260324-92-4,N,20260324,20260624,대출채권,KRW,,5000000000,5000000000,63,A1,A1,,,코오롱인더스트리,금리변동/환율변동,금융기관,하나은행
68292,하나헤라크론제일차,KRZF0007H7GF,하나헤라크론제일차 20260324-92-40,N,20260324,20260624,대출채권,KRW,,5000000000,5000000000,63,A1,A1,,,코오롱인더스트리,차환발행위험(유동성 공여형 매입약정),금융기관,하나은행
68292,하나헤라크론제일차,KRZF0007H7GF,하나헤라크론제일차 20260324-92-40,N,20260324,20260624,대출채권,KRW,,5000000000,5000000000,63,A1,A1,,,코오롱인더스트리,금리변동/환율변동,금융기관,하나은행
68292,하나헤라크론제일차,KRZF0007H5G3,하나헤라크론제일차 20260324-92-5,N,20260324,20260624,대출채권,KRW,,5000000000,5000000000,63,A1,A1,,,코오롱인더스트리,차환발행위험(유동성 공여형 매입약정),금융기관,하나은행
68292,하나헤라크론제일차,KRZF0007H5G3,하나헤라크론제일차 20260324-92-5,N,20260324,20260624,대출채권,KRW,,5000000000,5000000000,63,A1,A1,,,코오롱인더스트리,금리변동/환율변동,금융기관,하나은행
68292,하나헤라크론제일차,KRZF0007H6G3,하나헤라크론제일차 20260324-92-6,N,20260324,20260624,대출채권,KRW,,5000000000,5000000000,63,A1,A1,,,코오롱인더스트리,차환발행위험(유동성 공여형 매입약정),금융기관,하나은행
68292,하나헤라크론제일차,KRZF0007H6G3,하나헤라크론제일차 20260324-92-6,N,20260324,20260624,대출채권,KRW,,5000000000,5000000000,63,A1,A1,,,코오롱인더스트리,금리변동/환율변동,금융기관,하나은행
68292,하나헤라크론제일차,KRZF0007H7G3,하나헤라크론제일차 20260324-92-7,N,20260324,20260624,대출채권,KRW,,5000000000,5000000000,63,A1,A1,,,코오롱인더스트리,차환발행위험(유동성 공여형 매입약정),금융기관,하나은행
68292,하나헤라크론제일차,KRZF0007H7G3,하나헤라크론제일차 20260324-92-7,N,20260324,20260624,대출채권,KRW,,5000000000,5000000000,63,A1,A1,,,코오롱인더스트리,금리변동/환율변동,금융기관,하나은행
68292,하나헤라크론제일차,KRZF0007H8G3,하나헤라크론제일차 20260324-92-8,N,20260324,20260624,대출채권,KRW,,5000000000,5000000000,63,A1,A1,,,코오롱인더스트리,차환발행위험(유동성 공여형 매입약정),금융기관,하나은행
68292,하나헤라크론제일차,KRZF0007H8G3,하나헤라크론제일차 20260324-92-8,N,20260324,20260624,대출채권,KRW,,5000000000,5000000000,63,A1,A1,,,코오롱인더스트리,금리변동/환율변동,금융기관,하나은행
68292,하나헤라크론제일차,KRZF0007H9G3,하나헤라크론제일차 20260324-92-9,N,20260324,20260624,대출채권,KRW,,5000000000,5000000000,63,A1,A1,,,코오롱인더스트리,차환발행위험(유동성 공여형 매입약정),금융기관,하나은행
68292,하나헤라크론제일차,KRZF0007H9G3,하나헤라크론제일차 20260324-92-9,N,20260324,20260624,대출채권,KRW,,5000000000,5000000000,63,A1,A1,,,코오롱인더스트리,금리변동/환율변동,금융기관,하나은행
74242,그린바이오제삼차,KRZFA54291G3,그린바이오제삼차 20260323-263-1,N,20260323,20261211,매출채권,KRW,,5000000000,5000000000,233,A1,A1,,,팜한농,차환발행위험(유동성 공여형 매입약정),금융기관,신한은행
74242,그린바이오제삼차,KRZFA54292G3,그린바이오제삼차 20260323-263-2,N,20260323,20261211,매출채권,KRW,,1600000000,1600000000,233,A1,A1,,,팜한농,차환발행위험(유동성 공여형 매입약정),금융기관,신한은행
74242,그린바이오제삼차,KRZFA54293G3,그린바이오제삼차 20260323-263-3,N,20260323,20261211,매출채권,KRW,,1400000000,1400000000,233,A1,A1,,,팜한농,차환발행위험(유동성 공여형 매입약정),금융기관,신한은행
74242,그린바이오제삼차,KRZFA54294G3,그린바이오제삼차 20260323-263-4,N,20260323,20261211,매출채권,KRW,,5000000000,5000000000,233,A1,A1,,,팜한농,차환발행위험(유동성 공여형 매입약정),금융기관,신한은행
74242,그린바이오제삼차,KRZFA54295G3,그린바이오제삼차 20260323-263-5,N,20260323,20261211,매출채권,KRW,,5000000000,5000000000,233,A1,A1,,,팜한농,차환발행위험(유동성 공여형 매입약정),금융기관,신한은행
55867,리치게이트원당,KRZFA15901G3,리치게이트원당 20260323-92-1,Y,20260323,20260623,PF대출채권,KRW,,5000000000,5000000000,62,,A1,A1,,원당1구역주택재개발정비사업조합,외부 신용보강,금융기관,신한은행
55867,리치게이트원당,KRZFA15901G3,리치게이트원당 20260323-92-1,Y,20260323,20260623,PF대출채권,KRW,,5000000000,5000000000,62,,A1,A1,,원당1구역주택재개발정비사업조합,차환발행위험(유동성 공여형 매입약정),금융기관,신한은행
55867,리치게이트원당,KRZFA1590AG3,리치게이트원당 20260323-92-10,Y,20260323,20260623,PF대출채권,KRW,,5000000000,5000000000,62,,A1,A1,,원당1구역주택재개발정비사업조합,외부 신용보강,금융기관,신한은행
55867,리치게이트원당,KRZFA1590AG3,리치게이트원당 20260323-92-10,Y,20260323,20260623,PF대출채권,KRW,,5000000000,5000000000,62,,A1,A1,,원당1구역주택재개발정비사업조합,차환발행위험(유동성 공여형 매입약정),금융기관,신한은행
55867,리치게이트원당,KRZFA1590BG3,리치게이트원당 20260323-92-11,Y,20260323,20260623,PF대출채권,KRW,,5000000000,5000000000,62,,A1,A1,,원당1구역주택재개발정비사업조합,외부 신용보강,금융기관,신한은행
55867,리치게이트원당,KRZFA1590BG3,리치게이트원당 20260323-92-11,Y,20260323,20260623,PF대출채권,KRW,,5000000000,5000000000,62,,A1,A1,,원당1구역주택재개발정비사업조합,차환발행위험(유동성 공여형 매입약정),금융기관,신한은행
55867,리치게이트원당,KRZFA1590CG3,리치게이트원당 20260323-92-12,Y,20260323,20260623,PF대출채권,KRW,,5000000000,5000000000,62,,A1,A1,,원당1구역주택재개발정비사업조합,외부 신용보강,금융기관,신한은행
55867,리치게이트원당,KRZFA1590CG3,리치게이트원당 20260323-92-12,Y,20260323,20260623,PF대출채권,KRW,,5000000000,5000000000,62,,A1,A1,,원당1구역주택재개발정비사업조합,차환발행위험(유동성 공여형 매입약정),금융기관,신한은행
55867,리치게이트원당,KRZFA1590DG3,리치게이트원당 20260323-92-13,Y,20260323,20260623,PF대출채권,KRW,,5000000000,5000000000,62,,A1,A1,,원당1구역주택재개발정비사업조합,외부 신용보강,금융기관,신한은행
55867,리치게이트원당,KRZFA1590DG3,리치게이트원당 20260323-92-13,Y,20260323,20260623,PF대출채권,KRW,,5000000000,5000000000,62,,A1,A1,,원당1구역주택재개발정비사업조합,차환발행위험(유동성 공여형 매입약정),금융기관,신한은행
55867,리치게이트원당,KRZFA1590EG3,리치게이트원당 20260323-92-14,Y,20260323,20260623,PF대출채권,KRW,,5000000000,5000000000,62,,A1,A1,,원당1구역주택재개발정비사업조합,외부 신용보강,금융기관,신한은행
55867,리치게이트원당,KRZFA1590EG3,리치게이트원당 20260323-92-14,Y,20260323,20260623,PF대출채권,KRW,,5000000000,5000000000,62,,A1,A1,,원당1구역주택재개발정비사업조합,차환발행위험(유동성 공여형 매입약정),금융기관,신한은행
55867,리치게이트원당,KRZFA1590FG3,리치게이트원당 20260323-92-15,Y,20260323,20260623,PF대출채권,KRW,,5000000000,5000000000,62,,A1,A1,,원당1구역주택재개발정비사업조합,외부 신용보강,금융기관,신한은행
55867,리치게이트원당,KRZFA1590FG3,리치게이트원당 20260323-92-15,Y,20260323,20260623,PF대출채권,KRW,,5000000000,5000000000,62,,A1,A1,,원당1구역주택재개발정비사업조합,차환발행위험(유동성 공여형 매입약정),금융기관,신한은행
55867,리치게이트원당,KRZFA1590GG3,리치게이트원당 20260323-92-16,Y,20260323,20260623,PF대출채권,KRW,,5000000000,5000000000,62,,A1,A1,,원당1구역주택재개발정비사업조합,외부 신용보강,금융기관,신한은행
55867,리치게이트원당,KRZFA1590GG3,리치게이트원당 20260323-92-16,Y,20260323,20260623,PF대출채권,KRW,,5000000000,5000000000,62,,A1,A1,,원당1구역주택재개발정비사업조합,차환발행위험(유동성 공여형 매입약정),금융기관,신한은행
55867,리치게이트원당,KRZFA1590HG3,리치게이트원당 20260323-92-17,Y,20260323,20260623,PF대출채권,KRW,,5000000000,5000000000,62,,A1,A1,,원당1구역주택재개발정비사업조합,외부 신용보강,금융기관,신한은행
55867,리치게이트원당,KRZFA1590HG3,리치게이트원당 20260323-92-17,Y,20260323,20260623,PF대출채권,KRW,,5000000000,5000000000,62,,A1,A1,,원당1구역주택재개발정비사업조합,차환발행위험(유동성 공여형 매입약정),금융기관,신한은행
55867,리치게이트원당,KRZFA1590JG3,리치게이트원당 20260323-92-18,Y,20260323,20260623,PF대출채권,KRW,,5000000000,5000000000,62,,A1,A1,,원당1구역주택재개발정비사업조합,외부 신용보강,금융기관,신한은행
55867,리치게이트원당,KRZFA1590JG3,리치게이트원당 20260323-92-18,Y,20260323,20260623,PF대출채권,KRW,,5000000000,5000000000,62,,A1,A1,,원당1구역주택재개발정비사업조합,차환발행위험(유동성 공여형 매입약정),금융기관,신한은행
55867,리치게이트원당,KRZFA1590KG3,리치게이트원당 20260323-92-19,Y,20260323,20260623,PF대출채권,KRW,,5000000000,5000000000,62,,A1,A1,,원당1구역주택재개발정비사업조합,외부 신용보강,금융기관,신한은행
55867,리치게이트원당,KRZFA1590KG3,리치게이트원당 20260323-92-19,Y,20260323,20260623,PF대출채권,KRW,,5000000000,5000000000,62,,A1,A1,,원당1구역주택재개발정비사업조합,차환발행위험(유동성 공여형 매입약정),금융기관,신한은행
55867,리치게이트원당,KRZFA15902G3,리치게이트원당 20260323-92-2,Y,20260323,20260623,PF대출채권,KRW,,5000000000,5000000000,62,,A1,A1,,원당1구역주택재개발정비사업조합,외부 신용보강,금융기관,신한은행
55867,리치게이트원당,KRZFA15902G3,리치게이트원당 20260323-92-2,Y,20260323,20260623,PF대출채권,KRW,,5000000000,5000000000,62,,A1,A1,,원당1구역주택재개발정비사업조합,차환발행위험(유동성 공여형 매입약정),금융기관,신한은행
55867,리치게이트원당,KRZFA1590LG3,리치게이트원당 20260323-92-20,Y,20260323,20260623,PF대출채권,KRW,,5000000000,5000000000,62,,A1,A1,,원당1구역주택재개발정비사업조합,외부 신용보강,금융기관,신한은행
55867,리치게이트원당,KRZFA1590LG3,리치게이트원당 20260323-92-20,Y,20260323,20260623,PF대출채권,KRW,,5000000000,5000000000,62,,A1,A1,,원당1구역주택재개발정비사업조합,차환발행위험(유동성 공여형 매입약정),금융기관,신한은행
55867,리치게이트원당,KRZFA1590MG3,리치게이트원당 20260323-92-21,Y,20260323,20260623,PF대출채권,KRW,,5000000000,5000000000,62,,A1,A1,,원당1구역주택재개발정비사업조합,외부 신용보강,금융기관,신한은행
55867,리치게이트원당,KRZFA1590MG3,리치게이트원당 20260323-92-21,Y,20260323,20260623,PF대출채권,KRW,,5000000000,5000000000,62,,A1,A1,,원당1구역주택재개발정비사업조합,차환발행위험(유동성 공여형 매입약정),금융기관,신한은행
55867,리치게이트원당,KRZFA1590NG3,리치게이트원당 20260323-92-22,Y,20260323,20260623,PF대출채권,KRW,,5000000000,5000000000,62,,A1,A1,,원당1구역주택재개발정비사업조합,외부 신용보강,금융기관,신한은행
55867,리치게이트원당,KRZFA1590NG3,리치게이트원당 20260323-92-22,Y,20260323,20260623,PF대출채권,KRW,,5000000000,5000000000,62,,A1,A1,,원당1구역주택재개발정비사업조합,차환발행위험(유동성 공여형 매입약정),금융기관,신한은행
55867,리치게이트원당,KRZFA1590PG3,리치게이트원당 20260323-92-23,Y,20260323,20260623,PF대출채권,KRW,,5000000000,5000000000,62,,A1,A1,,원당1구역주택재개발정비사업조합,외부 신용보강,금융기관,신한은행
55867,리치게이트원당,KRZFA1590PG3,리치게이트원당 20260323-92-23,Y,20260323,20260623,PF대출채권,KRW,,5000000000,5000000000,62,,A1,A1,,원당1구역주택재개발정비사업조합,차환발행위험(유동성 공여형 매입약정),금융기관,신한은행
55867,리치게이트원당,KRZFA1590QG3,리치게이트원당 20260323-92-24,Y,20260323,20260623,PF대출채권,KRW,,5000000000,5000000000,62,,A1,A1,,원당1구역주택재개발정비사업조합,외부 신용보강,금융기관,신한은행
55867,리치게이트원당,KRZFA1590QG3,리치게이트원당 20260323-92-24,Y,20260323,20260623,PF대출채권,KRW,,5000000000,5000000000,62,,A1,A1,,원당1구역주택재개발정비사업조합,차환발행위험(유동성 공여형 매입약정),금융기관,신한은행
55867,리치게이트원당,KRZFA1590RG3,리치게이트원당 20260323-92-25,Y,20260323,20260623,PF대출채권,KRW,,5000000000,5000000000,62,,A1,A1,,원당1구역주택재개발정비사업조합,외부 신용보강,금융기관,신한은행
55867,리치게이트원당,KRZFA1590RG3,리치게이트원당 20260323-92-25,Y,20260323,20260623,PF대출채권,KRW,,5000000000,5000000000,62,,A1,A1,,원당1구역주택재개발정비사업조합,차환발행위험(유동성 공여형 매입약정),금융기관,신한은행
55867,리치게이트원당,KRZFA1590SG3,리치게이트원당 20260323-92-26,Y,20260323,20260623,PF대출채권,KRW,,5000000000,5000000000,62,,A1,A1,,원당1구역주택재개발정비사업조합,외부 신용보강,금융기관,신한은행
55867,리치게이트원당,KRZFA1590SG3,리치게이트원당 20260323-92-26,Y,20260323,20260623,PF대출채권,KRW,,5000000000,5000000000,62,,A1,A1,,원당1구역주택재개발정비사업조합,차환발행위험(유동성 공여형 매입약정),금융기관,신한은행
55867,리치게이트원당,KRZFA1590TG3,리치게이트원당 20260323-92-27,Y,20260323,20260623,PF대출채권,KRW,,5000000000,5000000000,62,,A1,A1,,원당1구역주택재개발정비사업조합,외부 신용보강,금융기관,신한은행
55867,리치게이트원당,KRZFA1590TG3,리치게이트원당 20260323-92-27,Y,20260323,20260623,PF대출채권,KRW,,5000000000,5000000000,62,,A1,A1,,원당1구역주택재개발정비사업조합,차환발행위험(유동성 공여형 매입약정),금융기관,신한은행
55867,리치게이트원당,KRZFA1590VG3,리치게이트원당 20260323-92-28,Y,20260323,20260623,PF대출채권,KRW,,5000000000,5000000000,62,,A1,A1,,원당1구역주택재개발정비사업조합,외부 신용보강,금융기관,신한은행
55867,리치게이트원당,KRZFA1590VG3,리치게이트원당 20260323-92-28,Y,20260323,20260623,PF대출채권,KRW,,5000000000,5000000000,62,,A1,A1,,원당1구역주택재개발정비사업조합,차환발행위험(유동성 공여형 매입약정),금융기관,신한은행
55867,리치게이트원당,KRZFA1590WG3,리치게이트원당 20260323-92-29,Y,20260323,20260623,PF대출채권,KRW,,5000000000,5000000000,62,,A1,A1,,원당1구역주택재개발정비사업조합,외부 신용보강,금융기관,신한은행
55867,리치게이트원당,KRZFA1590WG3,리치게이트원당 20260323-92-29,Y,20260323,20260623,PF대출채권,KRW,,5000000000,5000000000,62,,A1,A1,,원당1구역주택재개발정비사업조합,차환발행위험(유동성 공여형 매입약정),금융기관,신한은행
55867,리치게이트원당,KRZFA15903G3,리치게이트원당 20260323-92-3,Y,20260323,20260623,PF대출채권,KRW,,5000000000,5000000000,62,,A1,A1,,원당1구역주택재개발정비사업조합,외부 신용보강,금융기관,신한은행
55867,리치게이트원당,KRZFA15903G3,리치게이트원당 20260323-92-3,Y,20260323,20260623,PF대출채권,KRW,,5000000000,5000000000,62,,A1,A1,,원당1구역주택재개발정비사업조합,차환발행위험(유동성 공여형 매입약정),금융기관,신한은행
55867,리치게이트원당,KRZFA1590XG3,리치게이트원당 20260323-92-30,Y,20260323,20260623,PF대출채권,KRW,,5000000000,5000000000,62,,A1,A1,,원당1구역주택재개발정비사업조합,외부 신용보강,금융기관,신한은행
55867,리치게이트원당,KRZFA1590XG3,리치게이트원당 20260323-92-30,Y,20260323,20260623,PF대출채권,KRW,,5000000000,5000000000,62,,A1,A1,,원당1구역주택재개발정비사업조합,차환발행위험(유동성 공여형 매입약정),금융기관,신한은행
55867,리치게이트원당,KRZFA1590YG3,리치게이트원당 20260323-92-31,Y,20260323,20260623,PF대출채권,KRW,,5000000000,5000000000,62,,A1,A1,,원당1구역주택재개발정비사업조합,외부 신용보강,금융기관,신한은행
55867,리치게이트원당,KRZFA1590YG3,리치게이트원당 20260323-92-31,Y,20260323,20260623,PF대출채권,KRW,,5000000000,5000000000,62,,A1,A1,,원당1구역주택재개발정비사업조합,차환발행위험(유동성 공여형 매입약정),금융기관,신한은행
55867,리치게이트원당,KRZFA1590ZG3,리치게이트원당 20260323-92-32,Y,20260323,20260623,PF대출채권,KRW,,5000000000,5000000000,62,,A1,A1,,원당1구역주택재개발정비사업조합,외부 신용보강,금융기관,신한은행
55867,리치게이트원당,KRZFA1590ZG3,리치게이트원당 20260323-92-32,Y,20260323,20260623,PF대출채권,KRW,,5000000000,5000000000,62,,A1,A1,,원당1구역주택재개발정비사업조합,차환발행위험(유동성 공여형 매입약정),금융기관,신한은행
55867,리치게이트원당,KRZFA15900GF,리치게이트원당 20260323-92-33,Y,20260323,20260623,PF대출채권,KRW,,5000000000,5000000000,62,,A1,A1,,원당1구역주택재개발정비사업조합,외부 신용보강,금융기관,신한은행
55867,리치게이트원당,KRZFA15900GF,리치게이트원당 20260323-92-33,Y,20260323,20260623,PF대출채권,KRW,,5000000000,5000000000,62,,A1,A1,,원당1구역주택재개발정비사업조합,차환발행위험(유동성 공여형 매입약정),금융기관,신한은행
55867,리치게이트원당,KRZFA15901GF,리치게이트원당 20260323-92-34,Y,20260323,20260623,PF대출채권,KRW,,5000000000,5000000000,62,,A1,A1,,원당1구역주택재개발정비사업조합,외부 신용보강,금융기관,신한은행
55867,리치게이트원당,KRZFA15901GF,리치게이트원당 20260323-92-34,Y,20260323,20260623,PF대출채권,KRW,,5000000000,5000000000,62,,A1,A1,,원당1구역주택재개발정비사업조합,차환발행위험(유동성 공여형 매입약정),금융기관,신한은행
55867,리치게이트원당,KRZFA15902GF,리치게이트원당 20260323-92-35,Y,20260323,20260623,PF대출채권,KRW,,5000000000,5000000000,62,,A1,A1,,원당1구역주택재개발정비사업조합,외부 신용보강,금융기관,신한은행
55867,리치게이트원당,KRZFA15902GF,리치게이트원당 20260323-92-35,Y,20260323,20260623,PF대출채권,KRW,,5000000000,5000000000,62,,A1,A1,,원당1구역주택재개발정비사업조합,차환발행위험(유동성 공여형 매입약정),금융기관,신한은행
55867,리치게이트원당,KRZFA15903GF,리치게이트원당 20260323-92-36,Y,20260323,20260623,PF대출채권,KRW,,5000000000,5000000000,62,,A1,A1,,원당1구역주택재개발정비사업조합,외부 신용보강,금융기관,신한은행
55867,리치게이트원당,KRZFA15903GF,리치게이트원당 20260323-92-36,Y,20260323,20260623,PF대출채권,KRW,,5000000000,5000000000,62,,A1,A1,,원당1구역주택재개발정비사업조합,차환발행위험(유동성 공여형 매입약정),금융기관,신한은행
55867,리치게이트원당,KRZFA15904GF,리치게이트원당 20260323-92-37,Y,20260323,20260623,PF대출채권,KRW,,4000000000,4000000000,62,,A1,A1,,원당1구역주택재개발정비사업조합,외부 신용보강,금융기관,신한은행
55867,리치게이트원당,KRZFA15904GF,리치게이트원당 20260323-92-37,Y,20260323,20260623,PF대출채권,KRW,,4000000000,4000000000,62,,A1,A1,,원당1구역주택재개발정비사업조합,차환발행위험(유동성 공여형 매입약정),금융기관,신한은행
55867,리치게이트원당,KRZFA15904G3,리치게이트원당 20260323-92-4,Y,20260323,20260623,PF대출채권,KRW,,5000000000,5000000000,62,,A1,A1,,원당1구역주택재개발정비사업조합,외부 신용보강,금융기관,신한은행
55867,리치게이트원당,KRZFA15904G3,리치게이트원당 20260323-92-4,Y,20260323,20260623,PF대출채권,KRW,,5000000000,5000000000,62,,A1,A1,,원당1구역주택재개발정비사업조합,차환발행위험(유동성 공여형 매입약정),금융기관,신한은행
55867,리치게이트원당,KRZFA15905G3,리치게이트원당 20260323-92-5,Y,20260323,20260623,PF대출채권,KRW,,5000000000,5000000000,62,,A1,A1,,원당1구역주택재개발정비사업조합,외부 신용보강,금융기관,신한은행
55867,리치게이트원당,KRZFA15905G3,리치게이트원당 20260323-92-5,Y,20260323,20260623,PF대출채권,KRW,,5000000000,5000000000,62,,A1,A1,,원당1구역주택재개발정비사업조합,차환발행위험(유동성 공여형 매입약정),금융기관,신한은행
55867,리치게이트원당,KRZFA15906G3,리치게이트원당 20260323-92-6,Y,20260323,20260623,PF대출채권,KRW,,5000000000,5000000000,62,,A1,A1,,원당1구역주택재개발정비사업조합,외부 신용보강,금융기관,신한은행
55867,리치게이트원당,KRZFA15906G3,리치게이트원당 20260323-92-6,Y,20260323,20260623,PF대출채권,KRW,,5000000000,5000000000,62,,A1,A1,,원당1구역주택재개발정비사업조합,차환발행위험(유동성 공여형 매입약정),금융기관,신한은행
55867,리치게이트원당,KRZFA15907G3,리치게이트원당 20260323-92-7,Y,20260323,20260623,PF대출채권,KRW,,5000000000,5000000000,62,,A1,A1,,원당1구역주택재개발정비사업조합,외부 신용보강,금융기관,신한은행
55867,리치게이트원당,KRZFA15907G3,리치게이트원당 20260323-92-7,Y,20260323,20260623,PF대출채권,KRW,,5000000000,5000000000,62,,A1,A1,,원당1구역주택재개발정비사업조합,차환발행위험(유동성 공여형 매입약정),금융기관,신한은행
55867,리치게이트원당,KRZFA15908G3,리치게이트원당 20260323-92-8,Y,20260323,20260623,PF대출채권,KRW,,2600000000,2600000000,62,,A1,A1,,원당1구역주택재개발정비사업조합,외부 신용보강,금융기관,신한은행
55867,리치게이트원당,KRZFA15908G3,리치게이트원당 20260323-92-8,Y,20260323,20260623,PF대출채권,KRW,,2600000000,2600000000,62,,A1,A1,,원당1구역주택재개발정비사업조합,차환발행위험(유동성 공여형 매입약정),금융기관,신한은행
55867,리치게이트원당,KRZFA15909G3,리치게이트원당 20260323-92-9,Y,20260323,20260623,PF대출채권,KRW,,5000000000,5000000000,62,,A1,A1,,원당1구역주택재개발정비사업조합,외부 신용보강,금융기관,신한은행
55867,리치게이트원당,KRZFA15909G3,리치게이트원당 20260323-92-9,Y,20260323,20260623,PF대출채권,KRW,,5000000000,5000000000,62,,A1,A1,,원당1구역주택재개발정비사업조합,차환발행위험(유동성 공여형 매입약정),금융기관,신한은행
63974,슈프림제이십육차유동화전문,KRZFA73171G3,슈프림제이십육차유동화전문 20260323-91-1,N,20260323,20260622,매출채권,KRW,,10000000000,10000000000,61,A1,,A1,,롯데카드,외부 신용보강,금융기관,농협은행
63974,슈프림제이십육차유동화전문,KRZFA73171G3,슈프림제이십육차유동화전문 20260323-91-1,N,20260323,20260622,매출채권,KRW,,10000000000,10000000000,61,A1,,A1,,롯데카드,차환발행위험(유동성 공여형 매입약정),금융기관,농협은행
63974,슈프림제이십육차유동화전문,KRZFA7317AG3,슈프림제이십육차유동화전문 20260323-91-10,N,20260323,20260622,매출채권,KRW,,5000000000,5000000000,61,A1,,A1,,롯데카드,외부 신용보강,금융기관,농협은행
63974,슈프림제이십육차유동화전문,KRZFA7317AG3,슈프림제이십육차유동화전문 20260323-91-10,N,20260323,20260622,매출채권,KRW,,5000000000,5000000000,61,A1,,A1,,롯데카드,차환발행위험(유동성 공여형 매입약정),금융기관,농협은행
63974,슈프림제이십육차유동화전문,KRZFA7317BG3,슈프림제이십육차유동화전문 20260323-91-11,N,20260323,20260622,매출채권,KRW,,5000000000,5000000000,61,A1,,A1,,롯데카드,외부 신용보강,금융기관,농협은행
63974,슈프림제이십육차유동화전문,KRZFA7317BG3,슈프림제이십육차유동화전문 20260323-91-11,N,20260323,20260622,매출채권,KRW,,5000000000,5000000000,61,A1,,A1,,롯데카드,차환발행위험(유동성 공여형 매입약정),금융기관,농협은행
63974,슈프림제이십육차유동화전문,KRZFA7317CG3,슈프림제이십육차유동화전문 20260323-91-12,N,20260323,20260622,매출채권,KRW,,5000000000,5000000000,61,A1,,A1,,롯데카드,외부 신용보강,금융기관,농협은행
63974,슈프림제이십육차유동화전문,KRZFA7317CG3,슈프림제이십육차유동화전문 20260323-91-12,N,20260323,20260622,매출채권,KRW,,5000000000,5000000000,61,A1,,A1,,롯데카드,차환발행위험(유동성 공여형 매입약정),금융기관,농협은행
63974,슈프림제이십육차유동화전문,KRZFA7317DG3,슈프림제이십육차유동화전문 20260323-91-13,N,20260323,20260622,매출채권,KRW,,5000000000,5000000000,61,A1,,A1,,롯데카드,외부 신용보강,금융기관,농협은행
63974,슈프림제이십육차유동화전문,KRZFA7317DG3,슈프림제이십육차유동화전문 20260323-91-13,N,20260323,20260622,매출채권,KRW,,5000000000,5000000000,61,A1,,A1,,롯데카드,차환발행위험(유동성 공여형 매입약정),금융기관,농협은행
63974,슈프림제이십육차유동화전문,KRZFA7317EG3,슈프림제이십육차유동화전문 20260323-91-14,N,20260323,20260622,매출채권,KRW,,5000000000,5000000000,61,A1,,A1,,롯데카드,외부 신용보강,금융기관,농협은행
63974,슈프림제이십육차유동화전문,KRZFA7317EG3,슈프림제이십육차유동화전문 20260323-91-14,N,20260323,20260622,매출채권,KRW,,5000000000,5000000000,61,A1,,A1,,롯데카드,차환발행위험(유동성 공여형 매입약정),금융기관,농협은행
63974,슈프림제이십육차유동화전문,KRZFA7317FG3,슈프림제이십육차유동화전문 20260323-91-15,N,20260323,20260622,매출채권,KRW,,5000000000,5000000000,61,A1,,A1,,롯데카드,외부 신용보강,금융기관,농협은행
63974,슈프림제이십육차유동화전문,KRZFA7317FG3,슈프림제이십육차유동화전문 20260323-91-15,N,20260323,20260622,매출채권,KRW,,5000000000,5000000000,61,A1,,A1,,롯데카드,차환발행위험(유동성 공여형 매입약정),금융기관,농협은행
63974,슈프림제이십육차유동화전문,KRZFA7317GG3,슈프림제이십육차유동화전문 20260323-91-16,N,20260323,20260622,매출채권,KRW,,5000000000,5000000000,61,A1,,A1,,롯데카드,외부 신용보강,금융기관,농협은행
63974,슈프림제이십육차유동화전문,KRZFA7317GG3,슈프림제이십육차유동화전문 20260323-91-16,N,20260323,20260622,매출채권,KRW,,5000000000,5000000000,61,A1,,A1,,롯데카드,차환발행위험(유동성 공여형 매입약정),금융기관,농협은행
63974,슈프림제이십육차유동화전문,KRZFA73172G3,슈프림제이십육차유동화전문 20260323-91-2,N,20260323,20260622,매출채권,KRW,,10000000000,10000000000,61,A1,,A1,,롯데카드,외부 신용보강,금융기관,농협은행
63974,슈프림제이십육차유동화전문,KRZFA73172G3,슈프림제이십육차유동화전문 20260323-91-2,N,20260323,20260622,매출채권,KRW,,10000000000,10000000000,61,A1,,A1,,롯데카드,차환발행위험(유동성 공여형 매입약정),금융기관,농협은행
63974,슈프림제이십육차유동화전문,KRZFA73173G3,슈프림제이십육차유동화전문 20260323-91-3,N,20260323,20260622,매출채권,KRW,,10000000000,10000000000,61,A1,,A1,,롯데카드,외부 신용보강,금융기관,농협은행
63974,슈프림제이십육차유동화전문,KRZFA73173G3,슈프림제이십육차유동화전문 20260323-91-3,N,20260323,20260622,매출채권,KRW,,10000000000,10000000000,61,A1,,A1,,롯데카드,차환발행위험(유동성 공여형 매입약정),금융기관,농협은행
63974,슈프림제이십육차유동화전문,KRZFA73174G3,슈프림제이십육차유동화전문 20260323-91-4,N,20260323,20260622,매출채권,KRW,,10000000000,10000000000,61,A1,,A1,,롯데카드,외부 신용보강,금융기관,농협은행
63974,슈프림제이십육차유동화전문,KRZFA73174G3,슈프림제이십육차유동화전문 20260323-91-4,N,20260323,20260622,매출채권,KRW,,10000000000,10000000000,61,A1,,A1,,롯데카드,차환발행위험(유동성 공여형 매입약정),금융기관,농협은행
63974,슈프림제이십육차유동화전문,KRZFA73175G3,슈프림제이십육차유동화전문 20260323-91-5,N,20260323,20260622,매출채권,KRW,,5000000000,5000000000,61,A1,,A1,,롯데카드,외부 신용보강,금융기관,농협은행
63974,슈프림제이십육차유동화전문,KRZFA73175G3,슈프림제이십육차유동화전문 20260323-91-5,N,20260323,20260622,매출채권,KRW,,5000000000,5000000000,61,A1,,A1,,롯데카드,차환발행위험(유동성 공여형 매입약정),금융기관,농협은행
63974,슈프림제이십육차유동화전문,KRZFA73176G3,슈프림제이십육차유동화전문 20260323-91-6,N,20260323,20260622,매출채권,KRW,,5000000000,5000000000,61,A1,,A1,,롯데카드,외부 신용보강,금융기관,농협은행
63974,슈프림제이십육차유동화전문,KRZFA73176G3,슈프림제이십육차유동화전문 20260323-91-6,N,20260323,20260622,매출채권,KRW,,5000000000,5000000000,61,A1,,A1,,롯데카드,차환발행위험(유동성 공여형 매입약정),금융기관,농협은행
63974,슈프림제이십육차유동화전문,KRZFA73177G3,슈프림제이십육차유동화전문 20260323-91-7,N,20260323,20260622,매출채권,KRW,,5000000000,5000000000,61,A1,,A1,,롯데카드,외부 신용보강,금융기관,농협은행
63974,슈프림제이십육차유동화전문,KRZFA73177G3,슈프림제이십육차유동화전문 20260323-91-7,N,20260323,20260622,매출채권,KRW,,5000000000,5000000000,61,A1,,A1,,롯데카드,차환발행위험(유동성 공여형 매입약정),금융기관,농협은행
63974,슈프림제이십육차유동화전문,KRZFA73178G3,슈프림제이십육차유동화전문 20260323-91-8,N,20260323,20260622,매출채권,KRW,,5000000000,5000000000,61,A1,,A1,,롯데카드,외부 신용보강,금융기관,농협은행
63974,슈프림제이십육차유동화전문,KRZFA73178G3,슈프림제이십육차유동화전문 20260323-91-8,N,20260323,20260622,매출채권,KRW,,5000000000,5000000000,61,A1,,A1,,롯데카드,차환발행위험(유동성 공여형 매입약정),금융기관,농협은행
63974,슈프림제이십육차유동화전문,KRZFA73179G3,슈프림제이십육차유동화전문 20260323-91-9,N,20260323,20260622,매출채권,KRW,,5000000000,5000000000,61,A1,,A1,,롯데카드,외부 신용보강,금융기관,농협은행
63974,슈프림제이십육차유동화전문,KRZFA73179G3,슈프림제이십육차유동화전문 20260323-91-9,N,20260323,20260622,매출채권,KRW,,5000000000,5000000000,61,A1,,A1,,롯데카드,차환발행위험(유동성 공여형 매입약정),금융기관,농협은행
61254,에스피에스제일차,KRZFA54961G3,에스피에스제일차 20260323-64-1,Y,20260323,20260526,PF대출채권,KRW,,5000000000,5000000000,34,,A1,A1,,신한은행,외부 신용보강,금융기관,중소기업은행
61254,에스피에스제일차,KRZFA5496AG3,에스피에스제일차 20260323-64-10,Y,20260323,20260526,PF대출채권,KRW,,5000000000,5000000000,34,,A1,A1,,신한은행,외부 신용보강,금융기관,중소기업은행
61254,에스피에스제일차,KRZFA5496BG3,에스피에스제일차 20260323-64-11,Y,20260323,20260526,PF대출채권,KRW,,5000000000,5000000000,34,,A1,A1,,신한은행,외부 신용보강,금융기관,중소기업은행
61254,에스피에스제일차,KRZFA5496CG3,에스피에스제일차 20260323-64-12,Y,20260323,20260526,PF대출채권,KRW,,2500000000,2500000000,34,,A1,A1,,신한은행,외부 신용보강,금융기관,중소기업은행
61254,에스피에스제일차,KRZFA54962G3,에스피에스제일차 20260323-64-2,Y,20260323,20260526,PF대출채권,KRW,,5000000000,5000000000,34,,A1,A1,,신한은행,외부 신용보강,금융기관,중소기업은행
61254,에스피에스제일차,KRZFA54963G3,에스피에스제일차 20260323-64-3,Y,20260323,20260526,PF대출채권,KRW,,5000000000,5000000000,34,,A1,A1,,신한은행,외부 신용보강,금융기관,중소기업은행
61254,에스피에스제일차,KRZFA54964G3,에스피에스제일차 20260323-64-4,Y,20260323,20260526,PF대출채권,KRW,,5000000000,5000000000,34,,A1,A1,,신한은행,외부 신용보강,금융기관,중소기업은행
61254,에스피에스제일차,KRZFA54965G3,에스피에스제일차 20260323-64-5,Y,20260323,20260526,PF대출채권,KRW,,5000000000,5000000000,34,,A1,A1,,신한은행,외부 신용보강,금융기관,중소기업은행
61254,에스피에스제일차,KRZFA54966G3,에스피에스제일차 20260323-64-6,Y,20260323,20260526,PF대출채권,KRW,,5000000000,5000000000,34,,A1,A1,,신한은행,외부 신용보강,금융기관,중소기업은행
61254,에스피에스제일차,KRZFA54967G3,에스피에스제일차 20260323-64-7,Y,20260323,20260526,PF대출채권,KRW,,5000000000,5000000000,34,,A1,A1,,신한은행,외부 신용보강,금융기관,중소기업은행
61254,에스피에스제일차,KRZFA54968G3,에스피에스제일차 20260323-64-8,Y,20260323,20260526,PF대출채권,KRW,,5000000000,5000000000,34,,A1,A1,,신한은행,외부 신용보강,금융기관,중소기업은행
61254,에스피에스제일차,KRZFA54969G3,에스피에스제일차 20260323-64-9,Y,20260323,20260526,PF대출채권,KRW,,5000000000,5000000000,34,,A1,A1,,신한은행,외부 신용보강,금융기관,중소기업은행
62307,에이치세븐제일차,KRZFA62421G3,에이치세븐제일차 20260323-92-1,N,20260323,20260623,회사채,KRW,,5000000000,5000000000,62,A1,A1,,,코리아세븐,외부 신용보강,금융기관,하나은행
62307,에이치세븐제일차,KRZFA62422G3,에이치세븐제일차 20260323-92-2,N,20260323,20260623,회사채,KRW,,5000000000,5000000000,62,A1,A1,,,코리아세븐,외부 신용보강,금융기관,하나은행
62307,에이치세븐제일차,KRZFA62423G3,에이치세븐제일차 20260323-92-3,N,20260323,20260623,회사채,KRW,,5000000000,5000000000,62,A1,A1,,,코리아세븐,외부 신용보강,금융기관,하나은행
62307,에이치세븐제일차,KRZFA62424G3,에이치세븐제일차 20260323-92-4,N,20260323,20260623,회사채,KRW,,5000000000,5000000000,62,A1,A1,,,코리아세븐,외부 신용보강,금융기관,하나은행
62307,에이치세븐제일차,KRZFA62425G3,에이치세븐제일차 20260323-92-5,N,20260323,20260623,회사채,KRW,,5000000000,5000000000,62,A1,A1,,,코리아세븐,외부 신용보강,금융기관,하나은행
62307,에이치세븐제일차,KRZFA62426G3,에이치세븐제일차 20260323-92-6,N,20260323,20260623,회사채,KRW,,5000000000,5000000000,62,A1,A1,,,코리아세븐,외부 신용보강,금융기관,하나은행
70540,엔에이치에이치알제일차,KRZF0077F1G3,엔에이치에이치알제일차 20260323-92-1,N,20260323,20260623,대출채권,KRW,,5000000000,5000000000,62,A1,A1,,,한화호텔앤드리조트,외부 신용보강,금융기관,농협은행
70540,엔에이치에이치알제일차,KRZF0077F1G3,엔에이치에이치알제일차 20260323-92-1,N,20260323,20260623,대출채권,KRW,,5000000000,5000000000,62,A1,A1,,,한화호텔앤드리조트,차환발행위험(유동성 공여형 매입약정),금융기관,농협은행
70540,엔에이치에이치알제일차,KRZF0077F1G3,엔에이치에이치알제일차 20260323-92-1,N,20260323,20260623,대출채권,KRW,,5000000000,5000000000,62,A1,A1,,,한화호텔앤드리조트,금리변동/환율변동,금융기관,농협은행
70540,엔에이치에이치알제일차,KRZF0077F2G3,엔에이치에이치알제일차 20260323-92-2,N,20260323,20260623,대출채권,KRW,,5000000000,5000000000,62,A1,A1,,,한화호텔앤드리조트,외부 신용보강,금융기관,농협은행
70540,엔에이치에이치알제일차,KRZF0077F2G3,엔에이치에이치알제일차 20260323-92-2,N,20260323,20260623,대출채권,KRW,,5000000000,5000000000,62,A1,A1,,,한화호텔앤드리조트,차환발행위험(유동성 공여형 매입약정),금융기관,농협은행
70540,엔에이치에이치알제일차,KRZF0077F2G3,엔에이치에이치알제일차 20260323-92-2,N,20260323,20260623,대출채권,KRW,,5000000000,5000000000,62,A1,A1,,,한화호텔앤드리조트,금리변동/환율변동,금융기관,농협은행
70540,엔에이치에이치알제일차,KRZF0077F3G3,엔에이치에이치알제일차 20260323-92-3,N,20260323,20260623,대출채권,KRW,,5000000000,5000000000,62,A1,A1,,,한화호텔앤드리조트,외부 신용보강,금융기관,농협은행
70540,엔에이치에이치알제일차,KRZF0077F3G3,엔에이치에이치알제일차 20260323-92-3,N,20260323,20260623,대출채권,KRW,,5000000000,5000000000,62,A1,A1,,,한화호텔앤드리조트,차환발행위험(유동성 공여형 매입약정),금융기관,농협은행
70540,엔에이치에이치알제일차,KRZF0077F3G3,엔에이치에이치알제일차 20260323-92-3,N,20260323,20260623,대출채권,KRW,,5000000000,5000000000,62,A1,A1,,,한화호텔앤드리조트,금리변동/환율변동,금융기관,농협은행
70540,엔에이치에이치알제일차,KRZF0077F4G3,엔에이치에이치알제일차 20260323-92-4,N,20260323,20260623,대출채권,KRW,,5000000000,5000000000,62,A1,A1,,,한화호텔앤드리조트,외부 신용보강,금융기관,농협은행
70540,엔에이치에이치알제일차,KRZF0077F4G3,엔에이치에이치알제일차 20260323-92-4,N,20260323,20260623,대출채권,KRW,,5000000000,5000000000,62,A1,A1,,,한화호텔앤드리조트,차환발행위험(유동성 공여형 매입약정),금융기관,농협은행
70540,엔에이치에이치알제일차,KRZF0077F4G3,엔에이치에이치알제일차 20260323-92-4,N,20260323,20260623,대출채권,KRW,,5000000000,5000000000,62,A1,A1,,,한화호텔앤드리조트,금리변동/환율변동,금융기관,농협은행
70540,엔에이치에이치알제일차,KRZF0077F5G3,엔에이치에이치알제일차 20260323-92-5,N,20260323,20260623,대출채권,KRW,,5000000000,5000000000,62,A1,A1,,,한화호텔앤드리조트,외부 신용보강,금융기관,농협은행
70540,엔에이치에이치알제일차,KRZF0077F5G3,엔에이치에이치알제일차 20260323-92-5,N,20260323,20260623,대출채권,KRW,,5000000000,5000000000,62,A1,A1,,,한화호텔앤드리조트,차환발행위험(유동성 공여형 매입약정),금융기관,농협은행
70540,엔에이치에이치알제일차,KRZF0077F5G3,엔에이치에이치알제일차 20260323-92-5,N,20260323,20260623,대출채권,KRW,,5000000000,5000000000,62,A1,A1,,,한화호텔앤드리조트,금리변동/환율변동,금융기관,농협은행
70540,엔에이치에이치알제일차,KRZF0077F6G3,엔에이치에이치알제일차 20260323-92-6,N,20260323,20260623,대출채권,KRW,,100000000,100000000,62,A1,A1,,,한화호텔앤드리조트,외부 신용보강,금융기관,농협은행
70540,엔에이치에이치알제일차,KRZF0077F6G3,엔에이치에이치알제일차 20260323-92-6,N,20260323,20260623,대출채권,KRW,,100000000,100000000,62,A1,A1,,,한화호텔앤드리조트,차환발행위험(유동성 공여형 매입약정),금융기관,농협은행
70540,엔에이치에이치알제일차,KRZF0077F6G3,엔에이치에이치알제일차 20260323-92-6,N,20260323,20260623,대출채권,KRW,,100000000,100000000,62,A1,A1,,,한화호텔앤드리조트,금리변동/환율변동,금융기관,농협은행
71853,우리소노제일차,KRZF0113Z1G3,우리소노제일차 20260323-92-1,N,20260323,20260623,회사채,KRW,,5000000000,5000000000,62,A1,A1,,,(주)소노인터내셔널,차환발행위험(유동성 공여형 매입약정),금융기관,우리은행
71853,우리소노제일차,KRZF0113Z1G3,우리소노제일차 20260323-92-1,N,20260323,20260623,회사채,KRW,,5000000000,5000000000,62,A1,A1,,,(주)소노인터내셔널,금리변동/환율변동,금융기관,우리은행
71853,우리소노제일차,KRZF0113Z2G3,우리소노제일차 20260323-92-2,N,20260323,20260623,회사채,KRW,,5000000000,5000000000,62,A1,A1,,,(주)소노인터내셔널,차환발행위험(유동성 공여형 매입약정),금융기관,우리은행
71853,우리소노제일차,KRZF0113Z2G3,우리소노제일차 20260323-92-2,N,20260323,20260623,회사채,KRW,,5000000000,5000000000,62,A1,A1,,,(주)소노인터내셔널,금리변동/환율변동,금융기관,우리은행
71853,우리소노제일차,KRZF0113Z3G3,우리소노제일차 20260323-92-3,N,20260323,20260623,회사채,KRW,,5000000000,5000000000,62,A1,A1,,,(주)소노인터내셔널,차환발행위험(유동성 공여형 매입약정),금융기관,우리은행
71853,우리소노제일차,KRZF0113Z3G3,우리소노제일차 20260323-92-3,N,20260323,20260623,회사채,KRW,,5000000000,5000000000,62,A1,A1,,,(주)소노인터내셔널,금리변동/환율변동,금융기관,우리은행
71853,우리소노제일차,KRZF0113Z4G3,우리소노제일차 20260323-92-4,N,20260323,20260623,회사채,KRW,,5000000000,5000000000,62,A1,A1,,,(주)소노인터내셔널,차환발행위험(유동성 공여형 매입약정),금융기관,우리은행
71853,우리소노제일차,KRZF0113Z4G3,우리소노제일차 20260323-92-4,N,20260323,20260623,회사채,KRW,,5000000000,5000000000,62,A1,A1,,,(주)소노인터내셔널,금리변동/환율변동,금융기관,우리은행
71853,우리소노제일차,KRZF0113Z5G3,우리소노제일차 20260323-92-5,N,20260323,20260623,회사채,KRW,,5000000000,5000000000,62,A1,A1,,,(주)소노인터내셔널,차환발행위험(유동성 공여형 매입약정),금융기관,우리은행
71853,우리소노제일차,KRZF0113Z5G3,우리소노제일차 20260323-92-5,N,20260323,20260623,회사채,KRW,,5000000000,5000000000,62,A1,A1,,,(주)소노인터내셔널,금리변동/환율변동,금융기관,우리은행
71853,우리소노제일차,KRZF0113Z6G3,우리소노제일차 20260323-92-6,N,20260323,20260623,회사채,KRW,,5000000000,5000000000,62,A1,A1,,,(주)소노인터내셔널,차환발행위험(유동성 공여형 매입약정),금융기관,우리은행
71853,우리소노제일차,KRZF0113Z6G3,우리소노제일차 20260323-92-6,N,20260323,20260623,회사채,KRW,,5000000000,5000000000,62,A1,A1,,,(주)소노인터내셔널,금리변동/환율변동,금융기관,우리은행
67181,우리케이제일차,KRZF308181G3,우리케이제일차 20260323-92-1,N,20260323,20260623,대출채권,KRW,,5000000000,5000000000,62,A1,,A1,,코오롱인더스트리,외부 신용보강,금융기관,우리은행
67181,우리케이제일차,KRZF308181G3,우리케이제일차 20260323-92-1,N,20260323,20260623,대출채권,KRW,,5000000000,5000000000,62,A1,,A1,,코오롱인더스트리,금리변동/환율변동,금융기관,우리은행
67181,우리케이제일차,KRZF30818AG3,우리케이제일차 20260323-92-10,N,20260323,20260623,대출채권,KRW,,5000000000,5000000000,62,A1,,A1,,코오롱인더스트리,외부 신용보강,금융기관,우리은행
67181,우리케이제일차,KRZF30818AG3,우리케이제일차 20260323-92-10,N,20260323,20260623,대출채권,KRW,,5000000000,5000000000,62,A1,,A1,,코오롱인더스트리,금리변동/환율변동,금융기관,우리은행
67181,우리케이제일차,KRZF308182G3,우리케이제일차 20260323-92-2,N,20260323,20260623,대출채권,KRW,,5000000000,5000000000,62,A1,,A1,,코오롱인더스트리,외부 신용보강,금융기관,우리은행
67181,우리케이제일차,KRZF308182G3,우리케이제일차 20260323-92-2,N,20260323,20260623,대출채권,KRW,,5000000000,5000000000,62,A1,,A1,,코오롱인더스트리,금리변동/환율변동,금융기관,우리은행
67181,우리케이제일차,KRZF308183G3,우리케이제일차 20260323-92-3,N,20260323,20260623,대출채권,KRW,,5000000000,5000000000,62,A1,,A1,,코오롱인더스트리,외부 신용보강,금융기관,우리은행
67181,우리케이제일차,KRZF308183G3,우리케이제일차 20260323-92-3,N,20260323,20260623,대출채권,KRW,,5000000000,5000000000,62,A1,,A1,,코오롱인더스트리,금리변동/환율변동,금융기관,우리은행
67181,우리케이제일차,KRZF308184G3,우리케이제일차 20260323-92-4,N,20260323,20260623,대출채권,KRW,,5000000000,5000000000,62,A1,,A1,,코오롱인더스트리,외부 신용보강,금융기관,우리은행
67181,우리케이제일차,KRZF308184G3,우리케이제일차 20260323-92-4,N,20260323,20260623,대출채권,KRW,,5000000000,5000000000,62,A1,,A1,,코오롱인더스트리,금리변동/환율변동,금융기관,우리은행
67181,우리케이제일차,KRZF308185G3,우리케이제일차 20260323-92-5,N,20260323,20260623,대출채권,KRW,,5000000000,5000000000,62,A1,,A1,,코오롱인더스트리,외부 신용보강,금융기관,우리은행
67181,우리케이제일차,KRZF308185G3,우리케이제일차 20260323-92-5,N,20260323,20260623,대출채권,KRW,,5000000000,5000000000,62,A1,,A1,,코오롱인더스트리,금리변동/환율변동,금융기관,우리은행
67181,우리케이제일차,KRZF308186G3,우리케이제일차 20260323-92-6,N,20260323,20260623,대출채권,KRW,,5000000000,5000000000,62,A1,,A1,,코오롱인더스트리,외부 신용보강,금융기관,우리은행
67181,우리케이제일차,KRZF308186G3,우리케이제일차 20260323-92-6,N,20260323,20260623,대출채권,KRW,,5000000000,5000000000,62,A1,,A1,,코오롱인더스트리,금리변동/환율변동,금융기관,우리은행
67181,우리케이제일차,KRZF308187G3,우리케이제일차 20260323-92-7,N,20260323,20260623,대출채권,KRW,,5000000000,5000000000,62,A1,,A1,,코오롱인더스트리,외부 신용보강,금융기관,우리은행
67181,우리케이제일차,KRZF308187G3,우리케이제일차 20260323-92-7,N,20260323,20260623,대출채권,KRW,,5000000000,5000000000,62,A1,,A1,,코오롱인더스트리,금리변동/환율변동,금융기관,우리은행
67181,우리케이제일차,KRZF308188G3,우리케이제일차 20260323-92-8,N,20260323,20260623,대출채권,KRW,,5000000000,5000000000,62,A1,,A1,,코오롱인더스트리,외부 신용보강,금융기관,우리은행
67181,우리케이제일차,KRZF308188G3,우리케이제일차 20260323-92-8,N,20260323,20260623,대출채권,KRW,,5000000000,5000000000,62,A1,,A1,,코오롱인더스트리,금리변동/환율변동,금융기관,우리은행
67181,우리케이제일차,KRZF308189G3,우리케이제일차 20260323-92-9,N,20260323,20260623,대출채권,KRW,,5000000000,5000000000,62,A1,,A1,,코오롱인더스트리,외부 신용보강,금융기관,우리은행
67181,우리케이제일차,KRZF308189G3,우리케이제일차 20260323-92-9,N,20260323,20260623,대출채권,KRW,,5000000000,5000000000,62,A1,,A1,,코오롱인더스트리,금리변동/환율변동,금융기관,우리은행
71834,우리테크원제이차,KRZF0113L1G3,우리테크원제이차 20260323-92-1,N,20260323,20260623,대출채권,KRW,,5000000000,5000000000,62,,A1,A1,,테크원제일차(주),차환발행위험(유동성 공여형 매입약정),금융기관,우리은행
71834,우리테크원제이차,KRZF0113L1G3,우리테크원제이차 20260323-92-1,N,20260323,20260623,대출채권,KRW,,5000000000,5000000000,62,,A1,A1,,테크원제일차(주),금리변동/환율변동,금융기관,우리은행
71834,우리테크원제이차,KRZF0113LAG3,우리테크원제이차 20260323-92-10,N,20260323,20260623,대출채권,KRW,,5000000000,5000000000,62,,A1,A1,,테크원제일차(주),차환발행위험(유동성 공여형 매입약정),금융기관,우리은행
71834,우리테크원제이차,KRZF0113LAG3,우리테크원제이차 20260323-92-10,N,20260323,20260623,대출채권,KRW,,5000000000,5000000000,62,,A1,A1,,테크원제일차(주),금리변동/환율변동,금융기관,우리은행
71834,우리테크원제이차,KRZF0113LBG3,우리테크원제이차 20260323-92-11,N,20260323,20260623,대출채권,KRW,,5000000000,5000000000,62,,A1,A1,,테크원제일차(주),차환발행위험(유동성 공여형 매입약정),금융기관,우리은행
71834,우리테크원제이차,KRZF0113LBG3,우리테크원제이차 20260323-92-11,N,20260323,20260623,대출채권,KRW,,5000000000,5000000000,62,,A1,A1,,테크원제일차(주),금리변동/환율변동,금융기관,우리은행
71834,우리테크원제이차,KRZF0113LCG3,우리테크원제이차 20260323-92-12,N,20260323,20260623,대출채권,KRW,,5000000000,5000000000,62,,A1,A1,,테크원제일차(주),차환발행위험(유동성 공여형 매입약정),금융기관,우리은행
71834,우리테크원제이차,KRZF0113LCG3,우리테크원제이차 20260323-92-12,N,20260323,20260623,대출채권,KRW,,5000000000,5000000000,62,,A1,A1,,테크원제일차(주),금리변동/환율변동,금융기관,우리은행
71834,우리테크원제이차,KRZF0113LDG3,우리테크원제이차 20260323-92-13,N,20260323,20260623,대출채권,KRW,,4000000000,4000000000,62,,A1,A1,,테크원제일차(주),차환발행위험(유동성 공여형 매입약정),금융기관,우리은행
71834,우리테크원제이차,KRZF0113LDG3,우리테크원제이차 20260323-92-13,N,20260323,20260623,대출채권,KRW,,4000000000,4000000000,62,,A1,A1,,테크원제일차(주),금리변동/환율변동,금융기관,우리은행
71834,우리테크원제이차,KRZF0113L2G3,우리테크원제이차 20260323-92-2,N,20260323,20260623,대출채권,KRW,,5000000000,5000000000,62,,A1,A1,,테크원제일차(주),차환발행위험(유동성 공여형 매입약정),금융기관,우리은행
71834,우리테크원제이차,KRZF0113L2G3,우리테크원제이차 20260323-92-2,N,20260323,20260623,대출채권,KRW,,5000000000,5000000000,62,,A1,A1,,테크원제일차(주),금리변동/환율변동,금융기관,우리은행
71834,우리테크원제이차,KRZF0113L3G3,우리테크원제이차 20260323-92-3,N,20260323,20260623,대출채권,KRW,,5000000000,5000000000,62,,A1,A1,,테크원제일차(주),차환발행위험(유동성 공여형 매입약정),금융기관,우리은행
71834,우리테크원제이차,KRZF0113L3G3,우리테크원제이차 20260323-92-3,N,20260323,20260623,대출채권,KRW,,5000000000,5000000000,62,,A1,A1,,테크원제일차(주),금리변동/환율변동,금융기관,우리은행
71834,우리테크원제이차,KRZF0113L4G3,우리테크원제이차 20260323-92-4,N,20260323,20260623,대출채권,KRW,,5000000000,5000000000,62,,A1,A1,,테크원제일차(주),차환발행위험(유동성 공여형 매입약정),금융기관,우리은행
71834,우리테크원제이차,KRZF0113L4G3,우리테크원제이차 20260323-92-4,N,20260323,20260623,대출채권,KRW,,5000000000,5000000000,62,,A1,A1,,테크원제일차(주),금리변동/환율변동,금융기관,우리은행
71834,우리테크원제이차,KRZF0113L5G3,우리테크원제이차 20260323-92-5,N,20260323,20260623,대출채권,KRW,,5000000000,5000000000,62,,A1,A1,,테크원제일차(주),차환발행위험(유동성 공여형 매입약정),금융기관,우리은행
71834,우리테크원제이차,KRZF0113L5G3,우리테크원제이차 20260323-92-5,N,20260323,20260623,대출채권,KRW,,5000000000,5000000000,62,,A1,A1,,테크원제일차(주),금리변동/환율변동,금융기관,우리은행
71834,우리테크원제이차,KRZF0113L6G3,우리테크원제이차 20260323-92-6,N,20260323,20260623,대출채권,KRW,,5000000000,5000000000,62,,A1,A1,,테크원제일차(주),차환발행위험(유동성 공여형 매입약정),금융기관,우리은행
71834,우리테크원제이차,KRZF0113L6G3,우리테크원제이차 20260323-92-6,N,20260323,20260623,대출채권,KRW,,5000000000,5000000000,62,,A1,A1,,테크원제일차(주),금리변동/환율변동,금융기관,우리은행
71834,우리테크원제이차,KRZF0113L7G3,우리테크원제이차 20260323-92-7,N,20260323,20260623,대출채권,KRW,,5000000000,5000000000,62,,A1,A1,,테크원제일차(주),차환발행위험(유동성 공여형 매입약정),금융기관,우리은행
71834,우리테크원제이차,KRZF0113L7G3,우리테크원제이차 20260323-92-7,N,20260323,20260623,대출채권,KRW,,5000000000,5000000000,62,,A1,A1,,테크원제일차(주),금리변동/환율변동,금융기관,우리은행
71834,우리테크원제이차,KRZF0113L8G3,우리테크원제이차 20260323-92-8,N,20260323,20260623,대출채권,KRW,,5000000000,5000000000,62,,A1,A1,,테크원제일차(주),차환발행위험(유동성 공여형 매입약정),금융기관,우리은행
71834,우리테크원제이차,KRZF0113L8G3,우리테크원제이차 20260323-92-8,N,20260323,20260623,대출채권,KRW,,5000000000,5000000000,62,,A1,A1,,테크원제일차(주),금리변동/환율변동,금융기관,우리은행
71834,우리테크원제이차,KRZF0113L9G3,우리테크원제이차 20260323-92-9,N,20260323,20260623,대출채권,KRW,,5000000000,5000000000,62,,A1,A1,,테크원제일차(주),차환발행위험(유동성 공여형 매입약정),금융기관,우리은행
71834,우리테크원제이차,KRZF0113L9G3,우리테크원제이차 20260323-92-9,N,20260323,20260623,대출채권,KRW,,5000000000,5000000000,62,,A1,A1,,테크원제일차(주),금리변동/환율변동,금융기관,우리은행
62297,케이디비이에스지제칠차,KRZFA60991G3,케이디비이에스지제칠차 20260323-91-1,N,20260323,20260622,회사채,KRW,,5000000000,5000000000,61,A1,A1,,,서원,외부 신용보강,금융기관,한국산업은행
62297,케이디비이에스지제칠차,KRZFA60991G3,케이디비이에스지제칠차 20260323-91-1,N,20260323,20260622,회사채,KRW,,5000000000,5000000000,61,A1,A1,,,한국렌탈,외부 신용보강,금융기관,한국산업은행
62297,케이디비이에스지제칠차,KRZFA60991G3,케이디비이에스지제칠차 20260323-91-1,N,20260323,20260622,회사채,KRW,,5000000000,5000000000,61,A1,A1,,,스파클,외부 신용보강,금융기관,한국산업은행
62297,케이디비이에스지제칠차,KRZFA6099AG3,케이디비이에스지제칠차 20260323-91-10,N,20260323,20260622,회사채,KRW,,5000000000,5000000000,61,A1,A1,,,서원,외부 신용보강,금융기관,한국산업은행
62297,케이디비이에스지제칠차,KRZFA6099AG3,케이디비이에스지제칠차 20260323-91-10,N,20260323,20260622,회사채,KRW,,5000000000,5000000000,61,A1,A1,,,한국렌탈,외부 신용보강,금융기관,한국산업은행
62297,케이디비이에스지제칠차,KRZFA6099AG3,케이디비이에스지제칠차 20260323-91-10,N,20260323,20260622,회사채,KRW,,5000000000,5000000000,61,A1,A1,,,스파클,외부 신용보강,금융기관,한국산업은행
62297,케이디비이에스지제칠차,KRZFA60992G3,케이디비이에스지제칠차 20260323-91-2,N,20260323,20260622,회사채,KRW,,5000000000,5000000000,61,A1,A1,,,서원,외부 신용보강,금융기관,한국산업은행
62297,케이디비이에스지제칠차,KRZFA60992G3,케이디비이에스지제칠차 20260323-91-2,N,20260323,20260622,회사채,KRW,,5000000000,5000000000,61,A1,A1,,,한국렌탈,외부 신용보강,금융기관,한국산업은행
62297,케이디비이에스지제칠차,KRZFA60992G3,케이디비이에스지제칠차 20260323-91-2,N,20260323,20260622,회사채,KRW,,5000000000,5000000000,61,A1,A1,,,스파클,외부 신용보강,금융기관,한국산업은행
62297,케이디비이에스지제칠차,KRZFA60993G3,케이디비이에스지제칠차 20260323-91-3,N,20260323,20260622,회사채,KRW,,5000000000,5000000000,61,A1,A1,,,서원,외부 신용보강,금융기관,한국산업은행
62297,케이디비이에스지제칠차,KRZFA60993G3,케이디비이에스지제칠차 20260323-91-3,N,20260323,20260622,회사채,KRW,,5000000000,5000000000,61,A1,A1,,,한국렌탈,외부 신용보강,금융기관,한국산업은행
62297,케이디비이에스지제칠차,KRZFA60993G3,케이디비이에스지제칠차 20260323-91-3,N,20260323,20260622,회사채,KRW,,5000000000,5000000000,61,A1,A1,,,스파클,외부 신용보강,금융기관,한국산업은행
62297,케이디비이에스지제칠차,KRZFA60994G3,케이디비이에스지제칠차 20260323-91-4,N,20260323,20260622,회사채,KRW,,5000000000,5000000000,61,A1,A1,,,서원,외부 신용보강,금융기관,한국산업은행
62297,케이디비이에스지제칠차,KRZFA60994G3,케이디비이에스지제칠차 20260323-91-4,N,20260323,20260622,회사채,KRW,,5000000000,5000000000,61,A1,A1,,,한국렌탈,외부 신용보강,금융기관,한국산업은행
62297,케이디비이에스지제칠차,KRZFA60994G3,케이디비이에스지제칠차 20260323-91-4,N,20260323,20260622,회사채,KRW,,5000000000,5000000000,61,A1,A1,,,스파클,외부 신용보강,금융기관,한국산업은행
62297,케이디비이에스지제칠차,KRZFA60995G3,케이디비이에스지제칠차 20260323-91-5,N,20260323,20260622,회사채,KRW,,5000000000,5000000000,61,A1,A1,,,서원,외부 신용보강,금융기관,한국산업은행
62297,케이디비이에스지제칠차,KRZFA60995G3,케이디비이에스지제칠차 20260323-91-5,N,20260323,20260622,회사채,KRW,,5000000000,5000000000,61,A1,A1,,,한국렌탈,외부 신용보강,금융기관,한국산업은행
62297,케이디비이에스지제칠차,KRZFA60995G3,케이디비이에스지제칠차 20260323-91-5,N,20260323,20260622,회사채,KRW,,5000000000,5000000000,61,A1,A1,,,스파클,외부 신용보강,금융기관,한국산업은행
62297,케이디비이에스지제칠차,KRZFA60996G3,케이디비이에스지제칠차 20260323-91-6,N,20260323,20260622,회사채,KRW,,4500000000,4500000000,61,A1,A1,,,서원,외부 신용보강,금융기관,한국산업은행
62297,케이디비이에스지제칠차,KRZFA60996G3,케이디비이에스지제칠차 20260323-91-6,N,20260323,20260622,회사채,KRW,,4500000000,4500000000,61,A1,A1,,,한국렌탈,외부 신용보강,금융기관,한국산업은행
62297,케이디비이에스지제칠차,KRZFA60996G3,케이디비이에스지제칠차 20260323-91-6,N,20260323,20260622,회사채,KRW,,4500000000,4500000000,61,A1,A1,,,스파클,외부 신용보강,금융기관,한국산업은행
62297,케이디비이에스지제칠차,KRZFA60997G3,케이디비이에스지제칠차 20260323-91-7,N,20260323,20260622,회사채,KRW,,5000000000,5000000000,61,A1,A1,,,서원,외부 신용보강,금융기관,한국산업은행
62297,케이디비이에스지제칠차,KRZFA60997G3,케이디비이에스지제칠차 20260323-91-7,N,20260323,20260622,회사채,KRW,,5000000000,5000000000,61,A1,A1,,,한국렌탈,외부 신용보강,금융기관,한국산업은행
62297,케이디비이에스지제칠차,KRZFA60997G3,케이디비이에스지제칠차 20260323-91-7,N,20260323,20260622,회사채,KRW,,5000000000,5000000000,61,A1,A1,,,스파클,외부 신용보강,금융기관,한국산업은행
62297,케이디비이에스지제칠차,KRZFA60998G3,케이디비이에스지제칠차 20260323-91-8,N,20260323,20260622,회사채,KRW,,5000000000,5000000000,61,A1,A1,,,서원,외부 신용보강,금융기관,한국산업은행
62297,케이디비이에스지제칠차,KRZFA60998G3,케이디비이에스지제칠차 20260323-91-8,N,20260323,20260622,회사채,KRW,,5000000000,5000000000,61,A1,A1,,,한국렌탈,외부 신용보강,금융기관,한국산업은행
62297,케이디비이에스지제칠차,KRZFA60998G3,케이디비이에스지제칠차 20260323-91-8,N,20260323,20260622,회사채,KRW,,5000000000,5000000000,61,A1,A1,,,스파클,외부 신용보강,금융기관,한국산업은행
62297,케이디비이에스지제칠차,KRZFA60999G3,케이디비이에스지제칠차 20260323-91-9,N,20260323,20260622,회사채,KRW,,5000000000,5000000000,61,A1,A1,,,서원,외부 신용보강,금융기관,한국산업은행
62297,케이디비이에스지제칠차,KRZFA60999G3,케이디비이에스지제칠차 20260323-91-9,N,20260323,20260622,회사채,KRW,,5000000000,5000000000,61,A1,A1,,,한국렌탈,외부 신용보강,금융기관,한국산업은행
62297,케이디비이에스지제칠차,KRZFA60999G3,케이디비이에스지제칠차 20260323-91-9,N,20260323,20260622,회사채,KRW,,5000000000,5000000000,61,A1,A1,,,스파클,외부 신용보강,금융기관,한국산업은행
73168,케이비개포오단지제일차,KRZF0151R1G3,케이비개포오단지제일차 20260323-31-1,Y,20260323,20260423,PF대출채권,KRW,,10000000000,10000000000,1,A1,,A1,,개포주공5단지아파트 재건축정비사업조합,차환발행위험(유동성 공여형 매입약정),공공기관,주택도시보증공사
73168,케이비개포오단지제일차,KRZF0151R1G3,케이비개포오단지제일차 20260323-31-1,Y,20260323,20260423,PF대출채권,KRW,,10000000000,10000000000,1,A1,,A1,,개포주공5단지아파트 재건축정비사업조합,차환발행위험(유동성 공여형 매입약정),금융기관,국민은행
73168,케이비개포오단지제일차,KRZF0151R2G3,케이비개포오단지제일차 20260323-31-2,Y,20260323,20260423,PF대출채권,KRW,,10000000000,10000000000,1,A1,,A1,,개포주공5단지아파트 재건축정비사업조합,차환발행위험(유동성 공여형 매입약정),공공기관,주택도시보증공사
73168,케이비개포오단지제일차,KRZF0151R2G3,케이비개포오단지제일차 20260323-31-2,Y,20260323,20260423,PF대출채권,KRW,,10000000000,10000000000,1,A1,,A1,,개포주공5단지아파트 재건축정비사업조합,차환발행위험(유동성 공여형 매입약정),금융기관,국민은행
73168,케이비개포오단지제일차,KRZF0151R3G3,케이비개포오단지제일차 20260323-31-3,Y,20260323,20260423,PF대출채권,KRW,,10000000000,10000000000,1,A1,,A1,,개포주공5단지아파트 재건축정비사업조합,차환발행위험(유동성 공여형 매입약정),공공기관,주택도시보증공사
73168,케이비개포오단지제일차,KRZF0151R3G3,케이비개포오단지제일차 20260323-31-3,Y,20260323,20260423,PF대출채권,KRW,,10000000000,10000000000,1,A1,,A1,,개포주공5단지아파트 재건축정비사업조합,차환발행위험(유동성 공여형 매입약정),금융기관,국민은행
73168,케이비개포오단지제일차,KRZF0151R4G3,케이비개포오단지제일차 20260323-31-4,Y,20260323,20260423,PF대출채권,KRW,,5000000000,5000000000,1,A1,,A1,,개포주공5단지아파트 재건축정비사업조합,차환발행위험(유동성 공여형 매입약정),공공기관,주택도시보증공사
73168,케이비개포오단지제일차,KRZF0151R4G3,케이비개포오단지제일차 20260323-31-4,Y,20260323,20260423,PF대출채권,KRW,,5000000000,5000000000,1,A1,,A1,,개포주공5단지아파트 재건축정비사업조합,차환발행위험(유동성 공여형 매입약정),금융기관,국민은행
73168,케이비개포오단지제일차,KRZF0151R5G3,케이비개포오단지제일차 20260323-31-5,Y,20260323,20260423,PF대출채권,KRW,,1700000000,1700000000,1,A1,,A1,,개포주공5단지아파트 재건축정비사업조합,차환발행위험(유동성 공여형 매입약정),공공기관,주택도시보증공사
73168,케이비개포오단지제일차,KRZF0151R5G3,케이비개포오단지제일차 20260323-31-5,Y,20260323,20260423,PF대출채권,KRW,,1700000000,1700000000,1,A1,,A1,,개포주공5단지아파트 재건축정비사업조합,차환발행위험(유동성 공여형 매입약정),금융기관,국민은행
74208,케이비도마제일차,KRZF0173T1G3,케이비도마제일차 20260323-92-1,Y,20260323,20260623,PF대출채권,KRW,,10000000000,10000000000,62,,A1,A1,,도마변동1재정비촉진구역주택재개발정비사업조합,차환발행위험(유동성 공여형 매입약정),금융기관,국민은행
74208,케이비도마제일차,KRZF0173T2G3,케이비도마제일차 20260323-92-2,Y,20260323,20260623,PF대출채권,KRW,,10000000000,10000000000,62,,A1,A1,,도마변동1재정비촉진구역주택재개발정비사업조합,차환발행위험(유동성 공여형 매입약정),금융기관,국민은행
74208,케이비도마제일차,KRZF0173T3G3,케이비도마제일차 20260323-92-3,Y,20260323,20260623,PF대출채권,KRW,,5000000000,5000000000,62,,A1,A1,,도마변동1재정비촉진구역주택재개발정비사업조합,차환발행위험(유동성 공여형 매입약정),금융기관,국민은행
74208,케이비도마제일차,KRZF0173T4G3,케이비도마제일차 20260323-92-4,Y,20260323,20260623,PF대출채권,KRW,,5000000000,5000000000,62,,A1,A1,,도마변동1재정비촉진구역주택재개발정비사업조합,차환발행위험(유동성 공여형 매입약정),금융기관,국민은행
74208,케이비도마제일차,KRZF0173T5G3,케이비도마제일차 20260323-92-5,Y,20260323,20260623,PF대출채권,KRW,,5000000000,5000000000,62,,A1,A1,,도마변동1재정비촉진구역주택재개발정비사업조합,차환발행위험(유동성 공여형 매입약정),금융기관,국민은행
74208,케이비도마제일차,KRZF0173T6G3,케이비도마제일차 20260323-92-6,Y,20260323,20260623,PF대출채권,KRW,,4000000000,4000000000,62,,A1,A1,,도마변동1재정비촉진구역주택재개발정비사업조합,차환발행위험(유동성 공여형 매입약정),금융기관,국민은행
69297,하나케이씨제일차,KRZF0030L1G3,하나케이씨제일차 20260323-91-1,N,20260323,20260622,대출채권,KRW,,5000000000,5000000000,61,A1,,A1,,(주)케이씨씨실리콘,차환발행위험(유동성 공여형 매입약정),금융기관,하나은행
69297,하나케이씨제일차,KRZF0030LAG3,하나케이씨제일차 20260323-91-10,N,20260323,20260622,대출채권,KRW,,5000000000,5000000000,61,A1,,A1,,(주)케이씨씨실리콘,차환발행위험(유동성 공여형 매입약정),금융기관,하나은행
69297,하나케이씨제일차,KRZF0030LBG3,하나케이씨제일차 20260323-91-11,N,20260323,20260622,대출채권,KRW,,5000000000,5000000000,61,A1,,A1,,(주)케이씨씨실리콘,차환발행위험(유동성 공여형 매입약정),금융기관,하나은행
69297,하나케이씨제일차,KRZF0030LCG3,하나케이씨제일차 20260323-91-12,N,20260323,20260622,대출채권,KRW,,5000000000,5000000000,61,A1,,A1,,(주)케이씨씨실리콘,차환발행위험(유동성 공여형 매입약정),금융기관,하나은행
69297,하나케이씨제일차,KRZF0030LDG3,하나케이씨제일차 20260323-91-13,N,20260323,20260622,대출채권,KRW,,5000000000,5000000000,61,A1,,A1,,(주)케이씨씨실리콘,차환발행위험(유동성 공여형 매입약정),금융기관,하나은행
69297,하나케이씨제일차,KRZF0030LEG3,하나케이씨제일차 20260323-91-14,N,20260323,20260622,대출채권,KRW,,5000000000,5000000000,61,A1,,A1,,(주)케이씨씨실리콘,차환발행위험(유동성 공여형 매입약정),금융기관,하나은행
69297,하나케이씨제일차,KRZF0030L2G3,하나케이씨제일차 20260323-91-2,N,20260323,20260622,대출채권,KRW,,5000000000,5000000000,61,A1,,A1,,(주)케이씨씨실리콘,차환발행위험(유동성 공여형 매입약정),금융기관,하나은행
69297,하나케이씨제일차,KRZF0030L3G3,하나케이씨제일차 20260323-91-3,N,20260323,20260622,대출채권,KRW,,5000000000,5000000000,61,A1,,A1,,(주)케이씨씨실리콘,차환발행위험(유동성 공여형 매입약정),금융기관,하나은행
69297,하나케이씨제일차,KRZF0030L4G3,하나케이씨제일차 20260323-91-4,N,20260323,20260622,대출채권,KRW,,5000000000,5000000000,61,A1,,A1,,(주)케이씨씨실리콘,차환발행위험(유동성 공여형 매입약정),금융기관,하나은행
69297,하나케이씨제일차,KRZF0030L5G3,하나케이씨제일차 20260323-91-5,N,20260323,20260622,대출채권,KRW,,5000000000,5000000000,61,A1,,A1,,(주)케이씨씨실리콘,차환발행위험(유동성 공여형 매입약정),금융기관,하나은행
69297,하나케이씨제일차,KRZF0030L6G3,하나케이씨제일차 20260323-91-6,N,20260323,20260622,대출채권,KRW,,5000000000,5000000000,61,A1,,A1,,(주)케이씨씨실리콘,차환발행위험(유동성 공여형 매입약정),금융기관,하나은행
69297,하나케이씨제일차,KRZF0030L7G3,하나케이씨제일차 20260323-91-7,N,20260323,20260622,대출채권,KRW,,5000000000,5000000000,61,A1,,A1,,(주)케이씨씨실리콘,차환발행위험(유동성 공여형 매입약정),금융기관,하나은행
69297,하나케이씨제일차,KRZF0030L8G3,하나케이씨제일차 20260323-91-8,N,20260323,20260622,대출채권,KRW,,5000000000,5000000000,61,A1,,A1,,(주)케이씨씨실리콘,차환발행위험(유동성 공여형 매입약정),금융기관,하나은행
69297,하나케이씨제일차,KRZF0030L9G3,하나케이씨제일차 20260323-91-9,N,20260323,20260622,대출채권,KRW,,5000000000,5000000000,61,A1,,A1,,(주)케이씨씨실리콘,차환발행위험(유동성 공여형 매입약정),금융기관,하나은행
