플랜번호,발행인,종목코드,종목명,PF여부,발행일,만기일,기초자산,통화,환율,발행금액,원화환산발행금액,잔존일물,한국신용평가,한국기업평가,NICE신용평가,서울신용평가,실질자금조달자,신용보강 유형,신용보강기관 유형,신용보강기관
74117,디비엠비피제십차,KRZF0112V4GF,디비엠비피제십차 20260320-182-37,N,20260320,20260918,매출채권,KRW,,5000000000,5000000000,149,,A1,A1,,한화솔루션,자체 신용보강,자체 신용보강,한화솔루션
74117,디비엠비피제십차,KRZF0112V5GF,디비엠비피제십차 20260320-182-38,N,20260320,20260918,매출채권,KRW,,3400000000,3400000000,149,,A1,A1,,한화솔루션,자체 신용보강,자체 신용보강,한화솔루션
61348,마인드유틸리티,KRZFA55271G3,마인드유틸리티 20260320-186-1,N,20260320,20260922,수익증권,KRW,,5000000000,5000000000,153,A1,A1,,,마일스톤자산운용,외부 신용보강,금융기관,메리츠증권
61348,마인드유틸리티,KRZFA55272G3,마인드유틸리티 20260320-186-2,N,20260320,20260922,수익증권,KRW,,5000000000,5000000000,153,A1,A1,,,마일스톤자산운용,외부 신용보강,금융기관,메리츠증권
61348,마인드유틸리티,KRZFA55273G3,마인드유틸리티 20260320-186-3,N,20260320,20260922,수익증권,KRW,,5000000000,5000000000,153,A1,A1,,,마일스톤자산운용,외부 신용보강,금융기관,메리츠증권
61348,마인드유틸리티,KRZFA55274G3,마인드유틸리티 20260320-186-4,N,20260320,20260922,수익증권,KRW,,5000000000,5000000000,153,A1,A1,,,마일스톤자산운용,외부 신용보강,금융기관,메리츠증권
61348,마인드유틸리티,KRZFA55275G3,마인드유틸리티 20260320-186-5,N,20260320,20260922,수익증권,KRW,,5000000000,5000000000,153,A1,A1,,,마일스톤자산운용,외부 신용보강,금융기관,메리츠증권
61348,마인드유틸리티,KRZFA55276G3,마인드유틸리티 20260320-186-6,N,20260320,20260922,수익증권,KRW,,5000000000,5000000000,153,A1,A1,,,마일스톤자산운용,외부 신용보강,금융기관,메리츠증권
61348,마인드유틸리티,KRZFA55277G3,마인드유틸리티 20260320-186-7,N,20260320,20260922,수익증권,KRW,,5000000000,5000000000,153,A1,A1,,,마일스톤자산운용,외부 신용보강,금융기관,메리츠증권
61348,마인드유틸리티,KRZFA55278G3,마인드유틸리티 20260320-186-8,N,20260320,20260922,수익증권,KRW,,1000000000,1000000000,153,A1,A1,,,마일스톤자산운용,외부 신용보강,금융기관,메리츠증권
61348,마인드유틸리티,KRZFA55279G3,마인드유틸리티 20260320-186-9,N,20260320,20260922,수익증권,KRW,,800000000,800000000,153,A1,A1,,,마일스톤자산운용,외부 신용보강,금융기관,메리츠증권
74235,베어버드제십차,KRZF0133F1G3,베어버드제십차 20260320-126-1,N,20260320,20260724,정기예금,KRW,,5000000000,5000000000,93,A1,A1,,,신한은행,자체 신용보강,자체 신용보강,신한은행
74235,베어버드제십차,KRZF0133FAG3,베어버드제십차 20260320-126-10,N,20260320,20260724,정기예금,KRW,,5000000000,5000000000,93,A1,A1,,,신한은행,자체 신용보강,자체 신용보강,신한은행
74235,베어버드제십차,KRZF0133FBG3,베어버드제십차 20260320-126-11,N,20260320,20260724,정기예금,KRW,,5000000000,5000000000,93,A1,A1,,,신한은행,자체 신용보강,자체 신용보강,신한은행
74235,베어버드제십차,KRZF0133FCG3,베어버드제십차 20260320-126-12,N,20260320,20260724,정기예금,KRW,,5000000000,5000000000,93,A1,A1,,,신한은행,자체 신용보강,자체 신용보강,신한은행
74235,베어버드제십차,KRZF0133FFG3,베어버드제십차 20260320-126-15,N,20260320,20260724,정기예금,KRW,,5000000000,5000000000,93,A1,A1,,,신한은행,자체 신용보강,자체 신용보강,신한은행
74235,베어버드제십차,KRZF0133FJG3,베어버드제십차 20260320-126-18,N,20260320,20260724,정기예금,KRW,,5000000000,5000000000,93,A1,A1,,,신한은행,자체 신용보강,자체 신용보강,신한은행
74235,베어버드제십차,KRZF0133F2G3,베어버드제십차 20260320-126-2,N,20260320,20260724,정기예금,KRW,,5000000000,5000000000,93,A1,A1,,,신한은행,자체 신용보강,자체 신용보강,신한은행
74235,베어버드제십차,KRZF0133FMG3,베어버드제십차 20260320-126-21,N,20260320,20260724,정기예금,KRW,,5000000000,5000000000,93,A1,A1,,,신한은행,자체 신용보강,자체 신용보강,신한은행
74235,베어버드제십차,KRZF0133FNG3,베어버드제십차 20260320-126-22,N,20260320,20260724,정기예금,KRW,,5000000000,5000000000,93,A1,A1,,,신한은행,자체 신용보강,자체 신용보강,신한은행
74235,베어버드제십차,KRZF0133FPG3,베어버드제십차 20260320-126-23,N,20260320,20260724,정기예금,KRW,,5000000000,5000000000,93,A1,A1,,,신한은행,자체 신용보강,자체 신용보강,신한은행
74235,베어버드제십차,KRZF0133FQG3,베어버드제십차 20260320-126-24,N,20260320,20260724,정기예금,KRW,,5000000000,5000000000,93,A1,A1,,,신한은행,자체 신용보강,자체 신용보강,신한은행
74235,베어버드제십차,KRZF0133FRG3,베어버드제십차 20260320-126-25,N,20260320,20260724,정기예금,KRW,,5000000000,5000000000,93,A1,A1,,,신한은행,자체 신용보강,자체 신용보강,신한은행
74235,베어버드제십차,KRZF0133FSG3,베어버드제십차 20260320-126-26,N,20260320,20260724,정기예금,KRW,,5000000000,5000000000,93,A1,A1,,,신한은행,자체 신용보강,자체 신용보강,신한은행
74235,베어버드제십차,KRZF0133FTG3,베어버드제십차 20260320-126-27,N,20260320,20260724,정기예금,KRW,,5000000000,5000000000,93,A1,A1,,,신한은행,자체 신용보강,자체 신용보강,신한은행
74235,베어버드제십차,KRZF0133F3G3,베어버드제십차 20260320-126-3,N,20260320,20260724,정기예금,KRW,,5000000000,5000000000,93,A1,A1,,,신한은행,자체 신용보강,자체 신용보강,신한은행
74235,베어버드제십차,KRZF0133F0GF,베어버드제십차 20260320-126-33,N,20260320,20260724,정기예금,KRW,,5000000000,5000000000,93,A1,A1,,,신한은행,자체 신용보강,자체 신용보강,신한은행
74235,베어버드제십차,KRZF0133F2GF,베어버드제십차 20260320-126-35,N,20260320,20260724,정기예금,KRW,,5000000000,5000000000,93,A1,A1,,,신한은행,자체 신용보강,자체 신용보강,신한은행
74235,베어버드제십차,KRZF0133F5GF,베어버드제십차 20260320-126-38,N,20260320,20260724,정기예금,KRW,,5000000000,5000000000,93,A1,A1,,,신한은행,자체 신용보강,자체 신용보강,신한은행
74235,베어버드제십차,KRZF0133F4G3,베어버드제십차 20260320-126-4,N,20260320,20260724,정기예금,KRW,,5000000000,5000000000,93,A1,A1,,,신한은행,자체 신용보강,자체 신용보강,신한은행
74235,베어버드제십차,KRZF0133F7GF,베어버드제십차 20260320-126-40,N,20260320,20260724,정기예금,KRW,,5000000000,5000000000,93,A1,A1,,,신한은행,자체 신용보강,자체 신용보강,신한은행
74235,베어버드제십차,KRZF0133FAGF,베어버드제십차 20260320-126-43,N,20260320,20260724,정기예금,KRW,,5000000000,5000000000,93,A1,A1,,,신한은행,자체 신용보강,자체 신용보강,신한은행
74235,베어버드제십차,KRZF0133FFGF,베어버드제십차 20260320-126-48,N,20260320,20260724,정기예금,KRW,,5000000000,5000000000,93,A1,A1,,,신한은행,자체 신용보강,자체 신용보강,신한은행
74235,베어버드제십차,KRZF0133F5G3,베어버드제십차 20260320-126-5,N,20260320,20260724,정기예금,KRW,,5000000000,5000000000,93,A1,A1,,,신한은행,자체 신용보강,자체 신용보강,신한은행
74235,베어버드제십차,KRZF0133F6G3,베어버드제십차 20260320-126-6,N,20260320,20260724,정기예금,KRW,,5000000000,5000000000,93,A1,A1,,,신한은행,자체 신용보강,자체 신용보강,신한은행
74235,베어버드제십차,KRZF0133F7G3,베어버드제십차 20260320-126-7,N,20260320,20260724,정기예금,KRW,,5000000000,5000000000,93,A1,A1,,,신한은행,자체 신용보강,자체 신용보강,신한은행
74235,베어버드제십차,KRZF0133F8G3,베어버드제십차 20260320-126-8,N,20260320,20260724,정기예금,KRW,,5000000000,5000000000,93,A1,A1,,,신한은행,자체 신용보강,자체 신용보강,신한은행
74235,베어버드제십차,KRZF0133F9G3,베어버드제십차 20260320-126-9,N,20260320,20260724,정기예금,KRW,,5000000000,5000000000,93,A1,A1,,,신한은행,자체 신용보강,자체 신용보강,신한은행
74235,베어버드제십차,KRZF0133FDG3,베어버드제십차 20260320-161-13,N,20260320,20260828,정기예금,KRW,,5000000000,5000000000,128,A1,A1,,,신한은행,자체 신용보강,자체 신용보강,신한은행
74235,베어버드제십차,KRZF0133FEG3,베어버드제십차 20260320-161-14,N,20260320,20260828,정기예금,KRW,,5000000000,5000000000,128,A1,A1,,,신한은행,자체 신용보강,자체 신용보강,신한은행
74235,베어버드제십차,KRZF0133FGG3,베어버드제십차 20260320-161-16,N,20260320,20260828,정기예금,KRW,,5000000000,5000000000,128,A1,A1,,,신한은행,자체 신용보강,자체 신용보강,신한은행
74235,베어버드제십차,KRZF0133FHG3,베어버드제십차 20260320-161-17,N,20260320,20260828,정기예금,KRW,,5000000000,5000000000,128,A1,A1,,,신한은행,자체 신용보강,자체 신용보강,신한은행
74235,베어버드제십차,KRZF0133FKG3,베어버드제십차 20260320-161-19,N,20260320,20260828,정기예금,KRW,,5000000000,5000000000,128,A1,A1,,,신한은행,자체 신용보강,자체 신용보강,신한은행
74235,베어버드제십차,KRZF0133FLG3,베어버드제십차 20260320-161-20,N,20260320,20260828,정기예금,KRW,,5000000000,5000000000,128,A1,A1,,,신한은행,자체 신용보강,자체 신용보강,신한은행
74235,베어버드제십차,KRZF0133FVG3,베어버드제십차 20260320-161-28,N,20260320,20260828,정기예금,KRW,,5000000000,5000000000,128,A1,A1,,,신한은행,자체 신용보강,자체 신용보강,신한은행
74235,베어버드제십차,KRZF0133FWG3,베어버드제십차 20260320-161-29,N,20260320,20260828,정기예금,KRW,,5000000000,5000000000,128,A1,A1,,,신한은행,자체 신용보강,자체 신용보강,신한은행
74235,베어버드제십차,KRZF0133FXG3,베어버드제십차 20260320-161-30,N,20260320,20260828,정기예금,KRW,,5000000000,5000000000,128,A1,A1,,,신한은행,자체 신용보강,자체 신용보강,신한은행
74235,베어버드제십차,KRZF0133FYG3,베어버드제십차 20260320-161-31,N,20260320,20260828,정기예금,KRW,,5000000000,5000000000,128,A1,A1,,,신한은행,자체 신용보강,자체 신용보강,신한은행
74235,베어버드제십차,KRZF0133FZG3,베어버드제십차 20260320-161-32,N,20260320,20260828,정기예금,KRW,,5000000000,5000000000,128,A1,A1,,,신한은행,자체 신용보강,자체 신용보강,신한은행
74235,베어버드제십차,KRZF0133F1GF,베어버드제십차 20260320-161-34,N,20260320,20260828,정기예금,KRW,,5000000000,5000000000,128,A1,A1,,,신한은행,자체 신용보강,자체 신용보강,신한은행
74235,베어버드제십차,KRZF0133F3GF,베어버드제십차 20260320-161-36,N,20260320,20260828,정기예금,KRW,,5000000000,5000000000,128,A1,A1,,,신한은행,자체 신용보강,자체 신용보강,신한은행
74235,베어버드제십차,KRZF0133F6GF,베어버드제십차 20260320-161-39,N,20260320,20260828,정기예금,KRW,,5000000000,5000000000,128,A1,A1,,,신한은행,자체 신용보강,자체 신용보강,신한은행
74235,베어버드제십차,KRZF0133F9GF,베어버드제십차 20260320-161-42,N,20260320,20260828,정기예금,KRW,,5000000000,5000000000,128,A1,A1,,,신한은행,자체 신용보강,자체 신용보강,신한은행
74235,베어버드제십차,KRZF0133FBGF,베어버드제십차 20260320-161-44,N,20260320,20260828,정기예금,KRW,,5000000000,5000000000,128,A1,A1,,,신한은행,자체 신용보강,자체 신용보강,신한은행
74235,베어버드제십차,KRZF0133FCGF,베어버드제십차 20260320-161-45,N,20260320,20260828,정기예금,KRW,,5000000000,5000000000,128,A1,A1,,,신한은행,자체 신용보강,자체 신용보강,신한은행
74235,베어버드제십차,KRZF0133FDGF,베어버드제십차 20260320-161-46,N,20260320,20260828,정기예금,KRW,,5000000000,5000000000,128,A1,A1,,,신한은행,자체 신용보강,자체 신용보강,신한은행
74235,베어버드제십차,KRZF0133FEGF,베어버드제십차 20260320-161-47,N,20260320,20260828,정기예금,KRW,,5000000000,5000000000,128,A1,A1,,,신한은행,자체 신용보강,자체 신용보강,신한은행
74235,베어버드제십차,KRZF0133FGGF,베어버드제십차 20260320-161-49,N,20260320,20260828,정기예금,KRW,,5000000000,5000000000,128,A1,A1,,,신한은행,자체 신용보강,자체 신용보강,신한은행
74235,베어버드제십차,KRZF0133F8GF,베어버드제십차 20260320-294-41,N,20260320,20270108,정기예금,KRW,,208000000,208000000,261,A1,A1,,,신한은행,자체 신용보강,자체 신용보강,신한은행
74235,베어버드제십차,KRZF0133F4GF,베어버드제십차 20260320-322-37,N,20260320,20270205,정기예금,KRW,,197000000,197000000,289,A1,A1,,,신한은행,자체 신용보강,자체 신용보강,신한은행
74221,비엔케이썸제이십사차,KRZF0048R1G3,비엔케이썸제이십사차 20260320-194-1,Y,20260320,20260930,PF대출채권,KRW,,100000000,100000000,161,A1,A1,,,투에스제구차(주),외부 신용보강,일반기업,현대건설
74221,비엔케이썸제이십사차,KRZF0048R1G3,비엔케이썸제이십사차 20260320-194-1,Y,20260320,20260930,PF대출채권,KRW,,100000000,100000000,161,A1,A1,,,투에스제구차(주),자체 신용보강,자체 신용보강,세금환급(국세및지방세등)
74221,비엔케이썸제이십사차,KRZF0048R2G3,비엔케이썸제이십사차 20260320-194-2,Y,20260320,20260930,PF대출채권,KRW,,50000000,50000000,161,A1,A1,,,투에스제구차(주),외부 신용보강,일반기업,현대건설
74221,비엔케이썸제이십사차,KRZF0048R2G3,비엔케이썸제이십사차 20260320-194-2,Y,20260320,20260930,PF대출채권,KRW,,50000000,50000000,161,A1,A1,,,투에스제구차(주),자체 신용보강,자체 신용보강,세금환급(국세및지방세등)
74236,비케이신한제이차,KRZF0076W1G3,비케이신한제이차 20260320-207-1,,20260320,20261013,,KRW,,5000000000,5000000000,174,A1,,A1,,,,,
74236,비케이신한제이차,KRZF0076WAG3,비케이신한제이차 20260320-207-10,,20260320,20261013,,KRW,,5000000000,5000000000,174,A1,,A1,,,,,
74236,비케이신한제이차,KRZF0076WBG3,비케이신한제이차 20260320-207-11,,20260320,20261013,,KRW,,5000000000,5000000000,174,A1,,A1,,,,,
74236,비케이신한제이차,KRZF0076WCG3,비케이신한제이차 20260320-207-12,,20260320,20261013,,KRW,,5000000000,5000000000,174,A1,,A1,,,,,
74236,비케이신한제이차,KRZF0076WDG3,비케이신한제이차 20260320-207-13,,20260320,20261013,,KRW,,5000000000,5000000000,174,A1,,A1,,,,,
74236,비케이신한제이차,KRZF0076WEG3,비케이신한제이차 20260320-207-14,,20260320,20261013,,KRW,,5000000000,5000000000,174,A1,,A1,,,,,
74236,비케이신한제이차,KRZF0076WFG3,비케이신한제이차 20260320-207-15,,20260320,20261013,,KRW,,5000000000,5000000000,174,A1,,A1,,,,,
74236,비케이신한제이차,KRZF0076WGG3,비케이신한제이차 20260320-207-16,,20260320,20261013,,KRW,,5000000000,5000000000,174,A1,,A1,,,,,
74236,비케이신한제이차,KRZF0076WHG3,비케이신한제이차 20260320-207-17,,20260320,20261013,,KRW,,5000000000,5000000000,174,A1,,A1,,,,,
74236,비케이신한제이차,KRZF0076WJG3,비케이신한제이차 20260320-207-18,,20260320,20261013,,KRW,,5000000000,5000000000,174,A1,,A1,,,,,
74236,비케이신한제이차,KRZF0076WKG3,비케이신한제이차 20260320-207-19,,20260320,20261013,,KRW,,5000000000,5000000000,174,A1,,A1,,,,,
74236,비케이신한제이차,KRZF0076W2G3,비케이신한제이차 20260320-207-2,,20260320,20261013,,KRW,,5000000000,5000000000,174,A1,,A1,,,,,
74236,비케이신한제이차,KRZF0076WLG3,비케이신한제이차 20260320-207-20,,20260320,20261013,,KRW,,5000000000,5000000000,174,A1,,A1,,,,,
74236,비케이신한제이차,KRZF0076W3G3,비케이신한제이차 20260320-207-3,,20260320,20261013,,KRW,,5000000000,5000000000,174,A1,,A1,,,,,
74236,비케이신한제이차,KRZF0076W4G3,비케이신한제이차 20260320-207-4,,20260320,20261013,,KRW,,5000000000,5000000000,174,A1,,A1,,,,,
74236,비케이신한제이차,KRZF0076W5G3,비케이신한제이차 20260320-207-5,,20260320,20261013,,KRW,,5000000000,5000000000,174,A1,,A1,,,,,
74236,비케이신한제이차,KRZF0076W6G3,비케이신한제이차 20260320-207-6,,20260320,20261013,,KRW,,5000000000,5000000000,174,A1,,A1,,,,,
74236,비케이신한제이차,KRZF0076W7G3,비케이신한제이차 20260320-207-7,,20260320,20261013,,KRW,,5000000000,5000000000,174,A1,,A1,,,,,
74236,비케이신한제이차,KRZF0076W8G3,비케이신한제이차 20260320-207-8,,20260320,20261013,,KRW,,5000000000,5000000000,174,A1,,A1,,,,,
74236,비케이신한제이차,KRZF0076W9G3,비케이신한제이차 20260320-207-9,,20260320,20261013,,KRW,,5000000000,5000000000,174,A1,,A1,,,,,
74226,비케이프로제칠차,KRZFA57121G3,비케이프로제칠차 20260320-171-1,N,20260320,20260907,매출채권,KRW,,5000000000,5000000000,138,A2,A2,,,삼성카드,자체 신용보강,자체 신용보강,에스케이렌터카
74226,비케이프로제칠차,KRZFA57122G3,비케이프로제칠차 20260320-171-2,N,20260320,20260907,매출채권,KRW,,5000000000,5000000000,138,A2,A2,,,삼성카드,자체 신용보강,자체 신용보강,에스케이렌터카
74226,비케이프로제칠차,KRZFA57123G3,비케이프로제칠차 20260320-171-3,N,20260320,20260907,매출채권,KRW,,5000000000,5000000000,138,A2,A2,,,삼성카드,자체 신용보강,자체 신용보강,에스케이렌터카
74226,비케이프로제칠차,KRZFA57124G3,비케이프로제칠차 20260320-171-4,N,20260320,20260907,매출채권,KRW,,5000000000,5000000000,138,A2,A2,,,삼성카드,자체 신용보강,자체 신용보강,에스케이렌터카
74226,비케이프로제칠차,KRZFA57125G3,비케이프로제칠차 20260320-171-5,N,20260320,20260907,매출채권,KRW,,5000000000,5000000000,138,A2,A2,,,삼성카드,자체 신용보강,자체 신용보강,에스케이렌터카
74226,비케이프로제칠차,KRZFA57126G3,비케이프로제칠차 20260320-171-6,N,20260320,20260907,매출채권,KRW,,3100000000,3100000000,138,A2,A2,,,삼성카드,자체 신용보강,자체 신용보강,에스케이렌터카
74226,비케이프로제칠차,KRZFA57127G3,비케이프로제칠차 20260320-171-7,N,20260320,20260907,매출채권,KRW,,1479000000,1479000000,138,A2,A2,,,삼성카드,자체 신용보강,자체 신용보강,에스케이렌터카
74183,아델라제십이차,KRZF0087R1G3,아델라제십이차 20260320-364-1,Y,20260320,20270319,PF대출채권,KRW,,40000000,40000000,331,,A1,A1,,회원2구역주택재개발정비사업조합,외부 신용보강,일반기업,현대건설
74181,아델라제십일차,KRZF0087N1G3,아델라제십일차 20260320-364-1,Y,20260320,20270319,PF대출채권,KRW,,50000000,50000000,331,,A1,A1,,회원2구역주택재개발정비사업조합,외부 신용보강,일반기업,현대엔지니어링
74199,이비지에스와이제삼차,KRZF0168M3G3,이비지에스와이제삼차 20260320-194-3,N,20260320,20260930,대출채권,KRW,,55000000,55000000,161,,A3,A3,,이랜드월드,자체 신용보강,자체 신용보강,이랜드월드
74234,제일지니제일차,KRZF0156R1G3,제일지니제일차 20260320-269-1,N,20260320,20261214,정기예금,KRW,,5000000000,5000000000,236,A1,,A1,,한국스탠다드차타드은행,자체 신용보강,자체 신용보강,한국스탠다드차타드은행
74234,제일지니제일차,KRZF0156RAG3,제일지니제일차 20260320-269-10,N,20260320,20261214,정기예금,KRW,,5000000000,5000000000,236,A1,,A1,,한국스탠다드차타드은행,자체 신용보강,자체 신용보강,한국스탠다드차타드은행
74234,제일지니제일차,KRZF0156RBG3,제일지니제일차 20260320-269-11,N,20260320,20261214,정기예금,KRW,,5000000000,5000000000,236,A1,,A1,,한국스탠다드차타드은행,자체 신용보강,자체 신용보강,한국스탠다드차타드은행
74234,제일지니제일차,KRZF0156RCG3,제일지니제일차 20260320-269-12,N,20260320,20261214,정기예금,KRW,,5000000000,5000000000,236,A1,,A1,,한국스탠다드차타드은행,자체 신용보강,자체 신용보강,한국스탠다드차타드은행
74234,제일지니제일차,KRZF0156RDG3,제일지니제일차 20260320-269-13,N,20260320,20261214,정기예금,KRW,,5000000000,5000000000,236,A1,,A1,,한국스탠다드차타드은행,자체 신용보강,자체 신용보강,한국스탠다드차타드은행
74234,제일지니제일차,KRZF0156REG3,제일지니제일차 20260320-269-14,N,20260320,20261214,정기예금,KRW,,5000000000,5000000000,236,A1,,A1,,한국스탠다드차타드은행,자체 신용보강,자체 신용보강,한국스탠다드차타드은행
74234,제일지니제일차,KRZF0156RFG3,제일지니제일차 20260320-269-15,N,20260320,20261214,정기예금,KRW,,5000000000,5000000000,236,A1,,A1,,한국스탠다드차타드은행,자체 신용보강,자체 신용보강,한국스탠다드차타드은행
74234,제일지니제일차,KRZF0156RGG3,제일지니제일차 20260320-269-16,N,20260320,20261214,정기예금,KRW,,5000000000,5000000000,236,A1,,A1,,한국스탠다드차타드은행,자체 신용보강,자체 신용보강,한국스탠다드차타드은행
74234,제일지니제일차,KRZF0156RHG3,제일지니제일차 20260320-269-17,N,20260320,20261214,정기예금,KRW,,5000000000,5000000000,236,A1,,A1,,한국스탠다드차타드은행,자체 신용보강,자체 신용보강,한국스탠다드차타드은행
74234,제일지니제일차,KRZF0156RJG3,제일지니제일차 20260320-269-18,N,20260320,20261214,정기예금,KRW,,5000000000,5000000000,236,A1,,A1,,한국스탠다드차타드은행,자체 신용보강,자체 신용보강,한국스탠다드차타드은행
74234,제일지니제일차,KRZF0156RKG3,제일지니제일차 20260320-269-19,N,20260320,20261214,정기예금,KRW,,5000000000,5000000000,236,A1,,A1,,한국스탠다드차타드은행,자체 신용보강,자체 신용보강,한국스탠다드차타드은행
74234,제일지니제일차,KRZF0156R2G3,제일지니제일차 20260320-269-2,N,20260320,20261214,정기예금,KRW,,5000000000,5000000000,236,A1,,A1,,한국스탠다드차타드은행,자체 신용보강,자체 신용보강,한국스탠다드차타드은행
74234,제일지니제일차,KRZF0156RLG3,제일지니제일차 20260320-269-20,N,20260320,20261214,정기예금,KRW,,5000000000,5000000000,236,A1,,A1,,한국스탠다드차타드은행,자체 신용보강,자체 신용보강,한국스탠다드차타드은행
74234,제일지니제일차,KRZF0156RMG3,제일지니제일차 20260320-269-21,N,20260320,20261214,정기예금,KRW,,5000000000,5000000000,236,A1,,A1,,한국스탠다드차타드은행,자체 신용보강,자체 신용보강,한국스탠다드차타드은행
74234,제일지니제일차,KRZF0156RNG3,제일지니제일차 20260320-269-22,N,20260320,20261214,정기예금,KRW,,5000000000,5000000000,236,A1,,A1,,한국스탠다드차타드은행,자체 신용보강,자체 신용보강,한국스탠다드차타드은행
74234,제일지니제일차,KRZF0156RPG3,제일지니제일차 20260320-269-23,N,20260320,20261214,정기예금,KRW,,5000000000,5000000000,236,A1,,A1,,한국스탠다드차타드은행,자체 신용보강,자체 신용보강,한국스탠다드차타드은행
74234,제일지니제일차,KRZF0156RQG3,제일지니제일차 20260320-269-24,N,20260320,20261214,정기예금,KRW,,5000000000,5000000000,236,A1,,A1,,한국스탠다드차타드은행,자체 신용보강,자체 신용보강,한국스탠다드차타드은행
74234,제일지니제일차,KRZF0156RRG3,제일지니제일차 20260320-269-25,N,20260320,20261214,정기예금,KRW,,5000000000,5000000000,236,A1,,A1,,한국스탠다드차타드은행,자체 신용보강,자체 신용보강,한국스탠다드차타드은행
74234,제일지니제일차,KRZF0156RSG3,제일지니제일차 20260320-269-26,N,20260320,20261214,정기예금,KRW,,5000000000,5000000000,236,A1,,A1,,한국스탠다드차타드은행,자체 신용보강,자체 신용보강,한국스탠다드차타드은행
74234,제일지니제일차,KRZF0156RTG3,제일지니제일차 20260320-269-27,N,20260320,20261214,정기예금,KRW,,5000000000,5000000000,236,A1,,A1,,한국스탠다드차타드은행,자체 신용보강,자체 신용보강,한국스탠다드차타드은행
74234,제일지니제일차,KRZF0156RVG3,제일지니제일차 20260320-269-28,N,20260320,20261214,정기예금,KRW,,5000000000,5000000000,236,A1,,A1,,한국스탠다드차타드은행,자체 신용보강,자체 신용보강,한국스탠다드차타드은행
74234,제일지니제일차,KRZF0156RWG3,제일지니제일차 20260320-269-29,N,20260320,20261214,정기예금,KRW,,5000000000,5000000000,236,A1,,A1,,한국스탠다드차타드은행,자체 신용보강,자체 신용보강,한국스탠다드차타드은행
74234,제일지니제일차,KRZF0156R3G3,제일지니제일차 20260320-269-3,N,20260320,20261214,정기예금,KRW,,5000000000,5000000000,236,A1,,A1,,한국스탠다드차타드은행,자체 신용보강,자체 신용보강,한국스탠다드차타드은행
74234,제일지니제일차,KRZF0156RXG3,제일지니제일차 20260320-269-30,N,20260320,20261214,정기예금,KRW,,5000000000,5000000000,236,A1,,A1,,한국스탠다드차타드은행,자체 신용보강,자체 신용보강,한국스탠다드차타드은행
74234,제일지니제일차,KRZF0156RYG3,제일지니제일차 20260320-269-31,N,20260320,20261214,정기예금,KRW,,5000000000,5000000000,236,A1,,A1,,한국스탠다드차타드은행,자체 신용보강,자체 신용보강,한국스탠다드차타드은행
74234,제일지니제일차,KRZF0156RZG3,제일지니제일차 20260320-269-32,N,20260320,20261214,정기예금,KRW,,5000000000,5000000000,236,A1,,A1,,한국스탠다드차타드은행,자체 신용보강,자체 신용보강,한국스탠다드차타드은행
74234,제일지니제일차,KRZF0156R0GF,제일지니제일차 20260320-269-33,N,20260320,20261214,정기예금,KRW,,5000000000,5000000000,236,A1,,A1,,한국스탠다드차타드은행,자체 신용보강,자체 신용보강,한국스탠다드차타드은행
74234,제일지니제일차,KRZF0156R1GF,제일지니제일차 20260320-269-34,N,20260320,20261214,정기예금,KRW,,5000000000,5000000000,236,A1,,A1,,한국스탠다드차타드은행,자체 신용보강,자체 신용보강,한국스탠다드차타드은행
74234,제일지니제일차,KRZF0156R2GF,제일지니제일차 20260320-269-35,N,20260320,20261214,정기예금,KRW,,5000000000,5000000000,236,A1,,A1,,한국스탠다드차타드은행,자체 신용보강,자체 신용보강,한국스탠다드차타드은행
74234,제일지니제일차,KRZF0156R3GF,제일지니제일차 20260320-269-36,N,20260320,20261214,정기예금,KRW,,5000000000,5000000000,236,A1,,A1,,한국스탠다드차타드은행,자체 신용보강,자체 신용보강,한국스탠다드차타드은행
74234,제일지니제일차,KRZF0156R4GF,제일지니제일차 20260320-269-37,N,20260320,20261214,정기예금,KRW,,5000000000,5000000000,236,A1,,A1,,한국스탠다드차타드은행,자체 신용보강,자체 신용보강,한국스탠다드차타드은행
74234,제일지니제일차,KRZF0156R5GF,제일지니제일차 20260320-269-38,N,20260320,20261214,정기예금,KRW,,5000000000,5000000000,236,A1,,A1,,한국스탠다드차타드은행,자체 신용보강,자체 신용보강,한국스탠다드차타드은행
74234,제일지니제일차,KRZF0156R6GF,제일지니제일차 20260320-269-39,N,20260320,20261214,정기예금,KRW,,5000000000,5000000000,236,A1,,A1,,한국스탠다드차타드은행,자체 신용보강,자체 신용보강,한국스탠다드차타드은행
74234,제일지니제일차,KRZF0156R4G3,제일지니제일차 20260320-269-4,N,20260320,20261214,정기예금,KRW,,5000000000,5000000000,236,A1,,A1,,한국스탠다드차타드은행,자체 신용보강,자체 신용보강,한국스탠다드차타드은행
74234,제일지니제일차,KRZF0156R7GF,제일지니제일차 20260320-269-40,N,20260320,20261214,정기예금,KRW,,5000000000,5000000000,236,A1,,A1,,한국스탠다드차타드은행,자체 신용보강,자체 신용보강,한국스탠다드차타드은행
74234,제일지니제일차,KRZF0156R8GF,제일지니제일차 20260320-269-41,N,20260320,20261214,정기예금,KRW,,5000000000,5000000000,236,A1,,A1,,한국스탠다드차타드은행,자체 신용보강,자체 신용보강,한국스탠다드차타드은행
74234,제일지니제일차,KRZF0156R9GF,제일지니제일차 20260320-269-42,N,20260320,20261214,정기예금,KRW,,5000000000,5000000000,236,A1,,A1,,한국스탠다드차타드은행,자체 신용보강,자체 신용보강,한국스탠다드차타드은행
74234,제일지니제일차,KRZF0156RAGF,제일지니제일차 20260320-269-43,N,20260320,20261214,정기예금,KRW,,5000000000,5000000000,236,A1,,A1,,한국스탠다드차타드은행,자체 신용보강,자체 신용보강,한국스탠다드차타드은행
74234,제일지니제일차,KRZF0156RBGF,제일지니제일차 20260320-269-44,N,20260320,20261214,정기예금,KRW,,5000000000,5000000000,236,A1,,A1,,한국스탠다드차타드은행,자체 신용보강,자체 신용보강,한국스탠다드차타드은행
74234,제일지니제일차,KRZF0156RCGF,제일지니제일차 20260320-269-45,N,20260320,20261214,정기예금,KRW,,5000000000,5000000000,236,A1,,A1,,한국스탠다드차타드은행,자체 신용보강,자체 신용보강,한국스탠다드차타드은행
74234,제일지니제일차,KRZF0156RDGF,제일지니제일차 20260320-269-46,N,20260320,20261214,정기예금,KRW,,5000000000,5000000000,236,A1,,A1,,한국스탠다드차타드은행,자체 신용보강,자체 신용보강,한국스탠다드차타드은행
74234,제일지니제일차,KRZF0156REGF,제일지니제일차 20260320-269-47,N,20260320,20261214,정기예금,KRW,,5000000000,5000000000,236,A1,,A1,,한국스탠다드차타드은행,자체 신용보강,자체 신용보강,한국스탠다드차타드은행
74234,제일지니제일차,KRZF0156RFGF,제일지니제일차 20260320-269-48,N,20260320,20261214,정기예금,KRW,,5000000000,5000000000,236,A1,,A1,,한국스탠다드차타드은행,자체 신용보강,자체 신용보강,한국스탠다드차타드은행
74234,제일지니제일차,KRZF0156RGGF,제일지니제일차 20260320-269-49,N,20260320,20261214,정기예금,KRW,,4500000000,4500000000,236,A1,,A1,,한국스탠다드차타드은행,자체 신용보강,자체 신용보강,한국스탠다드차타드은행
74234,제일지니제일차,KRZF0156R5G3,제일지니제일차 20260320-269-5,N,20260320,20261214,정기예금,KRW,,5000000000,5000000000,236,A1,,A1,,한국스탠다드차타드은행,자체 신용보강,자체 신용보강,한국스탠다드차타드은행
74234,제일지니제일차,KRZF0156R6G3,제일지니제일차 20260320-269-6,N,20260320,20261214,정기예금,KRW,,5000000000,5000000000,236,A1,,A1,,한국스탠다드차타드은행,자체 신용보강,자체 신용보강,한국스탠다드차타드은행
74234,제일지니제일차,KRZF0156R7G3,제일지니제일차 20260320-269-7,N,20260320,20261214,정기예금,KRW,,5000000000,5000000000,236,A1,,A1,,한국스탠다드차타드은행,자체 신용보강,자체 신용보강,한국스탠다드차타드은행
74234,제일지니제일차,KRZF0156R8G3,제일지니제일차 20260320-269-8,N,20260320,20261214,정기예금,KRW,,5000000000,5000000000,236,A1,,A1,,한국스탠다드차타드은행,자체 신용보강,자체 신용보강,한국스탠다드차타드은행
74234,제일지니제일차,KRZF0156R9G3,제일지니제일차 20260320-269-9,N,20260320,20261214,정기예금,KRW,,5000000000,5000000000,236,A1,,A1,,한국스탠다드차타드은행,자체 신용보강,자체 신용보강,한국스탠다드차타드은행
58871,지아이비수표,KRZFA40001G3,지아이비수표 20260320-40-1,Y,20260320,20260429,PF대출채권,KRW,,720000000,720000000,7,A1,A1,,,(주)트윈웍스피에프브이,차환발행위험(유동성 공여형 매입약정),금융기관,신한은행
74217,퍼스트레볼루션,KRZFA53181G3,퍼스트레볼루션 20260320-185-1,N,20260320,20260921,정기예금,KRW,,5000000000,5000000000,152,A1,,A1,,정보통신부우체국,자체 신용보강,자체 신용보강,정보통신부우체국
74217,퍼스트레볼루션,KRZFA5318AG3,퍼스트레볼루션 20260320-185-10,N,20260320,20260921,정기예금,KRW,,5000000000,5000000000,152,A1,,A1,,정보통신부우체국,자체 신용보강,자체 신용보강,정보통신부우체국
74217,퍼스트레볼루션,KRZFA5318BG3,퍼스트레볼루션 20260320-185-11,N,20260320,20260921,정기예금,KRW,,5000000000,5000000000,152,A1,,A1,,정보통신부우체국,자체 신용보강,자체 신용보강,정보통신부우체국
74217,퍼스트레볼루션,KRZFA5318CG3,퍼스트레볼루션 20260320-185-12,N,20260320,20260921,정기예금,KRW,,5000000000,5000000000,152,A1,,A1,,정보통신부우체국,자체 신용보강,자체 신용보강,정보통신부우체국
74217,퍼스트레볼루션,KRZFA5318DG3,퍼스트레볼루션 20260320-185-13,N,20260320,20260921,정기예금,KRW,,5000000000,5000000000,152,A1,,A1,,정보통신부우체국,자체 신용보강,자체 신용보강,정보통신부우체국
74217,퍼스트레볼루션,KRZFA5318EG3,퍼스트레볼루션 20260320-185-14,N,20260320,20260921,정기예금,KRW,,5000000000,5000000000,152,A1,,A1,,정보통신부우체국,자체 신용보강,자체 신용보강,정보통신부우체국
74217,퍼스트레볼루션,KRZFA5318FG3,퍼스트레볼루션 20260320-185-15,N,20260320,20260921,정기예금,KRW,,5000000000,5000000000,152,A1,,A1,,정보통신부우체국,자체 신용보강,자체 신용보강,정보통신부우체국
74217,퍼스트레볼루션,KRZFA5318GG3,퍼스트레볼루션 20260320-185-16,N,20260320,20260921,정기예금,KRW,,5000000000,5000000000,152,A1,,A1,,정보통신부우체국,자체 신용보강,자체 신용보강,정보통신부우체국
74217,퍼스트레볼루션,KRZFA5318HG3,퍼스트레볼루션 20260320-185-17,N,20260320,20260921,정기예금,KRW,,5000000000,5000000000,152,A1,,A1,,정보통신부우체국,자체 신용보강,자체 신용보강,정보통신부우체국
74217,퍼스트레볼루션,KRZFA5318JG3,퍼스트레볼루션 20260320-185-18,N,20260320,20260921,정기예금,KRW,,5000000000,5000000000,152,A1,,A1,,정보통신부우체국,자체 신용보강,자체 신용보강,정보통신부우체국
74217,퍼스트레볼루션,KRZFA5318KG3,퍼스트레볼루션 20260320-185-19,N,20260320,20260921,정기예금,KRW,,5000000000,5000000000,152,A1,,A1,,정보통신부우체국,자체 신용보강,자체 신용보강,정보통신부우체국
74217,퍼스트레볼루션,KRZFA53182G3,퍼스트레볼루션 20260320-185-2,N,20260320,20260921,정기예금,KRW,,5000000000,5000000000,152,A1,,A1,,정보통신부우체국,자체 신용보강,자체 신용보강,정보통신부우체국
74217,퍼스트레볼루션,KRZFA5318LG3,퍼스트레볼루션 20260320-185-20,N,20260320,20260921,정기예금,KRW,,5000000000,5000000000,152,A1,,A1,,정보통신부우체국,자체 신용보강,자체 신용보강,정보통신부우체국
74217,퍼스트레볼루션,KRZFA53183G3,퍼스트레볼루션 20260320-185-3,N,20260320,20260921,정기예금,KRW,,5000000000,5000000000,152,A1,,A1,,정보통신부우체국,자체 신용보강,자체 신용보강,정보통신부우체국
74217,퍼스트레볼루션,KRZFA53184G3,퍼스트레볼루션 20260320-185-4,N,20260320,20260921,정기예금,KRW,,5000000000,5000000000,152,A1,,A1,,정보통신부우체국,자체 신용보강,자체 신용보강,정보통신부우체국
74217,퍼스트레볼루션,KRZFA53185G3,퍼스트레볼루션 20260320-185-5,N,20260320,20260921,정기예금,KRW,,5000000000,5000000000,152,A1,,A1,,정보통신부우체국,자체 신용보강,자체 신용보강,정보통신부우체국
74217,퍼스트레볼루션,KRZFA53186G3,퍼스트레볼루션 20260320-185-6,N,20260320,20260921,정기예금,KRW,,5000000000,5000000000,152,A1,,A1,,정보통신부우체국,자체 신용보강,자체 신용보강,정보통신부우체국
74217,퍼스트레볼루션,KRZFA53187G3,퍼스트레볼루션 20260320-185-7,N,20260320,20260921,정기예금,KRW,,5000000000,5000000000,152,A1,,A1,,정보통신부우체국,자체 신용보강,자체 신용보강,정보통신부우체국
74217,퍼스트레볼루션,KRZFA53188G3,퍼스트레볼루션 20260320-185-8,N,20260320,20260921,정기예금,KRW,,5000000000,5000000000,152,A1,,A1,,정보통신부우체국,자체 신용보강,자체 신용보강,정보통신부우체국
74217,퍼스트레볼루션,KRZFA53189G3,퍼스트레볼루션 20260320-185-9,N,20260320,20260921,정기예금,KRW,,5000000000,5000000000,152,A1,,A1,,정보통신부우체국,자체 신용보강,자체 신용보강,정보통신부우체국
74217,퍼스트레볼루션,KRZFA5318MG3,퍼스트레볼루션 20260320-364-21,N,20260320,20270319,정기예금,KRW,,233000000,233000000,331,A1,,A1,,정보통신부우체국,자체 신용보강,자체 신용보강,정보통신부우체국
71835,하나백사물류전문제일차,KRZFA43641G3,하나백사물류전문제일차 20260320-94-1,N,20260320,20260622,대출채권,KRW,,5000000000,5000000000,61,A1,,A1,,신한은행,차환발행위험(유동성 공여형 매입약정),금융기관,하나은행
71835,하나백사물류전문제일차,KRZFA43642G3,하나백사물류전문제일차 20260320-94-2,N,20260320,20260622,대출채권,KRW,,5000000000,5000000000,61,A1,,A1,,신한은행,차환발행위험(유동성 공여형 매입약정),금융기관,하나은행
71835,하나백사물류전문제일차,KRZFA43643G3,하나백사물류전문제일차 20260320-94-3,N,20260320,20260622,대출채권,KRW,,5000000000,5000000000,61,A1,,A1,,신한은행,차환발행위험(유동성 공여형 매입약정),금융기관,하나은행
71835,하나백사물류전문제일차,KRZFA43644G3,하나백사물류전문제일차 20260320-94-4,N,20260320,20260622,대출채권,KRW,,5000000000,5000000000,61,A1,,A1,,신한은행,차환발행위험(유동성 공여형 매입약정),금융기관,하나은행
71835,하나백사물류전문제일차,KRZFA43645G3,하나백사물류전문제일차 20260320-94-5,N,20260320,20260622,대출채권,KRW,,5000000000,5000000000,61,A1,,A1,,신한은행,차환발행위험(유동성 공여형 매입약정),금융기관,하나은행
71835,하나백사물류전문제일차,KRZFA43646G3,하나백사물류전문제일차 20260320-94-6,N,20260320,20260622,대출채권,KRW,,5000000000,5000000000,61,A1,,A1,,신한은행,차환발행위험(유동성 공여형 매입약정),금융기관,하나은행
71835,하나백사물류전문제일차,KRZFA43647G3,하나백사물류전문제일차 20260320-94-7,N,20260320,20260622,대출채권,KRW,,4600000000,4600000000,61,A1,,A1,,신한은행,차환발행위험(유동성 공여형 매입약정),금융기관,하나은행
74233,한솔제사십칠차,KRZF0018P1G3,한솔제사십칠차 20260320-131-1,N,20260320,20260729,정기예금,KRW,,5000000000,5000000000,98,A1,A1,,,신한은행,자체 신용보강,자체 신용보강,신한은행
74233,한솔제사십칠차,KRZF0018PAG3,한솔제사십칠차 20260320-131-10,N,20260320,20260729,정기예금,KRW,,5000000000,5000000000,98,A1,A1,,,신한은행,자체 신용보강,자체 신용보강,신한은행
74233,한솔제사십칠차,KRZF0018PBG3,한솔제사십칠차 20260320-131-11,N,20260320,20260729,정기예금,KRW,,5000000000,5000000000,98,A1,A1,,,신한은행,자체 신용보강,자체 신용보강,신한은행
74233,한솔제사십칠차,KRZF0018PCG3,한솔제사십칠차 20260320-131-12,N,20260320,20260729,정기예금,KRW,,5000000000,5000000000,98,A1,A1,,,신한은행,자체 신용보강,자체 신용보강,신한은행
74233,한솔제사십칠차,KRZF0018PDG3,한솔제사십칠차 20260320-131-13,N,20260320,20260729,정기예금,KRW,,5000000000,5000000000,98,A1,A1,,,신한은행,자체 신용보강,자체 신용보강,신한은행
74233,한솔제사십칠차,KRZF0018PEG3,한솔제사십칠차 20260320-131-14,N,20260320,20260729,정기예금,KRW,,5000000000,5000000000,98,A1,A1,,,신한은행,자체 신용보강,자체 신용보강,신한은행
74233,한솔제사십칠차,KRZF0018PFG3,한솔제사십칠차 20260320-131-15,N,20260320,20260729,정기예금,KRW,,5000000000,5000000000,98,A1,A1,,,신한은행,자체 신용보강,자체 신용보강,신한은행
74233,한솔제사십칠차,KRZF0018PGG3,한솔제사십칠차 20260320-131-16,N,20260320,20260729,정기예금,KRW,,5000000000,5000000000,98,A1,A1,,,신한은행,자체 신용보강,자체 신용보강,신한은행
74233,한솔제사십칠차,KRZF0018PHG3,한솔제사십칠차 20260320-131-17,N,20260320,20260729,정기예금,KRW,,5000000000,5000000000,98,A1,A1,,,신한은행,자체 신용보강,자체 신용보강,신한은행
74233,한솔제사십칠차,KRZF0018PJG3,한솔제사십칠차 20260320-131-18,N,20260320,20260729,정기예금,KRW,,5000000000,5000000000,98,A1,A1,,,신한은행,자체 신용보강,자체 신용보강,신한은행
74233,한솔제사십칠차,KRZF0018PKG3,한솔제사십칠차 20260320-131-19,N,20260320,20260729,정기예금,KRW,,5000000000,5000000000,98,A1,A1,,,신한은행,자체 신용보강,자체 신용보강,신한은행
74233,한솔제사십칠차,KRZF0018P2G3,한솔제사십칠차 20260320-131-2,N,20260320,20260729,정기예금,KRW,,5000000000,5000000000,98,A1,A1,,,신한은행,자체 신용보강,자체 신용보강,신한은행
74233,한솔제사십칠차,KRZF0018PLG3,한솔제사십칠차 20260320-131-20,N,20260320,20260729,정기예금,KRW,,5000000000,5000000000,98,A1,A1,,,신한은행,자체 신용보강,자체 신용보강,신한은행
74233,한솔제사십칠차,KRZF0018P3G3,한솔제사십칠차 20260320-131-3,N,20260320,20260729,정기예금,KRW,,5000000000,5000000000,98,A1,A1,,,신한은행,자체 신용보강,자체 신용보강,신한은행
74233,한솔제사십칠차,KRZF0018P4G3,한솔제사십칠차 20260320-131-4,N,20260320,20260729,정기예금,KRW,,5000000000,5000000000,98,A1,A1,,,신한은행,자체 신용보강,자체 신용보강,신한은행
74233,한솔제사십칠차,KRZF0018P5G3,한솔제사십칠차 20260320-131-5,N,20260320,20260729,정기예금,KRW,,5000000000,5000000000,98,A1,A1,,,신한은행,자체 신용보강,자체 신용보강,신한은행
74233,한솔제사십칠차,KRZF0018P6G3,한솔제사십칠차 20260320-131-6,N,20260320,20260729,정기예금,KRW,,5000000000,5000000000,98,A1,A1,,,신한은행,자체 신용보강,자체 신용보강,신한은행
74233,한솔제사십칠차,KRZF0018P7G3,한솔제사십칠차 20260320-131-7,N,20260320,20260729,정기예금,KRW,,5000000000,5000000000,98,A1,A1,,,신한은행,자체 신용보강,자체 신용보강,신한은행
74233,한솔제사십칠차,KRZF0018P8G3,한솔제사십칠차 20260320-131-8,N,20260320,20260729,정기예금,KRW,,5000000000,5000000000,98,A1,A1,,,신한은행,자체 신용보강,자체 신용보강,신한은행
74233,한솔제사십칠차,KRZF0018P9G3,한솔제사십칠차 20260320-131-9,N,20260320,20260729,정기예금,KRW,,5000000000,5000000000,98,A1,A1,,,신한은행,자체 신용보강,자체 신용보강,신한은행
74233,한솔제사십칠차,KRZF0018PMG3,한솔제사십칠차 20260320-158-21,N,20260320,20260825,정기예금,KRW,,5000000000,5000000000,125,A1,A1,,,신한은행,자체 신용보강,자체 신용보강,신한은행
74233,한솔제사십칠차,KRZF0018PNG3,한솔제사십칠차 20260320-158-22,N,20260320,20260825,정기예금,KRW,,5000000000,5000000000,125,A1,A1,,,신한은행,자체 신용보강,자체 신용보강,신한은행
74233,한솔제사십칠차,KRZF0018PPG3,한솔제사십칠차 20260320-158-23,N,20260320,20260825,정기예금,KRW,,5000000000,5000000000,125,A1,A1,,,신한은행,자체 신용보강,자체 신용보강,신한은행
74233,한솔제사십칠차,KRZF0018PQG3,한솔제사십칠차 20260320-158-24,N,20260320,20260825,정기예금,KRW,,5000000000,5000000000,125,A1,A1,,,신한은행,자체 신용보강,자체 신용보강,신한은행
74233,한솔제사십칠차,KRZF0018PRG3,한솔제사십칠차 20260320-158-25,N,20260320,20260825,정기예금,KRW,,5000000000,5000000000,125,A1,A1,,,신한은행,자체 신용보강,자체 신용보강,신한은행
74233,한솔제사십칠차,KRZF0018PSG3,한솔제사십칠차 20260320-158-26,N,20260320,20260825,정기예금,KRW,,5000000000,5000000000,125,A1,A1,,,신한은행,자체 신용보강,자체 신용보강,신한은행
74233,한솔제사십칠차,KRZF0018PTG3,한솔제사십칠차 20260320-158-27,N,20260320,20260825,정기예금,KRW,,5000000000,5000000000,125,A1,A1,,,신한은행,자체 신용보강,자체 신용보강,신한은행
74233,한솔제사십칠차,KRZF0018PVG3,한솔제사십칠차 20260320-158-28,N,20260320,20260825,정기예금,KRW,,5000000000,5000000000,125,A1,A1,,,신한은행,자체 신용보강,자체 신용보강,신한은행
74233,한솔제사십칠차,KRZF0018PWG3,한솔제사십칠차 20260320-158-29,N,20260320,20260825,정기예금,KRW,,5000000000,5000000000,125,A1,A1,,,신한은행,자체 신용보강,자체 신용보강,신한은행
74233,한솔제사십칠차,KRZF0018PXG3,한솔제사십칠차 20260320-158-30,N,20260320,20260825,정기예금,KRW,,5000000000,5000000000,125,A1,A1,,,신한은행,자체 신용보강,자체 신용보강,신한은행
74233,한솔제사십칠차,KRZF0018PYG3,한솔제사십칠차 20260320-158-31,N,20260320,20260825,정기예금,KRW,,5000000000,5000000000,125,A1,A1,,,신한은행,자체 신용보강,자체 신용보강,신한은행
74233,한솔제사십칠차,KRZF0018PZG3,한솔제사십칠차 20260320-158-32,N,20260320,20260825,정기예금,KRW,,5000000000,5000000000,125,A1,A1,,,신한은행,자체 신용보강,자체 신용보강,신한은행
74233,한솔제사십칠차,KRZF0018P0GF,한솔제사십칠차 20260320-158-33,N,20260320,20260825,정기예금,KRW,,5000000000,5000000000,125,A1,A1,,,신한은행,자체 신용보강,자체 신용보강,신한은행
74233,한솔제사십칠차,KRZF0018P1GF,한솔제사십칠차 20260320-158-34,N,20260320,20260825,정기예금,KRW,,5000000000,5000000000,125,A1,A1,,,신한은행,자체 신용보강,자체 신용보강,신한은행
74233,한솔제사십칠차,KRZF0018P2GF,한솔제사십칠차 20260320-158-35,N,20260320,20260825,정기예금,KRW,,5000000000,5000000000,125,A1,A1,,,신한은행,자체 신용보강,자체 신용보강,신한은행
74233,한솔제사십칠차,KRZF0018P3GF,한솔제사십칠차 20260320-158-36,N,20260320,20260825,정기예금,KRW,,5000000000,5000000000,125,A1,A1,,,신한은행,자체 신용보강,자체 신용보강,신한은행
74233,한솔제사십칠차,KRZF0018P4GF,한솔제사십칠차 20260320-158-37,N,20260320,20260825,정기예금,KRW,,5000000000,5000000000,125,A1,A1,,,신한은행,자체 신용보강,자체 신용보강,신한은행
74233,한솔제사십칠차,KRZF0018P5GF,한솔제사십칠차 20260320-158-38,N,20260320,20260825,정기예금,KRW,,5000000000,5000000000,125,A1,A1,,,신한은행,자체 신용보강,자체 신용보강,신한은행
74233,한솔제사십칠차,KRZF0018P6GF,한솔제사십칠차 20260320-158-39,N,20260320,20260825,정기예금,KRW,,5000000000,5000000000,125,A1,A1,,,신한은행,자체 신용보강,자체 신용보강,신한은행
74233,한솔제사십칠차,KRZF0018P7GF,한솔제사십칠차 20260320-158-40,N,20260320,20260825,정기예금,KRW,,5000000000,5000000000,125,A1,A1,,,신한은행,자체 신용보강,자체 신용보강,신한은행
74233,한솔제사십칠차,KRZF0018P8GF,한솔제사십칠차 20260320-158-41,N,20260320,20260825,정기예금,KRW,,5000000000,5000000000,125,A1,A1,,,신한은행,자체 신용보강,자체 신용보강,신한은행
74233,한솔제사십칠차,KRZF0018P9GF,한솔제사십칠차 20260320-158-42,N,20260320,20260825,정기예금,KRW,,5000000000,5000000000,125,A1,A1,,,신한은행,자체 신용보강,자체 신용보강,신한은행
74233,한솔제사십칠차,KRZF0018PAGF,한솔제사십칠차 20260320-158-43,N,20260320,20260825,정기예금,KRW,,5000000000,5000000000,125,A1,A1,,,신한은행,자체 신용보강,자체 신용보강,신한은행
74233,한솔제사십칠차,KRZF0018PBGF,한솔제사십칠차 20260320-158-44,N,20260320,20260825,정기예금,KRW,,5000000000,5000000000,125,A1,A1,,,신한은행,자체 신용보강,자체 신용보강,신한은행
74233,한솔제사십칠차,KRZF0018PCGF,한솔제사십칠차 20260320-158-45,N,20260320,20260825,정기예금,KRW,,5000000000,5000000000,125,A1,A1,,,신한은행,자체 신용보강,자체 신용보강,신한은행
74233,한솔제사십칠차,KRZF0018PDGF,한솔제사십칠차 20260320-158-46,N,20260320,20260825,정기예금,KRW,,5000000000,5000000000,125,A1,A1,,,신한은행,자체 신용보강,자체 신용보강,신한은행
74233,한솔제사십칠차,KRZF0018PEGF,한솔제사십칠차 20260320-158-47,N,20260320,20260825,정기예금,KRW,,5000000000,5000000000,125,A1,A1,,,신한은행,자체 신용보강,자체 신용보강,신한은행
74233,한솔제사십칠차,KRZF0018PFGF,한솔제사십칠차 20260320-158-48,N,20260320,20260825,정기예금,KRW,,5000000000,5000000000,125,A1,A1,,,신한은행,자체 신용보강,자체 신용보강,신한은행
74233,한솔제사십칠차,KRZF0018PGGF,한솔제사십칠차 20260320-322-49,N,20260320,20270205,정기예금,KRW,,430000000,430000000,289,A1,A1,,,신한은행,자체 신용보강,자체 신용보강,신한은행
67124,드래곤하나제일차,KRZFA43391G3,드래곤하나제일차 20260319-92-1,N,20260319,20260619,대출채권,KRW,,5000000000,5000000000,58,A1,A1,,,서부티엔디,차환발행위험(유동성 공여형 매입약정),금융기관,하나은행
67124,드래곤하나제일차,KRZFA43392G3,드래곤하나제일차 20260319-92-2,N,20260319,20260619,대출채권,KRW,,5000000000,5000000000,58,A1,A1,,,서부티엔디,차환발행위험(유동성 공여형 매입약정),금융기관,하나은행
67124,드래곤하나제일차,KRZFA43393G3,드래곤하나제일차 20260319-92-3,N,20260319,20260619,대출채권,KRW,,5000000000,5000000000,58,A1,A1,,,서부티엔디,차환발행위험(유동성 공여형 매입약정),금융기관,하나은행
67124,드래곤하나제일차,KRZFA43394G3,드래곤하나제일차 20260319-92-4,N,20260319,20260619,대출채권,KRW,,5000000000,5000000000,58,A1,A1,,,서부티엔디,차환발행위험(유동성 공여형 매입약정),금융기관,하나은행
67124,드래곤하나제일차,KRZFA43395G3,드래곤하나제일차 20260319-92-5,N,20260319,20260619,대출채권,KRW,,5000000000,5000000000,58,A1,A1,,,서부티엔디,차환발행위험(유동성 공여형 매입약정),금융기관,하나은행
67124,드래곤하나제일차,KRZFA43396G3,드래곤하나제일차 20260319-92-6,N,20260319,20260619,대출채권,KRW,,5000000000,5000000000,58,A1,A1,,,서부티엔디,차환발행위험(유동성 공여형 매입약정),금융기관,하나은행
74211,메이플트리제이차,KRZF0162C1G3,메이플트리제이차 20260319-123-1,N,20260319,20260720,정기예금,KRW,,5000000000,5000000000,89,A1,A1,,,신한은행,자체 신용보강,자체 신용보강,신한은행
74211,메이플트리제이차,KRZF0162CAG3,메이플트리제이차 20260319-123-10,N,20260319,20260720,정기예금,KRW,,5000000000,5000000000,89,A1,A1,,,신한은행,자체 신용보강,자체 신용보강,신한은행
74211,메이플트리제이차,KRZF0162CBG3,메이플트리제이차 20260319-123-11,N,20260319,20260720,정기예금,KRW,,5000000000,5000000000,89,A1,A1,,,신한은행,자체 신용보강,자체 신용보강,신한은행
74211,메이플트리제이차,KRZF0162CCG3,메이플트리제이차 20260319-123-12,N,20260319,20260720,정기예금,KRW,,5000000000,5000000000,89,A1,A1,,,신한은행,자체 신용보강,자체 신용보강,신한은행
74211,메이플트리제이차,KRZF0162CDG3,메이플트리제이차 20260319-123-13,N,20260319,20260720,정기예금,KRW,,5000000000,5000000000,89,A1,A1,,,신한은행,자체 신용보강,자체 신용보강,신한은행
74211,메이플트리제이차,KRZF0162CEG3,메이플트리제이차 20260319-123-14,N,20260319,20260720,정기예금,KRW,,5000000000,5000000000,89,A1,A1,,,신한은행,자체 신용보강,자체 신용보강,신한은행
74211,메이플트리제이차,KRZF0162CFG3,메이플트리제이차 20260319-123-15,N,20260319,20260720,정기예금,KRW,,5000000000,5000000000,89,A1,A1,,,신한은행,자체 신용보강,자체 신용보강,신한은행
74211,메이플트리제이차,KRZF0162CGG3,메이플트리제이차 20260319-123-16,N,20260319,20260720,정기예금,KRW,,5000000000,5000000000,89,A1,A1,,,신한은행,자체 신용보강,자체 신용보강,신한은행
74211,메이플트리제이차,KRZF0162CHG3,메이플트리제이차 20260319-123-17,N,20260319,20260720,정기예금,KRW,,5000000000,5000000000,89,A1,A1,,,신한은행,자체 신용보강,자체 신용보강,신한은행
74211,메이플트리제이차,KRZF0162CJG3,메이플트리제이차 20260319-123-18,N,20260319,20260720,정기예금,KRW,,5000000000,5000000000,89,A1,A1,,,신한은행,자체 신용보강,자체 신용보강,신한은행
74211,메이플트리제이차,KRZF0162CKG3,메이플트리제이차 20260319-123-19,N,20260319,20260720,정기예금,KRW,,5000000000,5000000000,89,A1,A1,,,신한은행,자체 신용보강,자체 신용보강,신한은행
74211,메이플트리제이차,KRZF0162C2G3,메이플트리제이차 20260319-123-2,N,20260319,20260720,정기예금,KRW,,5000000000,5000000000,89,A1,A1,,,신한은행,자체 신용보강,자체 신용보강,신한은행
74211,메이플트리제이차,KRZF0162CLG3,메이플트리제이차 20260319-123-20,N,20260319,20260720,정기예금,KRW,,5000000000,5000000000,89,A1,A1,,,신한은행,자체 신용보강,자체 신용보강,신한은행
74211,메이플트리제이차,KRZF0162CMG3,메이플트리제이차 20260319-123-21,N,20260319,20260720,정기예금,KRW,,5000000000,5000000000,89,A1,A1,,,신한은행,자체 신용보강,자체 신용보강,신한은행
74211,메이플트리제이차,KRZF0162CNG3,메이플트리제이차 20260319-123-22,N,20260319,20260720,정기예금,KRW,,5000000000,5000000000,89,A1,A1,,,신한은행,자체 신용보강,자체 신용보강,신한은행
74211,메이플트리제이차,KRZF0162CPG3,메이플트리제이차 20260319-123-23,N,20260319,20260720,정기예금,KRW,,5000000000,5000000000,89,A1,A1,,,신한은행,자체 신용보강,자체 신용보강,신한은행
74211,메이플트리제이차,KRZF0162CQG3,메이플트리제이차 20260319-123-24,N,20260319,20260720,정기예금,KRW,,5000000000,5000000000,89,A1,A1,,,신한은행,자체 신용보강,자체 신용보강,신한은행
74211,메이플트리제이차,KRZF0162CRG3,메이플트리제이차 20260319-123-25,N,20260319,20260720,정기예금,KRW,,5000000000,5000000000,89,A1,A1,,,신한은행,자체 신용보강,자체 신용보강,신한은행
74211,메이플트리제이차,KRZF0162CSG3,메이플트리제이차 20260319-123-26,N,20260319,20260720,정기예금,KRW,,5000000000,5000000000,89,A1,A1,,,신한은행,자체 신용보강,자체 신용보강,신한은행
74211,메이플트리제이차,KRZF0162CTG3,메이플트리제이차 20260319-123-27,N,20260319,20260720,정기예금,KRW,,5000000000,5000000000,89,A1,A1,,,신한은행,자체 신용보강,자체 신용보강,신한은행
74211,메이플트리제이차,KRZF0162CVG3,메이플트리제이차 20260319-123-28,N,20260319,20260720,정기예금,KRW,,5000000000,5000000000,89,A1,A1,,,신한은행,자체 신용보강,자체 신용보강,신한은행
74211,메이플트리제이차,KRZF0162CWG3,메이플트리제이차 20260319-123-29,N,20260319,20260720,정기예금,KRW,,5000000000,5000000000,89,A1,A1,,,신한은행,자체 신용보강,자체 신용보강,신한은행
74211,메이플트리제이차,KRZF0162C3G3,메이플트리제이차 20260319-123-3,N,20260319,20260720,정기예금,KRW,,5000000000,5000000000,89,A1,A1,,,신한은행,자체 신용보강,자체 신용보강,신한은행
74211,메이플트리제이차,KRZF0162CXG3,메이플트리제이차 20260319-123-30,N,20260319,20260720,정기예금,KRW,,5000000000,5000000000,89,A1,A1,,,신한은행,자체 신용보강,자체 신용보강,신한은행
74211,메이플트리제이차,KRZF0162CYG3,메이플트리제이차 20260319-123-31,N,20260319,20260720,정기예금,KRW,,5000000000,5000000000,89,A1,A1,,,신한은행,자체 신용보강,자체 신용보강,신한은행
74211,메이플트리제이차,KRZF0162CZG3,메이플트리제이차 20260319-123-32,N,20260319,20260720,정기예금,KRW,,5000000000,5000000000,89,A1,A1,,,신한은행,자체 신용보강,자체 신용보강,신한은행
74211,메이플트리제이차,KRZF0162C0GF,메이플트리제이차 20260319-123-33,N,20260319,20260720,정기예금,KRW,,5000000000,5000000000,89,A1,A1,,,신한은행,자체 신용보강,자체 신용보강,신한은행
74211,메이플트리제이차,KRZF0162C1GF,메이플트리제이차 20260319-123-34,N,20260319,20260720,정기예금,KRW,,5000000000,5000000000,89,A1,A1,,,신한은행,자체 신용보강,자체 신용보강,신한은행
74211,메이플트리제이차,KRZF0162C2GF,메이플트리제이차 20260319-123-35,N,20260319,20260720,정기예금,KRW,,5000000000,5000000000,89,A1,A1,,,신한은행,자체 신용보강,자체 신용보강,신한은행
74211,메이플트리제이차,KRZF0162C3GF,메이플트리제이차 20260319-123-36,N,20260319,20260720,정기예금,KRW,,5000000000,5000000000,89,A1,A1,,,신한은행,자체 신용보강,자체 신용보강,신한은행
74211,메이플트리제이차,KRZF0162C4GF,메이플트리제이차 20260319-123-37,N,20260319,20260720,정기예금,KRW,,5000000000,5000000000,89,A1,A1,,,신한은행,자체 신용보강,자체 신용보강,신한은행
74211,메이플트리제이차,KRZF0162C5GF,메이플트리제이차 20260319-123-38,N,20260319,20260720,정기예금,KRW,,5000000000,5000000000,89,A1,A1,,,신한은행,자체 신용보강,자체 신용보강,신한은행
74211,메이플트리제이차,KRZF0162C6GF,메이플트리제이차 20260319-123-39,N,20260319,20260720,정기예금,KRW,,5000000000,5000000000,89,A1,A1,,,신한은행,자체 신용보강,자체 신용보강,신한은행
74211,메이플트리제이차,KRZF0162C4G3,메이플트리제이차 20260319-123-4,N,20260319,20260720,정기예금,KRW,,5000000000,5000000000,89,A1,A1,,,신한은행,자체 신용보강,자체 신용보강,신한은행
74211,메이플트리제이차,KRZF0162C7GF,메이플트리제이차 20260319-123-40,N,20260319,20260720,정기예금,KRW,,5000000000,5000000000,89,A1,A1,,,신한은행,자체 신용보강,자체 신용보강,신한은행
74211,메이플트리제이차,KRZF0162C8GF,메이플트리제이차 20260319-123-41,N,20260319,20260720,정기예금,KRW,,5000000000,5000000000,89,A1,A1,,,신한은행,자체 신용보강,자체 신용보강,신한은행
74211,메이플트리제이차,KRZF0162C9GF,메이플트리제이차 20260319-123-42,N,20260319,20260720,정기예금,KRW,,5000000000,5000000000,89,A1,A1,,,신한은행,자체 신용보강,자체 신용보강,신한은행
74211,메이플트리제이차,KRZF0162CAGF,메이플트리제이차 20260319-123-43,N,20260319,20260720,정기예금,KRW,,5000000000,5000000000,89,A1,A1,,,신한은행,자체 신용보강,자체 신용보강,신한은행
74211,메이플트리제이차,KRZF0162CBGF,메이플트리제이차 20260319-123-44,N,20260319,20260720,정기예금,KRW,,5000000000,5000000000,89,A1,A1,,,신한은행,자체 신용보강,자체 신용보강,신한은행
74211,메이플트리제이차,KRZF0162CCGF,메이플트리제이차 20260319-123-45,N,20260319,20260720,정기예금,KRW,,5000000000,5000000000,89,A1,A1,,,신한은행,자체 신용보강,자체 신용보강,신한은행
74211,메이플트리제이차,KRZF0162CDGF,메이플트리제이차 20260319-123-46,N,20260319,20260720,정기예금,KRW,,5000000000,5000000000,89,A1,A1,,,신한은행,자체 신용보강,자체 신용보강,신한은행
74211,메이플트리제이차,KRZF0162C5G3,메이플트리제이차 20260319-123-5,N,20260319,20260720,정기예금,KRW,,5000000000,5000000000,89,A1,A1,,,신한은행,자체 신용보강,자체 신용보강,신한은행
74211,메이플트리제이차,KRZF0162C6G3,메이플트리제이차 20260319-123-6,N,20260319,20260720,정기예금,KRW,,5000000000,5000000000,89,A1,A1,,,신한은행,자체 신용보강,자체 신용보강,신한은행
74211,메이플트리제이차,KRZF0162C7G3,메이플트리제이차 20260319-123-7,N,20260319,20260720,정기예금,KRW,,5000000000,5000000000,89,A1,A1,,,신한은행,자체 신용보강,자체 신용보강,신한은행
74211,메이플트리제이차,KRZF0162C8G3,메이플트리제이차 20260319-123-8,N,20260319,20260720,정기예금,KRW,,5000000000,5000000000,89,A1,A1,,,신한은행,자체 신용보강,자체 신용보강,신한은행
74211,메이플트리제이차,KRZF0162C9G3,메이플트리제이차 20260319-123-9,N,20260319,20260720,정기예금,KRW,,5000000000,5000000000,89,A1,A1,,,신한은행,자체 신용보강,자체 신용보강,신한은행
74211,메이플트리제이차,KRZF0162CEGF,메이플트리제이차 20260319-215-47,N,20260319,20261020,정기예금,KRW,,5000000000,5000000000,181,A1,A1,,,신한은행,자체 신용보강,자체 신용보강,신한은행
74211,메이플트리제이차,KRZF0162CFGF,메이플트리제이차 20260319-215-48,N,20260319,20261020,정기예금,KRW,,5000000000,5000000000,181,A1,A1,,,신한은행,자체 신용보강,자체 신용보강,신한은행
74211,메이플트리제이차,KRZF0162CGGF,메이플트리제이차 20260319-307-49,N,20260319,20270120,정기예금,KRW,,344000000,344000000,273,A1,A1,,,신한은행,자체 신용보강,자체 신용보강,신한은행
74209,베아투스제이차,KRZF0157H1G3,베아투스제이차 20260319-322-1,N,20260319,20270204,정기예금,KRW,,5000000000,5000000000,288,A1,A1,,,부산은행,자체 신용보강,자체 신용보강,부산은행
74209,베아투스제이차,KRZF0157HAG3,베아투스제이차 20260319-322-10,N,20260319,20270204,정기예금,KRW,,5000000000,5000000000,288,A1,A1,,,부산은행,자체 신용보강,자체 신용보강,부산은행
74209,베아투스제이차,KRZF0157HBG3,베아투스제이차 20260319-322-11,N,20260319,20270204,정기예금,KRW,,5000000000,5000000000,288,A1,A1,,,부산은행,자체 신용보강,자체 신용보강,부산은행
74209,베아투스제이차,KRZF0157HCG3,베아투스제이차 20260319-322-12,N,20260319,20270204,정기예금,KRW,,5000000000,5000000000,288,A1,A1,,,부산은행,자체 신용보강,자체 신용보강,부산은행
74209,베아투스제이차,KRZF0157HDG3,베아투스제이차 20260319-322-13,N,20260319,20270204,정기예금,KRW,,5000000000,5000000000,288,A1,A1,,,부산은행,자체 신용보강,자체 신용보강,부산은행
74209,베아투스제이차,KRZF0157HEG3,베아투스제이차 20260319-322-14,N,20260319,20270204,정기예금,KRW,,5000000000,5000000000,288,A1,A1,,,부산은행,자체 신용보강,자체 신용보강,부산은행
74209,베아투스제이차,KRZF0157HFG3,베아투스제이차 20260319-322-15,N,20260319,20270204,정기예금,KRW,,5000000000,5000000000,288,A1,A1,,,부산은행,자체 신용보강,자체 신용보강,부산은행
74209,베아투스제이차,KRZF0157HGG3,베아투스제이차 20260319-322-16,N,20260319,20270204,정기예금,KRW,,5000000000,5000000000,288,A1,A1,,,부산은행,자체 신용보강,자체 신용보강,부산은행
74209,베아투스제이차,KRZF0157HHG3,베아투스제이차 20260319-322-17,N,20260319,20270204,정기예금,KRW,,5000000000,5000000000,288,A1,A1,,,부산은행,자체 신용보강,자체 신용보강,부산은행
74209,베아투스제이차,KRZF0157HJG3,베아투스제이차 20260319-322-18,N,20260319,20270204,정기예금,KRW,,5000000000,5000000000,288,A1,A1,,,부산은행,자체 신용보강,자체 신용보강,부산은행
74209,베아투스제이차,KRZF0157HKG3,베아투스제이차 20260319-322-19,N,20260319,20270204,정기예금,KRW,,5000000000,5000000000,288,A1,A1,,,부산은행,자체 신용보강,자체 신용보강,부산은행
74209,베아투스제이차,KRZF0157H2G3,베아투스제이차 20260319-322-2,N,20260319,20270204,정기예금,KRW,,5000000000,5000000000,288,A1,A1,,,부산은행,자체 신용보강,자체 신용보강,부산은행
74209,베아투스제이차,KRZF0157HLG3,베아투스제이차 20260319-322-20,N,20260319,20270204,정기예금,KRW,,5000000000,5000000000,288,A1,A1,,,부산은행,자체 신용보강,자체 신용보강,부산은행
74209,베아투스제이차,KRZF0157HMG3,베아투스제이차 20260319-322-21,N,20260319,20270204,정기예금,KRW,,5000000000,5000000000,288,A1,A1,,,부산은행,자체 신용보강,자체 신용보강,부산은행
74209,베아투스제이차,KRZF0157HNG3,베아투스제이차 20260319-322-22,N,20260319,20270204,정기예금,KRW,,5000000000,5000000000,288,A1,A1,,,부산은행,자체 신용보강,자체 신용보강,부산은행
74209,베아투스제이차,KRZF0157HPG3,베아투스제이차 20260319-322-23,N,20260319,20270204,정기예금,KRW,,5000000000,5000000000,288,A1,A1,,,부산은행,자체 신용보강,자체 신용보강,부산은행
74209,베아투스제이차,KRZF0157HQG3,베아투스제이차 20260319-322-24,N,20260319,20270204,정기예금,KRW,,5000000000,5000000000,288,A1,A1,,,부산은행,자체 신용보강,자체 신용보강,부산은행
74209,베아투스제이차,KRZF0157HRG3,베아투스제이차 20260319-322-25,N,20260319,20270204,정기예금,KRW,,5000000000,5000000000,288,A1,A1,,,부산은행,자체 신용보강,자체 신용보강,부산은행
74209,베아투스제이차,KRZF0157HSG3,베아투스제이차 20260319-322-26,N,20260319,20270204,정기예금,KRW,,5000000000,5000000000,288,A1,A1,,,부산은행,자체 신용보강,자체 신용보강,부산은행
74209,베아투스제이차,KRZF0157HTG3,베아투스제이차 20260319-322-27,N,20260319,20270204,정기예금,KRW,,5000000000,5000000000,288,A1,A1,,,부산은행,자체 신용보강,자체 신용보강,부산은행
74209,베아투스제이차,KRZF0157HVG3,베아투스제이차 20260319-322-28,N,20260319,20270204,정기예금,KRW,,5000000000,5000000000,288,A1,A1,,,부산은행,자체 신용보강,자체 신용보강,부산은행
74209,베아투스제이차,KRZF0157H3G3,베아투스제이차 20260319-322-3,N,20260319,20270204,정기예금,KRW,,5000000000,5000000000,288,A1,A1,,,부산은행,자체 신용보강,자체 신용보강,부산은행
74209,베아투스제이차,KRZF0157H4G3,베아투스제이차 20260319-322-4,N,20260319,20270204,정기예금,KRW,,5000000000,5000000000,288,A1,A1,,,부산은행,자체 신용보강,자체 신용보강,부산은행
74209,베아투스제이차,KRZF0157H5G3,베아투스제이차 20260319-322-5,N,20260319,20270204,정기예금,KRW,,5000000000,5000000000,288,A1,A1,,,부산은행,자체 신용보강,자체 신용보강,부산은행
74209,베아투스제이차,KRZF0157H6G3,베아투스제이차 20260319-322-6,N,20260319,20270204,정기예금,KRW,,5000000000,5000000000,288,A1,A1,,,부산은행,자체 신용보강,자체 신용보강,부산은행
74209,베아투스제이차,KRZF0157H7G3,베아투스제이차 20260319-322-7,N,20260319,20270204,정기예금,KRW,,5000000000,5000000000,288,A1,A1,,,부산은행,자체 신용보강,자체 신용보강,부산은행
74209,베아투스제이차,KRZF0157H8G3,베아투스제이차 20260319-322-8,N,20260319,20270204,정기예금,KRW,,5000000000,5000000000,288,A1,A1,,,부산은행,자체 신용보강,자체 신용보강,부산은행
74209,베아투스제이차,KRZF0157H9G3,베아투스제이차 20260319-322-9,N,20260319,20270204,정기예금,KRW,,5000000000,5000000000,288,A1,A1,,,부산은행,자체 신용보강,자체 신용보강,부산은행
74196,비엔케이썸제이십삼차,KRZF0004L1G3,비엔케이썸제이십삼차 20260319-195-1,Y,20260319,20260930,PF대출채권,KRW,,200000000,200000000,161,,A1,A1,,케이스퀘어용산피에프브이(주),외부 신용보강,일반기업,현대건설
74203,신한챔피온제팔차,KRZFA49511G3,신한챔피온제팔차 20260319-210-1,N,20260319,20261015,정기예금,KRW,,5000000000,5000000000,176,,A1,A1,,신한은행,자체 신용보강,자체 신용보강,신한은행
74203,신한챔피온제팔차,KRZFA4951AG3,신한챔피온제팔차 20260319-210-10,N,20260319,20261015,정기예금,KRW,,5000000000,5000000000,176,,A1,A1,,신한은행,자체 신용보강,자체 신용보강,신한은행
74203,신한챔피온제팔차,KRZFA4951BG3,신한챔피온제팔차 20260319-210-11,N,20260319,20261015,정기예금,KRW,,5000000000,5000000000,176,,A1,A1,,신한은행,자체 신용보강,자체 신용보강,신한은행
74203,신한챔피온제팔차,KRZFA4951CG3,신한챔피온제팔차 20260319-210-12,N,20260319,20261015,정기예금,KRW,,5000000000,5000000000,176,,A1,A1,,신한은행,자체 신용보강,자체 신용보강,신한은행
74203,신한챔피온제팔차,KRZFA4951DG3,신한챔피온제팔차 20260319-210-13,N,20260319,20261015,정기예금,KRW,,5000000000,5000000000,176,,A1,A1,,신한은행,자체 신용보강,자체 신용보강,신한은행
74203,신한챔피온제팔차,KRZFA4951EG3,신한챔피온제팔차 20260319-210-14,N,20260319,20261015,정기예금,KRW,,5000000000,5000000000,176,,A1,A1,,신한은행,자체 신용보강,자체 신용보강,신한은행
74203,신한챔피온제팔차,KRZFA4951FG3,신한챔피온제팔차 20260319-210-15,N,20260319,20261015,정기예금,KRW,,5000000000,5000000000,176,,A1,A1,,신한은행,자체 신용보강,자체 신용보강,신한은행
74203,신한챔피온제팔차,KRZFA4951GG3,신한챔피온제팔차 20260319-210-16,N,20260319,20261015,정기예금,KRW,,5000000000,5000000000,176,,A1,A1,,신한은행,자체 신용보강,자체 신용보강,신한은행
74203,신한챔피온제팔차,KRZFA4951HG3,신한챔피온제팔차 20260319-210-17,N,20260319,20261015,정기예금,KRW,,5000000000,5000000000,176,,A1,A1,,신한은행,자체 신용보강,자체 신용보강,신한은행
74203,신한챔피온제팔차,KRZFA4951JG3,신한챔피온제팔차 20260319-210-18,N,20260319,20261015,정기예금,KRW,,5000000000,5000000000,176,,A1,A1,,신한은행,자체 신용보강,자체 신용보강,신한은행
74203,신한챔피온제팔차,KRZFA4951KG3,신한챔피온제팔차 20260319-210-19,N,20260319,20261015,정기예금,KRW,,5000000000,5000000000,176,,A1,A1,,신한은행,자체 신용보강,자체 신용보강,신한은행
74203,신한챔피온제팔차,KRZFA49512G3,신한챔피온제팔차 20260319-210-2,N,20260319,20261015,정기예금,KRW,,5000000000,5000000000,176,,A1,A1,,신한은행,자체 신용보강,자체 신용보강,신한은행
74203,신한챔피온제팔차,KRZFA4951LG3,신한챔피온제팔차 20260319-210-20,N,20260319,20261015,정기예금,KRW,,5000000000,5000000000,176,,A1,A1,,신한은행,자체 신용보강,자체 신용보강,신한은행
74203,신한챔피온제팔차,KRZFA4951MG3,신한챔피온제팔차 20260319-210-21,N,20260319,20261015,정기예금,KRW,,5000000000,5000000000,176,,A1,A1,,신한은행,자체 신용보강,자체 신용보강,신한은행
74203,신한챔피온제팔차,KRZFA4951NG3,신한챔피온제팔차 20260319-210-22,N,20260319,20261015,정기예금,KRW,,5000000000,5000000000,176,,A1,A1,,신한은행,자체 신용보강,자체 신용보강,신한은행
74203,신한챔피온제팔차,KRZFA4951PG3,신한챔피온제팔차 20260319-210-23,N,20260319,20261015,정기예금,KRW,,5000000000,5000000000,176,,A1,A1,,신한은행,자체 신용보강,자체 신용보강,신한은행
74203,신한챔피온제팔차,KRZFA4951QG3,신한챔피온제팔차 20260319-210-24,N,20260319,20261015,정기예금,KRW,,5000000000,5000000000,176,,A1,A1,,신한은행,자체 신용보강,자체 신용보강,신한은행
74203,신한챔피온제팔차,KRZFA4951RG3,신한챔피온제팔차 20260319-210-25,N,20260319,20261015,정기예금,KRW,,5000000000,5000000000,176,,A1,A1,,신한은행,자체 신용보강,자체 신용보강,신한은행
74203,신한챔피온제팔차,KRZFA4951SG3,신한챔피온제팔차 20260319-210-26,N,20260319,20261015,정기예금,KRW,,5000000000,5000000000,176,,A1,A1,,신한은행,자체 신용보강,자체 신용보강,신한은행
74203,신한챔피온제팔차,KRZFA4951TG3,신한챔피온제팔차 20260319-210-27,N,20260319,20261015,정기예금,KRW,,5000000000,5000000000,176,,A1,A1,,신한은행,자체 신용보강,자체 신용보강,신한은행
74203,신한챔피온제팔차,KRZFA4951VG3,신한챔피온제팔차 20260319-210-28,N,20260319,20261015,정기예금,KRW,,5000000000,5000000000,176,,A1,A1,,신한은행,자체 신용보강,자체 신용보강,신한은행
74203,신한챔피온제팔차,KRZFA4951WG3,신한챔피온제팔차 20260319-210-29,N,20260319,20261015,정기예금,KRW,,5000000000,5000000000,176,,A1,A1,,신한은행,자체 신용보강,자체 신용보강,신한은행
74203,신한챔피온제팔차,KRZFA49513G3,신한챔피온제팔차 20260319-210-3,N,20260319,20261015,정기예금,KRW,,5000000000,5000000000,176,,A1,A1,,신한은행,자체 신용보강,자체 신용보강,신한은행
74203,신한챔피온제팔차,KRZFA4951XG3,신한챔피온제팔차 20260319-210-30,N,20260319,20261015,정기예금,KRW,,5000000000,5000000000,176,,A1,A1,,신한은행,자체 신용보강,자체 신용보강,신한은행
74203,신한챔피온제팔차,KRZFA4951YG3,신한챔피온제팔차 20260319-210-31,N,20260319,20261015,정기예금,KRW,,5000000000,5000000000,176,,A1,A1,,신한은행,자체 신용보강,자체 신용보강,신한은행
74203,신한챔피온제팔차,KRZFA4951ZG3,신한챔피온제팔차 20260319-210-32,N,20260319,20261015,정기예금,KRW,,5000000000,5000000000,176,,A1,A1,,신한은행,자체 신용보강,자체 신용보강,신한은행
74203,신한챔피온제팔차,KRZFA49510GF,신한챔피온제팔차 20260319-210-33,N,20260319,20261015,정기예금,KRW,,5000000000,5000000000,176,,A1,A1,,신한은행,자체 신용보강,자체 신용보강,신한은행
74203,신한챔피온제팔차,KRZFA49511GF,신한챔피온제팔차 20260319-210-34,N,20260319,20261015,정기예금,KRW,,5000000000,5000000000,176,,A1,A1,,신한은행,자체 신용보강,자체 신용보강,신한은행
74203,신한챔피온제팔차,KRZFA49512GF,신한챔피온제팔차 20260319-210-35,N,20260319,20261015,정기예금,KRW,,5000000000,5000000000,176,,A1,A1,,신한은행,자체 신용보강,자체 신용보강,신한은행
74203,신한챔피온제팔차,KRZFA49513GF,신한챔피온제팔차 20260319-210-36,N,20260319,20261015,정기예금,KRW,,5000000000,5000000000,176,,A1,A1,,신한은행,자체 신용보강,자체 신용보강,신한은행
74203,신한챔피온제팔차,KRZFA49514GF,신한챔피온제팔차 20260319-210-37,N,20260319,20261015,정기예금,KRW,,5000000000,5000000000,176,,A1,A1,,신한은행,자체 신용보강,자체 신용보강,신한은행
74203,신한챔피온제팔차,KRZFA49515GF,신한챔피온제팔차 20260319-210-38,N,20260319,20261015,정기예금,KRW,,5000000000,5000000000,176,,A1,A1,,신한은행,자체 신용보강,자체 신용보강,신한은행
74203,신한챔피온제팔차,KRZFA49516GF,신한챔피온제팔차 20260319-210-39,N,20260319,20261015,정기예금,KRW,,5000000000,5000000000,176,,A1,A1,,신한은행,자체 신용보강,자체 신용보강,신한은행
74203,신한챔피온제팔차,KRZFA49514G3,신한챔피온제팔차 20260319-210-4,N,20260319,20261015,정기예금,KRW,,5000000000,5000000000,176,,A1,A1,,신한은행,자체 신용보강,자체 신용보강,신한은행
74203,신한챔피온제팔차,KRZFA49517GF,신한챔피온제팔차 20260319-210-40,N,20260319,20261015,정기예금,KRW,,5000000000,5000000000,176,,A1,A1,,신한은행,자체 신용보강,자체 신용보강,신한은행
74203,신한챔피온제팔차,KRZFA49518GF,신한챔피온제팔차 20260319-210-41,N,20260319,20261015,정기예금,KRW,,5000000000,5000000000,176,,A1,A1,,신한은행,자체 신용보강,자체 신용보강,신한은행
74203,신한챔피온제팔차,KRZFA49519GF,신한챔피온제팔차 20260319-210-42,N,20260319,20261015,정기예금,KRW,,5000000000,5000000000,176,,A1,A1,,신한은행,자체 신용보강,자체 신용보강,신한은행
74203,신한챔피온제팔차,KRZFA4951AGF,신한챔피온제팔차 20260319-210-43,N,20260319,20261015,정기예금,KRW,,5000000000,5000000000,176,,A1,A1,,신한은행,자체 신용보강,자체 신용보강,신한은행
74203,신한챔피온제팔차,KRZFA4951BGF,신한챔피온제팔차 20260319-210-44,N,20260319,20261015,정기예금,KRW,,5000000000,5000000000,176,,A1,A1,,신한은행,자체 신용보강,자체 신용보강,신한은행
74203,신한챔피온제팔차,KRZFA4951CGF,신한챔피온제팔차 20260319-210-45,N,20260319,20261015,정기예금,KRW,,5000000000,5000000000,176,,A1,A1,,신한은행,자체 신용보강,자체 신용보강,신한은행
74203,신한챔피온제팔차,KRZFA4951DGF,신한챔피온제팔차 20260319-210-46,N,20260319,20261015,정기예금,KRW,,5000000000,5000000000,176,,A1,A1,,신한은행,자체 신용보강,자체 신용보강,신한은행
74203,신한챔피온제팔차,KRZFA4951EGF,신한챔피온제팔차 20260319-210-47,N,20260319,20261015,정기예금,KRW,,5000000000,5000000000,176,,A1,A1,,신한은행,자체 신용보강,자체 신용보강,신한은행
74203,신한챔피온제팔차,KRZFA4951FGF,신한챔피온제팔차 20260319-210-48,N,20260319,20261015,정기예금,KRW,,5000000000,5000000000,176,,A1,A1,,신한은행,자체 신용보강,자체 신용보강,신한은행
74203,신한챔피온제팔차,KRZFA4951GGF,신한챔피온제팔차 20260319-210-49,N,20260319,20261015,정기예금,KRW,,5000000000,5000000000,176,,A1,A1,,신한은행,자체 신용보강,자체 신용보강,신한은행
74203,신한챔피온제팔차,KRZFA49515G3,신한챔피온제팔차 20260319-210-5,N,20260319,20261015,정기예금,KRW,,5000000000,5000000000,176,,A1,A1,,신한은행,자체 신용보강,자체 신용보강,신한은행
74203,신한챔피온제팔차,KRZFA49516G3,신한챔피온제팔차 20260319-210-6,N,20260319,20261015,정기예금,KRW,,5000000000,5000000000,176,,A1,A1,,신한은행,자체 신용보강,자체 신용보강,신한은행
74203,신한챔피온제팔차,KRZFA49517G3,신한챔피온제팔차 20260319-210-7,N,20260319,20261015,정기예금,KRW,,5000000000,5000000000,176,,A1,A1,,신한은행,자체 신용보강,자체 신용보강,신한은행
74203,신한챔피온제팔차,KRZFA49518G3,신한챔피온제팔차 20260319-210-8,N,20260319,20261015,정기예금,KRW,,5000000000,5000000000,176,,A1,A1,,신한은행,자체 신용보강,자체 신용보강,신한은행
74203,신한챔피온제팔차,KRZFA49519G3,신한챔피온제팔차 20260319-210-9,N,20260319,20261015,정기예금,KRW,,5000000000,5000000000,176,,A1,A1,,신한은행,자체 신용보강,자체 신용보강,신한은행
69268,에너빌리티하나제삼차,KRZF0030K1G3,에너빌리티하나제삼차 20260319-92-1,N,20260319,20260619,대출채권,KRW,,5000000000,5000000000,58,,A1,A1,,두산에너빌리티(주),외부 신용보강,금융기관,하나은행
69268,에너빌리티하나제삼차,KRZF0030K1G3,에너빌리티하나제삼차 20260319-92-1,N,20260319,20260619,대출채권,KRW,,5000000000,5000000000,58,,A1,A1,,두산에너빌리티(주),차환발행위험(유동성 공여형 매입약정),금융기관,하나은행
69268,에너빌리티하나제삼차,KRZF0030K1G3,에너빌리티하나제삼차 20260319-92-1,N,20260319,20260619,대출채권,KRW,,5000000000,5000000000,58,,A1,A1,,두산에너빌리티(주),금리변동/환율변동,금융기관,하나은행
69268,에너빌리티하나제삼차,KRZF0030KAG3,에너빌리티하나제삼차 20260319-92-10,N,20260319,20260619,대출채권,KRW,,5000000000,5000000000,58,,A1,A1,,두산에너빌리티(주),외부 신용보강,금융기관,하나은행
69268,에너빌리티하나제삼차,KRZF0030KAG3,에너빌리티하나제삼차 20260319-92-10,N,20260319,20260619,대출채권,KRW,,5000000000,5000000000,58,,A1,A1,,두산에너빌리티(주),차환발행위험(유동성 공여형 매입약정),금융기관,하나은행
69268,에너빌리티하나제삼차,KRZF0030KAG3,에너빌리티하나제삼차 20260319-92-10,N,20260319,20260619,대출채권,KRW,,5000000000,5000000000,58,,A1,A1,,두산에너빌리티(주),금리변동/환율변동,금융기관,하나은행
69268,에너빌리티하나제삼차,KRZF0030KBG3,에너빌리티하나제삼차 20260319-92-11,N,20260319,20260619,대출채권,KRW,,5000000000,5000000000,58,,A1,A1,,두산에너빌리티(주),외부 신용보강,금융기관,하나은행
69268,에너빌리티하나제삼차,KRZF0030KBG3,에너빌리티하나제삼차 20260319-92-11,N,20260319,20260619,대출채권,KRW,,5000000000,5000000000,58,,A1,A1,,두산에너빌리티(주),차환발행위험(유동성 공여형 매입약정),금융기관,하나은행
69268,에너빌리티하나제삼차,KRZF0030KBG3,에너빌리티하나제삼차 20260319-92-11,N,20260319,20260619,대출채권,KRW,,5000000000,5000000000,58,,A1,A1,,두산에너빌리티(주),금리변동/환율변동,금융기관,하나은행
69268,에너빌리티하나제삼차,KRZF0030KCG3,에너빌리티하나제삼차 20260319-92-12,N,20260319,20260619,대출채권,KRW,,5000000000,5000000000,58,,A1,A1,,두산에너빌리티(주),외부 신용보강,금융기관,하나은행
69268,에너빌리티하나제삼차,KRZF0030KCG3,에너빌리티하나제삼차 20260319-92-12,N,20260319,20260619,대출채권,KRW,,5000000000,5000000000,58,,A1,A1,,두산에너빌리티(주),차환발행위험(유동성 공여형 매입약정),금융기관,하나은행
69268,에너빌리티하나제삼차,KRZF0030KCG3,에너빌리티하나제삼차 20260319-92-12,N,20260319,20260619,대출채권,KRW,,5000000000,5000000000,58,,A1,A1,,두산에너빌리티(주),금리변동/환율변동,금융기관,하나은행
69268,에너빌리티하나제삼차,KRZF0030KDG3,에너빌리티하나제삼차 20260319-92-13,N,20260319,20260619,대출채권,KRW,,5000000000,5000000000,58,,A1,A1,,두산에너빌리티(주),외부 신용보강,금융기관,하나은행
69268,에너빌리티하나제삼차,KRZF0030KDG3,에너빌리티하나제삼차 20260319-92-13,N,20260319,20260619,대출채권,KRW,,5000000000,5000000000,58,,A1,A1,,두산에너빌리티(주),차환발행위험(유동성 공여형 매입약정),금융기관,하나은행
69268,에너빌리티하나제삼차,KRZF0030KDG3,에너빌리티하나제삼차 20260319-92-13,N,20260319,20260619,대출채권,KRW,,5000000000,5000000000,58,,A1,A1,,두산에너빌리티(주),금리변동/환율변동,금융기관,하나은행
69268,에너빌리티하나제삼차,KRZF0030KEG3,에너빌리티하나제삼차 20260319-92-14,N,20260319,20260619,대출채권,KRW,,5000000000,5000000000,58,,A1,A1,,두산에너빌리티(주),외부 신용보강,금융기관,하나은행
69268,에너빌리티하나제삼차,KRZF0030KEG3,에너빌리티하나제삼차 20260319-92-14,N,20260319,20260619,대출채권,KRW,,5000000000,5000000000,58,,A1,A1,,두산에너빌리티(주),차환발행위험(유동성 공여형 매입약정),금융기관,하나은행
69268,에너빌리티하나제삼차,KRZF0030KEG3,에너빌리티하나제삼차 20260319-92-14,N,20260319,20260619,대출채권,KRW,,5000000000,5000000000,58,,A1,A1,,두산에너빌리티(주),금리변동/환율변동,금융기관,하나은행
69268,에너빌리티하나제삼차,KRZF0030KFG3,에너빌리티하나제삼차 20260319-92-15,N,20260319,20260619,대출채권,KRW,,5000000000,5000000000,58,,A1,A1,,두산에너빌리티(주),외부 신용보강,금융기관,하나은행
69268,에너빌리티하나제삼차,KRZF0030KFG3,에너빌리티하나제삼차 20260319-92-15,N,20260319,20260619,대출채권,KRW,,5000000000,5000000000,58,,A1,A1,,두산에너빌리티(주),차환발행위험(유동성 공여형 매입약정),금융기관,하나은행
69268,에너빌리티하나제삼차,KRZF0030KFG3,에너빌리티하나제삼차 20260319-92-15,N,20260319,20260619,대출채권,KRW,,5000000000,5000000000,58,,A1,A1,,두산에너빌리티(주),금리변동/환율변동,금융기관,하나은행
69268,에너빌리티하나제삼차,KRZF0030KGG3,에너빌리티하나제삼차 20260319-92-16,N,20260319,20260619,대출채권,KRW,,5000000000,5000000000,58,,A1,A1,,두산에너빌리티(주),외부 신용보강,금융기관,하나은행
69268,에너빌리티하나제삼차,KRZF0030KGG3,에너빌리티하나제삼차 20260319-92-16,N,20260319,20260619,대출채권,KRW,,5000000000,5000000000,58,,A1,A1,,두산에너빌리티(주),차환발행위험(유동성 공여형 매입약정),금융기관,하나은행
69268,에너빌리티하나제삼차,KRZF0030KGG3,에너빌리티하나제삼차 20260319-92-16,N,20260319,20260619,대출채권,KRW,,5000000000,5000000000,58,,A1,A1,,두산에너빌리티(주),금리변동/환율변동,금융기관,하나은행
69268,에너빌리티하나제삼차,KRZF0030KHG3,에너빌리티하나제삼차 20260319-92-17,N,20260319,20260619,대출채권,KRW,,5000000000,5000000000,58,,A1,A1,,두산에너빌리티(주),외부 신용보강,금융기관,하나은행
69268,에너빌리티하나제삼차,KRZF0030KHG3,에너빌리티하나제삼차 20260319-92-17,N,20260319,20260619,대출채권,KRW,,5000000000,5000000000,58,,A1,A1,,두산에너빌리티(주),차환발행위험(유동성 공여형 매입약정),금융기관,하나은행
69268,에너빌리티하나제삼차,KRZF0030KHG3,에너빌리티하나제삼차 20260319-92-17,N,20260319,20260619,대출채권,KRW,,5000000000,5000000000,58,,A1,A1,,두산에너빌리티(주),금리변동/환율변동,금융기관,하나은행
69268,에너빌리티하나제삼차,KRZF0030KJG3,에너빌리티하나제삼차 20260319-92-18,N,20260319,20260619,대출채권,KRW,,5000000000,5000000000,58,,A1,A1,,두산에너빌리티(주),외부 신용보강,금융기관,하나은행
69268,에너빌리티하나제삼차,KRZF0030KJG3,에너빌리티하나제삼차 20260319-92-18,N,20260319,20260619,대출채권,KRW,,5000000000,5000000000,58,,A1,A1,,두산에너빌리티(주),차환발행위험(유동성 공여형 매입약정),금융기관,하나은행
69268,에너빌리티하나제삼차,KRZF0030KJG3,에너빌리티하나제삼차 20260319-92-18,N,20260319,20260619,대출채권,KRW,,5000000000,5000000000,58,,A1,A1,,두산에너빌리티(주),금리변동/환율변동,금융기관,하나은행
69268,에너빌리티하나제삼차,KRZF0030KKG3,에너빌리티하나제삼차 20260319-92-19,N,20260319,20260619,대출채권,KRW,,5000000000,5000000000,58,,A1,A1,,두산에너빌리티(주),외부 신용보강,금융기관,하나은행
69268,에너빌리티하나제삼차,KRZF0030KKG3,에너빌리티하나제삼차 20260319-92-19,N,20260319,20260619,대출채권,KRW,,5000000000,5000000000,58,,A1,A1,,두산에너빌리티(주),차환발행위험(유동성 공여형 매입약정),금융기관,하나은행
69268,에너빌리티하나제삼차,KRZF0030KKG3,에너빌리티하나제삼차 20260319-92-19,N,20260319,20260619,대출채권,KRW,,5000000000,5000000000,58,,A1,A1,,두산에너빌리티(주),금리변동/환율변동,금융기관,하나은행
69268,에너빌리티하나제삼차,KRZF0030K2G3,에너빌리티하나제삼차 20260319-92-2,N,20260319,20260619,대출채권,KRW,,5000000000,5000000000,58,,A1,A1,,두산에너빌리티(주),외부 신용보강,금융기관,하나은행
69268,에너빌리티하나제삼차,KRZF0030K2G3,에너빌리티하나제삼차 20260319-92-2,N,20260319,20260619,대출채권,KRW,,5000000000,5000000000,58,,A1,A1,,두산에너빌리티(주),차환발행위험(유동성 공여형 매입약정),금융기관,하나은행
69268,에너빌리티하나제삼차,KRZF0030K2G3,에너빌리티하나제삼차 20260319-92-2,N,20260319,20260619,대출채권,KRW,,5000000000,5000000000,58,,A1,A1,,두산에너빌리티(주),금리변동/환율변동,금융기관,하나은행
69268,에너빌리티하나제삼차,KRZF0030KLG3,에너빌리티하나제삼차 20260319-92-20,N,20260319,20260619,대출채권,KRW,,5000000000,5000000000,58,,A1,A1,,두산에너빌리티(주),외부 신용보강,금융기관,하나은행
69268,에너빌리티하나제삼차,KRZF0030KLG3,에너빌리티하나제삼차 20260319-92-20,N,20260319,20260619,대출채권,KRW,,5000000000,5000000000,58,,A1,A1,,두산에너빌리티(주),차환발행위험(유동성 공여형 매입약정),금융기관,하나은행
69268,에너빌리티하나제삼차,KRZF0030KLG3,에너빌리티하나제삼차 20260319-92-20,N,20260319,20260619,대출채권,KRW,,5000000000,5000000000,58,,A1,A1,,두산에너빌리티(주),금리변동/환율변동,금융기관,하나은행
69268,에너빌리티하나제삼차,KRZF0030KMG3,에너빌리티하나제삼차 20260319-92-21,N,20260319,20260619,대출채권,KRW,,5000000000,5000000000,58,,A1,A1,,두산에너빌리티(주),외부 신용보강,금융기관,하나은행
69268,에너빌리티하나제삼차,KRZF0030KMG3,에너빌리티하나제삼차 20260319-92-21,N,20260319,20260619,대출채권,KRW,,5000000000,5000000000,58,,A1,A1,,두산에너빌리티(주),차환발행위험(유동성 공여형 매입약정),금융기관,하나은행
69268,에너빌리티하나제삼차,KRZF0030KMG3,에너빌리티하나제삼차 20260319-92-21,N,20260319,20260619,대출채권,KRW,,5000000000,5000000000,58,,A1,A1,,두산에너빌리티(주),금리변동/환율변동,금융기관,하나은행
69268,에너빌리티하나제삼차,KRZF0030KNG3,에너빌리티하나제삼차 20260319-92-22,N,20260319,20260619,대출채권,KRW,,5000000000,5000000000,58,,A1,A1,,두산에너빌리티(주),외부 신용보강,금융기관,하나은행
69268,에너빌리티하나제삼차,KRZF0030KNG3,에너빌리티하나제삼차 20260319-92-22,N,20260319,20260619,대출채권,KRW,,5000000000,5000000000,58,,A1,A1,,두산에너빌리티(주),차환발행위험(유동성 공여형 매입약정),금융기관,하나은행
69268,에너빌리티하나제삼차,KRZF0030KNG3,에너빌리티하나제삼차 20260319-92-22,N,20260319,20260619,대출채권,KRW,,5000000000,5000000000,58,,A1,A1,,두산에너빌리티(주),금리변동/환율변동,금융기관,하나은행
69268,에너빌리티하나제삼차,KRZF0030KPG3,에너빌리티하나제삼차 20260319-92-23,N,20260319,20260619,대출채권,KRW,,5000000000,5000000000,58,,A1,A1,,두산에너빌리티(주),외부 신용보강,금융기관,하나은행
69268,에너빌리티하나제삼차,KRZF0030KPG3,에너빌리티하나제삼차 20260319-92-23,N,20260319,20260619,대출채권,KRW,,5000000000,5000000000,58,,A1,A1,,두산에너빌리티(주),차환발행위험(유동성 공여형 매입약정),금융기관,하나은행
69268,에너빌리티하나제삼차,KRZF0030KPG3,에너빌리티하나제삼차 20260319-92-23,N,20260319,20260619,대출채권,KRW,,5000000000,5000000000,58,,A1,A1,,두산에너빌리티(주),금리변동/환율변동,금융기관,하나은행
69268,에너빌리티하나제삼차,KRZF0030KQG3,에너빌리티하나제삼차 20260319-92-24,N,20260319,20260619,대출채권,KRW,,5000000000,5000000000,58,,A1,A1,,두산에너빌리티(주),외부 신용보강,금융기관,하나은행
69268,에너빌리티하나제삼차,KRZF0030KQG3,에너빌리티하나제삼차 20260319-92-24,N,20260319,20260619,대출채권,KRW,,5000000000,5000000000,58,,A1,A1,,두산에너빌리티(주),차환발행위험(유동성 공여형 매입약정),금융기관,하나은행
69268,에너빌리티하나제삼차,KRZF0030KQG3,에너빌리티하나제삼차 20260319-92-24,N,20260319,20260619,대출채권,KRW,,5000000000,5000000000,58,,A1,A1,,두산에너빌리티(주),금리변동/환율변동,금융기관,하나은행
69268,에너빌리티하나제삼차,KRZF0030KRG3,에너빌리티하나제삼차 20260319-92-25,N,20260319,20260619,대출채권,KRW,,5000000000,5000000000,58,,A1,A1,,두산에너빌리티(주),외부 신용보강,금융기관,하나은행
69268,에너빌리티하나제삼차,KRZF0030KRG3,에너빌리티하나제삼차 20260319-92-25,N,20260319,20260619,대출채권,KRW,,5000000000,5000000000,58,,A1,A1,,두산에너빌리티(주),차환발행위험(유동성 공여형 매입약정),금융기관,하나은행
69268,에너빌리티하나제삼차,KRZF0030KRG3,에너빌리티하나제삼차 20260319-92-25,N,20260319,20260619,대출채권,KRW,,5000000000,5000000000,58,,A1,A1,,두산에너빌리티(주),금리변동/환율변동,금융기관,하나은행
69268,에너빌리티하나제삼차,KRZF0030KSG3,에너빌리티하나제삼차 20260319-92-26,N,20260319,20260619,대출채권,KRW,,5000000000,5000000000,58,,A1,A1,,두산에너빌리티(주),외부 신용보강,금융기관,하나은행
69268,에너빌리티하나제삼차,KRZF0030KSG3,에너빌리티하나제삼차 20260319-92-26,N,20260319,20260619,대출채권,KRW,,5000000000,5000000000,58,,A1,A1,,두산에너빌리티(주),차환발행위험(유동성 공여형 매입약정),금융기관,하나은행
69268,에너빌리티하나제삼차,KRZF0030KSG3,에너빌리티하나제삼차 20260319-92-26,N,20260319,20260619,대출채권,KRW,,5000000000,5000000000,58,,A1,A1,,두산에너빌리티(주),금리변동/환율변동,금융기관,하나은행
69268,에너빌리티하나제삼차,KRZF0030K3G3,에너빌리티하나제삼차 20260319-92-3,N,20260319,20260619,대출채권,KRW,,5000000000,5000000000,58,,A1,A1,,두산에너빌리티(주),외부 신용보강,금융기관,하나은행
69268,에너빌리티하나제삼차,KRZF0030K3G3,에너빌리티하나제삼차 20260319-92-3,N,20260319,20260619,대출채권,KRW,,5000000000,5000000000,58,,A1,A1,,두산에너빌리티(주),차환발행위험(유동성 공여형 매입약정),금융기관,하나은행
69268,에너빌리티하나제삼차,KRZF0030K3G3,에너빌리티하나제삼차 20260319-92-3,N,20260319,20260619,대출채권,KRW,,5000000000,5000000000,58,,A1,A1,,두산에너빌리티(주),금리변동/환율변동,금융기관,하나은행
69268,에너빌리티하나제삼차,KRZF0030K4G3,에너빌리티하나제삼차 20260319-92-4,N,20260319,20260619,대출채권,KRW,,5000000000,5000000000,58,,A1,A1,,두산에너빌리티(주),외부 신용보강,금융기관,하나은행
69268,에너빌리티하나제삼차,KRZF0030K4G3,에너빌리티하나제삼차 20260319-92-4,N,20260319,20260619,대출채권,KRW,,5000000000,5000000000,58,,A1,A1,,두산에너빌리티(주),차환발행위험(유동성 공여형 매입약정),금융기관,하나은행
69268,에너빌리티하나제삼차,KRZF0030K4G3,에너빌리티하나제삼차 20260319-92-4,N,20260319,20260619,대출채권,KRW,,5000000000,5000000000,58,,A1,A1,,두산에너빌리티(주),금리변동/환율변동,금융기관,하나은행
69268,에너빌리티하나제삼차,KRZF0030K5G3,에너빌리티하나제삼차 20260319-92-5,N,20260319,20260619,대출채권,KRW,,5000000000,5000000000,58,,A1,A1,,두산에너빌리티(주),외부 신용보강,금융기관,하나은행
69268,에너빌리티하나제삼차,KRZF0030K5G3,에너빌리티하나제삼차 20260319-92-5,N,20260319,20260619,대출채권,KRW,,5000000000,5000000000,58,,A1,A1,,두산에너빌리티(주),차환발행위험(유동성 공여형 매입약정),금융기관,하나은행
69268,에너빌리티하나제삼차,KRZF0030K5G3,에너빌리티하나제삼차 20260319-92-5,N,20260319,20260619,대출채권,KRW,,5000000000,5000000000,58,,A1,A1,,두산에너빌리티(주),금리변동/환율변동,금융기관,하나은행
69268,에너빌리티하나제삼차,KRZF0030K6G3,에너빌리티하나제삼차 20260319-92-6,N,20260319,20260619,대출채권,KRW,,5000000000,5000000000,58,,A1,A1,,두산에너빌리티(주),외부 신용보강,금융기관,하나은행
69268,에너빌리티하나제삼차,KRZF0030K6G3,에너빌리티하나제삼차 20260319-92-6,N,20260319,20260619,대출채권,KRW,,5000000000,5000000000,58,,A1,A1,,두산에너빌리티(주),차환발행위험(유동성 공여형 매입약정),금융기관,하나은행
69268,에너빌리티하나제삼차,KRZF0030K6G3,에너빌리티하나제삼차 20260319-92-6,N,20260319,20260619,대출채권,KRW,,5000000000,5000000000,58,,A1,A1,,두산에너빌리티(주),금리변동/환율변동,금융기관,하나은행
69268,에너빌리티하나제삼차,KRZF0030K7G3,에너빌리티하나제삼차 20260319-92-7,N,20260319,20260619,대출채권,KRW,,5000000000,5000000000,58,,A1,A1,,두산에너빌리티(주),외부 신용보강,금융기관,하나은행
69268,에너빌리티하나제삼차,KRZF0030K7G3,에너빌리티하나제삼차 20260319-92-7,N,20260319,20260619,대출채권,KRW,,5000000000,5000000000,58,,A1,A1,,두산에너빌리티(주),차환발행위험(유동성 공여형 매입약정),금융기관,하나은행
69268,에너빌리티하나제삼차,KRZF0030K7G3,에너빌리티하나제삼차 20260319-92-7,N,20260319,20260619,대출채권,KRW,,5000000000,5000000000,58,,A1,A1,,두산에너빌리티(주),금리변동/환율변동,금융기관,하나은행
69268,에너빌리티하나제삼차,KRZF0030K8G3,에너빌리티하나제삼차 20260319-92-8,N,20260319,20260619,대출채권,KRW,,5000000000,5000000000,58,,A1,A1,,두산에너빌리티(주),외부 신용보강,금융기관,하나은행
69268,에너빌리티하나제삼차,KRZF0030K8G3,에너빌리티하나제삼차 20260319-92-8,N,20260319,20260619,대출채권,KRW,,5000000000,5000000000,58,,A1,A1,,두산에너빌리티(주),차환발행위험(유동성 공여형 매입약정),금융기관,하나은행
69268,에너빌리티하나제삼차,KRZF0030K8G3,에너빌리티하나제삼차 20260319-92-8,N,20260319,20260619,대출채권,KRW,,5000000000,5000000000,58,,A1,A1,,두산에너빌리티(주),금리변동/환율변동,금융기관,하나은행
69268,에너빌리티하나제삼차,KRZF0030K9G3,에너빌리티하나제삼차 20260319-92-9,N,20260319,20260619,대출채권,KRW,,5000000000,5000000000,58,,A1,A1,,두산에너빌리티(주),외부 신용보강,금융기관,하나은행
69268,에너빌리티하나제삼차,KRZF0030K9G3,에너빌리티하나제삼차 20260319-92-9,N,20260319,20260619,대출채권,KRW,,5000000000,5000000000,58,,A1,A1,,두산에너빌리티(주),차환발행위험(유동성 공여형 매입약정),금융기관,하나은행
69268,에너빌리티하나제삼차,KRZF0030K9G3,에너빌리티하나제삼차 20260319-92-9,N,20260319,20260619,대출채권,KRW,,5000000000,5000000000,58,,A1,A1,,두산에너빌리티(주),금리변동/환율변동,금융기관,하나은행
74206,우리글로리제2차,KRZF0103J1G3,우리글로리제2차 20260319-363-1,N,20260319,20270317,정기예금,KRW,,530000000,530000000,329,A1,,A1,,우리은행,자체 신용보강,자체 신용보강,우리은행
74206,우리글로리제2차,KRZF0103J2G3,우리글로리제2차 20260319-363-2,N,20260319,20270317,정기예금,KRW,,1001000000,1001000000,329,A1,,A1,,우리은행,자체 신용보강,자체 신용보강,우리은행
74146,위비월드제일차,KRZF0169N1G3,위비월드제일차 20260319-183-1,N,20260319,20260918,대출채권,KRW,,5000000000,5000000000,149,A1,,A1,,이랜드월드,외부 신용보강,금융기관,(주)우리투자증권
74146,위비월드제일차,KRZF0169N2G3,위비월드제일차 20260319-183-2,N,20260319,20260918,대출채권,KRW,,5000000000,5000000000,149,A1,,A1,,이랜드월드,외부 신용보강,금융기관,(주)우리투자증권
74146,위비월드제일차,KRZF0169N3G3,위비월드제일차 20260319-183-3,N,20260319,20260918,대출채권,KRW,,5000000000,5000000000,149,A1,,A1,,이랜드월드,외부 신용보강,금융기관,(주)우리투자증권
74146,위비월드제일차,KRZF0169N4G3,위비월드제일차 20260319-183-4,N,20260319,20260918,대출채권,KRW,,5000000000,5000000000,149,A1,,A1,,이랜드월드,외부 신용보강,금융기관,(주)우리투자증권
74146,위비월드제일차,KRZF0169N5G3,위비월드제일차 20260319-183-5,N,20260319,20260918,대출채권,KRW,,5000000000,5000000000,149,A1,,A1,,이랜드월드,외부 신용보강,금융기관,(주)우리투자증권
74146,위비월드제일차,KRZF0169N6G3,위비월드제일차 20260319-183-6,N,20260319,20260918,대출채권,KRW,,5000000000,5000000000,149,A1,,A1,,이랜드월드,외부 신용보강,금융기관,(주)우리투자증권
74204,제일글로리제2차,KRZF0084M1G3,제일글로리제2차 20260319-363-1,N,20260319,20270317,정기예금,KRW,,1023000000,1023000000,329,A1,,A1,,한국스탠다드차타드은행,자체 신용보강,자체 신용보강,한국스탠다드차타드은행
74204,제일글로리제2차,KRZF0084M2G3,제일글로리제2차 20260319-363-2,N,20260319,20270317,정기예금,KRW,,1020000000,1020000000,329,A1,,A1,,한국스탠다드차타드은행,자체 신용보강,자체 신용보강,한국스탠다드차타드은행
74205,제일베스트제3차,KRZF0084P1G3,제일베스트제3차 20260319-363-1,N,20260319,20270317,정기예금,KRW,,1023000000,1023000000,329,A1,,A1,,한국스탠다드차타드은행,자체 신용보강,자체 신용보강,한국스탠다드차타드은행
74193,케이에이치엘제십육차,KRZF0148X1G3,케이에이치엘제십육차 20260319-183-1,Y,20260319,20260918,PF대출채권,KRW,,100000000,100000000,149,A1,A1,,,범천1-1구역 도시환경정비사업조합,외부 신용보강,일반기업,현대건설
74193,케이에이치엘제십육차,KRZF0148X1G3,케이에이치엘제십육차 20260319-183-1,Y,20260319,20260918,PF대출채권,KRW,,100000000,100000000,149,A1,A1,,,범천1-1구역 도시환경정비사업조합,자체 신용보강,자체 신용보강,세금환급(국세및지방세등)
74193,케이에이치엘제십육차,KRZF0148X2G3,케이에이치엘제십육차 20260319-183-2,Y,20260319,20260918,PF대출채권,KRW,,70000000,70000000,149,A1,A1,,,범천1-1구역 도시환경정비사업조합,외부 신용보강,일반기업,현대건설
74193,케이에이치엘제십육차,KRZF0148X2G3,케이에이치엘제십육차 20260319-183-2,Y,20260319,20260918,PF대출채권,KRW,,70000000,70000000,149,A1,A1,,,범천1-1구역 도시환경정비사업조합,자체 신용보강,자체 신용보강,세금환급(국세및지방세등)
74197,투에스제십차,KRZF0178A1G3,투에스제십차 20260319-364-1,Y,20260319,20270318,PF대출채권,KRW,,40000000,40000000,330,,A1,A1,,케이스퀘어용산피에프브이(주),외부 신용보강,금융기관,비엔케이투자증권
74197,투에스제십차,KRZF0178A1G3,투에스제십차 20260319-364-1,Y,20260319,20270318,PF대출채권,KRW,,40000000,40000000,330,,A1,A1,,케이스퀘어용산피에프브이(주),자체 신용보강,자체 신용보강,세금환급(국세및지방세등)
74200,한솔제오십차,KRZF0058H1G3,한솔제오십차 20260319-278-1,N,20260319,20261222,정기예금,KRW,,5000000000,5000000000,244,A1,A1,,,농협은행,자체 신용보강,자체 신용보강,농협은행
74200,한솔제오십차,KRZF0058HAG3,한솔제오십차 20260319-278-10,N,20260319,20261222,정기예금,KRW,,5000000000,5000000000,244,A1,A1,,,농협은행,자체 신용보강,자체 신용보강,농협은행
74200,한솔제오십차,KRZF0058HBG3,한솔제오십차 20260319-278-11,N,20260319,20261222,정기예금,KRW,,5000000000,5000000000,244,A1,A1,,,농협은행,자체 신용보강,자체 신용보강,농협은행
74200,한솔제오십차,KRZF0058HCG3,한솔제오십차 20260319-278-12,N,20260319,20261222,정기예금,KRW,,5000000000,5000000000,244,A1,A1,,,농협은행,자체 신용보강,자체 신용보강,농협은행
74200,한솔제오십차,KRZF0058HDG3,한솔제오십차 20260319-278-13,N,20260319,20261222,정기예금,KRW,,5000000000,5000000000,244,A1,A1,,,농협은행,자체 신용보강,자체 신용보강,농협은행
74200,한솔제오십차,KRZF0058HEG3,한솔제오십차 20260319-278-14,N,20260319,20261222,정기예금,KRW,,5000000000,5000000000,244,A1,A1,,,농협은행,자체 신용보강,자체 신용보강,농협은행
74200,한솔제오십차,KRZF0058HFG3,한솔제오십차 20260319-278-15,N,20260319,20261222,정기예금,KRW,,5000000000,5000000000,244,A1,A1,,,농협은행,자체 신용보강,자체 신용보강,농협은행
74200,한솔제오십차,KRZF0058HGG3,한솔제오십차 20260319-278-16,N,20260319,20261222,정기예금,KRW,,5000000000,5000000000,244,A1,A1,,,농협은행,자체 신용보강,자체 신용보강,농협은행
74200,한솔제오십차,KRZF0058HHG3,한솔제오십차 20260319-278-17,N,20260319,20261222,정기예금,KRW,,5000000000,5000000000,244,A1,A1,,,농협은행,자체 신용보강,자체 신용보강,농협은행
74200,한솔제오십차,KRZF0058HJG3,한솔제오십차 20260319-278-18,N,20260319,20261222,정기예금,KRW,,5000000000,5000000000,244,A1,A1,,,농협은행,자체 신용보강,자체 신용보강,농협은행
74200,한솔제오십차,KRZF0058HKG3,한솔제오십차 20260319-278-19,N,20260319,20261222,정기예금,KRW,,5000000000,5000000000,244,A1,A1,,,농협은행,자체 신용보강,자체 신용보강,농협은행
74200,한솔제오십차,KRZF0058H2G3,한솔제오십차 20260319-278-2,N,20260319,20261222,정기예금,KRW,,5000000000,5000000000,244,A1,A1,,,농협은행,자체 신용보강,자체 신용보강,농협은행
74200,한솔제오십차,KRZF0058HLG3,한솔제오십차 20260319-278-20,N,20260319,20261222,정기예금,KRW,,5000000000,5000000000,244,A1,A1,,,농협은행,자체 신용보강,자체 신용보강,농협은행
74200,한솔제오십차,KRZF0058HMG3,한솔제오십차 20260319-278-21,N,20260319,20261222,정기예금,KRW,,5000000000,5000000000,244,A1,A1,,,농협은행,자체 신용보강,자체 신용보강,농협은행
74200,한솔제오십차,KRZF0058HNG3,한솔제오십차 20260319-278-22,N,20260319,20261222,정기예금,KRW,,5000000000,5000000000,244,A1,A1,,,농협은행,자체 신용보강,자체 신용보강,농협은행
74200,한솔제오십차,KRZF0058HPG3,한솔제오십차 20260319-278-23,N,20260319,20261222,정기예금,KRW,,5000000000,5000000000,244,A1,A1,,,농협은행,자체 신용보강,자체 신용보강,농협은행
74200,한솔제오십차,KRZF0058HQG3,한솔제오십차 20260319-278-24,N,20260319,20261222,정기예금,KRW,,5000000000,5000000000,244,A1,A1,,,농협은행,자체 신용보강,자체 신용보강,농협은행
74200,한솔제오십차,KRZF0058HRG3,한솔제오십차 20260319-278-25,N,20260319,20261222,정기예금,KRW,,5000000000,5000000000,244,A1,A1,,,농협은행,자체 신용보강,자체 신용보강,농협은행
74200,한솔제오십차,KRZF0058HSG3,한솔제오십차 20260319-278-26,N,20260319,20261222,정기예금,KRW,,5000000000,5000000000,244,A1,A1,,,농협은행,자체 신용보강,자체 신용보강,농협은행
74200,한솔제오십차,KRZF0058HTG3,한솔제오십차 20260319-278-27,N,20260319,20261222,정기예금,KRW,,5000000000,5000000000,244,A1,A1,,,농협은행,자체 신용보강,자체 신용보강,농협은행
74200,한솔제오십차,KRZF0058HVG3,한솔제오십차 20260319-278-28,N,20260319,20261222,정기예금,KRW,,5000000000,5000000000,244,A1,A1,,,농협은행,자체 신용보강,자체 신용보강,농협은행
74200,한솔제오십차,KRZF0058HWG3,한솔제오십차 20260319-278-29,N,20260319,20261222,정기예금,KRW,,5000000000,5000000000,244,A1,A1,,,농협은행,자체 신용보강,자체 신용보강,농협은행
74200,한솔제오십차,KRZF0058H3G3,한솔제오십차 20260319-278-3,N,20260319,20261222,정기예금,KRW,,5000000000,5000000000,244,A1,A1,,,농협은행,자체 신용보강,자체 신용보강,농협은행
74200,한솔제오십차,KRZF0058HXG3,한솔제오십차 20260319-278-30,N,20260319,20261222,정기예금,KRW,,5000000000,5000000000,244,A1,A1,,,농협은행,자체 신용보강,자체 신용보강,농협은행
74200,한솔제오십차,KRZF0058HYG3,한솔제오십차 20260319-278-31,N,20260319,20261222,정기예금,KRW,,5000000000,5000000000,244,A1,A1,,,농협은행,자체 신용보강,자체 신용보강,농협은행
74200,한솔제오십차,KRZF0058HZG3,한솔제오십차 20260319-278-32,N,20260319,20261222,정기예금,KRW,,5000000000,5000000000,244,A1,A1,,,농협은행,자체 신용보강,자체 신용보강,농협은행
74200,한솔제오십차,KRZF0058H0GF,한솔제오십차 20260319-278-33,N,20260319,20261222,정기예금,KRW,,5000000000,5000000000,244,A1,A1,,,농협은행,자체 신용보강,자체 신용보강,농협은행
74200,한솔제오십차,KRZF0058H1GF,한솔제오십차 20260319-278-34,N,20260319,20261222,정기예금,KRW,,5000000000,5000000000,244,A1,A1,,,농협은행,자체 신용보강,자체 신용보강,농협은행
74200,한솔제오십차,KRZF0058H2GF,한솔제오십차 20260319-278-35,N,20260319,20261222,정기예금,KRW,,5000000000,5000000000,244,A1,A1,,,농협은행,자체 신용보강,자체 신용보강,농협은행
74200,한솔제오십차,KRZF0058H3GF,한솔제오십차 20260319-278-36,N,20260319,20261222,정기예금,KRW,,5000000000,5000000000,244,A1,A1,,,농협은행,자체 신용보강,자체 신용보강,농협은행
74200,한솔제오십차,KRZF0058H4GF,한솔제오십차 20260319-278-37,N,20260319,20261222,정기예금,KRW,,5000000000,5000000000,244,A1,A1,,,농협은행,자체 신용보강,자체 신용보강,농협은행
74200,한솔제오십차,KRZF0058H5GF,한솔제오십차 20260319-278-38,N,20260319,20261222,정기예금,KRW,,5000000000,5000000000,244,A1,A1,,,농협은행,자체 신용보강,자체 신용보강,농협은행
74200,한솔제오십차,KRZF0058H6GF,한솔제오십차 20260319-278-39,N,20260319,20261222,정기예금,KRW,,5000000000,5000000000,244,A1,A1,,,농협은행,자체 신용보강,자체 신용보강,농협은행
74200,한솔제오십차,KRZF0058H4G3,한솔제오십차 20260319-278-4,N,20260319,20261222,정기예금,KRW,,5000000000,5000000000,244,A1,A1,,,농협은행,자체 신용보강,자체 신용보강,농협은행
74200,한솔제오십차,KRZF0058H7GF,한솔제오십차 20260319-278-40,N,20260319,20261222,정기예금,KRW,,5000000000,5000000000,244,A1,A1,,,농협은행,자체 신용보강,자체 신용보강,농협은행
74200,한솔제오십차,KRZF0058H8GF,한솔제오십차 20260319-278-41,N,20260319,20261222,정기예금,KRW,,5000000000,5000000000,244,A1,A1,,,농협은행,자체 신용보강,자체 신용보강,농협은행
74200,한솔제오십차,KRZF0058H9GF,한솔제오십차 20260319-278-42,N,20260319,20261222,정기예금,KRW,,5000000000,5000000000,244,A1,A1,,,농협은행,자체 신용보강,자체 신용보강,농협은행
74200,한솔제오십차,KRZF0058HAGF,한솔제오십차 20260319-278-43,N,20260319,20261222,정기예금,KRW,,5000000000,5000000000,244,A1,A1,,,농협은행,자체 신용보강,자체 신용보강,농협은행
74200,한솔제오십차,KRZF0058HBGF,한솔제오십차 20260319-278-44,N,20260319,20261222,정기예금,KRW,,5000000000,5000000000,244,A1,A1,,,농협은행,자체 신용보강,자체 신용보강,농협은행
74200,한솔제오십차,KRZF0058HCGF,한솔제오십차 20260319-278-45,N,20260319,20261222,정기예금,KRW,,5000000000,5000000000,244,A1,A1,,,농협은행,자체 신용보강,자체 신용보강,농협은행
74200,한솔제오십차,KRZF0058HDGF,한솔제오십차 20260319-278-46,N,20260319,20261222,정기예금,KRW,,5000000000,5000000000,244,A1,A1,,,농협은행,자체 신용보강,자체 신용보강,농협은행
74200,한솔제오십차,KRZF0058HEGF,한솔제오십차 20260319-278-47,N,20260319,20261222,정기예금,KRW,,5000000000,5000000000,244,A1,A1,,,농협은행,자체 신용보강,자체 신용보강,농협은행
74200,한솔제오십차,KRZF0058HFGF,한솔제오십차 20260319-278-48,N,20260319,20261222,정기예금,KRW,,5000000000,5000000000,244,A1,A1,,,농협은행,자체 신용보강,자체 신용보강,농협은행
74200,한솔제오십차,KRZF0058HGGF,한솔제오십차 20260319-278-49,N,20260319,20261222,정기예금,KRW,,5000000000,5000000000,244,A1,A1,,,농협은행,자체 신용보강,자체 신용보강,농협은행
74200,한솔제오십차,KRZF0058H5G3,한솔제오십차 20260319-278-5,N,20260319,20261222,정기예금,KRW,,5000000000,5000000000,244,A1,A1,,,농협은행,자체 신용보강,자체 신용보강,농협은행
74200,한솔제오십차,KRZF0058H6G3,한솔제오십차 20260319-278-6,N,20260319,20261222,정기예금,KRW,,5000000000,5000000000,244,A1,A1,,,농협은행,자체 신용보강,자체 신용보강,농협은행
74200,한솔제오십차,KRZF0058H7G3,한솔제오십차 20260319-278-7,N,20260319,20261222,정기예금,KRW,,5000000000,5000000000,244,A1,A1,,,농협은행,자체 신용보강,자체 신용보강,농협은행
74200,한솔제오십차,KRZF0058H8G3,한솔제오십차 20260319-278-8,N,20260319,20261222,정기예금,KRW,,5000000000,5000000000,244,A1,A1,,,농협은행,자체 신용보강,자체 신용보강,농협은행
74200,한솔제오십차,KRZF0058H9G3,한솔제오십차 20260319-278-9,N,20260319,20261222,정기예금,KRW,,5000000000,5000000000,244,A1,A1,,,농협은행,자체 신용보강,자체 신용보강,농협은행
74194,뉴스타춘천제일차,KRZF352891G3,뉴스타춘천제일차 20260318-184-1,N,20260318,20260918,수익증권,KRW,,5000000000,5000000000,149,A1,A1,,,춘천에너지,외부 신용보강,일반기업,한국동서발전
74194,뉴스타춘천제일차,KRZF35289AG3,뉴스타춘천제일차 20260318-184-10,N,20260318,20260918,수익증권,KRW,,5000000000,5000000000,149,A1,A1,,,춘천에너지,외부 신용보강,일반기업,한국동서발전
74194,뉴스타춘천제일차,KRZF35289BG3,뉴스타춘천제일차 20260318-184-11,N,20260318,20260918,수익증권,KRW,,5000000000,5000000000,149,A1,A1,,,춘천에너지,외부 신용보강,일반기업,한국동서발전
74194,뉴스타춘천제일차,KRZF35289CG3,뉴스타춘천제일차 20260318-184-12,N,20260318,20260918,수익증권,KRW,,5000000000,5000000000,149,A1,A1,,,춘천에너지,외부 신용보강,일반기업,한국동서발전
74194,뉴스타춘천제일차,KRZF35289DG3,뉴스타춘천제일차 20260318-184-13,N,20260318,20260918,수익증권,KRW,,5000000000,5000000000,149,A1,A1,,,춘천에너지,외부 신용보강,일반기업,한국동서발전
74194,뉴스타춘천제일차,KRZF35289EG3,뉴스타춘천제일차 20260318-184-14,N,20260318,20260918,수익증권,KRW,,5000000000,5000000000,149,A1,A1,,,춘천에너지,외부 신용보강,일반기업,한국동서발전
74194,뉴스타춘천제일차,KRZF35289FG3,뉴스타춘천제일차 20260318-184-15,N,20260318,20260918,수익증권,KRW,,990000000,990000000,149,A1,A1,,,춘천에너지,외부 신용보강,일반기업,한국동서발전
74194,뉴스타춘천제일차,KRZF352892G3,뉴스타춘천제일차 20260318-184-2,N,20260318,20260918,수익증권,KRW,,5000000000,5000000000,149,A1,A1,,,춘천에너지,외부 신용보강,일반기업,한국동서발전
74194,뉴스타춘천제일차,KRZF352893G3,뉴스타춘천제일차 20260318-184-3,N,20260318,20260918,수익증권,KRW,,5000000000,5000000000,149,A1,A1,,,춘천에너지,외부 신용보강,일반기업,한국동서발전
74194,뉴스타춘천제일차,KRZF352894G3,뉴스타춘천제일차 20260318-184-4,N,20260318,20260918,수익증권,KRW,,5000000000,5000000000,149,A1,A1,,,춘천에너지,외부 신용보강,일반기업,한국동서발전
74194,뉴스타춘천제일차,KRZF352895G3,뉴스타춘천제일차 20260318-184-5,N,20260318,20260918,수익증권,KRW,,5000000000,5000000000,149,A1,A1,,,춘천에너지,외부 신용보강,일반기업,한국동서발전
74194,뉴스타춘천제일차,KRZF352896G3,뉴스타춘천제일차 20260318-184-6,N,20260318,20260918,수익증권,KRW,,5000000000,5000000000,149,A1,A1,,,춘천에너지,외부 신용보강,일반기업,한국동서발전
74194,뉴스타춘천제일차,KRZF352897G3,뉴스타춘천제일차 20260318-184-7,N,20260318,20260918,수익증권,KRW,,5000000000,5000000000,149,A1,A1,,,춘천에너지,외부 신용보강,일반기업,한국동서발전
74194,뉴스타춘천제일차,KRZF352898G3,뉴스타춘천제일차 20260318-184-8,N,20260318,20260918,수익증권,KRW,,5000000000,5000000000,149,A1,A1,,,춘천에너지,외부 신용보강,일반기업,한국동서발전
74194,뉴스타춘천제일차,KRZF352899G3,뉴스타춘천제일차 20260318-184-9,N,20260318,20260918,수익증권,KRW,,5000000000,5000000000,149,A1,A1,,,춘천에너지,외부 신용보강,일반기업,한국동서발전
74190,더웨일제육차,KRZFA78051G3,더웨일제육차 20260318-280-1,N,20260318,20261223,정기예금,KRW,,5000000000,5000000000,245,A1,A1,,,농협은행,자체 신용보강,자체 신용보강,농협은행
74190,더웨일제육차,KRZFA7805AG3,더웨일제육차 20260318-280-10,N,20260318,20261223,정기예금,KRW,,5000000000,5000000000,245,A1,A1,,,농협은행,자체 신용보강,자체 신용보강,농협은행
74190,더웨일제육차,KRZFA7805BG3,더웨일제육차 20260318-280-11,N,20260318,20261223,정기예금,KRW,,5000000000,5000000000,245,A1,A1,,,농협은행,자체 신용보강,자체 신용보강,농협은행
74190,더웨일제육차,KRZFA7805CG3,더웨일제육차 20260318-280-12,N,20260318,20261223,정기예금,KRW,,5000000000,5000000000,245,A1,A1,,,농협은행,자체 신용보강,자체 신용보강,농협은행
74190,더웨일제육차,KRZFA7805DG3,더웨일제육차 20260318-280-13,N,20260318,20261223,정기예금,KRW,,5000000000,5000000000,245,A1,A1,,,농협은행,자체 신용보강,자체 신용보강,농협은행
74190,더웨일제육차,KRZFA7805EG3,더웨일제육차 20260318-280-14,N,20260318,20261223,정기예금,KRW,,5000000000,5000000000,245,A1,A1,,,농협은행,자체 신용보강,자체 신용보강,농협은행
74190,더웨일제육차,KRZFA7805FG3,더웨일제육차 20260318-280-15,N,20260318,20261223,정기예금,KRW,,5000000000,5000000000,245,A1,A1,,,농협은행,자체 신용보강,자체 신용보강,농협은행
74190,더웨일제육차,KRZFA7805GG3,더웨일제육차 20260318-280-16,N,20260318,20261223,정기예금,KRW,,5000000000,5000000000,245,A1,A1,,,농협은행,자체 신용보강,자체 신용보강,농협은행
74190,더웨일제육차,KRZFA7805HG3,더웨일제육차 20260318-280-17,N,20260318,20261223,정기예금,KRW,,5000000000,5000000000,245,A1,A1,,,농협은행,자체 신용보강,자체 신용보강,농협은행
74190,더웨일제육차,KRZFA7805JG3,더웨일제육차 20260318-280-18,N,20260318,20261223,정기예금,KRW,,5000000000,5000000000,245,A1,A1,,,농협은행,자체 신용보강,자체 신용보강,농협은행
74190,더웨일제육차,KRZFA7805KG3,더웨일제육차 20260318-280-19,N,20260318,20261223,정기예금,KRW,,5000000000,5000000000,245,A1,A1,,,농협은행,자체 신용보강,자체 신용보강,농협은행
74190,더웨일제육차,KRZFA78052G3,더웨일제육차 20260318-280-2,N,20260318,20261223,정기예금,KRW,,5000000000,5000000000,245,A1,A1,,,농협은행,자체 신용보강,자체 신용보강,농협은행
74190,더웨일제육차,KRZFA7805LG3,더웨일제육차 20260318-280-20,N,20260318,20261223,정기예금,KRW,,5000000000,5000000000,245,A1,A1,,,농협은행,자체 신용보강,자체 신용보강,농협은행
74190,더웨일제육차,KRZFA7805MG3,더웨일제육차 20260318-280-21,N,20260318,20261223,정기예금,KRW,,5000000000,5000000000,245,A1,A1,,,농협은행,자체 신용보강,자체 신용보강,농협은행
74190,더웨일제육차,KRZFA7805NG3,더웨일제육차 20260318-280-22,N,20260318,20261223,정기예금,KRW,,5000000000,5000000000,245,A1,A1,,,농협은행,자체 신용보강,자체 신용보강,농협은행
74190,더웨일제육차,KRZFA7805PG3,더웨일제육차 20260318-280-23,N,20260318,20261223,정기예금,KRW,,5000000000,5000000000,245,A1,A1,,,농협은행,자체 신용보강,자체 신용보강,농협은행
74190,더웨일제육차,KRZFA7805QG3,더웨일제육차 20260318-280-24,N,20260318,20261223,정기예금,KRW,,5000000000,5000000000,245,A1,A1,,,농협은행,자체 신용보강,자체 신용보강,농협은행
74190,더웨일제육차,KRZFA78053G3,더웨일제육차 20260318-280-3,N,20260318,20261223,정기예금,KRW,,5000000000,5000000000,245,A1,A1,,,농협은행,자체 신용보강,자체 신용보강,농협은행
74190,더웨일제육차,KRZFA78054G3,더웨일제육차 20260318-280-4,N,20260318,20261223,정기예금,KRW,,5000000000,5000000000,245,A1,A1,,,농협은행,자체 신용보강,자체 신용보강,농협은행
74190,더웨일제육차,KRZFA78055G3,더웨일제육차 20260318-280-5,N,20260318,20261223,정기예금,KRW,,5000000000,5000000000,245,A1,A1,,,농협은행,자체 신용보강,자체 신용보강,농협은행
74190,더웨일제육차,KRZFA78056G3,더웨일제육차 20260318-280-6,N,20260318,20261223,정기예금,KRW,,5000000000,5000000000,245,A1,A1,,,농협은행,자체 신용보강,자체 신용보강,농협은행
74190,더웨일제육차,KRZFA78057G3,더웨일제육차 20260318-280-7,N,20260318,20261223,정기예금,KRW,,5000000000,5000000000,245,A1,A1,,,농협은행,자체 신용보강,자체 신용보강,농협은행
74190,더웨일제육차,KRZFA78058G3,더웨일제육차 20260318-280-8,N,20260318,20261223,정기예금,KRW,,5000000000,5000000000,245,A1,A1,,,농협은행,자체 신용보강,자체 신용보강,농협은행
74190,더웨일제육차,KRZFA78059G3,더웨일제육차 20260318-280-9,N,20260318,20261223,정기예금,KRW,,5000000000,5000000000,245,A1,A1,,,농협은행,자체 신용보강,자체 신용보강,농협은행
74190,더웨일제육차,KRZFA7805RG3,더웨일제육차 20260318-364-25,N,20260318,20270317,정기예금,KRW,,5000000000,5000000000,329,A1,A1,,,농협은행,자체 신용보강,자체 신용보강,농협은행
74190,더웨일제육차,KRZFA7805SG3,더웨일제육차 20260318-364-26,N,20260318,20270317,정기예금,KRW,,5000000000,5000000000,329,A1,A1,,,농협은행,자체 신용보강,자체 신용보강,농협은행
74190,더웨일제육차,KRZFA7805TG3,더웨일제육차 20260318-364-27,N,20260318,20270317,정기예금,KRW,,5000000000,5000000000,329,A1,A1,,,농협은행,자체 신용보강,자체 신용보강,농협은행
74190,더웨일제육차,KRZFA7805VG3,더웨일제육차 20260318-364-28,N,20260318,20270317,정기예금,KRW,,5000000000,5000000000,329,A1,A1,,,농협은행,자체 신용보강,자체 신용보강,농협은행
74190,더웨일제육차,KRZFA7805WG3,더웨일제육차 20260318-364-29,N,20260318,20270317,정기예금,KRW,,5000000000,5000000000,329,A1,A1,,,농협은행,자체 신용보강,자체 신용보강,농협은행
74190,더웨일제육차,KRZFA7805XG3,더웨일제육차 20260318-364-30,N,20260318,20270317,정기예금,KRW,,5000000000,5000000000,329,A1,A1,,,농협은행,자체 신용보강,자체 신용보강,농협은행
74190,더웨일제육차,KRZFA7805YG3,더웨일제육차 20260318-364-31,N,20260318,20270317,정기예금,KRW,,5000000000,5000000000,329,A1,A1,,,농협은행,자체 신용보강,자체 신용보강,농협은행
74190,더웨일제육차,KRZFA7805ZG3,더웨일제육차 20260318-364-32,N,20260318,20270317,정기예금,KRW,,5000000000,5000000000,329,A1,A1,,,농협은행,자체 신용보강,자체 신용보강,농협은행
74190,더웨일제육차,KRZFA78050GF,더웨일제육차 20260318-364-33,N,20260318,20270317,정기예금,KRW,,5000000000,5000000000,329,A1,A1,,,농협은행,자체 신용보강,자체 신용보강,농협은행
74190,더웨일제육차,KRZFA78051GF,더웨일제육차 20260318-364-34,N,20260318,20270317,정기예금,KRW,,5000000000,5000000000,329,A1,A1,,,농협은행,자체 신용보강,자체 신용보강,농협은행
74190,더웨일제육차,KRZFA78052GF,더웨일제육차 20260318-364-35,N,20260318,20270317,정기예금,KRW,,5000000000,5000000000,329,A1,A1,,,농협은행,자체 신용보강,자체 신용보강,농협은행
74190,더웨일제육차,KRZFA78053GF,더웨일제육차 20260318-364-36,N,20260318,20270317,정기예금,KRW,,5000000000,5000000000,329,A1,A1,,,농협은행,자체 신용보강,자체 신용보강,농협은행
74190,더웨일제육차,KRZFA78054GF,더웨일제육차 20260318-364-37,N,20260318,20270317,정기예금,KRW,,5000000000,5000000000,329,A1,A1,,,농협은행,자체 신용보강,자체 신용보강,농협은행
74190,더웨일제육차,KRZFA78055GF,더웨일제육차 20260318-364-38,N,20260318,20270317,정기예금,KRW,,5000000000,5000000000,329,A1,A1,,,농협은행,자체 신용보강,자체 신용보강,농협은행
74190,더웨일제육차,KRZFA78056GF,더웨일제육차 20260318-364-39,N,20260318,20270317,정기예금,KRW,,5000000000,5000000000,329,A1,A1,,,농협은행,자체 신용보강,자체 신용보강,농협은행
74190,더웨일제육차,KRZFA78057GF,더웨일제육차 20260318-364-40,N,20260318,20270317,정기예금,KRW,,5000000000,5000000000,329,A1,A1,,,농협은행,자체 신용보강,자체 신용보강,농협은행
74190,더웨일제육차,KRZFA78058GF,더웨일제육차 20260318-364-41,N,20260318,20270317,정기예금,KRW,,5000000000,5000000000,329,A1,A1,,,농협은행,자체 신용보강,자체 신용보강,농협은행
74190,더웨일제육차,KRZFA78059GF,더웨일제육차 20260318-364-42,N,20260318,20270317,정기예금,KRW,,5000000000,5000000000,329,A1,A1,,,농협은행,자체 신용보강,자체 신용보강,농협은행
74190,더웨일제육차,KRZFA7805AGF,더웨일제육차 20260318-364-43,N,20260318,20270317,정기예금,KRW,,5000000000,5000000000,329,A1,A1,,,농협은행,자체 신용보강,자체 신용보강,농협은행
74190,더웨일제육차,KRZFA7805BGF,더웨일제육차 20260318-364-44,N,20260318,20270317,정기예금,KRW,,5000000000,5000000000,329,A1,A1,,,농협은행,자체 신용보강,자체 신용보강,농협은행
74190,더웨일제육차,KRZFA7805CGF,더웨일제육차 20260318-364-45,N,20260318,20270317,정기예금,KRW,,5000000000,5000000000,329,A1,A1,,,농협은행,자체 신용보강,자체 신용보강,농협은행
74190,더웨일제육차,KRZFA7805DGF,더웨일제육차 20260318-364-46,N,20260318,20270317,정기예금,KRW,,5000000000,5000000000,329,A1,A1,,,농협은행,자체 신용보강,자체 신용보강,농협은행
74190,더웨일제육차,KRZFA7805EGF,더웨일제육차 20260318-364-47,N,20260318,20270317,정기예금,KRW,,5000000000,5000000000,329,A1,A1,,,농협은행,자체 신용보강,자체 신용보강,농협은행
74190,더웨일제육차,KRZFA7805FGF,더웨일제육차 20260318-364-48,N,20260318,20270317,정기예금,KRW,,5000000000,5000000000,329,A1,A1,,,농협은행,자체 신용보강,자체 신용보강,농협은행
74185,디와이디제일차,KRZF0161V1G3,디와이디제일차 20260318-364-1,Y,20260318,20270317,PF대출채권,KRW,,500000000,500000000,329,A2,A2,,,디에스디삼호,외부 신용보강,일반기업,지에스건설
74185,디와이디제일차,KRZF0161VAG3,디와이디제일차 20260318-364-10,Y,20260318,20270317,PF대출채권,KRW,,500000000,500000000,329,A2,A2,,,디에스디삼호,외부 신용보강,일반기업,지에스건설
74185,디와이디제일차,KRZF0161VBG3,디와이디제일차 20260318-364-11,Y,20260318,20270317,PF대출채권,KRW,,500000000,500000000,329,A2,A2,,,디에스디삼호,외부 신용보강,일반기업,지에스건설
74185,디와이디제일차,KRZF0161VCG3,디와이디제일차 20260318-364-12,Y,20260318,20270317,PF대출채권,KRW,,500000000,500000000,329,A2,A2,,,디에스디삼호,외부 신용보강,일반기업,지에스건설
74185,디와이디제일차,KRZF0161VDG3,디와이디제일차 20260318-364-13,Y,20260318,20270317,PF대출채권,KRW,,1000000000,1000000000,329,A2,A2,,,디에스디삼호,외부 신용보강,일반기업,지에스건설
74185,디와이디제일차,KRZF0161VEG3,디와이디제일차 20260318-364-14,Y,20260318,20270317,PF대출채권,KRW,,1000000000,1000000000,329,A2,A2,,,디에스디삼호,외부 신용보강,일반기업,지에스건설
74185,디와이디제일차,KRZF0161VFG3,디와이디제일차 20260318-364-15,Y,20260318,20270317,PF대출채권,KRW,,1000000000,1000000000,329,A2,A2,,,디에스디삼호,외부 신용보강,일반기업,지에스건설
74185,디와이디제일차,KRZF0161VGG3,디와이디제일차 20260318-364-16,Y,20260318,20270317,PF대출채권,KRW,,1000000000,1000000000,329,A2,A2,,,디에스디삼호,외부 신용보강,일반기업,지에스건설
74185,디와이디제일차,KRZF0161VHG3,디와이디제일차 20260318-364-17,Y,20260318,20270317,PF대출채권,KRW,,1000000000,1000000000,329,A2,A2,,,디에스디삼호,외부 신용보강,일반기업,지에스건설
74185,디와이디제일차,KRZF0161VJG3,디와이디제일차 20260318-364-18,Y,20260318,20270317,PF대출채권,KRW,,1000000000,1000000000,329,A2,A2,,,디에스디삼호,외부 신용보강,일반기업,지에스건설
74185,디와이디제일차,KRZF0161VKG3,디와이디제일차 20260318-364-19,Y,20260318,20270317,PF대출채권,KRW,,1000000000,1000000000,329,A2,A2,,,디에스디삼호,외부 신용보강,일반기업,지에스건설
74185,디와이디제일차,KRZF0161V2G3,디와이디제일차 20260318-364-2,Y,20260318,20270317,PF대출채권,KRW,,500000000,500000000,329,A2,A2,,,디에스디삼호,외부 신용보강,일반기업,지에스건설
74185,디와이디제일차,KRZF0161VLG3,디와이디제일차 20260318-364-20,Y,20260318,20270317,PF대출채권,KRW,,1000000000,1000000000,329,A2,A2,,,디에스디삼호,외부 신용보강,일반기업,지에스건설
74185,디와이디제일차,KRZF0161VMG3,디와이디제일차 20260318-364-21,Y,20260318,20270317,PF대출채권,KRW,,1000000000,1000000000,329,A2,A2,,,디에스디삼호,외부 신용보강,일반기업,지에스건설
74185,디와이디제일차,KRZF0161VNG3,디와이디제일차 20260318-364-22,Y,20260318,20270317,PF대출채권,KRW,,1000000000,1000000000,329,A2,A2,,,디에스디삼호,외부 신용보강,일반기업,지에스건설
74185,디와이디제일차,KRZF0161VPG3,디와이디제일차 20260318-364-23,Y,20260318,20270317,PF대출채권,KRW,,1000000000,1000000000,329,A2,A2,,,디에스디삼호,외부 신용보강,일반기업,지에스건설
74185,디와이디제일차,KRZF0161VQG3,디와이디제일차 20260318-364-24,Y,20260318,20270317,PF대출채권,KRW,,1000000000,1000000000,329,A2,A2,,,디에스디삼호,외부 신용보강,일반기업,지에스건설
74185,디와이디제일차,KRZF0161VRG3,디와이디제일차 20260318-364-25,Y,20260318,20270317,PF대출채권,KRW,,1000000000,1000000000,329,A2,A2,,,디에스디삼호,외부 신용보강,일반기업,지에스건설
74185,디와이디제일차,KRZF0161VSG3,디와이디제일차 20260318-364-26,Y,20260318,20270317,PF대출채권,KRW,,1000000000,1000000000,329,A2,A2,,,디에스디삼호,외부 신용보강,일반기업,지에스건설
74185,디와이디제일차,KRZF0161VTG3,디와이디제일차 20260318-364-27,Y,20260318,20270317,PF대출채권,KRW,,1000000000,1000000000,329,A2,A2,,,디에스디삼호,외부 신용보강,일반기업,지에스건설
74185,디와이디제일차,KRZF0161VVG3,디와이디제일차 20260318-364-28,Y,20260318,20270317,PF대출채권,KRW,,1000000000,1000000000,329,A2,A2,,,디에스디삼호,외부 신용보강,일반기업,지에스건설
74185,디와이디제일차,KRZF0161VWG3,디와이디제일차 20260318-364-29,Y,20260318,20270317,PF대출채권,KRW,,1000000000,1000000000,329,A2,A2,,,디에스디삼호,외부 신용보강,일반기업,지에스건설
74185,디와이디제일차,KRZF0161V3G3,디와이디제일차 20260318-364-3,Y,20260318,20270317,PF대출채권,KRW,,500000000,500000000,329,A2,A2,,,디에스디삼호,외부 신용보강,일반기업,지에스건설
74185,디와이디제일차,KRZF0161VXG3,디와이디제일차 20260318-364-30,Y,20260318,20270317,PF대출채권,KRW,,1000000000,1000000000,329,A2,A2,,,디에스디삼호,외부 신용보강,일반기업,지에스건설
74185,디와이디제일차,KRZF0161VYG3,디와이디제일차 20260318-364-31,Y,20260318,20270317,PF대출채권,KRW,,1000000000,1000000000,329,A2,A2,,,디에스디삼호,외부 신용보강,일반기업,지에스건설
74185,디와이디제일차,KRZF0161VZG3,디와이디제일차 20260318-364-32,Y,20260318,20270317,PF대출채권,KRW,,1000000000,1000000000,329,A2,A2,,,디에스디삼호,외부 신용보강,일반기업,지에스건설
74185,디와이디제일차,KRZF0161V0GF,디와이디제일차 20260318-364-33,Y,20260318,20270317,PF대출채권,KRW,,1000000000,1000000000,329,A2,A2,,,디에스디삼호,외부 신용보강,일반기업,지에스건설
74185,디와이디제일차,KRZF0161V1GF,디와이디제일차 20260318-364-34,Y,20260318,20270317,PF대출채권,KRW,,1000000000,1000000000,329,A2,A2,,,디에스디삼호,외부 신용보강,일반기업,지에스건설
74185,디와이디제일차,KRZF0161V2GF,디와이디제일차 20260318-364-35,Y,20260318,20270317,PF대출채권,KRW,,1000000000,1000000000,329,A2,A2,,,디에스디삼호,외부 신용보강,일반기업,지에스건설
74185,디와이디제일차,KRZF0161V3GF,디와이디제일차 20260318-364-36,Y,20260318,20270317,PF대출채권,KRW,,2000000000,2000000000,329,A2,A2,,,디에스디삼호,외부 신용보강,일반기업,지에스건설
74185,디와이디제일차,KRZF0161V4G3,디와이디제일차 20260318-364-4,Y,20260318,20270317,PF대출채권,KRW,,500000000,500000000,329,A2,A2,,,디에스디삼호,외부 신용보강,일반기업,지에스건설
74185,디와이디제일차,KRZF0161V5G3,디와이디제일차 20260318-364-5,Y,20260318,20270317,PF대출채권,KRW,,500000000,500000000,329,A2,A2,,,디에스디삼호,외부 신용보강,일반기업,지에스건설
74185,디와이디제일차,KRZF0161V6G3,디와이디제일차 20260318-364-6,Y,20260318,20270317,PF대출채권,KRW,,500000000,500000000,329,A2,A2,,,디에스디삼호,외부 신용보강,일반기업,지에스건설
74185,디와이디제일차,KRZF0161V7G3,디와이디제일차 20260318-364-7,Y,20260318,20270317,PF대출채권,KRW,,500000000,500000000,329,A2,A2,,,디에스디삼호,외부 신용보강,일반기업,지에스건설
74185,디와이디제일차,KRZF0161V8G3,디와이디제일차 20260318-364-8,Y,20260318,20270317,PF대출채권,KRW,,500000000,500000000,329,A2,A2,,,디에스디삼호,외부 신용보강,일반기업,지에스건설
74185,디와이디제일차,KRZF0161V9G3,디와이디제일차 20260318-364-9,Y,20260318,20270317,PF대출채권,KRW,,500000000,500000000,329,A2,A2,,,디에스디삼호,외부 신용보강,일반기업,지에스건설
74184,솔편한제일차,KRZF0071Z1G3,솔편한제일차 20260318-128-1,N,20260318,20260724,정기예금,KRW,,5000000000,5000000000,93,A1,A1,A1,,신한은행,자체 신용보강,자체 신용보강,신한은행
74184,솔편한제일차,KRZF0071ZAG3,솔편한제일차 20260318-128-10,N,20260318,20260724,정기예금,KRW,,5000000000,5000000000,93,A1,A1,A1,,신한은행,자체 신용보강,자체 신용보강,신한은행
74184,솔편한제일차,KRZF0071ZBG3,솔편한제일차 20260318-128-11,N,20260318,20260724,정기예금,KRW,,5000000000,5000000000,93,A1,A1,A1,,신한은행,자체 신용보강,자체 신용보강,신한은행
74184,솔편한제일차,KRZF0071ZCG3,솔편한제일차 20260318-128-12,N,20260318,20260724,정기예금,KRW,,5000000000,5000000000,93,A1,A1,A1,,신한은행,자체 신용보강,자체 신용보강,신한은행
74184,솔편한제일차,KRZF0071ZDG3,솔편한제일차 20260318-128-13,N,20260318,20260724,정기예금,KRW,,5000000000,5000000000,93,A1,A1,A1,,신한은행,자체 신용보강,자체 신용보강,신한은행
74184,솔편한제일차,KRZF0071ZEG3,솔편한제일차 20260318-128-14,N,20260318,20260724,정기예금,KRW,,5000000000,5000000000,93,A1,A1,A1,,신한은행,자체 신용보강,자체 신용보강,신한은행
74184,솔편한제일차,KRZF0071ZFG3,솔편한제일차 20260318-128-15,N,20260318,20260724,정기예금,KRW,,5000000000,5000000000,93,A1,A1,A1,,신한은행,자체 신용보강,자체 신용보강,신한은행
74184,솔편한제일차,KRZF0071ZGG3,솔편한제일차 20260318-128-16,N,20260318,20260724,정기예금,KRW,,5000000000,5000000000,93,A1,A1,A1,,신한은행,자체 신용보강,자체 신용보강,신한은행
74184,솔편한제일차,KRZF0071Z2G3,솔편한제일차 20260318-128-2,N,20260318,20260724,정기예금,KRW,,5000000000,5000000000,93,A1,A1,A1,,신한은행,자체 신용보강,자체 신용보강,신한은행
74184,솔편한제일차,KRZF0071Z3G3,솔편한제일차 20260318-128-3,N,20260318,20260724,정기예금,KRW,,5000000000,5000000000,93,A1,A1,A1,,신한은행,자체 신용보강,자체 신용보강,신한은행
74184,솔편한제일차,KRZF0071Z4G3,솔편한제일차 20260318-128-4,N,20260318,20260724,정기예금,KRW,,5000000000,5000000000,93,A1,A1,A1,,신한은행,자체 신용보강,자체 신용보강,신한은행
74184,솔편한제일차,KRZF0071Z5G3,솔편한제일차 20260318-128-5,N,20260318,20260724,정기예금,KRW,,5000000000,5000000000,93,A1,A1,A1,,신한은행,자체 신용보강,자체 신용보강,신한은행
74184,솔편한제일차,KRZF0071Z6G3,솔편한제일차 20260318-128-6,N,20260318,20260724,정기예금,KRW,,5000000000,5000000000,93,A1,A1,A1,,신한은행,자체 신용보강,자체 신용보강,신한은행
74184,솔편한제일차,KRZF0071Z7G3,솔편한제일차 20260318-128-7,N,20260318,20260724,정기예금,KRW,,5000000000,5000000000,93,A1,A1,A1,,신한은행,자체 신용보강,자체 신용보강,신한은행
74184,솔편한제일차,KRZF0071Z8G3,솔편한제일차 20260318-128-8,N,20260318,20260724,정기예금,KRW,,5000000000,5000000000,93,A1,A1,A1,,신한은행,자체 신용보강,자체 신용보강,신한은행
74184,솔편한제일차,KRZF0071Z9G3,솔편한제일차 20260318-128-9,N,20260318,20260724,정기예금,KRW,,5000000000,5000000000,93,A1,A1,A1,,신한은행,자체 신용보강,자체 신용보강,신한은행
74184,솔편한제일차,KRZF0071ZHG3,솔편한제일차 20260318-161-17,N,20260318,20260826,정기예금,KRW,,5000000000,5000000000,126,A1,A1,A1,,신한은행,자체 신용보강,자체 신용보강,신한은행
74184,솔편한제일차,KRZF0071ZJG3,솔편한제일차 20260318-161-18,N,20260318,20260826,정기예금,KRW,,5000000000,5000000000,126,A1,A1,A1,,신한은행,자체 신용보강,자체 신용보강,신한은행
74184,솔편한제일차,KRZF0071ZKG3,솔편한제일차 20260318-161-19,N,20260318,20260826,정기예금,KRW,,5000000000,5000000000,126,A1,A1,A1,,신한은행,자체 신용보강,자체 신용보강,신한은행
74184,솔편한제일차,KRZF0071ZLG3,솔편한제일차 20260318-161-20,N,20260318,20260826,정기예금,KRW,,5000000000,5000000000,126,A1,A1,A1,,신한은행,자체 신용보강,자체 신용보강,신한은행
74184,솔편한제일차,KRZF0071ZMG3,솔편한제일차 20260318-161-21,N,20260318,20260826,정기예금,KRW,,5000000000,5000000000,126,A1,A1,A1,,신한은행,자체 신용보강,자체 신용보강,신한은행
74184,솔편한제일차,KRZF0071ZNG3,솔편한제일차 20260318-161-22,N,20260318,20260826,정기예금,KRW,,5000000000,5000000000,126,A1,A1,A1,,신한은행,자체 신용보강,자체 신용보강,신한은행
74184,솔편한제일차,KRZF0071ZPG3,솔편한제일차 20260318-161-23,N,20260318,20260826,정기예금,KRW,,5000000000,5000000000,126,A1,A1,A1,,신한은행,자체 신용보강,자체 신용보강,신한은행
74184,솔편한제일차,KRZF0071ZQG3,솔편한제일차 20260318-161-24,N,20260318,20260826,정기예금,KRW,,5000000000,5000000000,126,A1,A1,A1,,신한은행,자체 신용보강,자체 신용보강,신한은행
74184,솔편한제일차,KRZF0071ZRG3,솔편한제일차 20260318-161-25,N,20260318,20260826,정기예금,KRW,,5000000000,5000000000,126,A1,A1,A1,,신한은행,자체 신용보강,자체 신용보강,신한은행
74184,솔편한제일차,KRZF0071ZSG3,솔편한제일차 20260318-161-26,N,20260318,20260826,정기예금,KRW,,5000000000,5000000000,126,A1,A1,A1,,신한은행,자체 신용보강,자체 신용보강,신한은행
74184,솔편한제일차,KRZF0071ZTG3,솔편한제일차 20260318-161-27,N,20260318,20260826,정기예금,KRW,,5000000000,5000000000,126,A1,A1,A1,,신한은행,자체 신용보강,자체 신용보강,신한은행
74184,솔편한제일차,KRZF0071ZVG3,솔편한제일차 20260318-161-28,N,20260318,20260826,정기예금,KRW,,5000000000,5000000000,126,A1,A1,A1,,신한은행,자체 신용보강,자체 신용보강,신한은행
74184,솔편한제일차,KRZF0071ZWG3,솔편한제일차 20260318-161-29,N,20260318,20260826,정기예금,KRW,,5000000000,5000000000,126,A1,A1,A1,,신한은행,자체 신용보강,자체 신용보강,신한은행
74184,솔편한제일차,KRZF0071ZXG3,솔편한제일차 20260318-161-30,N,20260318,20260826,정기예금,KRW,,5000000000,5000000000,126,A1,A1,A1,,신한은행,자체 신용보강,자체 신용보강,신한은행
74184,솔편한제일차,KRZF0071ZYG3,솔편한제일차 20260318-161-31,N,20260318,20260826,정기예금,KRW,,5000000000,5000000000,126,A1,A1,A1,,신한은행,자체 신용보강,자체 신용보강,신한은행
74184,솔편한제일차,KRZF0071ZZG3,솔편한제일차 20260318-161-32,N,20260318,20260826,정기예금,KRW,,5000000000,5000000000,126,A1,A1,A1,,신한은행,자체 신용보강,자체 신용보강,신한은행
74184,솔편한제일차,KRZF0071Z0GF,솔편한제일차 20260318-161-33,N,20260318,20260826,정기예금,KRW,,5000000000,5000000000,126,A1,A1,A1,,신한은행,자체 신용보강,자체 신용보강,신한은행
74184,솔편한제일차,KRZF0071Z1GF,솔편한제일차 20260318-161-34,N,20260318,20260826,정기예금,KRW,,5000000000,5000000000,126,A1,A1,A1,,신한은행,자체 신용보강,자체 신용보강,신한은행
74184,솔편한제일차,KRZF0071Z2GF,솔편한제일차 20260318-161-35,N,20260318,20260826,정기예금,KRW,,5000000000,5000000000,126,A1,A1,A1,,신한은행,자체 신용보강,자체 신용보강,신한은행
74184,솔편한제일차,KRZF0071Z3GF,솔편한제일차 20260318-161-36,N,20260318,20260826,정기예금,KRW,,5000000000,5000000000,126,A1,A1,A1,,신한은행,자체 신용보강,자체 신용보강,신한은행
74184,솔편한제일차,KRZF0071Z4GF,솔편한제일차 20260318-161-37,N,20260318,20260826,정기예금,KRW,,5000000000,5000000000,126,A1,A1,A1,,신한은행,자체 신용보강,자체 신용보강,신한은행
74184,솔편한제일차,KRZF0071Z5GF,솔편한제일차 20260318-161-38,N,20260318,20260826,정기예금,KRW,,5000000000,5000000000,126,A1,A1,A1,,신한은행,자체 신용보강,자체 신용보강,신한은행
74184,솔편한제일차,KRZF0071Z6GF,솔편한제일차 20260318-161-39,N,20260318,20260826,정기예금,KRW,,5000000000,5000000000,126,A1,A1,A1,,신한은행,자체 신용보강,자체 신용보강,신한은행
74184,솔편한제일차,KRZF0071Z7GF,솔편한제일차 20260318-161-40,N,20260318,20260826,정기예금,KRW,,5000000000,5000000000,126,A1,A1,A1,,신한은행,자체 신용보강,자체 신용보강,신한은행
74184,솔편한제일차,KRZF0071Z8GF,솔편한제일차 20260318-161-41,N,20260318,20260826,정기예금,KRW,,5000000000,5000000000,126,A1,A1,A1,,신한은행,자체 신용보강,자체 신용보강,신한은행
74184,솔편한제일차,KRZF0071Z9GF,솔편한제일차 20260318-161-42,N,20260318,20260826,정기예금,KRW,,5000000000,5000000000,126,A1,A1,A1,,신한은행,자체 신용보강,자체 신용보강,신한은행
74184,솔편한제일차,KRZF0071ZAGF,솔편한제일차 20260318-161-43,N,20260318,20260826,정기예금,KRW,,5000000000,5000000000,126,A1,A1,A1,,신한은행,자체 신용보강,자체 신용보강,신한은행
74184,솔편한제일차,KRZF0071ZBGF,솔편한제일차 20260318-161-44,N,20260318,20260826,정기예금,KRW,,5000000000,5000000000,126,A1,A1,A1,,신한은행,자체 신용보강,자체 신용보강,신한은행
74184,솔편한제일차,KRZF0071ZCGF,솔편한제일차 20260318-161-45,N,20260318,20260826,정기예금,KRW,,5000000000,5000000000,126,A1,A1,A1,,신한은행,자체 신용보강,자체 신용보강,신한은행
74184,솔편한제일차,KRZF0071ZDGF,솔편한제일차 20260318-161-46,N,20260318,20260826,정기예금,KRW,,5000000000,5000000000,126,A1,A1,A1,,신한은행,자체 신용보강,자체 신용보강,신한은행
74184,솔편한제일차,KRZF0071ZEGF,솔편한제일차 20260318-161-47,N,20260318,20260826,정기예금,KRW,,5000000000,5000000000,126,A1,A1,A1,,신한은행,자체 신용보강,자체 신용보강,신한은행
74184,솔편한제일차,KRZF0071ZFGF,솔편한제일차 20260318-161-48,N,20260318,20260826,정기예금,KRW,,5000000000,5000000000,126,A1,A1,A1,,신한은행,자체 신용보강,자체 신용보강,신한은행
74184,솔편한제일차,KRZF0071ZGGF,솔편한제일차 20260318-324-49,N,20260318,20270205,정기예금,KRW,,437000000,437000000,289,A1,A1,A1,,신한은행,자체 신용보강,자체 신용보강,신한은행
65046,에스퍼스트에이치엘,KRZFA78941G3,에스퍼스트에이치엘 20260318-92-1,N,20260318,20260618,대출채권,KRW,,20000000000,20000000000,57,,A1,A1,,호텔롯데,차환발행위험(유동성 공여형 매입약정),금융기관,신한은행
65046,에스퍼스트에이치엘,KRZFA7894AG3,에스퍼스트에이치엘 20260318-92-10,N,20260318,20260618,대출채권,KRW,,3000000000,3000000000,57,,A1,A1,,호텔롯데,차환발행위험(유동성 공여형 매입약정),금융기관,신한은행
65046,에스퍼스트에이치엘,KRZFA7894BG3,에스퍼스트에이치엘 20260318-92-11,N,20260318,20260618,대출채권,KRW,,3000000000,3000000000,57,,A1,A1,,호텔롯데,차환발행위험(유동성 공여형 매입약정),금융기관,신한은행
65046,에스퍼스트에이치엘,KRZFA7894CG3,에스퍼스트에이치엘 20260318-92-12,N,20260318,20260618,대출채권,KRW,,3000000000,3000000000,57,,A1,A1,,호텔롯데,차환발행위험(유동성 공여형 매입약정),금융기관,신한은행
65046,에스퍼스트에이치엘,KRZFA7894DG3,에스퍼스트에이치엘 20260318-92-13,N,20260318,20260618,대출채권,KRW,,2000000000,2000000000,57,,A1,A1,,호텔롯데,차환발행위험(유동성 공여형 매입약정),금융기관,신한은행
65046,에스퍼스트에이치엘,KRZFA7894EG3,에스퍼스트에이치엘 20260318-92-14,N,20260318,20260618,대출채권,KRW,,2000000000,2000000000,57,,A1,A1,,호텔롯데,차환발행위험(유동성 공여형 매입약정),금융기관,신한은행
65046,에스퍼스트에이치엘,KRZFA7894FG3,에스퍼스트에이치엘 20260318-92-15,N,20260318,20260618,대출채권,KRW,,2000000000,2000000000,57,,A1,A1,,호텔롯데,차환발행위험(유동성 공여형 매입약정),금융기관,신한은행
65046,에스퍼스트에이치엘,KRZFA7894GG3,에스퍼스트에이치엘 20260318-92-16,N,20260318,20260618,대출채권,KRW,,2000000000,2000000000,57,,A1,A1,,호텔롯데,차환발행위험(유동성 공여형 매입약정),금융기관,신한은행
65046,에스퍼스트에이치엘,KRZFA7894HG3,에스퍼스트에이치엘 20260318-92-17,N,20260318,20260618,대출채권,KRW,,1000000000,1000000000,57,,A1,A1,,호텔롯데,차환발행위험(유동성 공여형 매입약정),금융기관,신한은행
65046,에스퍼스트에이치엘,KRZFA7894JG3,에스퍼스트에이치엘 20260318-92-18,N,20260318,20260618,대출채권,KRW,,5000000000,5000000000,57,,A1,A1,,호텔롯데,차환발행위험(유동성 공여형 매입약정),금융기관,신한은행
65046,에스퍼스트에이치엘,KRZFA7894KG3,에스퍼스트에이치엘 20260318-92-19,N,20260318,20260618,대출채권,KRW,,5000000000,5000000000,57,,A1,A1,,호텔롯데,차환발행위험(유동성 공여형 매입약정),금융기관,신한은행
65046,에스퍼스트에이치엘,KRZFA78942G3,에스퍼스트에이치엘 20260318-92-2,N,20260318,20260618,대출채권,KRW,,10000000000,10000000000,57,,A1,A1,,호텔롯데,차환발행위험(유동성 공여형 매입약정),금융기관,신한은행
65046,에스퍼스트에이치엘,KRZFA7894LG3,에스퍼스트에이치엘 20260318-92-20,N,20260318,20260618,대출채권,KRW,,1000000000,1000000000,57,,A1,A1,,호텔롯데,차환발행위험(유동성 공여형 매입약정),금융기관,신한은행
65046,에스퍼스트에이치엘,KRZFA7894MG3,에스퍼스트에이치엘 20260318-92-21,N,20260318,20260618,대출채권,KRW,,5000000000,5000000000,57,,A1,A1,,호텔롯데,차환발행위험(유동성 공여형 매입약정),금융기관,신한은행
65046,에스퍼스트에이치엘,KRZFA7894NG3,에스퍼스트에이치엘 20260318-92-22,N,20260318,20260618,대출채권,KRW,,1000000000,1000000000,57,,A1,A1,,호텔롯데,차환발행위험(유동성 공여형 매입약정),금융기관,신한은행
65046,에스퍼스트에이치엘,KRZFA7894PG3,에스퍼스트에이치엘 20260318-92-23,N,20260318,20260618,대출채권,KRW,,1000000000,1000000000,57,,A1,A1,,호텔롯데,차환발행위험(유동성 공여형 매입약정),금융기관,신한은행
65046,에스퍼스트에이치엘,KRZFA7894QG3,에스퍼스트에이치엘 20260318-92-24,N,20260318,20260618,대출채권,KRW,,500000000,500000000,57,,A1,A1,,호텔롯데,차환발행위험(유동성 공여형 매입약정),금융기관,신한은행
65046,에스퍼스트에이치엘,KRZFA7894RG3,에스퍼스트에이치엘 20260318-92-25,N,20260318,20260618,대출채권,KRW,,500000000,500000000,57,,A1,A1,,호텔롯데,차환발행위험(유동성 공여형 매입약정),금융기관,신한은행
65046,에스퍼스트에이치엘,KRZFA7894SG3,에스퍼스트에이치엘 20260318-92-26,N,20260318,20260618,대출채권,KRW,,5000000000,5000000000,57,,A1,A1,,호텔롯데,차환발행위험(유동성 공여형 매입약정),금융기관,신한은행
65046,에스퍼스트에이치엘,KRZFA7894TG3,에스퍼스트에이치엘 20260318-92-27,N,20260318,20260618,대출채권,KRW,,5000000000,5000000000,57,,A1,A1,,호텔롯데,차환발행위험(유동성 공여형 매입약정),금융기관,신한은행
65046,에스퍼스트에이치엘,KRZFA7894VG3,에스퍼스트에이치엘 20260318-92-28,N,20260318,20260618,대출채권,KRW,,5000000000,5000000000,57,,A1,A1,,호텔롯데,차환발행위험(유동성 공여형 매입약정),금융기관,신한은행
65046,에스퍼스트에이치엘,KRZFA7894WG3,에스퍼스트에이치엘 20260318-92-29,N,20260318,20260618,대출채권,KRW,,5000000000,5000000000,57,,A1,A1,,호텔롯데,차환발행위험(유동성 공여형 매입약정),금융기관,신한은행
65046,에스퍼스트에이치엘,KRZFA78943G3,에스퍼스트에이치엘 20260318-92-3,N,20260318,20260618,대출채권,KRW,,10000000000,10000000000,57,,A1,A1,,호텔롯데,차환발행위험(유동성 공여형 매입약정),금융기관,신한은행
65046,에스퍼스트에이치엘,KRZFA7894XG3,에스퍼스트에이치엘 20260318-92-30,N,20260318,20260618,대출채권,KRW,,5000000000,5000000000,57,,A1,A1,,호텔롯데,차환발행위험(유동성 공여형 매입약정),금융기관,신한은행
65046,에스퍼스트에이치엘,KRZFA7894YG3,에스퍼스트에이치엘 20260318-92-31,N,20260318,20260618,대출채권,KRW,,5000000000,5000000000,57,,A1,A1,,호텔롯데,차환발행위험(유동성 공여형 매입약정),금융기관,신한은행
65046,에스퍼스트에이치엘,KRZFA7894ZG3,에스퍼스트에이치엘 20260318-92-32,N,20260318,20260618,대출채권,KRW,,5000000000,5000000000,57,,A1,A1,,호텔롯데,차환발행위험(유동성 공여형 매입약정),금융기관,신한은행
65046,에스퍼스트에이치엘,KRZFA78940GF,에스퍼스트에이치엘 20260318-92-33,N,20260318,20260618,대출채권,KRW,,5000000000,5000000000,57,,A1,A1,,호텔롯데,차환발행위험(유동성 공여형 매입약정),금융기관,신한은행
65046,에스퍼스트에이치엘,KRZFA78941GF,에스퍼스트에이치엘 20260318-92-34,N,20260318,20260618,대출채권,KRW,,5000000000,5000000000,57,,A1,A1,,호텔롯데,차환발행위험(유동성 공여형 매입약정),금융기관,신한은행
65046,에스퍼스트에이치엘,KRZFA78942GF,에스퍼스트에이치엘 20260318-92-35,N,20260318,20260618,대출채권,KRW,,5000000000,5000000000,57,,A1,A1,,호텔롯데,차환발행위험(유동성 공여형 매입약정),금융기관,신한은행
65046,에스퍼스트에이치엘,KRZFA78943GF,에스퍼스트에이치엘 20260318-92-36,N,20260318,20260618,대출채권,KRW,,5000000000,5000000000,57,,A1,A1,,호텔롯데,차환발행위험(유동성 공여형 매입약정),금융기관,신한은행
65046,에스퍼스트에이치엘,KRZFA78944GF,에스퍼스트에이치엘 20260318-92-37,N,20260318,20260618,대출채권,KRW,,5000000000,5000000000,57,,A1,A1,,호텔롯데,차환발행위험(유동성 공여형 매입약정),금융기관,신한은행
65046,에스퍼스트에이치엘,KRZFA78945GF,에스퍼스트에이치엘 20260318-92-38,N,20260318,20260618,대출채권,KRW,,5000000000,5000000000,57,,A1,A1,,호텔롯데,차환발행위험(유동성 공여형 매입약정),금융기관,신한은행
65046,에스퍼스트에이치엘,KRZFA78946GF,에스퍼스트에이치엘 20260318-92-39,N,20260318,20260618,대출채권,KRW,,5000000000,5000000000,57,,A1,A1,,호텔롯데,차환발행위험(유동성 공여형 매입약정),금융기관,신한은행
65046,에스퍼스트에이치엘,KRZFA78944G3,에스퍼스트에이치엘 20260318-92-4,N,20260318,20260618,대출채권,KRW,,10000000000,10000000000,57,,A1,A1,,호텔롯데,차환발행위험(유동성 공여형 매입약정),금융기관,신한은행
65046,에스퍼스트에이치엘,KRZFA78947GF,에스퍼스트에이치엘 20260318-92-40,N,20260318,20260618,대출채권,KRW,,5000000000,5000000000,57,,A1,A1,,호텔롯데,차환발행위험(유동성 공여형 매입약정),금융기관,신한은행
65046,에스퍼스트에이치엘,KRZFA78948GF,에스퍼스트에이치엘 20260318-92-41,N,20260318,20260618,대출채권,KRW,,5000000000,5000000000,57,,A1,A1,,호텔롯데,차환발행위험(유동성 공여형 매입약정),금융기관,신한은행
65046,에스퍼스트에이치엘,KRZFA78945G3,에스퍼스트에이치엘 20260318-92-5,N,20260318,20260618,대출채권,KRW,,10000000000,10000000000,57,,A1,A1,,호텔롯데,차환발행위험(유동성 공여형 매입약정),금융기관,신한은행
65046,에스퍼스트에이치엘,KRZFA78946G3,에스퍼스트에이치엘 20260318-92-6,N,20260318,20260618,대출채권,KRW,,8000000000,8000000000,57,,A1,A1,,호텔롯데,차환발행위험(유동성 공여형 매입약정),금융기관,신한은행
65046,에스퍼스트에이치엘,KRZFA78947G3,에스퍼스트에이치엘 20260318-92-7,N,20260318,20260618,대출채권,KRW,,5000000000,5000000000,57,,A1,A1,,호텔롯데,차환발행위험(유동성 공여형 매입약정),금융기관,신한은행
65046,에스퍼스트에이치엘,KRZFA78948G3,에스퍼스트에이치엘 20260318-92-8,N,20260318,20260618,대출채권,KRW,,5000000000,5000000000,57,,A1,A1,,호텔롯데,차환발행위험(유동성 공여형 매입약정),금융기관,신한은행
65046,에스퍼스트에이치엘,KRZFA78949G3,에스퍼스트에이치엘 20260318-92-9,N,20260318,20260618,대출채권,KRW,,5000000000,5000000000,57,,A1,A1,,호텔롯데,차환발행위험(유동성 공여형 매입약정),금융기관,신한은행
73073,에스하나제일차,KRZF0147Z1G3,에스하나제일차 20260318-92-1,N,20260318,20260618,하이브리드증권,KRW,,5000000000,5000000000,57,,A1,A1,,지에스건설,차환발행위험(유동성 공여형 매입약정),금융기관,신한은행
73073,에스하나제일차,KRZF0147Z1G3,에스하나제일차 20260318-92-1,N,20260318,20260618,하이브리드증권,KRW,,5000000000,5000000000,57,,A1,A1,,지에스건설,차환발행위험(유동성 공여형 매입약정),금융기관,하나은행
73073,에스하나제일차,KRZF0147ZAG3,에스하나제일차 20260318-92-10,N,20260318,20260618,하이브리드증권,KRW,,5000000000,5000000000,57,,A1,A1,,지에스건설,차환발행위험(유동성 공여형 매입약정),금융기관,신한은행
73073,에스하나제일차,KRZF0147ZAG3,에스하나제일차 20260318-92-10,N,20260318,20260618,하이브리드증권,KRW,,5000000000,5000000000,57,,A1,A1,,지에스건설,차환발행위험(유동성 공여형 매입약정),금융기관,하나은행
73073,에스하나제일차,KRZF0147ZBG3,에스하나제일차 20260318-92-11,N,20260318,20260618,하이브리드증권,KRW,,5000000000,5000000000,57,,A1,A1,,지에스건설,차환발행위험(유동성 공여형 매입약정),금융기관,신한은행
73073,에스하나제일차,KRZF0147ZBG3,에스하나제일차 20260318-92-11,N,20260318,20260618,하이브리드증권,KRW,,5000000000,5000000000,57,,A1,A1,,지에스건설,차환발행위험(유동성 공여형 매입약정),금융기관,하나은행
73073,에스하나제일차,KRZF0147ZCG3,에스하나제일차 20260318-92-12,N,20260318,20260618,하이브리드증권,KRW,,5000000000,5000000000,57,,A1,A1,,지에스건설,차환발행위험(유동성 공여형 매입약정),금융기관,신한은행
73073,에스하나제일차,KRZF0147ZCG3,에스하나제일차 20260318-92-12,N,20260318,20260618,하이브리드증권,KRW,,5000000000,5000000000,57,,A1,A1,,지에스건설,차환발행위험(유동성 공여형 매입약정),금융기관,하나은행
73073,에스하나제일차,KRZF0147ZDG3,에스하나제일차 20260318-92-13,N,20260318,20260618,하이브리드증권,KRW,,5000000000,5000000000,57,,A1,A1,,지에스건설,차환발행위험(유동성 공여형 매입약정),금융기관,신한은행
73073,에스하나제일차,KRZF0147ZDG3,에스하나제일차 20260318-92-13,N,20260318,20260618,하이브리드증권,KRW,,5000000000,5000000000,57,,A1,A1,,지에스건설,차환발행위험(유동성 공여형 매입약정),금융기관,하나은행
73073,에스하나제일차,KRZF0147ZEG3,에스하나제일차 20260318-92-14,N,20260318,20260618,하이브리드증권,KRW,,5000000000,5000000000,57,,A1,A1,,지에스건설,차환발행위험(유동성 공여형 매입약정),금융기관,신한은행
73073,에스하나제일차,KRZF0147ZEG3,에스하나제일차 20260318-92-14,N,20260318,20260618,하이브리드증권,KRW,,5000000000,5000000000,57,,A1,A1,,지에스건설,차환발행위험(유동성 공여형 매입약정),금융기관,하나은행
73073,에스하나제일차,KRZF0147ZFG3,에스하나제일차 20260318-92-15,N,20260318,20260618,하이브리드증권,KRW,,5000000000,5000000000,57,,A1,A1,,지에스건설,차환발행위험(유동성 공여형 매입약정),금융기관,신한은행
73073,에스하나제일차,KRZF0147ZFG3,에스하나제일차 20260318-92-15,N,20260318,20260618,하이브리드증권,KRW,,5000000000,5000000000,57,,A1,A1,,지에스건설,차환발행위험(유동성 공여형 매입약정),금융기관,하나은행
73073,에스하나제일차,KRZF0147ZGG3,에스하나제일차 20260318-92-16,N,20260318,20260618,하이브리드증권,KRW,,5000000000,5000000000,57,,A1,A1,,지에스건설,차환발행위험(유동성 공여형 매입약정),금융기관,신한은행
73073,에스하나제일차,KRZF0147ZGG3,에스하나제일차 20260318-92-16,N,20260318,20260618,하이브리드증권,KRW,,5000000000,5000000000,57,,A1,A1,,지에스건설,차환발행위험(유동성 공여형 매입약정),금융기관,하나은행
73073,에스하나제일차,KRZF0147ZHG3,에스하나제일차 20260318-92-17,N,20260318,20260618,하이브리드증권,KRW,,5000000000,5000000000,57,,A1,A1,,지에스건설,차환발행위험(유동성 공여형 매입약정),금융기관,신한은행
73073,에스하나제일차,KRZF0147ZHG3,에스하나제일차 20260318-92-17,N,20260318,20260618,하이브리드증권,KRW,,5000000000,5000000000,57,,A1,A1,,지에스건설,차환발행위험(유동성 공여형 매입약정),금융기관,하나은행
73073,에스하나제일차,KRZF0147ZJG3,에스하나제일차 20260318-92-18,N,20260318,20260618,하이브리드증권,KRW,,5000000000,5000000000,57,,A1,A1,,지에스건설,차환발행위험(유동성 공여형 매입약정),금융기관,신한은행
73073,에스하나제일차,KRZF0147ZJG3,에스하나제일차 20260318-92-18,N,20260318,20260618,하이브리드증권,KRW,,5000000000,5000000000,57,,A1,A1,,지에스건설,차환발행위험(유동성 공여형 매입약정),금융기관,하나은행
73073,에스하나제일차,KRZF0147ZKG3,에스하나제일차 20260318-92-19,N,20260318,20260618,하이브리드증권,KRW,,5000000000,5000000000,57,,A1,A1,,지에스건설,차환발행위험(유동성 공여형 매입약정),금융기관,신한은행
73073,에스하나제일차,KRZF0147ZKG3,에스하나제일차 20260318-92-19,N,20260318,20260618,하이브리드증권,KRW,,5000000000,5000000000,57,,A1,A1,,지에스건설,차환발행위험(유동성 공여형 매입약정),금융기관,하나은행
73073,에스하나제일차,KRZF0147Z2G3,에스하나제일차 20260318-92-2,N,20260318,20260618,하이브리드증권,KRW,,5000000000,5000000000,57,,A1,A1,,지에스건설,차환발행위험(유동성 공여형 매입약정),금융기관,신한은행
73073,에스하나제일차,KRZF0147Z2G3,에스하나제일차 20260318-92-2,N,20260318,20260618,하이브리드증권,KRW,,5000000000,5000000000,57,,A1,A1,,지에스건설,차환발행위험(유동성 공여형 매입약정),금융기관,하나은행
73073,에스하나제일차,KRZF0147ZLG3,에스하나제일차 20260318-92-20,N,20260318,20260618,하이브리드증권,KRW,,5000000000,5000000000,57,,A1,A1,,지에스건설,차환발행위험(유동성 공여형 매입약정),금융기관,신한은행
73073,에스하나제일차,KRZF0147ZLG3,에스하나제일차 20260318-92-20,N,20260318,20260618,하이브리드증권,KRW,,5000000000,5000000000,57,,A1,A1,,지에스건설,차환발행위험(유동성 공여형 매입약정),금융기관,하나은행
73073,에스하나제일차,KRZF0147ZMG3,에스하나제일차 20260318-92-21,N,20260318,20260618,하이브리드증권,KRW,,5000000000,5000000000,57,,A1,A1,,지에스건설,차환발행위험(유동성 공여형 매입약정),금융기관,신한은행
73073,에스하나제일차,KRZF0147ZMG3,에스하나제일차 20260318-92-21,N,20260318,20260618,하이브리드증권,KRW,,5000000000,5000000000,57,,A1,A1,,지에스건설,차환발행위험(유동성 공여형 매입약정),금융기관,하나은행
73073,에스하나제일차,KRZF0147ZNG3,에스하나제일차 20260318-92-22,N,20260318,20260618,하이브리드증권,KRW,,5000000000,5000000000,57,,A1,A1,,지에스건설,차환발행위험(유동성 공여형 매입약정),금융기관,신한은행
73073,에스하나제일차,KRZF0147ZNG3,에스하나제일차 20260318-92-22,N,20260318,20260618,하이브리드증권,KRW,,5000000000,5000000000,57,,A1,A1,,지에스건설,차환발행위험(유동성 공여형 매입약정),금융기관,하나은행
73073,에스하나제일차,KRZF0147ZPG3,에스하나제일차 20260318-92-23,N,20260318,20260618,하이브리드증권,KRW,,5000000000,5000000000,57,,A1,A1,,지에스건설,차환발행위험(유동성 공여형 매입약정),금융기관,신한은행
73073,에스하나제일차,KRZF0147ZPG3,에스하나제일차 20260318-92-23,N,20260318,20260618,하이브리드증권,KRW,,5000000000,5000000000,57,,A1,A1,,지에스건설,차환발행위험(유동성 공여형 매입약정),금융기관,하나은행
73073,에스하나제일차,KRZF0147ZQG3,에스하나제일차 20260318-92-24,N,20260318,20260618,하이브리드증권,KRW,,5000000000,5000000000,57,,A1,A1,,지에스건설,차환발행위험(유동성 공여형 매입약정),금융기관,신한은행
73073,에스하나제일차,KRZF0147ZQG3,에스하나제일차 20260318-92-24,N,20260318,20260618,하이브리드증권,KRW,,5000000000,5000000000,57,,A1,A1,,지에스건설,차환발행위험(유동성 공여형 매입약정),금융기관,하나은행
73073,에스하나제일차,KRZF0147ZRG3,에스하나제일차 20260318-92-25,N,20260318,20260618,하이브리드증권,KRW,,5000000000,5000000000,57,,A1,A1,,지에스건설,차환발행위험(유동성 공여형 매입약정),금융기관,신한은행
73073,에스하나제일차,KRZF0147ZRG3,에스하나제일차 20260318-92-25,N,20260318,20260618,하이브리드증권,KRW,,5000000000,5000000000,57,,A1,A1,,지에스건설,차환발행위험(유동성 공여형 매입약정),금융기관,하나은행
73073,에스하나제일차,KRZF0147ZSG3,에스하나제일차 20260318-92-26,N,20260318,20260618,하이브리드증권,KRW,,5000000000,5000000000,57,,A1,A1,,지에스건설,차환발행위험(유동성 공여형 매입약정),금융기관,신한은행
73073,에스하나제일차,KRZF0147ZSG3,에스하나제일차 20260318-92-26,N,20260318,20260618,하이브리드증권,KRW,,5000000000,5000000000,57,,A1,A1,,지에스건설,차환발행위험(유동성 공여형 매입약정),금융기관,하나은행
73073,에스하나제일차,KRZF0147ZTG3,에스하나제일차 20260318-92-27,N,20260318,20260618,하이브리드증권,KRW,,5000000000,5000000000,57,,A1,A1,,지에스건설,차환발행위험(유동성 공여형 매입약정),금융기관,신한은행
73073,에스하나제일차,KRZF0147ZTG3,에스하나제일차 20260318-92-27,N,20260318,20260618,하이브리드증권,KRW,,5000000000,5000000000,57,,A1,A1,,지에스건설,차환발행위험(유동성 공여형 매입약정),금융기관,하나은행
73073,에스하나제일차,KRZF0147ZVG3,에스하나제일차 20260318-92-28,N,20260318,20260618,하이브리드증권,KRW,,5000000000,5000000000,57,,A1,A1,,지에스건설,차환발행위험(유동성 공여형 매입약정),금융기관,신한은행
73073,에스하나제일차,KRZF0147ZVG3,에스하나제일차 20260318-92-28,N,20260318,20260618,하이브리드증권,KRW,,5000000000,5000000000,57,,A1,A1,,지에스건설,차환발행위험(유동성 공여형 매입약정),금융기관,하나은행
73073,에스하나제일차,KRZF0147ZWG3,에스하나제일차 20260318-92-29,N,20260318,20260618,하이브리드증권,KRW,,5000000000,5000000000,57,,A1,A1,,지에스건설,차환발행위험(유동성 공여형 매입약정),금융기관,신한은행
73073,에스하나제일차,KRZF0147ZWG3,에스하나제일차 20260318-92-29,N,20260318,20260618,하이브리드증권,KRW,,5000000000,5000000000,57,,A1,A1,,지에스건설,차환발행위험(유동성 공여형 매입약정),금융기관,하나은행
73073,에스하나제일차,KRZF0147Z3G3,에스하나제일차 20260318-92-3,N,20260318,20260618,하이브리드증권,KRW,,5000000000,5000000000,57,,A1,A1,,지에스건설,차환발행위험(유동성 공여형 매입약정),금융기관,신한은행
73073,에스하나제일차,KRZF0147Z3G3,에스하나제일차 20260318-92-3,N,20260318,20260618,하이브리드증권,KRW,,5000000000,5000000000,57,,A1,A1,,지에스건설,차환발행위험(유동성 공여형 매입약정),금융기관,하나은행
73073,에스하나제일차,KRZF0147ZXG3,에스하나제일차 20260318-92-30,N,20260318,20260618,하이브리드증권,KRW,,5000000000,5000000000,57,,A1,A1,,지에스건설,차환발행위험(유동성 공여형 매입약정),금융기관,신한은행
73073,에스하나제일차,KRZF0147ZXG3,에스하나제일차 20260318-92-30,N,20260318,20260618,하이브리드증권,KRW,,5000000000,5000000000,57,,A1,A1,,지에스건설,차환발행위험(유동성 공여형 매입약정),금융기관,하나은행
73073,에스하나제일차,KRZF0147ZYG3,에스하나제일차 20260318-92-31,N,20260318,20260618,하이브리드증권,KRW,,5000000000,5000000000,57,,A1,A1,,지에스건설,차환발행위험(유동성 공여형 매입약정),금융기관,신한은행
73073,에스하나제일차,KRZF0147ZYG3,에스하나제일차 20260318-92-31,N,20260318,20260618,하이브리드증권,KRW,,5000000000,5000000000,57,,A1,A1,,지에스건설,차환발행위험(유동성 공여형 매입약정),금융기관,하나은행
73073,에스하나제일차,KRZF0147ZZG3,에스하나제일차 20260318-92-32,N,20260318,20260618,하이브리드증권,KRW,,5000000000,5000000000,57,,A1,A1,,지에스건설,차환발행위험(유동성 공여형 매입약정),금융기관,신한은행
73073,에스하나제일차,KRZF0147ZZG3,에스하나제일차 20260318-92-32,N,20260318,20260618,하이브리드증권,KRW,,5000000000,5000000000,57,,A1,A1,,지에스건설,차환발행위험(유동성 공여형 매입약정),금융기관,하나은행
73073,에스하나제일차,KRZF0147Z0GF,에스하나제일차 20260318-92-33,N,20260318,20260618,하이브리드증권,KRW,,5000000000,5000000000,57,,A1,A1,,지에스건설,차환발행위험(유동성 공여형 매입약정),금융기관,신한은행
73073,에스하나제일차,KRZF0147Z0GF,에스하나제일차 20260318-92-33,N,20260318,20260618,하이브리드증권,KRW,,5000000000,5000000000,57,,A1,A1,,지에스건설,차환발행위험(유동성 공여형 매입약정),금융기관,하나은행
73073,에스하나제일차,KRZF0147Z1GF,에스하나제일차 20260318-92-34,N,20260318,20260618,하이브리드증권,KRW,,5000000000,5000000000,57,,A1,A1,,지에스건설,차환발행위험(유동성 공여형 매입약정),금융기관,신한은행
73073,에스하나제일차,KRZF0147Z1GF,에스하나제일차 20260318-92-34,N,20260318,20260618,하이브리드증권,KRW,,5000000000,5000000000,57,,A1,A1,,지에스건설,차환발행위험(유동성 공여형 매입약정),금융기관,하나은행
73073,에스하나제일차,KRZF0147Z2GF,에스하나제일차 20260318-92-35,N,20260318,20260618,하이브리드증권,KRW,,30000000000,30000000000,57,,A1,A1,,지에스건설,차환발행위험(유동성 공여형 매입약정),금융기관,신한은행
73073,에스하나제일차,KRZF0147Z2GF,에스하나제일차 20260318-92-35,N,20260318,20260618,하이브리드증권,KRW,,30000000000,30000000000,57,,A1,A1,,지에스건설,차환발행위험(유동성 공여형 매입약정),금융기관,하나은행
73073,에스하나제일차,KRZF0147Z4G3,에스하나제일차 20260318-92-4,N,20260318,20260618,하이브리드증권,KRW,,5000000000,5000000000,57,,A1,A1,,지에스건설,차환발행위험(유동성 공여형 매입약정),금융기관,신한은행
73073,에스하나제일차,KRZF0147Z4G3,에스하나제일차 20260318-92-4,N,20260318,20260618,하이브리드증권,KRW,,5000000000,5000000000,57,,A1,A1,,지에스건설,차환발행위험(유동성 공여형 매입약정),금융기관,하나은행
73073,에스하나제일차,KRZF0147Z5G3,에스하나제일차 20260318-92-5,N,20260318,20260618,하이브리드증권,KRW,,5000000000,5000000000,57,,A1,A1,,지에스건설,차환발행위험(유동성 공여형 매입약정),금융기관,신한은행
73073,에스하나제일차,KRZF0147Z5G3,에스하나제일차 20260318-92-5,N,20260318,20260618,하이브리드증권,KRW,,5000000000,5000000000,57,,A1,A1,,지에스건설,차환발행위험(유동성 공여형 매입약정),금융기관,하나은행
73073,에스하나제일차,KRZF0147Z6G3,에스하나제일차 20260318-92-6,N,20260318,20260618,하이브리드증권,KRW,,5000000000,5000000000,57,,A1,A1,,지에스건설,차환발행위험(유동성 공여형 매입약정),금융기관,신한은행
73073,에스하나제일차,KRZF0147Z6G3,에스하나제일차 20260318-92-6,N,20260318,20260618,하이브리드증권,KRW,,5000000000,5000000000,57,,A1,A1,,지에스건설,차환발행위험(유동성 공여형 매입약정),금융기관,하나은행
73073,에스하나제일차,KRZF0147Z7G3,에스하나제일차 20260318-92-7,N,20260318,20260618,하이브리드증권,KRW,,5000000000,5000000000,57,,A1,A1,,지에스건설,차환발행위험(유동성 공여형 매입약정),금융기관,신한은행
73073,에스하나제일차,KRZF0147Z7G3,에스하나제일차 20260318-92-7,N,20260318,20260618,하이브리드증권,KRW,,5000000000,5000000000,57,,A1,A1,,지에스건설,차환발행위험(유동성 공여형 매입약정),금융기관,하나은행
73073,에스하나제일차,KRZF0147Z8G3,에스하나제일차 20260318-92-8,N,20260318,20260618,하이브리드증권,KRW,,5000000000,5000000000,57,,A1,A1,,지에스건설,차환발행위험(유동성 공여형 매입약정),금융기관,신한은행
73073,에스하나제일차,KRZF0147Z8G3,에스하나제일차 20260318-92-8,N,20260318,20260618,하이브리드증권,KRW,,5000000000,5000000000,57,,A1,A1,,지에스건설,차환발행위험(유동성 공여형 매입약정),금융기관,하나은행
73073,에스하나제일차,KRZF0147Z9G3,에스하나제일차 20260318-92-9,N,20260318,20260618,하이브리드증권,KRW,,5000000000,5000000000,57,,A1,A1,,지에스건설,차환발행위험(유동성 공여형 매입약정),금융기관,신한은행
73073,에스하나제일차,KRZF0147Z9G3,에스하나제일차 20260318-92-9,N,20260318,20260618,하이브리드증권,KRW,,5000000000,5000000000,57,,A1,A1,,지에스건설,차환발행위험(유동성 공여형 매입약정),금융기관,하나은행
74173,에이치아이베타제일차,KRZF0012ACGF,에이치아이베타제일차 20260318-97-45,N,20260318,20260623,매출채권,KRW,,5000000000,5000000000,62,,A2,A2,,LG디스플레이,자체 신용보강,자체 신용보강,LG디스플레이
74173,에이치아이베타제일차,KRZF0012ADGF,에이치아이베타제일차 20260318-97-46,N,20260318,20260623,매출채권,KRW,,5000000000,5000000000,62,,A2,A2,,LG디스플레이,자체 신용보강,자체 신용보강,LG디스플레이
74173,에이치아이베타제일차,KRZF0012AEGF,에이치아이베타제일차 20260318-97-47,N,20260318,20260623,매출채권,KRW,,5000000000,5000000000,62,,A2,A2,,LG디스플레이,자체 신용보강,자체 신용보강,LG디스플레이
74173,에이치아이베타제일차,KRZF0012AFGF,에이치아이베타제일차 20260318-97-48,N,20260318,20260623,매출채권,KRW,,5000000000,5000000000,62,,A2,A2,,LG디스플레이,자체 신용보강,자체 신용보강,LG디스플레이
74173,에이치아이베타제일차,KRZF0012AGGF,에이치아이베타제일차 20260318-97-49,N,20260318,20260623,매출채권,KRW,,5000000000,5000000000,62,,A2,A2,,LG디스플레이,자체 신용보강,자체 신용보강,LG디스플레이
74173,에이치아이베타제일차,KRZF0012AHGF,에이치아이베타제일차 20260318-97-50,N,20260318,20260623,매출채권,KRW,,5000000000,5000000000,62,,A2,A2,,LG디스플레이,자체 신용보강,자체 신용보강,LG디스플레이
74173,에이치아이베타제일차,KRZF0012AJGF,에이치아이베타제일차 20260318-97-51,N,20260318,20260623,매출채권,KRW,,5000000000,5000000000,62,,A2,A2,,LG디스플레이,자체 신용보강,자체 신용보강,LG디스플레이
74173,에이치아이베타제일차,KRZF0012AKGF,에이치아이베타제일차 20260318-97-52,N,20260318,20260623,매출채권,KRW,,5000000000,5000000000,62,,A2,A2,,LG디스플레이,자체 신용보강,자체 신용보강,LG디스플레이
74173,에이치아이베타제일차,KRZF0012ALGF,에이치아이베타제일차 20260318-97-53,N,20260318,20260623,매출채권,KRW,,5000000000,5000000000,62,,A2,A2,,LG디스플레이,자체 신용보강,자체 신용보강,LG디스플레이
74173,에이치아이베타제일차,KRZF0012AMGF,에이치아이베타제일차 20260318-97-54,N,20260318,20260623,매출채권,KRW,,5000000000,5000000000,62,,A2,A2,,LG디스플레이,자체 신용보강,자체 신용보강,LG디스플레이
74173,에이치아이베타제일차,KRZF0012ANGF,에이치아이베타제일차 20260318-97-55,N,20260318,20260623,매출채권,KRW,,5000000000,5000000000,62,,A2,A2,,LG디스플레이,자체 신용보강,자체 신용보강,LG디스플레이
74173,에이치아이베타제일차,KRZF0012APGF,에이치아이베타제일차 20260318-97-56,N,20260318,20260623,매출채권,KRW,,5000000000,5000000000,62,,A2,A2,,LG디스플레이,자체 신용보강,자체 신용보강,LG디스플레이
74173,에이치아이베타제일차,KRZF0012AQGF,에이치아이베타제일차 20260318-97-57,N,20260318,20260623,매출채권,KRW,,5000000000,5000000000,62,,A2,A2,,LG디스플레이,자체 신용보강,자체 신용보강,LG디스플레이
74173,에이치아이베타제일차,KRZF0012ARGF,에이치아이베타제일차 20260318-97-58,N,20260318,20260623,매출채권,KRW,,5000000000,5000000000,62,,A2,A2,,LG디스플레이,자체 신용보강,자체 신용보강,LG디스플레이
74173,에이치아이베타제일차,KRZF0012ASGF,에이치아이베타제일차 20260318-97-59,N,20260318,20260623,매출채권,KRW,,1800000000,1800000000,62,,A2,A2,,LG디스플레이,자체 신용보강,자체 신용보강,LG디스플레이
74177,오케이제이차,KRZFA53281G3,오케이제이차 20260318-105-1,N,20260318,20260701,매출채권,KRW,,5000000000,5000000000,70,A1,A1,,,현대제철,자체 신용보강,자체 신용보강,현대제철
74177,오케이제이차,KRZFA53282G3,오케이제이차 20260318-105-2,N,20260318,20260701,매출채권,KRW,,5000000000,5000000000,70,A1,A1,,,현대제철,자체 신용보강,자체 신용보강,현대제철
74177,오케이제이차,KRZFA53283G3,오케이제이차 20260318-105-3,N,20260318,20260701,매출채권,KRW,,5000000000,5000000000,70,A1,A1,,,현대제철,자체 신용보강,자체 신용보강,현대제철
74177,오케이제이차,KRZFA53284G3,오케이제이차 20260318-105-4,N,20260318,20260701,매출채권,KRW,,5000000000,5000000000,70,A1,A1,,,현대제철,자체 신용보강,자체 신용보강,현대제철
74177,오케이제이차,KRZFA53285G3,오케이제이차 20260318-105-5,N,20260318,20260701,매출채권,KRW,,5000000000,5000000000,70,A1,A1,,,현대제철,자체 신용보강,자체 신용보강,현대제철
74177,오케이제이차,KRZFA53286G3,오케이제이차 20260318-105-6,N,20260318,20260701,매출채권,KRW,,5000000000,5000000000,70,A1,A1,,,현대제철,자체 신용보강,자체 신용보강,현대제철
74177,오케이제이차,KRZFA53287G3,오케이제이차 20260318-105-7,N,20260318,20260701,매출채권,KRW,,5000000000,5000000000,70,A1,A1,,,현대제철,자체 신용보강,자체 신용보강,현대제철
74177,오케이제이차,KRZFA53288G3,오케이제이차 20260318-105-8,N,20260318,20260701,매출채권,KRW,,3900000000,3900000000,70,A1,A1,,,현대제철,자체 신용보강,자체 신용보강,현대제철
74177,오케이제이차,KRZFA53289G3,오케이제이차 20260318-105-9,N,20260318,20260701,매출채권,KRW,,2400000000,2400000000,70,A1,A1,,,현대제철,자체 신용보강,자체 신용보강,현대제철
74189,와이디피제십칠차,KRZF0067R1G3,와이디피제십칠차 20260318-280-1,N,20260318,20261223,정기예금,KRW,,5000000000,5000000000,245,A1,A1,,,농협은행,자체 신용보강,자체 신용보강,농협은행
74189,와이디피제십칠차,KRZF0067RAG3,와이디피제십칠차 20260318-280-10,N,20260318,20261223,정기예금,KRW,,5000000000,5000000000,245,A1,A1,,,농협은행,자체 신용보강,자체 신용보강,농협은행
74189,와이디피제십칠차,KRZF0067RBG3,와이디피제십칠차 20260318-280-11,N,20260318,20261223,정기예금,KRW,,5000000000,5000000000,245,A1,A1,,,농협은행,자체 신용보강,자체 신용보강,농협은행
74189,와이디피제십칠차,KRZF0067RCG3,와이디피제십칠차 20260318-280-12,N,20260318,20261223,정기예금,KRW,,5000000000,5000000000,245,A1,A1,,,농협은행,자체 신용보강,자체 신용보강,농협은행
74189,와이디피제십칠차,KRZF0067RDG3,와이디피제십칠차 20260318-280-13,N,20260318,20261223,정기예금,KRW,,5000000000,5000000000,245,A1,A1,,,농협은행,자체 신용보강,자체 신용보강,농협은행
74189,와이디피제십칠차,KRZF0067REG3,와이디피제십칠차 20260318-280-14,N,20260318,20261223,정기예금,KRW,,5000000000,5000000000,245,A1,A1,,,농협은행,자체 신용보강,자체 신용보강,농협은행
74189,와이디피제십칠차,KRZF0067RFG3,와이디피제십칠차 20260318-280-15,N,20260318,20261223,정기예금,KRW,,5000000000,5000000000,245,A1,A1,,,농협은행,자체 신용보강,자체 신용보강,농협은행
74189,와이디피제십칠차,KRZF0067RGG3,와이디피제십칠차 20260318-280-16,N,20260318,20261223,정기예금,KRW,,5000000000,5000000000,245,A1,A1,,,농협은행,자체 신용보강,자체 신용보강,농협은행
74189,와이디피제십칠차,KRZF0067RHG3,와이디피제십칠차 20260318-280-17,N,20260318,20261223,정기예금,KRW,,5000000000,5000000000,245,A1,A1,,,농협은행,자체 신용보강,자체 신용보강,농협은행
74189,와이디피제십칠차,KRZF0067RJG3,와이디피제십칠차 20260318-280-18,N,20260318,20261223,정기예금,KRW,,5000000000,5000000000,245,A1,A1,,,농협은행,자체 신용보강,자체 신용보강,농협은행
74189,와이디피제십칠차,KRZF0067RKG3,와이디피제십칠차 20260318-280-19,N,20260318,20261223,정기예금,KRW,,5000000000,5000000000,245,A1,A1,,,농협은행,자체 신용보강,자체 신용보강,농협은행
74189,와이디피제십칠차,KRZF0067R2G3,와이디피제십칠차 20260318-280-2,N,20260318,20261223,정기예금,KRW,,5000000000,5000000000,245,A1,A1,,,농협은행,자체 신용보강,자체 신용보강,농협은행
74189,와이디피제십칠차,KRZF0067RLG3,와이디피제십칠차 20260318-280-20,N,20260318,20261223,정기예금,KRW,,5000000000,5000000000,245,A1,A1,,,농협은행,자체 신용보강,자체 신용보강,농협은행
74189,와이디피제십칠차,KRZF0067RMG3,와이디피제십칠차 20260318-280-21,N,20260318,20261223,정기예금,KRW,,5000000000,5000000000,245,A1,A1,,,농협은행,자체 신용보강,자체 신용보강,농협은행
74189,와이디피제십칠차,KRZF0067RNG3,와이디피제십칠차 20260318-280-22,N,20260318,20261223,정기예금,KRW,,5000000000,5000000000,245,A1,A1,,,농협은행,자체 신용보강,자체 신용보강,농협은행
74189,와이디피제십칠차,KRZF0067RPG3,와이디피제십칠차 20260318-280-23,N,20260318,20261223,정기예금,KRW,,5000000000,5000000000,245,A1,A1,,,농협은행,자체 신용보강,자체 신용보강,농협은행
74189,와이디피제십칠차,KRZF0067RQG3,와이디피제십칠차 20260318-280-24,N,20260318,20261223,정기예금,KRW,,5000000000,5000000000,245,A1,A1,,,농협은행,자체 신용보강,자체 신용보강,농협은행
74189,와이디피제십칠차,KRZF0067RRG3,와이디피제십칠차 20260318-280-25,N,20260318,20261223,정기예금,KRW,,5000000000,5000000000,245,A1,A1,,,농협은행,자체 신용보강,자체 신용보강,농협은행
74189,와이디피제십칠차,KRZF0067RSG3,와이디피제십칠차 20260318-280-26,N,20260318,20261223,정기예금,KRW,,5000000000,5000000000,245,A1,A1,,,농협은행,자체 신용보강,자체 신용보강,농협은행
74189,와이디피제십칠차,KRZF0067RTG3,와이디피제십칠차 20260318-280-27,N,20260318,20261223,정기예금,KRW,,5000000000,5000000000,245,A1,A1,,,농협은행,자체 신용보강,자체 신용보강,농협은행
74189,와이디피제십칠차,KRZF0067RVG3,와이디피제십칠차 20260318-280-28,N,20260318,20261223,정기예금,KRW,,5000000000,5000000000,245,A1,A1,,,농협은행,자체 신용보강,자체 신용보강,농협은행
74189,와이디피제십칠차,KRZF0067R3G3,와이디피제십칠차 20260318-280-3,N,20260318,20261223,정기예금,KRW,,5000000000,5000000000,245,A1,A1,,,농협은행,자체 신용보강,자체 신용보강,농협은행
74189,와이디피제십칠차,KRZF0067R4G3,와이디피제십칠차 20260318-280-4,N,20260318,20261223,정기예금,KRW,,5000000000,5000000000,245,A1,A1,,,농협은행,자체 신용보강,자체 신용보강,농협은행
74189,와이디피제십칠차,KRZF0067R5G3,와이디피제십칠차 20260318-280-5,N,20260318,20261223,정기예금,KRW,,5000000000,5000000000,245,A1,A1,,,농협은행,자체 신용보강,자체 신용보강,농협은행
74189,와이디피제십칠차,KRZF0067R6G3,와이디피제십칠차 20260318-280-6,N,20260318,20261223,정기예금,KRW,,5000000000,5000000000,245,A1,A1,,,농협은행,자체 신용보강,자체 신용보강,농협은행
74189,와이디피제십칠차,KRZF0067R7G3,와이디피제십칠차 20260318-280-7,N,20260318,20261223,정기예금,KRW,,5000000000,5000000000,245,A1,A1,,,농협은행,자체 신용보강,자체 신용보강,농협은행
74189,와이디피제십칠차,KRZF0067R8G3,와이디피제십칠차 20260318-280-8,N,20260318,20261223,정기예금,KRW,,5000000000,5000000000,245,A1,A1,,,농협은행,자체 신용보강,자체 신용보강,농협은행
74189,와이디피제십칠차,KRZF0067R9G3,와이디피제십칠차 20260318-280-9,N,20260318,20261223,정기예금,KRW,,5000000000,5000000000,245,A1,A1,,,농협은행,자체 신용보강,자체 신용보강,농협은행
74189,와이디피제십칠차,KRZF0067RWG3,와이디피제십칠차 20260318-364-29,N,20260318,20270317,정기예금,KRW,,5000000000,5000000000,329,A1,A1,,,농협은행,자체 신용보강,자체 신용보강,농협은행
74189,와이디피제십칠차,KRZF0067RXG3,와이디피제십칠차 20260318-364-30,N,20260318,20270317,정기예금,KRW,,5000000000,5000000000,329,A1,A1,,,농협은행,자체 신용보강,자체 신용보강,농협은행
74189,와이디피제십칠차,KRZF0067RYG3,와이디피제십칠차 20260318-364-31,N,20260318,20270317,정기예금,KRW,,5000000000,5000000000,329,A1,A1,,,농협은행,자체 신용보강,자체 신용보강,농협은행
74189,와이디피제십칠차,KRZF0067RZG3,와이디피제십칠차 20260318-364-32,N,20260318,20270317,정기예금,KRW,,5000000000,5000000000,329,A1,A1,,,농협은행,자체 신용보강,자체 신용보강,농협은행
74189,와이디피제십칠차,KRZF0067R0GF,와이디피제십칠차 20260318-364-33,N,20260318,20270317,정기예금,KRW,,5000000000,5000000000,329,A1,A1,,,농협은행,자체 신용보강,자체 신용보강,농협은행
74189,와이디피제십칠차,KRZF0067R1GF,와이디피제십칠차 20260318-364-34,N,20260318,20270317,정기예금,KRW,,5000000000,5000000000,329,A1,A1,,,농협은행,자체 신용보강,자체 신용보강,농협은행
74189,와이디피제십칠차,KRZF0067R2GF,와이디피제십칠차 20260318-364-35,N,20260318,20270317,정기예금,KRW,,5000000000,5000000000,329,A1,A1,,,농협은행,자체 신용보강,자체 신용보강,농협은행
74189,와이디피제십칠차,KRZF0067R3GF,와이디피제십칠차 20260318-364-36,N,20260318,20270317,정기예금,KRW,,5000000000,5000000000,329,A1,A1,,,농협은행,자체 신용보강,자체 신용보강,농협은행
74189,와이디피제십칠차,KRZF0067R4GF,와이디피제십칠차 20260318-364-37,N,20260318,20270317,정기예금,KRW,,5000000000,5000000000,329,A1,A1,,,농협은행,자체 신용보강,자체 신용보강,농협은행
74189,와이디피제십칠차,KRZF0067R5GF,와이디피제십칠차 20260318-364-38,N,20260318,20270317,정기예금,KRW,,5000000000,5000000000,329,A1,A1,,,농협은행,자체 신용보강,자체 신용보강,농협은행
74189,와이디피제십칠차,KRZF0067R6GF,와이디피제십칠차 20260318-364-39,N,20260318,20270317,정기예금,KRW,,5000000000,5000000000,329,A1,A1,,,농협은행,자체 신용보강,자체 신용보강,농협은행
74189,와이디피제십칠차,KRZF0067R7GF,와이디피제십칠차 20260318-364-40,N,20260318,20270317,정기예금,KRW,,5000000000,5000000000,329,A1,A1,,,농협은행,자체 신용보강,자체 신용보강,농협은행
74189,와이디피제십칠차,KRZF0067R8GF,와이디피제십칠차 20260318-364-41,N,20260318,20270317,정기예금,KRW,,5000000000,5000000000,329,A1,A1,,,농협은행,자체 신용보강,자체 신용보강,농협은행
74189,와이디피제십칠차,KRZF0067R9GF,와이디피제십칠차 20260318-364-42,N,20260318,20270317,정기예금,KRW,,5000000000,5000000000,329,A1,A1,,,농협은행,자체 신용보강,자체 신용보강,농협은행
74189,와이디피제십칠차,KRZF0067RAGF,와이디피제십칠차 20260318-364-43,N,20260318,20270317,정기예금,KRW,,5000000000,5000000000,329,A1,A1,,,농협은행,자체 신용보강,자체 신용보강,농협은행
74189,와이디피제십칠차,KRZF0067RBGF,와이디피제십칠차 20260318-364-44,N,20260318,20270317,정기예금,KRW,,5000000000,5000000000,329,A1,A1,,,농협은행,자체 신용보강,자체 신용보강,농협은행
74189,와이디피제십칠차,KRZF0067RCGF,와이디피제십칠차 20260318-364-45,N,20260318,20270317,정기예금,KRW,,5000000000,5000000000,329,A1,A1,,,농협은행,자체 신용보강,자체 신용보강,농협은행
74189,와이디피제십칠차,KRZF0067RDGF,와이디피제십칠차 20260318-364-46,N,20260318,20270317,정기예금,KRW,,5000000000,5000000000,329,A1,A1,,,농협은행,자체 신용보강,자체 신용보강,농협은행
74189,와이디피제십칠차,KRZF0067REGF,와이디피제십칠차 20260318-364-47,N,20260318,20270317,정기예금,KRW,,5000000000,5000000000,329,A1,A1,,,농협은행,자체 신용보강,자체 신용보강,농협은행
74189,와이디피제십칠차,KRZF0067RFGF,와이디피제십칠차 20260318-364-48,N,20260318,20270317,정기예금,KRW,,5000000000,5000000000,329,A1,A1,,,농협은행,자체 신용보강,자체 신용보강,농협은행
74191,와이제이제사차,KRZF0094Z1G3,와이제이제사차 20260318-131-1,N,20260318,20260727,정기예금,KRW,,5000000000,5000000000,96,A1,A1,A1,,신한은행,자체 신용보강,자체 신용보강,신한은행
74191,와이제이제사차,KRZF0094ZAG3,와이제이제사차 20260318-131-10,N,20260318,20260727,정기예금,KRW,,5000000000,5000000000,96,A1,A1,A1,,신한은행,자체 신용보강,자체 신용보강,신한은행
74191,와이제이제사차,KRZF0094ZBG3,와이제이제사차 20260318-131-11,N,20260318,20260727,정기예금,KRW,,5000000000,5000000000,96,A1,A1,A1,,신한은행,자체 신용보강,자체 신용보강,신한은행
74191,와이제이제사차,KRZF0094ZCG3,와이제이제사차 20260318-131-12,N,20260318,20260727,정기예금,KRW,,5000000000,5000000000,96,A1,A1,A1,,신한은행,자체 신용보강,자체 신용보강,신한은행
74191,와이제이제사차,KRZF0094ZDG3,와이제이제사차 20260318-131-13,N,20260318,20260727,정기예금,KRW,,5000000000,5000000000,96,A1,A1,A1,,신한은행,자체 신용보강,자체 신용보강,신한은행
74191,와이제이제사차,KRZF0094ZEG3,와이제이제사차 20260318-131-14,N,20260318,20260727,정기예금,KRW,,5000000000,5000000000,96,A1,A1,A1,,신한은행,자체 신용보강,자체 신용보강,신한은행
74191,와이제이제사차,KRZF0094ZFG3,와이제이제사차 20260318-131-15,N,20260318,20260727,정기예금,KRW,,5000000000,5000000000,96,A1,A1,A1,,신한은행,자체 신용보강,자체 신용보강,신한은행
74191,와이제이제사차,KRZF0094ZGG3,와이제이제사차 20260318-131-16,N,20260318,20260727,정기예금,KRW,,5000000000,5000000000,96,A1,A1,A1,,신한은행,자체 신용보강,자체 신용보강,신한은행
74191,와이제이제사차,KRZF0094ZHG3,와이제이제사차 20260318-131-17,N,20260318,20260727,정기예금,KRW,,5000000000,5000000000,96,A1,A1,A1,,신한은행,자체 신용보강,자체 신용보강,신한은행
74191,와이제이제사차,KRZF0094ZJG3,와이제이제사차 20260318-131-18,N,20260318,20260727,정기예금,KRW,,5000000000,5000000000,96,A1,A1,A1,,신한은행,자체 신용보강,자체 신용보강,신한은행
74191,와이제이제사차,KRZF0094ZKG3,와이제이제사차 20260318-131-19,N,20260318,20260727,정기예금,KRW,,5000000000,5000000000,96,A1,A1,A1,,신한은행,자체 신용보강,자체 신용보강,신한은행
74191,와이제이제사차,KRZF0094Z2G3,와이제이제사차 20260318-131-2,N,20260318,20260727,정기예금,KRW,,5000000000,5000000000,96,A1,A1,A1,,신한은행,자체 신용보강,자체 신용보강,신한은행
74191,와이제이제사차,KRZF0094ZLG3,와이제이제사차 20260318-131-20,N,20260318,20260727,정기예금,KRW,,5000000000,5000000000,96,A1,A1,A1,,신한은행,자체 신용보강,자체 신용보강,신한은행
74191,와이제이제사차,KRZF0094ZMG3,와이제이제사차 20260318-131-21,N,20260318,20260727,정기예금,KRW,,5000000000,5000000000,96,A1,A1,A1,,신한은행,자체 신용보강,자체 신용보강,신한은행
74191,와이제이제사차,KRZF0094ZNG3,와이제이제사차 20260318-131-22,N,20260318,20260727,정기예금,KRW,,5000000000,5000000000,96,A1,A1,A1,,신한은행,자체 신용보강,자체 신용보강,신한은행
74191,와이제이제사차,KRZF0094ZPG3,와이제이제사차 20260318-131-23,N,20260318,20260727,정기예금,KRW,,5000000000,5000000000,96,A1,A1,A1,,신한은행,자체 신용보강,자체 신용보강,신한은행
74191,와이제이제사차,KRZF0094ZQG3,와이제이제사차 20260318-131-24,N,20260318,20260727,정기예금,KRW,,5000000000,5000000000,96,A1,A1,A1,,신한은행,자체 신용보강,자체 신용보강,신한은행
74191,와이제이제사차,KRZF0094ZRG3,와이제이제사차 20260318-131-25,N,20260318,20260727,정기예금,KRW,,5000000000,5000000000,96,A1,A1,A1,,신한은행,자체 신용보강,자체 신용보강,신한은행
74191,와이제이제사차,KRZF0094Z3G3,와이제이제사차 20260318-131-3,N,20260318,20260727,정기예금,KRW,,5000000000,5000000000,96,A1,A1,A1,,신한은행,자체 신용보강,자체 신용보강,신한은행
74191,와이제이제사차,KRZF0094ZXG3,와이제이제사차 20260318-131-30,N,20260318,20260727,정기예금,KRW,,5000000000,5000000000,96,A1,A1,A1,,신한은행,자체 신용보강,자체 신용보강,신한은행
74191,와이제이제사차,KRZF0094Z4G3,와이제이제사차 20260318-131-4,N,20260318,20260727,정기예금,KRW,,5000000000,5000000000,96,A1,A1,A1,,신한은행,자체 신용보강,자체 신용보강,신한은행
74191,와이제이제사차,KRZF0094Z5G3,와이제이제사차 20260318-131-5,N,20260318,20260727,정기예금,KRW,,5000000000,5000000000,96,A1,A1,A1,,신한은행,자체 신용보강,자체 신용보강,신한은행
74191,와이제이제사차,KRZF0094Z6G3,와이제이제사차 20260318-131-6,N,20260318,20260727,정기예금,KRW,,5000000000,5000000000,96,A1,A1,A1,,신한은행,자체 신용보강,자체 신용보강,신한은행
74191,와이제이제사차,KRZF0094Z7G3,와이제이제사차 20260318-131-7,N,20260318,20260727,정기예금,KRW,,5000000000,5000000000,96,A1,A1,A1,,신한은행,자체 신용보강,자체 신용보강,신한은행
74191,와이제이제사차,KRZF0094Z8G3,와이제이제사차 20260318-131-8,N,20260318,20260727,정기예금,KRW,,5000000000,5000000000,96,A1,A1,A1,,신한은행,자체 신용보강,자체 신용보강,신한은행
74191,와이제이제사차,KRZF0094Z9G3,와이제이제사차 20260318-131-9,N,20260318,20260727,정기예금,KRW,,5000000000,5000000000,96,A1,A1,A1,,신한은행,자체 신용보강,자체 신용보강,신한은행
74191,와이제이제사차,KRZF0094ZSG3,와이제이제사차 20260318-149-26,N,20260318,20260814,정기예금,KRW,,5000000000,5000000000,114,A1,A1,A1,,신한은행,자체 신용보강,자체 신용보강,신한은행
74191,와이제이제사차,KRZF0094ZTG3,와이제이제사차 20260318-149-27,N,20260318,20260814,정기예금,KRW,,5000000000,5000000000,114,A1,A1,A1,,신한은행,자체 신용보강,자체 신용보강,신한은행
74191,와이제이제사차,KRZF0094ZVG3,와이제이제사차 20260318-149-28,N,20260318,20260814,정기예금,KRW,,5000000000,5000000000,114,A1,A1,A1,,신한은행,자체 신용보강,자체 신용보강,신한은행
74191,와이제이제사차,KRZF0094ZWG3,와이제이제사차 20260318-149-29,N,20260318,20260814,정기예금,KRW,,5000000000,5000000000,114,A1,A1,A1,,신한은행,자체 신용보강,자체 신용보강,신한은행
74191,와이제이제사차,KRZF0094ZYG3,와이제이제사차 20260318-149-31,N,20260318,20260814,정기예금,KRW,,5000000000,5000000000,114,A1,A1,A1,,신한은행,자체 신용보강,자체 신용보강,신한은행
74191,와이제이제사차,KRZF0094ZZG3,와이제이제사차 20260318-149-32,N,20260318,20260814,정기예금,KRW,,5000000000,5000000000,114,A1,A1,A1,,신한은행,자체 신용보강,자체 신용보강,신한은행
74191,와이제이제사차,KRZF0094Z0GF,와이제이제사차 20260318-149-33,N,20260318,20260814,정기예금,KRW,,5000000000,5000000000,114,A1,A1,A1,,신한은행,자체 신용보강,자체 신용보강,신한은행
74191,와이제이제사차,KRZF0094Z2GF,와이제이제사차 20260318-149-35,N,20260318,20260814,정기예금,KRW,,5000000000,5000000000,114,A1,A1,A1,,신한은행,자체 신용보강,자체 신용보강,신한은행
74191,와이제이제사차,KRZF0094Z3GF,와이제이제사차 20260318-149-36,N,20260318,20260814,정기예금,KRW,,5000000000,5000000000,114,A1,A1,A1,,신한은행,자체 신용보강,자체 신용보강,신한은행
74191,와이제이제사차,KRZF0094Z4GF,와이제이제사차 20260318-149-37,N,20260318,20260814,정기예금,KRW,,5000000000,5000000000,114,A1,A1,A1,,신한은행,자체 신용보강,자체 신용보강,신한은행
74191,와이제이제사차,KRZF0094Z5GF,와이제이제사차 20260318-149-38,N,20260318,20260814,정기예금,KRW,,5000000000,5000000000,114,A1,A1,A1,,신한은행,자체 신용보강,자체 신용보강,신한은행
74191,와이제이제사차,KRZF0094Z6GF,와이제이제사차 20260318-149-39,N,20260318,20260814,정기예금,KRW,,5000000000,5000000000,114,A1,A1,A1,,신한은행,자체 신용보강,자체 신용보강,신한은행
74191,와이제이제사차,KRZF0094Z7GF,와이제이제사차 20260318-149-40,N,20260318,20260814,정기예금,KRW,,5000000000,5000000000,114,A1,A1,A1,,신한은행,자체 신용보강,자체 신용보강,신한은행
74191,와이제이제사차,KRZF0094Z9GF,와이제이제사차 20260318-149-42,N,20260318,20260814,정기예금,KRW,,5000000000,5000000000,114,A1,A1,A1,,신한은행,자체 신용보강,자체 신용보강,신한은행
74191,와이제이제사차,KRZF0094ZAGF,와이제이제사차 20260318-149-43,N,20260318,20260814,정기예금,KRW,,5000000000,5000000000,114,A1,A1,A1,,신한은행,자체 신용보강,자체 신용보강,신한은행
74191,와이제이제사차,KRZF0094ZBGF,와이제이제사차 20260318-149-44,N,20260318,20260814,정기예금,KRW,,5000000000,5000000000,114,A1,A1,A1,,신한은행,자체 신용보강,자체 신용보강,신한은행
74191,와이제이제사차,KRZF0094ZCGF,와이제이제사차 20260318-149-45,N,20260318,20260814,정기예금,KRW,,5000000000,5000000000,114,A1,A1,A1,,신한은행,자체 신용보강,자체 신용보강,신한은행
74191,와이제이제사차,KRZF0094ZDGF,와이제이제사차 20260318-149-46,N,20260318,20260814,정기예금,KRW,,5000000000,5000000000,114,A1,A1,A1,,신한은행,자체 신용보강,자체 신용보강,신한은행
74191,와이제이제사차,KRZF0094ZEGF,와이제이제사차 20260318-149-47,N,20260318,20260814,정기예금,KRW,,5000000000,5000000000,114,A1,A1,A1,,신한은행,자체 신용보강,자체 신용보강,신한은행
74191,와이제이제사차,KRZF0094ZGGF,와이제이제사차 20260318-149-49,N,20260318,20260814,정기예금,KRW,,5000000000,5000000000,114,A1,A1,A1,,신한은행,자체 신용보강,자체 신용보강,신한은행
74191,와이제이제사차,KRZF0094Z8GF,와이제이제사차 20260318-204-41,N,20260318,20261008,정기예금,KRW,,5000000000,5000000000,169,A1,A1,A1,,신한은행,자체 신용보강,자체 신용보강,신한은행
74191,와이제이제사차,KRZF0094ZFGF,와이제이제사차 20260318-204-48,N,20260318,20261008,정기예금,KRW,,5000000000,5000000000,169,A1,A1,A1,,신한은행,자체 신용보강,자체 신용보강,신한은행
74191,와이제이제사차,KRZF0094Z1GF,와이제이제사차 20260318-296-34,N,20260318,20270108,정기예금,KRW,,207000000,207000000,261,A1,A1,A1,,신한은행,자체 신용보강,자체 신용보강,신한은행
74182,트리드제삼차,KRZF0083N1G3,트리드제삼차 20260318-124-1,N,20260318,20260720,매출채권,KRW,,5000000000,5000000000,89,A2,A2,,,한솔제지,자체 신용보강,자체 신용보강,한솔제지
74182,트리드제삼차,KRZF0083N2G3,트리드제삼차 20260318-124-2,N,20260318,20260720,매출채권,KRW,,5000000000,5000000000,89,A2,A2,,,한솔제지,자체 신용보강,자체 신용보강,한솔제지
74182,트리드제삼차,KRZF0083N3G3,트리드제삼차 20260318-124-3,N,20260318,20260720,매출채권,KRW,,2000000000,2000000000,89,A2,A2,,,한솔제지,자체 신용보강,자체 신용보강,한솔제지
74182,트리드제삼차,KRZF0083N4G3,트리드제삼차 20260318-124-4,N,20260318,20260720,매출채권,KRW,,1000000000,1000000000,89,A2,A2,,,한솔제지,자체 신용보강,자체 신용보강,한솔제지
74182,트리드제삼차,KRZF0083N5G3,트리드제삼차 20260318-124-5,N,20260318,20260720,매출채권,KRW,,1000000000,1000000000,89,A2,A2,,,한솔제지,자체 신용보강,자체 신용보강,한솔제지
74182,트리드제삼차,KRZF0083N6G3,트리드제삼차 20260318-124-6,N,20260318,20260720,매출채권,KRW,,1000000000,1000000000,89,A2,A2,,,한솔제지,자체 신용보강,자체 신용보강,한솔제지
74182,트리드제삼차,KRZF0083N7G3,트리드제삼차 20260318-124-7,N,20260318,20260720,매출채권,KRW,,300000000,300000000,89,A2,A2,,,한솔제지,자체 신용보강,자체 신용보강,한솔제지
69929,글로벌솔루션제구차,KRZF324681G3,글로벌솔루션제구차 20260317-29-1,N,20260317,20260415,수익증권,KRW,,10000000000,10000000000,0,,A1,A1,,메리츠자산운용,외부 신용보강,금융기관,신한투자증권(주)
69929,글로벌솔루션제구차,KRZF324682G3,글로벌솔루션제구차 20260317-29-2,N,20260317,20260415,수익증권,KRW,,10000000000,10000000000,0,,A1,A1,,메리츠자산운용,외부 신용보강,금융기관,신한투자증권(주)
69929,글로벌솔루션제구차,KRZF324683G3,글로벌솔루션제구차 20260317-29-3,N,20260317,20260415,수익증권,KRW,,10000000000,10000000000,0,,A1,A1,,메리츠자산운용,외부 신용보강,금융기관,신한투자증권(주)
69929,글로벌솔루션제구차,KRZF324684G3,글로벌솔루션제구차 20260317-29-4,N,20260317,20260415,수익증권,KRW,,8000000000,8000000000,0,,A1,A1,,메리츠자산운용,외부 신용보강,금융기관,신한투자증권(주)
74170,니드원제십일차,KRZFA35631G3,니드원제십일차 20260317-353-1,N,20260317,20270305,하이브리드증권,KRW,,5000000000,5000000000,317,A1,A1,,,신한투자증권(주),자체 신용보강,자체 신용보강,신한투자증권(주)
74170,니드원제십일차,KRZFA3563AG3,니드원제십일차 20260317-353-10,N,20260317,20270305,하이브리드증권,KRW,,5000000000,5000000000,317,A1,A1,,,신한투자증권(주),자체 신용보강,자체 신용보강,신한투자증권(주)
74170,니드원제십일차,KRZFA3563BG3,니드원제십일차 20260317-353-11,N,20260317,20270305,하이브리드증권,KRW,,5000000000,5000000000,317,A1,A1,,,신한투자증권(주),자체 신용보강,자체 신용보강,신한투자증권(주)
74170,니드원제십일차,KRZFA3563CG3,니드원제십일차 20260317-353-12,N,20260317,20270305,하이브리드증권,KRW,,5000000000,5000000000,317,A1,A1,,,신한투자증권(주),자체 신용보강,자체 신용보강,신한투자증권(주)
74170,니드원제십일차,KRZFA3563DG3,니드원제십일차 20260317-353-13,N,20260317,20270305,하이브리드증권,KRW,,5000000000,5000000000,317,A1,A1,,,신한투자증권(주),자체 신용보강,자체 신용보강,신한투자증권(주)
74170,니드원제십일차,KRZFA3563EG3,니드원제십일차 20260317-353-14,N,20260317,20270305,하이브리드증권,KRW,,5000000000,5000000000,317,A1,A1,,,신한투자증권(주),자체 신용보강,자체 신용보강,신한투자증권(주)
74170,니드원제십일차,KRZFA3563FG3,니드원제십일차 20260317-353-15,N,20260317,20270305,하이브리드증권,KRW,,5000000000,5000000000,317,A1,A1,,,신한투자증권(주),자체 신용보강,자체 신용보강,신한투자증권(주)
74170,니드원제십일차,KRZFA3563GG3,니드원제십일차 20260317-353-16,N,20260317,20270305,하이브리드증권,KRW,,5000000000,5000000000,317,A1,A1,,,신한투자증권(주),자체 신용보강,자체 신용보강,신한투자증권(주)
74170,니드원제십일차,KRZFA3563HG3,니드원제십일차 20260317-353-17,N,20260317,20270305,하이브리드증권,KRW,,5000000000,5000000000,317,A1,A1,,,신한투자증권(주),자체 신용보강,자체 신용보강,신한투자증권(주)
74170,니드원제십일차,KRZFA3563JG3,니드원제십일차 20260317-353-18,N,20260317,20270305,하이브리드증권,KRW,,5000000000,5000000000,317,A1,A1,,,신한투자증권(주),자체 신용보강,자체 신용보강,신한투자증권(주)
74170,니드원제십일차,KRZFA3563KG3,니드원제십일차 20260317-353-19,N,20260317,20270305,하이브리드증권,KRW,,5000000000,5000000000,317,A1,A1,,,신한투자증권(주),자체 신용보강,자체 신용보강,신한투자증권(주)
74170,니드원제십일차,KRZFA35632G3,니드원제십일차 20260317-353-2,N,20260317,20270305,하이브리드증권,KRW,,5000000000,5000000000,317,A1,A1,,,신한투자증권(주),자체 신용보강,자체 신용보강,신한투자증권(주)
74170,니드원제십일차,KRZFA3563LG3,니드원제십일차 20260317-353-20,N,20260317,20270305,하이브리드증권,KRW,,5000000000,5000000000,317,A1,A1,,,신한투자증권(주),자체 신용보강,자체 신용보강,신한투자증권(주)
74170,니드원제십일차,KRZFA3563MG3,니드원제십일차 20260317-353-21,N,20260317,20270305,하이브리드증권,KRW,,5000000000,5000000000,317,A1,A1,,,신한투자증권(주),자체 신용보강,자체 신용보강,신한투자증권(주)
74170,니드원제십일차,KRZFA3563NG3,니드원제십일차 20260317-353-22,N,20260317,20270305,하이브리드증권,KRW,,5000000000,5000000000,317,A1,A1,,,신한투자증권(주),자체 신용보강,자체 신용보강,신한투자증권(주)
74170,니드원제십일차,KRZFA3563PG3,니드원제십일차 20260317-353-23,N,20260317,20270305,하이브리드증권,KRW,,5000000000,5000000000,317,A1,A1,,,신한투자증권(주),자체 신용보강,자체 신용보강,신한투자증권(주)
74170,니드원제십일차,KRZFA3563QG3,니드원제십일차 20260317-353-24,N,20260317,20270305,하이브리드증권,KRW,,5000000000,5000000000,317,A1,A1,,,신한투자증권(주),자체 신용보강,자체 신용보강,신한투자증권(주)
74170,니드원제십일차,KRZFA3563RG3,니드원제십일차 20260317-353-25,N,20260317,20270305,하이브리드증권,KRW,,5000000000,5000000000,317,A1,A1,,,신한투자증권(주),자체 신용보강,자체 신용보강,신한투자증권(주)
74170,니드원제십일차,KRZFA3563SG3,니드원제십일차 20260317-353-26,N,20260317,20270305,하이브리드증권,KRW,,5000000000,5000000000,317,A1,A1,,,신한투자증권(주),자체 신용보강,자체 신용보강,신한투자증권(주)
74170,니드원제십일차,KRZFA3563TG3,니드원제십일차 20260317-353-27,N,20260317,20270305,하이브리드증권,KRW,,5000000000,5000000000,317,A1,A1,,,신한투자증권(주),자체 신용보강,자체 신용보강,신한투자증권(주)
74170,니드원제십일차,KRZFA3563VG3,니드원제십일차 20260317-353-28,N,20260317,20270305,하이브리드증권,KRW,,5000000000,5000000000,317,A1,A1,,,신한투자증권(주),자체 신용보강,자체 신용보강,신한투자증권(주)
74170,니드원제십일차,KRZFA3563WG3,니드원제십일차 20260317-353-29,N,20260317,20270305,하이브리드증권,KRW,,5000000000,5000000000,317,A1,A1,,,신한투자증권(주),자체 신용보강,자체 신용보강,신한투자증권(주)
74170,니드원제십일차,KRZFA35633G3,니드원제십일차 20260317-353-3,N,20260317,20270305,하이브리드증권,KRW,,5000000000,5000000000,317,A1,A1,,,신한투자증권(주),자체 신용보강,자체 신용보강,신한투자증권(주)
74170,니드원제십일차,KRZFA3563XG3,니드원제십일차 20260317-353-30,N,20260317,20270305,하이브리드증권,KRW,,5000000000,5000000000,317,A1,A1,,,신한투자증권(주),자체 신용보강,자체 신용보강,신한투자증권(주)
74170,니드원제십일차,KRZFA3563YG3,니드원제십일차 20260317-353-31,N,20260317,20270305,하이브리드증권,KRW,,5000000000,5000000000,317,A1,A1,,,신한투자증권(주),자체 신용보강,자체 신용보강,신한투자증권(주)
74170,니드원제십일차,KRZFA3563ZG3,니드원제십일차 20260317-353-32,N,20260317,20270305,하이브리드증권,KRW,,5000000000,5000000000,317,A1,A1,,,신한투자증권(주),자체 신용보강,자체 신용보강,신한투자증권(주)
74170,니드원제십일차,KRZFA35630GF,니드원제십일차 20260317-353-33,N,20260317,20270305,하이브리드증권,KRW,,5000000000,5000000000,317,A1,A1,,,신한투자증권(주),자체 신용보강,자체 신용보강,신한투자증권(주)
74170,니드원제십일차,KRZFA35631GF,니드원제십일차 20260317-353-34,N,20260317,20270305,하이브리드증권,KRW,,5000000000,5000000000,317,A1,A1,,,신한투자증권(주),자체 신용보강,자체 신용보강,신한투자증권(주)
74170,니드원제십일차,KRZFA35632GF,니드원제십일차 20260317-353-35,N,20260317,20270305,하이브리드증권,KRW,,5000000000,5000000000,317,A1,A1,,,신한투자증권(주),자체 신용보강,자체 신용보강,신한투자증권(주)
74170,니드원제십일차,KRZFA35633GF,니드원제십일차 20260317-353-36,N,20260317,20270305,하이브리드증권,KRW,,5000000000,5000000000,317,A1,A1,,,신한투자증권(주),자체 신용보강,자체 신용보강,신한투자증권(주)
74170,니드원제십일차,KRZFA35634GF,니드원제십일차 20260317-353-37,N,20260317,20270305,하이브리드증권,KRW,,5000000000,5000000000,317,A1,A1,,,신한투자증권(주),자체 신용보강,자체 신용보강,신한투자증권(주)
74170,니드원제십일차,KRZFA35635GF,니드원제십일차 20260317-353-38,N,20260317,20270305,하이브리드증권,KRW,,5000000000,5000000000,317,A1,A1,,,신한투자증권(주),자체 신용보강,자체 신용보강,신한투자증권(주)
74170,니드원제십일차,KRZFA35636GF,니드원제십일차 20260317-353-39,N,20260317,20270305,하이브리드증권,KRW,,5000000000,5000000000,317,A1,A1,,,신한투자증권(주),자체 신용보강,자체 신용보강,신한투자증권(주)
74170,니드원제십일차,KRZFA35634G3,니드원제십일차 20260317-353-4,N,20260317,20270305,하이브리드증권,KRW,,5000000000,5000000000,317,A1,A1,,,신한투자증권(주),자체 신용보강,자체 신용보강,신한투자증권(주)
74170,니드원제십일차,KRZFA35637GF,니드원제십일차 20260317-353-40,N,20260317,20270305,하이브리드증권,KRW,,5000000000,5000000000,317,A1,A1,,,신한투자증권(주),자체 신용보강,자체 신용보강,신한투자증권(주)
74170,니드원제십일차,KRZFA35638GF,니드원제십일차 20260317-353-41,N,20260317,20270305,하이브리드증권,KRW,,5000000000,5000000000,317,A1,A1,,,신한투자증권(주),자체 신용보강,자체 신용보강,신한투자증권(주)
74170,니드원제십일차,KRZFA35635G3,니드원제십일차 20260317-353-5,N,20260317,20270305,하이브리드증권,KRW,,5000000000,5000000000,317,A1,A1,,,신한투자증권(주),자체 신용보강,자체 신용보강,신한투자증권(주)
74170,니드원제십일차,KRZFA35636G3,니드원제십일차 20260317-353-6,N,20260317,20270305,하이브리드증권,KRW,,5000000000,5000000000,317,A1,A1,,,신한투자증권(주),자체 신용보강,자체 신용보강,신한투자증권(주)
74170,니드원제십일차,KRZFA35637G3,니드원제십일차 20260317-353-7,N,20260317,20270305,하이브리드증권,KRW,,5000000000,5000000000,317,A1,A1,,,신한투자증권(주),자체 신용보강,자체 신용보강,신한투자증권(주)
74170,니드원제십일차,KRZFA35638G3,니드원제십일차 20260317-353-8,N,20260317,20270305,하이브리드증권,KRW,,5000000000,5000000000,317,A1,A1,,,신한투자증권(주),자체 신용보강,자체 신용보강,신한투자증권(주)
74170,니드원제십일차,KRZFA35639G3,니드원제십일차 20260317-353-9,N,20260317,20270305,하이브리드증권,KRW,,5000000000,5000000000,317,A1,A1,,,신한투자증권(주),자체 신용보강,자체 신용보강,신한투자증권(주)
55995,동대구터미널제이차,KRZFA14531G3,동대구터미널제이차 20260317-92-1,N,20260317,20260617,수익증권,KRW,,5000000000,5000000000,56,A1,A1,,,주식회사 코리아와이드터미널,차환발행위험(유동성 공여형 매입약정),금융기관,하나은행
55995,동대구터미널제이차,KRZFA14531G3,동대구터미널제이차 20260317-92-1,N,20260317,20260617,수익증권,KRW,,5000000000,5000000000,56,A1,A1,,,주식회사 코리아와이드터미널,금리변동/환율변동,금융기관,하나은행
55995,동대구터미널제이차,KRZFA14532G3,동대구터미널제이차 20260317-92-2,N,20260317,20260617,수익증권,KRW,,5000000000,5000000000,56,A1,A1,,,주식회사 코리아와이드터미널,차환발행위험(유동성 공여형 매입약정),금융기관,하나은행
55995,동대구터미널제이차,KRZFA14532G3,동대구터미널제이차 20260317-92-2,N,20260317,20260617,수익증권,KRW,,5000000000,5000000000,56,A1,A1,,,주식회사 코리아와이드터미널,금리변동/환율변동,금융기관,하나은행
55995,동대구터미널제이차,KRZFA14533G3,동대구터미널제이차 20260317-92-3,N,20260317,20260617,수익증권,KRW,,5000000000,5000000000,56,A1,A1,,,주식회사 코리아와이드터미널,차환발행위험(유동성 공여형 매입약정),금융기관,하나은행
55995,동대구터미널제이차,KRZFA14533G3,동대구터미널제이차 20260317-92-3,N,20260317,20260617,수익증권,KRW,,5000000000,5000000000,56,A1,A1,,,주식회사 코리아와이드터미널,금리변동/환율변동,금융기관,하나은행
55995,동대구터미널제이차,KRZFA14534G3,동대구터미널제이차 20260317-92-4,N,20260317,20260617,수익증권,KRW,,5000000000,5000000000,56,A1,A1,,,주식회사 코리아와이드터미널,차환발행위험(유동성 공여형 매입약정),금융기관,하나은행
55995,동대구터미널제이차,KRZFA14534G3,동대구터미널제이차 20260317-92-4,N,20260317,20260617,수익증권,KRW,,5000000000,5000000000,56,A1,A1,,,주식회사 코리아와이드터미널,금리변동/환율변동,금융기관,하나은행
74155,에스에프트레인제이차,KRZFA99241G3,에스에프트레인제이차 20260317-184-1,N,20260317,20260917,대출채권,KRW,,5000000000,5000000000,148,,A2,A2,,에스케이넥실리스(주),자체 신용보강,자체 신용보강,에스케이넥실리스(주)
74155,에스에프트레인제이차,KRZFA9924AG3,에스에프트레인제이차 20260317-184-10,N,20260317,20260917,대출채권,KRW,,2000000000,2000000000,148,,A2,A2,,에스케이넥실리스(주),자체 신용보강,자체 신용보강,에스케이넥실리스(주)
74155,에스에프트레인제이차,KRZFA9924BG3,에스에프트레인제이차 20260317-184-11,N,20260317,20260917,대출채권,KRW,,2000000000,2000000000,148,,A2,A2,,에스케이넥실리스(주),자체 신용보강,자체 신용보강,에스케이넥실리스(주)
74155,에스에프트레인제이차,KRZFA9924CG3,에스에프트레인제이차 20260317-184-12,N,20260317,20260917,대출채권,KRW,,2000000000,2000000000,148,,A2,A2,,에스케이넥실리스(주),자체 신용보강,자체 신용보강,에스케이넥실리스(주)
74155,에스에프트레인제이차,KRZFA9924DG3,에스에프트레인제이차 20260317-184-13,N,20260317,20260917,대출채권,KRW,,2000000000,2000000000,148,,A2,A2,,에스케이넥실리스(주),자체 신용보강,자체 신용보강,에스케이넥실리스(주)
74155,에스에프트레인제이차,KRZFA9924EG3,에스에프트레인제이차 20260317-184-14,N,20260317,20260917,대출채권,KRW,,2000000000,2000000000,148,,A2,A2,,에스케이넥실리스(주),자체 신용보강,자체 신용보강,에스케이넥실리스(주)
74155,에스에프트레인제이차,KRZFA9924FG3,에스에프트레인제이차 20260317-184-15,N,20260317,20260917,대출채권,KRW,,2000000000,2000000000,148,,A2,A2,,에스케이넥실리스(주),자체 신용보강,자체 신용보강,에스케이넥실리스(주)
74155,에스에프트레인제이차,KRZFA9924GG3,에스에프트레인제이차 20260317-184-16,N,20260317,20260917,대출채권,KRW,,2000000000,2000000000,148,,A2,A2,,에스케이넥실리스(주),자체 신용보강,자체 신용보강,에스케이넥실리스(주)
74155,에스에프트레인제이차,KRZFA9924HG3,에스에프트레인제이차 20260317-184-17,N,20260317,20260917,대출채권,KRW,,2000000000,2000000000,148,,A2,A2,,에스케이넥실리스(주),자체 신용보강,자체 신용보강,에스케이넥실리스(주)
74155,에스에프트레인제이차,KRZFA9924JG3,에스에프트레인제이차 20260317-184-18,N,20260317,20260917,대출채권,KRW,,2000000000,2000000000,148,,A2,A2,,에스케이넥실리스(주),자체 신용보강,자체 신용보강,에스케이넥실리스(주)
74155,에스에프트레인제이차,KRZFA9924KG3,에스에프트레인제이차 20260317-184-19,N,20260317,20260917,대출채권,KRW,,2000000000,2000000000,148,,A2,A2,,에스케이넥실리스(주),자체 신용보강,자체 신용보강,에스케이넥실리스(주)
74155,에스에프트레인제이차,KRZFA99242G3,에스에프트레인제이차 20260317-184-2,N,20260317,20260917,대출채권,KRW,,4000000000,4000000000,148,,A2,A2,,에스케이넥실리스(주),자체 신용보강,자체 신용보강,에스케이넥실리스(주)
74155,에스에프트레인제이차,KRZFA9924LG3,에스에프트레인제이차 20260317-184-20,N,20260317,20260917,대출채권,KRW,,2000000000,2000000000,148,,A2,A2,,에스케이넥실리스(주),자체 신용보강,자체 신용보강,에스케이넥실리스(주)
74155,에스에프트레인제이차,KRZFA9924MG3,에스에프트레인제이차 20260317-184-21,N,20260317,20260917,대출채권,KRW,,2000000000,2000000000,148,,A2,A2,,에스케이넥실리스(주),자체 신용보강,자체 신용보강,에스케이넥실리스(주)
74155,에스에프트레인제이차,KRZFA9924NG3,에스에프트레인제이차 20260317-184-22,N,20260317,20260917,대출채권,KRW,,2000000000,2000000000,148,,A2,A2,,에스케이넥실리스(주),자체 신용보강,자체 신용보강,에스케이넥실리스(주)
74155,에스에프트레인제이차,KRZFA9924PG3,에스에프트레인제이차 20260317-184-23,N,20260317,20260917,대출채권,KRW,,2000000000,2000000000,148,,A2,A2,,에스케이넥실리스(주),자체 신용보강,자체 신용보강,에스케이넥실리스(주)
74155,에스에프트레인제이차,KRZFA9924QG3,에스에프트레인제이차 20260317-184-24,N,20260317,20260917,대출채권,KRW,,2000000000,2000000000,148,,A2,A2,,에스케이넥실리스(주),자체 신용보강,자체 신용보강,에스케이넥실리스(주)
74155,에스에프트레인제이차,KRZFA9924RG3,에스에프트레인제이차 20260317-184-25,N,20260317,20260917,대출채권,KRW,,1000000000,1000000000,148,,A2,A2,,에스케이넥실리스(주),자체 신용보강,자체 신용보강,에스케이넥실리스(주)
74155,에스에프트레인제이차,KRZFA9924SG3,에스에프트레인제이차 20260317-184-26,N,20260317,20260917,대출채권,KRW,,1000000000,1000000000,148,,A2,A2,,에스케이넥실리스(주),자체 신용보강,자체 신용보강,에스케이넥실리스(주)
74155,에스에프트레인제이차,KRZFA9924TG3,에스에프트레인제이차 20260317-184-27,N,20260317,20260917,대출채권,KRW,,1000000000,1000000000,148,,A2,A2,,에스케이넥실리스(주),자체 신용보강,자체 신용보강,에스케이넥실리스(주)
74155,에스에프트레인제이차,KRZFA9924VG3,에스에프트레인제이차 20260317-184-28,N,20260317,20260917,대출채권,KRW,,1000000000,1000000000,148,,A2,A2,,에스케이넥실리스(주),자체 신용보강,자체 신용보강,에스케이넥실리스(주)
74155,에스에프트레인제이차,KRZFA9924WG3,에스에프트레인제이차 20260317-184-29,N,20260317,20260917,대출채권,KRW,,1000000000,1000000000,148,,A2,A2,,에스케이넥실리스(주),자체 신용보강,자체 신용보강,에스케이넥실리스(주)
74155,에스에프트레인제이차,KRZFA99243G3,에스에프트레인제이차 20260317-184-3,N,20260317,20260917,대출채권,KRW,,3000000000,3000000000,148,,A2,A2,,에스케이넥실리스(주),자체 신용보강,자체 신용보강,에스케이넥실리스(주)
74155,에스에프트레인제이차,KRZFA9924XG3,에스에프트레인제이차 20260317-184-30,N,20260317,20260917,대출채권,KRW,,1000000000,1000000000,148,,A2,A2,,에스케이넥실리스(주),자체 신용보강,자체 신용보강,에스케이넥실리스(주)
74155,에스에프트레인제이차,KRZFA9924YG3,에스에프트레인제이차 20260317-184-31,N,20260317,20260917,대출채권,KRW,,1000000000,1000000000,148,,A2,A2,,에스케이넥실리스(주),자체 신용보강,자체 신용보강,에스케이넥실리스(주)
74155,에스에프트레인제이차,KRZFA9924ZG3,에스에프트레인제이차 20260317-184-32,N,20260317,20260917,대출채권,KRW,,1000000000,1000000000,148,,A2,A2,,에스케이넥실리스(주),자체 신용보강,자체 신용보강,에스케이넥실리스(주)
74155,에스에프트레인제이차,KRZFA99240GF,에스에프트레인제이차 20260317-184-33,N,20260317,20260917,대출채권,KRW,,1000000000,1000000000,148,,A2,A2,,에스케이넥실리스(주),자체 신용보강,자체 신용보강,에스케이넥실리스(주)
74155,에스에프트레인제이차,KRZFA99241GF,에스에프트레인제이차 20260317-184-34,N,20260317,20260917,대출채권,KRW,,1000000000,1000000000,148,,A2,A2,,에스케이넥실리스(주),자체 신용보강,자체 신용보강,에스케이넥실리스(주)
74155,에스에프트레인제이차,KRZFA99242GF,에스에프트레인제이차 20260317-184-35,N,20260317,20260917,대출채권,KRW,,1000000000,1000000000,148,,A2,A2,,에스케이넥실리스(주),자체 신용보강,자체 신용보강,에스케이넥실리스(주)
74155,에스에프트레인제이차,KRZFA99243GF,에스에프트레인제이차 20260317-184-36,N,20260317,20260917,대출채권,KRW,,1000000000,1000000000,148,,A2,A2,,에스케이넥실리스(주),자체 신용보강,자체 신용보강,에스케이넥실리스(주)
74155,에스에프트레인제이차,KRZFA99244GF,에스에프트레인제이차 20260317-184-37,N,20260317,20260917,대출채권,KRW,,1000000000,1000000000,148,,A2,A2,,에스케이넥실리스(주),자체 신용보강,자체 신용보강,에스케이넥실리스(주)
74155,에스에프트레인제이차,KRZFA99245GF,에스에프트레인제이차 20260317-184-38,N,20260317,20260917,대출채권,KRW,,1000000000,1000000000,148,,A2,A2,,에스케이넥실리스(주),자체 신용보강,자체 신용보강,에스케이넥실리스(주)
74155,에스에프트레인제이차,KRZFA99246GF,에스에프트레인제이차 20260317-184-39,N,20260317,20260917,대출채권,KRW,,1000000000,1000000000,148,,A2,A2,,에스케이넥실리스(주),자체 신용보강,자체 신용보강,에스케이넥실리스(주)
74155,에스에프트레인제이차,KRZFA99244G3,에스에프트레인제이차 20260317-184-4,N,20260317,20260917,대출채권,KRW,,3000000000,3000000000,148,,A2,A2,,에스케이넥실리스(주),자체 신용보강,자체 신용보강,에스케이넥실리스(주)
74155,에스에프트레인제이차,KRZFA99247GF,에스에프트레인제이차 20260317-184-40,N,20260317,20260917,대출채권,KRW,,1000000000,1000000000,148,,A2,A2,,에스케이넥실리스(주),자체 신용보강,자체 신용보강,에스케이넥실리스(주)
74155,에스에프트레인제이차,KRZFA99248GF,에스에프트레인제이차 20260317-184-41,N,20260317,20260917,대출채권,KRW,,1000000000,1000000000,148,,A2,A2,,에스케이넥실리스(주),자체 신용보강,자체 신용보강,에스케이넥실리스(주)
74155,에스에프트레인제이차,KRZFA99249GF,에스에프트레인제이차 20260317-184-42,N,20260317,20260917,대출채권,KRW,,1000000000,1000000000,148,,A2,A2,,에스케이넥실리스(주),자체 신용보강,자체 신용보강,에스케이넥실리스(주)
74155,에스에프트레인제이차,KRZFA9924AGF,에스에프트레인제이차 20260317-184-43,N,20260317,20260917,대출채권,KRW,,1000000000,1000000000,148,,A2,A2,,에스케이넥실리스(주),자체 신용보강,자체 신용보강,에스케이넥실리스(주)
74155,에스에프트레인제이차,KRZFA9924BGF,에스에프트레인제이차 20260317-184-44,N,20260317,20260917,대출채권,KRW,,1000000000,1000000000,148,,A2,A2,,에스케이넥실리스(주),자체 신용보강,자체 신용보강,에스케이넥실리스(주)
74155,에스에프트레인제이차,KRZFA9924CGF,에스에프트레인제이차 20260317-184-45,N,20260317,20260917,대출채권,KRW,,1000000000,1000000000,148,,A2,A2,,에스케이넥실리스(주),자체 신용보강,자체 신용보강,에스케이넥실리스(주)
74155,에스에프트레인제이차,KRZFA9924DGF,에스에프트레인제이차 20260317-184-46,N,20260317,20260917,대출채권,KRW,,1000000000,1000000000,148,,A2,A2,,에스케이넥실리스(주),자체 신용보강,자체 신용보강,에스케이넥실리스(주)
74155,에스에프트레인제이차,KRZFA9924EGF,에스에프트레인제이차 20260317-184-47,N,20260317,20260917,대출채권,KRW,,1000000000,1000000000,148,,A2,A2,,에스케이넥실리스(주),자체 신용보강,자체 신용보강,에스케이넥실리스(주)
74155,에스에프트레인제이차,KRZFA9924FGF,에스에프트레인제이차 20260317-184-48,N,20260317,20260917,대출채권,KRW,,1000000000,1000000000,148,,A2,A2,,에스케이넥실리스(주),자체 신용보강,자체 신용보강,에스케이넥실리스(주)
74155,에스에프트레인제이차,KRZFA9924GGF,에스에프트레인제이차 20260317-184-49,N,20260317,20260917,대출채권,KRW,,1000000000,1000000000,148,,A2,A2,,에스케이넥실리스(주),자체 신용보강,자체 신용보강,에스케이넥실리스(주)
74155,에스에프트레인제이차,KRZFA99245G3,에스에프트레인제이차 20260317-184-5,N,20260317,20260917,대출채권,KRW,,2000000000,2000000000,148,,A2,A2,,에스케이넥실리스(주),자체 신용보강,자체 신용보강,에스케이넥실리스(주)
74155,에스에프트레인제이차,KRZFA99246G3,에스에프트레인제이차 20260317-184-6,N,20260317,20260917,대출채권,KRW,,2000000000,2000000000,148,,A2,A2,,에스케이넥실리스(주),자체 신용보강,자체 신용보강,에스케이넥실리스(주)
74155,에스에프트레인제이차,KRZFA99247G3,에스에프트레인제이차 20260317-184-7,N,20260317,20260917,대출채권,KRW,,2000000000,2000000000,148,,A2,A2,,에스케이넥실리스(주),자체 신용보강,자체 신용보강,에스케이넥실리스(주)
74155,에스에프트레인제이차,KRZFA99248G3,에스에프트레인제이차 20260317-184-8,N,20260317,20260917,대출채권,KRW,,2000000000,2000000000,148,,A2,A2,,에스케이넥실리스(주),자체 신용보강,자체 신용보강,에스케이넥실리스(주)
74155,에스에프트레인제이차,KRZFA99249G3,에스에프트레인제이차 20260317-184-9,N,20260317,20260917,대출채권,KRW,,2000000000,2000000000,148,,A2,A2,,에스케이넥실리스(주),자체 신용보강,자체 신용보강,에스케이넥실리스(주)
54422,에스타이거무보,KRZFA02621G3,에스타이거무보 20260317-92-1,N,20260317,20260617,대출채권,KRW,,10000000000,10000000000,56,,A1,A1,,에스케이씨,외부 신용보강,금융기관,신한은행
54422,에스타이거무보,KRZFA02622G3,에스타이거무보 20260317-92-2,N,20260317,20260617,대출채권,KRW,,1000000000,1000000000,56,,A1,A1,,에스케이씨,외부 신용보강,금융기관,신한은행
54422,에스타이거무보,KRZFA02623G3,에스타이거무보 20260317-92-3,N,20260317,20260617,대출채권,KRW,,1000000000,1000000000,56,,A1,A1,,에스케이씨,외부 신용보강,금융기관,신한은행
54422,에스타이거무보,KRZFA02624G3,에스타이거무보 20260317-92-4,N,20260317,20260617,대출채권,KRW,,1000000000,1000000000,56,,A1,A1,,에스케이씨,외부 신용보강,금융기관,신한은행
54422,에스타이거무보,KRZFA02625G3,에스타이거무보 20260317-92-5,N,20260317,20260617,대출채권,KRW,,1000000000,1000000000,56,,A1,A1,,에스케이씨,외부 신용보강,금융기관,신한은행
54422,에스타이거무보,KRZFA02626G3,에스타이거무보 20260317-92-6,N,20260317,20260617,대출채권,KRW,,1000000000,1000000000,56,,A1,A1,,에스케이씨,외부 신용보강,금융기관,신한은행
54422,에스타이거무보,KRZFA02627G3,에스타이거무보 20260317-92-7,N,20260317,20260617,대출채권,KRW,,5000000000,5000000000,56,,A1,A1,,에스케이씨,외부 신용보강,금융기관,신한은행
54422,에스타이거무보,KRZFA02628G3,에스타이거무보 20260317-92-8,N,20260317,20260617,대출채권,KRW,,1875000000,1875000000,56,,A1,A1,,에스케이씨,외부 신용보강,금융기관,신한은행
48735,우리드림제삼차,KRZF345871G3,우리드림제삼차 20260317-92-1,N,20260317,20260617,대출채권,KRW,,5000000000,5000000000,56,,A1,A1,,에이치디현대케미칼(주),외부 신용보강,금융기관,우리은행
48735,우리드림제삼차,KRZF345871G3,우리드림제삼차 20260317-92-1,N,20260317,20260617,대출채권,KRW,,5000000000,5000000000,56,,A1,A1,,에이치디현대케미칼(주),차환발행위험(유동성 공여형 매입약정),금융기관,우리은행
48735,우리드림제삼차,KRZF34587AG3,우리드림제삼차 20260317-92-10,N,20260317,20260617,대출채권,KRW,,5000000000,5000000000,56,,A1,A1,,에이치디현대케미칼(주),외부 신용보강,금융기관,우리은행
48735,우리드림제삼차,KRZF34587AG3,우리드림제삼차 20260317-92-10,N,20260317,20260617,대출채권,KRW,,5000000000,5000000000,56,,A1,A1,,에이치디현대케미칼(주),차환발행위험(유동성 공여형 매입약정),금융기관,우리은행
48735,우리드림제삼차,KRZF345872G3,우리드림제삼차 20260317-92-2,N,20260317,20260617,대출채권,KRW,,5000000000,5000000000,56,,A1,A1,,에이치디현대케미칼(주),외부 신용보강,금융기관,우리은행
48735,우리드림제삼차,KRZF345872G3,우리드림제삼차 20260317-92-2,N,20260317,20260617,대출채권,KRW,,5000000000,5000000000,56,,A1,A1,,에이치디현대케미칼(주),차환발행위험(유동성 공여형 매입약정),금융기관,우리은행
48735,우리드림제삼차,KRZF345873G3,우리드림제삼차 20260317-92-3,N,20260317,20260617,대출채권,KRW,,5000000000,5000000000,56,,A1,A1,,에이치디현대케미칼(주),외부 신용보강,금융기관,우리은행
48735,우리드림제삼차,KRZF345873G3,우리드림제삼차 20260317-92-3,N,20260317,20260617,대출채권,KRW,,5000000000,5000000000,56,,A1,A1,,에이치디현대케미칼(주),차환발행위험(유동성 공여형 매입약정),금융기관,우리은행
48735,우리드림제삼차,KRZF345874G3,우리드림제삼차 20260317-92-4,N,20260317,20260617,대출채권,KRW,,5000000000,5000000000,56,,A1,A1,,에이치디현대케미칼(주),외부 신용보강,금융기관,우리은행
48735,우리드림제삼차,KRZF345874G3,우리드림제삼차 20260317-92-4,N,20260317,20260617,대출채권,KRW,,5000000000,5000000000,56,,A1,A1,,에이치디현대케미칼(주),차환발행위험(유동성 공여형 매입약정),금융기관,우리은행
48735,우리드림제삼차,KRZF345875G3,우리드림제삼차 20260317-92-5,N,20260317,20260617,대출채권,KRW,,5000000000,5000000000,56,,A1,A1,,에이치디현대케미칼(주),외부 신용보강,금융기관,우리은행
48735,우리드림제삼차,KRZF345875G3,우리드림제삼차 20260317-92-5,N,20260317,20260617,대출채권,KRW,,5000000000,5000000000,56,,A1,A1,,에이치디현대케미칼(주),차환발행위험(유동성 공여형 매입약정),금융기관,우리은행
48735,우리드림제삼차,KRZF345876G3,우리드림제삼차 20260317-92-6,N,20260317,20260617,대출채권,KRW,,5000000000,5000000000,56,,A1,A1,,에이치디현대케미칼(주),외부 신용보강,금융기관,우리은행
48735,우리드림제삼차,KRZF345876G3,우리드림제삼차 20260317-92-6,N,20260317,20260617,대출채권,KRW,,5000000000,5000000000,56,,A1,A1,,에이치디현대케미칼(주),차환발행위험(유동성 공여형 매입약정),금융기관,우리은행
48735,우리드림제삼차,KRZF345877G3,우리드림제삼차 20260317-92-7,N,20260317,20260617,대출채권,KRW,,5000000000,5000000000,56,,A1,A1,,에이치디현대케미칼(주),외부 신용보강,금융기관,우리은행
48735,우리드림제삼차,KRZF345877G3,우리드림제삼차 20260317-92-7,N,20260317,20260617,대출채권,KRW,,5000000000,5000000000,56,,A1,A1,,에이치디현대케미칼(주),차환발행위험(유동성 공여형 매입약정),금융기관,우리은행
48735,우리드림제삼차,KRZF345878G3,우리드림제삼차 20260317-92-8,N,20260317,20260617,대출채권,KRW,,5000000000,5000000000,56,,A1,A1,,에이치디현대케미칼(주),외부 신용보강,금융기관,우리은행
48735,우리드림제삼차,KRZF345878G3,우리드림제삼차 20260317-92-8,N,20260317,20260617,대출채권,KRW,,5000000000,5000000000,56,,A1,A1,,에이치디현대케미칼(주),차환발행위험(유동성 공여형 매입약정),금융기관,우리은행
48735,우리드림제삼차,KRZF345879G3,우리드림제삼차 20260317-92-9,N,20260317,20260617,대출채권,KRW,,5000000000,5000000000,56,,A1,A1,,에이치디현대케미칼(주),외부 신용보강,금융기관,우리은행
48735,우리드림제삼차,KRZF345879G3,우리드림제삼차 20260317-92-9,N,20260317,20260617,대출채권,KRW,,5000000000,5000000000,56,,A1,A1,,에이치디현대케미칼(주),차환발행위험(유동성 공여형 매입약정),금융기관,우리은행
72187,케이디비국립대병원제이차,KRZF0120V1G3,케이디비국립대병원제이차 20260317-31-1,N,20260317,20260417,대출채권,KRW,,5000000000,5000000000,0,,A1,,,경북대학교병원,차환발행위험(유동성 공여형 매입약정),공공기관,한국산업은행
72187,케이디비국립대병원제이차,KRZF0120V1G3,케이디비국립대병원제이차 20260317-31-1,N,20260317,20260417,대출채권,KRW,,5000000000,5000000000,0,,A1,,,경상국립대학교병원,차환발행위험(유동성 공여형 매입약정),공공기관,한국산업은행
72187,케이디비국립대병원제이차,KRZF0120V2G3,케이디비국립대병원제이차 20260317-31-2,N,20260317,20260417,대출채권,KRW,,5000000000,5000000000,0,,A1,,,경북대학교병원,차환발행위험(유동성 공여형 매입약정),공공기관,한국산업은행
72187,케이디비국립대병원제이차,KRZF0120V2G3,케이디비국립대병원제이차 20260317-31-2,N,20260317,20260417,대출채권,KRW,,5000000000,5000000000,0,,A1,,,경상국립대학교병원,차환발행위험(유동성 공여형 매입약정),공공기관,한국산업은행
72187,케이디비국립대병원제이차,KRZF0120V3G3,케이디비국립대병원제이차 20260317-31-3,N,20260317,20260417,대출채권,KRW,,5000000000,5000000000,0,,A1,,,경북대학교병원,차환발행위험(유동성 공여형 매입약정),공공기관,한국산업은행
72187,케이디비국립대병원제이차,KRZF0120V3G3,케이디비국립대병원제이차 20260317-31-3,N,20260317,20260417,대출채권,KRW,,5000000000,5000000000,0,,A1,,,경상국립대학교병원,차환발행위험(유동성 공여형 매입약정),공공기관,한국산업은행
72187,케이디비국립대병원제이차,KRZF0120V4G3,케이디비국립대병원제이차 20260317-31-4,N,20260317,20260417,대출채권,KRW,,5000000000,5000000000,0,,A1,,,경북대학교병원,차환발행위험(유동성 공여형 매입약정),공공기관,한국산업은행
72187,케이디비국립대병원제이차,KRZF0120V4G3,케이디비국립대병원제이차 20260317-31-4,N,20260317,20260417,대출채권,KRW,,5000000000,5000000000,0,,A1,,,경상국립대학교병원,차환발행위험(유동성 공여형 매입약정),공공기관,한국산업은행
72187,케이디비국립대병원제이차,KRZF0120V5G3,케이디비국립대병원제이차 20260317-31-5,N,20260317,20260417,대출채권,KRW,,5000000000,5000000000,0,,A1,,,경북대학교병원,차환발행위험(유동성 공여형 매입약정),공공기관,한국산업은행
72187,케이디비국립대병원제이차,KRZF0120V5G3,케이디비국립대병원제이차 20260317-31-5,N,20260317,20260417,대출채권,KRW,,5000000000,5000000000,0,,A1,,,경상국립대학교병원,차환발행위험(유동성 공여형 매입약정),공공기관,한국산업은행
74153,농협사랑제2차,KRZFA4134HGF,농협사랑제2차 20260316-282-50,N,20260316,20261223,정기예금,KRW,,5000000000,5000000000,245,,A1,A1,,농협은행,자체 신용보강,자체 신용보강,농협은행
74153,농협사랑제2차,KRZFA4134JGF,농협사랑제2차 20260316-282-51,N,20260316,20261223,정기예금,KRW,,5000000000,5000000000,245,,A1,A1,,농협은행,자체 신용보강,자체 신용보강,농협은행
74153,농협사랑제2차,KRZFA4134KGF,농협사랑제2차 20260316-282-52,N,20260316,20261223,정기예금,KRW,,5000000000,5000000000,245,,A1,A1,,농협은행,자체 신용보강,자체 신용보강,농협은행
74153,농협사랑제2차,KRZFA4134LGF,농협사랑제2차 20260316-282-53,N,20260316,20261223,정기예금,KRW,,5000000000,5000000000,245,,A1,A1,,농협은행,자체 신용보강,자체 신용보강,농협은행
74153,농협사랑제2차,KRZFA4134MGF,농협사랑제2차 20260316-282-54,N,20260316,20261223,정기예금,KRW,,5000000000,5000000000,245,,A1,A1,,농협은행,자체 신용보강,자체 신용보강,농협은행
74153,농협사랑제2차,KRZFA4134NGF,농협사랑제2차 20260316-282-55,N,20260316,20261223,정기예금,KRW,,5000000000,5000000000,245,,A1,A1,,농협은행,자체 신용보강,자체 신용보강,농협은행
74153,농협사랑제2차,KRZFA4134PGF,농협사랑제2차 20260316-282-56,N,20260316,20261223,정기예금,KRW,,5000000000,5000000000,245,,A1,A1,,농협은행,자체 신용보강,자체 신용보강,농협은행
74153,농협사랑제2차,KRZFA4134QGF,농협사랑제2차 20260316-282-57,N,20260316,20261223,정기예금,KRW,,5000000000,5000000000,245,,A1,A1,,농협은행,자체 신용보강,자체 신용보강,농협은행
74153,농협사랑제2차,KRZFA4134RGF,농협사랑제2차 20260316-282-58,N,20260316,20261223,정기예금,KRW,,5000000000,5000000000,245,,A1,A1,,농협은행,자체 신용보강,자체 신용보강,농협은행
74153,농협사랑제2차,KRZFA4134SGF,농협사랑제2차 20260316-282-59,N,20260316,20261223,정기예금,KRW,,5000000000,5000000000,245,,A1,A1,,농협은행,자체 신용보강,자체 신용보강,농협은행
74153,농협사랑제2차,KRZFA4134TGF,농협사랑제2차 20260316-282-60,N,20260316,20261223,정기예금,KRW,,5000000000,5000000000,245,,A1,A1,,농협은행,자체 신용보강,자체 신용보강,농협은행
74153,농협사랑제2차,KRZFA4134VGF,농협사랑제2차 20260316-282-61,N,20260316,20261223,정기예금,KRW,,5000000000,5000000000,245,,A1,A1,,농협은행,자체 신용보강,자체 신용보강,농협은행
74153,농협사랑제2차,KRZFA4134WGF,농협사랑제2차 20260316-282-62,N,20260316,20261223,정기예금,KRW,,5000000000,5000000000,245,,A1,A1,,농협은행,자체 신용보강,자체 신용보강,농협은행
74153,농협사랑제2차,KRZFA4134XGF,농협사랑제2차 20260316-282-63,N,20260316,20261223,정기예금,KRW,,5000000000,5000000000,245,,A1,A1,,농협은행,자체 신용보강,자체 신용보강,농협은행
74153,농협사랑제2차,KRZFA4134YGF,농협사랑제2차 20260316-282-64,N,20260316,20261223,정기예금,KRW,,5000000000,5000000000,245,,A1,A1,,농협은행,자체 신용보강,자체 신용보강,농협은행
74153,농협사랑제2차,KRZFA4134ZGF,농협사랑제2차 20260316-282-65,N,20260316,20261223,정기예금,KRW,,5000000000,5000000000,245,,A1,A1,,농협은행,자체 신용보강,자체 신용보강,농협은행
74153,농협사랑제2차,KRZFE41340G3,농협사랑제2차 20260316-282-66,N,20260316,20261223,정기예금,KRW,,5000000000,5000000000,245,,A1,A1,,농협은행,자체 신용보강,자체 신용보강,농협은행
74153,농협사랑제2차,KRZFE41341G3,농협사랑제2차 20260316-282-67,N,20260316,20261223,정기예금,KRW,,5000000000,5000000000,245,,A1,A1,,농협은행,자체 신용보강,자체 신용보강,농협은행
74153,농협사랑제2차,KRZFE41342G3,농협사랑제2차 20260316-282-68,N,20260316,20261223,정기예금,KRW,,5000000000,5000000000,245,,A1,A1,,농협은행,자체 신용보강,자체 신용보강,농협은행
74153,농협사랑제2차,KRZFE41343G3,농협사랑제2차 20260316-282-69,N,20260316,20261223,정기예금,KRW,,5000000000,5000000000,245,,A1,A1,,농협은행,자체 신용보강,자체 신용보강,농협은행
74153,농협사랑제2차,KRZFE41344G3,농협사랑제2차 20260316-282-70,N,20260316,20261223,정기예금,KRW,,5000000000,5000000000,245,,A1,A1,,농협은행,자체 신용보강,자체 신용보강,농협은행
74153,농협사랑제2차,KRZFE41345G3,농협사랑제2차 20260316-282-71,N,20260316,20261223,정기예금,KRW,,5000000000,5000000000,245,,A1,A1,,농협은행,자체 신용보강,자체 신용보강,농협은행
74153,농협사랑제2차,KRZFE41346G3,농협사랑제2차 20260316-282-72,N,20260316,20261223,정기예금,KRW,,5000000000,5000000000,245,,A1,A1,,농협은행,자체 신용보강,자체 신용보강,농협은행
74153,농협사랑제2차,KRZFE41347G3,농협사랑제2차 20260316-282-73,N,20260316,20261223,정기예금,KRW,,5000000000,5000000000,245,,A1,A1,,농협은행,자체 신용보강,자체 신용보강,농협은행
74153,농협사랑제2차,KRZFE41348G3,농협사랑제2차 20260316-282-74,N,20260316,20261223,정기예금,KRW,,5000000000,5000000000,245,,A1,A1,,농협은행,자체 신용보강,자체 신용보강,농협은행
74153,농협사랑제2차,KRZFE41349G3,농협사랑제2차 20260316-282-75,N,20260316,20261223,정기예금,KRW,,5000000000,5000000000,245,,A1,A1,,농협은행,자체 신용보강,자체 신용보강,농협은행
74153,농협사랑제2차,KRZFE4134AG3,농협사랑제2차 20260316-282-76,N,20260316,20261223,정기예금,KRW,,5000000000,5000000000,245,,A1,A1,,농협은행,자체 신용보강,자체 신용보강,농협은행
74153,농협사랑제2차,KRZFE4134BG3,농협사랑제2차 20260316-282-77,N,20260316,20261223,정기예금,KRW,,5000000000,5000000000,245,,A1,A1,,농협은행,자체 신용보강,자체 신용보강,농협은행
74153,농협사랑제2차,KRZFE4134CG3,농협사랑제2차 20260316-282-78,N,20260316,20261223,정기예금,KRW,,5000000000,5000000000,245,,A1,A1,,농협은행,자체 신용보강,자체 신용보강,농협은행
74153,농협사랑제2차,KRZFE4134DG3,농협사랑제2차 20260316-364-79,N,20260316,20270315,정기예금,KRW,,5000000000,5000000000,327,,A1,A1,,농협은행,자체 신용보강,자체 신용보강,농협은행
74153,농협사랑제2차,KRZFE4134EG3,농협사랑제2차 20260316-364-80,N,20260316,20270315,정기예금,KRW,,5000000000,5000000000,327,,A1,A1,,농협은행,자체 신용보강,자체 신용보강,농협은행
74153,농협사랑제2차,KRZFE4134FG3,농협사랑제2차 20260316-364-81,N,20260316,20270315,정기예금,KRW,,5000000000,5000000000,327,,A1,A1,,농협은행,자체 신용보강,자체 신용보강,농협은행
74153,농협사랑제2차,KRZFE4134GG3,농협사랑제2차 20260316-364-82,N,20260316,20270315,정기예금,KRW,,5000000000,5000000000,327,,A1,A1,,농협은행,자체 신용보강,자체 신용보강,농협은행
74153,농협사랑제2차,KRZFE4134HG3,농협사랑제2차 20260316-364-83,N,20260316,20270315,정기예금,KRW,,5000000000,5000000000,327,,A1,A1,,농협은행,자체 신용보강,자체 신용보강,농협은행
74153,농협사랑제2차,KRZFE4134JG3,농협사랑제2차 20260316-364-84,N,20260316,20270315,정기예금,KRW,,5000000000,5000000000,327,,A1,A1,,농협은행,자체 신용보강,자체 신용보강,농협은행
74153,농협사랑제2차,KRZFE4134KG3,농협사랑제2차 20260316-364-85,N,20260316,20270315,정기예금,KRW,,5000000000,5000000000,327,,A1,A1,,농협은행,자체 신용보강,자체 신용보강,농협은행
74153,농협사랑제2차,KRZFE4134LG3,농협사랑제2차 20260316-364-86,N,20260316,20270315,정기예금,KRW,,5000000000,5000000000,327,,A1,A1,,농협은행,자체 신용보강,자체 신용보강,농협은행
74153,농협사랑제2차,KRZFE4134MG3,농협사랑제2차 20260316-364-87,N,20260316,20270315,정기예금,KRW,,5000000000,5000000000,327,,A1,A1,,농협은행,자체 신용보강,자체 신용보강,농협은행
74153,농협사랑제2차,KRZFE4134NG3,농협사랑제2차 20260316-364-88,N,20260316,20270315,정기예금,KRW,,5000000000,5000000000,327,,A1,A1,,농협은행,자체 신용보강,자체 신용보강,농협은행
74153,농협사랑제2차,KRZFE4134PG3,농협사랑제2차 20260316-364-89,N,20260316,20270315,정기예금,KRW,,5000000000,5000000000,327,,A1,A1,,농협은행,자체 신용보강,자체 신용보강,농협은행
74153,농협사랑제2차,KRZFE4134QG3,농협사랑제2차 20260316-364-90,N,20260316,20270315,정기예금,KRW,,5000000000,5000000000,327,,A1,A1,,농협은행,자체 신용보강,자체 신용보강,농협은행
74153,농협사랑제2차,KRZFE4134RG3,농협사랑제2차 20260316-364-91,N,20260316,20270315,정기예금,KRW,,5000000000,5000000000,327,,A1,A1,,농협은행,자체 신용보강,자체 신용보강,농협은행
74153,농협사랑제2차,KRZFE4134SG3,농협사랑제2차 20260316-364-92,N,20260316,20270315,정기예금,KRW,,5000000000,5000000000,327,,A1,A1,,농협은행,자체 신용보강,자체 신용보강,농협은행
74153,농협사랑제2차,KRZFE4134TG3,농협사랑제2차 20260316-364-93,N,20260316,20270315,정기예금,KRW,,5000000000,5000000000,327,,A1,A1,,농협은행,자체 신용보강,자체 신용보강,농협은행
74153,농협사랑제2차,KRZFE4134VG3,농협사랑제2차 20260316-364-94,N,20260316,20270315,정기예금,KRW,,5000000000,5000000000,327,,A1,A1,,농협은행,자체 신용보강,자체 신용보강,농협은행
74153,농협사랑제2차,KRZFE4134WG3,농협사랑제2차 20260316-364-95,N,20260316,20270315,정기예금,KRW,,5000000000,5000000000,327,,A1,A1,,농협은행,자체 신용보강,자체 신용보강,농협은행
74153,농협사랑제2차,KRZFE4134XG3,농협사랑제2차 20260316-364-96,N,20260316,20270315,정기예금,KRW,,5000000000,5000000000,327,,A1,A1,,농협은행,자체 신용보강,자체 신용보강,농협은행
74153,농협사랑제2차,KRZFE4134YG3,농협사랑제2차 20260316-364-97,N,20260316,20270315,정기예금,KRW,,5000000000,5000000000,327,,A1,A1,,농협은행,자체 신용보강,자체 신용보강,농협은행
74153,농협사랑제2차,KRZFE4134ZG3,농협사랑제2차 20260316-364-98,N,20260316,20270315,정기예금,KRW,,5000000000,5000000000,327,,A1,A1,,농협은행,자체 신용보강,자체 신용보강,농협은행
74113,디비엠비피제십차,KRZF0112VZG3,디비엠비피제십차 20260316-184-32,N,20260316,20260916,매출채권,KRW,,5000000000,5000000000,147,,A1,A1,,한화솔루션,자체 신용보강,자체 신용보강,한화솔루션
74113,디비엠비피제십차,KRZF0112V0GF,디비엠비피제십차 20260316-184-33,N,20260316,20260916,매출채권,KRW,,5000000000,5000000000,147,,A1,A1,,한화솔루션,자체 신용보강,자체 신용보강,한화솔루션
74113,디비엠비피제십차,KRZF0112V1GF,디비엠비피제십차 20260316-184-34,N,20260316,20260916,매출채권,KRW,,5000000000,5000000000,147,,A1,A1,,한화솔루션,자체 신용보강,자체 신용보강,한화솔루션
74113,디비엠비피제십차,KRZF0112V2GF,디비엠비피제십차 20260316-184-35,N,20260316,20260916,매출채권,KRW,,5000000000,5000000000,147,,A1,A1,,한화솔루션,자체 신용보강,자체 신용보강,한화솔루션
74113,디비엠비피제십차,KRZF0112V3GF,디비엠비피제십차 20260316-184-36,N,20260316,20260916,매출채권,KRW,,1500000000,1500000000,147,,A1,A1,,한화솔루션,자체 신용보강,자체 신용보강,한화솔루션
65025,리치게이트방배,KRZFA78801G3,리치게이트방배 20260316-51-1,Y,20260316,20260506,PF대출채권,KRW,,5000000000,5000000000,14,A1,,A1,,방배삼호아파트12동 13동가로주택정비사업조합,차환발행위험(유동성 공여형 매입약정),금융기관,신한은행
65025,리치게이트방배,KRZFA78802G3,리치게이트방배 20260316-51-2,Y,20260316,20260506,PF대출채권,KRW,,5000000000,5000000000,14,A1,,A1,,방배삼호아파트12동 13동가로주택정비사업조합,차환발행위험(유동성 공여형 매입약정),금융기관,신한은행
65025,리치게이트방배,KRZFA78803G3,리치게이트방배 20260316-51-3,Y,20260316,20260506,PF대출채권,KRW,,5000000000,5000000000,14,A1,,A1,,방배삼호아파트12동 13동가로주택정비사업조합,차환발행위험(유동성 공여형 매입약정),금융기관,신한은행
65025,리치게이트방배,KRZFA78804G3,리치게이트방배 20260316-51-4,Y,20260316,20260506,PF대출채권,KRW,,5000000000,5000000000,14,A1,,A1,,방배삼호아파트12동 13동가로주택정비사업조합,차환발행위험(유동성 공여형 매입약정),금융기관,신한은행
65025,리치게이트방배,KRZFA78805G3,리치게이트방배 20260316-51-5,Y,20260316,20260506,PF대출채권,KRW,,5000000000,5000000000,14,A1,,A1,,방배삼호아파트12동 13동가로주택정비사업조합,차환발행위험(유동성 공여형 매입약정),금융기관,신한은행
65025,리치게이트방배,KRZFA78806G3,리치게이트방배 20260316-51-6,Y,20260316,20260506,PF대출채권,KRW,,133479020,133479020,14,A1,,A1,,방배삼호아파트12동 13동가로주택정비사업조합,차환발행위험(유동성 공여형 매입약정),금융기관,신한은행
62376,슈프림제이십사차유동화전문,KRZFA62921G3,슈프림제이십사차유동화전문 20260316-91-1,N,20260316,20260615,매출채권,KRW,,10000000000,10000000000,54,A1,,A1,,롯데카드,차환발행위험(유동성 공여형 매입약정),금융기관,국민은행
62376,슈프림제이십사차유동화전문,KRZFA6292AG3,슈프림제이십사차유동화전문 20260316-91-10,N,20260316,20260615,매출채권,KRW,,5000000000,5000000000,54,A1,,A1,,롯데카드,차환발행위험(유동성 공여형 매입약정),금융기관,국민은행
62376,슈프림제이십사차유동화전문,KRZFA6292BG3,슈프림제이십사차유동화전문 20260316-91-11,N,20260316,20260615,매출채권,KRW,,5000000000,5000000000,54,A1,,A1,,롯데카드,차환발행위험(유동성 공여형 매입약정),금융기관,국민은행
62376,슈프림제이십사차유동화전문,KRZFA6292CG3,슈프림제이십사차유동화전문 20260316-91-12,N,20260316,20260615,매출채권,KRW,,5000000000,5000000000,54,A1,,A1,,롯데카드,차환발행위험(유동성 공여형 매입약정),금융기관,국민은행
62376,슈프림제이십사차유동화전문,KRZFA6292DG3,슈프림제이십사차유동화전문 20260316-91-13,N,20260316,20260615,매출채권,KRW,,5000000000,5000000000,54,A1,,A1,,롯데카드,차환발행위험(유동성 공여형 매입약정),금융기관,국민은행
62376,슈프림제이십사차유동화전문,KRZFA6292EG3,슈프림제이십사차유동화전문 20260316-91-14,N,20260316,20260615,매출채권,KRW,,5000000000,5000000000,54,A1,,A1,,롯데카드,차환발행위험(유동성 공여형 매입약정),금융기관,국민은행
62376,슈프림제이십사차유동화전문,KRZFA6292FG3,슈프림제이십사차유동화전문 20260316-91-15,N,20260316,20260615,매출채권,KRW,,5000000000,5000000000,54,A1,,A1,,롯데카드,차환발행위험(유동성 공여형 매입약정),금융기관,국민은행
62376,슈프림제이십사차유동화전문,KRZFA6292GG3,슈프림제이십사차유동화전문 20260316-91-16,N,20260316,20260615,매출채권,KRW,,3000000000,3000000000,54,A1,,A1,,롯데카드,차환발행위험(유동성 공여형 매입약정),금융기관,국민은행
62376,슈프림제이십사차유동화전문,KRZFA6292HG3,슈프림제이십사차유동화전문 20260316-91-17,N,20260316,20260615,매출채권,KRW,,2000000000,2000000000,54,A1,,A1,,롯데카드,차환발행위험(유동성 공여형 매입약정),금융기관,국민은행
62376,슈프림제이십사차유동화전문,KRZFA62922G3,슈프림제이십사차유동화전문 20260316-91-2,N,20260316,20260615,매출채권,KRW,,10000000000,10000000000,54,A1,,A1,,롯데카드,차환발행위험(유동성 공여형 매입약정),금융기관,국민은행
62376,슈프림제이십사차유동화전문,KRZFA62923G3,슈프림제이십사차유동화전문 20260316-91-3,N,20260316,20260615,매출채권,KRW,,10000000000,10000000000,54,A1,,A1,,롯데카드,차환발행위험(유동성 공여형 매입약정),금융기관,국민은행
62376,슈프림제이십사차유동화전문,KRZFA62924G3,슈프림제이십사차유동화전문 20260316-91-4,N,20260316,20260615,매출채권,KRW,,10000000000,10000000000,54,A1,,A1,,롯데카드,차환발행위험(유동성 공여형 매입약정),금융기관,국민은행
62376,슈프림제이십사차유동화전문,KRZFA62925G3,슈프림제이십사차유동화전문 20260316-91-5,N,20260316,20260615,매출채권,KRW,,5000000000,5000000000,54,A1,,A1,,롯데카드,차환발행위험(유동성 공여형 매입약정),금융기관,국민은행
62376,슈프림제이십사차유동화전문,KRZFA62926G3,슈프림제이십사차유동화전문 20260316-91-6,N,20260316,20260615,매출채권,KRW,,5000000000,5000000000,54,A1,,A1,,롯데카드,차환발행위험(유동성 공여형 매입약정),금융기관,국민은행
62376,슈프림제이십사차유동화전문,KRZFA62927G3,슈프림제이십사차유동화전문 20260316-91-7,N,20260316,20260615,매출채권,KRW,,5000000000,5000000000,54,A1,,A1,,롯데카드,차환발행위험(유동성 공여형 매입약정),금융기관,국민은행
62376,슈프림제이십사차유동화전문,KRZFA62928G3,슈프림제이십사차유동화전문 20260316-91-8,N,20260316,20260615,매출채권,KRW,,5000000000,5000000000,54,A1,,A1,,롯데카드,차환발행위험(유동성 공여형 매입약정),금융기관,국민은행
62376,슈프림제이십사차유동화전문,KRZFA62929G3,슈프림제이십사차유동화전문 20260316-91-9,N,20260316,20260615,매출채권,KRW,,5000000000,5000000000,54,A1,,A1,,롯데카드,차환발행위험(유동성 공여형 매입약정),금융기관,국민은행
74137,와이케이포레제일차,KRZF0147K1G3,와이케이포레제일차 20260316-184-1,Y,20260316,20260916,PF대출채권,KRW,,60000000,60000000,147,A1,,A1,,베스트에프제팔차(주),외부 신용보강,일반기업,현대건설
74152,자이언츠제오차,KRZFA64821G3,자이언츠제오차 20260316-364-1,N,20260316,20270315,정기예금,KRW,,5000000000,5000000000,327,A1,,A1,,부산은행,자체 신용보강,자체 신용보강,부산은행
74152,자이언츠제오차,KRZFA6482AG3,자이언츠제오차 20260316-364-10,N,20260316,20270315,정기예금,KRW,,5000000000,5000000000,327,A1,,A1,,부산은행,자체 신용보강,자체 신용보강,부산은행
74152,자이언츠제오차,KRZFA6482BG3,자이언츠제오차 20260316-364-11,N,20260316,20270315,정기예금,KRW,,5000000000,5000000000,327,A1,,A1,,부산은행,자체 신용보강,자체 신용보강,부산은행
74152,자이언츠제오차,KRZFA6482CG3,자이언츠제오차 20260316-364-12,N,20260316,20270315,정기예금,KRW,,5000000000,5000000000,327,A1,,A1,,부산은행,자체 신용보강,자체 신용보강,부산은행
74152,자이언츠제오차,KRZFA6482DG3,자이언츠제오차 20260316-364-13,N,20260316,20270315,정기예금,KRW,,5000000000,5000000000,327,A1,,A1,,부산은행,자체 신용보강,자체 신용보강,부산은행
74152,자이언츠제오차,KRZFA6482EG3,자이언츠제오차 20260316-364-14,N,20260316,20270315,정기예금,KRW,,5000000000,5000000000,327,A1,,A1,,부산은행,자체 신용보강,자체 신용보강,부산은행
74152,자이언츠제오차,KRZFA6482FG3,자이언츠제오차 20260316-364-15,N,20260316,20270315,정기예금,KRW,,5000000000,5000000000,327,A1,,A1,,부산은행,자체 신용보강,자체 신용보강,부산은행
74152,자이언츠제오차,KRZFA6482GG3,자이언츠제오차 20260316-364-16,N,20260316,20270315,정기예금,KRW,,5000000000,5000000000,327,A1,,A1,,부산은행,자체 신용보강,자체 신용보강,부산은행
74152,자이언츠제오차,KRZFA6482HG3,자이언츠제오차 20260316-364-17,N,20260316,20270315,정기예금,KRW,,5000000000,5000000000,327,A1,,A1,,부산은행,자체 신용보강,자체 신용보강,부산은행
74152,자이언츠제오차,KRZFA6482JG3,자이언츠제오차 20260316-364-18,N,20260316,20270315,정기예금,KRW,,5000000000,5000000000,327,A1,,A1,,부산은행,자체 신용보강,자체 신용보강,부산은행
74152,자이언츠제오차,KRZFA6482KG3,자이언츠제오차 20260316-364-19,N,20260316,20270315,정기예금,KRW,,5000000000,5000000000,327,A1,,A1,,부산은행,자체 신용보강,자체 신용보강,부산은행
74152,자이언츠제오차,KRZFA64822G3,자이언츠제오차 20260316-364-2,N,20260316,20270315,정기예금,KRW,,5000000000,5000000000,327,A1,,A1,,부산은행,자체 신용보강,자체 신용보강,부산은행
74152,자이언츠제오차,KRZFA6482LG3,자이언츠제오차 20260316-364-20,N,20260316,20270315,정기예금,KRW,,5000000000,5000000000,327,A1,,A1,,부산은행,자체 신용보강,자체 신용보강,부산은행
74152,자이언츠제오차,KRZFA6482MG3,자이언츠제오차 20260316-364-21,N,20260316,20270315,정기예금,KRW,,5000000000,5000000000,327,A1,,A1,,부산은행,자체 신용보강,자체 신용보강,부산은행
74152,자이언츠제오차,KRZFA6482NG3,자이언츠제오차 20260316-364-22,N,20260316,20270315,정기예금,KRW,,5000000000,5000000000,327,A1,,A1,,부산은행,자체 신용보강,자체 신용보강,부산은행
74152,자이언츠제오차,KRZFA6482PG3,자이언츠제오차 20260316-364-23,N,20260316,20270315,정기예금,KRW,,5000000000,5000000000,327,A1,,A1,,부산은행,자체 신용보강,자체 신용보강,부산은행
74152,자이언츠제오차,KRZFA6482QG3,자이언츠제오차 20260316-364-24,N,20260316,20270315,정기예금,KRW,,5000000000,5000000000,327,A1,,A1,,부산은행,자체 신용보강,자체 신용보강,부산은행
74152,자이언츠제오차,KRZFA6482RG3,자이언츠제오차 20260316-364-25,N,20260316,20270315,정기예금,KRW,,5000000000,5000000000,327,A1,,A1,,부산은행,자체 신용보강,자체 신용보강,부산은행
74152,자이언츠제오차,KRZFA6482SG3,자이언츠제오차 20260316-364-26,N,20260316,20270315,정기예금,KRW,,5000000000,5000000000,327,A1,,A1,,부산은행,자체 신용보강,자체 신용보강,부산은행
74152,자이언츠제오차,KRZFA6482TG3,자이언츠제오차 20260316-364-27,N,20260316,20270315,정기예금,KRW,,5000000000,5000000000,327,A1,,A1,,부산은행,자체 신용보강,자체 신용보강,부산은행
74152,자이언츠제오차,KRZFA6482VG3,자이언츠제오차 20260316-364-28,N,20260316,20270315,정기예금,KRW,,5000000000,5000000000,327,A1,,A1,,부산은행,자체 신용보강,자체 신용보강,부산은행
74152,자이언츠제오차,KRZFA6482WG3,자이언츠제오차 20260316-364-29,N,20260316,20270315,정기예금,KRW,,5000000000,5000000000,327,A1,,A1,,부산은행,자체 신용보강,자체 신용보강,부산은행
74152,자이언츠제오차,KRZFA64823G3,자이언츠제오차 20260316-364-3,N,20260316,20270315,정기예금,KRW,,5000000000,5000000000,327,A1,,A1,,부산은행,자체 신용보강,자체 신용보강,부산은행
74152,자이언츠제오차,KRZFA64824G3,자이언츠제오차 20260316-364-4,N,20260316,20270315,정기예금,KRW,,5000000000,5000000000,327,A1,,A1,,부산은행,자체 신용보강,자체 신용보강,부산은행
74152,자이언츠제오차,KRZFA64825G3,자이언츠제오차 20260316-364-5,N,20260316,20270315,정기예금,KRW,,5000000000,5000000000,327,A1,,A1,,부산은행,자체 신용보강,자체 신용보강,부산은행
74152,자이언츠제오차,KRZFA64826G3,자이언츠제오차 20260316-364-6,N,20260316,20270315,정기예금,KRW,,5000000000,5000000000,327,A1,,A1,,부산은행,자체 신용보강,자체 신용보강,부산은행
74152,자이언츠제오차,KRZFA64827G3,자이언츠제오차 20260316-364-7,N,20260316,20270315,정기예금,KRW,,5000000000,5000000000,327,A1,,A1,,부산은행,자체 신용보강,자체 신용보강,부산은행
74152,자이언츠제오차,KRZFA64828G3,자이언츠제오차 20260316-364-8,N,20260316,20270315,정기예금,KRW,,5000000000,5000000000,327,A1,,A1,,부산은행,자체 신용보강,자체 신용보강,부산은행
74152,자이언츠제오차,KRZFA64829G3,자이언츠제오차 20260316-364-9,N,20260316,20270315,정기예금,KRW,,5000000000,5000000000,327,A1,,A1,,부산은행,자체 신용보강,자체 신용보강,부산은행
57307,지아이비유천,KRZFA27151G3,지아이비유천 20260316-29-1,Y,20260316,20260414,PF대출채권,KRW,,110000000,110000000,0,A1,A1,,,(주)와이즈클래스씨,외부 신용보강,금융기관,신한은행
72559,케이비아이에스제이차,KRZF0133N1G3,케이비아이에스제이차 20260316-59-1,Y,20260316,20260514,PF대출채권,KRW,,5000000000,5000000000,22,A1,A1,,,아이에스동서(주),차환발행위험(유동성 공여형 매입약정),금융기관,국민은행
72559,케이비아이에스제이차,KRZF0133N2G3,케이비아이에스제이차 20260316-59-2,Y,20260316,20260514,PF대출채권,KRW,,5000000000,5000000000,22,A1,A1,,,아이에스동서(주),차환발행위험(유동성 공여형 매입약정),금융기관,국민은행
72559,케이비아이에스제이차,KRZF0133N3G3,케이비아이에스제이차 20260316-59-3,Y,20260316,20260514,PF대출채권,KRW,,5000000000,5000000000,22,A1,A1,,,아이에스동서(주),차환발행위험(유동성 공여형 매입약정),금융기관,국민은행
72559,케이비아이에스제이차,KRZF0133N4G3,케이비아이에스제이차 20260316-59-4,Y,20260316,20260514,PF대출채권,KRW,,5000000000,5000000000,22,A1,A1,,,아이에스동서(주),차환발행위험(유동성 공여형 매입약정),금융기관,국민은행
72557,케이비아이에스제일차,KRZF0133M1G3,케이비아이에스제일차 20260316-59-1,Y,20260316,20260514,PF대출채권,KRW,,10000000000,10000000000,22,A1,A1,,,아이에스동서(주),차환발행위험(유동성 공여형 매입약정),금융기관,국민은행
72557,케이비아이에스제일차,KRZF0133M2G3,케이비아이에스제일차 20260316-59-2,Y,20260316,20260514,PF대출채권,KRW,,5000000000,5000000000,22,A1,A1,,,아이에스동서(주),차환발행위험(유동성 공여형 매입약정),금융기관,국민은행
72557,케이비아이에스제일차,KRZF0133M3G3,케이비아이에스제일차 20260316-59-3,Y,20260316,20260514,PF대출채권,KRW,,5000000000,5000000000,22,A1,A1,,,아이에스동서(주),차환발행위험(유동성 공여형 매입약정),금융기관,국민은행
72557,케이비아이에스제일차,KRZF0133M4G3,케이비아이에스제일차 20260316-59-4,Y,20260316,20260514,PF대출채권,KRW,,5000000000,5000000000,22,A1,A1,,,아이에스동서(주),차환발행위험(유동성 공여형 매입약정),금융기관,국민은행
72557,케이비아이에스제일차,KRZF0133M5G3,케이비아이에스제일차 20260316-59-5,Y,20260316,20260514,PF대출채권,KRW,,5000000000,5000000000,22,A1,A1,,,아이에스동서(주),차환발행위험(유동성 공여형 매입약정),금융기관,국민은행
72557,케이비아이에스제일차,KRZF0133M6G3,케이비아이에스제일차 20260316-59-6,Y,20260316,20260514,PF대출채권,KRW,,5000000000,5000000000,22,A1,A1,,,아이에스동서(주),차환발행위험(유동성 공여형 매입약정),금융기관,국민은행
74144,케이아이에스춘천집단2호,KRZF352731G3,케이아이에스춘천집단2호 20260316-184-1,N,20260316,20260916,대출채권,KRW,,10090000000,10090000000,147,A2+,A2+,,,케이아이에스춘천집단1호 주식회사,외부 신용보강,일반기업,(주)포스코이앤씨
74144,케이아이에스춘천집단2호,KRZF35273AG3,케이아이에스춘천집단2호 20260316-184-10,N,20260316,20260916,대출채권,KRW,,1000000000,1000000000,147,A2+,A2+,,,케이아이에스춘천집단1호 주식회사,외부 신용보강,일반기업,(주)포스코이앤씨
74144,케이아이에스춘천집단2호,KRZF35273BG3,케이아이에스춘천집단2호 20260316-184-11,N,20260316,20260916,대출채권,KRW,,1000000000,1000000000,147,A2+,A2+,,,케이아이에스춘천집단1호 주식회사,외부 신용보강,일반기업,(주)포스코이앤씨
74144,케이아이에스춘천집단2호,KRZF35273CG3,케이아이에스춘천집단2호 20260316-184-12,N,20260316,20260916,대출채권,KRW,,1000000000,1000000000,147,A2+,A2+,,,케이아이에스춘천집단1호 주식회사,외부 신용보강,일반기업,(주)포스코이앤씨
74144,케이아이에스춘천집단2호,KRZF35273DG3,케이아이에스춘천집단2호 20260316-184-13,N,20260316,20260916,대출채권,KRW,,1000000000,1000000000,147,A2+,A2+,,,케이아이에스춘천집단1호 주식회사,외부 신용보강,일반기업,(주)포스코이앤씨
74144,케이아이에스춘천집단2호,KRZF35273EG3,케이아이에스춘천집단2호 20260316-184-14,N,20260316,20260916,대출채권,KRW,,1000000000,1000000000,147,A2+,A2+,,,케이아이에스춘천집단1호 주식회사,외부 신용보강,일반기업,(주)포스코이앤씨
74144,케이아이에스춘천집단2호,KRZF35273FG3,케이아이에스춘천집단2호 20260316-184-15,N,20260316,20260916,대출채권,KRW,,500000000,500000000,147,A2+,A2+,,,케이아이에스춘천집단1호 주식회사,외부 신용보강,일반기업,(주)포스코이앤씨
74144,케이아이에스춘천집단2호,KRZF35273GG3,케이아이에스춘천집단2호 20260316-184-16,N,20260316,20260916,대출채권,KRW,,500000000,500000000,147,A2+,A2+,,,케이아이에스춘천집단1호 주식회사,외부 신용보강,일반기업,(주)포스코이앤씨
74144,케이아이에스춘천집단2호,KRZF35273HG3,케이아이에스춘천집단2호 20260316-184-17,N,20260316,20260916,대출채권,KRW,,500000000,500000000,147,A2+,A2+,,,케이아이에스춘천집단1호 주식회사,외부 신용보강,일반기업,(주)포스코이앤씨
74144,케이아이에스춘천집단2호,KRZF35273JG3,케이아이에스춘천집단2호 20260316-184-18,N,20260316,20260916,대출채권,KRW,,500000000,500000000,147,A2+,A2+,,,케이아이에스춘천집단1호 주식회사,외부 신용보강,일반기업,(주)포스코이앤씨
74144,케이아이에스춘천집단2호,KRZF35273KG3,케이아이에스춘천집단2호 20260316-184-19,N,20260316,20260916,대출채권,KRW,,500000000,500000000,147,A2+,A2+,,,케이아이에스춘천집단1호 주식회사,외부 신용보강,일반기업,(주)포스코이앤씨
74144,케이아이에스춘천집단2호,KRZF352732G3,케이아이에스춘천집단2호 20260316-184-2,N,20260316,20260916,대출채권,KRW,,10000000000,10000000000,147,A2+,A2+,,,케이아이에스춘천집단1호 주식회사,외부 신용보강,일반기업,(주)포스코이앤씨
74144,케이아이에스춘천집단2호,KRZF35273LG3,케이아이에스춘천집단2호 20260316-184-20,N,20260316,20260916,대출채권,KRW,,500000000,500000000,147,A2+,A2+,,,케이아이에스춘천집단1호 주식회사,외부 신용보강,일반기업,(주)포스코이앤씨
74144,케이아이에스춘천집단2호,KRZF35273MG3,케이아이에스춘천집단2호 20260316-184-21,N,20260316,20260916,대출채권,KRW,,500000000,500000000,147,A2+,A2+,,,케이아이에스춘천집단1호 주식회사,외부 신용보강,일반기업,(주)포스코이앤씨
74144,케이아이에스춘천집단2호,KRZF35273NG3,케이아이에스춘천집단2호 20260316-184-22,N,20260316,20260916,대출채권,KRW,,500000000,500000000,147,A2+,A2+,,,케이아이에스춘천집단1호 주식회사,외부 신용보강,일반기업,(주)포스코이앤씨
74144,케이아이에스춘천집단2호,KRZF35273PG3,케이아이에스춘천집단2호 20260316-184-23,N,20260316,20260916,대출채권,KRW,,500000000,500000000,147,A2+,A2+,,,케이아이에스춘천집단1호 주식회사,외부 신용보강,일반기업,(주)포스코이앤씨
74144,케이아이에스춘천집단2호,KRZF35273QG3,케이아이에스춘천집단2호 20260316-184-24,N,20260316,20260916,대출채권,KRW,,500000000,500000000,147,A2+,A2+,,,케이아이에스춘천집단1호 주식회사,외부 신용보강,일반기업,(주)포스코이앤씨
74144,케이아이에스춘천집단2호,KRZF35273RG3,케이아이에스춘천집단2호 20260316-184-25,N,20260316,20260916,대출채권,KRW,,500000000,500000000,147,A2+,A2+,,,케이아이에스춘천집단1호 주식회사,외부 신용보강,일반기업,(주)포스코이앤씨
74144,케이아이에스춘천집단2호,KRZF35273SG3,케이아이에스춘천집단2호 20260316-184-26,N,20260316,20260916,대출채권,KRW,,500000000,500000000,147,A2+,A2+,,,케이아이에스춘천집단1호 주식회사,외부 신용보강,일반기업,(주)포스코이앤씨
74144,케이아이에스춘천집단2호,KRZF35273TG3,케이아이에스춘천집단2호 20260316-184-27,N,20260316,20260916,대출채권,KRW,,500000000,500000000,147,A2+,A2+,,,케이아이에스춘천집단1호 주식회사,외부 신용보강,일반기업,(주)포스코이앤씨
74144,케이아이에스춘천집단2호,KRZF35273VG3,케이아이에스춘천집단2호 20260316-184-28,N,20260316,20260916,대출채권,KRW,,5000000000,5000000000,147,A2+,A2+,,,케이아이에스춘천집단1호 주식회사,외부 신용보강,일반기업,(주)포스코이앤씨
74144,케이아이에스춘천집단2호,KRZF35273WG3,케이아이에스춘천집단2호 20260316-184-29,N,20260316,20260916,대출채권,KRW,,5000000000,5000000000,147,A2+,A2+,,,케이아이에스춘천집단1호 주식회사,외부 신용보강,일반기업,(주)포스코이앤씨
74144,케이아이에스춘천집단2호,KRZF352733G3,케이아이에스춘천집단2호 20260316-184-3,N,20260316,20260916,대출채권,KRW,,10000000000,10000000000,147,A2+,A2+,,,케이아이에스춘천집단1호 주식회사,외부 신용보강,일반기업,(주)포스코이앤씨
74144,케이아이에스춘천집단2호,KRZF35273XG3,케이아이에스춘천집단2호 20260316-184-30,N,20260316,20260916,대출채권,KRW,,5000000000,5000000000,147,A2+,A2+,,,케이아이에스춘천집단1호 주식회사,외부 신용보강,일반기업,(주)포스코이앤씨
74144,케이아이에스춘천집단2호,KRZF35273YG3,케이아이에스춘천집단2호 20260316-184-31,N,20260316,20260916,대출채권,KRW,,5000000000,5000000000,147,A2+,A2+,,,케이아이에스춘천집단1호 주식회사,외부 신용보강,일반기업,(주)포스코이앤씨
74144,케이아이에스춘천집단2호,KRZF35273ZG3,케이아이에스춘천집단2호 20260316-184-32,N,20260316,20260916,대출채권,KRW,,5000000000,5000000000,147,A2+,A2+,,,케이아이에스춘천집단1호 주식회사,외부 신용보강,일반기업,(주)포스코이앤씨
74144,케이아이에스춘천집단2호,KRZF352730GF,케이아이에스춘천집단2호 20260316-184-33,N,20260316,20260916,대출채권,KRW,,5000000000,5000000000,147,A2+,A2+,,,케이아이에스춘천집단1호 주식회사,외부 신용보강,일반기업,(주)포스코이앤씨
74144,케이아이에스춘천집단2호,KRZF352731GF,케이아이에스춘천집단2호 20260316-184-34,N,20260316,20260916,대출채권,KRW,,5000000000,5000000000,147,A2+,A2+,,,케이아이에스춘천집단1호 주식회사,외부 신용보강,일반기업,(주)포스코이앤씨
74144,케이아이에스춘천집단2호,KRZF352732GF,케이아이에스춘천집단2호 20260316-184-35,N,20260316,20260916,대출채권,KRW,,5000000000,5000000000,147,A2+,A2+,,,케이아이에스춘천집단1호 주식회사,외부 신용보강,일반기업,(주)포스코이앤씨
74144,케이아이에스춘천집단2호,KRZF352733GF,케이아이에스춘천집단2호 20260316-184-36,N,20260316,20260916,대출채권,KRW,,3000000000,3000000000,147,A2+,A2+,,,케이아이에스춘천집단1호 주식회사,외부 신용보강,일반기업,(주)포스코이앤씨
74144,케이아이에스춘천집단2호,KRZF352734GF,케이아이에스춘천집단2호 20260316-184-37,N,20260316,20260916,대출채권,KRW,,3000000000,3000000000,147,A2+,A2+,,,케이아이에스춘천집단1호 주식회사,외부 신용보강,일반기업,(주)포스코이앤씨
74144,케이아이에스춘천집단2호,KRZF352735GF,케이아이에스춘천집단2호 20260316-184-38,N,20260316,20260916,대출채권,KRW,,3000000000,3000000000,147,A2+,A2+,,,케이아이에스춘천집단1호 주식회사,외부 신용보강,일반기업,(주)포스코이앤씨
74144,케이아이에스춘천집단2호,KRZF352736GF,케이아이에스춘천집단2호 20260316-184-39,N,20260316,20260916,대출채권,KRW,,1000000000,1000000000,147,A2+,A2+,,,케이아이에스춘천집단1호 주식회사,외부 신용보강,일반기업,(주)포스코이앤씨
74144,케이아이에스춘천집단2호,KRZF352734G3,케이아이에스춘천집단2호 20260316-184-4,N,20260316,20260916,대출채권,KRW,,10000000000,10000000000,147,A2+,A2+,,,케이아이에스춘천집단1호 주식회사,외부 신용보강,일반기업,(주)포스코이앤씨
74144,케이아이에스춘천집단2호,KRZF352737GF,케이아이에스춘천집단2호 20260316-184-40,N,20260316,20260916,대출채권,KRW,,1000000000,1000000000,147,A2+,A2+,,,케이아이에스춘천집단1호 주식회사,외부 신용보강,일반기업,(주)포스코이앤씨
74144,케이아이에스춘천집단2호,KRZF352738GF,케이아이에스춘천집단2호 20260316-184-41,N,20260316,20260916,대출채권,KRW,,1000000000,1000000000,147,A2+,A2+,,,케이아이에스춘천집단1호 주식회사,외부 신용보강,일반기업,(주)포스코이앤씨
74144,케이아이에스춘천집단2호,KRZF352739GF,케이아이에스춘천집단2호 20260316-184-42,N,20260316,20260916,대출채권,KRW,,1000000000,1000000000,147,A2+,A2+,,,케이아이에스춘천집단1호 주식회사,외부 신용보강,일반기업,(주)포스코이앤씨
74144,케이아이에스춘천집단2호,KRZF35273AGF,케이아이에스춘천집단2호 20260316-184-43,N,20260316,20260916,대출채권,KRW,,1000000000,1000000000,147,A2+,A2+,,,케이아이에스춘천집단1호 주식회사,외부 신용보강,일반기업,(주)포스코이앤씨
74144,케이아이에스춘천집단2호,KRZF35273BGF,케이아이에스춘천집단2호 20260316-184-44,N,20260316,20260916,대출채권,KRW,,1000000000,1000000000,147,A2+,A2+,,,케이아이에스춘천집단1호 주식회사,외부 신용보강,일반기업,(주)포스코이앤씨
74144,케이아이에스춘천집단2호,KRZF35273CGF,케이아이에스춘천집단2호 20260316-184-45,N,20260316,20260916,대출채권,KRW,,1000000000,1000000000,147,A2+,A2+,,,케이아이에스춘천집단1호 주식회사,외부 신용보강,일반기업,(주)포스코이앤씨
74144,케이아이에스춘천집단2호,KRZF35273DGF,케이아이에스춘천집단2호 20260316-184-46,N,20260316,20260916,대출채권,KRW,,1000000000,1000000000,147,A2+,A2+,,,케이아이에스춘천집단1호 주식회사,외부 신용보강,일반기업,(주)포스코이앤씨
74144,케이아이에스춘천집단2호,KRZF35273EGF,케이아이에스춘천집단2호 20260316-184-47,N,20260316,20260916,대출채권,KRW,,1000000000,1000000000,147,A2+,A2+,,,케이아이에스춘천집단1호 주식회사,외부 신용보강,일반기업,(주)포스코이앤씨
74144,케이아이에스춘천집단2호,KRZF35273FGF,케이아이에스춘천집단2호 20260316-184-48,N,20260316,20260916,대출채권,KRW,,1000000000,1000000000,147,A2+,A2+,,,케이아이에스춘천집단1호 주식회사,외부 신용보강,일반기업,(주)포스코이앤씨
74144,케이아이에스춘천집단2호,KRZF35273GGF,케이아이에스춘천집단2호 20260316-184-49,N,20260316,20260916,대출채권,KRW,,1000000000,1000000000,147,A2+,A2+,,,케이아이에스춘천집단1호 주식회사,외부 신용보강,일반기업,(주)포스코이앤씨
74144,케이아이에스춘천집단2호,KRZF352735G3,케이아이에스춘천집단2호 20260316-184-5,N,20260316,20260916,대출채권,KRW,,1000000000,1000000000,147,A2+,A2+,,,케이아이에스춘천집단1호 주식회사,외부 신용보강,일반기업,(주)포스코이앤씨
74144,케이아이에스춘천집단2호,KRZF352736G3,케이아이에스춘천집단2호 20260316-184-6,N,20260316,20260916,대출채권,KRW,,1000000000,1000000000,147,A2+,A2+,,,케이아이에스춘천집단1호 주식회사,외부 신용보강,일반기업,(주)포스코이앤씨
74144,케이아이에스춘천집단2호,KRZF352737G3,케이아이에스춘천집단2호 20260316-184-7,N,20260316,20260916,대출채권,KRW,,1000000000,1000000000,147,A2+,A2+,,,케이아이에스춘천집단1호 주식회사,외부 신용보강,일반기업,(주)포스코이앤씨
74144,케이아이에스춘천집단2호,KRZF352738G3,케이아이에스춘천집단2호 20260316-184-8,N,20260316,20260916,대출채권,KRW,,1000000000,1000000000,147,A2+,A2+,,,케이아이에스춘천집단1호 주식회사,외부 신용보강,일반기업,(주)포스코이앤씨
74144,케이아이에스춘천집단2호,KRZF352739G3,케이아이에스춘천집단2호 20260316-184-9,N,20260316,20260916,대출채권,KRW,,1000000000,1000000000,147,A2+,A2+,,,케이아이에스춘천집단1호 주식회사,외부 신용보강,일반기업,(주)포스코이앤씨
74145,하나마치제이차,KRZFA78711G3,하나마치제이차 20260316-91-1,N,20260316,20260615,대출채권,KRW,,5000000000,5000000000,54,A1,,A1,,코오롱글로벌,차환발행위험(유동성 공여형 매입약정),금융기관,하나은행
74145,하나마치제이차,KRZFA7871AG3,하나마치제이차 20260316-91-10,N,20260316,20260615,대출채권,KRW,,5000000000,5000000000,54,A1,,A1,,코오롱글로벌,차환발행위험(유동성 공여형 매입약정),금융기관,하나은행
74145,하나마치제이차,KRZFA78712G3,하나마치제이차 20260316-91-2,N,20260316,20260615,대출채권,KRW,,5000000000,5000000000,54,A1,,A1,,코오롱글로벌,차환발행위험(유동성 공여형 매입약정),금융기관,하나은행
74145,하나마치제이차,KRZFA78713G3,하나마치제이차 20260316-91-3,N,20260316,20260615,대출채권,KRW,,5000000000,5000000000,54,A1,,A1,,코오롱글로벌,차환발행위험(유동성 공여형 매입약정),금융기관,하나은행
74145,하나마치제이차,KRZFA78714G3,하나마치제이차 20260316-91-4,N,20260316,20260615,대출채권,KRW,,5000000000,5000000000,54,A1,,A1,,코오롱글로벌,차환발행위험(유동성 공여형 매입약정),금융기관,하나은행
74145,하나마치제이차,KRZFA78715G3,하나마치제이차 20260316-91-5,N,20260316,20260615,대출채권,KRW,,5000000000,5000000000,54,A1,,A1,,코오롱글로벌,차환발행위험(유동성 공여형 매입약정),금융기관,하나은행
74145,하나마치제이차,KRZFA78716G3,하나마치제이차 20260316-91-6,N,20260316,20260615,대출채권,KRW,,5000000000,5000000000,54,A1,,A1,,코오롱글로벌,차환발행위험(유동성 공여형 매입약정),금융기관,하나은행
74145,하나마치제이차,KRZFA78717G3,하나마치제이차 20260316-91-7,N,20260316,20260615,대출채권,KRW,,5000000000,5000000000,54,A1,,A1,,코오롱글로벌,차환발행위험(유동성 공여형 매입약정),금융기관,하나은행
74145,하나마치제이차,KRZFA78718G3,하나마치제이차 20260316-91-8,N,20260316,20260615,대출채권,KRW,,5000000000,5000000000,54,A1,,A1,,코오롱글로벌,차환발행위험(유동성 공여형 매입약정),금융기관,하나은행
74145,하나마치제이차,KRZFA78719G3,하나마치제이차 20260316-91-9,N,20260316,20260615,대출채권,KRW,,5000000000,5000000000,54,A1,,A1,,코오롱글로벌,차환발행위험(유동성 공여형 매입약정),금융기관,하나은행
