플랜번호,발행인,종목코드,종목명,PF여부,발행일,만기일,기초자산,통화,환율,발행금액,원화환산발행금액,잔존일물,한국신용평가,한국기업평가,NICE신용평가,서울신용평가,실질자금조달자,신용보강 유형,신용보강기관 유형,신용보강기관
74466,국민넘버원제사차,KRZFA5161AGF,국민넘버원제사차 20260331-267-43,N,20260331,20261223,정기예금,KRW,,220000000,220000000,245,A1,A1,A1,,국민은행,자체 신용보강,자체 신용보강,국민은행
74466,국민넘버원제사차,KRZFA51611G3,국민넘버원제사차 20260331-85-1,N,20260331,20260624,정기예금,KRW,,5000000000,5000000000,63,A1,A1,A1,,국민은행,자체 신용보강,자체 신용보강,국민은행
74466,국민넘버원제사차,KRZFA5161AG3,국민넘버원제사차 20260331-85-10,N,20260331,20260624,정기예금,KRW,,5000000000,5000000000,63,A1,A1,A1,,국민은행,자체 신용보강,자체 신용보강,국민은행
74466,국민넘버원제사차,KRZFA5161BG3,국민넘버원제사차 20260331-85-11,N,20260331,20260624,정기예금,KRW,,5000000000,5000000000,63,A1,A1,A1,,국민은행,자체 신용보강,자체 신용보강,국민은행
74466,국민넘버원제사차,KRZFA5161CG3,국민넘버원제사차 20260331-85-12,N,20260331,20260624,정기예금,KRW,,5000000000,5000000000,63,A1,A1,A1,,국민은행,자체 신용보강,자체 신용보강,국민은행
74466,국민넘버원제사차,KRZFA5161DG3,국민넘버원제사차 20260331-85-13,N,20260331,20260624,정기예금,KRW,,5000000000,5000000000,63,A1,A1,A1,,국민은행,자체 신용보강,자체 신용보강,국민은행
74466,국민넘버원제사차,KRZFA5161EG3,국민넘버원제사차 20260331-85-14,N,20260331,20260624,정기예금,KRW,,5000000000,5000000000,63,A1,A1,A1,,국민은행,자체 신용보강,자체 신용보강,국민은행
74466,국민넘버원제사차,KRZFA5161FG3,국민넘버원제사차 20260331-85-15,N,20260331,20260624,정기예금,KRW,,5000000000,5000000000,63,A1,A1,A1,,국민은행,자체 신용보강,자체 신용보강,국민은행
74466,국민넘버원제사차,KRZFA5161GG3,국민넘버원제사차 20260331-85-16,N,20260331,20260624,정기예금,KRW,,5000000000,5000000000,63,A1,A1,A1,,국민은행,자체 신용보강,자체 신용보강,국민은행
74466,국민넘버원제사차,KRZFA5161HG3,국민넘버원제사차 20260331-85-17,N,20260331,20260624,정기예금,KRW,,5000000000,5000000000,63,A1,A1,A1,,국민은행,자체 신용보강,자체 신용보강,국민은행
74466,국민넘버원제사차,KRZFA5161JG3,국민넘버원제사차 20260331-85-18,N,20260331,20260624,정기예금,KRW,,5000000000,5000000000,63,A1,A1,A1,,국민은행,자체 신용보강,자체 신용보강,국민은행
74466,국민넘버원제사차,KRZFA5161KG3,국민넘버원제사차 20260331-85-19,N,20260331,20260624,정기예금,KRW,,5000000000,5000000000,63,A1,A1,A1,,국민은행,자체 신용보강,자체 신용보강,국민은행
74466,국민넘버원제사차,KRZFA51612G3,국민넘버원제사차 20260331-85-2,N,20260331,20260624,정기예금,KRW,,5000000000,5000000000,63,A1,A1,A1,,국민은행,자체 신용보강,자체 신용보강,국민은행
74466,국민넘버원제사차,KRZFA5161LG3,국민넘버원제사차 20260331-85-20,N,20260331,20260624,정기예금,KRW,,5000000000,5000000000,63,A1,A1,A1,,국민은행,자체 신용보강,자체 신용보강,국민은행
74466,국민넘버원제사차,KRZFA5161MG3,국민넘버원제사차 20260331-85-21,N,20260331,20260624,정기예금,KRW,,5000000000,5000000000,63,A1,A1,A1,,국민은행,자체 신용보강,자체 신용보강,국민은행
74466,국민넘버원제사차,KRZFA5161NG3,국민넘버원제사차 20260331-85-22,N,20260331,20260624,정기예금,KRW,,5000000000,5000000000,63,A1,A1,A1,,국민은행,자체 신용보강,자체 신용보강,국민은행
74466,국민넘버원제사차,KRZFA5161PG3,국민넘버원제사차 20260331-85-23,N,20260331,20260624,정기예금,KRW,,5000000000,5000000000,63,A1,A1,A1,,국민은행,자체 신용보강,자체 신용보강,국민은행
74466,국민넘버원제사차,KRZFA5161QG3,국민넘버원제사차 20260331-85-24,N,20260331,20260624,정기예금,KRW,,5000000000,5000000000,63,A1,A1,A1,,국민은행,자체 신용보강,자체 신용보강,국민은행
74466,국민넘버원제사차,KRZFA5161RG3,국민넘버원제사차 20260331-85-25,N,20260331,20260624,정기예금,KRW,,5000000000,5000000000,63,A1,A1,A1,,국민은행,자체 신용보강,자체 신용보강,국민은행
74466,국민넘버원제사차,KRZFA5161SG3,국민넘버원제사차 20260331-85-26,N,20260331,20260624,정기예금,KRW,,5000000000,5000000000,63,A1,A1,A1,,국민은행,자체 신용보강,자체 신용보강,국민은행
74466,국민넘버원제사차,KRZFA5161TG3,국민넘버원제사차 20260331-85-27,N,20260331,20260624,정기예금,KRW,,5000000000,5000000000,63,A1,A1,A1,,국민은행,자체 신용보강,자체 신용보강,국민은행
74466,국민넘버원제사차,KRZFA5161VG3,국민넘버원제사차 20260331-85-28,N,20260331,20260624,정기예금,KRW,,5000000000,5000000000,63,A1,A1,A1,,국민은행,자체 신용보강,자체 신용보강,국민은행
74466,국민넘버원제사차,KRZFA5161WG3,국민넘버원제사차 20260331-85-29,N,20260331,20260624,정기예금,KRW,,5000000000,5000000000,63,A1,A1,A1,,국민은행,자체 신용보강,자체 신용보강,국민은행
74466,국민넘버원제사차,KRZFA51613G3,국민넘버원제사차 20260331-85-3,N,20260331,20260624,정기예금,KRW,,5000000000,5000000000,63,A1,A1,A1,,국민은행,자체 신용보강,자체 신용보강,국민은행
74466,국민넘버원제사차,KRZFA5161XG3,국민넘버원제사차 20260331-85-30,N,20260331,20260624,정기예금,KRW,,5000000000,5000000000,63,A1,A1,A1,,국민은행,자체 신용보강,자체 신용보강,국민은행
74466,국민넘버원제사차,KRZFA5161YG3,국민넘버원제사차 20260331-85-31,N,20260331,20260624,정기예금,KRW,,5000000000,5000000000,63,A1,A1,A1,,국민은행,자체 신용보강,자체 신용보강,국민은행
74466,국민넘버원제사차,KRZFA5161ZG3,국민넘버원제사차 20260331-85-32,N,20260331,20260624,정기예금,KRW,,5000000000,5000000000,63,A1,A1,A1,,국민은행,자체 신용보강,자체 신용보강,국민은행
74466,국민넘버원제사차,KRZFA51610GF,국민넘버원제사차 20260331-85-33,N,20260331,20260624,정기예금,KRW,,5000000000,5000000000,63,A1,A1,A1,,국민은행,자체 신용보강,자체 신용보강,국민은행
74466,국민넘버원제사차,KRZFA51611GF,국민넘버원제사차 20260331-85-34,N,20260331,20260624,정기예금,KRW,,5000000000,5000000000,63,A1,A1,A1,,국민은행,자체 신용보강,자체 신용보강,국민은행
74466,국민넘버원제사차,KRZFA51612GF,국민넘버원제사차 20260331-85-35,N,20260331,20260624,정기예금,KRW,,5000000000,5000000000,63,A1,A1,A1,,국민은행,자체 신용보강,자체 신용보강,국민은행
74466,국민넘버원제사차,KRZFA51613GF,국민넘버원제사차 20260331-85-36,N,20260331,20260624,정기예금,KRW,,5000000000,5000000000,63,A1,A1,A1,,국민은행,자체 신용보강,자체 신용보강,국민은행
74466,국민넘버원제사차,KRZFA51614GF,국민넘버원제사차 20260331-85-37,N,20260331,20260624,정기예금,KRW,,5000000000,5000000000,63,A1,A1,A1,,국민은행,자체 신용보강,자체 신용보강,국민은행
74466,국민넘버원제사차,KRZFA51615GF,국민넘버원제사차 20260331-85-38,N,20260331,20260624,정기예금,KRW,,5000000000,5000000000,63,A1,A1,A1,,국민은행,자체 신용보강,자체 신용보강,국민은행
74466,국민넘버원제사차,KRZFA51616GF,국민넘버원제사차 20260331-85-39,N,20260331,20260624,정기예금,KRW,,5000000000,5000000000,63,A1,A1,A1,,국민은행,자체 신용보강,자체 신용보강,국민은행
74466,국민넘버원제사차,KRZFA51614G3,국민넘버원제사차 20260331-85-4,N,20260331,20260624,정기예금,KRW,,5000000000,5000000000,63,A1,A1,A1,,국민은행,자체 신용보강,자체 신용보강,국민은행
74466,국민넘버원제사차,KRZFA51617GF,국민넘버원제사차 20260331-85-40,N,20260331,20260624,정기예금,KRW,,5000000000,5000000000,63,A1,A1,A1,,국민은행,자체 신용보강,자체 신용보강,국민은행
74466,국민넘버원제사차,KRZFA51618GF,국민넘버원제사차 20260331-85-41,N,20260331,20260624,정기예금,KRW,,5000000000,5000000000,63,A1,A1,A1,,국민은행,자체 신용보강,자체 신용보강,국민은행
74466,국민넘버원제사차,KRZFA51619GF,국민넘버원제사차 20260331-85-42,N,20260331,20260624,정기예금,KRW,,5000000000,5000000000,63,A1,A1,A1,,국민은행,자체 신용보강,자체 신용보강,국민은행
74466,국민넘버원제사차,KRZFA51615G3,국민넘버원제사차 20260331-85-5,N,20260331,20260624,정기예금,KRW,,5000000000,5000000000,63,A1,A1,A1,,국민은행,자체 신용보강,자체 신용보강,국민은행
74466,국민넘버원제사차,KRZFA51616G3,국민넘버원제사차 20260331-85-6,N,20260331,20260624,정기예금,KRW,,5000000000,5000000000,63,A1,A1,A1,,국민은행,자체 신용보강,자체 신용보강,국민은행
74466,국민넘버원제사차,KRZFA51617G3,국민넘버원제사차 20260331-85-7,N,20260331,20260624,정기예금,KRW,,5000000000,5000000000,63,A1,A1,A1,,국민은행,자체 신용보강,자체 신용보강,국민은행
74466,국민넘버원제사차,KRZFA51618G3,국민넘버원제사차 20260331-85-8,N,20260331,20260624,정기예금,KRW,,5000000000,5000000000,63,A1,A1,A1,,국민은행,자체 신용보강,자체 신용보강,국민은행
74466,국민넘버원제사차,KRZFA51619G3,국민넘버원제사차 20260331-85-9,N,20260331,20260624,정기예금,KRW,,5000000000,5000000000,63,A1,A1,A1,,국민은행,자체 신용보강,자체 신용보강,국민은행
74387,디비엠비피제십차,KRZF0112VAGF,디비엠비피제십차 20260331-183-43,N,20260331,20260930,매출채권,KRW,,5000000000,5000000000,161,,A1,A1,,한화솔루션,자체 신용보강,자체 신용보강,한화솔루션
74387,디비엠비피제십차,KRZF0112VBGF,디비엠비피제십차 20260331-183-44,N,20260331,20260930,매출채권,KRW,,5000000000,5000000000,161,,A1,A1,,한화솔루션,자체 신용보강,자체 신용보강,한화솔루션
74387,디비엠비피제십차,KRZF0112VCGF,디비엠비피제십차 20260331-183-45,N,20260331,20260930,매출채권,KRW,,1100000000,1100000000,161,,A1,A1,,한화솔루션,자체 신용보강,자체 신용보강,한화솔루션
74404,랜드마크경산제일차,KRZF339851G3,랜드마크경산제일차 20260331-150-1,Y,20260331,20260828,PF대출채권,KRW,,5000000000,5000000000,128,A3,A3,,,아이에스동서(주),자체 신용보강,자체 신용보강,아이에스동서(주)
74404,랜드마크경산제일차,KRZF339852G3,랜드마크경산제일차 20260331-150-2,Y,20260331,20260828,PF대출채권,KRW,,5000000000,5000000000,128,A3,A3,,,아이에스동서(주),자체 신용보강,자체 신용보강,아이에스동서(주)
74404,랜드마크경산제일차,KRZF339853G3,랜드마크경산제일차 20260331-150-3,Y,20260331,20260828,PF대출채권,KRW,,5000000000,5000000000,128,A3,A3,,,아이에스동서(주),자체 신용보강,자체 신용보강,아이에스동서(주)
74404,랜드마크경산제일차,KRZF339854G3,랜드마크경산제일차 20260331-150-4,Y,20260331,20260828,PF대출채권,KRW,,5000000000,5000000000,128,A3,A3,,,아이에스동서(주),자체 신용보강,자체 신용보강,아이에스동서(주)
74404,랜드마크경산제일차,KRZF339855G3,랜드마크경산제일차 20260331-150-5,Y,20260331,20260828,PF대출채권,KRW,,5000000000,5000000000,128,A3,A3,,,아이에스동서(주),자체 신용보강,자체 신용보강,아이에스동서(주)
74404,랜드마크경산제일차,KRZF339856G3,랜드마크경산제일차 20260331-150-6,Y,20260331,20260828,PF대출채권,KRW,,5000000000,5000000000,128,A3,A3,,,아이에스동서(주),자체 신용보강,자체 신용보강,아이에스동서(주)
74404,랜드마크경산제일차,KRZF339857G3,랜드마크경산제일차 20260331-150-7,Y,20260331,20260828,PF대출채권,KRW,,5000000000,5000000000,128,A3,A3,,,아이에스동서(주),자체 신용보강,자체 신용보강,아이에스동서(주)
74404,랜드마크경산제일차,KRZF339858G3,랜드마크경산제일차 20260331-150-8,Y,20260331,20260828,PF대출채권,KRW,,5000000000,5000000000,128,A3,A3,,,아이에스동서(주),자체 신용보강,자체 신용보강,아이에스동서(주)
74404,랜드마크경산제일차,KRZF33985AG3,랜드마크경산제일차 20260331-182-10,Y,20260331,20260929,PF대출채권,KRW,,5000000000,5000000000,160,A3,A3,,,아이에스동서(주),자체 신용보강,자체 신용보강,아이에스동서(주)
74404,랜드마크경산제일차,KRZF33985BG3,랜드마크경산제일차 20260331-182-11,Y,20260331,20260929,PF대출채권,KRW,,5000000000,5000000000,160,A3,A3,,,아이에스동서(주),자체 신용보강,자체 신용보강,아이에스동서(주)
74404,랜드마크경산제일차,KRZF33985CG3,랜드마크경산제일차 20260331-182-12,Y,20260331,20260929,PF대출채권,KRW,,5000000000,5000000000,160,A3,A3,,,아이에스동서(주),자체 신용보강,자체 신용보강,아이에스동서(주)
74404,랜드마크경산제일차,KRZF33985DG3,랜드마크경산제일차 20260331-182-13,Y,20260331,20260929,PF대출채권,KRW,,5000000000,5000000000,160,A3,A3,,,아이에스동서(주),자체 신용보강,자체 신용보강,아이에스동서(주)
74404,랜드마크경산제일차,KRZF33985EG3,랜드마크경산제일차 20260331-182-14,Y,20260331,20260929,PF대출채권,KRW,,5000000000,5000000000,160,A3,A3,,,아이에스동서(주),자체 신용보강,자체 신용보강,아이에스동서(주)
74404,랜드마크경산제일차,KRZF33985FG3,랜드마크경산제일차 20260331-182-15,Y,20260331,20260929,PF대출채권,KRW,,5000000000,5000000000,160,A3,A3,,,아이에스동서(주),자체 신용보강,자체 신용보강,아이에스동서(주)
74404,랜드마크경산제일차,KRZF33985GG3,랜드마크경산제일차 20260331-182-16,Y,20260331,20260929,PF대출채권,KRW,,5000000000,5000000000,160,A3,A3,,,아이에스동서(주),자체 신용보강,자체 신용보강,아이에스동서(주)
74404,랜드마크경산제일차,KRZF339859G3,랜드마크경산제일차 20260331-182-9,Y,20260331,20260929,PF대출채권,KRW,,5000000000,5000000000,160,A3,A3,,,아이에스동서(주),자체 신용보강,자체 신용보강,아이에스동서(주)
56213,리치게이트알파,KRZFA18321G3,리치게이트알파 20260331-91-1,N,20260331,20260630,대출채권,KRW,,30000000000,30000000000,69,A1,,A1,,우리은행,외부 신용보강,금융기관,신한은행
56213,리치게이트알파,KRZFA18322G3,리치게이트알파 20260331-91-2,N,20260331,20260630,대출채권,KRW,,5000000000,5000000000,69,A1,,A1,,우리은행,외부 신용보강,금융기관,신한은행
56213,리치게이트알파,KRZFA18323G3,리치게이트알파 20260331-91-3,N,20260331,20260630,대출채권,KRW,,5000000000,5000000000,69,A1,,A1,,우리은행,외부 신용보강,금융기관,신한은행
56213,리치게이트알파,KRZFA18324G3,리치게이트알파 20260331-91-4,N,20260331,20260630,대출채권,KRW,,5000000000,5000000000,69,A1,,A1,,우리은행,외부 신용보강,금융기관,신한은행
56213,리치게이트알파,KRZFA18325G3,리치게이트알파 20260331-91-5,N,20260331,20260630,대출채권,KRW,,5000000000,5000000000,69,A1,,A1,,우리은행,외부 신용보강,금융기관,신한은행
74448,비욘드이퀼리브리엄,KRZF0037V1G3,비욘드이퀼리브리엄 20260331-364-1,N,20260331,20270330,하이브리드증권,KRW,,5000000000,5000000000,342,A1,A1,,,교보증권,외부 신용보강,금융기관,교보증권
74448,비욘드이퀼리브리엄,KRZF0037V2G3,비욘드이퀼리브리엄 20260331-364-2,N,20260331,20270330,하이브리드증권,KRW,,5000000000,5000000000,342,A1,A1,,,교보증권,외부 신용보강,금융기관,교보증권
74448,비욘드이퀼리브리엄,KRZF0037V3G3,비욘드이퀼리브리엄 20260331-364-3,N,20260331,20270330,하이브리드증권,KRW,,5000000000,5000000000,342,A1,A1,,,교보증권,외부 신용보강,금융기관,교보증권
74448,비욘드이퀼리브리엄,KRZF0037V4G3,비욘드이퀼리브리엄 20260331-364-4,N,20260331,20270330,하이브리드증권,KRW,,5000000000,5000000000,342,A1,A1,,,교보증권,외부 신용보강,금융기관,교보증권
69017,에스엘티가산제일차,KRZF0020T1G3,에스엘티가산제일차 20260331-150-1,Y,20260331,20260828,PF대출채권,KRW,,60000000,60000000,128,A1,,A1,,비젼파크(유),외부 신용보강,금융기관,메리츠증권
69445,에스프로젝트에스피엘,KRZF0040D1G3,에스프로젝트에스피엘 20260331-91-1,N,20260331,20260630,대출채권,KRW,,5000000000,5000000000,69,A1,,,,에스피엘,자체 신용보강,자체 신용보강,신한은행
69445,에스프로젝트에스피엘,KRZF0040D2G3,에스프로젝트에스피엘 20260331-91-2,N,20260331,20260630,대출채권,KRW,,5000000000,5000000000,69,A1,,,,에스피엘,자체 신용보강,자체 신용보강,신한은행
69445,에스프로젝트에스피엘,KRZF0040D3G3,에스프로젝트에스피엘 20260331-91-3,N,20260331,20260630,대출채권,KRW,,5000000000,5000000000,69,A1,,,,에스피엘,자체 신용보강,자체 신용보강,신한은행
69445,에스프로젝트에스피엘,KRZF0040D4G3,에스프로젝트에스피엘 20260331-91-4,N,20260331,20260630,대출채권,KRW,,5000000000,5000000000,69,A1,,,,에스피엘,자체 신용보강,자체 신용보강,신한은행
69445,에스프로젝트에스피엘,KRZF0040D5G3,에스프로젝트에스피엘 20260331-91-5,N,20260331,20260630,대출채권,KRW,,5000000000,5000000000,69,A1,,,,에스피엘,자체 신용보강,자체 신용보강,신한은행
69445,에스프로젝트에스피엘,KRZF0040D6G3,에스프로젝트에스피엘 20260331-91-6,N,20260331,20260630,대출채권,KRW,,5000000000,5000000000,69,A1,,,,에스피엘,자체 신용보강,자체 신용보강,신한은행
69439,엔에이치에어로제일차,KRZF0038H1G3,엔에이치에어로제일차 20260331-91-1,N,20260331,20260630,대출채권,KRW,,5000000000,5000000000,69,A1,A1,,,한화에어로스페이스,외부 신용보강,금융기관,농협은행
69439,엔에이치에어로제일차,KRZF0038H1G3,엔에이치에어로제일차 20260331-91-1,N,20260331,20260630,대출채권,KRW,,5000000000,5000000000,69,A1,A1,,,한화에어로스페이스,차환발행위험(유동성 공여형 매입약정),금융기관,농협은행
69439,엔에이치에어로제일차,KRZF0038H1G3,엔에이치에어로제일차 20260331-91-1,N,20260331,20260630,대출채권,KRW,,5000000000,5000000000,69,A1,A1,,,한화에어로스페이스,금리변동/환율변동,금융기관,농협은행
69439,엔에이치에어로제일차,KRZF0038HAG3,엔에이치에어로제일차 20260331-91-10,N,20260331,20260630,대출채권,KRW,,5000000000,5000000000,69,A1,A1,,,한화에어로스페이스,외부 신용보강,금융기관,농협은행
69439,엔에이치에어로제일차,KRZF0038HAG3,엔에이치에어로제일차 20260331-91-10,N,20260331,20260630,대출채권,KRW,,5000000000,5000000000,69,A1,A1,,,한화에어로스페이스,차환발행위험(유동성 공여형 매입약정),금융기관,농협은행
69439,엔에이치에어로제일차,KRZF0038HAG3,엔에이치에어로제일차 20260331-91-10,N,20260331,20260630,대출채권,KRW,,5000000000,5000000000,69,A1,A1,,,한화에어로스페이스,금리변동/환율변동,금융기관,농협은행
69439,엔에이치에어로제일차,KRZF0038HBG3,엔에이치에어로제일차 20260331-91-11,N,20260331,20260630,대출채권,KRW,,200000000,200000000,69,A1,A1,,,한화에어로스페이스,외부 신용보강,금융기관,농협은행
69439,엔에이치에어로제일차,KRZF0038HBG3,엔에이치에어로제일차 20260331-91-11,N,20260331,20260630,대출채권,KRW,,200000000,200000000,69,A1,A1,,,한화에어로스페이스,차환발행위험(유동성 공여형 매입약정),금융기관,농협은행
69439,엔에이치에어로제일차,KRZF0038HBG3,엔에이치에어로제일차 20260331-91-11,N,20260331,20260630,대출채권,KRW,,200000000,200000000,69,A1,A1,,,한화에어로스페이스,금리변동/환율변동,금융기관,농협은행
69439,엔에이치에어로제일차,KRZF0038H2G3,엔에이치에어로제일차 20260331-91-2,N,20260331,20260630,대출채권,KRW,,5000000000,5000000000,69,A1,A1,,,한화에어로스페이스,외부 신용보강,금융기관,농협은행
69439,엔에이치에어로제일차,KRZF0038H2G3,엔에이치에어로제일차 20260331-91-2,N,20260331,20260630,대출채권,KRW,,5000000000,5000000000,69,A1,A1,,,한화에어로스페이스,차환발행위험(유동성 공여형 매입약정),금융기관,농협은행
69439,엔에이치에어로제일차,KRZF0038H2G3,엔에이치에어로제일차 20260331-91-2,N,20260331,20260630,대출채권,KRW,,5000000000,5000000000,69,A1,A1,,,한화에어로스페이스,금리변동/환율변동,금융기관,농협은행
69439,엔에이치에어로제일차,KRZF0038H3G3,엔에이치에어로제일차 20260331-91-3,N,20260331,20260630,대출채권,KRW,,5000000000,5000000000,69,A1,A1,,,한화에어로스페이스,외부 신용보강,금융기관,농협은행
69439,엔에이치에어로제일차,KRZF0038H3G3,엔에이치에어로제일차 20260331-91-3,N,20260331,20260630,대출채권,KRW,,5000000000,5000000000,69,A1,A1,,,한화에어로스페이스,차환발행위험(유동성 공여형 매입약정),금융기관,농협은행
69439,엔에이치에어로제일차,KRZF0038H3G3,엔에이치에어로제일차 20260331-91-3,N,20260331,20260630,대출채권,KRW,,5000000000,5000000000,69,A1,A1,,,한화에어로스페이스,금리변동/환율변동,금융기관,농협은행
69439,엔에이치에어로제일차,KRZF0038H4G3,엔에이치에어로제일차 20260331-91-4,N,20260331,20260630,대출채권,KRW,,5000000000,5000000000,69,A1,A1,,,한화에어로스페이스,외부 신용보강,금융기관,농협은행
69439,엔에이치에어로제일차,KRZF0038H4G3,엔에이치에어로제일차 20260331-91-4,N,20260331,20260630,대출채권,KRW,,5000000000,5000000000,69,A1,A1,,,한화에어로스페이스,차환발행위험(유동성 공여형 매입약정),금융기관,농협은행
69439,엔에이치에어로제일차,KRZF0038H4G3,엔에이치에어로제일차 20260331-91-4,N,20260331,20260630,대출채권,KRW,,5000000000,5000000000,69,A1,A1,,,한화에어로스페이스,금리변동/환율변동,금융기관,농협은행
69439,엔에이치에어로제일차,KRZF0038H5G3,엔에이치에어로제일차 20260331-91-5,N,20260331,20260630,대출채권,KRW,,5000000000,5000000000,69,A1,A1,,,한화에어로스페이스,외부 신용보강,금융기관,농협은행
69439,엔에이치에어로제일차,KRZF0038H5G3,엔에이치에어로제일차 20260331-91-5,N,20260331,20260630,대출채권,KRW,,5000000000,5000000000,69,A1,A1,,,한화에어로스페이스,차환발행위험(유동성 공여형 매입약정),금융기관,농협은행
69439,엔에이치에어로제일차,KRZF0038H5G3,엔에이치에어로제일차 20260331-91-5,N,20260331,20260630,대출채권,KRW,,5000000000,5000000000,69,A1,A1,,,한화에어로스페이스,금리변동/환율변동,금융기관,농협은행
69439,엔에이치에어로제일차,KRZF0038H6G3,엔에이치에어로제일차 20260331-91-6,N,20260331,20260630,대출채권,KRW,,5000000000,5000000000,69,A1,A1,,,한화에어로스페이스,외부 신용보강,금융기관,농협은행
69439,엔에이치에어로제일차,KRZF0038H6G3,엔에이치에어로제일차 20260331-91-6,N,20260331,20260630,대출채권,KRW,,5000000000,5000000000,69,A1,A1,,,한화에어로스페이스,차환발행위험(유동성 공여형 매입약정),금융기관,농협은행
69439,엔에이치에어로제일차,KRZF0038H6G3,엔에이치에어로제일차 20260331-91-6,N,20260331,20260630,대출채권,KRW,,5000000000,5000000000,69,A1,A1,,,한화에어로스페이스,금리변동/환율변동,금융기관,농협은행
69439,엔에이치에어로제일차,KRZF0038H7G3,엔에이치에어로제일차 20260331-91-7,N,20260331,20260630,대출채권,KRW,,5000000000,5000000000,69,A1,A1,,,한화에어로스페이스,외부 신용보강,금융기관,농협은행
69439,엔에이치에어로제일차,KRZF0038H7G3,엔에이치에어로제일차 20260331-91-7,N,20260331,20260630,대출채권,KRW,,5000000000,5000000000,69,A1,A1,,,한화에어로스페이스,차환발행위험(유동성 공여형 매입약정),금융기관,농협은행
69439,엔에이치에어로제일차,KRZF0038H7G3,엔에이치에어로제일차 20260331-91-7,N,20260331,20260630,대출채권,KRW,,5000000000,5000000000,69,A1,A1,,,한화에어로스페이스,금리변동/환율변동,금융기관,농협은행
69439,엔에이치에어로제일차,KRZF0038H8G3,엔에이치에어로제일차 20260331-91-8,N,20260331,20260630,대출채권,KRW,,5000000000,5000000000,69,A1,A1,,,한화에어로스페이스,외부 신용보강,금융기관,농협은행
69439,엔에이치에어로제일차,KRZF0038H8G3,엔에이치에어로제일차 20260331-91-8,N,20260331,20260630,대출채권,KRW,,5000000000,5000000000,69,A1,A1,,,한화에어로스페이스,차환발행위험(유동성 공여형 매입약정),금융기관,농협은행
69439,엔에이치에어로제일차,KRZF0038H8G3,엔에이치에어로제일차 20260331-91-8,N,20260331,20260630,대출채권,KRW,,5000000000,5000000000,69,A1,A1,,,한화에어로스페이스,금리변동/환율변동,금융기관,농협은행
69439,엔에이치에어로제일차,KRZF0038H9G3,엔에이치에어로제일차 20260331-91-9,N,20260331,20260630,대출채권,KRW,,5000000000,5000000000,69,A1,A1,,,한화에어로스페이스,외부 신용보강,금융기관,농협은행
69439,엔에이치에어로제일차,KRZF0038H9G3,엔에이치에어로제일차 20260331-91-9,N,20260331,20260630,대출채권,KRW,,5000000000,5000000000,69,A1,A1,,,한화에어로스페이스,차환발행위험(유동성 공여형 매입약정),금융기관,농협은행
69439,엔에이치에어로제일차,KRZF0038H9G3,엔에이치에어로제일차 20260331-91-9,N,20260331,20260630,대출채권,KRW,,5000000000,5000000000,69,A1,A1,,,한화에어로스페이스,금리변동/환율변동,금융기관,농협은행
74438,위비권선6,KRZF0171D1G3,위비권선6 20260331-184-1,Y,20260331,20261001,PF대출채권,KRW,,5000000000,5000000000,162,A1,,A1,,권선113의6구역 주택재개발정비사업조합,외부 신용보강,일반기업,삼성물산(주)
74438,위비권선6,KRZF0171DAG3,위비권선6 20260331-184-10,Y,20260331,20261001,PF대출채권,KRW,,5000000000,5000000000,162,A1,,A1,,권선113의6구역 주택재개발정비사업조합,외부 신용보강,일반기업,삼성물산(주)
74438,위비권선6,KRZF0171DBG3,위비권선6 20260331-184-11,Y,20260331,20261001,PF대출채권,KRW,,5000000000,5000000000,162,A1,,A1,,권선113의6구역 주택재개발정비사업조합,외부 신용보강,일반기업,삼성물산(주)
74438,위비권선6,KRZF0171DCG3,위비권선6 20260331-184-12,Y,20260331,20261001,PF대출채권,KRW,,5000000000,5000000000,162,A1,,A1,,권선113의6구역 주택재개발정비사업조합,외부 신용보강,일반기업,삼성물산(주)
74438,위비권선6,KRZF0171DDG3,위비권선6 20260331-184-13,Y,20260331,20261001,PF대출채권,KRW,,5000000000,5000000000,162,A1,,A1,,권선113의6구역 주택재개발정비사업조합,외부 신용보강,일반기업,삼성물산(주)
74438,위비권선6,KRZF0171DEG3,위비권선6 20260331-184-14,Y,20260331,20261001,PF대출채권,KRW,,5000000000,5000000000,162,A1,,A1,,권선113의6구역 주택재개발정비사업조합,외부 신용보강,일반기업,삼성물산(주)
74438,위비권선6,KRZF0171DFG3,위비권선6 20260331-184-15,Y,20260331,20261001,PF대출채권,KRW,,5000000000,5000000000,162,A1,,A1,,권선113의6구역 주택재개발정비사업조합,외부 신용보강,일반기업,삼성물산(주)
74438,위비권선6,KRZF0171DGG3,위비권선6 20260331-184-16,Y,20260331,20261001,PF대출채권,KRW,,5000000000,5000000000,162,A1,,A1,,권선113의6구역 주택재개발정비사업조합,외부 신용보강,일반기업,삼성물산(주)
74438,위비권선6,KRZF0171DHG3,위비권선6 20260331-184-17,Y,20260331,20261001,PF대출채권,KRW,,5000000000,5000000000,162,A1,,A1,,권선113의6구역 주택재개발정비사업조합,외부 신용보강,일반기업,삼성물산(주)
74438,위비권선6,KRZF0171DJG3,위비권선6 20260331-184-18,Y,20260331,20261001,PF대출채권,KRW,,5000000000,5000000000,162,A1,,A1,,권선113의6구역 주택재개발정비사업조합,외부 신용보강,일반기업,삼성물산(주)
74438,위비권선6,KRZF0171DKG3,위비권선6 20260331-184-19,Y,20260331,20261001,PF대출채권,KRW,,5000000000,5000000000,162,A1,,A1,,권선113의6구역 주택재개발정비사업조합,외부 신용보강,일반기업,삼성물산(주)
74438,위비권선6,KRZF0171D2G3,위비권선6 20260331-184-2,Y,20260331,20261001,PF대출채권,KRW,,5000000000,5000000000,162,A1,,A1,,권선113의6구역 주택재개발정비사업조합,외부 신용보강,일반기업,삼성물산(주)
74438,위비권선6,KRZF0171DLG3,위비권선6 20260331-184-20,Y,20260331,20261001,PF대출채권,KRW,,5000000000,5000000000,162,A1,,A1,,권선113의6구역 주택재개발정비사업조합,외부 신용보강,일반기업,삼성물산(주)
74438,위비권선6,KRZF0171DMG3,위비권선6 20260331-184-21,Y,20260331,20261001,PF대출채권,KRW,,5000000000,5000000000,162,A1,,A1,,권선113의6구역 주택재개발정비사업조합,외부 신용보강,일반기업,삼성물산(주)
74438,위비권선6,KRZF0171DNG3,위비권선6 20260331-184-22,Y,20260331,20261001,PF대출채권,KRW,,5000000000,5000000000,162,A1,,A1,,권선113의6구역 주택재개발정비사업조합,외부 신용보강,일반기업,삼성물산(주)
74438,위비권선6,KRZF0171DPG3,위비권선6 20260331-184-23,Y,20260331,20261001,PF대출채권,KRW,,500000000,500000000,162,A1,,A1,,권선113의6구역 주택재개발정비사업조합,외부 신용보강,일반기업,삼성물산(주)
74438,위비권선6,KRZF0171DQG3,위비권선6 20260331-184-24,Y,20260331,20261001,PF대출채권,KRW,,500000000,500000000,162,A1,,A1,,권선113의6구역 주택재개발정비사업조합,외부 신용보강,일반기업,삼성물산(주)
74438,위비권선6,KRZF0171DRG3,위비권선6 20260331-184-25,Y,20260331,20261001,PF대출채권,KRW,,500000000,500000000,162,A1,,A1,,권선113의6구역 주택재개발정비사업조합,외부 신용보강,일반기업,삼성물산(주)
74438,위비권선6,KRZF0171DSG3,위비권선6 20260331-184-26,Y,20260331,20261001,PF대출채권,KRW,,500000000,500000000,162,A1,,A1,,권선113의6구역 주택재개발정비사업조합,외부 신용보강,일반기업,삼성물산(주)
74438,위비권선6,KRZF0171DTG3,위비권선6 20260331-184-27,Y,20260331,20261001,PF대출채권,KRW,,500000000,500000000,162,A1,,A1,,권선113의6구역 주택재개발정비사업조합,외부 신용보강,일반기업,삼성물산(주)
74438,위비권선6,KRZF0171DVG3,위비권선6 20260331-184-28,Y,20260331,20261001,PF대출채권,KRW,,500000000,500000000,162,A1,,A1,,권선113의6구역 주택재개발정비사업조합,외부 신용보강,일반기업,삼성물산(주)
74438,위비권선6,KRZF0171D3G3,위비권선6 20260331-184-3,Y,20260331,20261001,PF대출채권,KRW,,5000000000,5000000000,162,A1,,A1,,권선113의6구역 주택재개발정비사업조합,외부 신용보강,일반기업,삼성물산(주)
74438,위비권선6,KRZF0171D4G3,위비권선6 20260331-184-4,Y,20260331,20261001,PF대출채권,KRW,,5000000000,5000000000,162,A1,,A1,,권선113의6구역 주택재개발정비사업조합,외부 신용보강,일반기업,삼성물산(주)
74438,위비권선6,KRZF0171D5G3,위비권선6 20260331-184-5,Y,20260331,20261001,PF대출채권,KRW,,5000000000,5000000000,162,A1,,A1,,권선113의6구역 주택재개발정비사업조합,외부 신용보강,일반기업,삼성물산(주)
74438,위비권선6,KRZF0171D6G3,위비권선6 20260331-184-6,Y,20260331,20261001,PF대출채권,KRW,,5000000000,5000000000,162,A1,,A1,,권선113의6구역 주택재개발정비사업조합,외부 신용보강,일반기업,삼성물산(주)
74438,위비권선6,KRZF0171D7G3,위비권선6 20260331-184-7,Y,20260331,20261001,PF대출채권,KRW,,5000000000,5000000000,162,A1,,A1,,권선113의6구역 주택재개발정비사업조합,외부 신용보강,일반기업,삼성물산(주)
74438,위비권선6,KRZF0171D8G3,위비권선6 20260331-184-8,Y,20260331,20261001,PF대출채권,KRW,,5000000000,5000000000,162,A1,,A1,,권선113의6구역 주택재개발정비사업조합,외부 신용보강,일반기업,삼성물산(주)
74438,위비권선6,KRZF0171D9G3,위비권선6 20260331-184-9,Y,20260331,20261001,PF대출채권,KRW,,5000000000,5000000000,162,A1,,A1,,권선113의6구역 주택재개발정비사업조합,외부 신용보강,일반기업,삼성물산(주)
61281,지아이비은평,KRZFA55511G3,지아이비은평 20260331-14-1,Y,20260331,20260414,PF대출채권,KRW,,640000000,640000000,0,,A1,A1,,(주)에스피에스테이트,외부 신용보강,금융기관,신한은행
74439,케이아이에스안심제이차,KRZF0177H1G3,케이아이에스안심제이차 20260331-364-1,,20260331,20270330,,KRW,,5000000000,5000000000,342,A2,A2,,,,,,
74439,케이아이에스안심제이차,KRZF0177HAG3,케이아이에스안심제이차 20260331-364-10,,20260331,20270330,,KRW,,5000000000,5000000000,342,A2,A2,,,,,,
74439,케이아이에스안심제이차,KRZF0177HBG3,케이아이에스안심제이차 20260331-364-11,,20260331,20270330,,KRW,,2500000000,2500000000,342,A2,A2,,,,,,
74439,케이아이에스안심제이차,KRZF0177H2G3,케이아이에스안심제이차 20260331-364-2,,20260331,20270330,,KRW,,5000000000,5000000000,342,A2,A2,,,,,,
74439,케이아이에스안심제이차,KRZF0177H3G3,케이아이에스안심제이차 20260331-364-3,,20260331,20270330,,KRW,,5000000000,5000000000,342,A2,A2,,,,,,
74439,케이아이에스안심제이차,KRZF0177H4G3,케이아이에스안심제이차 20260331-364-4,,20260331,20270330,,KRW,,5000000000,5000000000,342,A2,A2,,,,,,
74439,케이아이에스안심제이차,KRZF0177H5G3,케이아이에스안심제이차 20260331-364-5,,20260331,20270330,,KRW,,5000000000,5000000000,342,A2,A2,,,,,,
74439,케이아이에스안심제이차,KRZF0177H6G3,케이아이에스안심제이차 20260331-364-6,,20260331,20270330,,KRW,,5000000000,5000000000,342,A2,A2,,,,,,
74439,케이아이에스안심제이차,KRZF0177H7G3,케이아이에스안심제이차 20260331-364-7,,20260331,20270330,,KRW,,5000000000,5000000000,342,A2,A2,,,,,,
74439,케이아이에스안심제이차,KRZF0177H8G3,케이아이에스안심제이차 20260331-364-8,,20260331,20270330,,KRW,,5000000000,5000000000,342,A2,A2,,,,,,
74439,케이아이에스안심제이차,KRZF0177H9G3,케이아이에스안심제이차 20260331-364-9,,20260331,20270330,,KRW,,5000000000,5000000000,342,A2,A2,,,,,,
74461,큐브로얄제사차,KRZF0178G1G3,큐브로얄제사차 20260331-183-1,N,20260331,20260930,대출채권,KRW,,100000000,100000000,161,,A1,A1,,로얄링스(주),외부 신용보강,금융기관,현대건설
74461,큐브로얄제사차,KRZF0178G2G3,큐브로얄제사차 20260331-183-2,N,20260331,20260930,대출채권,KRW,,60000000,60000000,161,,A1,A1,,로얄링스(주),외부 신용보강,금융기관,현대건설
74461,큐브로얄제사차,KRZF0178GAG3,큐브로얄제사차 20260331-227-10,N,20260331,20261113,대출채권,KRW,,2000000000,2000000000,205,,A1,A1,,로얄링스(주),외부 신용보강,금융기관,현대건설
74461,큐브로얄제사차,KRZF0178GBG3,큐브로얄제사차 20260331-227-11,N,20260331,20261113,대출채권,KRW,,2000000000,2000000000,205,,A1,A1,,로얄링스(주),외부 신용보강,금융기관,현대건설
74461,큐브로얄제사차,KRZF0178GCG3,큐브로얄제사차 20260331-227-12,N,20260331,20261113,대출채권,KRW,,2000000000,2000000000,205,,A1,A1,,로얄링스(주),외부 신용보강,금융기관,현대건설
74461,큐브로얄제사차,KRZF0178GDG3,큐브로얄제사차 20260331-227-13,N,20260331,20261113,대출채권,KRW,,2000000000,2000000000,205,,A1,A1,,로얄링스(주),외부 신용보강,금융기관,현대건설
74461,큐브로얄제사차,KRZF0178GEG3,큐브로얄제사차 20260331-227-14,N,20260331,20261113,대출채권,KRW,,1000000000,1000000000,205,,A1,A1,,로얄링스(주),외부 신용보강,금융기관,현대건설
74461,큐브로얄제사차,KRZF0178GFG3,큐브로얄제사차 20260331-227-15,N,20260331,20261113,대출채권,KRW,,1000000000,1000000000,205,,A1,A1,,로얄링스(주),외부 신용보강,금융기관,현대건설
74461,큐브로얄제사차,KRZF0178GGG3,큐브로얄제사차 20260331-227-16,N,20260331,20261113,대출채권,KRW,,1000000000,1000000000,205,,A1,A1,,로얄링스(주),외부 신용보강,금융기관,현대건설
74461,큐브로얄제사차,KRZF0178GHG3,큐브로얄제사차 20260331-227-17,N,20260331,20261113,대출채권,KRW,,700000000,700000000,205,,A1,A1,,로얄링스(주),외부 신용보강,금융기관,현대건설
74461,큐브로얄제사차,KRZF0178G3G3,큐브로얄제사차 20260331-227-3,N,20260331,20261113,대출채권,KRW,,5000000000,5000000000,205,,A1,A1,,로얄링스(주),외부 신용보강,금융기관,현대건설
74461,큐브로얄제사차,KRZF0178G4G3,큐브로얄제사차 20260331-227-4,N,20260331,20261113,대출채권,KRW,,5000000000,5000000000,205,,A1,A1,,로얄링스(주),외부 신용보강,금융기관,현대건설
74461,큐브로얄제사차,KRZF0178G5G3,큐브로얄제사차 20260331-227-5,N,20260331,20261113,대출채권,KRW,,5000000000,5000000000,205,,A1,A1,,로얄링스(주),외부 신용보강,금융기관,현대건설
74461,큐브로얄제사차,KRZF0178G6G3,큐브로얄제사차 20260331-227-6,N,20260331,20261113,대출채권,KRW,,5000000000,5000000000,205,,A1,A1,,로얄링스(주),외부 신용보강,금융기관,현대건설
74461,큐브로얄제사차,KRZF0178G7G3,큐브로얄제사차 20260331-227-7,N,20260331,20261113,대출채권,KRW,,5000000000,5000000000,205,,A1,A1,,로얄링스(주),외부 신용보강,금융기관,현대건설
74461,큐브로얄제사차,KRZF0178G8G3,큐브로얄제사차 20260331-227-8,N,20260331,20261113,대출채권,KRW,,5000000000,5000000000,205,,A1,A1,,로얄링스(주),외부 신용보강,금융기관,현대건설
74461,큐브로얄제사차,KRZF0178G9G3,큐브로얄제사차 20260331-227-9,N,20260331,20261113,대출채권,KRW,,5000000000,5000000000,205,,A1,A1,,로얄링스(주),외부 신용보강,금융기관,현대건설
74467,트리플에스이슬홀딩스,KRZF0183D1G3,트리플에스이슬홀딩스 20260331-91-1,N,20260331,20260630,대출채권,KRW,,5000000000,5000000000,69,A1,,A1,,하이트진로홀딩스,외부 신용보강,금융기관,신한은행
74467,트리플에스이슬홀딩스,KRZF0183D2G3,트리플에스이슬홀딩스 20260331-91-2,N,20260331,20260630,대출채권,KRW,,5000000000,5000000000,69,A1,,A1,,하이트진로홀딩스,외부 신용보강,금융기관,신한은행
74467,트리플에스이슬홀딩스,KRZF0183D3G3,트리플에스이슬홀딩스 20260331-91-3,N,20260331,20260630,대출채권,KRW,,5000000000,5000000000,69,A1,,A1,,하이트진로홀딩스,외부 신용보강,금융기관,신한은행
74467,트리플에스이슬홀딩스,KRZF0183D4G3,트리플에스이슬홀딩스 20260331-91-4,N,20260331,20260630,대출채권,KRW,,5000000000,5000000000,69,A1,,A1,,하이트진로홀딩스,외부 신용보강,금융기관,신한은행
74467,트리플에스이슬홀딩스,KRZF0183D5G3,트리플에스이슬홀딩스 20260331-91-5,N,20260331,20260630,대출채권,KRW,,5000000000,5000000000,69,A1,,A1,,하이트진로홀딩스,외부 신용보강,금융기관,신한은행
74467,트리플에스이슬홀딩스,KRZF0183D6G3,트리플에스이슬홀딩스 20260331-91-6,N,20260331,20260630,대출채권,KRW,,5000000000,5000000000,69,A1,,A1,,하이트진로홀딩스,외부 신용보강,금융기관,신한은행
74331,플레인스워커제십이차,KRZF237911G3,플레인스워커제십이차 20260331-181-1,N,20260331,20260928,매출채권,KRW,,20000000,20000000,159,A1,A1,,,SK텔레콤,자체 신용보강,자체 신용보강,SK텔레콤
74426,하나플랜트제오차,KRZF0179N1G3,하나플랜트제오차 20260331-91-1,N,20260331,20260630,대출채권,KRW,,5000000000,5000000000,69,A1,,A1,,에스케이에코플랜트(주),차환발행위험(유동성 공여형 매입약정),금융기관,하나은행
74426,하나플랜트제오차,KRZF0179N2G3,하나플랜트제오차 20260331-91-2,N,20260331,20260630,대출채권,KRW,,5000000000,5000000000,69,A1,,A1,,에스케이에코플랜트(주),차환발행위험(유동성 공여형 매입약정),금융기관,하나은행
74426,하나플랜트제오차,KRZF0179N3G3,하나플랜트제오차 20260331-91-3,N,20260331,20260630,대출채권,KRW,,5000000000,5000000000,69,A1,,A1,,에스케이에코플랜트(주),차환발행위험(유동성 공여형 매입약정),금융기관,하나은행
74426,하나플랜트제오차,KRZF0179N4G3,하나플랜트제오차 20260331-91-4,N,20260331,20260630,대출채권,KRW,,5000000000,5000000000,69,A1,,A1,,에스케이에코플랜트(주),차환발행위험(유동성 공여형 매입약정),금융기관,하나은행
74426,하나플랜트제오차,KRZF0179N5G3,하나플랜트제오차 20260331-91-5,N,20260331,20260630,대출채권,KRW,,5000000000,5000000000,69,A1,,A1,,에스케이에코플랜트(주),차환발행위험(유동성 공여형 매입약정),금융기관,하나은행
74426,하나플랜트제오차,KRZF0179N6G3,하나플랜트제오차 20260331-91-6,N,20260331,20260630,대출채권,KRW,,5000000000,5000000000,69,A1,,A1,,에스케이에코플랜트(주),차환발행위험(유동성 공여형 매입약정),금융기관,하나은행
74426,하나플랜트제오차,KRZF0179N7G3,하나플랜트제오차 20260331-91-7,N,20260331,20260630,대출채권,KRW,,5000000000,5000000000,69,A1,,A1,,에스케이에코플랜트(주),차환발행위험(유동성 공여형 매입약정),금융기관,하나은행
74426,하나플랜트제오차,KRZF0179N8G3,하나플랜트제오차 20260331-91-8,N,20260331,20260630,대출채권,KRW,,5000000000,5000000000,69,A1,,A1,,에스케이에코플랜트(주),차환발행위험(유동성 공여형 매입약정),금융기관,하나은행
74450,하이골든래빗제구차,KRZFA66835G3,하이골든래빗제구차 20260331-364-5,N,20260331,20270330,하이브리드증권,KRW,,5000000000,5000000000,342,A1,A1,,,교보증권,금리변동/환율변동,금융기관,교보증권
74450,하이골든래빗제구차,KRZFA66836G3,하이골든래빗제구차 20260331-364-6,N,20260331,20270330,하이브리드증권,KRW,,5000000000,5000000000,342,A1,A1,,,교보증권,금리변동/환율변동,금융기관,교보증권
62401,모다케이디비천안제사차,KRZFA63031G3,모다케이디비천안제사차 20260330-91-1,N,20260330,20260629,대출채권,KRW,,3000000000,3000000000,68,A1,A1,,,모다이노칩,외부 신용보강,금융기관,한국산업은행
74410,밸런스베타제일차,KRZF0178T1G3,밸런스베타제일차 20260330-92-1,N,20260330,20260630,하이브리드증권,KRW,,5000000000,5000000000,69,,A1,A1,,롯데지주,외부 신용보강,금융기관,(주)우리투자증권
74410,밸런스베타제일차,KRZF0178TAG3,밸런스베타제일차 20260330-92-10,N,20260330,20260630,하이브리드증권,KRW,,5000000000,5000000000,69,,A1,A1,,롯데지주,외부 신용보강,금융기관,(주)우리투자증권
74410,밸런스베타제일차,KRZF0178TBG3,밸런스베타제일차 20260330-92-11,N,20260330,20260630,하이브리드증권,KRW,,700000000,700000000,69,,A1,A1,,롯데지주,외부 신용보강,금융기관,(주)우리투자증권
74410,밸런스베타제일차,KRZF0178T2G3,밸런스베타제일차 20260330-92-2,N,20260330,20260630,하이브리드증권,KRW,,5000000000,5000000000,69,,A1,A1,,롯데지주,외부 신용보강,금융기관,(주)우리투자증권
74410,밸런스베타제일차,KRZF0178T3G3,밸런스베타제일차 20260330-92-3,N,20260330,20260630,하이브리드증권,KRW,,5000000000,5000000000,69,,A1,A1,,롯데지주,외부 신용보강,금융기관,(주)우리투자증권
74410,밸런스베타제일차,KRZF0178T4G3,밸런스베타제일차 20260330-92-4,N,20260330,20260630,하이브리드증권,KRW,,5000000000,5000000000,69,,A1,A1,,롯데지주,외부 신용보강,금융기관,(주)우리투자증권
74410,밸런스베타제일차,KRZF0178T5G3,밸런스베타제일차 20260330-92-5,N,20260330,20260630,하이브리드증권,KRW,,5000000000,5000000000,69,,A1,A1,,롯데지주,외부 신용보강,금융기관,(주)우리투자증권
74410,밸런스베타제일차,KRZF0178T6G3,밸런스베타제일차 20260330-92-6,N,20260330,20260630,하이브리드증권,KRW,,5000000000,5000000000,69,,A1,A1,,롯데지주,외부 신용보강,금융기관,(주)우리투자증권
74410,밸런스베타제일차,KRZF0178T7G3,밸런스베타제일차 20260330-92-7,N,20260330,20260630,하이브리드증권,KRW,,5000000000,5000000000,69,,A1,A1,,롯데지주,외부 신용보강,금융기관,(주)우리투자증권
74410,밸런스베타제일차,KRZF0178T8G3,밸런스베타제일차 20260330-92-8,N,20260330,20260630,하이브리드증권,KRW,,5000000000,5000000000,69,,A1,A1,,롯데지주,외부 신용보강,금융기관,(주)우리투자증권
74410,밸런스베타제일차,KRZF0178T9G3,밸런스베타제일차 20260330-92-9,N,20260330,20260630,하이브리드증권,KRW,,5000000000,5000000000,69,,A1,A1,,롯데지주,외부 신용보강,금융기관,(주)우리투자증권
73251,세라젬케이디비제일차,KRZF0152Z1G3,세라젬케이디비제일차 20260330-92-1,N,20260330,20260630,대출채권,KRW,,5000000000,5000000000,69,,,,,세라젬,차환발행위험(유동성 공여형 매입약정),공공기관,한국산업은행
73251,세라젬케이디비제일차,KRZF0152Z2G3,세라젬케이디비제일차 20260330-92-2,N,20260330,20260630,대출채권,KRW,,5000000000,5000000000,69,,,,,세라젬,차환발행위험(유동성 공여형 매입약정),공공기관,한국산업은행
73251,세라젬케이디비제일차,KRZF0152Z3G3,세라젬케이디비제일차 20260330-92-3,N,20260330,20260630,대출채권,KRW,,5000000000,5000000000,69,,,,,세라젬,차환발행위험(유동성 공여형 매입약정),공공기관,한국산업은행
73251,세라젬케이디비제일차,KRZF0152Z4G3,세라젬케이디비제일차 20260330-92-4,N,20260330,20260630,대출채권,KRW,,1500000000,1500000000,69,,,,,세라젬,차환발행위험(유동성 공여형 매입약정),공공기관,한국산업은행
72239,에스엔케이디비제일차,KRZF0122V1G3,에스엔케이디비제일차 20260330-91-1,N,20260330,20260629,회사채,KRW,,5000000000,5000000000,68,A1,A1,,,(주)소노인터내셔널,차환발행위험(유동성 공여형 매입약정),공공기관,한국산업은행
72239,에스엔케이디비제일차,KRZF0122V2G3,에스엔케이디비제일차 20260330-91-2,N,20260330,20260629,회사채,KRW,,5000000000,5000000000,68,A1,A1,,,(주)소노인터내셔널,차환발행위험(유동성 공여형 매입약정),공공기관,한국산업은행
72239,에스엔케이디비제일차,KRZF0122V3G3,에스엔케이디비제일차 20260330-91-3,N,20260330,20260629,회사채,KRW,,5000000000,5000000000,68,A1,A1,,,(주)소노인터내셔널,차환발행위험(유동성 공여형 매입약정),공공기관,한국산업은행
72239,에스엔케이디비제일차,KRZF0122V4G3,에스엔케이디비제일차 20260330-91-4,N,20260330,20260629,회사채,KRW,,5000000000,5000000000,68,A1,A1,,,(주)소노인터내셔널,차환발행위험(유동성 공여형 매입약정),공공기관,한국산업은행
72239,에스엔케이디비제일차,KRZF0122V5G3,에스엔케이디비제일차 20260330-91-5,N,20260330,20260629,회사채,KRW,,5000000000,5000000000,68,A1,A1,,,(주)소노인터내셔널,차환발행위험(유동성 공여형 매입약정),공공기관,한국산업은행
69397,에스타이거에너빌,KRZF0039B1G3,에스타이거에너빌 20260330-91-1,N,20260330,20260629,대출채권,KRW,,5000000000,5000000000,68,,A1,,,두산에너빌리티(주),외부 신용보강,금융기관,신한은행
69397,에스타이거에너빌,KRZF0039B2G3,에스타이거에너빌 20260330-91-2,N,20260330,20260629,대출채권,KRW,,5000000000,5000000000,68,,A1,,,두산에너빌리티(주),외부 신용보강,금융기관,신한은행
69397,에스타이거에너빌,KRZF0039B3G3,에스타이거에너빌 20260330-91-3,N,20260330,20260629,대출채권,KRW,,5000000000,5000000000,68,,A1,,,두산에너빌리티(주),외부 신용보강,금융기관,신한은행
69397,에스타이거에너빌,KRZF0039B4G3,에스타이거에너빌 20260330-91-4,N,20260330,20260629,대출채권,KRW,,5000000000,5000000000,68,,A1,,,두산에너빌리티(주),외부 신용보강,금융기관,신한은행
69397,에스타이거에너빌,KRZF0039B5G3,에스타이거에너빌 20260330-91-5,N,20260330,20260629,대출채권,KRW,,5000000000,5000000000,68,,A1,,,두산에너빌리티(주),외부 신용보강,금융기관,신한은행
69397,에스타이거에너빌,KRZF0039B6G3,에스타이거에너빌 20260330-91-6,N,20260330,20260629,대출채권,KRW,,5000000000,5000000000,68,,A1,,,두산에너빌리티(주),외부 신용보강,금융기관,신한은행
69397,에스타이거에너빌,KRZF0039B7G3,에스타이거에너빌 20260330-91-7,N,20260330,20260629,대출채권,KRW,,5000000000,5000000000,68,,A1,,,두산에너빌리티(주),외부 신용보강,금융기관,신한은행
69397,에스타이거에너빌,KRZF0039B8G3,에스타이거에너빌 20260330-91-8,N,20260330,20260629,대출채권,KRW,,10000000000,10000000000,68,,A1,,,두산에너빌리티(주),외부 신용보강,금융기관,신한은행
69397,에스타이거에너빌,KRZF0039B9G3,에스타이거에너빌 20260330-91-9,N,20260330,20260629,대출채권,KRW,,5000000000,5000000000,68,,A1,,,두산에너빌리티(주),외부 신용보강,금융기관,신한은행
72025,에스타이거엘이씨,KRZFA46021G3,에스타이거엘이씨 20260330-92-1,N,20260330,20260630,대출채권,KRW,,5000000000,5000000000,69,A1,,A1,,롯데건설,외부 신용보강,금융기관,신한은행
72025,에스타이거엘이씨,KRZFA46022G3,에스타이거엘이씨 20260330-92-2,N,20260330,20260630,대출채권,KRW,,10000000000,10000000000,69,A1,,A1,,롯데건설,외부 신용보강,금융기관,신한은행
72025,에스타이거엘이씨,KRZFA46023G3,에스타이거엘이씨 20260330-92-3,N,20260330,20260630,대출채권,KRW,,10000000000,10000000000,69,A1,,A1,,롯데건설,외부 신용보강,금융기관,신한은행
72025,에스타이거엘이씨,KRZFA46024G3,에스타이거엘이씨 20260330-92-4,N,20260330,20260630,대출채권,KRW,,5000000000,5000000000,69,A1,,A1,,롯데건설,외부 신용보강,금융기관,신한은행
71980,에스프로젝트에이엘,KRZF0116N1G3,에스프로젝트에이엘 20260330-91-1,N,20260330,20260629,대출채권,KRW,,5000000000,5000000000,68,,A1,A1,,롯데알미늄,차환발행위험(유동성 공여형 매입약정),금융기관,신한은행
71980,에스프로젝트에이엘,KRZF0116N2G3,에스프로젝트에이엘 20260330-91-2,N,20260330,20260629,대출채권,KRW,,5000000000,5000000000,68,,A1,A1,,롯데알미늄,차환발행위험(유동성 공여형 매입약정),금융기관,신한은행
71980,에스프로젝트에이엘,KRZF0116N3G3,에스프로젝트에이엘 20260330-91-3,N,20260330,20260629,대출채권,KRW,,5000000000,5000000000,68,,A1,A1,,롯데알미늄,차환발행위험(유동성 공여형 매입약정),금융기관,신한은행
71980,에스프로젝트에이엘,KRZF0116N4G3,에스프로젝트에이엘 20260330-91-4,N,20260330,20260629,대출채권,KRW,,5000000000,5000000000,68,,A1,A1,,롯데알미늄,차환발행위험(유동성 공여형 매입약정),금융기관,신한은행
71980,에스프로젝트에이엘,KRZF0116N5G3,에스프로젝트에이엘 20260330-91-5,N,20260330,20260629,대출채권,KRW,,5000000000,5000000000,68,,A1,A1,,롯데알미늄,차환발행위험(유동성 공여형 매입약정),금융기관,신한은행
71980,에스프로젝트에이엘,KRZF0116N6G3,에스프로젝트에이엘 20260330-91-6,N,20260330,20260629,대출채권,KRW,,5000000000,5000000000,68,,A1,A1,,롯데알미늄,차환발행위험(유동성 공여형 매입약정),금융기관,신한은행
71980,에스프로젝트에이엘,KRZF0116N7G3,에스프로젝트에이엘 20260330-91-7,N,20260330,20260629,대출채권,KRW,,5000000000,5000000000,68,,A1,A1,,롯데알미늄,차환발행위험(유동성 공여형 매입약정),금융기관,신한은행
71980,에스프로젝트에이엘,KRZF0116N8G3,에스프로젝트에이엘 20260330-91-8,N,20260330,20260629,대출채권,KRW,,3000000000,3000000000,68,,A1,A1,,롯데알미늄,차환발행위험(유동성 공여형 매입약정),금융기관,신한은행
74430,에스하본로지스,KRZF0182L1G3,에스하본로지스 20260330-92-1,N,20260330,20260630,회사채,KRW,,5000000000,5000000000,69,,A1,A1,,롯데글로벌로지스,차환발행위험(유동성 공여형 매입약정),금융기관,신한은행
74430,에스하본로지스,KRZF0182LAG3,에스하본로지스 20260330-92-10,N,20260330,20260630,회사채,KRW,,5000000000,5000000000,69,,A1,A1,,롯데글로벌로지스,차환발행위험(유동성 공여형 매입약정),금융기관,신한은행
74430,에스하본로지스,KRZF0182L2G3,에스하본로지스 20260330-92-2,N,20260330,20260630,회사채,KRW,,5000000000,5000000000,69,,A1,A1,,롯데글로벌로지스,차환발행위험(유동성 공여형 매입약정),금융기관,신한은행
74430,에스하본로지스,KRZF0182L3G3,에스하본로지스 20260330-92-3,N,20260330,20260630,회사채,KRW,,5000000000,5000000000,69,,A1,A1,,롯데글로벌로지스,차환발행위험(유동성 공여형 매입약정),금융기관,신한은행
74430,에스하본로지스,KRZF0182L4G3,에스하본로지스 20260330-92-4,N,20260330,20260630,회사채,KRW,,5000000000,5000000000,69,,A1,A1,,롯데글로벌로지스,차환발행위험(유동성 공여형 매입약정),금융기관,신한은행
74430,에스하본로지스,KRZF0182L5G3,에스하본로지스 20260330-92-5,N,20260330,20260630,회사채,KRW,,5000000000,5000000000,69,,A1,A1,,롯데글로벌로지스,차환발행위험(유동성 공여형 매입약정),금융기관,신한은행
74430,에스하본로지스,KRZF0182L6G3,에스하본로지스 20260330-92-6,N,20260330,20260630,회사채,KRW,,5000000000,5000000000,69,,A1,A1,,롯데글로벌로지스,차환발행위험(유동성 공여형 매입약정),금융기관,신한은행
74430,에스하본로지스,KRZF0182L7G3,에스하본로지스 20260330-92-7,N,20260330,20260630,회사채,KRW,,5000000000,5000000000,69,,A1,A1,,롯데글로벌로지스,차환발행위험(유동성 공여형 매입약정),금융기관,신한은행
74430,에스하본로지스,KRZF0182L8G3,에스하본로지스 20260330-92-8,N,20260330,20260630,회사채,KRW,,5000000000,5000000000,69,,A1,A1,,롯데글로벌로지스,차환발행위험(유동성 공여형 매입약정),금융기관,신한은행
74430,에스하본로지스,KRZF0182L9G3,에스하본로지스 20260330-92-9,N,20260330,20260630,회사채,KRW,,5000000000,5000000000,69,,A1,A1,,롯데글로벌로지스,차환발행위험(유동성 공여형 매입약정),금융기관,신한은행
74429,에스하본리아,KRZF0182M1G3,에스하본리아 20260330-92-1,N,20260330,20260630,회사채,KRW,,5000000000,5000000000,69,A1,,A1,,롯데지알에스,차환발행위험(유동성 공여형 매입약정),금융기관,신한은행
74429,에스하본리아,KRZF0182MAG3,에스하본리아 20260330-92-10,N,20260330,20260630,회사채,KRW,,5000000000,5000000000,69,A1,,A1,,롯데지알에스,차환발행위험(유동성 공여형 매입약정),금융기관,신한은행
74429,에스하본리아,KRZF0182M2G3,에스하본리아 20260330-92-2,N,20260330,20260630,회사채,KRW,,5000000000,5000000000,69,A1,,A1,,롯데지알에스,차환발행위험(유동성 공여형 매입약정),금융기관,신한은행
74429,에스하본리아,KRZF0182M3G3,에스하본리아 20260330-92-3,N,20260330,20260630,회사채,KRW,,5000000000,5000000000,69,A1,,A1,,롯데지알에스,차환발행위험(유동성 공여형 매입약정),금융기관,신한은행
74429,에스하본리아,KRZF0182M4G3,에스하본리아 20260330-92-4,N,20260330,20260630,회사채,KRW,,5000000000,5000000000,69,A1,,A1,,롯데지알에스,차환발행위험(유동성 공여형 매입약정),금융기관,신한은행
74429,에스하본리아,KRZF0182M5G3,에스하본리아 20260330-92-5,N,20260330,20260630,회사채,KRW,,5000000000,5000000000,69,A1,,A1,,롯데지알에스,차환발행위험(유동성 공여형 매입약정),금융기관,신한은행
74429,에스하본리아,KRZF0182M6G3,에스하본리아 20260330-92-6,N,20260330,20260630,회사채,KRW,,5000000000,5000000000,69,A1,,A1,,롯데지알에스,차환발행위험(유동성 공여형 매입약정),금융기관,신한은행
74429,에스하본리아,KRZF0182M7G3,에스하본리아 20260330-92-7,N,20260330,20260630,회사채,KRW,,5000000000,5000000000,69,A1,,A1,,롯데지알에스,차환발행위험(유동성 공여형 매입약정),금융기관,신한은행
74429,에스하본리아,KRZF0182M8G3,에스하본리아 20260330-92-8,N,20260330,20260630,회사채,KRW,,5000000000,5000000000,69,A1,,A1,,롯데지알에스,차환발행위험(유동성 공여형 매입약정),금융기관,신한은행
74429,에스하본리아,KRZF0182M9G3,에스하본리아 20260330-92-9,N,20260330,20260630,회사채,KRW,,5000000000,5000000000,69,A1,,A1,,롯데지알에스,차환발행위험(유동성 공여형 매입약정),금융기관,신한은행
74421,에스하본에이치엘,KRZF0179W1G3,에스하본에이치엘 20260330-92-1,N,20260330,20260630,회사채,KRW,,5000000000,5000000000,69,,A1,A1,,호텔롯데,차환발행위험(유동성 공여형 매입약정),금융기관,신한은행
74421,에스하본에이치엘,KRZF0179WAG3,에스하본에이치엘 20260330-92-10,N,20260330,20260630,회사채,KRW,,5000000000,5000000000,69,,A1,A1,,호텔롯데,차환발행위험(유동성 공여형 매입약정),금융기관,신한은행
74421,에스하본에이치엘,KRZF0179WBG3,에스하본에이치엘 20260330-92-11,N,20260330,20260630,회사채,KRW,,5000000000,5000000000,69,,A1,A1,,호텔롯데,차환발행위험(유동성 공여형 매입약정),금융기관,신한은행
74421,에스하본에이치엘,KRZF0179WCG3,에스하본에이치엘 20260330-92-12,N,20260330,20260630,회사채,KRW,,5000000000,5000000000,69,,A1,A1,,호텔롯데,차환발행위험(유동성 공여형 매입약정),금융기관,신한은행
74421,에스하본에이치엘,KRZF0179WDG3,에스하본에이치엘 20260330-92-13,N,20260330,20260630,회사채,KRW,,5000000000,5000000000,69,,A1,A1,,호텔롯데,차환발행위험(유동성 공여형 매입약정),금융기관,신한은행
74421,에스하본에이치엘,KRZF0179WEG3,에스하본에이치엘 20260330-92-14,N,20260330,20260630,회사채,KRW,,5000000000,5000000000,69,,A1,A1,,호텔롯데,차환발행위험(유동성 공여형 매입약정),금융기관,신한은행
74421,에스하본에이치엘,KRZF0179WFG3,에스하본에이치엘 20260330-92-15,N,20260330,20260630,회사채,KRW,,5000000000,5000000000,69,,A1,A1,,호텔롯데,차환발행위험(유동성 공여형 매입약정),금융기관,신한은행
74421,에스하본에이치엘,KRZF0179WGG3,에스하본에이치엘 20260330-92-16,N,20260330,20260630,회사채,KRW,,5000000000,5000000000,69,,A1,A1,,호텔롯데,차환발행위험(유동성 공여형 매입약정),금융기관,신한은행
74421,에스하본에이치엘,KRZF0179WHG3,에스하본에이치엘 20260330-92-17,N,20260330,20260630,회사채,KRW,,5000000000,5000000000,69,,A1,A1,,호텔롯데,차환발행위험(유동성 공여형 매입약정),금융기관,신한은행
74421,에스하본에이치엘,KRZF0179WJG3,에스하본에이치엘 20260330-92-18,N,20260330,20260630,회사채,KRW,,5000000000,5000000000,69,,A1,A1,,호텔롯데,차환발행위험(유동성 공여형 매입약정),금융기관,신한은행
74421,에스하본에이치엘,KRZF0179WKG3,에스하본에이치엘 20260330-92-19,N,20260330,20260630,회사채,KRW,,5000000000,5000000000,69,,A1,A1,,호텔롯데,차환발행위험(유동성 공여형 매입약정),금융기관,신한은행
74421,에스하본에이치엘,KRZF0179W2G3,에스하본에이치엘 20260330-92-2,N,20260330,20260630,회사채,KRW,,5000000000,5000000000,69,,A1,A1,,호텔롯데,차환발행위험(유동성 공여형 매입약정),금융기관,신한은행
74421,에스하본에이치엘,KRZF0179WLG3,에스하본에이치엘 20260330-92-20,N,20260330,20260630,회사채,KRW,,5000000000,5000000000,69,,A1,A1,,호텔롯데,차환발행위험(유동성 공여형 매입약정),금융기관,신한은행
74422,에스하본에이치엘,KRZF0179WMG3,에스하본에이치엘 20260330-92-21,,20260330,20260630,,KRW,,5000000000,5000000000,69,,A1,A1,,,,,
74422,에스하본에이치엘,KRZF0179WNG3,에스하본에이치엘 20260330-92-22,,20260330,20260630,,KRW,,5000000000,5000000000,69,,A1,A1,,,,,
74422,에스하본에이치엘,KRZF0179WPG3,에스하본에이치엘 20260330-92-23,,20260330,20260630,,KRW,,5000000000,5000000000,69,,A1,A1,,,,,
74422,에스하본에이치엘,KRZF0179WQG3,에스하본에이치엘 20260330-92-24,,20260330,20260630,,KRW,,5000000000,5000000000,69,,A1,A1,,,,,
74422,에스하본에이치엘,KRZF0179WRG3,에스하본에이치엘 20260330-92-25,,20260330,20260630,,KRW,,5000000000,5000000000,69,,A1,A1,,,,,
74421,에스하본에이치엘,KRZF0179W3G3,에스하본에이치엘 20260330-92-3,N,20260330,20260630,회사채,KRW,,5000000000,5000000000,69,,A1,A1,,호텔롯데,차환발행위험(유동성 공여형 매입약정),금융기관,신한은행
74421,에스하본에이치엘,KRZF0179W4G3,에스하본에이치엘 20260330-92-4,N,20260330,20260630,회사채,KRW,,5000000000,5000000000,69,,A1,A1,,호텔롯데,차환발행위험(유동성 공여형 매입약정),금융기관,신한은행
74421,에스하본에이치엘,KRZF0179W5G3,에스하본에이치엘 20260330-92-5,N,20260330,20260630,회사채,KRW,,5000000000,5000000000,69,,A1,A1,,호텔롯데,차환발행위험(유동성 공여형 매입약정),금융기관,신한은행
74421,에스하본에이치엘,KRZF0179W6G3,에스하본에이치엘 20260330-92-6,N,20260330,20260630,회사채,KRW,,5000000000,5000000000,69,,A1,A1,,호텔롯데,차환발행위험(유동성 공여형 매입약정),금융기관,신한은행
74421,에스하본에이치엘,KRZF0179W7G3,에스하본에이치엘 20260330-92-7,N,20260330,20260630,회사채,KRW,,5000000000,5000000000,69,,A1,A1,,호텔롯데,차환발행위험(유동성 공여형 매입약정),금융기관,신한은행
74421,에스하본에이치엘,KRZF0179W8G3,에스하본에이치엘 20260330-92-8,N,20260330,20260630,회사채,KRW,,5000000000,5000000000,69,,A1,A1,,호텔롯데,차환발행위험(유동성 공여형 매입약정),금융기관,신한은행
74421,에스하본에이치엘,KRZF0179W9G3,에스하본에이치엘 20260330-92-9,N,20260330,20260630,회사채,KRW,,5000000000,5000000000,69,,A1,A1,,호텔롯데,차환발행위험(유동성 공여형 매입약정),금융기관,신한은행
70691,에이치하나제이차,KRZF0078F1G3,에이치하나제이차 20260330-92-1,N,20260330,20260630,대출채권,KRW,,5000000000,5000000000,69,,A1,A1,,한화,차환발행위험(유동성 공여형 매입약정),금융기관,하나은행
70691,에이치하나제이차,KRZF0078FAG3,에이치하나제이차 20260330-92-10,N,20260330,20260630,대출채권,KRW,,5000000000,5000000000,69,,A1,A1,,한화,차환발행위험(유동성 공여형 매입약정),금융기관,하나은행
70691,에이치하나제이차,KRZF0078FBG3,에이치하나제이차 20260330-92-11,N,20260330,20260630,대출채권,KRW,,5000000000,5000000000,69,,A1,A1,,한화,차환발행위험(유동성 공여형 매입약정),금융기관,하나은행
70691,에이치하나제이차,KRZF0078FCG3,에이치하나제이차 20260330-92-12,N,20260330,20260630,대출채권,KRW,,5000000000,5000000000,69,,A1,A1,,한화,차환발행위험(유동성 공여형 매입약정),금융기관,하나은행
70691,에이치하나제이차,KRZF0078FDG3,에이치하나제이차 20260330-92-13,N,20260330,20260630,대출채권,KRW,,5000000000,5000000000,69,,A1,A1,,한화,차환발행위험(유동성 공여형 매입약정),금융기관,하나은행
70691,에이치하나제이차,KRZF0078FEG3,에이치하나제이차 20260330-92-14,N,20260330,20260630,대출채권,KRW,,5000000000,5000000000,69,,A1,A1,,한화,차환발행위험(유동성 공여형 매입약정),금융기관,하나은행
70691,에이치하나제이차,KRZF0078FFG3,에이치하나제이차 20260330-92-15,N,20260330,20260630,대출채권,KRW,,5000000000,5000000000,69,,A1,A1,,한화,차환발행위험(유동성 공여형 매입약정),금융기관,하나은행
70691,에이치하나제이차,KRZF0078FGG3,에이치하나제이차 20260330-92-16,N,20260330,20260630,대출채권,KRW,,5000000000,5000000000,69,,A1,A1,,한화,차환발행위험(유동성 공여형 매입약정),금융기관,하나은행
70691,에이치하나제이차,KRZF0078FHG3,에이치하나제이차 20260330-92-17,N,20260330,20260630,대출채권,KRW,,5000000000,5000000000,69,,A1,A1,,한화,차환발행위험(유동성 공여형 매입약정),금융기관,하나은행
70691,에이치하나제이차,KRZF0078FJG3,에이치하나제이차 20260330-92-18,N,20260330,20260630,대출채권,KRW,,5000000000,5000000000,69,,A1,A1,,한화,차환발행위험(유동성 공여형 매입약정),금융기관,하나은행
70691,에이치하나제이차,KRZF0078F2G3,에이치하나제이차 20260330-92-2,N,20260330,20260630,대출채권,KRW,,5000000000,5000000000,69,,A1,A1,,한화,차환발행위험(유동성 공여형 매입약정),금융기관,하나은행
70691,에이치하나제이차,KRZF0078F3G3,에이치하나제이차 20260330-92-3,N,20260330,20260630,대출채권,KRW,,5000000000,5000000000,69,,A1,A1,,한화,차환발행위험(유동성 공여형 매입약정),금융기관,하나은행
70691,에이치하나제이차,KRZF0078F4G3,에이치하나제이차 20260330-92-4,N,20260330,20260630,대출채권,KRW,,5000000000,5000000000,69,,A1,A1,,한화,차환발행위험(유동성 공여형 매입약정),금융기관,하나은행
70691,에이치하나제이차,KRZF0078F5G3,에이치하나제이차 20260330-92-5,N,20260330,20260630,대출채권,KRW,,5000000000,5000000000,69,,A1,A1,,한화,차환발행위험(유동성 공여형 매입약정),금융기관,하나은행
70691,에이치하나제이차,KRZF0078F6G3,에이치하나제이차 20260330-92-6,N,20260330,20260630,대출채권,KRW,,5000000000,5000000000,69,,A1,A1,,한화,차환발행위험(유동성 공여형 매입약정),금융기관,하나은행
70691,에이치하나제이차,KRZF0078F7G3,에이치하나제이차 20260330-92-7,N,20260330,20260630,대출채권,KRW,,5000000000,5000000000,69,,A1,A1,,한화,차환발행위험(유동성 공여형 매입약정),금융기관,하나은행
70691,에이치하나제이차,KRZF0078F8G3,에이치하나제이차 20260330-92-8,N,20260330,20260630,대출채권,KRW,,5000000000,5000000000,69,,A1,A1,,한화,차환발행위험(유동성 공여형 매입약정),금융기관,하나은행
70691,에이치하나제이차,KRZF0078F9G3,에이치하나제이차 20260330-92-9,N,20260330,20260630,대출채권,KRW,,5000000000,5000000000,69,,A1,A1,,한화,차환발행위험(유동성 공여형 매입약정),금융기관,하나은행
60742,엔에이치상인천,KRZFA52411G3,엔에이치상인천 20260330-31-1,Y,20260330,20260430,PF대출채권,KRW,,5000000000,5000000000,8,A1,,A1,,한화건설,차환발행위험(유동성 공여형 매입약정),금융기관,농협은행
60742,엔에이치상인천,KRZFA52412G3,엔에이치상인천 20260330-31-2,Y,20260330,20260430,PF대출채권,KRW,,5000000000,5000000000,8,A1,,A1,,한화건설,차환발행위험(유동성 공여형 매입약정),금융기관,농협은행
60742,엔에이치상인천,KRZFA52413G3,엔에이치상인천 20260330-31-3,Y,20260330,20260430,PF대출채권,KRW,,5000000000,5000000000,8,A1,,A1,,한화건설,차환발행위험(유동성 공여형 매입약정),금융기관,농협은행
60742,엔에이치상인천,KRZFA52414G3,엔에이치상인천 20260330-31-4,Y,20260330,20260430,PF대출채권,KRW,,5000000000,5000000000,8,A1,,A1,,한화건설,차환발행위험(유동성 공여형 매입약정),금융기관,농협은행
60742,엔에이치상인천,KRZFA52415G3,엔에이치상인천 20260330-31-5,Y,20260330,20260430,PF대출채권,KRW,,5000000000,5000000000,8,A1,,A1,,한화건설,차환발행위험(유동성 공여형 매입약정),금융기관,농협은행
60742,엔에이치상인천,KRZFA52416G3,엔에이치상인천 20260330-31-6,Y,20260330,20260430,PF대출채권,KRW,,5000000000,5000000000,8,A1,,A1,,한화건설,차환발행위험(유동성 공여형 매입약정),금융기관,농협은행
60742,엔에이치상인천,KRZFA52417G3,엔에이치상인천 20260330-31-7,Y,20260330,20260430,PF대출채권,KRW,,7040000000,7040000000,8,A1,,A1,,한화건설,차환발행위험(유동성 공여형 매입약정),금융기관,농협은행
60742,엔에이치상인천,KRZFA52418G3,엔에이치상인천 20260330-31-8,Y,20260330,20260430,PF대출채권,KRW,,940622,940622,8,A1,,A1,,한화건설,차환발행위험(유동성 공여형 매입약정),금융기관,농협은행
74416,엔에이치케이디비제일차,KRZF0182K1G3,엔에이치케이디비제일차 20260330-92-1,N,20260330,20260630,회사채,KRW,,5000000000,5000000000,69,A1,A1,,,NH투자증권,차환발행위험(유동성 공여형 매입약정),공공기관,한국산업은행
74416,엔에이치케이디비제일차,KRZF0182KAG3,엔에이치케이디비제일차 20260330-92-10,N,20260330,20260630,회사채,KRW,,5000000000,5000000000,69,A1,A1,,,NH투자증권,차환발행위험(유동성 공여형 매입약정),공공기관,한국산업은행
74416,엔에이치케이디비제일차,KRZF0182K2G3,엔에이치케이디비제일차 20260330-92-2,N,20260330,20260630,회사채,KRW,,5000000000,5000000000,69,A1,A1,,,NH투자증권,차환발행위험(유동성 공여형 매입약정),공공기관,한국산업은행
74416,엔에이치케이디비제일차,KRZF0182K3G3,엔에이치케이디비제일차 20260330-92-3,N,20260330,20260630,회사채,KRW,,5000000000,5000000000,69,A1,A1,,,NH투자증권,차환발행위험(유동성 공여형 매입약정),공공기관,한국산업은행
74416,엔에이치케이디비제일차,KRZF0182K4G3,엔에이치케이디비제일차 20260330-92-4,N,20260330,20260630,회사채,KRW,,5000000000,5000000000,69,A1,A1,,,NH투자증권,차환발행위험(유동성 공여형 매입약정),공공기관,한국산업은행
74416,엔에이치케이디비제일차,KRZF0182K5G3,엔에이치케이디비제일차 20260330-92-5,N,20260330,20260630,회사채,KRW,,5000000000,5000000000,69,A1,A1,,,NH투자증권,차환발행위험(유동성 공여형 매입약정),공공기관,한국산업은행
74416,엔에이치케이디비제일차,KRZF0182K6G3,엔에이치케이디비제일차 20260330-92-6,N,20260330,20260630,회사채,KRW,,5000000000,5000000000,69,A1,A1,,,NH투자증권,차환발행위험(유동성 공여형 매입약정),공공기관,한국산업은행
74416,엔에이치케이디비제일차,KRZF0182K7G3,엔에이치케이디비제일차 20260330-92-7,N,20260330,20260630,회사채,KRW,,5000000000,5000000000,69,A1,A1,,,NH투자증권,차환발행위험(유동성 공여형 매입약정),공공기관,한국산업은행
74416,엔에이치케이디비제일차,KRZF0182K8G3,엔에이치케이디비제일차 20260330-92-8,N,20260330,20260630,회사채,KRW,,5000000000,5000000000,69,A1,A1,,,NH투자증권,차환발행위험(유동성 공여형 매입약정),공공기관,한국산업은행
74416,엔에이치케이디비제일차,KRZF0182K9G3,엔에이치케이디비제일차 20260330-92-9,N,20260330,20260630,회사채,KRW,,5000000000,5000000000,69,A1,A1,,,NH투자증권,차환발행위험(유동성 공여형 매입약정),공공기관,한국산업은행
73243,엠피씨율촌1호기,KRZF191531G3,엠피씨율촌1호기 20260330-91-1,N,20260330,20260629,대출채권,KRW,,100000000,100000000,68,,A1,A1,,씨지앤율촌전력,차환발행위험(유동성 공여형 매입약정),금융기관,신한은행
73243,엠피씨율촌1호기,KRZF191532G3,엠피씨율촌1호기 20260330-91-2,N,20260330,20260629,대출채권,KRW,,3000000000,3000000000,68,,A1,A1,,씨지앤율촌전력,차환발행위험(유동성 공여형 매입약정),금융기관,신한은행
73243,엠피씨율촌1호기,KRZF191533G3,엠피씨율촌1호기 20260330-91-3,N,20260330,20260629,대출채권,KRW,,1000000000,1000000000,68,,A1,A1,,씨지앤율촌전력,차환발행위험(유동성 공여형 매입약정),금융기관,신한은행
73243,엠피씨율촌1호기,KRZF191534G3,엠피씨율촌1호기 20260330-91-4,N,20260330,20260629,대출채권,KRW,,1000000000,1000000000,68,,A1,A1,,씨지앤율촌전력,차환발행위험(유동성 공여형 매입약정),금융기관,신한은행
73243,엠피씨율촌1호기,KRZF191535G3,엠피씨율촌1호기 20260330-91-5,N,20260330,20260629,대출채권,KRW,,1000000000,1000000000,68,,A1,A1,,씨지앤율촌전력,차환발행위험(유동성 공여형 매입약정),금융기관,신한은행
49001,엠피씨율촌2호기,KRZF160251G3,엠피씨율촌2호기 20260330-91-1,N,20260330,20260629,대출채권,KRW,,400000000,400000000,68,A1,,A1,,씨지앤율촌전력,외부 신용보강,금융기관,신한은행
49001,엠피씨율촌2호기,KRZF16025AG3,엠피씨율촌2호기 20260330-91-10,N,20260330,20260629,대출채권,KRW,,1000000000,1000000000,68,A1,,A1,,씨지앤율촌전력,외부 신용보강,금융기관,신한은행
49001,엠피씨율촌2호기,KRZF16025BG3,엠피씨율촌2호기 20260330-91-11,N,20260330,20260629,대출채권,KRW,,1000000000,1000000000,68,A1,,A1,,씨지앤율촌전력,외부 신용보강,금융기관,신한은행
49001,엠피씨율촌2호기,KRZF16025CG3,엠피씨율촌2호기 20260330-91-12,N,20260330,20260629,대출채권,KRW,,1000000000,1000000000,68,A1,,A1,,씨지앤율촌전력,외부 신용보강,금융기관,신한은행
49001,엠피씨율촌2호기,KRZF16025DG3,엠피씨율촌2호기 20260330-91-13,N,20260330,20260629,대출채권,KRW,,500000000,500000000,68,A1,,A1,,씨지앤율촌전력,외부 신용보강,금융기관,신한은행
49001,엠피씨율촌2호기,KRZF160252G3,엠피씨율촌2호기 20260330-91-2,N,20260330,20260629,대출채권,KRW,,10000000000,10000000000,68,A1,,A1,,씨지앤율촌전력,외부 신용보강,금융기관,신한은행
49001,엠피씨율촌2호기,KRZF160253G3,엠피씨율촌2호기 20260330-91-3,N,20260330,20260629,대출채권,KRW,,3000000000,3000000000,68,A1,,A1,,씨지앤율촌전력,외부 신용보강,금융기관,신한은행
49001,엠피씨율촌2호기,KRZF160254G3,엠피씨율촌2호기 20260330-91-4,N,20260330,20260629,대출채권,KRW,,3000000000,3000000000,68,A1,,A1,,씨지앤율촌전력,외부 신용보강,금융기관,신한은행
49001,엠피씨율촌2호기,KRZF160255G3,엠피씨율촌2호기 20260330-91-5,N,20260330,20260629,대출채권,KRW,,1000000000,1000000000,68,A1,,A1,,씨지앤율촌전력,외부 신용보강,금융기관,신한은행
49001,엠피씨율촌2호기,KRZF160256G3,엠피씨율촌2호기 20260330-91-6,N,20260330,20260629,대출채권,KRW,,1000000000,1000000000,68,A1,,A1,,씨지앤율촌전력,외부 신용보강,금융기관,신한은행
49001,엠피씨율촌2호기,KRZF160257G3,엠피씨율촌2호기 20260330-91-7,N,20260330,20260629,대출채권,KRW,,1000000000,1000000000,68,A1,,A1,,씨지앤율촌전력,외부 신용보강,금융기관,신한은행
49001,엠피씨율촌2호기,KRZF160258G3,엠피씨율촌2호기 20260330-91-8,N,20260330,20260629,대출채권,KRW,,1000000000,1000000000,68,A1,,A1,,씨지앤율촌전력,외부 신용보강,금융기관,신한은행
49001,엠피씨율촌2호기,KRZF160259G3,엠피씨율촌2호기 20260330-91-9,N,20260330,20260629,대출채권,KRW,,1000000000,1000000000,68,A1,,A1,,씨지앤율촌전력,외부 신용보강,금융기관,신한은행
74425,우리사랑제16차,KRZFA69381G3,우리사랑제16차 20260330-184-1,N,20260330,20260930,정기예금,KRW,,5000000000,5000000000,161,A1,A1,,,우리은행,자체 신용보강,자체 신용보강,우리은행
74425,우리사랑제16차,KRZFA6938AG3,우리사랑제16차 20260330-184-10,N,20260330,20260930,정기예금,KRW,,5000000000,5000000000,161,A1,A1,,,우리은행,자체 신용보강,자체 신용보강,우리은행
74425,우리사랑제16차,KRZFA6938BG3,우리사랑제16차 20260330-184-11,N,20260330,20260930,정기예금,KRW,,5000000000,5000000000,161,A1,A1,,,우리은행,자체 신용보강,자체 신용보강,우리은행
74425,우리사랑제16차,KRZFA6938CG3,우리사랑제16차 20260330-184-12,N,20260330,20260930,정기예금,KRW,,5000000000,5000000000,161,A1,A1,,,우리은행,자체 신용보강,자체 신용보강,우리은행
74425,우리사랑제16차,KRZFA6938DG3,우리사랑제16차 20260330-184-13,N,20260330,20260930,정기예금,KRW,,5000000000,5000000000,161,A1,A1,,,우리은행,자체 신용보강,자체 신용보강,우리은행
74425,우리사랑제16차,KRZFA6938EG3,우리사랑제16차 20260330-184-14,N,20260330,20260930,정기예금,KRW,,5000000000,5000000000,161,A1,A1,,,우리은행,자체 신용보강,자체 신용보강,우리은행
74425,우리사랑제16차,KRZFA6938FG3,우리사랑제16차 20260330-184-15,N,20260330,20260930,정기예금,KRW,,5000000000,5000000000,161,A1,A1,,,우리은행,자체 신용보강,자체 신용보강,우리은행
74425,우리사랑제16차,KRZFA6938GG3,우리사랑제16차 20260330-184-16,N,20260330,20260930,정기예금,KRW,,5000000000,5000000000,161,A1,A1,,,우리은행,자체 신용보강,자체 신용보강,우리은행
74425,우리사랑제16차,KRZFA6938HG3,우리사랑제16차 20260330-184-17,N,20260330,20260930,정기예금,KRW,,5000000000,5000000000,161,A1,A1,,,우리은행,자체 신용보강,자체 신용보강,우리은행
74425,우리사랑제16차,KRZFA6938JG3,우리사랑제16차 20260330-184-18,N,20260330,20260930,정기예금,KRW,,5000000000,5000000000,161,A1,A1,,,우리은행,자체 신용보강,자체 신용보강,우리은행
74425,우리사랑제16차,KRZFA6938KG3,우리사랑제16차 20260330-184-19,N,20260330,20260930,정기예금,KRW,,5000000000,5000000000,161,A1,A1,,,우리은행,자체 신용보강,자체 신용보강,우리은행
74425,우리사랑제16차,KRZFA69382G3,우리사랑제16차 20260330-184-2,N,20260330,20260930,정기예금,KRW,,5000000000,5000000000,161,A1,A1,,,우리은행,자체 신용보강,자체 신용보강,우리은행
74425,우리사랑제16차,KRZFA6938LG3,우리사랑제16차 20260330-184-20,N,20260330,20260930,정기예금,KRW,,5000000000,5000000000,161,A1,A1,,,우리은행,자체 신용보강,자체 신용보강,우리은행
74425,우리사랑제16차,KRZFA69383G3,우리사랑제16차 20260330-184-3,N,20260330,20260930,정기예금,KRW,,5000000000,5000000000,161,A1,A1,,,우리은행,자체 신용보강,자체 신용보강,우리은행
74425,우리사랑제16차,KRZFA69384G3,우리사랑제16차 20260330-184-4,N,20260330,20260930,정기예금,KRW,,5000000000,5000000000,161,A1,A1,,,우리은행,자체 신용보강,자체 신용보강,우리은행
74425,우리사랑제16차,KRZFA69385G3,우리사랑제16차 20260330-184-5,N,20260330,20260930,정기예금,KRW,,5000000000,5000000000,161,A1,A1,,,우리은행,자체 신용보강,자체 신용보강,우리은행
74425,우리사랑제16차,KRZFA69386G3,우리사랑제16차 20260330-184-6,N,20260330,20260930,정기예금,KRW,,5000000000,5000000000,161,A1,A1,,,우리은행,자체 신용보강,자체 신용보강,우리은행
74425,우리사랑제16차,KRZFA69387G3,우리사랑제16차 20260330-184-7,N,20260330,20260930,정기예금,KRW,,5000000000,5000000000,161,A1,A1,,,우리은행,자체 신용보강,자체 신용보강,우리은행
74425,우리사랑제16차,KRZFA69388G3,우리사랑제16차 20260330-184-8,N,20260330,20260930,정기예금,KRW,,5000000000,5000000000,161,A1,A1,,,우리은행,자체 신용보강,자체 신용보강,우리은행
74425,우리사랑제16차,KRZFA69389G3,우리사랑제16차 20260330-184-9,N,20260330,20260930,정기예금,KRW,,5000000000,5000000000,161,A1,A1,,,우리은행,자체 신용보강,자체 신용보강,우리은행
74425,우리사랑제16차,KRZFA6938MG3,우리사랑제16차 20260330-352-21,N,20260330,20270317,정기예금,KRW,,233000000,233000000,329,A1,A1,,,우리은행,자체 신용보강,자체 신용보강,우리은행
67335,우리에이치엘제일차,KRZFA94401G3,우리에이치엘제일차 20260330-92-1,N,20260330,20260630,회사채,KRW,,5000000000,5000000000,69,,A1,A1,,한화생명금융서비스 (주),차환발행위험(유동성 공여형 매입약정),금융기관,우리은행
67335,우리에이치엘제일차,KRZFA94401G3,우리에이치엘제일차 20260330-92-1,N,20260330,20260630,회사채,KRW,,5000000000,5000000000,69,,A1,A1,,한화생명금융서비스 (주),금리변동/환율변동,금융기관,우리은행
67335,우리에이치엘제일차,KRZFA94402G3,우리에이치엘제일차 20260330-92-2,N,20260330,20260630,회사채,KRW,,5000000000,5000000000,69,,A1,A1,,한화생명금융서비스 (주),차환발행위험(유동성 공여형 매입약정),금융기관,우리은행
67335,우리에이치엘제일차,KRZFA94402G3,우리에이치엘제일차 20260330-92-2,N,20260330,20260630,회사채,KRW,,5000000000,5000000000,69,,A1,A1,,한화생명금융서비스 (주),금리변동/환율변동,금융기관,우리은행
67335,우리에이치엘제일차,KRZFA94403G3,우리에이치엘제일차 20260330-92-3,N,20260330,20260630,회사채,KRW,,5000000000,5000000000,69,,A1,A1,,한화생명금융서비스 (주),차환발행위험(유동성 공여형 매입약정),금융기관,우리은행
67335,우리에이치엘제일차,KRZFA94403G3,우리에이치엘제일차 20260330-92-3,N,20260330,20260630,회사채,KRW,,5000000000,5000000000,69,,A1,A1,,한화생명금융서비스 (주),금리변동/환율변동,금융기관,우리은행
67335,우리에이치엘제일차,KRZFA94404G3,우리에이치엘제일차 20260330-92-4,N,20260330,20260630,회사채,KRW,,5000000000,5000000000,69,,A1,A1,,한화생명금융서비스 (주),차환발행위험(유동성 공여형 매입약정),금융기관,우리은행
67335,우리에이치엘제일차,KRZFA94404G3,우리에이치엘제일차 20260330-92-4,N,20260330,20260630,회사채,KRW,,5000000000,5000000000,69,,A1,A1,,한화생명금융서비스 (주),금리변동/환율변동,금융기관,우리은행
67335,우리에이치엘제일차,KRZFA94405G3,우리에이치엘제일차 20260330-92-5,N,20260330,20260630,회사채,KRW,,5000000000,5000000000,69,,A1,A1,,한화생명금융서비스 (주),차환발행위험(유동성 공여형 매입약정),금융기관,우리은행
67335,우리에이치엘제일차,KRZFA94405G3,우리에이치엘제일차 20260330-92-5,N,20260330,20260630,회사채,KRW,,5000000000,5000000000,69,,A1,A1,,한화생명금융서비스 (주),금리변동/환율변동,금융기관,우리은행
67335,우리에이치엘제일차,KRZFA94406G3,우리에이치엘제일차 20260330-92-6,N,20260330,20260630,회사채,KRW,,5000000000,5000000000,69,,A1,A1,,한화생명금융서비스 (주),차환발행위험(유동성 공여형 매입약정),금융기관,우리은행
67335,우리에이치엘제일차,KRZFA94406G3,우리에이치엘제일차 20260330-92-6,N,20260330,20260630,회사채,KRW,,5000000000,5000000000,69,,A1,A1,,한화생명금융서비스 (주),금리변동/환율변동,금융기관,우리은행
67335,우리에이치엘제일차,KRZFA94407G3,우리에이치엘제일차 20260330-92-7,N,20260330,20260630,회사채,KRW,,5000000000,5000000000,69,,A1,A1,,한화생명금융서비스 (주),차환발행위험(유동성 공여형 매입약정),금융기관,우리은행
67335,우리에이치엘제일차,KRZFA94407G3,우리에이치엘제일차 20260330-92-7,N,20260330,20260630,회사채,KRW,,5000000000,5000000000,69,,A1,A1,,한화생명금융서비스 (주),금리변동/환율변동,금융기관,우리은행
67335,우리에이치엘제일차,KRZFA94408G3,우리에이치엘제일차 20260330-92-8,N,20260330,20260630,회사채,KRW,,5000000000,5000000000,69,,A1,A1,,한화생명금융서비스 (주),차환발행위험(유동성 공여형 매입약정),금융기관,우리은행
67335,우리에이치엘제일차,KRZFA94408G3,우리에이치엘제일차 20260330-92-8,N,20260330,20260630,회사채,KRW,,5000000000,5000000000,69,,A1,A1,,한화생명금융서비스 (주),금리변동/환율변동,금융기관,우리은행
62409,우리큐에스제일차,KRZF275311G3,우리큐에스제일차 20260330-92-1,N,20260330,20260630,회사채,KRW,,5000000000,5000000000,69,A1,,A1,,한화솔루션,차환발행위험(유동성 공여형 매입약정),금융기관,우리은행
62409,우리큐에스제일차,KRZF275311G3,우리큐에스제일차 20260330-92-1,N,20260330,20260630,회사채,KRW,,5000000000,5000000000,69,A1,,A1,,한화솔루션,금리변동/환율변동,금융기관,우리은행
62409,우리큐에스제일차,KRZF275312G3,우리큐에스제일차 20260330-92-2,N,20260330,20260630,회사채,KRW,,5000000000,5000000000,69,A1,,A1,,한화솔루션,차환발행위험(유동성 공여형 매입약정),금융기관,우리은행
62409,우리큐에스제일차,KRZF275312G3,우리큐에스제일차 20260330-92-2,N,20260330,20260630,회사채,KRW,,5000000000,5000000000,69,A1,,A1,,한화솔루션,금리변동/환율변동,금융기관,우리은행
62409,우리큐에스제일차,KRZF275313G3,우리큐에스제일차 20260330-92-3,N,20260330,20260630,회사채,KRW,,5000000000,5000000000,69,A1,,A1,,한화솔루션,차환발행위험(유동성 공여형 매입약정),금융기관,우리은행
62409,우리큐에스제일차,KRZF275313G3,우리큐에스제일차 20260330-92-3,N,20260330,20260630,회사채,KRW,,5000000000,5000000000,69,A1,,A1,,한화솔루션,금리변동/환율변동,금융기관,우리은행
62409,우리큐에스제일차,KRZF275314G3,우리큐에스제일차 20260330-92-4,N,20260330,20260630,회사채,KRW,,5000000000,5000000000,69,A1,,A1,,한화솔루션,차환발행위험(유동성 공여형 매입약정),금융기관,우리은행
62409,우리큐에스제일차,KRZF275314G3,우리큐에스제일차 20260330-92-4,N,20260330,20260630,회사채,KRW,,5000000000,5000000000,69,A1,,A1,,한화솔루션,금리변동/환율변동,금융기관,우리은행
62409,우리큐에스제일차,KRZF275315G3,우리큐에스제일차 20260330-92-5,N,20260330,20260630,회사채,KRW,,5000000000,5000000000,69,A1,,A1,,한화솔루션,차환발행위험(유동성 공여형 매입약정),금융기관,우리은행
62409,우리큐에스제일차,KRZF275315G3,우리큐에스제일차 20260330-92-5,N,20260330,20260630,회사채,KRW,,5000000000,5000000000,69,A1,,A1,,한화솔루션,금리변동/환율변동,금융기관,우리은행
62409,우리큐에스제일차,KRZF275316G3,우리큐에스제일차 20260330-92-6,N,20260330,20260630,회사채,KRW,,5000000000,5000000000,69,A1,,A1,,한화솔루션,차환발행위험(유동성 공여형 매입약정),금융기관,우리은행
62409,우리큐에스제일차,KRZF275316G3,우리큐에스제일차 20260330-92-6,N,20260330,20260630,회사채,KRW,,5000000000,5000000000,69,A1,,A1,,한화솔루션,금리변동/환율변동,금융기관,우리은행
62409,우리큐에스제일차,KRZF275317G3,우리큐에스제일차 20260330-92-7,N,20260330,20260630,회사채,KRW,,5000000000,5000000000,69,A1,,A1,,한화솔루션,차환발행위험(유동성 공여형 매입약정),금융기관,우리은행
62409,우리큐에스제일차,KRZF275317G3,우리큐에스제일차 20260330-92-7,N,20260330,20260630,회사채,KRW,,5000000000,5000000000,69,A1,,A1,,한화솔루션,금리변동/환율변동,금융기관,우리은행
62409,우리큐에스제일차,KRZF275318G3,우리큐에스제일차 20260330-92-8,N,20260330,20260630,회사채,KRW,,5000000000,5000000000,69,A1,,A1,,한화솔루션,차환발행위험(유동성 공여형 매입약정),금융기관,우리은행
62409,우리큐에스제일차,KRZF275318G3,우리큐에스제일차 20260330-92-8,N,20260330,20260630,회사채,KRW,,5000000000,5000000000,69,A1,,A1,,한화솔루션,금리변동/환율변동,금융기관,우리은행
65210,우리플라즈마제일차,KRZFA80241G3,우리플라즈마제일차 20260330-91-1,N,20260330,20260629,회사채,KRW,,5000000000,5000000000,68,,A1,A1,,쌍용씨앤이(주),차환발행위험(유동성 공여형 매입약정),금융기관,우리은행
65210,우리플라즈마제일차,KRZFA80242G3,우리플라즈마제일차 20260330-91-2,N,20260330,20260629,회사채,KRW,,5000000000,5000000000,68,,A1,A1,,쌍용씨앤이(주),차환발행위험(유동성 공여형 매입약정),금융기관,우리은행
65210,우리플라즈마제일차,KRZFA80243G3,우리플라즈마제일차 20260330-91-3,N,20260330,20260629,회사채,KRW,,5000000000,5000000000,68,,A1,A1,,쌍용씨앤이(주),차환발행위험(유동성 공여형 매입약정),금융기관,우리은행
65210,우리플라즈마제일차,KRZFA80244G3,우리플라즈마제일차 20260330-91-4,N,20260330,20260629,회사채,KRW,,5000000000,5000000000,68,,A1,A1,,쌍용씨앤이(주),차환발행위험(유동성 공여형 매입약정),금융기관,우리은행
65210,우리플라즈마제일차,KRZFA80245G3,우리플라즈마제일차 20260330-91-5,N,20260330,20260629,회사채,KRW,,5000000000,5000000000,68,,A1,A1,,쌍용씨앤이(주),차환발행위험(유동성 공여형 매입약정),금융기관,우리은행
65210,우리플라즈마제일차,KRZFA80246G3,우리플라즈마제일차 20260330-91-6,N,20260330,20260629,회사채,KRW,,5000000000,5000000000,68,,A1,A1,,쌍용씨앤이(주),차환발행위험(유동성 공여형 매입약정),금융기관,우리은행
65210,우리플라즈마제일차,KRZFA80247G3,우리플라즈마제일차 20260330-91-7,N,20260330,20260629,회사채,KRW,,5000000000,5000000000,68,,A1,A1,,쌍용씨앤이(주),차환발행위험(유동성 공여형 매입약정),금융기관,우리은행
65210,우리플라즈마제일차,KRZFA80248G3,우리플라즈마제일차 20260330-91-8,N,20260330,20260629,회사채,KRW,,5000000000,5000000000,68,,A1,A1,,쌍용씨앤이(주),차환발행위험(유동성 공여형 매입약정),금융기관,우리은행
59642,이엔엠케이디비제일차,KRZFA46101G3,이엔엠케이디비제일차 20260330-91-1,N,20260330,20260629,회사채,KRW,,5000000000,5000000000,68,A1,A1,,,씨제이이엔엠,차환발행위험(유동성 공여형 매입약정),금융기관,한국산업은행
59642,이엔엠케이디비제일차,KRZFA4610AG3,이엔엠케이디비제일차 20260330-91-10,N,20260330,20260629,회사채,KRW,,5000000000,5000000000,68,A1,A1,,,씨제이이엔엠,차환발행위험(유동성 공여형 매입약정),금융기관,한국산업은행
59642,이엔엠케이디비제일차,KRZFA46102G3,이엔엠케이디비제일차 20260330-91-2,N,20260330,20260629,회사채,KRW,,5000000000,5000000000,68,A1,A1,,,씨제이이엔엠,차환발행위험(유동성 공여형 매입약정),금융기관,한국산업은행
59642,이엔엠케이디비제일차,KRZFA46103G3,이엔엠케이디비제일차 20260330-91-3,N,20260330,20260629,회사채,KRW,,5000000000,5000000000,68,A1,A1,,,씨제이이엔엠,차환발행위험(유동성 공여형 매입약정),금융기관,한국산업은행
59642,이엔엠케이디비제일차,KRZFA46104G3,이엔엠케이디비제일차 20260330-91-4,N,20260330,20260629,회사채,KRW,,5000000000,5000000000,68,A1,A1,,,씨제이이엔엠,차환발행위험(유동성 공여형 매입약정),금융기관,한국산업은행
59642,이엔엠케이디비제일차,KRZFA46105G3,이엔엠케이디비제일차 20260330-91-5,N,20260330,20260629,회사채,KRW,,5000000000,5000000000,68,A1,A1,,,씨제이이엔엠,차환발행위험(유동성 공여형 매입약정),금융기관,한국산업은행
59642,이엔엠케이디비제일차,KRZFA46106G3,이엔엠케이디비제일차 20260330-91-6,N,20260330,20260629,회사채,KRW,,5000000000,5000000000,68,A1,A1,,,씨제이이엔엠,차환발행위험(유동성 공여형 매입약정),금융기관,한국산업은행
59642,이엔엠케이디비제일차,KRZFA46107G3,이엔엠케이디비제일차 20260330-91-7,N,20260330,20260629,회사채,KRW,,5000000000,5000000000,68,A1,A1,,,씨제이이엔엠,차환발행위험(유동성 공여형 매입약정),금융기관,한국산업은행
59642,이엔엠케이디비제일차,KRZFA46108G3,이엔엠케이디비제일차 20260330-91-8,N,20260330,20260629,회사채,KRW,,5000000000,5000000000,68,A1,A1,,,씨제이이엔엠,차환발행위험(유동성 공여형 매입약정),금융기관,한국산업은행
59642,이엔엠케이디비제일차,KRZFA46109G3,이엔엠케이디비제일차 20260330-91-9,N,20260330,20260629,회사채,KRW,,5000000000,5000000000,68,A1,A1,,,씨제이이엔엠,차환발행위험(유동성 공여형 매입약정),금융기관,한국산업은행
70711,지아이비서리풀제일차,KRZF0080WAG3,지아이비서리풀제일차 20260330-92-10,Y,20260330,20260630,PF대출채권,KRW,,1000000000,1000000000,69,A1,,A1,,에스비씨피에프브이(주),차환발행위험(유동성 공여형 매입약정),금융기관,신한은행
70711,지아이비서리풀제일차,KRZF0080WBG3,지아이비서리풀제일차 20260330-92-11,Y,20260330,20260630,PF대출채권,KRW,,1000000000,1000000000,69,A1,,A1,,에스비씨피에프브이(주),차환발행위험(유동성 공여형 매입약정),금융기관,신한은행
70711,지아이비서리풀제일차,KRZF0080WCG3,지아이비서리풀제일차 20260330-92-12,Y,20260330,20260630,PF대출채권,KRW,,1000000000,1000000000,69,A1,,A1,,에스비씨피에프브이(주),차환발행위험(유동성 공여형 매입약정),금융기관,신한은행
70711,지아이비서리풀제일차,KRZF0080WDG3,지아이비서리풀제일차 20260330-92-13,Y,20260330,20260630,PF대출채권,KRW,,500000000,500000000,69,A1,,A1,,에스비씨피에프브이(주),차환발행위험(유동성 공여형 매입약정),금융기관,신한은행
70711,지아이비서리풀제일차,KRZF0080WEG3,지아이비서리풀제일차 20260330-92-14,Y,20260330,20260630,PF대출채권,KRW,,500000000,500000000,69,A1,,A1,,에스비씨피에프브이(주),차환발행위험(유동성 공여형 매입약정),금융기관,신한은행
70711,지아이비서리풀제일차,KRZF0080W2G3,지아이비서리풀제일차 20260330-92-2,Y,20260330,20260630,PF대출채권,KRW,,5000000000,5000000000,69,A1,,A1,,에스비씨피에프브이(주),차환발행위험(유동성 공여형 매입약정),금융기관,신한은행
70711,지아이비서리풀제일차,KRZF0080W3G3,지아이비서리풀제일차 20260330-92-3,Y,20260330,20260630,PF대출채권,KRW,,5000000000,5000000000,69,A1,,A1,,에스비씨피에프브이(주),차환발행위험(유동성 공여형 매입약정),금융기관,신한은행
70711,지아이비서리풀제일차,KRZF0080W4G3,지아이비서리풀제일차 20260330-92-4,Y,20260330,20260630,PF대출채권,KRW,,2700000000,2700000000,69,A1,,A1,,에스비씨피에프브이(주),차환발행위험(유동성 공여형 매입약정),금융기관,신한은행
70711,지아이비서리풀제일차,KRZF0080W5G3,지아이비서리풀제일차 20260330-92-5,Y,20260330,20260630,PF대출채권,KRW,,20000000000,20000000000,69,A1,,A1,,에스비씨피에프브이(주),차환발행위험(유동성 공여형 매입약정),금융기관,신한은행
70711,지아이비서리풀제일차,KRZF0080W6G3,지아이비서리풀제일차 20260330-92-6,Y,20260330,20260630,PF대출채권,KRW,,6000000000,6000000000,69,A1,,A1,,에스비씨피에프브이(주),차환발행위험(유동성 공여형 매입약정),금융기관,신한은행
70711,지아이비서리풀제일차,KRZF0080W7G3,지아이비서리풀제일차 20260330-92-7,Y,20260330,20260630,PF대출채권,KRW,,5000000000,5000000000,69,A1,,A1,,에스비씨피에프브이(주),차환발행위험(유동성 공여형 매입약정),금융기관,신한은행
70711,지아이비서리풀제일차,KRZF0080W8G3,지아이비서리풀제일차 20260330-92-8,Y,20260330,20260630,PF대출채권,KRW,,5000000000,5000000000,69,A1,,A1,,에스비씨피에프브이(주),차환발행위험(유동성 공여형 매입약정),금융기관,신한은행
70711,지아이비서리풀제일차,KRZF0080W9G3,지아이비서리풀제일차 20260330-92-9,Y,20260330,20260630,PF대출채권,KRW,,5000000000,5000000000,69,A1,,A1,,에스비씨피에프브이(주),차환발행위험(유동성 공여형 매입약정),금융기관,신한은행
55957,지아이비해운대,KRZFA15841G3,지아이비해운대 20260330-30-1,Y,20260330,20260429,PF대출채권,KRW,,5000000000,5000000000,7,A1,A1,,,(주)태광개발,외부 신용보강,금융기관,신한은행
55957,지아이비해운대,KRZFA15842G3,지아이비해운대 20260330-30-2,Y,20260330,20260429,PF대출채권,KRW,,5000000000,5000000000,7,A1,A1,,,(주)태광개발,외부 신용보강,금융기관,신한은행
55957,지아이비해운대,KRZFA15843G3,지아이비해운대 20260330-30-3,Y,20260330,20260429,PF대출채권,KRW,,5000000000,5000000000,7,A1,A1,,,(주)태광개발,외부 신용보강,금융기관,신한은행
55957,지아이비해운대,KRZFA15844G3,지아이비해운대 20260330-30-4,Y,20260330,20260429,PF대출채권,KRW,,5000000000,5000000000,7,A1,A1,,,(주)태광개발,외부 신용보강,금융기관,신한은행
55957,지아이비해운대,KRZFA15845G3,지아이비해운대 20260330-30-5,Y,20260330,20260429,PF대출채권,KRW,,5000000000,5000000000,7,A1,A1,,,(주)태광개발,외부 신용보강,금융기관,신한은행
55957,지아이비해운대,KRZFA15846G3,지아이비해운대 20260330-30-6,Y,20260330,20260429,PF대출채권,KRW,,2798360656,2798360656,7,A1,A1,,,(주)태광개발,외부 신용보강,금융기관,신한은행
66182,케이디비첨단전략이에스지제팔차,KRZFA87711G3,케이디비첨단전략이에스지제팔차 20260330-91-1,N,20260330,20260629,회사채,KRW,,5000000000,5000000000,68,A1,,A1,,(주)씨티알,외부 신용보강,금융기관,한국산업은행
66182,케이디비첨단전략이에스지제팔차,KRZFA87711G3,케이디비첨단전략이에스지제팔차 20260330-91-1,N,20260330,20260629,회사채,KRW,,5000000000,5000000000,68,A1,,A1,,서진산업,외부 신용보강,금융기관,한국산업은행
66182,케이디비첨단전략이에스지제팔차,KRZFA87711G3,케이디비첨단전략이에스지제팔차 20260330-91-1,N,20260330,20260629,회사채,KRW,,5000000000,5000000000,68,A1,,A1,,바이오스마트,외부 신용보강,금융기관,한국산업은행
66182,케이디비첨단전략이에스지제팔차,KRZFA87711G3,케이디비첨단전략이에스지제팔차 20260330-91-1,N,20260330,20260629,회사채,KRW,,5000000000,5000000000,68,A1,,A1,,(주)에티버스,외부 신용보강,금융기관,한국산업은행
66182,케이디비첨단전략이에스지제팔차,KRZFA87711G3,케이디비첨단전략이에스지제팔차 20260330-91-1,N,20260330,20260629,회사채,KRW,,5000000000,5000000000,68,A1,,A1,,에이제이네트웍스,외부 신용보강,금융기관,한국산업은행
66182,케이디비첨단전략이에스지제팔차,KRZFA87711G3,케이디비첨단전략이에스지제팔차 20260330-91-1,N,20260330,20260629,회사채,KRW,,5000000000,5000000000,68,A1,,A1,,새한산업,외부 신용보강,금융기관,한국산업은행
66182,케이디비첨단전략이에스지제팔차,KRZFA87711G3,케이디비첨단전략이에스지제팔차 20260330-91-1,N,20260330,20260629,회사채,KRW,,5000000000,5000000000,68,A1,,A1,,디섹,외부 신용보강,금융기관,한국산업은행
66182,케이디비첨단전략이에스지제팔차,KRZFA87711G3,케이디비첨단전략이에스지제팔차 20260330-91-1,N,20260330,20260629,회사채,KRW,,5000000000,5000000000,68,A1,,A1,,모트렉스,외부 신용보강,금융기관,한국산업은행
66182,케이디비첨단전략이에스지제팔차,KRZFA87711G3,케이디비첨단전략이에스지제팔차 20260330-91-1,N,20260330,20260629,회사채,KRW,,5000000000,5000000000,68,A1,,A1,,동인기연,외부 신용보강,금융기관,한국산업은행
66182,케이디비첨단전략이에스지제팔차,KRZFA87711G3,케이디비첨단전략이에스지제팔차 20260330-91-1,N,20260330,20260629,회사채,KRW,,5000000000,5000000000,68,A1,,A1,,(주)에티버스이비티,외부 신용보강,금융기관,한국산업은행
66182,케이디비첨단전략이에스지제팔차,KRZFA8771AG3,케이디비첨단전략이에스지제팔차 20260330-91-10,N,20260330,20260629,회사채,KRW,,5000000000,5000000000,68,A1,,A1,,(주)씨티알,외부 신용보강,금융기관,한국산업은행
66182,케이디비첨단전략이에스지제팔차,KRZFA8771AG3,케이디비첨단전략이에스지제팔차 20260330-91-10,N,20260330,20260629,회사채,KRW,,5000000000,5000000000,68,A1,,A1,,서진산업,외부 신용보강,금융기관,한국산업은행
66182,케이디비첨단전략이에스지제팔차,KRZFA8771AG3,케이디비첨단전략이에스지제팔차 20260330-91-10,N,20260330,20260629,회사채,KRW,,5000000000,5000000000,68,A1,,A1,,바이오스마트,외부 신용보강,금융기관,한국산업은행
66182,케이디비첨단전략이에스지제팔차,KRZFA8771AG3,케이디비첨단전략이에스지제팔차 20260330-91-10,N,20260330,20260629,회사채,KRW,,5000000000,5000000000,68,A1,,A1,,(주)에티버스,외부 신용보강,금융기관,한국산업은행
66182,케이디비첨단전략이에스지제팔차,KRZFA8771AG3,케이디비첨단전략이에스지제팔차 20260330-91-10,N,20260330,20260629,회사채,KRW,,5000000000,5000000000,68,A1,,A1,,에이제이네트웍스,외부 신용보강,금융기관,한국산업은행
66182,케이디비첨단전략이에스지제팔차,KRZFA8771AG3,케이디비첨단전략이에스지제팔차 20260330-91-10,N,20260330,20260629,회사채,KRW,,5000000000,5000000000,68,A1,,A1,,새한산업,외부 신용보강,금융기관,한국산업은행
66182,케이디비첨단전략이에스지제팔차,KRZFA8771AG3,케이디비첨단전략이에스지제팔차 20260330-91-10,N,20260330,20260629,회사채,KRW,,5000000000,5000000000,68,A1,,A1,,디섹,외부 신용보강,금융기관,한국산업은행
66182,케이디비첨단전략이에스지제팔차,KRZFA8771AG3,케이디비첨단전략이에스지제팔차 20260330-91-10,N,20260330,20260629,회사채,KRW,,5000000000,5000000000,68,A1,,A1,,모트렉스,외부 신용보강,금융기관,한국산업은행
66182,케이디비첨단전략이에스지제팔차,KRZFA8771AG3,케이디비첨단전략이에스지제팔차 20260330-91-10,N,20260330,20260629,회사채,KRW,,5000000000,5000000000,68,A1,,A1,,동인기연,외부 신용보강,금융기관,한국산업은행
66182,케이디비첨단전략이에스지제팔차,KRZFA8771AG3,케이디비첨단전략이에스지제팔차 20260330-91-10,N,20260330,20260629,회사채,KRW,,5000000000,5000000000,68,A1,,A1,,(주)에티버스이비티,외부 신용보강,금융기관,한국산업은행
66182,케이디비첨단전략이에스지제팔차,KRZFA8771BG3,케이디비첨단전략이에스지제팔차 20260330-91-11,N,20260330,20260629,회사채,KRW,,5000000000,5000000000,68,A1,,A1,,(주)씨티알,외부 신용보강,금융기관,한국산업은행
66182,케이디비첨단전략이에스지제팔차,KRZFA8771BG3,케이디비첨단전략이에스지제팔차 20260330-91-11,N,20260330,20260629,회사채,KRW,,5000000000,5000000000,68,A1,,A1,,서진산업,외부 신용보강,금융기관,한국산업은행
66182,케이디비첨단전략이에스지제팔차,KRZFA8771BG3,케이디비첨단전략이에스지제팔차 20260330-91-11,N,20260330,20260629,회사채,KRW,,5000000000,5000000000,68,A1,,A1,,바이오스마트,외부 신용보강,금융기관,한국산업은행
66182,케이디비첨단전략이에스지제팔차,KRZFA8771BG3,케이디비첨단전략이에스지제팔차 20260330-91-11,N,20260330,20260629,회사채,KRW,,5000000000,5000000000,68,A1,,A1,,(주)에티버스,외부 신용보강,금융기관,한국산업은행
66182,케이디비첨단전략이에스지제팔차,KRZFA8771BG3,케이디비첨단전략이에스지제팔차 20260330-91-11,N,20260330,20260629,회사채,KRW,,5000000000,5000000000,68,A1,,A1,,에이제이네트웍스,외부 신용보강,금융기관,한국산업은행
66182,케이디비첨단전략이에스지제팔차,KRZFA8771BG3,케이디비첨단전략이에스지제팔차 20260330-91-11,N,20260330,20260629,회사채,KRW,,5000000000,5000000000,68,A1,,A1,,새한산업,외부 신용보강,금융기관,한국산업은행
66182,케이디비첨단전략이에스지제팔차,KRZFA8771BG3,케이디비첨단전략이에스지제팔차 20260330-91-11,N,20260330,20260629,회사채,KRW,,5000000000,5000000000,68,A1,,A1,,디섹,외부 신용보강,금융기관,한국산업은행
66182,케이디비첨단전략이에스지제팔차,KRZFA8771BG3,케이디비첨단전략이에스지제팔차 20260330-91-11,N,20260330,20260629,회사채,KRW,,5000000000,5000000000,68,A1,,A1,,모트렉스,외부 신용보강,금융기관,한국산업은행
66182,케이디비첨단전략이에스지제팔차,KRZFA8771BG3,케이디비첨단전략이에스지제팔차 20260330-91-11,N,20260330,20260629,회사채,KRW,,5000000000,5000000000,68,A1,,A1,,동인기연,외부 신용보강,금융기관,한국산업은행
66182,케이디비첨단전략이에스지제팔차,KRZFA8771BG3,케이디비첨단전략이에스지제팔차 20260330-91-11,N,20260330,20260629,회사채,KRW,,5000000000,5000000000,68,A1,,A1,,(주)에티버스이비티,외부 신용보강,금융기관,한국산업은행
66182,케이디비첨단전략이에스지제팔차,KRZFA8771CG3,케이디비첨단전략이에스지제팔차 20260330-91-12,N,20260330,20260629,회사채,KRW,,5000000000,5000000000,68,A1,,A1,,(주)씨티알,외부 신용보강,금융기관,한국산업은행
66182,케이디비첨단전략이에스지제팔차,KRZFA8771CG3,케이디비첨단전략이에스지제팔차 20260330-91-12,N,20260330,20260629,회사채,KRW,,5000000000,5000000000,68,A1,,A1,,서진산업,외부 신용보강,금융기관,한국산업은행
66182,케이디비첨단전략이에스지제팔차,KRZFA8771CG3,케이디비첨단전략이에스지제팔차 20260330-91-12,N,20260330,20260629,회사채,KRW,,5000000000,5000000000,68,A1,,A1,,바이오스마트,외부 신용보강,금융기관,한국산업은행
66182,케이디비첨단전략이에스지제팔차,KRZFA8771CG3,케이디비첨단전략이에스지제팔차 20260330-91-12,N,20260330,20260629,회사채,KRW,,5000000000,5000000000,68,A1,,A1,,(주)에티버스,외부 신용보강,금융기관,한국산업은행
66182,케이디비첨단전략이에스지제팔차,KRZFA8771CG3,케이디비첨단전략이에스지제팔차 20260330-91-12,N,20260330,20260629,회사채,KRW,,5000000000,5000000000,68,A1,,A1,,에이제이네트웍스,외부 신용보강,금융기관,한국산업은행
66182,케이디비첨단전략이에스지제팔차,KRZFA8771CG3,케이디비첨단전략이에스지제팔차 20260330-91-12,N,20260330,20260629,회사채,KRW,,5000000000,5000000000,68,A1,,A1,,새한산업,외부 신용보강,금융기관,한국산업은행
66182,케이디비첨단전략이에스지제팔차,KRZFA8771CG3,케이디비첨단전략이에스지제팔차 20260330-91-12,N,20260330,20260629,회사채,KRW,,5000000000,5000000000,68,A1,,A1,,디섹,외부 신용보강,금융기관,한국산업은행
66182,케이디비첨단전략이에스지제팔차,KRZFA8771CG3,케이디비첨단전략이에스지제팔차 20260330-91-12,N,20260330,20260629,회사채,KRW,,5000000000,5000000000,68,A1,,A1,,모트렉스,외부 신용보강,금융기관,한국산업은행
66182,케이디비첨단전략이에스지제팔차,KRZFA8771CG3,케이디비첨단전략이에스지제팔차 20260330-91-12,N,20260330,20260629,회사채,KRW,,5000000000,5000000000,68,A1,,A1,,동인기연,외부 신용보강,금융기관,한국산업은행
66182,케이디비첨단전략이에스지제팔차,KRZFA8771CG3,케이디비첨단전략이에스지제팔차 20260330-91-12,N,20260330,20260629,회사채,KRW,,5000000000,5000000000,68,A1,,A1,,(주)에티버스이비티,외부 신용보강,금융기관,한국산업은행
66182,케이디비첨단전략이에스지제팔차,KRZFA8771DG3,케이디비첨단전략이에스지제팔차 20260330-91-13,N,20260330,20260629,회사채,KRW,,5000000000,5000000000,68,A1,,A1,,(주)씨티알,외부 신용보강,금융기관,한국산업은행
66182,케이디비첨단전략이에스지제팔차,KRZFA8771DG3,케이디비첨단전략이에스지제팔차 20260330-91-13,N,20260330,20260629,회사채,KRW,,5000000000,5000000000,68,A1,,A1,,서진산업,외부 신용보강,금융기관,한국산업은행
66182,케이디비첨단전략이에스지제팔차,KRZFA8771DG3,케이디비첨단전략이에스지제팔차 20260330-91-13,N,20260330,20260629,회사채,KRW,,5000000000,5000000000,68,A1,,A1,,바이오스마트,외부 신용보강,금융기관,한국산업은행
66182,케이디비첨단전략이에스지제팔차,KRZFA8771DG3,케이디비첨단전략이에스지제팔차 20260330-91-13,N,20260330,20260629,회사채,KRW,,5000000000,5000000000,68,A1,,A1,,(주)에티버스,외부 신용보강,금융기관,한국산업은행
66182,케이디비첨단전략이에스지제팔차,KRZFA8771DG3,케이디비첨단전략이에스지제팔차 20260330-91-13,N,20260330,20260629,회사채,KRW,,5000000000,5000000000,68,A1,,A1,,에이제이네트웍스,외부 신용보강,금융기관,한국산업은행
66182,케이디비첨단전략이에스지제팔차,KRZFA8771DG3,케이디비첨단전략이에스지제팔차 20260330-91-13,N,20260330,20260629,회사채,KRW,,5000000000,5000000000,68,A1,,A1,,새한산업,외부 신용보강,금융기관,한국산업은행
66182,케이디비첨단전략이에스지제팔차,KRZFA8771DG3,케이디비첨단전략이에스지제팔차 20260330-91-13,N,20260330,20260629,회사채,KRW,,5000000000,5000000000,68,A1,,A1,,디섹,외부 신용보강,금융기관,한국산업은행
66182,케이디비첨단전략이에스지제팔차,KRZFA8771DG3,케이디비첨단전략이에스지제팔차 20260330-91-13,N,20260330,20260629,회사채,KRW,,5000000000,5000000000,68,A1,,A1,,모트렉스,외부 신용보강,금융기관,한국산업은행
66182,케이디비첨단전략이에스지제팔차,KRZFA8771DG3,케이디비첨단전략이에스지제팔차 20260330-91-13,N,20260330,20260629,회사채,KRW,,5000000000,5000000000,68,A1,,A1,,동인기연,외부 신용보강,금융기관,한국산업은행
66182,케이디비첨단전략이에스지제팔차,KRZFA8771DG3,케이디비첨단전략이에스지제팔차 20260330-91-13,N,20260330,20260629,회사채,KRW,,5000000000,5000000000,68,A1,,A1,,(주)에티버스이비티,외부 신용보강,금융기관,한국산업은행
66182,케이디비첨단전략이에스지제팔차,KRZFA8771EG3,케이디비첨단전략이에스지제팔차 20260330-91-14,N,20260330,20260629,회사채,KRW,,5000000000,5000000000,68,A1,,A1,,(주)씨티알,외부 신용보강,금융기관,한국산업은행
66182,케이디비첨단전략이에스지제팔차,KRZFA8771EG3,케이디비첨단전략이에스지제팔차 20260330-91-14,N,20260330,20260629,회사채,KRW,,5000000000,5000000000,68,A1,,A1,,서진산업,외부 신용보강,금융기관,한국산업은행
66182,케이디비첨단전략이에스지제팔차,KRZFA8771EG3,케이디비첨단전략이에스지제팔차 20260330-91-14,N,20260330,20260629,회사채,KRW,,5000000000,5000000000,68,A1,,A1,,바이오스마트,외부 신용보강,금융기관,한국산업은행
66182,케이디비첨단전략이에스지제팔차,KRZFA8771EG3,케이디비첨단전략이에스지제팔차 20260330-91-14,N,20260330,20260629,회사채,KRW,,5000000000,5000000000,68,A1,,A1,,(주)에티버스,외부 신용보강,금융기관,한국산업은행
66182,케이디비첨단전략이에스지제팔차,KRZFA8771EG3,케이디비첨단전략이에스지제팔차 20260330-91-14,N,20260330,20260629,회사채,KRW,,5000000000,5000000000,68,A1,,A1,,에이제이네트웍스,외부 신용보강,금융기관,한국산업은행
66182,케이디비첨단전략이에스지제팔차,KRZFA8771EG3,케이디비첨단전략이에스지제팔차 20260330-91-14,N,20260330,20260629,회사채,KRW,,5000000000,5000000000,68,A1,,A1,,새한산업,외부 신용보강,금융기관,한국산업은행
66182,케이디비첨단전략이에스지제팔차,KRZFA8771EG3,케이디비첨단전략이에스지제팔차 20260330-91-14,N,20260330,20260629,회사채,KRW,,5000000000,5000000000,68,A1,,A1,,디섹,외부 신용보강,금융기관,한국산업은행
66182,케이디비첨단전략이에스지제팔차,KRZFA8771EG3,케이디비첨단전략이에스지제팔차 20260330-91-14,N,20260330,20260629,회사채,KRW,,5000000000,5000000000,68,A1,,A1,,모트렉스,외부 신용보강,금융기관,한국산업은행
66182,케이디비첨단전략이에스지제팔차,KRZFA8771EG3,케이디비첨단전략이에스지제팔차 20260330-91-14,N,20260330,20260629,회사채,KRW,,5000000000,5000000000,68,A1,,A1,,동인기연,외부 신용보강,금융기관,한국산업은행
66182,케이디비첨단전략이에스지제팔차,KRZFA8771EG3,케이디비첨단전략이에스지제팔차 20260330-91-14,N,20260330,20260629,회사채,KRW,,5000000000,5000000000,68,A1,,A1,,(주)에티버스이비티,외부 신용보강,금융기관,한국산업은행
66182,케이디비첨단전략이에스지제팔차,KRZFA8771FG3,케이디비첨단전략이에스지제팔차 20260330-91-15,N,20260330,20260629,회사채,KRW,,5000000000,5000000000,68,A1,,A1,,(주)씨티알,외부 신용보강,금융기관,한국산업은행
66182,케이디비첨단전략이에스지제팔차,KRZFA8771FG3,케이디비첨단전략이에스지제팔차 20260330-91-15,N,20260330,20260629,회사채,KRW,,5000000000,5000000000,68,A1,,A1,,서진산업,외부 신용보강,금융기관,한국산업은행
66182,케이디비첨단전략이에스지제팔차,KRZFA8771FG3,케이디비첨단전략이에스지제팔차 20260330-91-15,N,20260330,20260629,회사채,KRW,,5000000000,5000000000,68,A1,,A1,,바이오스마트,외부 신용보강,금융기관,한국산업은행
66182,케이디비첨단전략이에스지제팔차,KRZFA8771FG3,케이디비첨단전략이에스지제팔차 20260330-91-15,N,20260330,20260629,회사채,KRW,,5000000000,5000000000,68,A1,,A1,,(주)에티버스,외부 신용보강,금융기관,한국산업은행
66182,케이디비첨단전략이에스지제팔차,KRZFA8771FG3,케이디비첨단전략이에스지제팔차 20260330-91-15,N,20260330,20260629,회사채,KRW,,5000000000,5000000000,68,A1,,A1,,에이제이네트웍스,외부 신용보강,금융기관,한국산업은행
66182,케이디비첨단전략이에스지제팔차,KRZFA8771FG3,케이디비첨단전략이에스지제팔차 20260330-91-15,N,20260330,20260629,회사채,KRW,,5000000000,5000000000,68,A1,,A1,,새한산업,외부 신용보강,금융기관,한국산업은행
66182,케이디비첨단전략이에스지제팔차,KRZFA8771FG3,케이디비첨단전략이에스지제팔차 20260330-91-15,N,20260330,20260629,회사채,KRW,,5000000000,5000000000,68,A1,,A1,,디섹,외부 신용보강,금융기관,한국산업은행
66182,케이디비첨단전략이에스지제팔차,KRZFA8771FG3,케이디비첨단전략이에스지제팔차 20260330-91-15,N,20260330,20260629,회사채,KRW,,5000000000,5000000000,68,A1,,A1,,모트렉스,외부 신용보강,금융기관,한국산업은행
66182,케이디비첨단전략이에스지제팔차,KRZFA8771FG3,케이디비첨단전략이에스지제팔차 20260330-91-15,N,20260330,20260629,회사채,KRW,,5000000000,5000000000,68,A1,,A1,,동인기연,외부 신용보강,금융기관,한국산업은행
66182,케이디비첨단전략이에스지제팔차,KRZFA8771FG3,케이디비첨단전략이에스지제팔차 20260330-91-15,N,20260330,20260629,회사채,KRW,,5000000000,5000000000,68,A1,,A1,,(주)에티버스이비티,외부 신용보강,금융기관,한국산업은행
66182,케이디비첨단전략이에스지제팔차,KRZFA8771GG3,케이디비첨단전략이에스지제팔차 20260330-91-16,N,20260330,20260629,회사채,KRW,,5000000000,5000000000,68,A1,,A1,,(주)씨티알,외부 신용보강,금융기관,한국산업은행
66182,케이디비첨단전략이에스지제팔차,KRZFA8771GG3,케이디비첨단전략이에스지제팔차 20260330-91-16,N,20260330,20260629,회사채,KRW,,5000000000,5000000000,68,A1,,A1,,서진산업,외부 신용보강,금융기관,한국산업은행
66182,케이디비첨단전략이에스지제팔차,KRZFA8771GG3,케이디비첨단전략이에스지제팔차 20260330-91-16,N,20260330,20260629,회사채,KRW,,5000000000,5000000000,68,A1,,A1,,바이오스마트,외부 신용보강,금융기관,한국산업은행
66182,케이디비첨단전략이에스지제팔차,KRZFA8771GG3,케이디비첨단전략이에스지제팔차 20260330-91-16,N,20260330,20260629,회사채,KRW,,5000000000,5000000000,68,A1,,A1,,(주)에티버스,외부 신용보강,금융기관,한국산업은행
66182,케이디비첨단전략이에스지제팔차,KRZFA8771GG3,케이디비첨단전략이에스지제팔차 20260330-91-16,N,20260330,20260629,회사채,KRW,,5000000000,5000000000,68,A1,,A1,,에이제이네트웍스,외부 신용보강,금융기관,한국산업은행
66182,케이디비첨단전략이에스지제팔차,KRZFA8771GG3,케이디비첨단전략이에스지제팔차 20260330-91-16,N,20260330,20260629,회사채,KRW,,5000000000,5000000000,68,A1,,A1,,새한산업,외부 신용보강,금융기관,한국산업은행
66182,케이디비첨단전략이에스지제팔차,KRZFA8771GG3,케이디비첨단전략이에스지제팔차 20260330-91-16,N,20260330,20260629,회사채,KRW,,5000000000,5000000000,68,A1,,A1,,디섹,외부 신용보강,금융기관,한국산업은행
66182,케이디비첨단전략이에스지제팔차,KRZFA8771GG3,케이디비첨단전략이에스지제팔차 20260330-91-16,N,20260330,20260629,회사채,KRW,,5000000000,5000000000,68,A1,,A1,,모트렉스,외부 신용보강,금융기관,한국산업은행
66182,케이디비첨단전략이에스지제팔차,KRZFA8771GG3,케이디비첨단전략이에스지제팔차 20260330-91-16,N,20260330,20260629,회사채,KRW,,5000000000,5000000000,68,A1,,A1,,동인기연,외부 신용보강,금융기관,한국산업은행
66182,케이디비첨단전략이에스지제팔차,KRZFA8771GG3,케이디비첨단전략이에스지제팔차 20260330-91-16,N,20260330,20260629,회사채,KRW,,5000000000,5000000000,68,A1,,A1,,(주)에티버스이비티,외부 신용보강,금융기관,한국산업은행
66182,케이디비첨단전략이에스지제팔차,KRZFA8771HG3,케이디비첨단전략이에스지제팔차 20260330-91-17,N,20260330,20260629,회사채,KRW,,5000000000,5000000000,68,A1,,A1,,(주)씨티알,외부 신용보강,금융기관,한국산업은행
66182,케이디비첨단전략이에스지제팔차,KRZFA8771HG3,케이디비첨단전략이에스지제팔차 20260330-91-17,N,20260330,20260629,회사채,KRW,,5000000000,5000000000,68,A1,,A1,,서진산업,외부 신용보강,금융기관,한국산업은행
66182,케이디비첨단전략이에스지제팔차,KRZFA8771HG3,케이디비첨단전략이에스지제팔차 20260330-91-17,N,20260330,20260629,회사채,KRW,,5000000000,5000000000,68,A1,,A1,,바이오스마트,외부 신용보강,금융기관,한국산업은행
66182,케이디비첨단전략이에스지제팔차,KRZFA8771HG3,케이디비첨단전략이에스지제팔차 20260330-91-17,N,20260330,20260629,회사채,KRW,,5000000000,5000000000,68,A1,,A1,,(주)에티버스,외부 신용보강,금융기관,한국산업은행
66182,케이디비첨단전략이에스지제팔차,KRZFA8771HG3,케이디비첨단전략이에스지제팔차 20260330-91-17,N,20260330,20260629,회사채,KRW,,5000000000,5000000000,68,A1,,A1,,에이제이네트웍스,외부 신용보강,금융기관,한국산업은행
66182,케이디비첨단전략이에스지제팔차,KRZFA8771HG3,케이디비첨단전략이에스지제팔차 20260330-91-17,N,20260330,20260629,회사채,KRW,,5000000000,5000000000,68,A1,,A1,,새한산업,외부 신용보강,금융기관,한국산업은행
66182,케이디비첨단전략이에스지제팔차,KRZFA8771HG3,케이디비첨단전략이에스지제팔차 20260330-91-17,N,20260330,20260629,회사채,KRW,,5000000000,5000000000,68,A1,,A1,,디섹,외부 신용보강,금융기관,한국산업은행
66182,케이디비첨단전략이에스지제팔차,KRZFA8771HG3,케이디비첨단전략이에스지제팔차 20260330-91-17,N,20260330,20260629,회사채,KRW,,5000000000,5000000000,68,A1,,A1,,모트렉스,외부 신용보강,금융기관,한국산업은행
66182,케이디비첨단전략이에스지제팔차,KRZFA8771HG3,케이디비첨단전략이에스지제팔차 20260330-91-17,N,20260330,20260629,회사채,KRW,,5000000000,5000000000,68,A1,,A1,,동인기연,외부 신용보강,금융기관,한국산업은행
66182,케이디비첨단전략이에스지제팔차,KRZFA8771HG3,케이디비첨단전략이에스지제팔차 20260330-91-17,N,20260330,20260629,회사채,KRW,,5000000000,5000000000,68,A1,,A1,,(주)에티버스이비티,외부 신용보강,금융기관,한국산업은행
66182,케이디비첨단전략이에스지제팔차,KRZFA8771JG3,케이디비첨단전략이에스지제팔차 20260330-91-18,N,20260330,20260629,회사채,KRW,,5000000000,5000000000,68,A1,,A1,,(주)씨티알,외부 신용보강,금융기관,한국산업은행
66182,케이디비첨단전략이에스지제팔차,KRZFA8771JG3,케이디비첨단전략이에스지제팔차 20260330-91-18,N,20260330,20260629,회사채,KRW,,5000000000,5000000000,68,A1,,A1,,서진산업,외부 신용보강,금융기관,한국산업은행
66182,케이디비첨단전략이에스지제팔차,KRZFA8771JG3,케이디비첨단전략이에스지제팔차 20260330-91-18,N,20260330,20260629,회사채,KRW,,5000000000,5000000000,68,A1,,A1,,바이오스마트,외부 신용보강,금융기관,한국산업은행
66182,케이디비첨단전략이에스지제팔차,KRZFA8771JG3,케이디비첨단전략이에스지제팔차 20260330-91-18,N,20260330,20260629,회사채,KRW,,5000000000,5000000000,68,A1,,A1,,(주)에티버스,외부 신용보강,금융기관,한국산업은행
66182,케이디비첨단전략이에스지제팔차,KRZFA8771JG3,케이디비첨단전략이에스지제팔차 20260330-91-18,N,20260330,20260629,회사채,KRW,,5000000000,5000000000,68,A1,,A1,,에이제이네트웍스,외부 신용보강,금융기관,한국산업은행
66182,케이디비첨단전략이에스지제팔차,KRZFA8771JG3,케이디비첨단전략이에스지제팔차 20260330-91-18,N,20260330,20260629,회사채,KRW,,5000000000,5000000000,68,A1,,A1,,새한산업,외부 신용보강,금융기관,한국산업은행
66182,케이디비첨단전략이에스지제팔차,KRZFA8771JG3,케이디비첨단전략이에스지제팔차 20260330-91-18,N,20260330,20260629,회사채,KRW,,5000000000,5000000000,68,A1,,A1,,디섹,외부 신용보강,금융기관,한국산업은행
66182,케이디비첨단전략이에스지제팔차,KRZFA8771JG3,케이디비첨단전략이에스지제팔차 20260330-91-18,N,20260330,20260629,회사채,KRW,,5000000000,5000000000,68,A1,,A1,,모트렉스,외부 신용보강,금융기관,한국산업은행
66182,케이디비첨단전략이에스지제팔차,KRZFA8771JG3,케이디비첨단전략이에스지제팔차 20260330-91-18,N,20260330,20260629,회사채,KRW,,5000000000,5000000000,68,A1,,A1,,동인기연,외부 신용보강,금융기관,한국산업은행
66182,케이디비첨단전략이에스지제팔차,KRZFA8771JG3,케이디비첨단전략이에스지제팔차 20260330-91-18,N,20260330,20260629,회사채,KRW,,5000000000,5000000000,68,A1,,A1,,(주)에티버스이비티,외부 신용보강,금융기관,한국산업은행
66182,케이디비첨단전략이에스지제팔차,KRZFA8771KG3,케이디비첨단전략이에스지제팔차 20260330-91-19,N,20260330,20260629,회사채,KRW,,5000000000,5000000000,68,A1,,A1,,(주)씨티알,외부 신용보강,금융기관,한국산업은행
66182,케이디비첨단전략이에스지제팔차,KRZFA8771KG3,케이디비첨단전략이에스지제팔차 20260330-91-19,N,20260330,20260629,회사채,KRW,,5000000000,5000000000,68,A1,,A1,,서진산업,외부 신용보강,금융기관,한국산업은행
66182,케이디비첨단전략이에스지제팔차,KRZFA8771KG3,케이디비첨단전략이에스지제팔차 20260330-91-19,N,20260330,20260629,회사채,KRW,,5000000000,5000000000,68,A1,,A1,,바이오스마트,외부 신용보강,금융기관,한국산업은행
66182,케이디비첨단전략이에스지제팔차,KRZFA8771KG3,케이디비첨단전략이에스지제팔차 20260330-91-19,N,20260330,20260629,회사채,KRW,,5000000000,5000000000,68,A1,,A1,,(주)에티버스,외부 신용보강,금융기관,한국산업은행
66182,케이디비첨단전략이에스지제팔차,KRZFA8771KG3,케이디비첨단전략이에스지제팔차 20260330-91-19,N,20260330,20260629,회사채,KRW,,5000000000,5000000000,68,A1,,A1,,에이제이네트웍스,외부 신용보강,금융기관,한국산업은행
66182,케이디비첨단전략이에스지제팔차,KRZFA8771KG3,케이디비첨단전략이에스지제팔차 20260330-91-19,N,20260330,20260629,회사채,KRW,,5000000000,5000000000,68,A1,,A1,,새한산업,외부 신용보강,금융기관,한국산업은행
66182,케이디비첨단전략이에스지제팔차,KRZFA8771KG3,케이디비첨단전략이에스지제팔차 20260330-91-19,N,20260330,20260629,회사채,KRW,,5000000000,5000000000,68,A1,,A1,,디섹,외부 신용보강,금융기관,한국산업은행
66182,케이디비첨단전략이에스지제팔차,KRZFA8771KG3,케이디비첨단전략이에스지제팔차 20260330-91-19,N,20260330,20260629,회사채,KRW,,5000000000,5000000000,68,A1,,A1,,모트렉스,외부 신용보강,금융기관,한국산업은행
66182,케이디비첨단전략이에스지제팔차,KRZFA8771KG3,케이디비첨단전략이에스지제팔차 20260330-91-19,N,20260330,20260629,회사채,KRW,,5000000000,5000000000,68,A1,,A1,,동인기연,외부 신용보강,금융기관,한국산업은행
66182,케이디비첨단전략이에스지제팔차,KRZFA8771KG3,케이디비첨단전략이에스지제팔차 20260330-91-19,N,20260330,20260629,회사채,KRW,,5000000000,5000000000,68,A1,,A1,,(주)에티버스이비티,외부 신용보강,금융기관,한국산업은행
66182,케이디비첨단전략이에스지제팔차,KRZFA87712G3,케이디비첨단전략이에스지제팔차 20260330-91-2,N,20260330,20260629,회사채,KRW,,5000000000,5000000000,68,A1,,A1,,(주)씨티알,외부 신용보강,금융기관,한국산업은행
66182,케이디비첨단전략이에스지제팔차,KRZFA87712G3,케이디비첨단전략이에스지제팔차 20260330-91-2,N,20260330,20260629,회사채,KRW,,5000000000,5000000000,68,A1,,A1,,서진산업,외부 신용보강,금융기관,한국산업은행
66182,케이디비첨단전략이에스지제팔차,KRZFA87712G3,케이디비첨단전략이에스지제팔차 20260330-91-2,N,20260330,20260629,회사채,KRW,,5000000000,5000000000,68,A1,,A1,,바이오스마트,외부 신용보강,금융기관,한국산업은행
66182,케이디비첨단전략이에스지제팔차,KRZFA87712G3,케이디비첨단전략이에스지제팔차 20260330-91-2,N,20260330,20260629,회사채,KRW,,5000000000,5000000000,68,A1,,A1,,(주)에티버스,외부 신용보강,금융기관,한국산업은행
66182,케이디비첨단전략이에스지제팔차,KRZFA87712G3,케이디비첨단전략이에스지제팔차 20260330-91-2,N,20260330,20260629,회사채,KRW,,5000000000,5000000000,68,A1,,A1,,에이제이네트웍스,외부 신용보강,금융기관,한국산업은행
66182,케이디비첨단전략이에스지제팔차,KRZFA87712G3,케이디비첨단전략이에스지제팔차 20260330-91-2,N,20260330,20260629,회사채,KRW,,5000000000,5000000000,68,A1,,A1,,새한산업,외부 신용보강,금융기관,한국산업은행
66182,케이디비첨단전략이에스지제팔차,KRZFA87712G3,케이디비첨단전략이에스지제팔차 20260330-91-2,N,20260330,20260629,회사채,KRW,,5000000000,5000000000,68,A1,,A1,,디섹,외부 신용보강,금융기관,한국산업은행
66182,케이디비첨단전략이에스지제팔차,KRZFA87712G3,케이디비첨단전략이에스지제팔차 20260330-91-2,N,20260330,20260629,회사채,KRW,,5000000000,5000000000,68,A1,,A1,,모트렉스,외부 신용보강,금융기관,한국산업은행
66182,케이디비첨단전략이에스지제팔차,KRZFA87712G3,케이디비첨단전략이에스지제팔차 20260330-91-2,N,20260330,20260629,회사채,KRW,,5000000000,5000000000,68,A1,,A1,,동인기연,외부 신용보강,금융기관,한국산업은행
66182,케이디비첨단전략이에스지제팔차,KRZFA87712G3,케이디비첨단전략이에스지제팔차 20260330-91-2,N,20260330,20260629,회사채,KRW,,5000000000,5000000000,68,A1,,A1,,(주)에티버스이비티,외부 신용보강,금융기관,한국산업은행
66182,케이디비첨단전략이에스지제팔차,KRZFA8771LG3,케이디비첨단전략이에스지제팔차 20260330-91-20,N,20260330,20260629,회사채,KRW,,5000000000,5000000000,68,A1,,A1,,(주)씨티알,외부 신용보강,금융기관,한국산업은행
66182,케이디비첨단전략이에스지제팔차,KRZFA8771LG3,케이디비첨단전략이에스지제팔차 20260330-91-20,N,20260330,20260629,회사채,KRW,,5000000000,5000000000,68,A1,,A1,,서진산업,외부 신용보강,금융기관,한국산업은행
66182,케이디비첨단전략이에스지제팔차,KRZFA8771LG3,케이디비첨단전략이에스지제팔차 20260330-91-20,N,20260330,20260629,회사채,KRW,,5000000000,5000000000,68,A1,,A1,,바이오스마트,외부 신용보강,금융기관,한국산업은행
66182,케이디비첨단전략이에스지제팔차,KRZFA8771LG3,케이디비첨단전략이에스지제팔차 20260330-91-20,N,20260330,20260629,회사채,KRW,,5000000000,5000000000,68,A1,,A1,,(주)에티버스,외부 신용보강,금융기관,한국산업은행
66182,케이디비첨단전략이에스지제팔차,KRZFA8771LG3,케이디비첨단전략이에스지제팔차 20260330-91-20,N,20260330,20260629,회사채,KRW,,5000000000,5000000000,68,A1,,A1,,에이제이네트웍스,외부 신용보강,금융기관,한국산업은행
66182,케이디비첨단전략이에스지제팔차,KRZFA8771LG3,케이디비첨단전략이에스지제팔차 20260330-91-20,N,20260330,20260629,회사채,KRW,,5000000000,5000000000,68,A1,,A1,,새한산업,외부 신용보강,금융기관,한국산업은행
66182,케이디비첨단전략이에스지제팔차,KRZFA8771LG3,케이디비첨단전략이에스지제팔차 20260330-91-20,N,20260330,20260629,회사채,KRW,,5000000000,5000000000,68,A1,,A1,,디섹,외부 신용보강,금융기관,한국산업은행
66182,케이디비첨단전략이에스지제팔차,KRZFA8771LG3,케이디비첨단전략이에스지제팔차 20260330-91-20,N,20260330,20260629,회사채,KRW,,5000000000,5000000000,68,A1,,A1,,모트렉스,외부 신용보강,금융기관,한국산업은행
66182,케이디비첨단전략이에스지제팔차,KRZFA8771LG3,케이디비첨단전략이에스지제팔차 20260330-91-20,N,20260330,20260629,회사채,KRW,,5000000000,5000000000,68,A1,,A1,,동인기연,외부 신용보강,금융기관,한국산업은행
66182,케이디비첨단전략이에스지제팔차,KRZFA8771LG3,케이디비첨단전략이에스지제팔차 20260330-91-20,N,20260330,20260629,회사채,KRW,,5000000000,5000000000,68,A1,,A1,,(주)에티버스이비티,외부 신용보강,금융기관,한국산업은행
66182,케이디비첨단전략이에스지제팔차,KRZFA8771MG3,케이디비첨단전략이에스지제팔차 20260330-91-21,N,20260330,20260629,회사채,KRW,,5000000000,5000000000,68,A1,,A1,,(주)씨티알,외부 신용보강,금융기관,한국산업은행
66182,케이디비첨단전략이에스지제팔차,KRZFA8771MG3,케이디비첨단전략이에스지제팔차 20260330-91-21,N,20260330,20260629,회사채,KRW,,5000000000,5000000000,68,A1,,A1,,서진산업,외부 신용보강,금융기관,한국산업은행
66182,케이디비첨단전략이에스지제팔차,KRZFA8771MG3,케이디비첨단전략이에스지제팔차 20260330-91-21,N,20260330,20260629,회사채,KRW,,5000000000,5000000000,68,A1,,A1,,바이오스마트,외부 신용보강,금융기관,한국산업은행
66182,케이디비첨단전략이에스지제팔차,KRZFA8771MG3,케이디비첨단전략이에스지제팔차 20260330-91-21,N,20260330,20260629,회사채,KRW,,5000000000,5000000000,68,A1,,A1,,(주)에티버스,외부 신용보강,금융기관,한국산업은행
66182,케이디비첨단전략이에스지제팔차,KRZFA8771MG3,케이디비첨단전략이에스지제팔차 20260330-91-21,N,20260330,20260629,회사채,KRW,,5000000000,5000000000,68,A1,,A1,,에이제이네트웍스,외부 신용보강,금융기관,한국산업은행
66182,케이디비첨단전략이에스지제팔차,KRZFA8771MG3,케이디비첨단전략이에스지제팔차 20260330-91-21,N,20260330,20260629,회사채,KRW,,5000000000,5000000000,68,A1,,A1,,새한산업,외부 신용보강,금융기관,한국산업은행
66182,케이디비첨단전략이에스지제팔차,KRZFA8771MG3,케이디비첨단전략이에스지제팔차 20260330-91-21,N,20260330,20260629,회사채,KRW,,5000000000,5000000000,68,A1,,A1,,디섹,외부 신용보강,금융기관,한국산업은행
66182,케이디비첨단전략이에스지제팔차,KRZFA8771MG3,케이디비첨단전략이에스지제팔차 20260330-91-21,N,20260330,20260629,회사채,KRW,,5000000000,5000000000,68,A1,,A1,,모트렉스,외부 신용보강,금융기관,한국산업은행
66182,케이디비첨단전략이에스지제팔차,KRZFA8771MG3,케이디비첨단전략이에스지제팔차 20260330-91-21,N,20260330,20260629,회사채,KRW,,5000000000,5000000000,68,A1,,A1,,동인기연,외부 신용보강,금융기관,한국산업은행
66182,케이디비첨단전략이에스지제팔차,KRZFA8771MG3,케이디비첨단전략이에스지제팔차 20260330-91-21,N,20260330,20260629,회사채,KRW,,5000000000,5000000000,68,A1,,A1,,(주)에티버스이비티,외부 신용보강,금융기관,한국산업은행
66182,케이디비첨단전략이에스지제팔차,KRZFA8771NG3,케이디비첨단전략이에스지제팔차 20260330-91-22,N,20260330,20260629,회사채,KRW,,5000000000,5000000000,68,A1,,A1,,(주)씨티알,외부 신용보강,금융기관,한국산업은행
66182,케이디비첨단전략이에스지제팔차,KRZFA8771NG3,케이디비첨단전략이에스지제팔차 20260330-91-22,N,20260330,20260629,회사채,KRW,,5000000000,5000000000,68,A1,,A1,,서진산업,외부 신용보강,금융기관,한국산업은행
66182,케이디비첨단전략이에스지제팔차,KRZFA8771NG3,케이디비첨단전략이에스지제팔차 20260330-91-22,N,20260330,20260629,회사채,KRW,,5000000000,5000000000,68,A1,,A1,,바이오스마트,외부 신용보강,금융기관,한국산업은행
66182,케이디비첨단전략이에스지제팔차,KRZFA8771NG3,케이디비첨단전략이에스지제팔차 20260330-91-22,N,20260330,20260629,회사채,KRW,,5000000000,5000000000,68,A1,,A1,,(주)에티버스,외부 신용보강,금융기관,한국산업은행
66182,케이디비첨단전략이에스지제팔차,KRZFA8771NG3,케이디비첨단전략이에스지제팔차 20260330-91-22,N,20260330,20260629,회사채,KRW,,5000000000,5000000000,68,A1,,A1,,에이제이네트웍스,외부 신용보강,금융기관,한국산업은행
66182,케이디비첨단전략이에스지제팔차,KRZFA8771NG3,케이디비첨단전략이에스지제팔차 20260330-91-22,N,20260330,20260629,회사채,KRW,,5000000000,5000000000,68,A1,,A1,,새한산업,외부 신용보강,금융기관,한국산업은행
66182,케이디비첨단전략이에스지제팔차,KRZFA8771NG3,케이디비첨단전략이에스지제팔차 20260330-91-22,N,20260330,20260629,회사채,KRW,,5000000000,5000000000,68,A1,,A1,,디섹,외부 신용보강,금융기관,한국산업은행
66182,케이디비첨단전략이에스지제팔차,KRZFA8771NG3,케이디비첨단전략이에스지제팔차 20260330-91-22,N,20260330,20260629,회사채,KRW,,5000000000,5000000000,68,A1,,A1,,모트렉스,외부 신용보강,금융기관,한국산업은행
66182,케이디비첨단전략이에스지제팔차,KRZFA8771NG3,케이디비첨단전략이에스지제팔차 20260330-91-22,N,20260330,20260629,회사채,KRW,,5000000000,5000000000,68,A1,,A1,,동인기연,외부 신용보강,금융기관,한국산업은행
66182,케이디비첨단전략이에스지제팔차,KRZFA8771NG3,케이디비첨단전략이에스지제팔차 20260330-91-22,N,20260330,20260629,회사채,KRW,,5000000000,5000000000,68,A1,,A1,,(주)에티버스이비티,외부 신용보강,금융기관,한국산업은행
66182,케이디비첨단전략이에스지제팔차,KRZFA8771PG3,케이디비첨단전략이에스지제팔차 20260330-91-23,N,20260330,20260629,회사채,KRW,,5000000000,5000000000,68,A1,,A1,,(주)씨티알,외부 신용보강,금융기관,한국산업은행
66182,케이디비첨단전략이에스지제팔차,KRZFA8771PG3,케이디비첨단전략이에스지제팔차 20260330-91-23,N,20260330,20260629,회사채,KRW,,5000000000,5000000000,68,A1,,A1,,서진산업,외부 신용보강,금융기관,한국산업은행
66182,케이디비첨단전략이에스지제팔차,KRZFA8771PG3,케이디비첨단전략이에스지제팔차 20260330-91-23,N,20260330,20260629,회사채,KRW,,5000000000,5000000000,68,A1,,A1,,바이오스마트,외부 신용보강,금융기관,한국산업은행
66182,케이디비첨단전략이에스지제팔차,KRZFA8771PG3,케이디비첨단전략이에스지제팔차 20260330-91-23,N,20260330,20260629,회사채,KRW,,5000000000,5000000000,68,A1,,A1,,(주)에티버스,외부 신용보강,금융기관,한국산업은행
66182,케이디비첨단전략이에스지제팔차,KRZFA8771PG3,케이디비첨단전략이에스지제팔차 20260330-91-23,N,20260330,20260629,회사채,KRW,,5000000000,5000000000,68,A1,,A1,,에이제이네트웍스,외부 신용보강,금융기관,한국산업은행
66182,케이디비첨단전략이에스지제팔차,KRZFA8771PG3,케이디비첨단전략이에스지제팔차 20260330-91-23,N,20260330,20260629,회사채,KRW,,5000000000,5000000000,68,A1,,A1,,새한산업,외부 신용보강,금융기관,한국산업은행
66182,케이디비첨단전략이에스지제팔차,KRZFA8771PG3,케이디비첨단전략이에스지제팔차 20260330-91-23,N,20260330,20260629,회사채,KRW,,5000000000,5000000000,68,A1,,A1,,디섹,외부 신용보강,금융기관,한국산업은행
66182,케이디비첨단전략이에스지제팔차,KRZFA8771PG3,케이디비첨단전략이에스지제팔차 20260330-91-23,N,20260330,20260629,회사채,KRW,,5000000000,5000000000,68,A1,,A1,,모트렉스,외부 신용보강,금융기관,한국산업은행
66182,케이디비첨단전략이에스지제팔차,KRZFA8771PG3,케이디비첨단전략이에스지제팔차 20260330-91-23,N,20260330,20260629,회사채,KRW,,5000000000,5000000000,68,A1,,A1,,동인기연,외부 신용보강,금융기관,한국산업은행
66182,케이디비첨단전략이에스지제팔차,KRZFA8771PG3,케이디비첨단전략이에스지제팔차 20260330-91-23,N,20260330,20260629,회사채,KRW,,5000000000,5000000000,68,A1,,A1,,(주)에티버스이비티,외부 신용보강,금융기관,한국산업은행
66182,케이디비첨단전략이에스지제팔차,KRZFA8771QG3,케이디비첨단전략이에스지제팔차 20260330-91-24,N,20260330,20260629,회사채,KRW,,5000000000,5000000000,68,A1,,A1,,(주)씨티알,외부 신용보강,금융기관,한국산업은행
66182,케이디비첨단전략이에스지제팔차,KRZFA8771QG3,케이디비첨단전략이에스지제팔차 20260330-91-24,N,20260330,20260629,회사채,KRW,,5000000000,5000000000,68,A1,,A1,,서진산업,외부 신용보강,금융기관,한국산업은행
66182,케이디비첨단전략이에스지제팔차,KRZFA8771QG3,케이디비첨단전략이에스지제팔차 20260330-91-24,N,20260330,20260629,회사채,KRW,,5000000000,5000000000,68,A1,,A1,,바이오스마트,외부 신용보강,금융기관,한국산업은행
66182,케이디비첨단전략이에스지제팔차,KRZFA8771QG3,케이디비첨단전략이에스지제팔차 20260330-91-24,N,20260330,20260629,회사채,KRW,,5000000000,5000000000,68,A1,,A1,,(주)에티버스,외부 신용보강,금융기관,한국산업은행
66182,케이디비첨단전략이에스지제팔차,KRZFA8771QG3,케이디비첨단전략이에스지제팔차 20260330-91-24,N,20260330,20260629,회사채,KRW,,5000000000,5000000000,68,A1,,A1,,에이제이네트웍스,외부 신용보강,금융기관,한국산업은행
66182,케이디비첨단전략이에스지제팔차,KRZFA8771QG3,케이디비첨단전략이에스지제팔차 20260330-91-24,N,20260330,20260629,회사채,KRW,,5000000000,5000000000,68,A1,,A1,,새한산업,외부 신용보강,금융기관,한국산업은행
66182,케이디비첨단전략이에스지제팔차,KRZFA8771QG3,케이디비첨단전략이에스지제팔차 20260330-91-24,N,20260330,20260629,회사채,KRW,,5000000000,5000000000,68,A1,,A1,,디섹,외부 신용보강,금융기관,한국산업은행
66182,케이디비첨단전략이에스지제팔차,KRZFA8771QG3,케이디비첨단전략이에스지제팔차 20260330-91-24,N,20260330,20260629,회사채,KRW,,5000000000,5000000000,68,A1,,A1,,모트렉스,외부 신용보강,금융기관,한국산업은행
66182,케이디비첨단전략이에스지제팔차,KRZFA8771QG3,케이디비첨단전략이에스지제팔차 20260330-91-24,N,20260330,20260629,회사채,KRW,,5000000000,5000000000,68,A1,,A1,,동인기연,외부 신용보강,금융기관,한국산업은행
66182,케이디비첨단전략이에스지제팔차,KRZFA8771QG3,케이디비첨단전략이에스지제팔차 20260330-91-24,N,20260330,20260629,회사채,KRW,,5000000000,5000000000,68,A1,,A1,,(주)에티버스이비티,외부 신용보강,금융기관,한국산업은행
66182,케이디비첨단전략이에스지제팔차,KRZFA8771RG3,케이디비첨단전략이에스지제팔차 20260330-91-25,N,20260330,20260629,회사채,KRW,,5000000000,5000000000,68,A1,,A1,,(주)씨티알,외부 신용보강,금융기관,한국산업은행
66182,케이디비첨단전략이에스지제팔차,KRZFA8771RG3,케이디비첨단전략이에스지제팔차 20260330-91-25,N,20260330,20260629,회사채,KRW,,5000000000,5000000000,68,A1,,A1,,서진산업,외부 신용보강,금융기관,한국산업은행
66182,케이디비첨단전략이에스지제팔차,KRZFA8771RG3,케이디비첨단전략이에스지제팔차 20260330-91-25,N,20260330,20260629,회사채,KRW,,5000000000,5000000000,68,A1,,A1,,바이오스마트,외부 신용보강,금융기관,한국산업은행
66182,케이디비첨단전략이에스지제팔차,KRZFA8771RG3,케이디비첨단전략이에스지제팔차 20260330-91-25,N,20260330,20260629,회사채,KRW,,5000000000,5000000000,68,A1,,A1,,(주)에티버스,외부 신용보강,금융기관,한국산업은행
66182,케이디비첨단전략이에스지제팔차,KRZFA8771RG3,케이디비첨단전략이에스지제팔차 20260330-91-25,N,20260330,20260629,회사채,KRW,,5000000000,5000000000,68,A1,,A1,,에이제이네트웍스,외부 신용보강,금융기관,한국산업은행
66182,케이디비첨단전략이에스지제팔차,KRZFA8771RG3,케이디비첨단전략이에스지제팔차 20260330-91-25,N,20260330,20260629,회사채,KRW,,5000000000,5000000000,68,A1,,A1,,새한산업,외부 신용보강,금융기관,한국산업은행
66182,케이디비첨단전략이에스지제팔차,KRZFA8771RG3,케이디비첨단전략이에스지제팔차 20260330-91-25,N,20260330,20260629,회사채,KRW,,5000000000,5000000000,68,A1,,A1,,디섹,외부 신용보강,금융기관,한국산업은행
66182,케이디비첨단전략이에스지제팔차,KRZFA8771RG3,케이디비첨단전략이에스지제팔차 20260330-91-25,N,20260330,20260629,회사채,KRW,,5000000000,5000000000,68,A1,,A1,,모트렉스,외부 신용보강,금융기관,한국산업은행
66182,케이디비첨단전략이에스지제팔차,KRZFA8771RG3,케이디비첨단전략이에스지제팔차 20260330-91-25,N,20260330,20260629,회사채,KRW,,5000000000,5000000000,68,A1,,A1,,동인기연,외부 신용보강,금융기관,한국산업은행
66182,케이디비첨단전략이에스지제팔차,KRZFA8771RG3,케이디비첨단전략이에스지제팔차 20260330-91-25,N,20260330,20260629,회사채,KRW,,5000000000,5000000000,68,A1,,A1,,(주)에티버스이비티,외부 신용보강,금융기관,한국산업은행
66182,케이디비첨단전략이에스지제팔차,KRZFA8771SG3,케이디비첨단전략이에스지제팔차 20260330-91-26,N,20260330,20260629,회사채,KRW,,5000000000,5000000000,68,A1,,A1,,(주)씨티알,외부 신용보강,금융기관,한국산업은행
66182,케이디비첨단전략이에스지제팔차,KRZFA8771SG3,케이디비첨단전략이에스지제팔차 20260330-91-26,N,20260330,20260629,회사채,KRW,,5000000000,5000000000,68,A1,,A1,,서진산업,외부 신용보강,금융기관,한국산업은행
66182,케이디비첨단전략이에스지제팔차,KRZFA8771SG3,케이디비첨단전략이에스지제팔차 20260330-91-26,N,20260330,20260629,회사채,KRW,,5000000000,5000000000,68,A1,,A1,,바이오스마트,외부 신용보강,금융기관,한국산업은행
66182,케이디비첨단전략이에스지제팔차,KRZFA8771SG3,케이디비첨단전략이에스지제팔차 20260330-91-26,N,20260330,20260629,회사채,KRW,,5000000000,5000000000,68,A1,,A1,,(주)에티버스,외부 신용보강,금융기관,한국산업은행
66182,케이디비첨단전략이에스지제팔차,KRZFA8771SG3,케이디비첨단전략이에스지제팔차 20260330-91-26,N,20260330,20260629,회사채,KRW,,5000000000,5000000000,68,A1,,A1,,에이제이네트웍스,외부 신용보강,금융기관,한국산업은행
66182,케이디비첨단전략이에스지제팔차,KRZFA8771SG3,케이디비첨단전략이에스지제팔차 20260330-91-26,N,20260330,20260629,회사채,KRW,,5000000000,5000000000,68,A1,,A1,,새한산업,외부 신용보강,금융기관,한국산업은행
66182,케이디비첨단전략이에스지제팔차,KRZFA8771SG3,케이디비첨단전략이에스지제팔차 20260330-91-26,N,20260330,20260629,회사채,KRW,,5000000000,5000000000,68,A1,,A1,,디섹,외부 신용보강,금융기관,한국산업은행
66182,케이디비첨단전략이에스지제팔차,KRZFA8771SG3,케이디비첨단전략이에스지제팔차 20260330-91-26,N,20260330,20260629,회사채,KRW,,5000000000,5000000000,68,A1,,A1,,모트렉스,외부 신용보강,금융기관,한국산업은행
66182,케이디비첨단전략이에스지제팔차,KRZFA8771SG3,케이디비첨단전략이에스지제팔차 20260330-91-26,N,20260330,20260629,회사채,KRW,,5000000000,5000000000,68,A1,,A1,,동인기연,외부 신용보강,금융기관,한국산업은행
66182,케이디비첨단전략이에스지제팔차,KRZFA8771SG3,케이디비첨단전략이에스지제팔차 20260330-91-26,N,20260330,20260629,회사채,KRW,,5000000000,5000000000,68,A1,,A1,,(주)에티버스이비티,외부 신용보강,금융기관,한국산업은행
66182,케이디비첨단전략이에스지제팔차,KRZFA8771TG3,케이디비첨단전략이에스지제팔차 20260330-91-27,N,20260330,20260629,회사채,KRW,,5000000000,5000000000,68,A1,,A1,,(주)씨티알,외부 신용보강,금융기관,한국산업은행
66182,케이디비첨단전략이에스지제팔차,KRZFA8771TG3,케이디비첨단전략이에스지제팔차 20260330-91-27,N,20260330,20260629,회사채,KRW,,5000000000,5000000000,68,A1,,A1,,서진산업,외부 신용보강,금융기관,한국산업은행
66182,케이디비첨단전략이에스지제팔차,KRZFA8771TG3,케이디비첨단전략이에스지제팔차 20260330-91-27,N,20260330,20260629,회사채,KRW,,5000000000,5000000000,68,A1,,A1,,바이오스마트,외부 신용보강,금융기관,한국산업은행
66182,케이디비첨단전략이에스지제팔차,KRZFA8771TG3,케이디비첨단전략이에스지제팔차 20260330-91-27,N,20260330,20260629,회사채,KRW,,5000000000,5000000000,68,A1,,A1,,(주)에티버스,외부 신용보강,금융기관,한국산업은행
66182,케이디비첨단전략이에스지제팔차,KRZFA8771TG3,케이디비첨단전략이에스지제팔차 20260330-91-27,N,20260330,20260629,회사채,KRW,,5000000000,5000000000,68,A1,,A1,,에이제이네트웍스,외부 신용보강,금융기관,한국산업은행
66182,케이디비첨단전략이에스지제팔차,KRZFA8771TG3,케이디비첨단전략이에스지제팔차 20260330-91-27,N,20260330,20260629,회사채,KRW,,5000000000,5000000000,68,A1,,A1,,새한산업,외부 신용보강,금융기관,한국산업은행
66182,케이디비첨단전략이에스지제팔차,KRZFA8771TG3,케이디비첨단전략이에스지제팔차 20260330-91-27,N,20260330,20260629,회사채,KRW,,5000000000,5000000000,68,A1,,A1,,디섹,외부 신용보강,금융기관,한국산업은행
66182,케이디비첨단전략이에스지제팔차,KRZFA8771TG3,케이디비첨단전략이에스지제팔차 20260330-91-27,N,20260330,20260629,회사채,KRW,,5000000000,5000000000,68,A1,,A1,,모트렉스,외부 신용보강,금융기관,한국산업은행
66182,케이디비첨단전략이에스지제팔차,KRZFA8771TG3,케이디비첨단전략이에스지제팔차 20260330-91-27,N,20260330,20260629,회사채,KRW,,5000000000,5000000000,68,A1,,A1,,동인기연,외부 신용보강,금융기관,한국산업은행
66182,케이디비첨단전략이에스지제팔차,KRZFA8771TG3,케이디비첨단전략이에스지제팔차 20260330-91-27,N,20260330,20260629,회사채,KRW,,5000000000,5000000000,68,A1,,A1,,(주)에티버스이비티,외부 신용보강,금융기관,한국산업은행
66182,케이디비첨단전략이에스지제팔차,KRZFA8771VG3,케이디비첨단전략이에스지제팔차 20260330-91-28,N,20260330,20260629,회사채,KRW,,5000000000,5000000000,68,A1,,A1,,(주)씨티알,외부 신용보강,금융기관,한국산업은행
66182,케이디비첨단전략이에스지제팔차,KRZFA8771VG3,케이디비첨단전략이에스지제팔차 20260330-91-28,N,20260330,20260629,회사채,KRW,,5000000000,5000000000,68,A1,,A1,,서진산업,외부 신용보강,금융기관,한국산업은행
66182,케이디비첨단전략이에스지제팔차,KRZFA8771VG3,케이디비첨단전략이에스지제팔차 20260330-91-28,N,20260330,20260629,회사채,KRW,,5000000000,5000000000,68,A1,,A1,,바이오스마트,외부 신용보강,금융기관,한국산업은행
66182,케이디비첨단전략이에스지제팔차,KRZFA8771VG3,케이디비첨단전략이에스지제팔차 20260330-91-28,N,20260330,20260629,회사채,KRW,,5000000000,5000000000,68,A1,,A1,,(주)에티버스,외부 신용보강,금융기관,한국산업은행
66182,케이디비첨단전략이에스지제팔차,KRZFA8771VG3,케이디비첨단전략이에스지제팔차 20260330-91-28,N,20260330,20260629,회사채,KRW,,5000000000,5000000000,68,A1,,A1,,에이제이네트웍스,외부 신용보강,금융기관,한국산업은행
66182,케이디비첨단전략이에스지제팔차,KRZFA8771VG3,케이디비첨단전략이에스지제팔차 20260330-91-28,N,20260330,20260629,회사채,KRW,,5000000000,5000000000,68,A1,,A1,,새한산업,외부 신용보강,금융기관,한국산업은행
66182,케이디비첨단전략이에스지제팔차,KRZFA8771VG3,케이디비첨단전략이에스지제팔차 20260330-91-28,N,20260330,20260629,회사채,KRW,,5000000000,5000000000,68,A1,,A1,,디섹,외부 신용보강,금융기관,한국산업은행
66182,케이디비첨단전략이에스지제팔차,KRZFA8771VG3,케이디비첨단전략이에스지제팔차 20260330-91-28,N,20260330,20260629,회사채,KRW,,5000000000,5000000000,68,A1,,A1,,모트렉스,외부 신용보강,금융기관,한국산업은행
66182,케이디비첨단전략이에스지제팔차,KRZFA8771VG3,케이디비첨단전략이에스지제팔차 20260330-91-28,N,20260330,20260629,회사채,KRW,,5000000000,5000000000,68,A1,,A1,,동인기연,외부 신용보강,금융기관,한국산업은행
66182,케이디비첨단전략이에스지제팔차,KRZFA8771VG3,케이디비첨단전략이에스지제팔차 20260330-91-28,N,20260330,20260629,회사채,KRW,,5000000000,5000000000,68,A1,,A1,,(주)에티버스이비티,외부 신용보강,금융기관,한국산업은행
66182,케이디비첨단전략이에스지제팔차,KRZFA8771WG3,케이디비첨단전략이에스지제팔차 20260330-91-29,N,20260330,20260629,회사채,KRW,,5000000000,5000000000,68,A1,,A1,,(주)씨티알,외부 신용보강,금융기관,한국산업은행
66182,케이디비첨단전략이에스지제팔차,KRZFA8771WG3,케이디비첨단전략이에스지제팔차 20260330-91-29,N,20260330,20260629,회사채,KRW,,5000000000,5000000000,68,A1,,A1,,서진산업,외부 신용보강,금융기관,한국산업은행
66182,케이디비첨단전략이에스지제팔차,KRZFA8771WG3,케이디비첨단전략이에스지제팔차 20260330-91-29,N,20260330,20260629,회사채,KRW,,5000000000,5000000000,68,A1,,A1,,바이오스마트,외부 신용보강,금융기관,한국산업은행
66182,케이디비첨단전략이에스지제팔차,KRZFA8771WG3,케이디비첨단전략이에스지제팔차 20260330-91-29,N,20260330,20260629,회사채,KRW,,5000000000,5000000000,68,A1,,A1,,(주)에티버스,외부 신용보강,금융기관,한국산업은행
66182,케이디비첨단전략이에스지제팔차,KRZFA8771WG3,케이디비첨단전략이에스지제팔차 20260330-91-29,N,20260330,20260629,회사채,KRW,,5000000000,5000000000,68,A1,,A1,,에이제이네트웍스,외부 신용보강,금융기관,한국산업은행
66182,케이디비첨단전략이에스지제팔차,KRZFA8771WG3,케이디비첨단전략이에스지제팔차 20260330-91-29,N,20260330,20260629,회사채,KRW,,5000000000,5000000000,68,A1,,A1,,새한산업,외부 신용보강,금융기관,한국산업은행
66182,케이디비첨단전략이에스지제팔차,KRZFA8771WG3,케이디비첨단전략이에스지제팔차 20260330-91-29,N,20260330,20260629,회사채,KRW,,5000000000,5000000000,68,A1,,A1,,디섹,외부 신용보강,금융기관,한국산업은행
66182,케이디비첨단전략이에스지제팔차,KRZFA8771WG3,케이디비첨단전략이에스지제팔차 20260330-91-29,N,20260330,20260629,회사채,KRW,,5000000000,5000000000,68,A1,,A1,,모트렉스,외부 신용보강,금융기관,한국산업은행
66182,케이디비첨단전략이에스지제팔차,KRZFA8771WG3,케이디비첨단전략이에스지제팔차 20260330-91-29,N,20260330,20260629,회사채,KRW,,5000000000,5000000000,68,A1,,A1,,동인기연,외부 신용보강,금융기관,한국산업은행
66182,케이디비첨단전략이에스지제팔차,KRZFA8771WG3,케이디비첨단전략이에스지제팔차 20260330-91-29,N,20260330,20260629,회사채,KRW,,5000000000,5000000000,68,A1,,A1,,(주)에티버스이비티,외부 신용보강,금융기관,한국산업은행
66182,케이디비첨단전략이에스지제팔차,KRZFA87713G3,케이디비첨단전략이에스지제팔차 20260330-91-3,N,20260330,20260629,회사채,KRW,,5000000000,5000000000,68,A1,,A1,,(주)씨티알,외부 신용보강,금융기관,한국산업은행
66182,케이디비첨단전략이에스지제팔차,KRZFA87713G3,케이디비첨단전략이에스지제팔차 20260330-91-3,N,20260330,20260629,회사채,KRW,,5000000000,5000000000,68,A1,,A1,,서진산업,외부 신용보강,금융기관,한국산업은행
66182,케이디비첨단전략이에스지제팔차,KRZFA87713G3,케이디비첨단전략이에스지제팔차 20260330-91-3,N,20260330,20260629,회사채,KRW,,5000000000,5000000000,68,A1,,A1,,바이오스마트,외부 신용보강,금융기관,한국산업은행
66182,케이디비첨단전략이에스지제팔차,KRZFA87713G3,케이디비첨단전략이에스지제팔차 20260330-91-3,N,20260330,20260629,회사채,KRW,,5000000000,5000000000,68,A1,,A1,,(주)에티버스,외부 신용보강,금융기관,한국산업은행
66182,케이디비첨단전략이에스지제팔차,KRZFA87713G3,케이디비첨단전략이에스지제팔차 20260330-91-3,N,20260330,20260629,회사채,KRW,,5000000000,5000000000,68,A1,,A1,,에이제이네트웍스,외부 신용보강,금융기관,한국산업은행
66182,케이디비첨단전략이에스지제팔차,KRZFA87713G3,케이디비첨단전략이에스지제팔차 20260330-91-3,N,20260330,20260629,회사채,KRW,,5000000000,5000000000,68,A1,,A1,,새한산업,외부 신용보강,금융기관,한국산업은행
66182,케이디비첨단전략이에스지제팔차,KRZFA87713G3,케이디비첨단전략이에스지제팔차 20260330-91-3,N,20260330,20260629,회사채,KRW,,5000000000,5000000000,68,A1,,A1,,디섹,외부 신용보강,금융기관,한국산업은행
66182,케이디비첨단전략이에스지제팔차,KRZFA87713G3,케이디비첨단전략이에스지제팔차 20260330-91-3,N,20260330,20260629,회사채,KRW,,5000000000,5000000000,68,A1,,A1,,모트렉스,외부 신용보강,금융기관,한국산업은행
66182,케이디비첨단전략이에스지제팔차,KRZFA87713G3,케이디비첨단전략이에스지제팔차 20260330-91-3,N,20260330,20260629,회사채,KRW,,5000000000,5000000000,68,A1,,A1,,동인기연,외부 신용보강,금융기관,한국산업은행
66182,케이디비첨단전략이에스지제팔차,KRZFA87713G3,케이디비첨단전략이에스지제팔차 20260330-91-3,N,20260330,20260629,회사채,KRW,,5000000000,5000000000,68,A1,,A1,,(주)에티버스이비티,외부 신용보강,금융기관,한국산업은행
66182,케이디비첨단전략이에스지제팔차,KRZFA8771XG3,케이디비첨단전략이에스지제팔차 20260330-91-30,N,20260330,20260629,회사채,KRW,,5000000000,5000000000,68,A1,,A1,,(주)씨티알,외부 신용보강,금융기관,한국산업은행
66182,케이디비첨단전략이에스지제팔차,KRZFA8771XG3,케이디비첨단전략이에스지제팔차 20260330-91-30,N,20260330,20260629,회사채,KRW,,5000000000,5000000000,68,A1,,A1,,서진산업,외부 신용보강,금융기관,한국산업은행
66182,케이디비첨단전략이에스지제팔차,KRZFA8771XG3,케이디비첨단전략이에스지제팔차 20260330-91-30,N,20260330,20260629,회사채,KRW,,5000000000,5000000000,68,A1,,A1,,바이오스마트,외부 신용보강,금융기관,한국산업은행
66182,케이디비첨단전략이에스지제팔차,KRZFA8771XG3,케이디비첨단전략이에스지제팔차 20260330-91-30,N,20260330,20260629,회사채,KRW,,5000000000,5000000000,68,A1,,A1,,(주)에티버스,외부 신용보강,금융기관,한국산업은행
66182,케이디비첨단전략이에스지제팔차,KRZFA8771XG3,케이디비첨단전략이에스지제팔차 20260330-91-30,N,20260330,20260629,회사채,KRW,,5000000000,5000000000,68,A1,,A1,,에이제이네트웍스,외부 신용보강,금융기관,한국산업은행
66182,케이디비첨단전략이에스지제팔차,KRZFA8771XG3,케이디비첨단전략이에스지제팔차 20260330-91-30,N,20260330,20260629,회사채,KRW,,5000000000,5000000000,68,A1,,A1,,새한산업,외부 신용보강,금융기관,한국산업은행
66182,케이디비첨단전략이에스지제팔차,KRZFA8771XG3,케이디비첨단전략이에스지제팔차 20260330-91-30,N,20260330,20260629,회사채,KRW,,5000000000,5000000000,68,A1,,A1,,디섹,외부 신용보강,금융기관,한국산업은행
66182,케이디비첨단전략이에스지제팔차,KRZFA8771XG3,케이디비첨단전략이에스지제팔차 20260330-91-30,N,20260330,20260629,회사채,KRW,,5000000000,5000000000,68,A1,,A1,,모트렉스,외부 신용보강,금융기관,한국산업은행
66182,케이디비첨단전략이에스지제팔차,KRZFA8771XG3,케이디비첨단전략이에스지제팔차 20260330-91-30,N,20260330,20260629,회사채,KRW,,5000000000,5000000000,68,A1,,A1,,동인기연,외부 신용보강,금융기관,한국산업은행
66182,케이디비첨단전략이에스지제팔차,KRZFA8771XG3,케이디비첨단전략이에스지제팔차 20260330-91-30,N,20260330,20260629,회사채,KRW,,5000000000,5000000000,68,A1,,A1,,(주)에티버스이비티,외부 신용보강,금융기관,한국산업은행
66182,케이디비첨단전략이에스지제팔차,KRZFA8771YG3,케이디비첨단전략이에스지제팔차 20260330-91-31,N,20260330,20260629,회사채,KRW,,5000000000,5000000000,68,A1,,A1,,(주)씨티알,외부 신용보강,금융기관,한국산업은행
66182,케이디비첨단전략이에스지제팔차,KRZFA8771YG3,케이디비첨단전략이에스지제팔차 20260330-91-31,N,20260330,20260629,회사채,KRW,,5000000000,5000000000,68,A1,,A1,,서진산업,외부 신용보강,금융기관,한국산업은행
66182,케이디비첨단전략이에스지제팔차,KRZFA8771YG3,케이디비첨단전략이에스지제팔차 20260330-91-31,N,20260330,20260629,회사채,KRW,,5000000000,5000000000,68,A1,,A1,,바이오스마트,외부 신용보강,금융기관,한국산업은행
66182,케이디비첨단전략이에스지제팔차,KRZFA8771YG3,케이디비첨단전략이에스지제팔차 20260330-91-31,N,20260330,20260629,회사채,KRW,,5000000000,5000000000,68,A1,,A1,,(주)에티버스,외부 신용보강,금융기관,한국산업은행
66182,케이디비첨단전략이에스지제팔차,KRZFA8771YG3,케이디비첨단전략이에스지제팔차 20260330-91-31,N,20260330,20260629,회사채,KRW,,5000000000,5000000000,68,A1,,A1,,에이제이네트웍스,외부 신용보강,금융기관,한국산업은행
66182,케이디비첨단전략이에스지제팔차,KRZFA8771YG3,케이디비첨단전략이에스지제팔차 20260330-91-31,N,20260330,20260629,회사채,KRW,,5000000000,5000000000,68,A1,,A1,,새한산업,외부 신용보강,금융기관,한국산업은행
66182,케이디비첨단전략이에스지제팔차,KRZFA8771YG3,케이디비첨단전략이에스지제팔차 20260330-91-31,N,20260330,20260629,회사채,KRW,,5000000000,5000000000,68,A1,,A1,,디섹,외부 신용보강,금융기관,한국산업은행
66182,케이디비첨단전략이에스지제팔차,KRZFA8771YG3,케이디비첨단전략이에스지제팔차 20260330-91-31,N,20260330,20260629,회사채,KRW,,5000000000,5000000000,68,A1,,A1,,모트렉스,외부 신용보강,금융기관,한국산업은행
66182,케이디비첨단전략이에스지제팔차,KRZFA8771YG3,케이디비첨단전략이에스지제팔차 20260330-91-31,N,20260330,20260629,회사채,KRW,,5000000000,5000000000,68,A1,,A1,,동인기연,외부 신용보강,금융기관,한국산업은행
66182,케이디비첨단전략이에스지제팔차,KRZFA8771YG3,케이디비첨단전략이에스지제팔차 20260330-91-31,N,20260330,20260629,회사채,KRW,,5000000000,5000000000,68,A1,,A1,,(주)에티버스이비티,외부 신용보강,금융기관,한국산업은행
66182,케이디비첨단전략이에스지제팔차,KRZFA8771ZG3,케이디비첨단전략이에스지제팔차 20260330-91-32,N,20260330,20260629,회사채,KRW,,5000000000,5000000000,68,A1,,A1,,(주)씨티알,외부 신용보강,금융기관,한국산업은행
66182,케이디비첨단전략이에스지제팔차,KRZFA8771ZG3,케이디비첨단전략이에스지제팔차 20260330-91-32,N,20260330,20260629,회사채,KRW,,5000000000,5000000000,68,A1,,A1,,서진산업,외부 신용보강,금융기관,한국산업은행
66182,케이디비첨단전략이에스지제팔차,KRZFA8771ZG3,케이디비첨단전략이에스지제팔차 20260330-91-32,N,20260330,20260629,회사채,KRW,,5000000000,5000000000,68,A1,,A1,,바이오스마트,외부 신용보강,금융기관,한국산업은행
66182,케이디비첨단전략이에스지제팔차,KRZFA8771ZG3,케이디비첨단전략이에스지제팔차 20260330-91-32,N,20260330,20260629,회사채,KRW,,5000000000,5000000000,68,A1,,A1,,(주)에티버스,외부 신용보강,금융기관,한국산업은행
66182,케이디비첨단전략이에스지제팔차,KRZFA8771ZG3,케이디비첨단전략이에스지제팔차 20260330-91-32,N,20260330,20260629,회사채,KRW,,5000000000,5000000000,68,A1,,A1,,에이제이네트웍스,외부 신용보강,금융기관,한국산업은행
66182,케이디비첨단전략이에스지제팔차,KRZFA8771ZG3,케이디비첨단전략이에스지제팔차 20260330-91-32,N,20260330,20260629,회사채,KRW,,5000000000,5000000000,68,A1,,A1,,새한산업,외부 신용보강,금융기관,한국산업은행
66182,케이디비첨단전략이에스지제팔차,KRZFA8771ZG3,케이디비첨단전략이에스지제팔차 20260330-91-32,N,20260330,20260629,회사채,KRW,,5000000000,5000000000,68,A1,,A1,,디섹,외부 신용보강,금융기관,한국산업은행
66182,케이디비첨단전략이에스지제팔차,KRZFA8771ZG3,케이디비첨단전략이에스지제팔차 20260330-91-32,N,20260330,20260629,회사채,KRW,,5000000000,5000000000,68,A1,,A1,,모트렉스,외부 신용보강,금융기관,한국산업은행
66182,케이디비첨단전략이에스지제팔차,KRZFA8771ZG3,케이디비첨단전략이에스지제팔차 20260330-91-32,N,20260330,20260629,회사채,KRW,,5000000000,5000000000,68,A1,,A1,,동인기연,외부 신용보강,금융기관,한국산업은행
66182,케이디비첨단전략이에스지제팔차,KRZFA8771ZG3,케이디비첨단전략이에스지제팔차 20260330-91-32,N,20260330,20260629,회사채,KRW,,5000000000,5000000000,68,A1,,A1,,(주)에티버스이비티,외부 신용보강,금융기관,한국산업은행
66182,케이디비첨단전략이에스지제팔차,KRZFA87710GF,케이디비첨단전략이에스지제팔차 20260330-91-33,N,20260330,20260629,회사채,KRW,,5000000000,5000000000,68,A1,,A1,,(주)씨티알,외부 신용보강,금융기관,한국산업은행
66182,케이디비첨단전략이에스지제팔차,KRZFA87710GF,케이디비첨단전략이에스지제팔차 20260330-91-33,N,20260330,20260629,회사채,KRW,,5000000000,5000000000,68,A1,,A1,,서진산업,외부 신용보강,금융기관,한국산업은행
66182,케이디비첨단전략이에스지제팔차,KRZFA87710GF,케이디비첨단전략이에스지제팔차 20260330-91-33,N,20260330,20260629,회사채,KRW,,5000000000,5000000000,68,A1,,A1,,바이오스마트,외부 신용보강,금융기관,한국산업은행
66182,케이디비첨단전략이에스지제팔차,KRZFA87710GF,케이디비첨단전략이에스지제팔차 20260330-91-33,N,20260330,20260629,회사채,KRW,,5000000000,5000000000,68,A1,,A1,,(주)에티버스,외부 신용보강,금융기관,한국산업은행
66182,케이디비첨단전략이에스지제팔차,KRZFA87710GF,케이디비첨단전략이에스지제팔차 20260330-91-33,N,20260330,20260629,회사채,KRW,,5000000000,5000000000,68,A1,,A1,,에이제이네트웍스,외부 신용보강,금융기관,한국산업은행
66182,케이디비첨단전략이에스지제팔차,KRZFA87710GF,케이디비첨단전략이에스지제팔차 20260330-91-33,N,20260330,20260629,회사채,KRW,,5000000000,5000000000,68,A1,,A1,,새한산업,외부 신용보강,금융기관,한국산업은행
66182,케이디비첨단전략이에스지제팔차,KRZFA87710GF,케이디비첨단전략이에스지제팔차 20260330-91-33,N,20260330,20260629,회사채,KRW,,5000000000,5000000000,68,A1,,A1,,디섹,외부 신용보강,금융기관,한국산업은행
66182,케이디비첨단전략이에스지제팔차,KRZFA87710GF,케이디비첨단전략이에스지제팔차 20260330-91-33,N,20260330,20260629,회사채,KRW,,5000000000,5000000000,68,A1,,A1,,모트렉스,외부 신용보강,금융기관,한국산업은행
66182,케이디비첨단전략이에스지제팔차,KRZFA87710GF,케이디비첨단전략이에스지제팔차 20260330-91-33,N,20260330,20260629,회사채,KRW,,5000000000,5000000000,68,A1,,A1,,동인기연,외부 신용보강,금융기관,한국산업은행
66182,케이디비첨단전략이에스지제팔차,KRZFA87710GF,케이디비첨단전략이에스지제팔차 20260330-91-33,N,20260330,20260629,회사채,KRW,,5000000000,5000000000,68,A1,,A1,,(주)에티버스이비티,외부 신용보강,금융기관,한국산업은행
66182,케이디비첨단전략이에스지제팔차,KRZFA87711GF,케이디비첨단전략이에스지제팔차 20260330-91-34,N,20260330,20260629,회사채,KRW,,5000000000,5000000000,68,A1,,A1,,(주)씨티알,외부 신용보강,금융기관,한국산업은행
66182,케이디비첨단전략이에스지제팔차,KRZFA87711GF,케이디비첨단전략이에스지제팔차 20260330-91-34,N,20260330,20260629,회사채,KRW,,5000000000,5000000000,68,A1,,A1,,서진산업,외부 신용보강,금융기관,한국산업은행
66182,케이디비첨단전략이에스지제팔차,KRZFA87711GF,케이디비첨단전략이에스지제팔차 20260330-91-34,N,20260330,20260629,회사채,KRW,,5000000000,5000000000,68,A1,,A1,,바이오스마트,외부 신용보강,금융기관,한국산업은행
66182,케이디비첨단전략이에스지제팔차,KRZFA87711GF,케이디비첨단전략이에스지제팔차 20260330-91-34,N,20260330,20260629,회사채,KRW,,5000000000,5000000000,68,A1,,A1,,(주)에티버스,외부 신용보강,금융기관,한국산업은행
66182,케이디비첨단전략이에스지제팔차,KRZFA87711GF,케이디비첨단전략이에스지제팔차 20260330-91-34,N,20260330,20260629,회사채,KRW,,5000000000,5000000000,68,A1,,A1,,에이제이네트웍스,외부 신용보강,금융기관,한국산업은행
66182,케이디비첨단전략이에스지제팔차,KRZFA87711GF,케이디비첨단전략이에스지제팔차 20260330-91-34,N,20260330,20260629,회사채,KRW,,5000000000,5000000000,68,A1,,A1,,새한산업,외부 신용보강,금융기관,한국산업은행
66182,케이디비첨단전략이에스지제팔차,KRZFA87711GF,케이디비첨단전략이에스지제팔차 20260330-91-34,N,20260330,20260629,회사채,KRW,,5000000000,5000000000,68,A1,,A1,,디섹,외부 신용보강,금융기관,한국산업은행
66182,케이디비첨단전략이에스지제팔차,KRZFA87711GF,케이디비첨단전략이에스지제팔차 20260330-91-34,N,20260330,20260629,회사채,KRW,,5000000000,5000000000,68,A1,,A1,,모트렉스,외부 신용보강,금융기관,한국산업은행
66182,케이디비첨단전략이에스지제팔차,KRZFA87711GF,케이디비첨단전략이에스지제팔차 20260330-91-34,N,20260330,20260629,회사채,KRW,,5000000000,5000000000,68,A1,,A1,,동인기연,외부 신용보강,금융기관,한국산업은행
66182,케이디비첨단전략이에스지제팔차,KRZFA87711GF,케이디비첨단전략이에스지제팔차 20260330-91-34,N,20260330,20260629,회사채,KRW,,5000000000,5000000000,68,A1,,A1,,(주)에티버스이비티,외부 신용보강,금융기관,한국산업은행
66182,케이디비첨단전략이에스지제팔차,KRZFA87712GF,케이디비첨단전략이에스지제팔차 20260330-91-35,N,20260330,20260629,회사채,KRW,,5000000000,5000000000,68,A1,,A1,,(주)씨티알,외부 신용보강,금융기관,한국산업은행
66182,케이디비첨단전략이에스지제팔차,KRZFA87712GF,케이디비첨단전략이에스지제팔차 20260330-91-35,N,20260330,20260629,회사채,KRW,,5000000000,5000000000,68,A1,,A1,,서진산업,외부 신용보강,금융기관,한국산업은행
66182,케이디비첨단전략이에스지제팔차,KRZFA87712GF,케이디비첨단전략이에스지제팔차 20260330-91-35,N,20260330,20260629,회사채,KRW,,5000000000,5000000000,68,A1,,A1,,바이오스마트,외부 신용보강,금융기관,한국산업은행
66182,케이디비첨단전략이에스지제팔차,KRZFA87712GF,케이디비첨단전략이에스지제팔차 20260330-91-35,N,20260330,20260629,회사채,KRW,,5000000000,5000000000,68,A1,,A1,,(주)에티버스,외부 신용보강,금융기관,한국산업은행
66182,케이디비첨단전략이에스지제팔차,KRZFA87712GF,케이디비첨단전략이에스지제팔차 20260330-91-35,N,20260330,20260629,회사채,KRW,,5000000000,5000000000,68,A1,,A1,,에이제이네트웍스,외부 신용보강,금융기관,한국산업은행
66182,케이디비첨단전략이에스지제팔차,KRZFA87712GF,케이디비첨단전략이에스지제팔차 20260330-91-35,N,20260330,20260629,회사채,KRW,,5000000000,5000000000,68,A1,,A1,,새한산업,외부 신용보강,금융기관,한국산업은행
66182,케이디비첨단전략이에스지제팔차,KRZFA87712GF,케이디비첨단전략이에스지제팔차 20260330-91-35,N,20260330,20260629,회사채,KRW,,5000000000,5000000000,68,A1,,A1,,디섹,외부 신용보강,금융기관,한국산업은행
66182,케이디비첨단전략이에스지제팔차,KRZFA87712GF,케이디비첨단전략이에스지제팔차 20260330-91-35,N,20260330,20260629,회사채,KRW,,5000000000,5000000000,68,A1,,A1,,모트렉스,외부 신용보강,금융기관,한국산업은행
66182,케이디비첨단전략이에스지제팔차,KRZFA87712GF,케이디비첨단전략이에스지제팔차 20260330-91-35,N,20260330,20260629,회사채,KRW,,5000000000,5000000000,68,A1,,A1,,동인기연,외부 신용보강,금융기관,한국산업은행
66182,케이디비첨단전략이에스지제팔차,KRZFA87712GF,케이디비첨단전략이에스지제팔차 20260330-91-35,N,20260330,20260629,회사채,KRW,,5000000000,5000000000,68,A1,,A1,,(주)에티버스이비티,외부 신용보강,금융기관,한국산업은행
66182,케이디비첨단전략이에스지제팔차,KRZFA87713GF,케이디비첨단전략이에스지제팔차 20260330-91-36,N,20260330,20260629,회사채,KRW,,5000000000,5000000000,68,A1,,A1,,(주)씨티알,외부 신용보강,금융기관,한국산업은행
66182,케이디비첨단전략이에스지제팔차,KRZFA87713GF,케이디비첨단전략이에스지제팔차 20260330-91-36,N,20260330,20260629,회사채,KRW,,5000000000,5000000000,68,A1,,A1,,서진산업,외부 신용보강,금융기관,한국산업은행
66182,케이디비첨단전략이에스지제팔차,KRZFA87713GF,케이디비첨단전략이에스지제팔차 20260330-91-36,N,20260330,20260629,회사채,KRW,,5000000000,5000000000,68,A1,,A1,,바이오스마트,외부 신용보강,금융기관,한국산업은행
66182,케이디비첨단전략이에스지제팔차,KRZFA87713GF,케이디비첨단전략이에스지제팔차 20260330-91-36,N,20260330,20260629,회사채,KRW,,5000000000,5000000000,68,A1,,A1,,(주)에티버스,외부 신용보강,금융기관,한국산업은행
66182,케이디비첨단전략이에스지제팔차,KRZFA87713GF,케이디비첨단전략이에스지제팔차 20260330-91-36,N,20260330,20260629,회사채,KRW,,5000000000,5000000000,68,A1,,A1,,에이제이네트웍스,외부 신용보강,금융기관,한국산업은행
66182,케이디비첨단전략이에스지제팔차,KRZFA87713GF,케이디비첨단전략이에스지제팔차 20260330-91-36,N,20260330,20260629,회사채,KRW,,5000000000,5000000000,68,A1,,A1,,새한산업,외부 신용보강,금융기관,한국산업은행
66182,케이디비첨단전략이에스지제팔차,KRZFA87713GF,케이디비첨단전략이에스지제팔차 20260330-91-36,N,20260330,20260629,회사채,KRW,,5000000000,5000000000,68,A1,,A1,,디섹,외부 신용보강,금융기관,한국산업은행
66182,케이디비첨단전략이에스지제팔차,KRZFA87713GF,케이디비첨단전략이에스지제팔차 20260330-91-36,N,20260330,20260629,회사채,KRW,,5000000000,5000000000,68,A1,,A1,,모트렉스,외부 신용보강,금융기관,한국산업은행
66182,케이디비첨단전략이에스지제팔차,KRZFA87713GF,케이디비첨단전략이에스지제팔차 20260330-91-36,N,20260330,20260629,회사채,KRW,,5000000000,5000000000,68,A1,,A1,,동인기연,외부 신용보강,금융기관,한국산업은행
66182,케이디비첨단전략이에스지제팔차,KRZFA87713GF,케이디비첨단전략이에스지제팔차 20260330-91-36,N,20260330,20260629,회사채,KRW,,5000000000,5000000000,68,A1,,A1,,(주)에티버스이비티,외부 신용보강,금융기관,한국산업은행
66182,케이디비첨단전략이에스지제팔차,KRZFA87714GF,케이디비첨단전략이에스지제팔차 20260330-91-37,N,20260330,20260629,회사채,KRW,,5000000000,5000000000,68,A1,,A1,,(주)씨티알,외부 신용보강,금융기관,한국산업은행
66182,케이디비첨단전략이에스지제팔차,KRZFA87714GF,케이디비첨단전략이에스지제팔차 20260330-91-37,N,20260330,20260629,회사채,KRW,,5000000000,5000000000,68,A1,,A1,,서진산업,외부 신용보강,금융기관,한국산업은행
66182,케이디비첨단전략이에스지제팔차,KRZFA87714GF,케이디비첨단전략이에스지제팔차 20260330-91-37,N,20260330,20260629,회사채,KRW,,5000000000,5000000000,68,A1,,A1,,바이오스마트,외부 신용보강,금융기관,한국산업은행
66182,케이디비첨단전략이에스지제팔차,KRZFA87714GF,케이디비첨단전략이에스지제팔차 20260330-91-37,N,20260330,20260629,회사채,KRW,,5000000000,5000000000,68,A1,,A1,,(주)에티버스,외부 신용보강,금융기관,한국산업은행
66182,케이디비첨단전략이에스지제팔차,KRZFA87714GF,케이디비첨단전략이에스지제팔차 20260330-91-37,N,20260330,20260629,회사채,KRW,,5000000000,5000000000,68,A1,,A1,,에이제이네트웍스,외부 신용보강,금융기관,한국산업은행
66182,케이디비첨단전략이에스지제팔차,KRZFA87714GF,케이디비첨단전략이에스지제팔차 20260330-91-37,N,20260330,20260629,회사채,KRW,,5000000000,5000000000,68,A1,,A1,,새한산업,외부 신용보강,금융기관,한국산업은행
66182,케이디비첨단전략이에스지제팔차,KRZFA87714GF,케이디비첨단전략이에스지제팔차 20260330-91-37,N,20260330,20260629,회사채,KRW,,5000000000,5000000000,68,A1,,A1,,디섹,외부 신용보강,금융기관,한국산업은행
66182,케이디비첨단전략이에스지제팔차,KRZFA87714GF,케이디비첨단전략이에스지제팔차 20260330-91-37,N,20260330,20260629,회사채,KRW,,5000000000,5000000000,68,A1,,A1,,모트렉스,외부 신용보강,금융기관,한국산업은행
66182,케이디비첨단전략이에스지제팔차,KRZFA87714GF,케이디비첨단전략이에스지제팔차 20260330-91-37,N,20260330,20260629,회사채,KRW,,5000000000,5000000000,68,A1,,A1,,동인기연,외부 신용보강,금융기관,한국산업은행
66182,케이디비첨단전략이에스지제팔차,KRZFA87714GF,케이디비첨단전략이에스지제팔차 20260330-91-37,N,20260330,20260629,회사채,KRW,,5000000000,5000000000,68,A1,,A1,,(주)에티버스이비티,외부 신용보강,금융기관,한국산업은행
66182,케이디비첨단전략이에스지제팔차,KRZFA87715GF,케이디비첨단전략이에스지제팔차 20260330-91-38,N,20260330,20260629,회사채,KRW,,5000000000,5000000000,68,A1,,A1,,(주)씨티알,외부 신용보강,금융기관,한국산업은행
66182,케이디비첨단전략이에스지제팔차,KRZFA87715GF,케이디비첨단전략이에스지제팔차 20260330-91-38,N,20260330,20260629,회사채,KRW,,5000000000,5000000000,68,A1,,A1,,서진산업,외부 신용보강,금융기관,한국산업은행
66182,케이디비첨단전략이에스지제팔차,KRZFA87715GF,케이디비첨단전략이에스지제팔차 20260330-91-38,N,20260330,20260629,회사채,KRW,,5000000000,5000000000,68,A1,,A1,,바이오스마트,외부 신용보강,금융기관,한국산업은행
66182,케이디비첨단전략이에스지제팔차,KRZFA87715GF,케이디비첨단전략이에스지제팔차 20260330-91-38,N,20260330,20260629,회사채,KRW,,5000000000,5000000000,68,A1,,A1,,(주)에티버스,외부 신용보강,금융기관,한국산업은행
66182,케이디비첨단전략이에스지제팔차,KRZFA87715GF,케이디비첨단전략이에스지제팔차 20260330-91-38,N,20260330,20260629,회사채,KRW,,5000000000,5000000000,68,A1,,A1,,에이제이네트웍스,외부 신용보강,금융기관,한국산업은행
66182,케이디비첨단전략이에스지제팔차,KRZFA87715GF,케이디비첨단전략이에스지제팔차 20260330-91-38,N,20260330,20260629,회사채,KRW,,5000000000,5000000000,68,A1,,A1,,새한산업,외부 신용보강,금융기관,한국산업은행
66182,케이디비첨단전략이에스지제팔차,KRZFA87715GF,케이디비첨단전략이에스지제팔차 20260330-91-38,N,20260330,20260629,회사채,KRW,,5000000000,5000000000,68,A1,,A1,,디섹,외부 신용보강,금융기관,한국산업은행
66182,케이디비첨단전략이에스지제팔차,KRZFA87715GF,케이디비첨단전략이에스지제팔차 20260330-91-38,N,20260330,20260629,회사채,KRW,,5000000000,5000000000,68,A1,,A1,,모트렉스,외부 신용보강,금융기관,한국산업은행
66182,케이디비첨단전략이에스지제팔차,KRZFA87715GF,케이디비첨단전략이에스지제팔차 20260330-91-38,N,20260330,20260629,회사채,KRW,,5000000000,5000000000,68,A1,,A1,,동인기연,외부 신용보강,금융기관,한국산업은행
66182,케이디비첨단전략이에스지제팔차,KRZFA87715GF,케이디비첨단전략이에스지제팔차 20260330-91-38,N,20260330,20260629,회사채,KRW,,5000000000,5000000000,68,A1,,A1,,(주)에티버스이비티,외부 신용보강,금융기관,한국산업은행
66182,케이디비첨단전략이에스지제팔차,KRZFA87716GF,케이디비첨단전략이에스지제팔차 20260330-91-39,N,20260330,20260629,회사채,KRW,,5000000000,5000000000,68,A1,,A1,,(주)씨티알,외부 신용보강,금융기관,한국산업은행
66182,케이디비첨단전략이에스지제팔차,KRZFA87716GF,케이디비첨단전략이에스지제팔차 20260330-91-39,N,20260330,20260629,회사채,KRW,,5000000000,5000000000,68,A1,,A1,,서진산업,외부 신용보강,금융기관,한국산업은행
66182,케이디비첨단전략이에스지제팔차,KRZFA87716GF,케이디비첨단전략이에스지제팔차 20260330-91-39,N,20260330,20260629,회사채,KRW,,5000000000,5000000000,68,A1,,A1,,바이오스마트,외부 신용보강,금융기관,한국산업은행
66182,케이디비첨단전략이에스지제팔차,KRZFA87716GF,케이디비첨단전략이에스지제팔차 20260330-91-39,N,20260330,20260629,회사채,KRW,,5000000000,5000000000,68,A1,,A1,,(주)에티버스,외부 신용보강,금융기관,한국산업은행
66182,케이디비첨단전략이에스지제팔차,KRZFA87716GF,케이디비첨단전략이에스지제팔차 20260330-91-39,N,20260330,20260629,회사채,KRW,,5000000000,5000000000,68,A1,,A1,,에이제이네트웍스,외부 신용보강,금융기관,한국산업은행
66182,케이디비첨단전략이에스지제팔차,KRZFA87716GF,케이디비첨단전략이에스지제팔차 20260330-91-39,N,20260330,20260629,회사채,KRW,,5000000000,5000000000,68,A1,,A1,,새한산업,외부 신용보강,금융기관,한국산업은행
66182,케이디비첨단전략이에스지제팔차,KRZFA87716GF,케이디비첨단전략이에스지제팔차 20260330-91-39,N,20260330,20260629,회사채,KRW,,5000000000,5000000000,68,A1,,A1,,디섹,외부 신용보강,금융기관,한국산업은행
66182,케이디비첨단전략이에스지제팔차,KRZFA87716GF,케이디비첨단전략이에스지제팔차 20260330-91-39,N,20260330,20260629,회사채,KRW,,5000000000,5000000000,68,A1,,A1,,모트렉스,외부 신용보강,금융기관,한국산업은행
66182,케이디비첨단전략이에스지제팔차,KRZFA87716GF,케이디비첨단전략이에스지제팔차 20260330-91-39,N,20260330,20260629,회사채,KRW,,5000000000,5000000000,68,A1,,A1,,동인기연,외부 신용보강,금융기관,한국산업은행
66182,케이디비첨단전략이에스지제팔차,KRZFA87716GF,케이디비첨단전략이에스지제팔차 20260330-91-39,N,20260330,20260629,회사채,KRW,,5000000000,5000000000,68,A1,,A1,,(주)에티버스이비티,외부 신용보강,금융기관,한국산업은행
66182,케이디비첨단전략이에스지제팔차,KRZFA87714G3,케이디비첨단전략이에스지제팔차 20260330-91-4,N,20260330,20260629,회사채,KRW,,5000000000,5000000000,68,A1,,A1,,(주)씨티알,외부 신용보강,금융기관,한국산업은행
66182,케이디비첨단전략이에스지제팔차,KRZFA87714G3,케이디비첨단전략이에스지제팔차 20260330-91-4,N,20260330,20260629,회사채,KRW,,5000000000,5000000000,68,A1,,A1,,서진산업,외부 신용보강,금융기관,한국산업은행
66182,케이디비첨단전략이에스지제팔차,KRZFA87714G3,케이디비첨단전략이에스지제팔차 20260330-91-4,N,20260330,20260629,회사채,KRW,,5000000000,5000000000,68,A1,,A1,,바이오스마트,외부 신용보강,금융기관,한국산업은행
66182,케이디비첨단전략이에스지제팔차,KRZFA87714G3,케이디비첨단전략이에스지제팔차 20260330-91-4,N,20260330,20260629,회사채,KRW,,5000000000,5000000000,68,A1,,A1,,(주)에티버스,외부 신용보강,금융기관,한국산업은행
66182,케이디비첨단전략이에스지제팔차,KRZFA87714G3,케이디비첨단전략이에스지제팔차 20260330-91-4,N,20260330,20260629,회사채,KRW,,5000000000,5000000000,68,A1,,A1,,에이제이네트웍스,외부 신용보강,금융기관,한국산업은행
66182,케이디비첨단전략이에스지제팔차,KRZFA87714G3,케이디비첨단전략이에스지제팔차 20260330-91-4,N,20260330,20260629,회사채,KRW,,5000000000,5000000000,68,A1,,A1,,새한산업,외부 신용보강,금융기관,한국산업은행
66182,케이디비첨단전략이에스지제팔차,KRZFA87714G3,케이디비첨단전략이에스지제팔차 20260330-91-4,N,20260330,20260629,회사채,KRW,,5000000000,5000000000,68,A1,,A1,,디섹,외부 신용보강,금융기관,한국산업은행
66182,케이디비첨단전략이에스지제팔차,KRZFA87714G3,케이디비첨단전략이에스지제팔차 20260330-91-4,N,20260330,20260629,회사채,KRW,,5000000000,5000000000,68,A1,,A1,,모트렉스,외부 신용보강,금융기관,한국산업은행
66182,케이디비첨단전략이에스지제팔차,KRZFA87714G3,케이디비첨단전략이에스지제팔차 20260330-91-4,N,20260330,20260629,회사채,KRW,,5000000000,5000000000,68,A1,,A1,,동인기연,외부 신용보강,금융기관,한국산업은행
66182,케이디비첨단전략이에스지제팔차,KRZFA87714G3,케이디비첨단전략이에스지제팔차 20260330-91-4,N,20260330,20260629,회사채,KRW,,5000000000,5000000000,68,A1,,A1,,(주)에티버스이비티,외부 신용보강,금융기관,한국산업은행
66182,케이디비첨단전략이에스지제팔차,KRZFA87717GF,케이디비첨단전략이에스지제팔차 20260330-91-40,N,20260330,20260629,회사채,KRW,,5000000000,5000000000,68,A1,,A1,,(주)씨티알,외부 신용보강,금융기관,한국산업은행
66182,케이디비첨단전략이에스지제팔차,KRZFA87717GF,케이디비첨단전략이에스지제팔차 20260330-91-40,N,20260330,20260629,회사채,KRW,,5000000000,5000000000,68,A1,,A1,,서진산업,외부 신용보강,금융기관,한국산업은행
66182,케이디비첨단전략이에스지제팔차,KRZFA87717GF,케이디비첨단전략이에스지제팔차 20260330-91-40,N,20260330,20260629,회사채,KRW,,5000000000,5000000000,68,A1,,A1,,바이오스마트,외부 신용보강,금융기관,한국산업은행
66182,케이디비첨단전략이에스지제팔차,KRZFA87717GF,케이디비첨단전략이에스지제팔차 20260330-91-40,N,20260330,20260629,회사채,KRW,,5000000000,5000000000,68,A1,,A1,,(주)에티버스,외부 신용보강,금융기관,한국산업은행
66182,케이디비첨단전략이에스지제팔차,KRZFA87717GF,케이디비첨단전략이에스지제팔차 20260330-91-40,N,20260330,20260629,회사채,KRW,,5000000000,5000000000,68,A1,,A1,,에이제이네트웍스,외부 신용보강,금융기관,한국산업은행
66182,케이디비첨단전략이에스지제팔차,KRZFA87717GF,케이디비첨단전략이에스지제팔차 20260330-91-40,N,20260330,20260629,회사채,KRW,,5000000000,5000000000,68,A1,,A1,,새한산업,외부 신용보강,금융기관,한국산업은행
66182,케이디비첨단전략이에스지제팔차,KRZFA87717GF,케이디비첨단전략이에스지제팔차 20260330-91-40,N,20260330,20260629,회사채,KRW,,5000000000,5000000000,68,A1,,A1,,디섹,외부 신용보강,금융기관,한국산업은행
66182,케이디비첨단전략이에스지제팔차,KRZFA87717GF,케이디비첨단전략이에스지제팔차 20260330-91-40,N,20260330,20260629,회사채,KRW,,5000000000,5000000000,68,A1,,A1,,모트렉스,외부 신용보강,금융기관,한국산업은행
66182,케이디비첨단전략이에스지제팔차,KRZFA87717GF,케이디비첨단전략이에스지제팔차 20260330-91-40,N,20260330,20260629,회사채,KRW,,5000000000,5000000000,68,A1,,A1,,동인기연,외부 신용보강,금융기관,한국산업은행
66182,케이디비첨단전략이에스지제팔차,KRZFA87717GF,케이디비첨단전략이에스지제팔차 20260330-91-40,N,20260330,20260629,회사채,KRW,,5000000000,5000000000,68,A1,,A1,,(주)에티버스이비티,외부 신용보강,금융기관,한국산업은행
66182,케이디비첨단전략이에스지제팔차,KRZFA87718GF,케이디비첨단전략이에스지제팔차 20260330-91-41,N,20260330,20260629,회사채,KRW,,5000000000,5000000000,68,A1,,A1,,(주)씨티알,외부 신용보강,금융기관,한국산업은행
66182,케이디비첨단전략이에스지제팔차,KRZFA87718GF,케이디비첨단전략이에스지제팔차 20260330-91-41,N,20260330,20260629,회사채,KRW,,5000000000,5000000000,68,A1,,A1,,서진산업,외부 신용보강,금융기관,한국산업은행
66182,케이디비첨단전략이에스지제팔차,KRZFA87718GF,케이디비첨단전략이에스지제팔차 20260330-91-41,N,20260330,20260629,회사채,KRW,,5000000000,5000000000,68,A1,,A1,,바이오스마트,외부 신용보강,금융기관,한국산업은행
66182,케이디비첨단전략이에스지제팔차,KRZFA87718GF,케이디비첨단전략이에스지제팔차 20260330-91-41,N,20260330,20260629,회사채,KRW,,5000000000,5000000000,68,A1,,A1,,(주)에티버스,외부 신용보강,금융기관,한국산업은행
66182,케이디비첨단전략이에스지제팔차,KRZFA87718GF,케이디비첨단전략이에스지제팔차 20260330-91-41,N,20260330,20260629,회사채,KRW,,5000000000,5000000000,68,A1,,A1,,에이제이네트웍스,외부 신용보강,금융기관,한국산업은행
66182,케이디비첨단전략이에스지제팔차,KRZFA87718GF,케이디비첨단전략이에스지제팔차 20260330-91-41,N,20260330,20260629,회사채,KRW,,5000000000,5000000000,68,A1,,A1,,새한산업,외부 신용보강,금융기관,한국산업은행
66182,케이디비첨단전략이에스지제팔차,KRZFA87718GF,케이디비첨단전략이에스지제팔차 20260330-91-41,N,20260330,20260629,회사채,KRW,,5000000000,5000000000,68,A1,,A1,,디섹,외부 신용보강,금융기관,한국산업은행
66182,케이디비첨단전략이에스지제팔차,KRZFA87718GF,케이디비첨단전략이에스지제팔차 20260330-91-41,N,20260330,20260629,회사채,KRW,,5000000000,5000000000,68,A1,,A1,,모트렉스,외부 신용보강,금융기관,한국산업은행
66182,케이디비첨단전략이에스지제팔차,KRZFA87718GF,케이디비첨단전략이에스지제팔차 20260330-91-41,N,20260330,20260629,회사채,KRW,,5000000000,5000000000,68,A1,,A1,,동인기연,외부 신용보강,금융기관,한국산업은행
66182,케이디비첨단전략이에스지제팔차,KRZFA87718GF,케이디비첨단전략이에스지제팔차 20260330-91-41,N,20260330,20260629,회사채,KRW,,5000000000,5000000000,68,A1,,A1,,(주)에티버스이비티,외부 신용보강,금융기관,한국산업은행
66182,케이디비첨단전략이에스지제팔차,KRZFA87719GF,케이디비첨단전략이에스지제팔차 20260330-91-42,N,20260330,20260629,회사채,KRW,,1900000000,1900000000,68,A1,,A1,,(주)씨티알,외부 신용보강,금융기관,한국산업은행
66182,케이디비첨단전략이에스지제팔차,KRZFA87719GF,케이디비첨단전략이에스지제팔차 20260330-91-42,N,20260330,20260629,회사채,KRW,,1900000000,1900000000,68,A1,,A1,,서진산업,외부 신용보강,금융기관,한국산업은행
66182,케이디비첨단전략이에스지제팔차,KRZFA87719GF,케이디비첨단전략이에스지제팔차 20260330-91-42,N,20260330,20260629,회사채,KRW,,1900000000,1900000000,68,A1,,A1,,바이오스마트,외부 신용보강,금융기관,한국산업은행
66182,케이디비첨단전략이에스지제팔차,KRZFA87719GF,케이디비첨단전략이에스지제팔차 20260330-91-42,N,20260330,20260629,회사채,KRW,,1900000000,1900000000,68,A1,,A1,,(주)에티버스,외부 신용보강,금융기관,한국산업은행
66182,케이디비첨단전략이에스지제팔차,KRZFA87719GF,케이디비첨단전략이에스지제팔차 20260330-91-42,N,20260330,20260629,회사채,KRW,,1900000000,1900000000,68,A1,,A1,,에이제이네트웍스,외부 신용보강,금융기관,한국산업은행
66182,케이디비첨단전략이에스지제팔차,KRZFA87719GF,케이디비첨단전략이에스지제팔차 20260330-91-42,N,20260330,20260629,회사채,KRW,,1900000000,1900000000,68,A1,,A1,,새한산업,외부 신용보강,금융기관,한국산업은행
66182,케이디비첨단전략이에스지제팔차,KRZFA87719GF,케이디비첨단전략이에스지제팔차 20260330-91-42,N,20260330,20260629,회사채,KRW,,1900000000,1900000000,68,A1,,A1,,디섹,외부 신용보강,금융기관,한국산업은행
66182,케이디비첨단전략이에스지제팔차,KRZFA87719GF,케이디비첨단전략이에스지제팔차 20260330-91-42,N,20260330,20260629,회사채,KRW,,1900000000,1900000000,68,A1,,A1,,모트렉스,외부 신용보강,금융기관,한국산업은행
66182,케이디비첨단전략이에스지제팔차,KRZFA87719GF,케이디비첨단전략이에스지제팔차 20260330-91-42,N,20260330,20260629,회사채,KRW,,1900000000,1900000000,68,A1,,A1,,동인기연,외부 신용보강,금융기관,한국산업은행
66182,케이디비첨단전략이에스지제팔차,KRZFA87719GF,케이디비첨단전략이에스지제팔차 20260330-91-42,N,20260330,20260629,회사채,KRW,,1900000000,1900000000,68,A1,,A1,,(주)에티버스이비티,외부 신용보강,금융기관,한국산업은행
66182,케이디비첨단전략이에스지제팔차,KRZFA87715G3,케이디비첨단전략이에스지제팔차 20260330-91-5,N,20260330,20260629,회사채,KRW,,5000000000,5000000000,68,A1,,A1,,(주)씨티알,외부 신용보강,금융기관,한국산업은행
66182,케이디비첨단전략이에스지제팔차,KRZFA87715G3,케이디비첨단전략이에스지제팔차 20260330-91-5,N,20260330,20260629,회사채,KRW,,5000000000,5000000000,68,A1,,A1,,서진산업,외부 신용보강,금융기관,한국산업은행
66182,케이디비첨단전략이에스지제팔차,KRZFA87715G3,케이디비첨단전략이에스지제팔차 20260330-91-5,N,20260330,20260629,회사채,KRW,,5000000000,5000000000,68,A1,,A1,,바이오스마트,외부 신용보강,금융기관,한국산업은행
66182,케이디비첨단전략이에스지제팔차,KRZFA87715G3,케이디비첨단전략이에스지제팔차 20260330-91-5,N,20260330,20260629,회사채,KRW,,5000000000,5000000000,68,A1,,A1,,(주)에티버스,외부 신용보강,금융기관,한국산업은행
66182,케이디비첨단전략이에스지제팔차,KRZFA87715G3,케이디비첨단전략이에스지제팔차 20260330-91-5,N,20260330,20260629,회사채,KRW,,5000000000,5000000000,68,A1,,A1,,에이제이네트웍스,외부 신용보강,금융기관,한국산업은행
66182,케이디비첨단전략이에스지제팔차,KRZFA87715G3,케이디비첨단전략이에스지제팔차 20260330-91-5,N,20260330,20260629,회사채,KRW,,5000000000,5000000000,68,A1,,A1,,새한산업,외부 신용보강,금융기관,한국산업은행
66182,케이디비첨단전략이에스지제팔차,KRZFA87715G3,케이디비첨단전략이에스지제팔차 20260330-91-5,N,20260330,20260629,회사채,KRW,,5000000000,5000000000,68,A1,,A1,,디섹,외부 신용보강,금융기관,한국산업은행
66182,케이디비첨단전략이에스지제팔차,KRZFA87715G3,케이디비첨단전략이에스지제팔차 20260330-91-5,N,20260330,20260629,회사채,KRW,,5000000000,5000000000,68,A1,,A1,,모트렉스,외부 신용보강,금융기관,한국산업은행
66182,케이디비첨단전략이에스지제팔차,KRZFA87715G3,케이디비첨단전략이에스지제팔차 20260330-91-5,N,20260330,20260629,회사채,KRW,,5000000000,5000000000,68,A1,,A1,,동인기연,외부 신용보강,금융기관,한국산업은행
66182,케이디비첨단전략이에스지제팔차,KRZFA87715G3,케이디비첨단전략이에스지제팔차 20260330-91-5,N,20260330,20260629,회사채,KRW,,5000000000,5000000000,68,A1,,A1,,(주)에티버스이비티,외부 신용보강,금융기관,한국산업은행
66182,케이디비첨단전략이에스지제팔차,KRZFA87716G3,케이디비첨단전략이에스지제팔차 20260330-91-6,N,20260330,20260629,회사채,KRW,,5000000000,5000000000,68,A1,,A1,,(주)씨티알,외부 신용보강,금융기관,한국산업은행
66182,케이디비첨단전략이에스지제팔차,KRZFA87716G3,케이디비첨단전략이에스지제팔차 20260330-91-6,N,20260330,20260629,회사채,KRW,,5000000000,5000000000,68,A1,,A1,,서진산업,외부 신용보강,금융기관,한국산업은행
66182,케이디비첨단전략이에스지제팔차,KRZFA87716G3,케이디비첨단전략이에스지제팔차 20260330-91-6,N,20260330,20260629,회사채,KRW,,5000000000,5000000000,68,A1,,A1,,바이오스마트,외부 신용보강,금융기관,한국산업은행
66182,케이디비첨단전략이에스지제팔차,KRZFA87716G3,케이디비첨단전략이에스지제팔차 20260330-91-6,N,20260330,20260629,회사채,KRW,,5000000000,5000000000,68,A1,,A1,,(주)에티버스,외부 신용보강,금융기관,한국산업은행
66182,케이디비첨단전략이에스지제팔차,KRZFA87716G3,케이디비첨단전략이에스지제팔차 20260330-91-6,N,20260330,20260629,회사채,KRW,,5000000000,5000000000,68,A1,,A1,,에이제이네트웍스,외부 신용보강,금융기관,한국산업은행
66182,케이디비첨단전략이에스지제팔차,KRZFA87716G3,케이디비첨단전략이에스지제팔차 20260330-91-6,N,20260330,20260629,회사채,KRW,,5000000000,5000000000,68,A1,,A1,,새한산업,외부 신용보강,금융기관,한국산업은행
66182,케이디비첨단전략이에스지제팔차,KRZFA87716G3,케이디비첨단전략이에스지제팔차 20260330-91-6,N,20260330,20260629,회사채,KRW,,5000000000,5000000000,68,A1,,A1,,디섹,외부 신용보강,금융기관,한국산업은행
66182,케이디비첨단전략이에스지제팔차,KRZFA87716G3,케이디비첨단전략이에스지제팔차 20260330-91-6,N,20260330,20260629,회사채,KRW,,5000000000,5000000000,68,A1,,A1,,모트렉스,외부 신용보강,금융기관,한국산업은행
66182,케이디비첨단전략이에스지제팔차,KRZFA87716G3,케이디비첨단전략이에스지제팔차 20260330-91-6,N,20260330,20260629,회사채,KRW,,5000000000,5000000000,68,A1,,A1,,동인기연,외부 신용보강,금융기관,한국산업은행
66182,케이디비첨단전략이에스지제팔차,KRZFA87716G3,케이디비첨단전략이에스지제팔차 20260330-91-6,N,20260330,20260629,회사채,KRW,,5000000000,5000000000,68,A1,,A1,,(주)에티버스이비티,외부 신용보강,금융기관,한국산업은행
66182,케이디비첨단전략이에스지제팔차,KRZFA87717G3,케이디비첨단전략이에스지제팔차 20260330-91-7,N,20260330,20260629,회사채,KRW,,5000000000,5000000000,68,A1,,A1,,(주)씨티알,외부 신용보강,금융기관,한국산업은행
66182,케이디비첨단전략이에스지제팔차,KRZFA87717G3,케이디비첨단전략이에스지제팔차 20260330-91-7,N,20260330,20260629,회사채,KRW,,5000000000,5000000000,68,A1,,A1,,서진산업,외부 신용보강,금융기관,한국산업은행
66182,케이디비첨단전략이에스지제팔차,KRZFA87717G3,케이디비첨단전략이에스지제팔차 20260330-91-7,N,20260330,20260629,회사채,KRW,,5000000000,5000000000,68,A1,,A1,,바이오스마트,외부 신용보강,금융기관,한국산업은행
66182,케이디비첨단전략이에스지제팔차,KRZFA87717G3,케이디비첨단전략이에스지제팔차 20260330-91-7,N,20260330,20260629,회사채,KRW,,5000000000,5000000000,68,A1,,A1,,(주)에티버스,외부 신용보강,금융기관,한국산업은행
66182,케이디비첨단전략이에스지제팔차,KRZFA87717G3,케이디비첨단전략이에스지제팔차 20260330-91-7,N,20260330,20260629,회사채,KRW,,5000000000,5000000000,68,A1,,A1,,에이제이네트웍스,외부 신용보강,금융기관,한국산업은행
66182,케이디비첨단전략이에스지제팔차,KRZFA87717G3,케이디비첨단전략이에스지제팔차 20260330-91-7,N,20260330,20260629,회사채,KRW,,5000000000,5000000000,68,A1,,A1,,새한산업,외부 신용보강,금융기관,한국산업은행
66182,케이디비첨단전략이에스지제팔차,KRZFA87717G3,케이디비첨단전략이에스지제팔차 20260330-91-7,N,20260330,20260629,회사채,KRW,,5000000000,5000000000,68,A1,,A1,,디섹,외부 신용보강,금융기관,한국산업은행
66182,케이디비첨단전략이에스지제팔차,KRZFA87717G3,케이디비첨단전략이에스지제팔차 20260330-91-7,N,20260330,20260629,회사채,KRW,,5000000000,5000000000,68,A1,,A1,,모트렉스,외부 신용보강,금융기관,한국산업은행
66182,케이디비첨단전략이에스지제팔차,KRZFA87717G3,케이디비첨단전략이에스지제팔차 20260330-91-7,N,20260330,20260629,회사채,KRW,,5000000000,5000000000,68,A1,,A1,,동인기연,외부 신용보강,금융기관,한국산업은행
66182,케이디비첨단전략이에스지제팔차,KRZFA87717G3,케이디비첨단전략이에스지제팔차 20260330-91-7,N,20260330,20260629,회사채,KRW,,5000000000,5000000000,68,A1,,A1,,(주)에티버스이비티,외부 신용보강,금융기관,한국산업은행
66182,케이디비첨단전략이에스지제팔차,KRZFA87718G3,케이디비첨단전략이에스지제팔차 20260330-91-8,N,20260330,20260629,회사채,KRW,,5000000000,5000000000,68,A1,,A1,,(주)씨티알,외부 신용보강,금융기관,한국산업은행
66182,케이디비첨단전략이에스지제팔차,KRZFA87718G3,케이디비첨단전략이에스지제팔차 20260330-91-8,N,20260330,20260629,회사채,KRW,,5000000000,5000000000,68,A1,,A1,,서진산업,외부 신용보강,금융기관,한국산업은행
66182,케이디비첨단전략이에스지제팔차,KRZFA87718G3,케이디비첨단전략이에스지제팔차 20260330-91-8,N,20260330,20260629,회사채,KRW,,5000000000,5000000000,68,A1,,A1,,바이오스마트,외부 신용보강,금융기관,한국산업은행
66182,케이디비첨단전략이에스지제팔차,KRZFA87718G3,케이디비첨단전략이에스지제팔차 20260330-91-8,N,20260330,20260629,회사채,KRW,,5000000000,5000000000,68,A1,,A1,,(주)에티버스,외부 신용보강,금융기관,한국산업은행
66182,케이디비첨단전략이에스지제팔차,KRZFA87718G3,케이디비첨단전략이에스지제팔차 20260330-91-8,N,20260330,20260629,회사채,KRW,,5000000000,5000000000,68,A1,,A1,,에이제이네트웍스,외부 신용보강,금융기관,한국산업은행
66182,케이디비첨단전략이에스지제팔차,KRZFA87718G3,케이디비첨단전략이에스지제팔차 20260330-91-8,N,20260330,20260629,회사채,KRW,,5000000000,5000000000,68,A1,,A1,,새한산업,외부 신용보강,금융기관,한국산업은행
66182,케이디비첨단전략이에스지제팔차,KRZFA87718G3,케이디비첨단전략이에스지제팔차 20260330-91-8,N,20260330,20260629,회사채,KRW,,5000000000,5000000000,68,A1,,A1,,디섹,외부 신용보강,금융기관,한국산업은행
66182,케이디비첨단전략이에스지제팔차,KRZFA87718G3,케이디비첨단전략이에스지제팔차 20260330-91-8,N,20260330,20260629,회사채,KRW,,5000000000,5000000000,68,A1,,A1,,모트렉스,외부 신용보강,금융기관,한국산업은행
66182,케이디비첨단전략이에스지제팔차,KRZFA87718G3,케이디비첨단전략이에스지제팔차 20260330-91-8,N,20260330,20260629,회사채,KRW,,5000000000,5000000000,68,A1,,A1,,동인기연,외부 신용보강,금융기관,한국산업은행
66182,케이디비첨단전략이에스지제팔차,KRZFA87718G3,케이디비첨단전략이에스지제팔차 20260330-91-8,N,20260330,20260629,회사채,KRW,,5000000000,5000000000,68,A1,,A1,,(주)에티버스이비티,외부 신용보강,금융기관,한국산업은행
66182,케이디비첨단전략이에스지제팔차,KRZFA87719G3,케이디비첨단전략이에스지제팔차 20260330-91-9,N,20260330,20260629,회사채,KRW,,5000000000,5000000000,68,A1,,A1,,(주)씨티알,외부 신용보강,금융기관,한국산업은행
66182,케이디비첨단전략이에스지제팔차,KRZFA87719G3,케이디비첨단전략이에스지제팔차 20260330-91-9,N,20260330,20260629,회사채,KRW,,5000000000,5000000000,68,A1,,A1,,서진산업,외부 신용보강,금융기관,한국산업은행
66182,케이디비첨단전략이에스지제팔차,KRZFA87719G3,케이디비첨단전략이에스지제팔차 20260330-91-9,N,20260330,20260629,회사채,KRW,,5000000000,5000000000,68,A1,,A1,,바이오스마트,외부 신용보강,금융기관,한국산업은행
66182,케이디비첨단전략이에스지제팔차,KRZFA87719G3,케이디비첨단전략이에스지제팔차 20260330-91-9,N,20260330,20260629,회사채,KRW,,5000000000,5000000000,68,A1,,A1,,(주)에티버스,외부 신용보강,금융기관,한국산업은행
66182,케이디비첨단전략이에스지제팔차,KRZFA87719G3,케이디비첨단전략이에스지제팔차 20260330-91-9,N,20260330,20260629,회사채,KRW,,5000000000,5000000000,68,A1,,A1,,에이제이네트웍스,외부 신용보강,금융기관,한국산업은행
66182,케이디비첨단전략이에스지제팔차,KRZFA87719G3,케이디비첨단전략이에스지제팔차 20260330-91-9,N,20260330,20260629,회사채,KRW,,5000000000,5000000000,68,A1,,A1,,새한산업,외부 신용보강,금융기관,한국산업은행
66182,케이디비첨단전략이에스지제팔차,KRZFA87719G3,케이디비첨단전략이에스지제팔차 20260330-91-9,N,20260330,20260629,회사채,KRW,,5000000000,5000000000,68,A1,,A1,,디섹,외부 신용보강,금융기관,한국산업은행
66182,케이디비첨단전략이에스지제팔차,KRZFA87719G3,케이디비첨단전략이에스지제팔차 20260330-91-9,N,20260330,20260629,회사채,KRW,,5000000000,5000000000,68,A1,,A1,,모트렉스,외부 신용보강,금융기관,한국산업은행
66182,케이디비첨단전략이에스지제팔차,KRZFA87719G3,케이디비첨단전략이에스지제팔차 20260330-91-9,N,20260330,20260629,회사채,KRW,,5000000000,5000000000,68,A1,,A1,,동인기연,외부 신용보강,금융기관,한국산업은행
66182,케이디비첨단전략이에스지제팔차,KRZFA87719G3,케이디비첨단전략이에스지제팔차 20260330-91-9,N,20260330,20260629,회사채,KRW,,5000000000,5000000000,68,A1,,A1,,(주)에티버스이비티,외부 신용보강,금융기관,한국산업은행
70712,케이비글라스제일차,KRZF0081W1G3,케이비글라스제일차 20260330-92-1,N,20260330,20260630,대출채권,KRW,,5000000000,5000000000,69,A1,A1,,,(주)엘엑스글라스,차환발행위험(유동성 공여형 매입약정),금융기관,국민은행
70712,케이비글라스제일차,KRZF0081W2G3,케이비글라스제일차 20260330-92-2,N,20260330,20260630,대출채권,KRW,,5000000000,5000000000,69,A1,A1,,,(주)엘엑스글라스,차환발행위험(유동성 공여형 매입약정),금융기관,국민은행
70712,케이비글라스제일차,KRZF0081W3G3,케이비글라스제일차 20260330-92-3,N,20260330,20260630,대출채권,KRW,,5000000000,5000000000,69,A1,A1,,,(주)엘엑스글라스,차환발행위험(유동성 공여형 매입약정),금융기관,국민은행
70712,케이비글라스제일차,KRZF0081W4G3,케이비글라스제일차 20260330-92-4,N,20260330,20260630,대출채권,KRW,,5000000000,5000000000,69,A1,A1,,,(주)엘엑스글라스,차환발행위험(유동성 공여형 매입약정),금융기관,국민은행
71982,케이비용산제일차,KRZF0116D1G3,케이비용산제일차 20260330-92-1,Y,20260330,20260630,PF대출채권,KRW,,5000000000,5000000000,69,A1,A1,,,(주)에이치디씨아이파크제1호위탁관리부동산투자회사,차환발행위험(유동성 공여형 매입약정),금융기관,국민은행
71982,케이비용산제일차,KRZF0116DAG3,케이비용산제일차 20260330-92-10,Y,20260330,20260630,PF대출채권,KRW,,5000000000,5000000000,69,A1,A1,,,(주)에이치디씨아이파크제1호위탁관리부동산투자회사,차환발행위험(유동성 공여형 매입약정),금융기관,국민은행
71982,케이비용산제일차,KRZF0116DBG3,케이비용산제일차 20260330-92-11,Y,20260330,20260630,PF대출채권,KRW,,5000000000,5000000000,69,A1,A1,,,(주)에이치디씨아이파크제1호위탁관리부동산투자회사,차환발행위험(유동성 공여형 매입약정),금융기관,국민은행
71982,케이비용산제일차,KRZF0116DCG3,케이비용산제일차 20260330-92-12,Y,20260330,20260630,PF대출채권,KRW,,5000000000,5000000000,69,A1,A1,,,(주)에이치디씨아이파크제1호위탁관리부동산투자회사,차환발행위험(유동성 공여형 매입약정),금융기관,국민은행
71982,케이비용산제일차,KRZF0116DDG3,케이비용산제일차 20260330-92-13,Y,20260330,20260630,PF대출채권,KRW,,5000000000,5000000000,69,A1,A1,,,(주)에이치디씨아이파크제1호위탁관리부동산투자회사,차환발행위험(유동성 공여형 매입약정),금융기관,국민은행
71982,케이비용산제일차,KRZF0116DEG3,케이비용산제일차 20260330-92-14,Y,20260330,20260630,PF대출채권,KRW,,5000000000,5000000000,69,A1,A1,,,(주)에이치디씨아이파크제1호위탁관리부동산투자회사,차환발행위험(유동성 공여형 매입약정),금융기관,국민은행
71982,케이비용산제일차,KRZF0116DFG3,케이비용산제일차 20260330-92-15,Y,20260330,20260630,PF대출채권,KRW,,5000000000,5000000000,69,A1,A1,,,(주)에이치디씨아이파크제1호위탁관리부동산투자회사,차환발행위험(유동성 공여형 매입약정),금융기관,국민은행
71982,케이비용산제일차,KRZF0116DGG3,케이비용산제일차 20260330-92-16,Y,20260330,20260630,PF대출채권,KRW,,5000000000,5000000000,69,A1,A1,,,(주)에이치디씨아이파크제1호위탁관리부동산투자회사,차환발행위험(유동성 공여형 매입약정),금융기관,국민은행
71982,케이비용산제일차,KRZF0116DHG3,케이비용산제일차 20260330-92-17,Y,20260330,20260630,PF대출채권,KRW,,5000000000,5000000000,69,A1,A1,,,(주)에이치디씨아이파크제1호위탁관리부동산투자회사,차환발행위험(유동성 공여형 매입약정),금융기관,국민은행
71982,케이비용산제일차,KRZF0116DJG3,케이비용산제일차 20260330-92-18,Y,20260330,20260630,PF대출채권,KRW,,5000000000,5000000000,69,A1,A1,,,(주)에이치디씨아이파크제1호위탁관리부동산투자회사,차환발행위험(유동성 공여형 매입약정),금융기관,국민은행
71982,케이비용산제일차,KRZF0116DKG3,케이비용산제일차 20260330-92-19,Y,20260330,20260630,PF대출채권,KRW,,5000000000,5000000000,69,A1,A1,,,(주)에이치디씨아이파크제1호위탁관리부동산투자회사,차환발행위험(유동성 공여형 매입약정),금융기관,국민은행
71982,케이비용산제일차,KRZF0116D2G3,케이비용산제일차 20260330-92-2,Y,20260330,20260630,PF대출채권,KRW,,5000000000,5000000000,69,A1,A1,,,(주)에이치디씨아이파크제1호위탁관리부동산투자회사,차환발행위험(유동성 공여형 매입약정),금융기관,국민은행
71982,케이비용산제일차,KRZF0116DLG3,케이비용산제일차 20260330-92-20,Y,20260330,20260630,PF대출채권,KRW,,5000000000,5000000000,69,A1,A1,,,(주)에이치디씨아이파크제1호위탁관리부동산투자회사,차환발행위험(유동성 공여형 매입약정),금융기관,국민은행
71982,케이비용산제일차,KRZF0116D3G3,케이비용산제일차 20260330-92-3,Y,20260330,20260630,PF대출채권,KRW,,5000000000,5000000000,69,A1,A1,,,(주)에이치디씨아이파크제1호위탁관리부동산투자회사,차환발행위험(유동성 공여형 매입약정),금융기관,국민은행
71982,케이비용산제일차,KRZF0116D4G3,케이비용산제일차 20260330-92-4,Y,20260330,20260630,PF대출채권,KRW,,5000000000,5000000000,69,A1,A1,,,(주)에이치디씨아이파크제1호위탁관리부동산투자회사,차환발행위험(유동성 공여형 매입약정),금융기관,국민은행
71982,케이비용산제일차,KRZF0116D5G3,케이비용산제일차 20260330-92-5,Y,20260330,20260630,PF대출채권,KRW,,5000000000,5000000000,69,A1,A1,,,(주)에이치디씨아이파크제1호위탁관리부동산투자회사,차환발행위험(유동성 공여형 매입약정),금융기관,국민은행
71982,케이비용산제일차,KRZF0116D6G3,케이비용산제일차 20260330-92-6,Y,20260330,20260630,PF대출채권,KRW,,5000000000,5000000000,69,A1,A1,,,(주)에이치디씨아이파크제1호위탁관리부동산투자회사,차환발행위험(유동성 공여형 매입약정),금융기관,국민은행
71982,케이비용산제일차,KRZF0116D7G3,케이비용산제일차 20260330-92-7,Y,20260330,20260630,PF대출채권,KRW,,5000000000,5000000000,69,A1,A1,,,(주)에이치디씨아이파크제1호위탁관리부동산투자회사,차환발행위험(유동성 공여형 매입약정),금융기관,국민은행
71982,케이비용산제일차,KRZF0116D8G3,케이비용산제일차 20260330-92-8,Y,20260330,20260630,PF대출채권,KRW,,5000000000,5000000000,69,A1,A1,,,(주)에이치디씨아이파크제1호위탁관리부동산투자회사,차환발행위험(유동성 공여형 매입약정),금융기관,국민은행
71982,케이비용산제일차,KRZF0116D9G3,케이비용산제일차 20260330-92-9,Y,20260330,20260630,PF대출채권,KRW,,5000000000,5000000000,69,A1,A1,,,(주)에이치디씨아이파크제1호위탁관리부동산투자회사,차환발행위험(유동성 공여형 매입약정),금융기관,국민은행
69826,케이비클래스트제일차,KRZF0048B1G3,케이비클래스트제일차 20260330-31-1,Y,20260330,20260430,PF대출채권,KRW,,10000000000,10000000000,8,A1,A1,,,반포주공1단지주택재건축정비사업조합,차환발행위험(유동성 공여형 매입약정),금융기관,국민은행
69826,케이비클래스트제일차,KRZF0048BAG3,케이비클래스트제일차 20260330-31-10,Y,20260330,20260430,PF대출채권,KRW,,5000000000,5000000000,8,A1,A1,,,반포주공1단지주택재건축정비사업조합,차환발행위험(유동성 공여형 매입약정),금융기관,국민은행
69826,케이비클래스트제일차,KRZF0048BBG3,케이비클래스트제일차 20260330-31-11,Y,20260330,20260430,PF대출채권,KRW,,5000000000,5000000000,8,A1,A1,,,반포주공1단지주택재건축정비사업조합,차환발행위험(유동성 공여형 매입약정),금융기관,국민은행
69826,케이비클래스트제일차,KRZF0048BCG3,케이비클래스트제일차 20260330-31-12,Y,20260330,20260430,PF대출채권,KRW,,5000000000,5000000000,8,A1,A1,,,반포주공1단지주택재건축정비사업조합,차환발행위험(유동성 공여형 매입약정),금융기관,국민은행
69826,케이비클래스트제일차,KRZF0048BDG3,케이비클래스트제일차 20260330-31-13,Y,20260330,20260430,PF대출채권,KRW,,5000000000,5000000000,8,A1,A1,,,반포주공1단지주택재건축정비사업조합,차환발행위험(유동성 공여형 매입약정),금융기관,국민은행
69826,케이비클래스트제일차,KRZF0048BEG3,케이비클래스트제일차 20260330-31-14,Y,20260330,20260430,PF대출채권,KRW,,5000000000,5000000000,8,A1,A1,,,반포주공1단지주택재건축정비사업조합,차환발행위험(유동성 공여형 매입약정),금융기관,국민은행
69826,케이비클래스트제일차,KRZF0048BFG3,케이비클래스트제일차 20260330-31-15,Y,20260330,20260430,PF대출채권,KRW,,5000000000,5000000000,8,A1,A1,,,반포주공1단지주택재건축정비사업조합,차환발행위험(유동성 공여형 매입약정),금융기관,국민은행
69826,케이비클래스트제일차,KRZF0048BGG3,케이비클래스트제일차 20260330-31-16,Y,20260330,20260430,PF대출채권,KRW,,5000000000,5000000000,8,A1,A1,,,반포주공1단지주택재건축정비사업조합,차환발행위험(유동성 공여형 매입약정),금융기관,국민은행
69826,케이비클래스트제일차,KRZF0048BHG3,케이비클래스트제일차 20260330-31-17,Y,20260330,20260430,PF대출채권,KRW,,5000000000,5000000000,8,A1,A1,,,반포주공1단지주택재건축정비사업조합,차환발행위험(유동성 공여형 매입약정),금융기관,국민은행
69826,케이비클래스트제일차,KRZF0048BJG3,케이비클래스트제일차 20260330-31-18,Y,20260330,20260430,PF대출채권,KRW,,4500000000,4500000000,8,A1,A1,,,반포주공1단지주택재건축정비사업조합,차환발행위험(유동성 공여형 매입약정),금융기관,국민은행
69826,케이비클래스트제일차,KRZF0048BKG3,케이비클래스트제일차 20260330-31-19,Y,20260330,20260430,PF대출채권,KRW,,10000000000,10000000000,8,A1,A1,,,반포주공1단지주택재건축정비사업조합,차환발행위험(유동성 공여형 매입약정),금융기관,국민은행
69826,케이비클래스트제일차,KRZF0048B2G3,케이비클래스트제일차 20260330-31-2,Y,20260330,20260430,PF대출채권,KRW,,10000000000,10000000000,8,A1,A1,,,반포주공1단지주택재건축정비사업조합,차환발행위험(유동성 공여형 매입약정),금융기관,국민은행
69826,케이비클래스트제일차,KRZF0048BLG3,케이비클래스트제일차 20260330-31-20,Y,20260330,20260430,PF대출채권,KRW,,10000000000,10000000000,8,A1,A1,,,반포주공1단지주택재건축정비사업조합,차환발행위험(유동성 공여형 매입약정),금융기관,국민은행
69826,케이비클래스트제일차,KRZF0048BMG3,케이비클래스트제일차 20260330-31-21,Y,20260330,20260430,PF대출채권,KRW,,10000000000,10000000000,8,A1,A1,,,반포주공1단지주택재건축정비사업조합,차환발행위험(유동성 공여형 매입약정),금융기관,국민은행
69826,케이비클래스트제일차,KRZF0048BNG3,케이비클래스트제일차 20260330-31-22,Y,20260330,20260430,PF대출채권,KRW,,5500000000,5500000000,8,A1,A1,,,반포주공1단지주택재건축정비사업조합,차환발행위험(유동성 공여형 매입약정),금융기관,국민은행
69826,케이비클래스트제일차,KRZF0048B3G3,케이비클래스트제일차 20260330-31-3,Y,20260330,20260430,PF대출채권,KRW,,10000000000,10000000000,8,A1,A1,,,반포주공1단지주택재건축정비사업조합,차환발행위험(유동성 공여형 매입약정),금융기관,국민은행
69826,케이비클래스트제일차,KRZF0048B4G3,케이비클래스트제일차 20260330-31-4,Y,20260330,20260430,PF대출채권,KRW,,10000000000,10000000000,8,A1,A1,,,반포주공1단지주택재건축정비사업조합,차환발행위험(유동성 공여형 매입약정),금융기관,국민은행
69826,케이비클래스트제일차,KRZF0048B5G3,케이비클래스트제일차 20260330-31-5,Y,20260330,20260430,PF대출채권,KRW,,10000000000,10000000000,8,A1,A1,,,반포주공1단지주택재건축정비사업조합,차환발행위험(유동성 공여형 매입약정),금융기관,국민은행
69826,케이비클래스트제일차,KRZF0048B6G3,케이비클래스트제일차 20260330-31-6,Y,20260330,20260430,PF대출채권,KRW,,5000000000,5000000000,8,A1,A1,,,반포주공1단지주택재건축정비사업조합,차환발행위험(유동성 공여형 매입약정),금융기관,국민은행
69826,케이비클래스트제일차,KRZF0048B7G3,케이비클래스트제일차 20260330-31-7,Y,20260330,20260430,PF대출채권,KRW,,5000000000,5000000000,8,A1,A1,,,반포주공1단지주택재건축정비사업조합,차환발행위험(유동성 공여형 매입약정),금융기관,국민은행
69826,케이비클래스트제일차,KRZF0048B8G3,케이비클래스트제일차 20260330-31-8,Y,20260330,20260430,PF대출채권,KRW,,5000000000,5000000000,8,A1,A1,,,반포주공1단지주택재건축정비사업조합,차환발행위험(유동성 공여형 매입약정),금융기관,국민은행
69826,케이비클래스트제일차,KRZF0048B9G3,케이비클래스트제일차 20260330-31-9,Y,20260330,20260430,PF대출채권,KRW,,5000000000,5000000000,8,A1,A1,,,반포주공1단지주택재건축정비사업조합,차환발행위험(유동성 공여형 매입약정),금융기관,국민은행
72381,케이비프렌즈제일차,KRZF0129E1G3,케이비프렌즈제일차 20260330-31-1,Y,20260330,20260430,PF대출채권,KRW,,20000000000,20000000000,8,A1,A1,,,반포주공1단지주택재건축정비사업조합,차환발행위험(유동성 공여형 매입약정),금융기관,국민은행
72381,케이비프렌즈제일차,KRZF0129EAG3,케이비프렌즈제일차 20260330-31-10,Y,20260330,20260430,PF대출채권,KRW,,10000000000,10000000000,8,A1,A1,,,반포주공1단지주택재건축정비사업조합,차환발행위험(유동성 공여형 매입약정),금융기관,국민은행
72381,케이비프렌즈제일차,KRZF0129EBG3,케이비프렌즈제일차 20260330-31-11,Y,20260330,20260430,PF대출채권,KRW,,10000000000,10000000000,8,A1,A1,,,반포주공1단지주택재건축정비사업조합,차환발행위험(유동성 공여형 매입약정),금융기관,국민은행
72381,케이비프렌즈제일차,KRZF0129ECG3,케이비프렌즈제일차 20260330-31-12,Y,20260330,20260430,PF대출채권,KRW,,10000000000,10000000000,8,A1,A1,,,반포주공1단지주택재건축정비사업조합,차환발행위험(유동성 공여형 매입약정),금융기관,국민은행
72381,케이비프렌즈제일차,KRZF0129EDG3,케이비프렌즈제일차 20260330-31-13,Y,20260330,20260430,PF대출채권,KRW,,10000000000,10000000000,8,A1,A1,,,반포주공1단지주택재건축정비사업조합,차환발행위험(유동성 공여형 매입약정),금융기관,국민은행
72381,케이비프렌즈제일차,KRZF0129EEG3,케이비프렌즈제일차 20260330-31-14,Y,20260330,20260430,PF대출채권,KRW,,10000000000,10000000000,8,A1,A1,,,반포주공1단지주택재건축정비사업조합,차환발행위험(유동성 공여형 매입약정),금융기관,국민은행
72381,케이비프렌즈제일차,KRZF0129EFG3,케이비프렌즈제일차 20260330-31-15,Y,20260330,20260430,PF대출채권,KRW,,10000000000,10000000000,8,A1,A1,,,반포주공1단지주택재건축정비사업조합,차환발행위험(유동성 공여형 매입약정),금융기관,국민은행
72381,케이비프렌즈제일차,KRZF0129EGG3,케이비프렌즈제일차 20260330-31-16,Y,20260330,20260430,PF대출채권,KRW,,10000000000,10000000000,8,A1,A1,,,반포주공1단지주택재건축정비사업조합,차환발행위험(유동성 공여형 매입약정),금융기관,국민은행
72381,케이비프렌즈제일차,KRZF0129EHG3,케이비프렌즈제일차 20260330-31-17,Y,20260330,20260430,PF대출채권,KRW,,10000000000,10000000000,8,A1,A1,,,반포주공1단지주택재건축정비사업조합,차환발행위험(유동성 공여형 매입약정),금융기관,국민은행
72381,케이비프렌즈제일차,KRZF0129EJG3,케이비프렌즈제일차 20260330-31-18,Y,20260330,20260430,PF대출채권,KRW,,10000000000,10000000000,8,A1,A1,,,반포주공1단지주택재건축정비사업조합,차환발행위험(유동성 공여형 매입약정),금융기관,국민은행
72381,케이비프렌즈제일차,KRZF0129EKG3,케이비프렌즈제일차 20260330-31-19,Y,20260330,20260430,PF대출채권,KRW,,10000000000,10000000000,8,A1,A1,,,반포주공1단지주택재건축정비사업조합,차환발행위험(유동성 공여형 매입약정),금융기관,국민은행
72381,케이비프렌즈제일차,KRZF0129E2G3,케이비프렌즈제일차 20260330-31-2,Y,20260330,20260430,PF대출채권,KRW,,20000000000,20000000000,8,A1,A1,,,반포주공1단지주택재건축정비사업조합,차환발행위험(유동성 공여형 매입약정),금융기관,국민은행
72381,케이비프렌즈제일차,KRZF0129ELG3,케이비프렌즈제일차 20260330-31-20,Y,20260330,20260430,PF대출채권,KRW,,10000000000,10000000000,8,A1,A1,,,반포주공1단지주택재건축정비사업조합,차환발행위험(유동성 공여형 매입약정),금융기관,국민은행
72381,케이비프렌즈제일차,KRZF0129EMG3,케이비프렌즈제일차 20260330-31-21,Y,20260330,20260430,PF대출채권,KRW,,10000000000,10000000000,8,A1,A1,,,반포주공1단지주택재건축정비사업조합,차환발행위험(유동성 공여형 매입약정),금융기관,국민은행
72381,케이비프렌즈제일차,KRZF0129ENG3,케이비프렌즈제일차 20260330-31-22,Y,20260330,20260430,PF대출채권,KRW,,10000000000,10000000000,8,A1,A1,,,반포주공1단지주택재건축정비사업조합,차환발행위험(유동성 공여형 매입약정),금융기관,국민은행
72381,케이비프렌즈제일차,KRZF0129EPG3,케이비프렌즈제일차 20260330-31-23,Y,20260330,20260430,PF대출채권,KRW,,10000000000,10000000000,8,A1,A1,,,반포주공1단지주택재건축정비사업조합,차환발행위험(유동성 공여형 매입약정),금융기관,국민은행
72381,케이비프렌즈제일차,KRZF0129EQG3,케이비프렌즈제일차 20260330-31-24,Y,20260330,20260430,PF대출채권,KRW,,10000000000,10000000000,8,A1,A1,,,반포주공1단지주택재건축정비사업조합,차환발행위험(유동성 공여형 매입약정),금융기관,국민은행
72381,케이비프렌즈제일차,KRZF0129ERG3,케이비프렌즈제일차 20260330-31-25,Y,20260330,20260430,PF대출채권,KRW,,10000000000,10000000000,8,A1,A1,,,반포주공1단지주택재건축정비사업조합,차환발행위험(유동성 공여형 매입약정),금융기관,국민은행
72381,케이비프렌즈제일차,KRZF0129ESG3,케이비프렌즈제일차 20260330-31-26,Y,20260330,20260430,PF대출채권,KRW,,10000000000,10000000000,8,A1,A1,,,반포주공1단지주택재건축정비사업조합,차환발행위험(유동성 공여형 매입약정),금융기관,국민은행
72381,케이비프렌즈제일차,KRZF0129ETG3,케이비프렌즈제일차 20260330-31-27,Y,20260330,20260430,PF대출채권,KRW,,10000000000,10000000000,8,A1,A1,,,반포주공1단지주택재건축정비사업조합,차환발행위험(유동성 공여형 매입약정),금융기관,국민은행
72381,케이비프렌즈제일차,KRZF0129EVG3,케이비프렌즈제일차 20260330-31-28,Y,20260330,20260430,PF대출채권,KRW,,10000000000,10000000000,8,A1,A1,,,반포주공1단지주택재건축정비사업조합,차환발행위험(유동성 공여형 매입약정),금융기관,국민은행
72381,케이비프렌즈제일차,KRZF0129EWG3,케이비프렌즈제일차 20260330-31-29,Y,20260330,20260430,PF대출채권,KRW,,5000000000,5000000000,8,A1,A1,,,반포주공1단지주택재건축정비사업조합,차환발행위험(유동성 공여형 매입약정),금융기관,국민은행
72381,케이비프렌즈제일차,KRZF0129E3G3,케이비프렌즈제일차 20260330-31-3,Y,20260330,20260430,PF대출채권,KRW,,20000000000,20000000000,8,A1,A1,,,반포주공1단지주택재건축정비사업조합,차환발행위험(유동성 공여형 매입약정),금융기관,국민은행
72381,케이비프렌즈제일차,KRZF0129EXG3,케이비프렌즈제일차 20260330-31-30,Y,20260330,20260430,PF대출채권,KRW,,10000000000,10000000000,8,A1,A1,,,반포주공1단지주택재건축정비사업조합,차환발행위험(유동성 공여형 매입약정),금융기관,국민은행
72381,케이비프렌즈제일차,KRZF0129EYG3,케이비프렌즈제일차 20260330-31-31,Y,20260330,20260430,PF대출채권,KRW,,10000000000,10000000000,8,A1,A1,,,반포주공1단지주택재건축정비사업조합,차환발행위험(유동성 공여형 매입약정),금융기관,국민은행
72381,케이비프렌즈제일차,KRZF0129EZG3,케이비프렌즈제일차 20260330-31-32,Y,20260330,20260430,PF대출채권,KRW,,10000000000,10000000000,8,A1,A1,,,반포주공1단지주택재건축정비사업조합,차환발행위험(유동성 공여형 매입약정),금융기관,국민은행
72381,케이비프렌즈제일차,KRZF0129E0GF,케이비프렌즈제일차 20260330-31-33,Y,20260330,20260430,PF대출채권,KRW,,10000000000,10000000000,8,A1,A1,,,반포주공1단지주택재건축정비사업조합,차환발행위험(유동성 공여형 매입약정),금융기관,국민은행
72381,케이비프렌즈제일차,KRZF0129E1GF,케이비프렌즈제일차 20260330-31-34,Y,20260330,20260430,PF대출채권,KRW,,10000000000,10000000000,8,A1,A1,,,반포주공1단지주택재건축정비사업조합,차환발행위험(유동성 공여형 매입약정),금융기관,국민은행
72381,케이비프렌즈제일차,KRZF0129E2GF,케이비프렌즈제일차 20260330-31-35,Y,20260330,20260430,PF대출채권,KRW,,10000000000,10000000000,8,A1,A1,,,반포주공1단지주택재건축정비사업조합,차환발행위험(유동성 공여형 매입약정),금융기관,국민은행
72381,케이비프렌즈제일차,KRZF0129E3GF,케이비프렌즈제일차 20260330-31-36,Y,20260330,20260430,PF대출채권,KRW,,10000000000,10000000000,8,A1,A1,,,반포주공1단지주택재건축정비사업조합,차환발행위험(유동성 공여형 매입약정),금융기관,국민은행
72381,케이비프렌즈제일차,KRZF0129E4GF,케이비프렌즈제일차 20260330-31-37,Y,20260330,20260430,PF대출채권,KRW,,10000000000,10000000000,8,A1,A1,,,반포주공1단지주택재건축정비사업조합,차환발행위험(유동성 공여형 매입약정),금융기관,국민은행
72381,케이비프렌즈제일차,KRZF0129E5GF,케이비프렌즈제일차 20260330-31-38,Y,20260330,20260430,PF대출채권,KRW,,10000000000,10000000000,8,A1,A1,,,반포주공1단지주택재건축정비사업조합,차환발행위험(유동성 공여형 매입약정),금융기관,국민은행
72381,케이비프렌즈제일차,KRZF0129E6GF,케이비프렌즈제일차 20260330-31-39,Y,20260330,20260430,PF대출채권,KRW,,10000000000,10000000000,8,A1,A1,,,반포주공1단지주택재건축정비사업조합,차환발행위험(유동성 공여형 매입약정),금융기관,국민은행
72381,케이비프렌즈제일차,KRZF0129E4G3,케이비프렌즈제일차 20260330-31-4,Y,20260330,20260430,PF대출채권,KRW,,20000000000,20000000000,8,A1,A1,,,반포주공1단지주택재건축정비사업조합,차환발행위험(유동성 공여형 매입약정),금융기관,국민은행
72381,케이비프렌즈제일차,KRZF0129E7GF,케이비프렌즈제일차 20260330-31-40,Y,20260330,20260430,PF대출채권,KRW,,5000000000,5000000000,8,A1,A1,,,반포주공1단지주택재건축정비사업조합,차환발행위험(유동성 공여형 매입약정),금융기관,국민은행
72381,케이비프렌즈제일차,KRZF0129E5G3,케이비프렌즈제일차 20260330-31-5,Y,20260330,20260430,PF대출채권,KRW,,20000000000,20000000000,8,A1,A1,,,반포주공1단지주택재건축정비사업조합,차환발행위험(유동성 공여형 매입약정),금융기관,국민은행
72381,케이비프렌즈제일차,KRZF0129E6G3,케이비프렌즈제일차 20260330-31-6,Y,20260330,20260430,PF대출채권,KRW,,10000000000,10000000000,8,A1,A1,,,반포주공1단지주택재건축정비사업조합,차환발행위험(유동성 공여형 매입약정),금융기관,국민은행
72381,케이비프렌즈제일차,KRZF0129E7G3,케이비프렌즈제일차 20260330-31-7,Y,20260330,20260430,PF대출채권,KRW,,10000000000,10000000000,8,A1,A1,,,반포주공1단지주택재건축정비사업조합,차환발행위험(유동성 공여형 매입약정),금융기관,국민은행
72381,케이비프렌즈제일차,KRZF0129E8G3,케이비프렌즈제일차 20260330-31-8,Y,20260330,20260430,PF대출채권,KRW,,10000000000,10000000000,8,A1,A1,,,반포주공1단지주택재건축정비사업조합,차환발행위험(유동성 공여형 매입약정),금융기관,국민은행
72381,케이비프렌즈제일차,KRZF0129E9G3,케이비프렌즈제일차 20260330-31-9,Y,20260330,20260430,PF대출채권,KRW,,10000000000,10000000000,8,A1,A1,,,반포주공1단지주택재건축정비사업조합,차환발행위험(유동성 공여형 매입약정),금융기관,국민은행
73594,케이비한남이제이차,KRZF0160R1G3,케이비한남이제이차 20260330-31-1,Y,20260330,20260430,PF대출채권,KRW,,10000000000,10000000000,8,A1,,A1,,한남2재정비촉진구역주택재개발정비사업조합,차환발행위험(유동성 공여형 매입약정),금융기관,국민은행
73594,케이비한남이제이차,KRZF0160RAG3,케이비한남이제이차 20260330-31-10,Y,20260330,20260430,PF대출채권,KRW,,5000000000,5000000000,8,A1,,A1,,한남2재정비촉진구역주택재개발정비사업조합,차환발행위험(유동성 공여형 매입약정),금융기관,국민은행
73594,케이비한남이제이차,KRZF0160RBG3,케이비한남이제이차 20260330-31-11,Y,20260330,20260430,PF대출채권,KRW,,5000000000,5000000000,8,A1,,A1,,한남2재정비촉진구역주택재개발정비사업조합,차환발행위험(유동성 공여형 매입약정),금융기관,국민은행
73594,케이비한남이제이차,KRZF0160RCG3,케이비한남이제이차 20260330-31-12,Y,20260330,20260430,PF대출채권,KRW,,5000000000,5000000000,8,A1,,A1,,한남2재정비촉진구역주택재개발정비사업조합,차환발행위험(유동성 공여형 매입약정),금융기관,국민은행
73594,케이비한남이제이차,KRZF0160RDG3,케이비한남이제이차 20260330-31-13,Y,20260330,20260430,PF대출채권,KRW,,5000000000,5000000000,8,A1,,A1,,한남2재정비촉진구역주택재개발정비사업조합,차환발행위험(유동성 공여형 매입약정),금융기관,국민은행
73594,케이비한남이제이차,KRZF0160REG3,케이비한남이제이차 20260330-31-14,Y,20260330,20260430,PF대출채권,KRW,,5000000000,5000000000,8,A1,,A1,,한남2재정비촉진구역주택재개발정비사업조합,차환발행위험(유동성 공여형 매입약정),금융기관,국민은행
73594,케이비한남이제이차,KRZF0160RFG3,케이비한남이제이차 20260330-31-15,Y,20260330,20260430,PF대출채권,KRW,,5000000000,5000000000,8,A1,,A1,,한남2재정비촉진구역주택재개발정비사업조합,차환발행위험(유동성 공여형 매입약정),금융기관,국민은행
73594,케이비한남이제이차,KRZF0160RGG3,케이비한남이제이차 20260330-31-16,Y,20260330,20260430,PF대출채권,KRW,,5000000000,5000000000,8,A1,,A1,,한남2재정비촉진구역주택재개발정비사업조합,차환발행위험(유동성 공여형 매입약정),금융기관,국민은행
73594,케이비한남이제이차,KRZF0160RHG3,케이비한남이제이차 20260330-31-17,Y,20260330,20260430,PF대출채권,KRW,,5000000000,5000000000,8,A1,,A1,,한남2재정비촉진구역주택재개발정비사업조합,차환발행위험(유동성 공여형 매입약정),금융기관,국민은행
73594,케이비한남이제이차,KRZF0160RJG3,케이비한남이제이차 20260330-31-18,Y,20260330,20260430,PF대출채권,KRW,,5000000000,5000000000,8,A1,,A1,,한남2재정비촉진구역주택재개발정비사업조합,차환발행위험(유동성 공여형 매입약정),금융기관,국민은행
73594,케이비한남이제이차,KRZF0160RKG3,케이비한남이제이차 20260330-31-19,Y,20260330,20260430,PF대출채권,KRW,,5000000000,5000000000,8,A1,,A1,,한남2재정비촉진구역주택재개발정비사업조합,차환발행위험(유동성 공여형 매입약정),금융기관,국민은행
73594,케이비한남이제이차,KRZF0160R2G3,케이비한남이제이차 20260330-31-2,Y,20260330,20260430,PF대출채권,KRW,,10000000000,10000000000,8,A1,,A1,,한남2재정비촉진구역주택재개발정비사업조합,차환발행위험(유동성 공여형 매입약정),금융기관,국민은행
73594,케이비한남이제이차,KRZF0160RLG3,케이비한남이제이차 20260330-31-20,Y,20260330,20260430,PF대출채권,KRW,,5000000000,5000000000,8,A1,,A1,,한남2재정비촉진구역주택재개발정비사업조합,차환발행위험(유동성 공여형 매입약정),금융기관,국민은행
73594,케이비한남이제이차,KRZF0160RMG3,케이비한남이제이차 20260330-31-21,Y,20260330,20260430,PF대출채권,KRW,,2300000000,2300000000,8,A1,,A1,,한남2재정비촉진구역주택재개발정비사업조합,차환발행위험(유동성 공여형 매입약정),금융기관,국민은행
73594,케이비한남이제이차,KRZF0160R3G3,케이비한남이제이차 20260330-31-3,Y,20260330,20260430,PF대출채권,KRW,,10000000000,10000000000,8,A1,,A1,,한남2재정비촉진구역주택재개발정비사업조합,차환발행위험(유동성 공여형 매입약정),금융기관,국민은행
73594,케이비한남이제이차,KRZF0160R4G3,케이비한남이제이차 20260330-31-4,Y,20260330,20260430,PF대출채권,KRW,,10000000000,10000000000,8,A1,,A1,,한남2재정비촉진구역주택재개발정비사업조합,차환발행위험(유동성 공여형 매입약정),금융기관,국민은행
73594,케이비한남이제이차,KRZF0160R5G3,케이비한남이제이차 20260330-31-5,Y,20260330,20260430,PF대출채권,KRW,,10000000000,10000000000,8,A1,,A1,,한남2재정비촉진구역주택재개발정비사업조합,차환발행위험(유동성 공여형 매입약정),금융기관,국민은행
73594,케이비한남이제이차,KRZF0160R6G3,케이비한남이제이차 20260330-31-6,Y,20260330,20260430,PF대출채권,KRW,,30000000000,30000000000,8,A1,,A1,,한남2재정비촉진구역주택재개발정비사업조합,차환발행위험(유동성 공여형 매입약정),금융기관,국민은행
73594,케이비한남이제이차,KRZF0160R7G3,케이비한남이제이차 20260330-31-7,Y,20260330,20260430,PF대출채권,KRW,,10000000000,10000000000,8,A1,,A1,,한남2재정비촉진구역주택재개발정비사업조합,차환발행위험(유동성 공여형 매입약정),금융기관,국민은행
73594,케이비한남이제이차,KRZF0160R8G3,케이비한남이제이차 20260330-31-8,Y,20260330,20260430,PF대출채권,KRW,,10000000000,10000000000,8,A1,,A1,,한남2재정비촉진구역주택재개발정비사업조합,차환발행위험(유동성 공여형 매입약정),금융기관,국민은행
73594,케이비한남이제이차,KRZF0160R9G3,케이비한남이제이차 20260330-31-9,Y,20260330,20260430,PF대출채권,KRW,,10000000000,10000000000,8,A1,,A1,,한남2재정비촉진구역주택재개발정비사업조합,차환발행위험(유동성 공여형 매입약정),금융기관,국민은행
73593,케이비한남이제일차,KRZF0160P1G3,케이비한남이제일차 20260330-31-1,Y,20260330,20260430,PF대출채권,KRW,,50000000000,50000000000,8,A1,,A1,,한남2재정비촉진구역주택재개발정비사업조합,차환발행위험(유동성 공여형 매입약정),금융기관,국민은행
73593,케이비한남이제일차,KRZF0160PAG3,케이비한남이제일차 20260330-31-10,Y,20260330,20260430,PF대출채권,KRW,,5000000000,5000000000,8,A1,,A1,,한남2재정비촉진구역주택재개발정비사업조합,차환발행위험(유동성 공여형 매입약정),금융기관,국민은행
73593,케이비한남이제일차,KRZF0160PBG3,케이비한남이제일차 20260330-31-11,Y,20260330,20260430,PF대출채권,KRW,,5000000000,5000000000,8,A1,,A1,,한남2재정비촉진구역주택재개발정비사업조합,차환발행위험(유동성 공여형 매입약정),금융기관,국민은행
73593,케이비한남이제일차,KRZF0160PCG3,케이비한남이제일차 20260330-31-12,Y,20260330,20260430,PF대출채권,KRW,,5000000000,5000000000,8,A1,,A1,,한남2재정비촉진구역주택재개발정비사업조합,차환발행위험(유동성 공여형 매입약정),금융기관,국민은행
73593,케이비한남이제일차,KRZF0160PDG3,케이비한남이제일차 20260330-31-13,Y,20260330,20260430,PF대출채권,KRW,,5000000000,5000000000,8,A1,,A1,,한남2재정비촉진구역주택재개발정비사업조합,차환발행위험(유동성 공여형 매입약정),금융기관,국민은행
73593,케이비한남이제일차,KRZF0160PEG3,케이비한남이제일차 20260330-31-14,Y,20260330,20260430,PF대출채권,KRW,,4500000000,4500000000,8,A1,,A1,,한남2재정비촉진구역주택재개발정비사업조합,차환발행위험(유동성 공여형 매입약정),금융기관,국민은행
73593,케이비한남이제일차,KRZF0160P2G3,케이비한남이제일차 20260330-31-2,Y,20260330,20260430,PF대출채권,KRW,,32800000000,32800000000,8,A1,,A1,,한남2재정비촉진구역주택재개발정비사업조합,차환발행위험(유동성 공여형 매입약정),금융기관,국민은행
73593,케이비한남이제일차,KRZF0160P3G3,케이비한남이제일차 20260330-31-3,Y,20260330,20260430,PF대출채권,KRW,,10000000000,10000000000,8,A1,,A1,,한남2재정비촉진구역주택재개발정비사업조합,차환발행위험(유동성 공여형 매입약정),금융기관,국민은행
73593,케이비한남이제일차,KRZF0160P4G3,케이비한남이제일차 20260330-31-4,Y,20260330,20260430,PF대출채권,KRW,,10000000000,10000000000,8,A1,,A1,,한남2재정비촉진구역주택재개발정비사업조합,차환발행위험(유동성 공여형 매입약정),금융기관,국민은행
73593,케이비한남이제일차,KRZF0160P5G3,케이비한남이제일차 20260330-31-5,Y,20260330,20260430,PF대출채권,KRW,,10000000000,10000000000,8,A1,,A1,,한남2재정비촉진구역주택재개발정비사업조합,차환발행위험(유동성 공여형 매입약정),금융기관,국민은행
73593,케이비한남이제일차,KRZF0160P6G3,케이비한남이제일차 20260330-31-6,Y,20260330,20260430,PF대출채권,KRW,,10000000000,10000000000,8,A1,,A1,,한남2재정비촉진구역주택재개발정비사업조합,차환발행위험(유동성 공여형 매입약정),금융기관,국민은행
73593,케이비한남이제일차,KRZF0160P7G3,케이비한남이제일차 20260330-31-7,Y,20260330,20260430,PF대출채권,KRW,,10000000000,10000000000,8,A1,,A1,,한남2재정비촉진구역주택재개발정비사업조합,차환발행위험(유동성 공여형 매입약정),금융기관,국민은행
73593,케이비한남이제일차,KRZF0160P8G3,케이비한남이제일차 20260330-31-8,Y,20260330,20260430,PF대출채권,KRW,,5000000000,5000000000,8,A1,,A1,,한남2재정비촉진구역주택재개발정비사업조합,차환발행위험(유동성 공여형 매입약정),금융기관,국민은행
73593,케이비한남이제일차,KRZF0160P9G3,케이비한남이제일차 20260330-31-9,Y,20260330,20260430,PF대출채권,KRW,,5000000000,5000000000,8,A1,,A1,,한남2재정비촉진구역주택재개발정비사업조합,차환발행위험(유동성 공여형 매입약정),금융기관,국민은행
57213,토탈커버투게더제일차,KRZFA25151G3,토탈커버투게더제일차 20260330-91-1,N,20260330,20260629,하이브리드증권,KRW,,5000000000,5000000000,68,,A1,A1,,현대커머셜,차환발행위험(유동성 공여형 매입약정),금융기관,신한투자증권(주)
57213,토탈커버투게더제일차,KRZFA25152G3,토탈커버투게더제일차 20260330-91-2,N,20260330,20260629,하이브리드증권,KRW,,5000000000,5000000000,68,,A1,A1,,현대커머셜,차환발행위험(유동성 공여형 매입약정),금융기관,신한투자증권(주)
57213,토탈커버투게더제일차,KRZFA25153G3,토탈커버투게더제일차 20260330-91-3,N,20260330,20260629,하이브리드증권,KRW,,5000000000,5000000000,68,,A1,A1,,현대커머셜,차환발행위험(유동성 공여형 매입약정),금융기관,신한투자증권(주)
57213,토탈커버투게더제일차,KRZFA25154G3,토탈커버투게더제일차 20260330-91-4,N,20260330,20260629,하이브리드증권,KRW,,5000000000,5000000000,68,,A1,A1,,현대커머셜,차환발행위험(유동성 공여형 매입약정),금융기관,신한투자증권(주)
74380,투에스제육차,KRZF0130N1G3,투에스제육차 20260330-214-1,Y,20260330,20261030,PF대출채권,KRW,,30000000,30000000,191,A1,A1,,,방배삼호아파트12동 13동가로주택정비사업조합,외부 신용보강,일반기업,현대건설
74380,투에스제육차,KRZF0130N1G3,투에스제육차 20260330-214-1,Y,20260330,20261030,PF대출채권,KRW,,30000000,30000000,191,A1,A1,,,방배삼호아파트12동 13동가로주택정비사업조합,자체 신용보강,자체 신용보강,세금환급(국세및지방세등)
74362,티알에이동산제오차,KRZF0171F1G3,티알에이동산제오차 20260330-122-1,N,20260330,20260730,대출채권,KRW,,5000000000,5000000000,99,A1,A1,,,지에스건설,외부 신용보강,금융기관,서울보증보험
74362,티알에이동산제오차,KRZF0171F2G3,티알에이동산제오차 20260330-122-2,N,20260330,20260730,대출채권,KRW,,5000000000,5000000000,99,A1,A1,,,지에스건설,외부 신용보강,금융기관,서울보증보험
74362,티알에이동산제오차,KRZF0171F3G3,티알에이동산제오차 20260330-122-3,N,20260330,20260730,대출채권,KRW,,600000000,600000000,99,A1,A1,,,지에스건설,외부 신용보강,금융기관,서울보증보험
74362,티알에이동산제오차,KRZF0171F4G3,티알에이동산제오차 20260330-184-4,N,20260330,20260930,대출채권,KRW,,5000000000,5000000000,161,A1,A1,,,지에스건설,외부 신용보강,금융기관,서울보증보험
74362,티알에이동산제오차,KRZF0171F5G3,티알에이동산제오차 20260330-184-5,N,20260330,20260930,대출채권,KRW,,5000000000,5000000000,161,A1,A1,,,지에스건설,외부 신용보강,금융기관,서울보증보험
74362,티알에이동산제오차,KRZF0171F6G3,티알에이동산제오차 20260330-184-6,N,20260330,20260930,대출채권,KRW,,1000000000,1000000000,161,A1,A1,,,지에스건설,외부 신용보강,금융기관,서울보증보험
74362,티알에이동산제오차,KRZF0171F7G3,티알에이동산제오차 20260330-245-7,N,20260330,20261130,대출채권,KRW,,5000000000,5000000000,222,A1,A1,,,지에스건설,외부 신용보강,금융기관,서울보증보험
74362,티알에이동산제오차,KRZF0171F8G3,티알에이동산제오차 20260330-245-8,N,20260330,20261130,대출채권,KRW,,5000000000,5000000000,222,A1,A1,,,지에스건설,외부 신용보강,금융기관,서울보증보험
74362,티알에이동산제오차,KRZF0171F9G3,티알에이동산제오차 20260330-245-9,N,20260330,20261130,대출채권,KRW,,1700000000,1700000000,222,A1,A1,,,지에스건설,외부 신용보강,금융기관,서울보증보험
74362,티알에이동산제오차,KRZF0171FAG3,티알에이동산제오차 20260330-308-10,N,20260330,20270201,대출채권,KRW,,5000000000,5000000000,285,A1,A1,,,지에스건설,외부 신용보강,금융기관,서울보증보험
74362,티알에이동산제오차,KRZF0171FBG3,티알에이동산제오차 20260330-308-11,N,20260330,20270201,대출채권,KRW,,1400000000,1400000000,285,A1,A1,,,지에스건설,외부 신용보강,금융기관,서울보증보험
74409,프로젝트플랫폼,KRZF0116M1G3,프로젝트플랫폼 20260330-182-1,N,20260330,20260928,기타,KRW,,12710000000,12710000000,159,,A1,A1,,S-OIL,차환발행위험(유동성 공여형 매입약정),금융기관,신한은행
74409,프로젝트플랫폼,KRZF0116MAG3,프로젝트플랫폼 20260330-182-10,N,20260330,20260928,기타,KRW,,5000000000,5000000000,159,,A1,A1,,S-OIL,차환발행위험(유동성 공여형 매입약정),금융기관,신한은행
74409,프로젝트플랫폼,KRZF0116MBG3,프로젝트플랫폼 20260330-182-11,N,20260330,20260928,기타,KRW,,5000000000,5000000000,159,,A1,A1,,S-OIL,차환발행위험(유동성 공여형 매입약정),금융기관,신한은행
74409,프로젝트플랫폼,KRZF0116MCG3,프로젝트플랫폼 20260330-182-12,N,20260330,20260928,기타,KRW,,5000000000,5000000000,159,,A1,A1,,S-OIL,차환발행위험(유동성 공여형 매입약정),금융기관,신한은행
74409,프로젝트플랫폼,KRZF0116MDG3,프로젝트플랫폼 20260330-182-13,N,20260330,20260928,기타,KRW,,5000000000,5000000000,159,,A1,A1,,S-OIL,차환발행위험(유동성 공여형 매입약정),금융기관,신한은행
74409,프로젝트플랫폼,KRZF0116MEG3,프로젝트플랫폼 20260330-182-14,N,20260330,20260928,기타,KRW,,5000000000,5000000000,159,,A1,A1,,S-OIL,차환발행위험(유동성 공여형 매입약정),금융기관,신한은행
74409,프로젝트플랫폼,KRZF0116MFG3,프로젝트플랫폼 20260330-182-15,N,20260330,20260928,기타,KRW,,5000000000,5000000000,159,,A1,A1,,S-OIL,차환발행위험(유동성 공여형 매입약정),금융기관,신한은행
74409,프로젝트플랫폼,KRZF0116MGG3,프로젝트플랫폼 20260330-182-16,N,20260330,20260928,기타,KRW,,5000000000,5000000000,159,,A1,A1,,S-OIL,차환발행위험(유동성 공여형 매입약정),금융기관,신한은행
74409,프로젝트플랫폼,KRZF0116MHG3,프로젝트플랫폼 20260330-182-17,N,20260330,20260928,기타,KRW,,5000000000,5000000000,159,,A1,A1,,S-OIL,차환발행위험(유동성 공여형 매입약정),금융기관,신한은행
74409,프로젝트플랫폼,KRZF0116MJG3,프로젝트플랫폼 20260330-182-18,N,20260330,20260928,기타,KRW,,5000000000,5000000000,159,,A1,A1,,S-OIL,차환발행위험(유동성 공여형 매입약정),금융기관,신한은행
74409,프로젝트플랫폼,KRZF0116MKG3,프로젝트플랫폼 20260330-182-19,N,20260330,20260928,기타,KRW,,5000000000,5000000000,159,,A1,A1,,S-OIL,차환발행위험(유동성 공여형 매입약정),금융기관,신한은행
74409,프로젝트플랫폼,KRZF0116M2G3,프로젝트플랫폼 20260330-182-2,N,20260330,20260928,기타,KRW,,12710000000,12710000000,159,,A1,A1,,S-OIL,차환발행위험(유동성 공여형 매입약정),금융기관,신한은행
74409,프로젝트플랫폼,KRZF0116MLG3,프로젝트플랫폼 20260330-182-20,N,20260330,20260928,기타,KRW,,5000000000,5000000000,159,,A1,A1,,S-OIL,차환발행위험(유동성 공여형 매입약정),금융기관,신한은행
74409,프로젝트플랫폼,KRZF0116MMG3,프로젝트플랫폼 20260330-182-21,N,20260330,20260928,기타,KRW,,5000000000,5000000000,159,,A1,A1,,S-OIL,차환발행위험(유동성 공여형 매입약정),금융기관,신한은행
74409,프로젝트플랫폼,KRZF0116MNG3,프로젝트플랫폼 20260330-182-22,N,20260330,20260928,기타,KRW,,5000000000,5000000000,159,,A1,A1,,S-OIL,차환발행위험(유동성 공여형 매입약정),금융기관,신한은행
74409,프로젝트플랫폼,KRZF0116MPG3,프로젝트플랫폼 20260330-182-23,N,20260330,20260928,기타,KRW,,5000000000,5000000000,159,,A1,A1,,S-OIL,차환발행위험(유동성 공여형 매입약정),금융기관,신한은행
74409,프로젝트플랫폼,KRZF0116MQG3,프로젝트플랫폼 20260330-182-24,N,20260330,20260928,기타,KRW,,5000000000,5000000000,159,,A1,A1,,S-OIL,차환발행위험(유동성 공여형 매입약정),금융기관,신한은행
74409,프로젝트플랫폼,KRZF0116MRG3,프로젝트플랫폼 20260330-182-25,N,20260330,20260928,기타,KRW,,5000000000,5000000000,159,,A1,A1,,S-OIL,차환발행위험(유동성 공여형 매입약정),금융기관,신한은행
74409,프로젝트플랫폼,KRZF0116MSG3,프로젝트플랫폼 20260330-182-26,N,20260330,20260928,기타,KRW,,5000000000,5000000000,159,,A1,A1,,S-OIL,차환발행위험(유동성 공여형 매입약정),금융기관,신한은행
74409,프로젝트플랫폼,KRZF0116MTG3,프로젝트플랫폼 20260330-182-27,N,20260330,20260928,기타,KRW,,5000000000,5000000000,159,,A1,A1,,S-OIL,차환발행위험(유동성 공여형 매입약정),금융기관,신한은행
74409,프로젝트플랫폼,KRZF0116MVG3,프로젝트플랫폼 20260330-182-28,N,20260330,20260928,기타,KRW,,5000000000,5000000000,159,,A1,A1,,S-OIL,차환발행위험(유동성 공여형 매입약정),금융기관,신한은행
74409,프로젝트플랫폼,KRZF0116MWG3,프로젝트플랫폼 20260330-182-29,N,20260330,20260928,기타,KRW,,5000000000,5000000000,159,,A1,A1,,S-OIL,차환발행위험(유동성 공여형 매입약정),금융기관,신한은행
74409,프로젝트플랫폼,KRZF0116M3G3,프로젝트플랫폼 20260330-182-3,N,20260330,20260928,기타,KRW,,5000000000,5000000000,159,,A1,A1,,S-OIL,차환발행위험(유동성 공여형 매입약정),금융기관,신한은행
74409,프로젝트플랫폼,KRZF0116MXG3,프로젝트플랫폼 20260330-182-30,N,20260330,20260928,기타,KRW,,5000000000,5000000000,159,,A1,A1,,S-OIL,차환발행위험(유동성 공여형 매입약정),금융기관,신한은행
74409,프로젝트플랫폼,KRZF0116MYG3,프로젝트플랫폼 20260330-182-31,N,20260330,20260928,기타,KRW,,5000000000,5000000000,159,,A1,A1,,S-OIL,차환발행위험(유동성 공여형 매입약정),금융기관,신한은행
74409,프로젝트플랫폼,KRZF0116MZG3,프로젝트플랫폼 20260330-182-32,N,20260330,20260928,기타,KRW,,5000000000,5000000000,159,,A1,A1,,S-OIL,차환발행위험(유동성 공여형 매입약정),금융기관,신한은행
74409,프로젝트플랫폼,KRZF0116M0GF,프로젝트플랫폼 20260330-182-33,N,20260330,20260928,기타,KRW,,5000000000,5000000000,159,,A1,A1,,S-OIL,차환발행위험(유동성 공여형 매입약정),금융기관,신한은행
74409,프로젝트플랫폼,KRZF0116M1GF,프로젝트플랫폼 20260330-182-34,N,20260330,20260928,기타,KRW,,5000000000,5000000000,159,,A1,A1,,S-OIL,차환발행위험(유동성 공여형 매입약정),금융기관,신한은행
74409,프로젝트플랫폼,KRZF0116M2GF,프로젝트플랫폼 20260330-182-35,N,20260330,20260928,기타,KRW,,5000000000,5000000000,159,,A1,A1,,S-OIL,차환발행위험(유동성 공여형 매입약정),금융기관,신한은행
74409,프로젝트플랫폼,KRZF0116M3GF,프로젝트플랫폼 20260330-182-36,N,20260330,20260928,기타,KRW,,5000000000,5000000000,159,,A1,A1,,S-OIL,차환발행위험(유동성 공여형 매입약정),금융기관,신한은행
74409,프로젝트플랫폼,KRZF0116M4GF,프로젝트플랫폼 20260330-182-37,N,20260330,20260928,기타,KRW,,5000000000,5000000000,159,,A1,A1,,S-OIL,차환발행위험(유동성 공여형 매입약정),금융기관,신한은행
74409,프로젝트플랫폼,KRZF0116M5GF,프로젝트플랫폼 20260330-182-38,N,20260330,20260928,기타,KRW,,5000000000,5000000000,159,,A1,A1,,S-OIL,차환발행위험(유동성 공여형 매입약정),금융기관,신한은행
74409,프로젝트플랫폼,KRZF0116M6GF,프로젝트플랫폼 20260330-182-39,N,20260330,20260928,기타,KRW,,5000000000,5000000000,159,,A1,A1,,S-OIL,차환발행위험(유동성 공여형 매입약정),금융기관,신한은행
74409,프로젝트플랫폼,KRZF0116M4G3,프로젝트플랫폼 20260330-182-4,N,20260330,20260928,기타,KRW,,5000000000,5000000000,159,,A1,A1,,S-OIL,차환발행위험(유동성 공여형 매입약정),금융기관,신한은행
74409,프로젝트플랫폼,KRZF0116M7GF,프로젝트플랫폼 20260330-182-40,N,20260330,20260928,기타,KRW,,5000000000,5000000000,159,,A1,A1,,S-OIL,차환발행위험(유동성 공여형 매입약정),금융기관,신한은행
74409,프로젝트플랫폼,KRZF0116M8GF,프로젝트플랫폼 20260330-182-41,N,20260330,20260928,기타,KRW,,5000000000,5000000000,159,,A1,A1,,S-OIL,차환발행위험(유동성 공여형 매입약정),금융기관,신한은행
74409,프로젝트플랫폼,KRZF0116M9GF,프로젝트플랫폼 20260330-182-42,N,20260330,20260928,기타,KRW,,5000000000,5000000000,159,,A1,A1,,S-OIL,차환발행위험(유동성 공여형 매입약정),금융기관,신한은행
74409,프로젝트플랫폼,KRZF0116MAGF,프로젝트플랫폼 20260330-182-43,N,20260330,20260928,기타,KRW,,5000000000,5000000000,159,,A1,A1,,S-OIL,차환발행위험(유동성 공여형 매입약정),금융기관,신한은행
74409,프로젝트플랫폼,KRZF0116MBGF,프로젝트플랫폼 20260330-182-44,N,20260330,20260928,기타,KRW,,5000000000,5000000000,159,,A1,A1,,S-OIL,차환발행위험(유동성 공여형 매입약정),금융기관,신한은행
74409,프로젝트플랫폼,KRZF0116MCGF,프로젝트플랫폼 20260330-182-45,N,20260330,20260928,기타,KRW,,5000000000,5000000000,159,,A1,A1,,S-OIL,차환발행위험(유동성 공여형 매입약정),금융기관,신한은행
74409,프로젝트플랫폼,KRZF0116MDGF,프로젝트플랫폼 20260330-182-46,N,20260330,20260928,기타,KRW,,5000000000,5000000000,159,,A1,A1,,S-OIL,차환발행위험(유동성 공여형 매입약정),금융기관,신한은행
74409,프로젝트플랫폼,KRZF0116MEGF,프로젝트플랫폼 20260330-182-47,N,20260330,20260928,기타,KRW,,5000000000,5000000000,159,,A1,A1,,S-OIL,차환발행위험(유동성 공여형 매입약정),금융기관,신한은행
74409,프로젝트플랫폼,KRZF0116MFGF,프로젝트플랫폼 20260330-182-48,N,20260330,20260928,기타,KRW,,3780000000,3780000000,159,,A1,A1,,S-OIL,차환발행위험(유동성 공여형 매입약정),금융기관,신한은행
74409,프로젝트플랫폼,KRZF0116M5G3,프로젝트플랫폼 20260330-182-5,N,20260330,20260928,기타,KRW,,5000000000,5000000000,159,,A1,A1,,S-OIL,차환발행위험(유동성 공여형 매입약정),금융기관,신한은행
74409,프로젝트플랫폼,KRZF0116M6G3,프로젝트플랫폼 20260330-182-6,N,20260330,20260928,기타,KRW,,5000000000,5000000000,159,,A1,A1,,S-OIL,차환발행위험(유동성 공여형 매입약정),금융기관,신한은행
74409,프로젝트플랫폼,KRZF0116M7G3,프로젝트플랫폼 20260330-182-7,N,20260330,20260928,기타,KRW,,5000000000,5000000000,159,,A1,A1,,S-OIL,차환발행위험(유동성 공여형 매입약정),금융기관,신한은행
74409,프로젝트플랫폼,KRZF0116M8G3,프로젝트플랫폼 20260330-182-8,N,20260330,20260928,기타,KRW,,5000000000,5000000000,159,,A1,A1,,S-OIL,차환발행위험(유동성 공여형 매입약정),금융기관,신한은행
74409,프로젝트플랫폼,KRZF0116M9G3,프로젝트플랫폼 20260330-182-9,N,20260330,20260928,기타,KRW,,5000000000,5000000000,159,,A1,A1,,S-OIL,차환발행위험(유동성 공여형 매입약정),금융기관,신한은행
74432,프로젝트플랫폼엔,KRZF0116Z1G3,프로젝트플랫폼엔 20260330-182-1,N,20260330,20260928,기타,KRW,,5000000000,5000000000,159,,A1,A1,,S-OIL,외부 신용보강,금융기관,신한은행
74432,프로젝트플랫폼엔,KRZF0116ZAG3,프로젝트플랫폼엔 20260330-182-10,N,20260330,20260928,기타,KRW,,5000000000,5000000000,159,,A1,A1,,S-OIL,외부 신용보강,금융기관,신한은행
74432,프로젝트플랫폼엔,KRZF0116ZBG3,프로젝트플랫폼엔 20260330-182-11,N,20260330,20260928,기타,KRW,,5000000000,5000000000,159,,A1,A1,,S-OIL,외부 신용보강,금융기관,신한은행
74432,프로젝트플랫폼엔,KRZF0116ZCG3,프로젝트플랫폼엔 20260330-182-12,N,20260330,20260928,기타,KRW,,5000000000,5000000000,159,,A1,A1,,S-OIL,외부 신용보강,금융기관,신한은행
74432,프로젝트플랫폼엔,KRZF0116ZDG3,프로젝트플랫폼엔 20260330-182-13,N,20260330,20260928,기타,KRW,,5000000000,5000000000,159,,A1,A1,,S-OIL,외부 신용보강,금융기관,신한은행
74432,프로젝트플랫폼엔,KRZF0116ZEG3,프로젝트플랫폼엔 20260330-182-14,N,20260330,20260928,기타,KRW,,5000000000,5000000000,159,,A1,A1,,S-OIL,외부 신용보강,금융기관,신한은행
74432,프로젝트플랫폼엔,KRZF0116ZFG3,프로젝트플랫폼엔 20260330-182-15,N,20260330,20260928,기타,KRW,,5000000000,5000000000,159,,A1,A1,,S-OIL,외부 신용보강,금융기관,신한은행
74432,프로젝트플랫폼엔,KRZF0116ZGG3,프로젝트플랫폼엔 20260330-182-16,N,20260330,20260928,기타,KRW,,2836644870,2836644870,159,,A1,A1,,S-OIL,외부 신용보강,금융기관,신한은행
74432,프로젝트플랫폼엔,KRZF0116Z2G3,프로젝트플랫폼엔 20260330-182-2,N,20260330,20260928,기타,KRW,,5000000000,5000000000,159,,A1,A1,,S-OIL,외부 신용보강,금융기관,신한은행
74432,프로젝트플랫폼엔,KRZF0116Z3G3,프로젝트플랫폼엔 20260330-182-3,N,20260330,20260928,기타,KRW,,5000000000,5000000000,159,,A1,A1,,S-OIL,외부 신용보강,금융기관,신한은행
74432,프로젝트플랫폼엔,KRZF0116Z4G3,프로젝트플랫폼엔 20260330-182-4,N,20260330,20260928,기타,KRW,,5000000000,5000000000,159,,A1,A1,,S-OIL,외부 신용보강,금융기관,신한은행
74432,프로젝트플랫폼엔,KRZF0116Z5G3,프로젝트플랫폼엔 20260330-182-5,N,20260330,20260928,기타,KRW,,5000000000,5000000000,159,,A1,A1,,S-OIL,외부 신용보강,금융기관,신한은행
74432,프로젝트플랫폼엔,KRZF0116Z6G3,프로젝트플랫폼엔 20260330-182-6,N,20260330,20260928,기타,KRW,,5000000000,5000000000,159,,A1,A1,,S-OIL,외부 신용보강,금융기관,신한은행
74432,프로젝트플랫폼엔,KRZF0116Z7G3,프로젝트플랫폼엔 20260330-182-7,N,20260330,20260928,기타,KRW,,5000000000,5000000000,159,,A1,A1,,S-OIL,외부 신용보강,금융기관,신한은행
74432,프로젝트플랫폼엔,KRZF0116Z8G3,프로젝트플랫폼엔 20260330-182-8,N,20260330,20260928,기타,KRW,,5000000000,5000000000,159,,A1,A1,,S-OIL,외부 신용보강,금융기관,신한은행
74432,프로젝트플랫폼엔,KRZF0116Z9G3,프로젝트플랫폼엔 20260330-182-9,N,20260330,20260928,기타,KRW,,5000000000,5000000000,159,,A1,A1,,S-OIL,외부 신용보강,금융기관,신한은행
74419,하나두동물류전문제일차,KRZFA94001G3,하나두동물류전문제일차 20260330-92-1,N,20260330,20260630,대출채권,KRW,,5000000000,5000000000,69,A1,,A1,,우리은행,차환발행위험(유동성 공여형 매입약정),금융기관,하나은행
74419,하나두동물류전문제일차,KRZFA94002G3,하나두동물류전문제일차 20260330-92-2,N,20260330,20260630,대출채권,KRW,,5000000000,5000000000,69,A1,,A1,,우리은행,차환발행위험(유동성 공여형 매입약정),금융기관,하나은행
74419,하나두동물류전문제일차,KRZFA94003G3,하나두동물류전문제일차 20260330-92-3,N,20260330,20260630,대출채권,KRW,,5000000000,5000000000,69,A1,,A1,,우리은행,차환발행위험(유동성 공여형 매입약정),금융기관,하나은행
74419,하나두동물류전문제일차,KRZFA94004G3,하나두동물류전문제일차 20260330-92-4,N,20260330,20260630,대출채권,KRW,,5000000000,5000000000,69,A1,,A1,,우리은행,차환발행위험(유동성 공여형 매입약정),금융기관,하나은행
74419,하나두동물류전문제일차,KRZFA94005G3,하나두동물류전문제일차 20260330-92-5,N,20260330,20260630,대출채권,KRW,,5000000000,5000000000,69,A1,,A1,,우리은행,차환발행위험(유동성 공여형 매입약정),금융기관,하나은행
74419,하나두동물류전문제일차,KRZFA94006G3,하나두동물류전문제일차 20260330-92-6,N,20260330,20260630,대출채권,KRW,,4520000000,4520000000,69,A1,,A1,,우리은행,차환발행위험(유동성 공여형 매입약정),금융기관,하나은행
71971,하나디피에이치제일차,KRZF0116J1G3,하나디피에이치제일차 20260330-91-1,N,20260330,20260629,대출채권,KRW,,5000000000,5000000000,68,A1,A1,,,두산포트폴리오홀딩스(주),차환발행위험(유동성 공여형 매입약정),금융기관,하나은행
71971,하나디피에이치제일차,KRZF0116J2G3,하나디피에이치제일차 20260330-91-2,N,20260330,20260629,대출채권,KRW,,5000000000,5000000000,68,A1,A1,,,두산포트폴리오홀딩스(주),차환발행위험(유동성 공여형 매입약정),금융기관,하나은행
71971,하나디피에이치제일차,KRZF0116J3G3,하나디피에이치제일차 20260330-91-3,N,20260330,20260629,대출채권,KRW,,5000000000,5000000000,68,A1,A1,,,두산포트폴리오홀딩스(주),차환발행위험(유동성 공여형 매입약정),금융기관,하나은행
70747,하나정관제일차,KRZF0080L1G3,하나정관제일차 20260330-92-1,N,20260330,20260630,대출채권,KRW,,5000000000,5000000000,69,A1,A1,,,부산정관에너지 주식회사,외부 신용보강,금융기관,하나은행
70747,하나정관제일차,KRZF0080L1G3,하나정관제일차 20260330-92-1,N,20260330,20260630,대출채권,KRW,,5000000000,5000000000,69,A1,A1,,,부산정관에너지 주식회사,차환발행위험(유동성 공여형 매입약정),금융기관,하나은행
70747,하나정관제일차,KRZF0080L2G3,하나정관제일차 20260330-92-2,N,20260330,20260630,대출채권,KRW,,5000000000,5000000000,69,A1,A1,,,부산정관에너지 주식회사,외부 신용보강,금융기관,하나은행
70747,하나정관제일차,KRZF0080L2G3,하나정관제일차 20260330-92-2,N,20260330,20260630,대출채권,KRW,,5000000000,5000000000,69,A1,A1,,,부산정관에너지 주식회사,차환발행위험(유동성 공여형 매입약정),금융기관,하나은행
70747,하나정관제일차,KRZF0080L3G3,하나정관제일차 20260330-92-3,N,20260330,20260630,대출채권,KRW,,5000000000,5000000000,69,A1,A1,,,부산정관에너지 주식회사,외부 신용보강,금융기관,하나은행
70747,하나정관제일차,KRZF0080L3G3,하나정관제일차 20260330-92-3,N,20260330,20260630,대출채권,KRW,,5000000000,5000000000,69,A1,A1,,,부산정관에너지 주식회사,차환발행위험(유동성 공여형 매입약정),금융기관,하나은행
70747,하나정관제일차,KRZF0080L4G3,하나정관제일차 20260330-92-4,N,20260330,20260630,대출채권,KRW,,5000000000,5000000000,69,A1,A1,,,부산정관에너지 주식회사,외부 신용보강,금융기관,하나은행
70747,하나정관제일차,KRZF0080L4G3,하나정관제일차 20260330-92-4,N,20260330,20260630,대출채권,KRW,,5000000000,5000000000,69,A1,A1,,,부산정관에너지 주식회사,차환발행위험(유동성 공여형 매입약정),금융기관,하나은행
70747,하나정관제일차,KRZF0080L5G3,하나정관제일차 20260330-92-5,N,20260330,20260630,대출채권,KRW,,5000000000,5000000000,69,A1,A1,,,부산정관에너지 주식회사,외부 신용보강,금융기관,하나은행
70747,하나정관제일차,KRZF0080L5G3,하나정관제일차 20260330-92-5,N,20260330,20260630,대출채권,KRW,,5000000000,5000000000,69,A1,A1,,,부산정관에너지 주식회사,차환발행위험(유동성 공여형 매입약정),금융기관,하나은행
70747,하나정관제일차,KRZF0080L6G3,하나정관제일차 20260330-92-6,N,20260330,20260630,대출채권,KRW,,5000000000,5000000000,69,A1,A1,,,부산정관에너지 주식회사,외부 신용보강,금융기관,하나은행
70747,하나정관제일차,KRZF0080L6G3,하나정관제일차 20260330-92-6,N,20260330,20260630,대출채권,KRW,,5000000000,5000000000,69,A1,A1,,,부산정관에너지 주식회사,차환발행위험(유동성 공여형 매입약정),금융기관,하나은행
